  -9.8402949451129240e-01  -9.7934768805632877e-01  -9.7459417053298836e-01  -9.6987438211746579e-01  -9.6526201456989091e-01  -9.6082978985033751e-01  -9.5665127475421929e-01  -9.5282150635563689e-01  -9.4945277694096641e-01  -9.4668543087966839e-01  -9.4466978865012707e-01  -9.4355653172966369e-01  -9.4346002715921728e-01  -9.4443688103282941e-01  -9.4645417918491770e-01  -9.4939206336272886e-01  -9.5304917382779986e-01  -9.5717888427959308e-01  -9.6151387100372743e-01  -9.6579969980600888e-01  -9.6979560145968557e-01  -9.7326908569314341e-01  -9.7595006135482676e-01  -9.7746574331239477e-01  -9.7720962108338849e-01  -9.7414011316085924e-01  -9.6642070553936910e-01  -9.5085006370355163e-01  -9.2197674607845093e-01  -8.7099164542640983e-01  -7.8494714119933806e-01  -6.4810093661211643e-01  -4.4841830456425685e-01  -1.9011223677932793e-01   9.6976129015526713e-02   3.6706713296671800e-01   5.8404945272973441e-01   7.3685089549735028e-01   8.3376421943572954e-01   8.8936867189210944e-01   9.1602629492738896e-01   9.2079730888165412e-01   9.0465429937649944e-01   8.6172293904817210e-01   7.7825932586505664e-01   6.3374023430741866e-01   4.1025232414733315e-01   1.1395823408865513e-01  -2.0899308513776893e-01  -4.9448892838226288e-01  -7.0426440658325618e-01  -8.3849897811595087e-01  -9.1648383408501988e-01  -9.5806457719870697e-01  -9.7698004161185892e-01  -9.8086545229833710e-01  -9.7274001939704380e-01  -9.5204348681162343e-01  -9.1487866488343728e-01  -8.5370754018003958e-01  -7.5722143833895428e-01  -6.1204361404851859e-01  -4.0878762142201813e-01  -1.5290755887445856e-01   1.2749416058960189e-01   3.9024296979546330e-01   6.0178392081276422e-01   7.5167512164633687e-01   8.4815316234799076e-01   9.0617226029419085e-01   9.3938414599220765e-01   9.5760349477926021e-01   9.6709965683434329e-01   9.7163128666033760e-01   9.7337289408812289e-01   9.7355939717768392e-01   9.7288466080971592e-01   9.7173901037794264e-01   9.7034273352515554e-01   9.6882404742310668e-01   9.6726006054680858e-01   9.6570252255944045e-01   9.6418881669189349e-01   9.6275104057609440e-01   9.6141717188243647e-01   9.6021490938378429e-01   9.5916921685687184e-01   9.5830433869942855e-01   9.5763978613980882e-01   9.5719187462363764e-01   9.5696900947422336e-01   9.5697355394515538e-01   9.5719768919527060e-01   9.5762710429181963e-01   9.5823759732509961e-01   9.5900045012059953e-01   9.5987972500283192e-01   9.6083882955908351e-01   9.6183756058898173e-01   9.6283871347286631e-01   9.6380251347086388e-01   9.6469140768123185e-01   9.6546049996995453e-01   9.6605672904968398e-01   9.6639605263739892e-01   9.6634004220102221e-01   9.6562641070269994e-01   9.6375652573858728e-01   9.5974662512782494e-01   9.5167128580937288e-01   9.3577127768008250e-01   9.0490835485784737e-01   8.4621271581017254e-01   7.3898556008466587e-01   5.5733702257482709e-01   2.8646949641982633e-01  -4.8683717339575772e-02  -3.7903166600994886e-01  -6.3887011637747426e-01  -8.0892402397493712e-01  -9.0666170538544977e-01  -9.5796185213174956e-01  -9.8274004813506866e-01  -9.9323254137526817e-01  -9.9622583949693966e-01  -9.9532909093508193e-01  -9.9241949448616462e-01  -9.8848160433487142e-01
  -9.8639347073996286e-01  -9.8197544075663012e-01  -9.7751167759121904e-01  -9.7312414777803480e-01  -9.6890141983567235e-01  -9.6492794927067882e-01  -9.6128242379412465e-01  -9.5805342648156322e-01  -9.5533056541000305e-01  -9.5321206791619684e-01  -9.5178822044510503e-01  -9.5113962391705364e-01  -9.5131311290847376e-01  -9.5231703212223873e-01  -9.5410348395173439e-01  -9.5657573119289507e-01  -9.5958680300741561e-01  -9.6296162129344032e-01  -9.6650251370912810e-01  -9.7000496332708619e-01  -9.7324536796087524e-01  -9.7596647999701225e-01  -9.7781828225983047e-01  -9.7827234125279716e-01  -9.7644735002733585e-01  -9.7082910807827616e-01  -9.5877761890517099e-01  -9.3576444619571963e-01  -8.9428604732609052e-01  -8.2280344374989511e-01  -7.0593682308223271e-01  -5.2875555855737322e-01  -2.8773819405597567e-01  -3.6439155890008457e-03   2.7997648286242149e-01   5.1984547278963111e-01   6.9560055825573919e-01   8.1067568255505185e-01   8.7940911179390158e-01   9.1613559459874028e-01   9.3065236154007835e-01   9.2723025073828658e-01   9.0429938069614069e-01   8.5340059557317416e-01   7.5785945077875816e-01   5.9455250051266173e-01   3.4642652298900128e-01   2.7925143554545895e-02  -3.0299238822586794e-01  -5.7939214249666793e-01  -7.7135831492989249e-01  -8.8818101263771765e-01  -9.5321159512714293e-01  -9.8670382444700389e-01  -1.0016571404625334e+00  -1.0050786591887440e+00  -9.9988744598036183e-01  -9.8605893641688069e-01  -9.6091226414730468e-01  -9.1869898176196252e-01  -8.4985968564649417e-01  -7.4089134774676424e-01  -5.7705657998809445e-01  -3.5085557951982493e-01  -7.4874692133648724e-02   2.1355803917912425e-01   4.6902130334532710e-01   6.6351300419523462e-01   7.9478411015396400e-01   8.7602175065796128e-01   9.2334370815767564e-01   9.4966869845385182e-01   9.6365709949721734e-01   9.7061039669879978e-01   9.7361662065509880e-01   9.7442830204393827e-01   9.7402414533461257e-01   9.7294906850968954e-01   9.7150554510471543e-01   9.6986601983936671e-01   9.6813098006393050e-01   9.6636562935189585e-01   9.6461545641414481e-01   9.6291936828804414e-01   9.6131172780536134e-01   9.5982778016492731e-01   9.5850081755746341e-01   9.5736473944474310e-01   9.5644886210765445e-01   9.5577927070522362e-01   9.5537270138269537e-01   9.5523840799384840e-01   9.5537235807217247e-01   9.5576070927713652e-01   9.5637609504380428e-01   9.5718399855191061e-01   9.5814065066871790e-01   9.5920109680054222e-01   9.6031656311243274e-01   9.6144199740819625e-01   9.6253151108660195e-01   9.6354374771336548e-01   9.6443172418342349e-01   9.6514187952700448e-01   9.6559123969812055e-01   9.6564469297396616e-01   9.6504613255870930e-01   9.6330757084486585e-01   9.5946368351871048e-01   9.5162311005886613e-01   9.3609094153088424e-01   9.0584854051343788e-01   8.4822765886848506e-01   7.4279113737631686e-01   5.6374858097749803e-01   2.9570907568611715e-01  -3.7893446776346762e-02  -3.6907955874321274e-01  -6.3147635191975637e-01  -8.0432164804664819e-01  -9.0424953048484036e-01  -9.5704368614208069e-01  -9.8280272943249536e-01  -9.9395371489506223e-01  -9.9741560091759740e-01  -9.9687728277761811e-01  -9.9426383697683396e-01  -9.9059049262848442e-01
  -9.8842139662822392e-01  -9.8424525931993601e-01  -9.8001218064540363e-01  -9.7586150315701858e-01  -9.7189581061471508e-01  -9.6820723867270675e-01  -9.6487720135115884e-01  -9.6198859181929786e-01  -9.5961735378527568e-01  -9.5783799949199877e-01  -9.5671031253333227e-01  -9.5628002558699010e-01  -9.5656383988997729e-01  -9.5755022753537722e-01  -9.5918762213718800e-01  -9.6139195037142244e-01  -9.6404308057325583e-01  -9.6699716981072470e-01  -9.7008273720555716e-01  -9.7310555037676694e-01  -9.7582563255140142e-01  -9.7792827828726825e-01  -9.7894562481543612e-01  -9.7813368461674655e-01  -9.7423350143785847e-01  -9.6508169059692839e-01  -9.4694776825736626e-01  -9.1356404731008178e-01  -8.5494472354717188e-01  -7.5684211940243018e-01  -6.0304887113720418e-01  -3.8389554506186746e-01  -1.1007768276317664e-01   1.8112314032924892e-01   4.4226954560356302e-01   6.4284020605799008e-01   7.7892245870251986e-01   8.6291818360577421e-01   9.1049413394829015e-01   9.3386792701685595e-01   9.4016422896323248e-01   9.3140732642984725e-01   9.0419386369452470e-01   8.4831073879552210e-01   7.4516805390944685e-01   5.7010864027033570e-01   3.0713197579678986e-01  -2.3422184815602543e-02  -3.5661391819571941e-01  -6.2538818118388806e-01  -8.0585363592422765e-01  -9.1243608348071592e-01  -9.7027000342034675e-01  -9.9947792096414156e-01  -1.0125039744586595e+00  -1.0159896825234389e+00  -1.0128680683054285e+00  -1.0035713023695303e+00  -9.8642073231179161e-01  -9.5730202119956775e-01  -9.0883518998973689e-01  -8.2942343510628325e-01  -7.0359519127239034e-01  -5.1654707177957815e-01  -2.6566418059709107e-01   2.6252659515791976e-02   3.1338824375639818e-01   5.5200434117017338e-01   7.2358486100710917e-01   8.3420844186586907e-01   9.0030297957311123e-01   9.3772614514592023e-01   9.5797872795501871e-01   9.6836171864868081e-01   9.7319479080199556e-01   9.7494210535768588e-01   9.7497796503749024e-01   9.7406381186431934e-01   9.7261786470795863e-01   9.7087466627161445e-01   9.6896699885389859e-01   9.6697846972648038e-01   9.6496521638596122e-01   9.6297492277898367e-01   9.6104964187758235e-01   9.5923420439904117e-01   9.5757240106189601e-01   9.5611113843443318e-01   9.5489331042210768e-01   9.5395965289223927e-01   9.5333969108026972e-01   9.5305289473495725e-01   9.5310045593535775e-01   9.5346940048497997e-01   9.5412743695787583e-01   9.5503125820412893e-01   9.5612465036509509e-01   9.5734939777500216e-01   9.5864369533382754e-01   9.5995234622264136e-01   9.6122125333296649e-01   9.6240404654428513e-01   9.6345134733853177e-01   9.6431098617515421e-01   9.6490423518965385e-01   9.6510470451370511e-01   9.6467101571838165e-01   9.6314310280637161e-01   9.5960852804281604e-01   9.5228075594344785e-01   9.3766968945539575e-01   9.0914686489765095e-01   8.5471655570148153e-01   7.5485567509032458e-01   5.8426047255624924e-01   3.2586538827142797e-01  -1.7258263988458311e-03  -3.3464081660573086e-01  -6.0485448039635614e-01  -7.8670442744716418e-01  -8.9377640300490491e-01  -9.5134629258387182e-01  -9.8007220760728930e-01  -9.9303066133952489e-01  -9.9761005795793545e-01  -9.9778806617930016e-01  -9.9566038266880752e-01  -9.9233953656141916e-01
  -9.9006729323542353e-01  -9.8612618675903541e-01  -9.8208111200597514e-01  -9.7809539563859471e-01  -9.7428939690682914e-01  -9.7076377998991381e-01  -9.6760577981225682e-01  -9.6489564412523987e-01  -9.6270383600610177e-01  -9.6109176303762212e-01  -9.6010535000771902e-01  -9.5977365672166437e-01  -9.6010102056345970e-01  -9.6106635930503248e-01  -9.6261840124318676e-01  -9.6467810576987367e-01  -9.6713599535891170e-01  -9.6985549338948229e-01  -9.7266611629056088e-01  -9.7535433263578830e-01  -9.7763300574307432e-01  -9.7909035372771536e-01  -9.7908403997732352e-01  -9.7656161544815345e-01  -9.6973517063733028e-01  -9.5554341305490675e-01  -9.2879844400206601e-01  -8.8105016141273729e-01  -7.9961734219591341e-01  -6.6842049924303226e-01  -4.7377557449629132e-01  -2.1701322126106304e-01   7.4014563282824686e-02   3.5218132911083044e-01   5.7780953285599579e-01   7.3741043274582196e-01   8.3920691970844685e-01   8.9910730045823106e-01   9.3136554607041933e-01   9.4555505876516766e-01   9.4651741867577033e-01   9.3465547076444866e-01   9.0543330076043593e-01   8.4774215804914888e-01   7.4214840580152952e-01   5.6332966906460447e-01   2.9553776270438126e-01  -3.8932975918309964e-02  -3.7282098900362387e-01  -6.3908225487744585e-01  -8.1582916160601604e-01  -9.1914696737284873e-01  -9.7475136209322177e-01  -1.0027573581284912e+00  -1.0154915044719237e+00  -1.0195713775040842e+00  -1.0180891953932363e+00  -1.0118881948746274e+00  -1.0000686761227149e+00  -9.7981732472484673e-01  -9.4571365771143545e-01  -8.8859709021251143e-01  -7.9471996658861788e-01  -6.4715192835692426e-01  -4.3315133713766474e-01  -1.5857219021396712e-01   1.4183832529453388e-01   4.1742266484222529e-01   6.3176461209532930e-01   7.7771751091266905e-01   8.6803188275444376e-01   9.2036252746783354e-01   9.4923458129213723e-01   9.6441863203215350e-01   9.7185373615650872e-01   9.7496998310550720e-01   9.7568606104874589e-01   9.7506424840195660e-01   9.7368327127021448e-01   9.7186494151688518e-01   9.6978683993385517e-01   9.6755806724319104e-01   9.6524800694124435e-01   9.6291509815209353e-01   9.6060994856352799e-01   9.5838910620147422e-01   9.5630950820005756e-01   9.5443603639093144e-01   9.5283111464935222e-01   9.5155772879214995e-01   9.5066546505234628e-01   9.5019168211710436e-01   9.5014764853185130e-01   9.5052269955738178e-01   9.5127659796703357e-01   9.5235135352760936e-01   9.5367021680330111e-01   9.5515399979427507e-01   9.5672042929303314e-01   9.5829801128417724e-01   9.5982084455582384e-01   9.6123699140410279e-01   9.6249559682177588e-01   9.6354767315951706e-01   9.6432145320339457e-01   9.6470409355192854e-01   9.6447762146195004e-01   9.6322532401963179e-01   9.6011703084049760e-01   9.5352868080201525e-01   9.4029002363989267e-01   9.1438415847103660e-01   8.6488370487968924e-01   7.7377085204380047e-01   6.1675372076487822e-01   3.7461082332116002e-01   5.8484472080784999e-02  -2.7530829809108232e-01  -5.5742981751172627e-01  -7.5433104686603880e-01  -8.7386095676570430e-01  -9.3992303202575567e-01  -9.7393999287011090e-01  -9.9008106934688755e-01  -9.9657049527343755e-01  -9.9791078678012801e-01  -9.9651106673157908e-01  -9.9366232406468924e-01
  -9.9122267057891489e-01  -9.8754214613486613e-01  -9.8366752366594179e-01  -9.7979860528658191e-01  -9.7608154595895669e-01  -9.7263136111376602e-01  -9.6954509620534135e-01  -9.6690574811566832e-01  -9.6478416254505572e-01  -9.6323716175187046e-01  -9.6230560487924777e-01  -9.6201078183750477e-01  -9.6235217620312552e-01  -9.6330465928924291e-01  -9.6481621823770325e-01  -9.6680651987521415e-01  -9.6916473855543117e-01  -9.7174489248830076e-01  -9.7435471069329593e-01  -9.7673450300503128e-01  -9.7851303881685436e-01  -9.7912764864064117e-01  -9.7767749463985498e-01  -9.7266609060663112e-01  -9.6155809663474934e-01  -9.4006622315854860e-01  -9.0111821713409701e-01  -8.3374425278775766e-01  -7.2294645941314961e-01  -5.5316724373374992e-01  -3.1838941905030277e-01  -3.5784395512044820e-02   2.5258828324235927e-01   5.0105742471820802e-01   6.8555997697019255e-01   8.0762818306989326e-01   8.8180944184447740e-01   9.2376318623796583e-01   9.4521055173416590e-01   9.5325083742610572e-01   9.5097675991101571e-01   9.3774305474334252e-01   9.0851120658231654e-01   8.5208326058608219e-01   7.4921139408964188e-01   5.7463149933686930e-01   3.1165618382231119e-01  -1.9828271261326913e-02  -3.5452675975467846e-01  -6.2452756098294304e-01  -8.0554650574722142e-01  -9.1223386457989042e-01  -9.7012387990525362e-01  -9.9967304753250485e-01  -1.0136050798581637e+00  -1.0188861345851932e+00  -1.0189432283902244e+00  -1.0150372968964538e+00  -1.0068895204634989e+00  -9.9268415646742647e-01  -9.6856970123775443e-01  -9.2764571211542113e-01  -8.5872021548479949e-01  -7.4590432838167020e-01  -5.7198499684100690e-01  -3.2935357618106598e-01  -3.5744102448856452e-02   2.6312467566107439e-01   5.1775715433674541e-01   7.0348571888689682e-01   8.2387636989720314e-01   8.9577512843741325e-01   9.3633215439895001e-01   9.5815806292128647e-01   9.6925482708788824e-01   9.7433672939111959e-01   9.7606682003836998e-01   9.7592060571962036e-01   9.7470219069416764e-01   9.7285237805381086e-01   9.7061196480751799e-01   9.6812196966099617e-01   9.6546988788471311e-01   9.6272448306578395e-01   9.5994675180526712e-01   9.5720479298565464e-01   9.5457345991316356e-01   9.5214073031146529e-01   9.5000020903435800e-01   9.4824950821484011e-01   9.4697519018246523e-01   9.4624465623253129e-01   9.4608992274423198e-01   9.4650436186876563e-01   9.4743707747868844e-01   9.4880347708706281e-01   9.5049311775492107e-01   9.5238855814220047e-01   9.5437500718534851e-01   9.5635437115062905e-01   9.5824525973095309e-01   9.5998655674196853e-01   9.6152829972654208e-01   9.6282647644278496e-01   9.6382278597473459e-01   9.6442210275396523e-01   9.6443887592459399e-01   9.6350959808920966e-01   9.6090938034848494e-01   9.5521548345649343e-01   9.4365861786219918e-01   9.2098346283183075e-01   8.7761571192215593e-01   7.9752172865138737e-01   6.5807924617749403e-01   4.3823265260749722e-01   1.4025663130104821e-01  -1.9077445525547831e-01  -4.8662822989012539e-01  -7.0403440225178993e-01  -8.4183567092615996e-01  -9.2087241006411635e-01  -9.6314927159993213e-01  -9.8429893480022557e-01  -9.9377981841199992e-01  -9.9690909780781733e-01  -9.9659168316638302e-01  -9.9440535791340567e-01
  -9.9167892560248316e-01  -9.8834064491735762e-01  -9.8465800536063497e-01  -9.8088938997092434e-01  -9.7721820837223972e-01  -9.7378373339474167e-01  -9.7069886441148223e-01  -9.6805613082634867e-01  -9.6593136864691997e-01  -9.6438302152528643e-01  -9.6345130562436143e-01  -9.6315621721663114e-01  -9.6349465153299074e-01  -9.6443836647794923e-01  -9.6593101194552045e-01  -9.6788536149962223e-01  -9.7017633630308264e-01  -9.7263244192358611e-01  -9.7501521248577494e-01  -9.7698514358220812e-01  -9.7803458509911234e-01  -9.7737259039516133e-01  -9.7371362355669266e-01  -9.6492201300177016e-01  -9.4741725756270889e-01  -9.1528560300892381e-01  -8.5917746795402783e-01  -7.6567113251716257e-01  -6.1902297929128136e-01  -4.0847837027687889e-01  -1.4135213608775299e-01   1.4883527346692049e-01   4.1511661011531986e-01   6.2387533281768048e-01   7.6792880110488693e-01   8.5839996726076873e-01   9.1136231120539835e-01   9.4030403799660922e-01   9.5426597553747605e-01   9.5831462042552573e-01   9.5429971771315569e-01   9.4100094223965913e-01   9.1338841812744276e-01   8.6086006872376752e-01   7.6525949613195698e-01   6.0209821841037403e-01   3.5288062302453105e-01   3.1280707649651962e-02  -3.0367441417011165e-01  -5.8299972325229921e-01  -7.7598751500825203e-01  -8.9264290895453913e-01  -9.5738987406324449e-01  -9.9131067241920157e-01  -1.0080471268620592e+00  -1.0153139813406682e+00  -1.0170950673418830e+00  -1.0151334572247188e+00  -1.0096927483206035e+00  -9.9973097519257692e-01  -9.8260432012384924e-01  -9.5327464864600175e-01  -9.0308637825428661e-01  -8.1857835117428523e-01  -6.8215449971050313e-01  -4.7839806511294347e-01  -2.0861240426001737e-01   9.5721271490917914e-02   3.8215337198048249e-01   6.0893566624913964e-01   7.6487903019438508e-01   8.6173483971080467e-01   9.1785386607417707e-01   9.4875368254326742e-01   9.6494216312049308e-01   9.7280452343632418e-01   9.7600764292251507e-01   9.7659123900793521e-01   9.7567126301894702e-01   9.7385180096512436e-01   9.7146147918178316e-01   9.6868210857528259e-01   9.6562334539932282e-01   9.6236196646049965e-01   9.5896838051500533e-01   9.5552003190670431e-01   9.5211363784568670e-01   9.4886824649378854e-01   9.4592669456971823e-01   9.4344451093067616e-01   9.4157514204114534e-01   9.4044415305447515e-01   9.4012703548009768e-01   9.4062843435923726e-01   9.4188013723489306e-01   9.4374892940276345e-01   9.4606261301645311e-01   9.4863522527402644e-01   9.5129532262652783e-01   9.5389947253967877e-01   9.5634278871322009e-01   9.5855323647941493e-01   9.6048637885031463e-01   9.6210826397677973e-01   9.6338144319259789e-01   9.6423480660129524e-01   9.6452398505989634e-01   9.6394729302236470e-01   9.6189911103090142e-01   9.5717847339974860e-01   9.4745696809314184e-01   9.2831412944751546e-01   8.9168013886133091e-01   8.2382551796554226e-01   7.0447784220607534e-01   5.1180720876906904e-01   2.3944507403566240e-01  -8.1837041587518866e-02  -3.8958714298763908e-01  -6.3133290782251383e-01  -7.9350509177362860e-01  -8.9101082415747590e-01  -9.4550341186920805e-01  -9.7422732423415126e-01  -9.8828145215802787e-01  -9.9415132241576298e-01  -9.9547665492440851e-01  -9.9427507042397090e-01
  -9.9103297117345046e-01  -9.8822516520898873e-01  -9.8483110421811049e-01  -9.8120002202070356e-01  -9.7757329106354662e-01  -9.7412894557092566e-01  -9.7100477296007348e-01  -9.6831054227457469e-01  -9.6613252150979079e-01  -9.6453606188743568e-01  -9.6356429498597862e-01  -9.6323769238755674e-01  -9.6355102563022010e-01  -9.6447176030037429e-01  -9.6593392091787511e-01  -9.6783360974545118e-01  -9.7001710401625429e-01  -9.7226511242435520e-01  -9.7425960284507274e-01  -9.7553175944021164e-01  -9.7536210567563819e-01  -9.7261276001391694e-01  -9.6543178459806600e-01  -9.5076962538363141e-01  -9.2362438959426607e-01  -8.7604979082439050e-01  -7.9631010148357717e-01  -6.6955906079013583e-01  -4.8273734812601771e-01  -2.3559378838979483e-01   4.8131666841886855e-02   3.2486460617860291e-01   5.5459021600171621e-01   7.2074641697761677e-01   8.2897581241059526e-01   8.9434128543270808e-01   9.3151191861195604e-01   9.5119021506466572e-01   9.6005050306534212e-01   9.6160928828255088e-01   9.5688727203153512e-01   9.4444324345495190e-01   9.1962717777362357e-01   8.7293989200072220e-01   7.8803554616209437e-01   6.4198167863759048e-01   4.1443084017881704e-01   1.1041986355323841e-01  -2.2167967975751557e-01  -5.1363584145541363e-01  -7.2549529331360507e-01  -8.5896002059917653e-01  -9.3568815774729541e-01  -9.7731951301962861e-01  -9.9886355456283016e-01  -1.0092193512192540e+00  -1.0132104855400841e+00  -1.0131947197894040e+00  -1.0099771605968235e+00  -1.0031588671784619e+00  -9.9102917606066687e-01  -9.7001083852450964e-01  -9.3363044167190601e-01  -8.7115422936972986e-01  -7.6682576107676925e-01  -6.0243659618778167e-01  -3.6747504815365961e-01  -7.5759066775069828e-02   2.2846523396617663e-01   4.9277037289301240e-01   6.8809027965650538e-01   8.1560838760949406e-01   8.9199596355663202e-01   9.3511650289302706e-01   9.5830350243393991e-01   9.7005015495603231e-01   9.7534997491771713e-01   9.7701100969035526e-01   9.7657519739554999e-01   9.7487310761259827e-01   9.7234971822753202e-01   9.6924078412976122e-01   9.6567763508630200e-01   9.6174098358521376e-01   9.5750104896290356e-01   9.5303923023366144e-01   9.4847243886262733e-01   9.4396382063264705e-01   9.3973228241020290e-01   9.3603862132417426e-01   9.3316064164619927e-01   9.3134253485007623e-01   9.3074723197858034e-01   9.3141104300113331e-01   9.3323374002100257e-01   9.3599326257656501e-01   9.3939622658746780e-01   9.4312966650333174e-01   9.4691526736954312e-01   9.5053530412324105e-01   9.5384637780722747e-01   9.5676668563378076e-01   9.5926390074908197e-01   9.6132844407591267e-01   9.6295544653591292e-01   9.6411144298974571e-01   9.6470074365933733e-01   9.6449267298048247e-01   9.6300476690044501e-01   9.5926447771797729e-01   9.5138485401879191e-01   9.3578451221309134e-01   9.0591487948576244e-01   8.5048123238469275e-01   7.5210330243580947e-01   5.8964775683347759e-01   3.4997212870110739e-01   4.8358330019940998e-02  -2.6447975277547364e-01  -5.3097170825908069e-01  -7.2297625519178721e-01  -8.4541500702289696e-01  -9.1740002847392121e-01  -9.5737842247276594e-01  -9.7838783802040452e-01  -9.8848873878823185e-01  -9.9237315189473840e-01  -9.9271260090771407e-01
  -9.8853617803622518e-01  -9.8663889981006236e-01  -9.8376579366365613e-01  -9.8040878108905327e-01  -9.7689941277208081e-01  -9.7347593489763884e-01  -9.7031587528484564e-01  -9.6755623843547522e-01  -9.6530084146879847e-01  -9.6362627699711290e-01  -9.6258135843744985e-01  -9.6218828818042068e-01  -9.6243808502148553e-01  -9.6328805555432773e-01  -9.6465380805927226e-01  -9.6640017912446885e-01  -9.6832236870607558e-01  -9.7011931358650128e-01  -9.7134408338885647e-01  -9.7132192461757638e-01  -9.6900620507698654e-01  -9.6273675567844497e-01  -9.4983661016487198e-01  -9.2598820617169397e-01  -8.8437251147628171e-01  -8.1481838868679946e-01  -7.0389702248878783e-01  -5.3808570995565697e-01  -3.1233458330285607e-01  -4.1541929196807104e-02   2.3729312174737610e-01   4.8207929392652005e-01   6.6816471411040790e-01   7.9435382372017194e-01   8.7308661958115175e-01   9.1929808600060947e-01   9.4497312582336246e-01   9.5813985239240351e-01   9.6357154974464554e-01   9.6365805401961335e-01   9.5890421196938946e-01   9.4788630237533145e-01   9.2656303198376477e-01   8.8683885602693158e-01   8.1465945418952113e-01   6.8942580083954297e-01   4.8981091448462788e-01   2.1176110027998091e-01  -1.1074416667725795e-01  -4.1465104671542391e-01  -6.5044649593588222e-01  -8.0770127658298896e-01  -9.0244648808002315e-01  -9.5605666692329550e-01  -9.8513069704306755e-01  -1.0001961178489298e+00  -1.0072743280247487e+00  -1.0095522203360972e+00  -1.0084552769156265e+00  -1.0041821405471802e+00  -9.9577552544975478e-01  -9.8079676627445656e-01  -9.5453303672649303e-01  -9.0875895178386012e-01  -8.3040679733493938e-01  -7.0179197290349182e-01  -5.0611536395844414e-01  -2.4161400954306400e-01   6.3258186260364391e-02   3.5588977599622262e-01   5.9112593411395731e-01   7.5449511207855857e-01   8.5653381066748646e-01   9.1582601572412003e-01   9.4851487732269990e-01   9.6562591118155305e-01   9.7386776535085762e-01   9.7707911911125689e-01   9.7737999588675162e-01   9.7591195802994080e-01   9.7327510739505407e-01   9.6977372176604404e-01   9.6555552242987930e-01   9.6069116107984853e-01   9.5522827529818444e-01   9.4923295893019155e-01   9.4283112480533293e-01   9.3624388560343852e-01   9.2981183206849027e-01   9.2398753897726593e-01   9.1928789557541413e-01   9.1620169426428233e-01   9.1507795719297136e-01   9.1602989468652396e-01   9.1889841908831471e-01   9.2328742404793362e-01   9.2866116641516139e-01   9.3446121838119311e-01   9.4020671518592036e-01   9.4554904984005361e-01   9.5028374758219036e-01   9.5432683436620624e-01   9.5767789206573584e-01   9.6037912274455328e-01   9.6248126327934858e-01   9.6401049680694828e-01   9.6493348342909302e-01   9.6510166662273411e-01   9.6415597673672071e-01   9.6134578509819713e-01   9.5519741352512111e-01   9.4291507974328681e-01   9.1937772590104139e-01   8.7566343289654014e-01   7.9756109654439400e-01   6.6605374026181696e-01   4.6419912100135075e-01   1.9334776411609661e-01  -1.1248026242981879e-01  -3.9836959061474425e-01  -6.2297794214824398e-01  -7.7701548990291580e-01  -8.7319361576846222e-01  -9.2962552646075791e-01  -9.6118987699428393e-01  -9.7788612282426302e-01  -9.8584635275019017e-01  -9.8869066552208562e-01
  -9.8279424272451643e-01  -9.8254075387448803e-01  -9.8067822263867854e-01  -9.7792034857287391e-01  -9.7474257647645701e-01  -9.7147714096701743e-01  -9.6836444106306552e-01  -9.6558351854544144e-01  -9.6326643655815047e-01  -9.6150720542577561e-01  -9.6036370874907173e-01  -9.5985808502884362e-01  -9.5997308947942828e-01  -9.6064638908604194e-01  -9.6175887186488818e-01  -9.6311834321560330e-01  -9.6443207522197227e-01  -9.6526267526534693e-01  -9.6495385273670031e-01  -9.6250741817352747e-01  -9.5637657833702749e-01  -9.4413019606958892e-01  -9.2193380929399005e-01  -8.8382950934209936e-01  -8.2097533248356236e-01  -7.2150383313506339e-01  -5.7259086518498437e-01  -3.6688462893394241e-01  -1.1269004651824210e-01   1.6056530039450168e-01   4.1273888193639885e-01   6.1405357388266768e-01   7.5649748062698696e-01   8.4853920845725850e-01   9.0423878685741754e-01   9.3625943999317740e-01   9.5369321740906621e-01   9.6232037473554799e-01   9.6547407412297281e-01   9.6475462476341001e-01   9.6037001373324915e-01   9.5105387427603916e-01   9.3347408979566582e-01   9.0104213682456347e-01   8.4220824625376745e-01   7.3932369439342849e-01   5.7153877830466215e-01   3.2731134192117217e-01   2.4493613602524555e-02  -2.8519316591172938e-01  -5.4628445861460784e-01  -7.3357102080795067e-01  -8.5330307109241532e-01  -9.2445994520902308e-01  -9.6488921473783695e-01  -9.8708497182175781e-01  -9.9868971533689299e-01  -1.0040247432392992e+00  -1.0053095492228006e+00  -1.0033807283336511e+00  -9.9795173142164573e-01  -9.8749150981855649e-01  -9.6867852108284569e-01  -9.3539406618365184e-01  -8.7732486263352150e-01  -7.7900400877624520e-01  -6.2183007640604604e-01  -3.9346931181924327e-01  -1.0470077496115793e-01   2.0208643222178757e-01   4.7295935530204447e-01   6.7554433220338639e-01   8.0883612702706498e-01   8.8905647507392072e-01   9.3446782527763039e-01   9.5890759815958115e-01   9.7123032684523314e-01   9.7663120840447593e-01   9.7801162303984679e-01   9.7693390329236773e-01   9.7420512384948832e-01   9.7021029002398629e-01   9.6510024435964525e-01   9.5890112932449934e-01   9.5159115374973580e-01   9.4317090431011608e-01   9.3374191427936837e-01   9.2359054070225333e-01   9.1325566407002801e-01   9.0354134895984872e-01   8.9543576877017694e-01   8.8992692245146976e-01   8.8775900681867159e-01   8.8921790727157479e-01   8.9403773488074201e-01   9.0147275571486285e-01   9.1050168286591371e-01   9.2007807009241871e-01   9.2933400304938285e-01   9.3768563733676280e-01   9.4483759423008484e-01   9.5072355546303311e-01   9.5542232950869677e-01   9.5908119955359106e-01   9.6185616179435329e-01   9.6387084073284324e-01   9.6518119062276553e-01   9.6573465399954828e-01   9.6529833298706569e-01   9.6332801626281861e-01   9.5872064936400547e-01   9.4937234008189297e-01   9.3142205301754333e-01   8.9809716498295511e-01   8.3832399699600035e-01   7.3617851669998824e-01   5.7406747111494449e-01   3.4344091831688006e-01   6.0239159192583824e-02  -2.3228598131076711e-01  -4.8634546115953003e-01  -6.7669175902489132e-01  -8.0455406843896815e-01  -8.8437175814586522e-01  -9.3178218085901210e-01  -9.5877787020742000e-01  -9.7331207667145359e-01  -9.8032158134666469e-01
  -9.7125748533788758e-01  -9.7401245973264450e-01  -9.7412061377324499e-01  -9.7264269241114920e-01  -9.7028038472600264e-01  -9.6751404847104849e-01  -9.6468445757835841e-01  -9.6203740050403408e-01  -9.5975040408284495e-01  -9.5794463339937153e-01  -9.5669149172494561e-01  -9.5601146523369329e-01  -9.5586979854350895e-01  -9.5616505121556428e-01  -9.5671354257614138e-01  -9.5722136450856787e-01  -9.5724325570013113e-01  -9.5611442439881800e-01  -9.5284245843775350e-01  -9.4592768438867902e-01  -9.3308042122746682e-01  -9.1078871282959872e-01  -8.7373074634964321e-01  -8.1415126133761162e-01  -7.2169589926449251e-01  -5.8488323221255822e-01  -3.9594791492881320e-01  -1.5918858400616304e-01   1.0272136854053826e-01   3.5419036974309254e-01   5.6395496974773884e-01   7.1873616042248423e-01   8.2248878569187622e-01   8.8730110981187704e-01   9.2571123883616946e-01   9.4744062276530228e-01   9.5902623365941198e-01   9.6450109648029270e-01   9.6615136900826948e-01   9.6503942500048856e-01   9.6122179653578410e-01   9.5365315513081739e-01   9.3971089474181380e-01   9.1425417871908299e-01   8.6819731787363930e-01   7.8715039459679437e-01   6.5223076606939645e-01   4.4743048855162415e-01   1.7578338282774603e-01  -1.2772098006677401e-01  -4.0938314126249731e-01  -6.3015573715599504e-01  -7.8203770554390339e-01  -8.7772877203723854e-01  -9.3483427064102809e-01  -9.6776024096355262e-01  -9.8616824690844540e-01  -9.9591073303202182e-01  -1.0002777113121628e+00  -1.0008800957116126e+00  -9.9811228133173446e-01  -9.9122102259284062e-01  -9.7799735759819351e-01  -9.5402160788746881e-01  -9.1144091659346416e-01  -8.3758019381194049e-01  -7.1487237125034020e-01  -5.2572586737326910e-01  -2.6615047111479234e-01   3.8056494654629347e-02   3.3477871026071693e-01   5.7649668861006831e-01   7.4598089461818262e-01   8.5251010045699771e-01   9.1466786546483037e-01   9.4901126884336517e-01   9.6694287007589752e-01   9.7540048491556186e-01   9.7832526778316142e-01   9.7784584942252661e-01   9.7504283953906379e-01   9.7039198485384714e-01   9.6401496831855082e-01   9.5582441444347854e-01   9.4563286032061034e-01   9.3326696990652780e-01   9.1871896615378079e-01   9.0232967561116006e-01   8.8496078968888869e-01   8.6806225697783601e-01   8.5353953797562210e-01   8.4338324092976680e-01   8.3915085339609763e-01   8.4149673261915736e-01   8.4995968807491207e-01   8.6310362546072361e-01   8.7894545584927697e-01   8.9547973846777440e-01   9.1109821995948059e-01   9.2478893489371505e-01   9.3612186348317472e-01   9.4510263339211886e-01   9.5199060359511267e-01   9.5714433988820291e-01   9.6091785793472329e-01   9.6360139021406588e-01   9.6538895132025360e-01   9.6635090228327924e-01   9.6638966714114360e-01   9.6515128346735080e-01   9.6185412863600073e-01   9.5497486470628734e-01   9.4170660285550833e-01   9.1710185903391106e-01   8.7292660906616071e-01   7.9671762886651254e-01   6.7267210721677428e-01   4.8739495457408222e-01   2.4187888607000996e-01  -3.8181180015058547e-02  -3.0945687367564079e-01  -5.3490178218679529e-01  -7.0044115967438536e-01  -8.1170111049426930e-01  -8.8220382911613859e-01  -9.2508459936677978e-01  -9.5021286643246650e-01  -9.6420126974579423e-01
  -9.4933251683445818e-01  -9.5756532703747643e-01  -9.6145934634729058e-01  -9.6260264669539397e-01  -9.6204760583207927e-01  -9.6050931752882829e-01  -9.5848775893278182e-01  -9.5633900034907593e-01  -9.5431580373070435e-01  -9.5258741781115996e-01  -9.5124765266568612e-01  -9.5031267486667126e-01  -9.4971282742417085e-01  -9.4927477564022134e-01  -9.4869438598432465e-01  -9.4749510064071774e-01  -9.4496642957341659e-01  -9.4006671586361934e-01  -9.3127151886088033e-01  -9.1633650304306202e-01  -8.9194656482796186e-01  -8.5325163417134198e-01  -7.9340418750236963e-01  -7.0348744411147246e-01  -5.7372656168675618e-01  -3.9725053060148907e-01  -1.7663553159551709e-01   7.0462512962963519e-02   3.1396359041954480e-01   5.2432061275548236e-01   6.8555721435842254e-01   7.9764790556636189e-01   8.7001360692749641e-01   9.1422104150676686e-01   9.4003462961688844e-01   9.5441231597323062e-01   9.6186756040048571e-01   9.6514748855367072e-01   9.6580225582424228e-01   9.6453735851253974e-01   9.6134598709790697e-01   9.5541513515273158e-01   9.4476452460874749e-01   9.2553351106706516e-01   8.9086075680252286e-01   8.2956928103133243e-01   7.2578341365099319e-01   5.6235259385058844e-01   3.3157369027479022e-01   4.9945307864553812e-02  -2.3992647325486399e-01  -4.9170160691063663e-01  -6.8102708245696064e-01  -8.0908515893517408e-01  -8.8989898456184946e-01  -9.3876560291329514e-01  -9.6747896535345890e-01  -9.8384406467207253e-01  -9.9259859317595478e-01  -9.9638106504874435e-01  -9.9637618106776671e-01  -9.9258309622139973e-01  -9.8372553312092448e-01  -9.6675097156089462e-01  -9.3586303520464842e-01  -8.8113285005205610e-01  -7.8741856241484343e-01  -6.3598490730443358e-01  -4.1324755938705904e-01  -1.2755650606671531e-01   1.8056882380964834e-01   4.5642132862390411e-01   6.6502386636272803e-01   8.0337437866700889e-01   8.8710486887265994e-01   9.3466982836322687e-01   9.6024929884631938e-01   9.7294099257316180e-01   9.7804451426051831e-01   9.7844404640925386e-01   9.7557584646912610e-01   9.7001023450463530e-01   9.6177451708472428e-01   9.5054093074380108e-01   9.3577259320770789e-01   9.1691106994467597e-01   8.9366043743021994e-01   8.6637497641842454e-01   8.3645227787718379e-01   8.0652794281042994e-01   7.8023837549781871e-01   7.6147577539895983e-01   7.5333733458792107e-01   7.5718652917797269e-01   7.7222536969070066e-01   7.9575469034622426e-01   8.2399795439393242e-01   8.5313957703377086e-01   8.8017214404976674e-01   9.0329752206335245e-01   9.2187356728318470e-01   9.3608884014773530e-01   9.4657736213011279e-01   9.5411142463050236e-01   9.5941274189498660e-01   9.6306410458682734e-01   9.6548091275145276e-01   9.6690611572774599e-01   9.6739775403542883e-01   9.6678440511190988e-01   9.6455871634376689e-01   9.5966895143224740e-01   9.5014895298197466e-01   9.3251695251969879e-01   9.0091380319477865e-01   8.4616599197158993e-01   7.5556415697982593e-01   6.1521044510623335e-01   4.1716236076568641e-01   1.6994186185932308e-01  -9.7219184486493304e-02  -3.4609638045769953e-01  -5.4912775750621434e-01  -6.9841699480737374e-01  -8.0046146116645001e-01  -8.6691657724004700e-01  -9.0875824772464409e-01  -9.3431964231514542e-01
  -9.0905595760079505e-01  -9.2704019881453847e-01  -9.3801065719295251e-01  -9.4429998726474151e-01  -9.4747586659068483e-01  -9.4861105926615041e-01  -9.4845880096511315e-01  -9.4755901080064153e-01  -9.4629683761829986e-01  -9.4493026044395467e-01  -9.4359745733338452e-01  -9.4231087989344164e-01  -9.4093859068043506e-01  -9.3917449360719729e-01  -9.3649451844446463e-01  -9.3209565847089004e-01  -9.2481014255641047e-01  -9.1298366603269110e-01  -8.9429553817949081e-01  -8.6550223844160334e-01  -8.2211444169030012e-01  -7.5811760189788213e-01  -6.6606275182274599e-01  -5.3819722921756141e-01  -3.6948034332663010e-01  -1.6251273389649964e-01   6.8242114944972038e-02   2.9804779618885613e-01   5.0123388261380830e-01   6.6187496918611710e-01   7.7737530339968164e-01   8.5443532087772200e-01   9.0298948319801131e-01   9.3220712792681859e-01   9.4903488052252261e-01   9.5820331014353033e-01   9.6273492091899304e-01   9.6447036705499478e-01   9.6445546642113522e-01   9.6316545424990585e-01   9.6057849559345043e-01   9.5609479783355422e-01   9.4827158250016508e-01   9.3430707455016671e-01   9.0920548226591724e-01   8.6466642774553426e-01   7.8820906751512343e-01   6.6413507012745598e-01   4.7923846886225036e-01   2.3449177479351363e-01  -4.4934587912218105e-02  -3.1639296466148897e-01  -5.4294641983267566e-01  -7.1005263428082610e-01  -8.2287682194850142e-01  -8.9479362181099198e-01  -9.3900740160151863e-01  -9.6548455492921326e-01  -9.8083360957927523e-01  -9.8908501918040392e-01  -9.9244127875585342e-01  -9.9174031349863045e-01  -9.8656993876215837e-01  -9.7501544145516572e-01  -9.5295990464560498e-01  -9.1290302594685269e-01  -8.4255317076376168e-01  -7.2456140446848871e-01  -5.4088538768272709e-01  -2.8587133950508725e-01   1.7004775182391185e-02   3.1649785974387595e-01   5.6347415239788901e-01   7.3834878059872144e-01   8.4908664304348402e-01   9.1404110633621327e-01   9.4997357372802793e-01   9.6850450296970569e-01   9.7666160190863249e-01   9.7832148024061205e-01   9.7538072342787485e-01   9.6849436551458679e-01   9.5748068525576091e-01   9.4155106442736969e-01   9.1950181600549552e-01   8.9002087816417086e-01   8.5222437571210263e-01   8.0644585357850951e-01   7.5505670975603967e-01   7.0285353231865733e-01   6.5652813641065666e-01   6.2317116187556598e-01   6.0834423938492455e-01   6.1451587136939589e-01   6.4040213946809865e-01   6.8136749610870284e-01   7.3073118809142812e-01   7.8156165873150873e-01   8.2830474117901476e-01   8.6766400522964071e-01   8.9857130082956815e-01   9.2155269579677679e-01   9.3794580753822798e-01   9.4928740537602507e-01   9.5696027832770780e-01   9.6205394944096578e-01   9.6534722157812736e-01   9.6734115651501340e-01   9.6829153284376246e-01   9.6821462722104079e-01   9.6684108573174354e-01   9.6349459323911368e-01   9.5685531071667651e-01   9.4456236447102726e-01   9.2261384745313268e-01   8.8461564331313913e-01   8.2120761825449007e-01   7.2060747349683330e-01   5.7190046420192564e-01   3.7206228330252827e-01   1.3356300584235153e-01  -1.1568579834035173e-01  -3.4415044051544486e-01  -5.3101701594761930e-01  -6.7101910492707484e-01  -7.6968814836682065e-01  -8.3650577571052287e-01  -8.8057862323161440e-01
  -8.3754325577429944e-01  -8.7212703924602886e-01  -8.9579819455967891e-01  -9.1174875189735172e-01  -9.2220349339944541e-01  -9.2872986435278992e-01  -9.3246291013393368e-01  -9.3424642738962294e-01  -9.3470440654252707e-01  -9.3426783265748070e-01  -9.3317167175368643e-01  -9.3143448414643060e-01  -9.2882166583623083e-01  -9.2479306428253039e-01  -9.1843229883708422e-01  -9.0836318016414563e-01  -8.9265422763272506e-01  -8.6871407962843583e-01  -8.3317477456507771e-01  -7.8177983142547514e-01  -7.0935923415648061e-01  -6.1014042295983084e-01  -4.7885188297179854e-01  -3.1309521681066976e-01  -1.1675726508463030e-01   9.7459775356558448e-02   3.0956964820522592e-01   4.9891400443262179e-01   6.5185307892263467e-01   7.6498085458847109e-01   8.4283130845529064e-01   8.9341731103843436e-01   9.2477624837044459e-01   9.4338196044415257e-01   9.5387061854126742e-01   9.5934076593684647e-01   9.6177657610275968e-01   9.6240362262624291e-01   9.6193251639783006e-01   9.6069227163607518e-01   9.5866703879282156e-01   9.5543181551489653e-01   9.4996569980754930e-01   9.4029191778993126e-01   9.2288479602274098e-01   8.9181599172764159e-01   8.3782202793082150e-01   7.4805278584408841e-01   6.0830644808658518e-01   4.1000782623210202e-01   1.6082427541920591e-01  -1.1035286230353825e-01  -3.6440624014290096e-01  -5.7216347410348589e-01  -7.2464367773920846e-01  -8.2826542101359846e-01  -8.9520934576329370e-01  -9.3705360548835948e-01  -9.6252961993442721e-01  -9.7748073930138291e-01  -9.8547952777037950e-01  -9.8840962033285629e-01  -9.8677870419583336e-01  -9.7969509463311300e-01  -9.6443875608647489e-01  -9.3555557569400494e-01  -8.8350851428660038e-01  -7.9354150551133262e-01  -6.4701209213267474e-01  -4.2954939492212763e-01  -1.4752445435676886e-01   1.6055404014374836e-01   4.3998535286036999e-01   6.5381515825749603e-01   7.9705779512474151e-01   8.8443257956281585e-01   9.3426014598636831e-01   9.6082202976115627e-01   9.7325280753649357e-01   9.7670415331379723e-01   9.7366087776479882e-01   9.6483203260887818e-01   9.4964274692228035e-01   9.2649540167943301e-01   8.9303058122609080e-01   8.4665118389396599e-01   7.8555937865087633e-01   7.1030260356564390e-01   6.2528068385785440e-01   5.3914833016866182e-01   4.6333581035963156e-01   4.0913802100294311e-01   3.8483220328400891e-01   3.9394136771469074e-01   4.3473392934922095e-01   5.0062881965809358e-01   5.8150072431031863e-01   6.6598257397947569e-01   7.4423974369493540e-01   8.1002260268928161e-01   8.6111835014680094e-01   8.9838863412520742e-01   9.2429207487739684e-01   9.4166100141141806e-01   9.5300825785737442e-01   9.6027523052267127e-01   9.6483263847148193e-01   9.6757686581450464e-01   9.6903542339031479e-01   9.6943741379870874e-01   9.6873300070498991e-01   9.6654565590628927e-01   9.6204082725058837e-01   9.5368034600982576e-01   9.3883555312411437e-01   9.1325754053139008e-01   8.7052656785985894e-01   8.0188517687971728e-01   6.9733275779739268e-01   5.4909207785409930e-01   3.5739740190134212e-01   1.3522920110090716e-01  -9.3615320241072553e-02  -3.0407401117841648e-01  -4.7973196791564671e-01  -6.1585734925975277e-01  -7.1608263833840102e-01  -7.8754232120657985e-01
  -7.1671935592825142e-01  -7.7730237351708431e-01  -8.2229609517759172e-01  -8.5535310293908318e-01  -8.7921360364354695e-01  -8.9594820611241033e-01  -9.0718171760144528e-01  -9.1422760372832601e-01  -9.1813343669971159e-01  -9.1966716301852169e-01  -9.1927437893635955e-01  -9.1702045736863980e-01  -9.1251673438617265e-01  -9.0482781581978056e-01  -8.9236573415390918e-01  -8.7279436358389439e-01  -8.4299010897204685e-01  -7.9911473990764392e-01  -7.3684606139047881e-01  -6.5179835285930476e-01  -5.4019613947390288e-01  -3.9994173405627281e-01  -2.3218922568600053e-01  -4.3092530463788470e-02   1.5546634537517659e-01   3.4770243704401121e-01   5.1840243442337330e-01   6.5764632909792731e-01   7.6279472518297986e-01   8.3711263676800673e-01   8.8681591843222196e-01   9.1851547434697201e-01   9.3783378067330903e-01   9.4900407618058491e-01   9.5499095790227628e-01   9.5778303623132399e-01   9.5867838248968973e-01   9.5850168022170612e-01   9.5774473754257916e-01   9.5664122138183871e-01   9.5518180313136469e-01   9.5306786597839399e-01   9.4958501305650878e-01   9.4336325957201972e-01   9.3197256490459957e-01   9.1131141494420720e-01   8.7481953696127812e-01   8.1281413102915945e-01   7.1285101659192063e-01   5.6281998214034901e-01   3.5815016475317318e-01   1.1050738312809633e-01  -1.5081218411218678e-01  -3.9090718337732905e-01  -5.8588991518285394e-01  -7.2950284834541301e-01  -8.2812616288734608e-01  -8.9273611533208808e-01  -9.3371947775443609e-01  -9.5899287066777295e-01  -9.7391416137096187e-01  -9.8175056930960303e-01  -9.8411962890300386e-01  -9.8117144641671339e-01  -9.7142061877555075e-01  -9.5113108860035256e-01  -9.1320963616927431e-01  -8.4583542706002046e-01  -7.3209388874188686e-01  -5.5392331565399922e-01  -3.0450373732878078e-01  -4.9699022810955062e-03   2.9520604486435437e-01   5.4627948962497686e-01   7.2647289582060282e-01   8.4192437748127746e-01   9.1016794349709884e-01   9.4774468026227832e-01   9.6616410778231676e-01   9.7216103230484952e-01   9.6895580252874258e-01   9.5725814721206492e-01   9.3583002432209839e-01   9.0178244311174782e-01   8.5097749394496369e-01   7.7902623351004707e-01   6.8332580965241652e-01   5.6590339617519547e-01   4.3556603823705486e-01   3.0720326985219959e-01   1.9781197451685195e-01   1.2170010875805104e-01   8.7781903478235390e-02   9.9361533991517814e-02   1.5473901950987129e-01   2.4728702742940079e-01   3.6534512457263801e-01   4.9346924746043158e-01   6.1590147734619582e-01   7.2084633682255816e-01   8.0288932106860134e-01   8.6240104550428631e-01   9.0313285832440626e-01   9.2983095084624323e-01   9.4679069623112999e-01   9.5731774627041322e-01   9.6372013506941456e-01   9.6750155898751344e-01   9.6957842270801864e-01   9.7044567054333664e-01   9.7027465534832857e-01   9.6893840527404640e-01   9.6596408282343660e-01   9.6040064853516149e-01   9.5058885207364430e-01   9.3382408750523460e-01   9.0595130563824988e-01   8.6104780982899065e-01   7.9158434965132773e-01   6.8971689399602465e-01   5.5027736402688365e-01   3.7490343132168230e-01   1.7468371680381337e-01  -3.1916404667546638e-02  -2.2569155587515299e-01  -3.9329822680054971e-01  -5.2960329835841602e-01  -6.3590071503501211e-01
  -5.2813312322450767e-01  -6.2378158154037866e-01  -7.0074759415217580e-01  -7.6151177377525303e-01  -8.0828281163396642e-01  -8.4307466202026993e-01  -8.6783878012340143e-01  -8.8447807379812571e-01  -8.9473104390220881e-01  -8.9999402228303338e-01  -9.0114883179313832e-01  -8.9841180946660515e-01  -8.9119066200709274e-01  -8.7792832176361957e-01  -8.5595748628601886e-01  -8.2145527160485488e-01  -7.6966850799715081e-01  -6.9559213600442393e-01  -5.9515317697864001e-01  -4.6664628259597069e-01  -3.1190964120858228e-01  -1.3678407539001947e-01   4.9293725978324432e-02   2.3455420365867058e-01   4.0697324963551662e-01   5.5678926686105878e-01   6.7848837760587211e-01   7.7130712066227880e-01   8.3818502876322165e-01   8.8398545512888382e-01   9.1390525033629910e-01   9.3251960024413039e-01   9.4342801611715221e-01   9.4927553761990047e-01   9.5192935901540321e-01   9.5267967734152925e-01   9.5240301613007361e-01   9.5167722437329905e-01   9.5085129944891655e-01   9.5008299053442724e-01   9.4934592873880330e-01   9.4840490069962446e-01   9.4673990107710537e-01   9.4339556636455302e-01   9.3671643963655771e-01   9.2393076144306674e-01   9.0056073673967607e-01   8.5974719474887462e-01   7.9185448046362938e-01   6.8528227667718800e-01   5.2993612199824314e-01   3.2401157402759595e-01   8.0890717810420287e-02  -1.7136523077231697e-01  -4.0144594604044448e-01  -5.8861110915904591e-01  -7.2760696515854317e-01  -8.2419617218741981e-01  -8.8829610684763072e-01  -9.2944366653244892e-01  -9.5503301197119461e-01  -9.7011968248983260e-01  -9.7775429038784090e-01  -9.7929593703898021e-01  -9.7447201233987202e-01  -9.6105207164653761e-01  -9.3404697002396009e-01  -8.8446004026655856e-01  -7.9819033359183988e-01  -6.5717548337856224e-01  -4.4686768311418168e-01  -1.7179600933571582e-01   1.3258895073060628e-01   4.1325139537992750e-01   6.3192397564131986e-01   7.8095773478703601e-01   8.7308086264603657e-01   9.2565184655211530e-01   9.5246805897051212e-01   9.6209733156298083e-01   9.5864472252014843e-01   9.4274268027242214e-01   9.1215195129419435e-01   8.6215176471763377e-01   7.8631990186879142e-01   6.7859792271194785e-01   5.3716926976332513e-01   3.6890308898072766e-01   1.9070513934760969e-01   2.4930522655277898e-02  -1.0851830955965391e-01  -1.9725701640617632e-01  -2.3610420367360796e-01  -2.2403282407673603e-01  -1.6200575722242655e-01  -5.3372976804679617e-02   9.3645888979224157e-02   2.6382986998148555e-01   4.3650946458653078e-01   5.9167589251368702e-01   7.1668044661008778e-01   8.0853384717662846e-01   8.7131225610008423e-01   9.1196687130156739e-01   9.3729293364269783e-01   9.5263424137519581e-01   9.6171995425812429e-01   9.6696555129085593e-01   9.6984989181861447e-01   9.7122162939729639e-01   9.7150040409480687e-01   9.7078461944843486e-01   9.6887737338977642e-01   9.6524104136142119e-01   9.5887761524015636e-01   9.4813582244930150e-01   9.3045442925592137e-01   9.0210221780616717e-01   8.5806577262079653e-01   7.9238385597736238e-01   6.9931283788636256e-01   5.7550189455538669e-01   4.2257334321275269e-01   2.4848747102342039e-01   6.6085477792243608e-02  -1.1089192063539355e-01  -2.7187786675702508e-01  -4.1133285691956745e-01
  -2.6721436570706836e-01  -3.9906317100047528e-01  -5.1558830146493950e-01  -6.1525018373798601e-01  -6.9708850520228904e-01  -7.6108478296939741e-01  -8.0841958682038273e-01  -8.4129269222337422e-01  -8.6236161616707618e-01  -8.7407919229758035e-01  -8.7815265780583607e-01  -8.7516975857388513e-01  -8.6432048935671246e-01  -8.4315322693565853e-01  -8.0741976585442266e-01  -7.5126665079913557e-01  -6.6822319091160287e-01  -5.5334312661409268e-01  -4.0609595206925475e-01  -2.3240510780268347e-01  -4.3997846367409554e-02   1.4495046274760531e-01   3.2171720206516863e-01   4.7738014098210912e-01   6.0729505726009259e-01   7.1050321487330936e-01   7.8876420260183289e-01   8.4550801866602221e-01   8.8486121979415178e-01   9.1089220508563207e-01   9.2715836028754484e-01   9.3653365143162071e-01   9.4122938067082629e-01   9.4290548498273141e-01   9.4279829302145812e-01   9.4182271368752557e-01   9.4063850137337546e-01   9.3968561154327079e-01   9.3920511524448069e-01   9.3925620365317941e-01   9.3973367516901429e-01   9.4037344053386995e-01   9.4072858528464454e-01   9.4008827642476744e-01   9.3731380182761925e-01   9.3056030988971983e-01   9.1686213897966184e-01   8.9158485109597607e-01   8.4786381028770474e-01   7.7641706765569229e-01   6.6659747804938774e-01   5.0987100060872803e-01   3.0594613295569217e-01   6.8391264423117049e-02  -1.7653728042413652e-01  -4.0016984442699333e-01  -5.8336550649939634e-01  -7.2085790112621195e-01  -8.1753632899088480e-01  -8.8241702378653974e-01  -9.2443717379454782e-01  -9.5066751344598144e-01  -9.6598089243256169e-01  -9.7325489487836125e-01  -9.7356668975043081e-01  -9.6612579006822852e-01  -9.4778872488661425e-01  -9.1209798297035283e-01  -8.4805521344818735e-01  -7.3977476533419817e-01  -5.6998524790261085e-01  -3.3117081618822597e-01  -4.1186126577903603e-02   2.5468347962697946e-01   5.0790650272814775e-01   6.9413746673038768e-01   8.1599221693556689e-01   8.8858434347534776e-01   9.2709592431117338e-01   9.4191185557378321e-01   9.3811756358921561e-01   9.1617355971931080e-01   8.7252491762217366e-01   8.0028259522917644e-01   6.9097830174955532e-01   5.3872040033614466e-01   3.4660921281636492e-01   1.3133766992436968e-01  -8.0187574888819668e-02  -2.6188956379737860e-01  -3.9795001080320885e-01  -4.8369245234794456e-01  -5.2045696472463487e-01  -5.1023791115713291e-01  -4.5303261311696580e-01  -3.4736676370526981e-01  -1.9384155086736538e-01  -6.0679138032049273e-04   2.1304056597375920e-01   4.2021534319757714e-01   5.9702090153645060e-01   7.3168497860551329e-01   8.2521659660568836e-01   8.8583854157835151e-01   9.2323962821688454e-01   9.4552446309812432e-01   9.5845563292312730e-01   9.6576957683780973e-01   9.6975040963011327e-01   9.7172931208243696e-01   9.7242996876450971e-01   9.7217696169341972e-01   9.7099840675028959e-01   9.6865065559818864e-01   9.6457866898136080e-01   9.5782144381888878e-01   9.4686977970534825e-01   9.2950125646857273e-01   9.0264978604467050e-01   8.6242771217846281e-01   8.0447663689057047e-01   7.2481692256263808e-01   6.2117418895881182e-01   4.9435699997445437e-01   3.4887965031297441e-01   1.9218789782795659e-01   3.2709367098289144e-02  -1.2218184067292359e-01
   3.9394431877610603e-02  -1.1412664686240725e-01  -2.6581281803305734e-01  -4.0893381201527401e-01  -5.3621628985907566e-01  -6.4182530626878664e-01  -7.2315562930155730e-01  -7.8116272108576501e-01  -8.1917194109302116e-01  -8.4111846162404635e-01  -8.5009041878865177e-01  -8.4742360585825671e-01  -8.3216767164257055e-01  -8.0073494396236777e-01  -7.4684154687531179e-01  -6.6234284918995423e-01  -5.3990231678002498e-01  -3.7771997081692288e-01  -1.8400697635869823e-01   2.3301409943800144e-02   2.2320367185398071e-01   3.9973947383027619e-01   5.4553181526795602e-01   6.6024947346861784e-01   7.4731668065215229e-01   8.1138449846045535e-01   8.5704776555116546e-01   8.8836582959755073e-01   9.0874410408894013e-01   9.2095147806567090e-01   9.2719846017288698e-01   9.2924515540027208e-01   9.2851557974264187e-01   9.2619254055455513e-01   9.2327475153656757e-01   9.2058690963768242e-01   9.1875299384923936e-01   9.1815537495296407e-01   9.1891135554609682e-01   9.2088795698724157e-01   9.2375696713288336e-01   9.2706477949349619e-01   9.3027869505086369e-01   9.3277159178780100e-01   9.3372348964216278e-01   9.3192682281021311e-01   9.2548754341617567e-01   9.1141381285728607e-01   8.8511422314056531e-01   8.3992961571941471e-01   7.6707373810002966e-01   6.5675042730699573e-01   5.0143385456247414e-01   3.0136093978640732e-01   6.9399003765879000e-02  -1.7005802559456568e-01  -3.9013228955319207e-01  -5.7224211164903660e-01  -7.1050004654621290e-01  -8.0880016047702619e-01  -8.7538256745627618e-01  -9.1875916527090917e-01  -9.4581020018701467e-01  -9.6129924834587499e-01  -9.6794275556808695e-01  -9.6649097800972494e-01  -9.5553097057892289e-01  -9.3086330742991297e-01  -8.8447075541747555e-01  -8.0361221642024416e-01  -6.7183923887027563e-01  -4.7538732926324734e-01  -2.1660925442180612e-01   7.4757582923299426e-02   3.5077366240005298e-01   5.7291427708733900e-01   7.2904224138843454e-01   8.2720927861449101e-01   8.8160776711387201e-01   9.0373987221214380e-01   8.9954986864539377e-01   8.6924396436327123e-01   8.0788852629622654e-01   7.0685738426759581e-01   5.5757996335906279e-01   3.5871513154139301e-01   1.2392166319300961e-01  -1.1796652795538591e-01  -3.3478177864642816e-01  -5.0545213132656541e-01  -6.2435841714869011e-01  -6.9569656771763932e-01  -7.2587634217642727e-01  -7.1871685460900003e-01  -6.7360912869617751e-01  -5.8578807012858969e-01  -4.4886903895540531e-01  -2.6056813295796599e-01  -3.0621882461887073e-02   2.1531915516955569e-01   4.4352750891458587e-01   6.2824435549382840e-01   7.6131209613934692e-01   8.4895954012004704e-01   9.0311580397779689e-01   9.3512955479972104e-01   9.5345762336928552e-01   9.6366218676485649e-01   9.6914977644422240e-01   9.7191143046663164e-01   9.7306224924390905e-01   9.7317955819562518e-01   9.7249488214486934e-01   9.7098383471610805e-01   9.6838880985190134e-01   9.6419048197628732e-01   9.5754382298664620e-01   9.4718969443198375e-01   9.3136960258064794e-01   9.0778521576397397e-01   8.7367226592033487e-01   8.2606119707259718e-01   7.6226319674652276e-01   6.8050021245043157e-01   5.8045193069170598e-01   4.6342318530823584e-01   3.3200641363176364e-01   1.8947248501296721e-01
   3.3747139471634302e-01   1.8813037342719574e-01   2.1332291918153723e-02  -1.5526092551709303e-01  -3.2864489307158429e-01  -4.8393663779703994e-01  -6.0995416357763910e-01  -7.0273511360751528e-01  -7.6473512484823769e-01  -8.0137643305038364e-01  -8.1770257956462578e-01  -8.1631716411151145e-01  -7.9635500732122022e-01  -7.5301233933670564e-01  -6.7780141318531850e-01  -5.6067893921295031e-01  -3.9555056227875790e-01  -1.8815039908812703e-01   4.0257626018195269e-02   2.6032561294601131e-01   4.4870124250155080e-01   5.9596335817925239e-01   7.0427332037932133e-01   7.8098687307242476e-01   8.3395246740896944e-01   8.6957128919548110e-01   8.9252388521572601e-01   9.0610628062044551e-01   9.1265297599798956e-01   9.1388779490989647e-01   9.1118421950550976e-01   9.0575293291752490e-01   8.9876400722815886e-01   8.9139984932536653e-01   8.8482962645422747e-01   8.8010970932373844e-01   8.7803395864767197e-01   8.7898701152253877e-01   8.8286430727121079e-01   8.8910927526944161e-01   8.9686532522184437e-01   9.0518416608408891e-01   9.1319845639720676e-01   9.2018785749166165e-01   9.2551280205217989e-01   9.2843711618080538e-01   9.2786730905236081e-01   9.2202431743583535e-01   9.0804395390609693e-01   8.8152451694509870e-01   8.3613093748139955e-01   7.6359402105575791e-01   6.5478089459398259e-01   5.0269192054360368e-01   3.0742544341061184e-01   8.0682038483345181e-02  -1.5488930808739854e-01  -3.7357931215277362e-01  -5.5669681943809946e-01  -6.9735751156556935e-01  -7.9838460815363110e-01  -8.6732269185021171e-01  -9.1237125776702088e-01  -9.4030651630667306e-01  -9.5582367082447250e-01  -9.6147265209062849e-01  -9.5762772424360354e-01  -9.4217840666976638e-01  -9.0982958216678311e-01  -8.5118889246917862e-01  -7.5258978434035262e-01  -5.9898236726806853e-01  -3.8281692843605769e-01  -1.1687363821382535e-01   1.6208193521106801e-01   4.1027150509921112e-01   6.0043329912367716e-01   7.2837056091405694e-01   8.0304580408379289e-01   8.3506359130105690e-01   8.3056750734117868e-01   7.8948168179229072e-01   7.0610051937115370e-01   5.7204130276887444e-01   3.8287733282188530e-01   1.4747262908075812e-01  -1.0743724677848474e-01  -3.4613885615206497e-01  -5.4127443598989244e-01  -6.8331642441082840e-01  -7.7666206054116915e-01  -8.3074470073878059e-01  -8.5368419191879774e-01  -8.4954480122290987e-01  -8.1754204455899759e-01  -7.5200134445400191e-01  -6.4325914947726126e-01  -4.8113256000090865e-01  -2.6284697922235650e-01  -3.2016867476947208e-03   2.6343664932157046e-01   4.9797618740342930e-01   6.7698426382988863e-01   7.9886349520736588e-01   8.7523476159103164e-01   9.2043893915160901e-01   9.4615551140555343e-01   9.6033028246715435e-01   9.6787981164013615e-01   9.7168506660372445e-01   9.7337307496204128e-01   9.7382623492819009e-01   9.7348247358703555e-01   9.7249743379518594e-01   9.7081992536990191e-01   9.6821276790863953e-01   9.6423843119129038e-01   9.5822355656411762e-01   9.4921589667327722e-01   9.3595177655616468e-01   9.1685758683014928e-01   8.9010912209036375e-01   8.5375715056657930e-01   8.0589541054686686e-01   7.4479849987390456e-01   6.6893575881355849e-01   5.7682508308833547e-01   4.6685912358347670e-01
   5.7803052684755318e-01   4.5349502288269600e-01   2.9639317321076553e-01   1.0861357226694429e-01  -9.7437652248640871e-02  -2.9969955379255420e-01  -4.7506872378593129e-01  -6.0961471462036132e-01  -7.0163076285091075e-01  -7.5706165097316847e-01  -7.8317662008008404e-01  -7.8437440882798137e-01  -7.6025556135553907e-01  -7.0501492091553453e-01  -6.0828005399127560e-01  -4.5919885107224989e-01  -2.5552753462276911e-01  -1.3766178428486375e-02   2.3176546148459287e-01   4.4604610657134686e-01   6.1075614759113284e-01   7.2615521651936876e-01   8.0216306499153256e-01   8.5007581212099015e-01   8.7886722250363647e-01   8.9462279557518709e-01   9.0115123017503218e-01   9.0076964512809088e-01   8.9494915753589022e-01   8.8478277856307497e-01   8.7131236863692274e-01   8.5574185217743293e-01   8.3954450348186149e-01   8.2445415082574525e-01   8.1232878322944813e-01   8.0488962696563604e-01   8.0338071901795016e-01   8.0824324333888409e-01   8.1893699738869308e-01   8.3402083969186247e-01   8.5150823760485450e-01   8.6937080955792290e-01   8.8597505821191092e-01   9.0027822780427269e-01   9.1175089015802713e-01   9.2011340251621831e-01   9.2500320067038411e-01   9.2564010261789220e-01   9.2049449194940403e-01   9.0692928410649998e-01   8.8080880752331570e-01   8.3616102899025802e-01   7.6518879032243703e-01   6.5923378505636809e-01   5.1147132395987582e-01   3.2145646589387145e-01   9.9499643960238637e-02  -1.3336209109764702e-01  -3.5218814885454114e-01  -5.3776950182050987e-01  -6.8198536303558077e-01  -7.8652384415756971e-01  -8.5827100476872586e-01  -9.0517842081250188e-01  -9.3397036218583818e-01  -9.4929622861094654e-01  -9.5353416474524189e-01  -9.4666296027868024e-01  -9.2589117788670494e-01  -8.8500626753062162e-01  -8.1385601991969869e-01  -6.9928694931742819e-01  -5.2990794648708184e-01  -3.0586064724108269e-01  -4.7942526542900599e-02   2.0621719519184462e-01   4.2075948463955082e-01   5.7730297668814567e-01   6.7459918652927930e-01   7.1868250013326518e-01   7.1429302112685966e-01   6.6112290041598665e-01   5.5442076807327501e-01   3.8987739404917965e-01   1.7239926591589955e-01  -7.6401969565058181e-02  -3.2175440526378574e-01  -5.3160067319506221e-01  -6.9042649988114269e-01  -7.9952567422848020e-01  -8.6857367550595033e-01  -9.0795973554041332e-01  -9.2509980261381641e-01  -9.2341739233310061e-01  -9.0217458474369416e-01  -8.5623432302399893e-01  -7.7582359623166142e-01  -6.4756974680808521e-01  -4.5950196490962569e-01  -2.1201893448409254e-01   7.0833544414649174e-02   3.4531234096797736e-01   5.7150892320665081e-01   7.3350734846085941e-01   8.3785624737686837e-01   9.0031251012151903e-01   9.3587915967281765e-01   9.5539813096179071e-01   9.6573452325519971e-01   9.7094110002137635e-01   9.7331454205067103e-01   9.7411994148651226e-01   9.7402691848040657e-01   9.7335786746819286e-01   9.7221659138562877e-01   9.7055070251083642e-01   9.6817096129337410e-01   9.6474999500077274e-01   9.5980720057053781e-01   9.5269439257754396e-01   9.4258509462514350e-01   9.2847659700098872e-01   9.0919595912302564e-01   8.8339110095554996e-01   8.4945911005110919e-01   8.0536215719409243e-01   7.4829679674066052e-01   6.7429366477454056e-01
   7.4337971775384282e-01   6.4903800952158941e-01   5.1589600232691946e-01   3.3760027748985272e-01   1.1947343854513065e-01  -1.1599708190593983e-01  -3.3563312384528310e-01  -5.1241869437866172e-01  -6.3666724319139856e-01  -7.1292543752907289e-01  -7.5036439099451979e-01  -7.5548413893049382e-01  -7.2879495469673961e-01  -6.6401677100279555e-01  -5.4966008096626573e-01  -3.7528436967747586e-01  -1.4385238438248882e-01   1.1771960310897545e-01   3.6617763790327373e-01   5.6657432093981630e-01   7.0795158229347432e-01   7.9811169596440434e-01   8.5105464241692519e-01   8.7915018123838307e-01   8.9092693437528447e-01   8.9151212661576495e-01   8.8371930289202560e-01   8.6903915348181715e-01   8.4839853866700787e-01   8.2270709156717192e-01   7.9323331565156285e-01   7.6181901855893230e-01   7.3093469862730442e-01   7.0355792819204754e-01   6.8287222204290632e-01   6.7179176916155603e-01   6.7236729592060240e-01   6.8518925630714278e-01   7.0900373071987166e-01   7.4078707329329019e-01   7.7641221656638382e-01   8.1171961476539189e-01   8.4352285950286210e-01   8.7009132848522763e-01   8.9100684061034152e-01   9.0663093923190496e-01   9.1751091366768223e-01   9.2390684647845822e-01   9.2546213788263199e-01   9.2094085755981592e-01   9.0795508412361525e-01   8.8264526551582645e-01   8.3938818003294813e-01   7.7079007098376717e-01   6.6851744874217567e-01   5.2569725552246083e-01   3.4112258371186155e-01   1.2361894946592450e-01  -1.0729633064001476e-01  -3.2723278968197611e-01  -5.1623441494983391e-01  -6.6478672048010479e-01  -7.7337603188459314e-01  -8.4823077806126745e-01  -8.9708466676989729e-01  -9.2664172868989636e-01  -9.4152710928026551e-01  -9.4396795598851568e-01  -9.3360445895900646e-01  -9.0715067501681135e-01  -8.5797911595037102e-01  -7.7627321947075600e-01  -6.5119617201529600e-01  -4.7673891873825969e-01  -2.6016796918883689e-01  -2.6026994923212199e-02   1.9188458759579891e-01   3.6571515573028179e-01   4.8187973127581468e-01   5.3783155047528641e-01   5.3446087331178305e-01   4.7130242771136910e-01   3.4713806481238096e-01   1.6578704644962172e-01  -5.6411901152116861e-02  -2.8951420962623903e-01  -5.0068786769427853e-01  -6.6878340381357559e-01  -7.8946140524113784e-01  -8.6965701584576061e-01  -9.1967661388304256e-01  -9.4838519437838842e-01  -9.6156891252610643e-01  -9.6178110562771835e-01  -9.4839057512110847e-01  -9.1725866089973906e-01  -8.5999138876781656e-01  -7.6345570503865778e-01  -6.1166588350951201e-01  -3.9365378060357320e-01  -1.1786149919408589e-01   1.7898727622178623e-01   4.4675320840449817e-01   6.5172738441519873e-01   7.8935156460753864e-01   8.7351828299766698e-01   9.2185752675457655e-01   9.4841856154399662e-01   9.6246293994016541e-01   9.6954078952340517e-01   9.7281497126650707e-01   9.7403549571359471e-01   9.7415011748968894e-01   9.7365379039628619e-01   9.7278213524373691e-01   9.7161063780978096e-01   9.7010441864192343e-01   9.6813725231996983e-01   9.6549737284177284e-01   9.6188334432799572e-01   9.5689806122840759e-01   9.5003557472133660e-01   9.4065511575710992e-01   9.2791945995997160e-01   9.1066675790223961e-01   8.8716266279996558e-01   8.5468707745488837e-01   8.0893737844330504e-01
   8.4153576113806117e-01   7.7133800298931088e-01   6.6217400634625245e-01   5.0158534660732013e-01   2.8657586591260376e-01   3.4707545751287427e-02  -2.1626799640689331e-01  -4.2773244147698547e-01  -5.8045290719914289e-01  -6.7588298591069318e-01  -7.2430826880094545e-01  -7.3422373981307054e-01  -7.0737537478026713e-01  -6.3769646838302352e-01  -5.1349649197932334e-01  -3.2529571437785265e-01  -8.0119767878241599e-02   1.8862301567160017e-01   4.3371094910502866e-01   6.2213016320218961e-01   7.4783248413494430e-01   8.2226353773684935e-01   8.6068780584075055e-01   8.7520253432455664e-01   8.7343631119370335e-01   8.5949281357040275e-01   8.3529472531615523e-01   8.0175770731072915e-01   7.5971095827356994e-01   7.1055260477450499e-01   6.5662861440978437e-01   6.0132509904880849e-01   5.4891120489605116e-01   5.0419530417224856e-01   4.7205466119940676e-01   4.5684942115637439e-01   4.6169863424609459e-01   4.8762305764203273e-01   5.3274083109144832e-01   5.9198067675630350e-01   6.5787337382858679e-01   7.2248067916154446e-01   7.7960986271947219e-01   8.2608673075195349e-01   8.6158177098951627e-01   8.8750026358196532e-01   9.0577362808785578e-01   9.1802893761394744e-01   9.2517222291605383e-01   9.2721183302822729e-01   9.2314390860336326e-01   9.1078494915639174e-01   8.8652003635781029e-01   8.4503544617512660e-01   7.7927660721597580e-01   6.8113304186818313e-01   5.4356225798447610e-01   3.6449755057206562e-01   1.5125263819345369e-01  -7.8131499025130113e-02  -2.9972769828315871e-01  -4.9272770535828758e-01  -6.4611801339330976e-01  -7.5911130324020604e-01  -8.3725203931669223e-01  -8.8806666630251319e-01  -9.1826656264210405e-01  -9.3249584332374291e-01  -9.3291009435897243e-01  -9.1899337711165907e-01  -8.8737723965879833e-01  -8.3185444255381369e-01  -7.4432698179000067e-01  -6.1785752656940263e-01  -4.5227833998362033e-01  -2.5975761133460851e-01  -6.4610071569093819e-02   1.0504168305952177e-01   2.2732323399644694e-01   2.9029474905310015e-01   2.8926845586968775e-01   2.2355971028519278e-01   9.7045156175774416e-02  -7.7742244330327781e-02  -2.7713312584887295e-01  -4.7156150541913283e-01  -6.3701125538549230e-01  -7.6293642793643079e-01  -8.5106891924407435e-01  -9.0918459437425070e-01  -9.4574517024789684e-01  -9.6734610289480227e-01  -9.7811605813957492e-01  -9.7982540294024567e-01  -9.7194828292569269e-01  -9.5131451741530293e-01  -9.1124087927356490e-01  -8.4038011724647832e-01  -7.2254627686912909e-01  -5.4073314880096179e-01  -2.8928253019201666e-01   9.8869208385398144e-03   3.0723711813563981e-01   5.5364472915822704e-01   7.2840381573285728e-01   8.3879005633750381e-01   9.0322682641348695e-01   9.3887319193116947e-01   9.5776814336581817e-01   9.6731614733835869e-01   9.7177858883206791e-01   9.7352116358934260e-01   9.7383361940070567e-01   9.7340600954696588e-01   9.7259931257482002e-01   9.7158653037960074e-01   9.7043176775535944e-01   9.6912568344970651e-01   9.6760664426942888e-01   9.6576393342541889e-01   9.6343719328332589e-01   9.6039805580496806e-01   9.5631850674922492e-01   9.5069675638443840e-01   9.4272401521305449e-01   9.3103776214492973e-01   9.1331271890793309e-01   8.8561593129718530e-01
   8.8729932536759393e-01   8.3116453212672126e-01   7.3753093895318989e-01   5.9097750629706702e-01   3.8313313354074163e-01   1.2649280136852969e-01  -1.4075688820528665e-01  -3.7324958738067759e-01  -5.4460126856102398e-01  -6.5326310366066387e-01  -7.0992583283714694e-01  -7.2455295592951452e-01  -7.0015278626393174e-01  -6.3147072392137238e-01  -5.0737328178024421e-01  -3.1901125264779673e-01  -7.4318889788769660e-02   1.9241668454349092e-01   4.3376836959769438e-01   6.1719420267507896e-01   7.3708499253055315e-01   8.0482980955978412e-01   8.3517020319457824e-01   8.3938564977439301e-01   8.2413878884988734e-01   7.9259444036056537e-01   7.4603179980337531e-01   6.8535873523319046e-01   6.1230554082338451e-01   5.3010820105174494e-01   4.4357049413407906e-01   3.5860787764505897e-01   2.8157365542013579e-01   2.1868113802487910e-01   1.7566074170233326e-01   1.5755529460150322e-01   1.6836960697685335e-01   2.1023589538494700e-01   2.8196836805980413e-01   3.7754756903594267e-01   4.8594662205813621e-01   5.9360644142893437e-01   6.8883400804745831e-01   7.6525080071563989e-01   8.2215515958976348e-01   8.6245464782304404e-01   8.9019956689865642e-01   9.0898065282188245e-01   9.2128458014228909e-01   9.2840264982739784e-01   9.3051222900742747e-01   9.2671913782688931e-01   9.1497462227590765e-01   8.9186344865968192e-01   8.5234086683138111e-01   7.8964093347667652e-01   6.9581680652420919e-01   5.6360313286277708e-01   3.9005043503543824e-01   1.8096881181486524e-01  -4.7065040000297209e-02  -2.7058370407451504e-01  -4.6789733019888818e-01  -6.2642344867136734e-01  -7.4402722150363310e-01  -8.2553276788246854e-01  -8.7826718648968383e-01  -9.0899360214134628e-01  -9.2246046059769105e-01  -9.2091632048096395e-01  -9.0401393332061175e-01  -8.6890983936664745e-01  -8.1080182033340220e-01  -7.2452197890118131e-01  -6.0775131022314488e-01  -4.6525161549321092e-01  -3.1139327206588152e-01  -1.6783777353756407e-01  -5.6962788103591788e-02   4.2727979406343986e-03   6.7508209602049618e-03  -5.0684589767856003e-02  -1.6063358926670146e-01  -3.0636873615262283e-01  -4.6431605621625627e-01  -6.1132724861904952e-01  -7.3240495788136128e-01  -8.2316497854816872e-01  -8.8678938605224489e-01  -9.2944161385561475e-01  -9.5711107709033005e-01  -9.7430021805267575e-01  -9.8379493077244140e-01  -9.8676965322573007e-01  -9.8279127424860002e-01  -9.6948270551396809e-01  -9.4170428049869281e-01  -8.9024843890686267e-01  -8.0063627479499044e-01  -6.5421109726912918e-01  -4.3604265704978029e-01  -1.5181858267416390e-01   1.5940264788321357e-01   4.4088303502986015e-01   6.5422615130786033e-01   7.9490452726478966e-01   8.7904112199507611e-01   9.2616369288545497e-01   9.5129891500648067e-01   9.6406467378606064e-01   9.7008453927295690e-01   9.7249943361112701e-01   9.7302174457219848e-01   9.7257279086367454e-01   9.7164199321017231e-01   9.7048407568165640e-01   9.6922568672143594e-01   9.6792327689283808e-01   9.6659458486445282e-01   9.6523264639158701e-01   9.6380706631774016e-01   9.6224746353577717e-01   9.6040348890578631e-01   9.5796599835864971e-01   9.5433150295382541e-01   9.4836688979033690e-01   9.3802082359988193e-01   9.1969238849352841e-01
   8.8967223219585501e-01   8.3737165267253166e-01   7.4813874088324417e-01   6.0600765171031701e-01   4.0140021176813478e-01   1.4533018134384645e-01  -1.2449000535150678e-01  -3.6147855951323526e-01  -5.3751771847174801e-01  -6.5018222489902544e-01  -7.1026852341725910e-01  -7.2837734293282508e-01  -7.0843147485020297e-01  -6.4630402836993150e-01  -5.3192614756389656e-01  -3.5646209931703854e-01  -1.2538297085550298e-01   1.3155631057488937e-01   3.6980172973668080e-01   5.5526575487954544e-01   6.7830787207270560e-01   7.4685095291489212e-01   7.7355885643776068e-01   7.6844198800110441e-01   7.3718907754238816e-01   6.8231565022445562e-01   6.0525221127391149e-01   5.0843030972940495e-01   3.9664602334711074e-01   2.7713921157153276e-01   1.5844635356499764e-01   4.8806557659574867e-02  -4.4934712115183073e-02  -1.1750197800968809e-01  -1.6464060447879830e-01  -1.8233695582765630e-01  -1.6633701366632603e-01  -1.1254451498249493e-01  -1.8895468206994614e-02   1.1125099237605721e-01   2.6601312538466948e-01   4.2592356171581347e-01   5.7068476527665413e-01   6.8728584951964289e-01   7.7293588766059373e-01   8.3205314232099348e-01   8.7155756990186850e-01   8.9774058610990926e-01   9.1512458903904403e-01   9.2644600953498246e-01   9.3298986725346889e-01   9.3488519030587258e-01   9.3123695654500982e-01   9.2007409926154149e-01   8.9814575103023597e-01   8.6064392186567873e-01   8.0105661631038927e-01   7.1156808986958597e-01   5.8467593889964153e-01   4.1656281784168320e-01   2.1156329328355872e-01  -1.5209893159128018e-02  -2.4077815300563982e-01  -4.4257367504463208e-01  -6.0639198011950879e-01  -7.2868515283008617e-01  -8.1353102414326017e-01  -8.6808740201327539e-01  -8.9924902009598728e-01  -9.1200936870534621e-01  -9.0895162211606184e-01  -8.9030907924082925e-01  -8.5439424802491126e-01  -7.9857710436690921e-01  -7.2112176930487604e-01  -6.2384485262681388e-01  -5.1454640278946506e-01  -4.0732298676980161e-01  -3.1965212445782121e-01  -2.6752210495577977e-01  -2.6110114711894350e-01  -3.0221710823814713e-01  -3.8357197993621273e-01  -4.9011846180304092e-01  -6.0336990383087952e-01  -7.0739808411843241e-01  -7.9303250280916759e-01  -8.5811758634914059e-01  -9.0499068764023882e-01  -9.3764114996798331e-01  -9.5988832827240811e-01  -9.7463041246824944e-01  -9.8368604735286014e-01  -9.8782415343641627e-01  -9.8670254014135250e-01  -9.7856268100473054e-01  -9.5951469650370447e-01  -9.2231835638638693e-01  -8.5481648400653398e-01  -7.3930013822066665e-01  -5.5643664876266419e-01  -2.9876385361488778e-01   1.0371896043280815e-02   3.1652547094650096e-01   5.6677250182331218e-01   7.4078846675421972e-01   8.4830172366865331e-01   9.0961485405823861e-01   9.4264923259799216e-01   9.5954750934352473e-01   9.6758583209519711e-01   9.7086486311129105e-01   9.7161977701685731e-01   9.7104618108787766e-01   9.6977056221718316e-01   9.6811399153943389e-01   9.6623492041813908e-01   9.6421282013418219e-01   9.6209543076170645e-01   9.5992717284117379e-01   9.5775551089397792e-01   9.5561399511131651e-01   9.5347197106688786e-01   9.5114057396108631e-01   9.4811715734031266e-01   9.4334008291642357e-01   9.3480042174626909e-01   9.1892750305123139e-01
   8.4707467204808751e-01   7.8910319452891031e-01   6.9349601279666473e-01   5.4582645455098389e-01   3.3943913279662680e-01   8.8092126401543236e-02  -1.7095850125499956e-01  -3.9526208633134330e-01  -5.6096573884515821e-01  -6.6739703044488430e-01  -7.2524310314380902e-01  -7.4473505026493647e-01  -7.3006986528290319e-01  -6.7822013004270154e-01  -5.8048001306821917e-01  -4.2784059062352442e-01  -2.2145156873494565e-01   1.7217675136024568e-02   2.4978068048152013e-01   4.4049802952947475e-01   5.7263750707360228e-01   6.4739868069128137e-01   6.7342732978000697e-01   6.5873586633916970e-01   6.0813248829948929e-01   5.2440177937828070e-01   4.1111172861672357e-01   2.7514581950983552e-01   1.2723942608904892e-01  -2.0057942311320465e-02  -1.5558595715191409e-01  -2.7174255340588183e-01  -3.6459990649731799e-01  -4.3255252880808337e-01  -4.7454602767027831e-01  -4.8855319365090966e-01  -4.7055301894865570e-01  -4.1435022818548417e-01  -3.1307864360312587e-01  -1.6358384172551430e-01   2.6765874720605876e-02   2.3607391210625378e-01   4.3420380027251954e-01   5.9727429245074504e-01   7.1703367044788624e-01   7.9834294916060811e-01   8.5130071896434123e-01   8.8548717475232874e-01   9.0786753980395463e-01   9.2279033224147133e-01   9.3262300334561477e-01   9.3834088351896938e-01   9.3989137114428378e-01   9.3632039100068687e-01   9.2570767404350085e-01   9.0494466907023974e-01   8.6943772617132731e-01   8.1290124151930576e-01   7.2763022119697207e-01   6.0588290589711591e-01   4.4300356849376021e-01   2.4189049840591920e-01   1.6209217301526524e-02  -2.1156313185728082e-01  -4.1796860253938273e-01  -5.8713072953957346e-01  -7.1404460638483558e-01  -8.0205857235354916e-01  -8.5823726754876040e-01  -8.8973577582569585e-01  -9.0197241939253237e-01  -8.9812619780468894e-01  -8.7936280271567113e-01  -8.4553483026264675e-01  -7.9635135336843821e-01  -7.3301669725395280e-01  -6.5994279911419707e-01  -5.8562791938195402e-01  -5.2172609250499768e-01  -4.8022343271578616e-01  -4.6981101111179790e-01  -4.9299484754006129e-01  -5.4509159149903719e-01  -6.1570577130551951e-01  -6.9233146470757934e-01  -7.6440008772519163e-01  -8.2566657536854704e-01  -8.7420400201721915e-01  -9.1092010557343217e-01  -9.3792624085871057e-01  -9.5743518326180532e-01  -9.7123929867642100e-01  -9.8052927017040969e-01  -9.8583852842100983e-01  -9.8693478894537479e-01  -9.8254499591298061e-01  -9.6975889951754457e-01  -9.4297542369180620e-01  -8.9233119562132390e-01  -8.0223373627209071e-01  -6.5245607044217691e-01  -4.2704001998811447e-01  -1.3333739671779460e-01   1.8478735665393584e-01   4.6690229079030354e-01   6.7565749796748609e-01   8.0999952050657087e-01   8.8847661300270953e-01   9.3134959833730002e-01   9.5348350734878184e-01   9.6410482643945372e-01   9.6848129434931418e-01   9.6948798190968088e-01   9.6864102588108947e-01   9.6670887219348800e-01   9.6405095282304876e-01   9.6081264035901626e-01   9.5703908278820193e-01   9.5275434216380195e-01   9.4801055588736249e-01   9.4291347460461361e-01   9.3760357759682522e-01   9.3218651149041087e-01   9.2659560753583192e-01   9.2038889738840191e-01   9.1245525526736659e-01   9.0060192514143256e-01   8.8094661641330563e-01
   7.4672774998678926e-01   6.7494216007052399e-01   5.6512921429683971e-01   4.0685379475870609e-01   1.9976696885841605e-01  -3.7732358660960030e-02  -2.7099648471325438e-01  -4.6671529876991757e-01  -6.0926845457728540e-01  -7.0089623203538587e-01  -7.5154544823134328e-01  -7.7006325111647411e-01  -7.6020001720093400e-01  -7.1973197661109756e-01  -6.4139706755269388e-01  -5.1636566671734874e-01  -3.4167309969937676e-01  -1.2947278610186785e-01   9.0821858145753331e-02   2.8428161892045034e-01   4.2675700267997180e-01   5.1038677327258108e-01   5.3763188460618383e-01   5.1355920968773972e-01   4.4250737886149866e-01   3.2934118057359546e-01   1.8273192689963208e-01   1.6911423592368746e-02  -1.5061404880872131e-01  -3.0423981364828528e-01  -4.3432368077000583e-01  -5.3763375325972573e-01  -6.1509863609160842e-01  -6.6901425218218447e-01  -7.0091409535211924e-01  -7.1017566806143773e-01  -6.9304001477293997e-01  -6.4198874093798808e-01  -5.4627143655852484e-01  -3.9561585354279222e-01  -1.8905029308689125e-01   5.4853201108915783e-02   2.9906885629022628e-01   5.0692363670024410e-01   6.6119967007754799e-01   7.6519240928819343e-01   8.3170011449239500e-01   8.7367559146804685e-01   9.0063870074386521e-01   9.1856818951371966e-01   9.3084282758497494e-01   9.3913725481417165e-01   9.4401018640716028e-01   9.4519786974249631e-01   9.4168404437489994e-01   9.3159359805801967e-01   9.1195066838359751e-01   8.7835377822075977e-01   8.2471748014445367e-01   7.4341843739401159e-01   6.2646551517423443e-01   4.6838239850861357e-01   2.7068297731403523e-01   4.5646404213760206e-02  -1.8468128493371561e-01  -3.9587177299569920e-01  -5.7030892733252780e-01  -7.0154130387823366e-01  -7.9228599814384648e-01  -8.4966916535577919e-01  -8.8127252905717701e-01  -8.9311104245933859e-01  -8.8912486553602121e-01  -8.7152779529944258e-01  -8.4162442537028204e-01  -8.0091409168969119e-01  -7.5227538848299003e-01  -7.0080943438932619e-01  -6.5378289459800620e-01  -6.1933995863451885e-01  -6.0428213132761410e-01  -6.1182744549645762e-01  -6.4044437558740031e-01  -6.8443183443123301e-01  -7.3603207740808430e-01  -7.8796580145573736e-01  -8.3514481774400040e-01  -8.7505865228644653e-01  -9.0721358320769940e-01  -9.3227476064563430e-01  -9.5135333568167058e-01  -9.6555214181095694e-01  -9.7572345836223606e-01  -9.8232539006965403e-01  -9.8528065850590252e-01  -9.8372350188542834e-01  -9.7551859537625440e-01  -9.5638050818825260e-01  -9.1846414223403749e-01  -8.4861141927306982e-01  -7.2774745465822843e-01  -5.3568088021253057e-01  -2.6669019106992736e-01   5.0485067748747559e-02   3.5646150917684616e-01   5.9918416154812615e-01   7.6319366997518812e-01   8.6194752434846533e-01   9.1687097979083321e-01   9.4554876835838164e-01   9.5943001972589115e-01   9.6517692427479573e-01   9.6643100038855489e-01   9.6507397634990699e-01   9.6200074191572593e-01   9.5755049906711942e-01   9.5176644602904470e-01   9.4455745449980211e-01   9.3583152432810235e-01   9.2559530009275326e-01   9.1402104635689607e-01   9.0143188535615781e-01   8.8819379176056890e-01   8.7448985391992229e-01   8.6000756931169620e-01   8.4354783459313709e-01   8.2256813258664663e-01   7.9262191667381199e-01
   5.6930943826338010e-01   4.7995018186108823e-01   3.5568929835092455e-01   1.9227098422421562e-01  -3.6592142434847541e-03  -2.1165194458167252e-01  -4.0416138939235741e-01  -5.5986167055455582e-01  -6.7156217009423869e-01  -7.4346639904572720e-01  -7.8381343097148848e-01  -7.9932661955667950e-01  -7.9275322725973385e-01  -7.6225421418671302e-01  -7.0183471863482993e-01  -6.0329779119312166e-01  -4.6103075016234424e-01  -2.7947313266737939e-01  -7.8417574626506559e-02   1.1125950155185177e-01   2.6058850428694186e-01   3.5262402015167271e-01   3.8236211334337911e-01   3.5124493805299334e-01   2.6381034753611915e-01   1.2883547555812330e-01  -3.8054051533233435e-02  -2.1532258428014728e-01  -3.8165303395772587e-01  -5.2278490874198513e-01  -6.3375713223742913e-01  -7.1636191627769863e-01  -7.7516344388311487e-01  -8.1450954377290996e-01  -8.3691552304020811e-01  -8.4218748517911401e-01  -8.2666431200629242e-01  -7.8233435994646938e-01  -6.9646242970142291e-01  -5.5395068801039749e-01  -3.4608754601455194e-01  -8.5051982363076928e-02   1.9013231412711973e-01   4.3242078449910987e-01   6.1491528935597328e-01   7.3782898732034508e-01   8.1559578145676181e-01   8.6392159693361426e-01   8.9449751357757368e-01   9.1467579045195391e-01   9.2865350933801027e-01   9.3863341963704594e-01   9.4559696632320711e-01   9.4973070770086987e-01   9.5060046026224021e-01   9.4714981419239508e-01   9.3755506906606167e-01   9.1896208418913550e-01   8.8713687577619704e-01   8.3615431891575520e-01   7.5842546634257713e-01   6.4566802312604643e-01   4.9157908448652782e-01   2.9634929323840636e-01   7.1022274085793591e-02  -1.6256221502421347e-01  -3.7878481141000409e-01  -5.5820143570913561e-01  -6.9302538695481819e-01  -7.8558627074846732e-01  -8.4332323873165405e-01  -8.7442043892822574e-01  -8.8556457835192082e-01  -8.8140760186980571e-01  -8.6496921568897889e-01  -8.3844360561219999e-01  -8.0413345975059325e-01  -7.6526380400070604e-01  -7.2640225248508083e-01  -6.9319435029847498e-01  -6.7134199532411598e-01  -6.6509549925733735e-01  -6.7590940771932340e-01  -7.0194731540933331e-01  -7.3875724429123157e-01  -7.8076371004179546e-01  -8.2284033214239827e-01  -8.6131181488499631e-01  -8.9421572549851791e-01  -9.2100620256626509e-01  -9.4203932860165485e-01  -9.5806929782281447e-01  -9.6988225477998147e-01  -9.7804345664114722e-01  -9.8271341927531064e-01  -9.8341445091524582e-01  -9.7864941721683196e-01  -9.6518880538240515e-01  -9.3687446585584344e-01  -8.8288373375658669e-01  -7.8625849639279011e-01  -6.2569109822895785e-01  -3.8648416079270420e-01  -8.1586250934345961e-02   2.3823099584495322e-01   5.1166981822575952e-01   7.0711964931387705e-01   8.2920659676396857e-01   8.9862834079517806e-01   9.3537234754527454e-01   9.5331256069952119e-01   9.6073856692548976e-01   9.6218702661617872e-01   9.5993677404265987e-01   9.5495203399584994e-01   9.4742939895449352e-01   9.3713221658315415e-01   9.2363815086303280e-01   9.0657118107128210e-01   8.8582204678643084e-01   8.6170731044332949e-01   8.3497889654185387e-01   8.0661875710556497e-01   7.7742718589420223e-01   7.4749304009967255e-01   7.1565584188105347e-01   6.7903486554862913e-01   6.3266019743452717e-01
   3.0525301357103291e-01   2.0442889415817717e-01   7.7739291502672767e-02  -7.3338726933568993e-02  -2.3880498106742595e-01  -4.0163038563407644e-01  -5.4436771867961153e-01  -6.5634692385693694e-01  -7.3587653476610337e-01  -7.8722760818038251e-01  -8.1623791515583033e-01  -8.2726874195696620e-01  -8.2180998730676180e-01  -7.9801247723745661e-01  -7.5075899904200405e-01  -6.7263517383386162e-01  -5.5688642866713700e-01  -4.0306528153069143e-01  -2.2324391079467537e-01  -4.2771103535613197e-02   1.0818094261290134e-01   2.0617417090531193e-01   2.3952526459323792e-01   2.0622318220875141e-01   1.1135707734386358e-01  -3.2261639495454630e-02  -2.0333036234199980e-01  -3.7624306046326728e-01  -5.2966933391400761e-01  -6.5272822538891784e-01  -7.4458632934823177e-01  -8.0998452936095255e-01  -8.5491509393199605e-01  -8.8412950122635359e-01  -9.0009500321152092e-01  -9.0248290093762118e-01  -8.8754506059306770e-01  -8.4711356236454671e-01  -7.6774902345804441e-01  -6.3219442325977604e-01  -4.2747182584215154e-01  -1.6104960106547117e-01   1.2864007806037075e-01   3.8925323834931624e-01   5.8763882016190050e-01   7.2144519904595727e-01   8.0571642484368333e-01   8.5768983261466414e-01   8.9032366263474527e-01   9.1177892749325051e-01   9.2673442383817894e-01   9.3770376677231004e-01   9.4591836619811975e-01   9.5183467554892398e-01   9.5537383285574906e-01   9.5599242886622071e-01   9.5262006836096225e-01   9.4348888134284281e-01   9.2584837372732920e-01   8.9559455343109140e-01   8.4689880402627471e-01   7.7212299709944077e-01   6.6260330328496997e-01   5.1116797768889410e-01   3.1677191406092448e-01   8.9528637963303639e-02  -1.4844591644107463e-01  -3.6991146258970053e-01  -5.5351776565030342e-01  -6.9045338222996899e-01  -7.8312568900413815e-01  -8.3963041323720267e-01  -8.6886604157574543e-01  -8.7805892658669971e-01  -8.7221571386447816e-01  -8.5456131173417882e-01  -8.2736085210968990e-01  -7.9283462647217151e-01  -7.5400612540404133e-01  -7.1525428558696702e-01  -6.8225105040129930e-01  -6.6101816711587136e-01  -6.5626042892151326e-01  -6.6969567573619670e-01  -6.9932566318596023e-01  -7.4010964061098883e-01  -7.8569672816542147e-01  -8.3031912770286609e-01  -8.7002820895733723e-01  -9.0296671308655641e-01  -9.2892468891072599e-01  -9.4862834864685786e-01  -9.6311309027169612e-01  -9.7329812204973476e-01  -9.7972751097235700e-01  -9.8235794455822145e-01  -9.8026201018960157e-01  -9.7107938411820782e-01  -9.5003518366808959e-01  -9.0837712475358656e-01  -8.3156084202808866e-01  -6.9910874155452074e-01  -4.9123917716409160e-01  -2.0720696539963698e-01   1.1571850667716260e-01   4.1418930974614043e-01   6.4133654048541011e-01   7.8948113832267863e-01   8.7600534166520183e-01   9.2254341751486668e-01   9.4546836667440448e-01   9.5490952276125551e-01   9.5642041343488871e-01   9.5267280470326776e-01   9.4457248199845023e-01   9.3193520769237415e-01   9.1391911217253241e-01   8.8942342184382395e-01   8.5753288967792018e-01   8.1801111054172981e-01   7.7166249112558905e-01   7.2035430990994520e-01   6.6654709191458372e-01   6.1245418563089771e-01   5.5911475526923826e-01   5.0570635818137066e-01   4.4922919441191156e-01   3.8460573187323133e-01
  -1.9876174916138134e-02  -1.1512526069485052e-01  -2.2391788520366579e-01  -3.4269271160366743e-01  -4.6318094232234486e-01  -5.7489674178811012e-01  -6.6909599613227444e-01  -7.4158468130237110e-01  -7.9276531261310890e-01  -8.2566504370729543e-01  -8.4368815350756465e-01  -8.4906787661545036e-01  -8.4204895862385021e-01  -8.2047153132483153e-01  -7.7962805797027002e-01  -7.1271501901316281e-01  -6.1278328537681526e-01  -4.7712999361567521e-01  -3.1330194894183133e-01  -1.4213717494285394e-01   7.3456167426582120e-03   1.0894252046744685e-01   1.4704728704122699e-01   1.1735685833483961e-01   2.5164336085791383e-02  -1.1474110689680392e-01  -2.7897688636185264e-01  -4.4145645934806121e-01  -5.8229249702522790e-01  -6.9276740840467244e-01  -7.7363996607366126e-01  -8.3028944283373085e-01  -8.6866379700281071e-01  -8.9316897336042933e-01  -9.0586740899533302e-01  -9.0607493882769352e-01  -8.8976741154490890e-01  -8.4858233120551951e-01  -7.6895128716139749e-01  -6.3352180990199691e-01  -4.2918926815348812e-01  -1.6320997266444151e-01   1.2621814179697338e-01   3.8683234201649275e-01   5.8537970282002094e-01   7.1937452841574590e-01   8.0380010482491593e-01   8.5589690445924416e-01   8.8865593423817069e-01   9.1027995342243073e-01   9.2549687228966437e-01   9.3688157552894569e-01   9.4575269989583710e-01   9.5269533378685367e-01   9.5782875462454808e-01   9.6091349143628846e-01   9.6134615296509496e-01   9.5806211252774542e-01   9.4934207335597143e-01   9.3251157059759937e-01   9.0353649210511044e-01   8.5658902517460456e-01   7.8384153811168999e-01   6.7609429380505226e-01   5.2521983793859872e-01   3.2909695510696790e-01   9.7477168258067015e-02  -1.4636381040649626e-01  -3.7289349808954053e-01  -5.5890704901500809e-01  -6.9525368047674885e-01  -7.8515865069492785e-01  -8.3773467875981544e-01  -8.6248365794296067e-01  -8.6668969563681664e-01  -8.5496844335364564e-01  -8.2988213020111545e-01  -7.9304132521155390e-01  -7.4649172183207402e-01  -6.9416788264055773e-01  -6.4280738494406442e-01  -6.0145123170776593e-01  -5.7914650610301499e-01  -5.8174785410613539e-01  -6.0957608038196953e-01  -6.5726858666231702e-01  -7.1585619991045246e-01  -7.7594669041656639e-01  -8.3041548360054962e-01  -8.7553509896549275e-01  -9.1055232071177339e-01  -9.3651980617467478e-01  -9.5515678965612627e-01  -9.6810379937658564e-01  -9.7653392120297788e-01  -9.8095954395125950e-01  -9.8102473453731120e-01  -9.7512037677436414e-01  -9.5961094990630669e-01  -9.2750890095100191e-01  -8.6662535755280123e-01  -7.5834406802204779e-01  -5.8084929503758898e-01  -3.2312757213902443e-01  -7.1974951220310501e-03   3.0865103043696152e-01   5.6588359867080351e-01   7.4213519610147194e-01   8.4838617141499850e-01   9.0662275460989250e-01   9.3558409386534991e-01   9.4739656822225560e-01   9.4872801963414977e-01   9.4257816175897124e-01   9.2955612811207433e-01   9.0868248622353143e-01   8.7797673759127504e-01   8.3515103893680243e-01   7.7854712328979003e-01   7.0821365737014541e-01   6.2661727560412861e-01   5.3842660695573996e-01   4.4920651452696564e-01   3.6361946093370801e-01   2.8398777491264765e-01   2.0974465338805642e-01   1.3771726816950558e-01   6.2984003842617542e-02
  -3.4214914101038590e-01  -4.1466319799796447e-01  -4.9117733699453875e-01  -5.6923563884283301e-01  -6.4423704829699235e-01  -7.1111741513151805e-01  -7.6614284260566268e-01  -8.0783275711225933e-01  -8.3669152186398488e-01  -8.5421697417869380e-01  -8.6183327949225297e-01  -8.6008877336770317e-01  -8.4811606874035994e-01  -8.2324387108131158e-01  -7.8077386957988160e-01  -7.1427405980141145e-01  -6.1718488785693637e-01  -4.8662959724219113e-01  -3.2887666951286632e-01  -1.6259697894494068e-01  -1.4919210920180059e-02   8.8592068109747846e-02   1.3199555294073911e-01   1.1051218098294413e-01   2.9032403915576932e-02  -9.8515441039131055e-02  -2.5046926339401526e-01  -4.0277859794185600e-01  -5.3678984633214566e-01  -6.4372835697202369e-01  -7.2344435981071831e-01  -7.8023079424000430e-01  -8.1912967402335379e-01  -8.4386875856872723e-01  -8.5597225727707671e-01  -8.5427476636873401e-01  -8.3431372705265983e-01  -7.8748466417160456e-01  -7.0063609547423977e-01  -5.5833608389597034e-01  -3.5144503095626461e-01  -9.1508163949126975e-02   1.8307083456466378e-01   4.2542025481123158e-01   6.0836145604768954e-01   7.3177458197888468e-01   8.0995310607926285e-01   8.5862475090031687e-01   8.8957828182364262e-01   9.1029074527032483e-01   9.2511100705611815e-01   9.3643809148542334e-01   9.4553440290633439e-01   9.5300553389495080e-01   9.5906003957320429e-01   9.6362512421666602e-01   9.6637363715998625e-01   9.6667427628067781e-01   9.6347248500242821e-01   9.5507798012770206e-01   9.3884380294213565e-01   9.1071633506622307e-01   8.6472168020809814e-01   7.9263030913452359e-01   6.8446833100282389e-01   5.3104311738485444e-01   3.2948710186932534e-01   9.0225338829183821e-02  -1.6086578340278485e-01  -3.9113850966833152e-01  -5.7603191729984515e-01  -7.0732254364267944e-01  -7.8999885243922818e-01  -8.3430235110259066e-01  -8.4972243891056443e-01  -8.4255102986839203e-01  -8.1583412238765618e-01  -7.7062856750707354e-01  -7.0814466535786380e-01  -6.3245680572114771e-01  -5.5266284065231108e-01  -4.8264280198216247e-01  -4.3748224938654268e-01  -4.2819022105071197e-01  -4.5768668240974603e-01  -5.1989495685350429e-01  -6.0203459095504197e-01  -6.8916953389333835e-01  -7.6901457559522535e-01  -8.3469994026111649e-01  -8.8462785276280365e-01  -9.2054452920083274e-01  -9.4545416090999679e-01  -9.6226132782849172e-01  -9.7315201450831257e-01  -9.7940950029240048e-01  -9.8132534915326186e-01  -9.7798660102385604e-01  -9.6671892609133914e-01  -9.4201206967560003e-01  -8.9381134432278653e-01  -8.0577657269573499e-01  -6.5614574165292361e-01  -4.2723783439603213e-01  -1.2669937689870664e-01   1.9773056082003848e-01   4.8143149859245304e-01   6.8679631382030659e-01   8.1521973048380492e-01   8.8717539963343073e-01   9.2333839270604323e-01   9.3789464843268422e-01   9.3867484268132384e-01   9.2885848577060914e-01   9.0836956858214701e-01   8.7480386350452588e-01   8.2431216906177696e-01   7.5295169749048330e-01   6.5873043305292089e-01   5.4376414269603435e-01   4.1510897799797419e-01   2.8310655470103557e-01   1.5788792499142895e-01   4.6199770355588865e-02  -4.9824185828697187e-02  -1.3202847869059053e-01  -2.0473937868332204e-01  -2.7319457905737410e-01
  -6.0038733695635305e-01  -6.4489771650783101e-01  -6.8905655711281300e-01  -7.3197909869360311e-01  -7.7170641658257422e-01  -8.0607697794139532e-01  -8.3347520798812269e-01  -8.5315554746040478e-01  -8.6508120787850085e-01  -8.6947564429169710e-01  -8.6630634186313882e-01  -8.5483027222462304e-01  -8.3320024394292846e-01  -7.9813970534353618e-01  -7.4479925288709903e-01  -6.6720101189515868e-01  -5.5999023910487722e-01  -4.2209271768187462e-01  -2.6131005473147895e-01  -9.6181680124285740e-02   4.8597419960224209e-02   1.5110631183070519e-01   1.9846727825324018e-01   1.8732850509790006e-01   1.2195534410666051e-01   1.3377238844142547e-02  -1.2128167508560991e-01  -2.6209111237540966e-01  -3.9197588324298555e-01  -5.0095167750174963e-01  -5.8630128850868535e-01  -6.4984244405438973e-01  -6.9482313401520823e-01  -7.2379815757671540e-01  -7.3747850794261360e-01  -7.3405761378889900e-01  -7.0862410259448461e-01  -6.5270360467810840e-01  -5.5479272295063264e-01  -4.0394141158727093e-01  -1.9836412575482604e-01   4.4363149934292329e-02   2.8801263020290907e-01   4.9606178298419129e-01   6.5093555243907308e-01   7.5556254203402506e-01   8.2261192222196722e-01   8.6510187633772118e-01   8.9271509941054838e-01   9.1164445595488020e-01   9.2554047171085896e-01   9.3644780212220136e-01   9.4546458512658549e-01   9.5313997021825103e-01   9.5969788853457905e-01   9.6514444176122971e-01   9.6930592784631653e-01   9.7180846042294822e-01   9.7200743354545560e-01   9.6884721370632221e-01   9.6063174714157684e-01   9.4466491532963182e-01   9.1673986941349717e-01   8.7051406528666275e-01   7.9704278541952744e-01   6.8524512415380479e-01   5.2480265183383412e-01   3.1283457602672937e-01   6.2281938075134935e-02  -1.9629242815589876e-01  -4.2658584571398994e-01  -6.0417851522712740e-01  -7.2367493999471511e-01  -7.9254378409360293e-01  -8.2147384770289922e-01  -8.1841210989583812e-01  -7.8691127910026326e-01  -7.2732963664559236e-01  -6.4006881041323993e-01  -5.3016799209415255e-01  -4.1100681816555124e-01  -3.0354902863839955e-01  -2.3014182162111629e-01  -2.0687904988495281e-01  -2.3908204340852895e-01  -3.2047102771852970e-01  -4.3489918212652817e-01  -5.6089195210851372e-01  -6.7857640592041357e-01  -7.7554628756484711e-01  -8.4821118491623193e-01  -8.9910427337237175e-01  -9.3320454628955218e-01  -9.5541223185778468e-01  -9.6947211101053976e-01  -9.7776410719868512e-01  -9.8137872678225890e-01  -9.8010579073178672e-01  -9.7211421636400264e-01  -9.5312816869129513e-01  -9.1495134325336980e-01  -8.4356441476034238e-01  -7.1851221408531063e-01  -5.1854326897487579e-01  -2.3944833504198776e-01   8.4651408569765413e-02   3.8937080818297937e-01   6.2348684720114511e-01   7.7609921125080239e-01   8.6381516753507515e-01   9.0843813138507112e-01   9.2613530332668326e-01   9.2587673302864570e-01   9.1078173903962478e-01   8.7954235818540061e-01   8.2752967674883071e-01   7.4832154338954249e-01   6.3654396502580746e-01   4.9207399177826339e-01   3.2339409007747461e-01   1.4661060039006910e-01  -2.0538912578385471e-02  -1.6537934157915965e-01  -2.8309567732108615e-01  -3.7534201541052054e-01  -4.4729490081192780e-01  -5.0517014795409598e-01  -5.5471623068154075e-01
  -7.7447382644434137e-01  -7.9638759650855095e-01  -8.1684334117620416e-01  -8.3574288993431434e-01  -8.5231749530790768e-01  -8.6553920839620746e-01  -8.7443580507076990e-01  -8.7821709911108026e-01  -8.7619842213727717e-01  -8.6759429353055906e-01  -8.5125400212031777e-01  -8.2539279835660118e-01  -7.8734376046273780e-01  -7.3340281513988004e-01  -6.5897104120400374e-01  -5.5942264782861328e-01  -4.3220676332806124e-01  -2.8014263727740335e-01  -1.1424817873183352e-01   4.6983903697136897e-02   1.8313101358980929e-01   2.7866096129301865e-01   3.2604024615031257e-01   3.2452682781504005e-01   2.7794852657484276e-01   1.9391200517520174e-01   8.3870517827581537e-02  -3.8012044843373893e-02  -1.5791227827237453e-01  -2.6560165300380623e-01  -3.5575104653002104e-01  -4.2696404747283223e-01  -4.7976703481017785e-01  -5.1475178898127316e-01  -5.3129855425324723e-01  -5.2678982485248027e-01  -4.9618897290309233e-01  -4.3221376009344875e-01  -3.2696411662893743e-01  -1.7623695166285036e-01   1.3774533446173187e-02   2.2236519473729388e-01   4.2019037167204210e-01   5.8350239140393545e-01   7.0377975343547661e-01   7.8563688124281272e-01   8.3912870237073833e-01   8.7396584094795771e-01   8.9734983252192246e-01   9.1395176998153427e-01   9.2657550073043615e-01   9.3682031433327895e-01   9.4555895064040807e-01   9.5323797776704144e-01   9.6005055460519273e-01   9.6602678203942882e-01   9.7106966971460240e-01   9.7495129513417045e-01   9.7727053648659912e-01   9.7736427054025032e-01   9.7414974552698008e-01   9.6586306941323496e-01   9.4964416795168405e-01   9.2092649294683415e-01   8.7266814909955492e-01   7.9475390085180098e-01   6.7459457522662469e-01   5.0094008449524174e-01   2.7252929121946157e-01   7.9171405548318363e-03  -2.5524273531384800e-01  -4.7780540733714649e-01  -6.3850955516969021e-01  -7.3673534392063844e-01  -7.8192937665355922e-01  -7.8306505501084245e-01  -7.4403140274114188e-01  -6.6436681495880678e-01  -5.4408931215735490e-01  -3.9099417869049474e-01  -2.2565610813469467e-01  -7.7982027350116889e-02   2.3584847380020701e-02   6.0938248881044155e-02   2.8132750069128631e-02  -6.9829227241865244e-02  -2.1707929128005127e-01  -3.8801583373730081e-01  -5.5398799067563731e-01  -6.9353813482194882e-01  -7.9820824999846740e-01  -8.7038552681111381e-01  -9.1743949875393871e-01  -9.4707497923502248e-01  -9.6528206892173540e-01  -9.7597714956758219e-01  -9.8127540679888869e-01  -9.8173472466861966e-01  -9.7630120711785706e-01  -9.6174372051033252e-01  -9.3144724254418176e-01  -8.7356299406672733e-01  -7.6957311080511981e-01  -5.9698614491135538e-01  -3.4288792921779643e-01  -2.7150490393498372e-02   2.9180873438057942e-01   5.5275787882799898e-01   7.3087430557473332e-01   8.3627747444309897e-01   8.9067994819389340e-01   9.1196579235917319e-01   9.1014133585664259e-01   8.8795444027268977e-01   8.4222895633989969e-01   7.6534666317276412e-01   6.4818590759264294e-01   4.8592335913360696e-01   2.8531646799866839e-01   6.7169902174936430e-02  -1.4130023701495203e-01  -3.1903041290710871e-01  -4.5770919979454244e-01  -5.5963700674137451e-01  -6.3220053411875787e-01  -6.8365546992888893e-01  -7.2114780897431641e-01  -7.5015317722248298e-01
  -8.7862454941135848e-01  -8.8595612575188309e-01  -8.9171730449197883e-01  -8.9592592575130681e-01  -8.9809454046368553e-01  -8.9740331407215057e-01  -8.9281884801429645e-01  -8.8313278997646560e-01  -8.6692785819553519e-01  -8.4249443872984275e-01  -8.0773934054299645e-01  -7.6011741525004273e-01  -6.9663987864006061e-01  -6.1406979067095746e-01  -5.0952157916049945e-01  -3.8172065701143032e-01  -2.3294115121499587e-01  -7.0852355441256565e-02   9.1396010614197998e-02   2.3811779382238718e-01   3.5587376785681435e-01   4.3687211962295353e-01   4.7906780177967523e-01   4.8412089870525471e-01   4.5554025922088326e-01   3.9818001427479188e-01   3.1862676611501184e-01   2.2526852849533036e-01   1.2727647760983352e-01   3.2906040665321101e-02  -5.1779096930866797e-02  -1.2305601010870243e-01  -1.7875355008954152e-01  -2.1713458088124976e-01  -2.3594007193557287e-01  -2.3181090847245328e-01  -2.0024307296009192e-01  -1.3637947267997752e-01  -3.7122215854987151e-02   9.5393307857577714e-02   2.5061628027003824e-01   4.1027759276139047e-01   5.5482129855938578e-01   6.7144603226900768e-01   7.5728412699016512e-01   8.1668671179656549e-01   8.5664378672064112e-01   8.8366065192996468e-01   9.0259829386985180e-01   9.1667660880677926e-01   9.2787105862415387e-01   9.3733008628111913e-01   9.4568648654864762e-01   9.5326454701726093e-01   9.6020162445329382e-01   9.6651823217557364e-01   9.7214651206161251e-01   9.7693498206005447e-01   9.8062199177287257e-01   9.8278049806475942e-01   9.8270866928723211e-01   9.7924680241478979e-01   9.7046215396376134e-01   9.5314512472040747e-01   9.2204603531380647e-01   8.6891930393539907e-01   7.8185244610124660e-01   6.4641810765317120e-01   4.5144588511093414e-01   2.0072373572384372e-01  -7.7047391294381928e-02  -3.3592009263852018e-01  -5.3766109788776750e-01  -6.6822292400459893e-01  -7.3204372730293188e-01  -7.3769121029417617e-01  -6.8903049298027541e-01  -5.8498078536109854e-01  -4.2656098057738878e-01  -2.2748535773080683e-01  -1.8779064783861099e-02   1.6098793270581330e-01   2.8196575468859897e-01   3.2967268793066573e-01   3.0051044398794202e-01   1.9692010069273813e-01   2.9023305610659911e-02  -1.8026974114198185e-01  -3.9655364177623820e-01  -5.8659086255647319e-01  -7.3221136480086690e-01  -8.3266758283704445e-01  -8.9713386795961025e-01  -9.3669090383460074e-01  -9.6029785533637402e-01  -9.7393218854016084e-01  -9.8102421350731805e-01  -9.8301810180654736e-01  -9.7961608946705314e-01  -9.6849363061447535e-01  -9.4436733690204089e-01  -8.9732266873608546e-01  -8.1099106979339664e-01  -6.6320479502960805e-01  -4.3539057364885603e-01  -1.3441434802944657e-01   1.9142977076572443e-01   4.7576911039794423e-01   6.7976053049504270e-01   8.0450292044567595e-01   8.7002603533401413e-01   8.9545059953263262e-01   8.9165356798750195e-01   8.6069808962376848e-01   7.9698694635047440e-01   6.8955491291980298e-01   5.2772319082492980e-01   3.1154811892754092e-01   6.1215413585695683e-02  -1.8718506252654593e-01  -4.0045869381637944e-01  -5.6333854994715482e-01  -6.7781434758896253e-01  -7.5413143058580223e-01  -8.0351168162271669e-01  -8.3508878496628947e-01  -8.5543656047321137e-01  -8.6899980520260467e-01
  -9.3620949545857746e-01  -9.3487097285582688e-01  -9.3175472744007926e-01  -9.2662135162841264e-01  -9.1875576175451124e-01  -9.0700811239866685e-01  -8.8982174383725199e-01  -8.6524504319770612e-01  -8.3096852848842195e-01  -7.8441151426349698e-01  -7.2290544966499470e-01  -6.4398469366504596e-01  -5.4581294803011970e-01  -4.2774803428135705e-01  -2.9106922898681031e-01  -1.3976781170528696e-01   1.8946484665242624e-02   1.7507375219193222e-01   3.1762166542926540e-01   4.3728390558076963e-01   5.2854219281477233e-01   5.9002300748438330e-01   6.2326866220669241e-01   6.3108708546954562e-01   6.1649049275296952e-01   5.8252634302489725e-01   5.3266251644977269e-01   4.7116115908030454e-01   4.0299877320443378e-01   3.3333189382787021e-01   2.6687069352930215e-01   2.0757445649817952e-01   1.5877868561138242e-01   1.2359131112297139e-01   1.0526696656623069e-01   1.0731943272490885e-01   1.3315574998528851e-01   1.8506802301881875e-01   2.6258325456519582e-01   3.6075895743633285e-01   4.6977819562796336e-01   5.7713999397509097e-01   6.7183335789498977e-01   7.4778249753548809e-01   8.0438600906352486e-01   8.4464438248760287e-01   8.7279854173495663e-01   8.9277160516042398e-01   9.0755561188999989e-01   9.1918777440267363e-01   9.2894899685590171e-01   9.3759587539399303e-01   9.4554261004943718e-01   9.5299226973785223e-01   9.6001588436703678e-01   9.6660374454376008e-01   9.7268679243953893e-01   9.7814461728894275e-01   9.8278847233319122e-01   9.8632668702345128e-01   9.8828780601168087e-01   9.8789081454019356e-01   9.8380842020353132e-01   9.7377129750322278e-01   9.5390777777025682e-01   9.1776325465400910e-01   8.5512245695785771e-01   7.5153208094062085e-01   5.9099696531430079e-01   3.6554618660641713e-01   9.0307600429080981e-02  -1.9141895140633386e-01  -4.2872396245064770e-01  -5.9138122553145600e-01  -6.7486364076013916e-01  -6.8529112721877428e-01  -6.2603447962849557e-01  -4.9609581015416887e-01  -2.9986290128984527e-01  -6.0590094963367314e-02   1.7874866792897515e-01   3.7454398314797255e-01   5.0175408957153222e-01   5.5401611889497993e-01   5.3211285386403995e-01   4.3614265972484578e-01   2.6757712562524788e-01   3.9269946605121675e-02  -2.1666303799565412e-01  -4.5708210696008372e-01  -6.4946899577415307e-01  -7.8468969477090078e-01  -8.7132546677374356e-01  -9.2365754468431815e-01  -9.5417157384513773e-01  -9.7144618310868702e-01  -9.8056287302715384e-01  -9.8401160604840565e-01  -9.8227004682790597e-01  -9.7382628639972102e-01  -9.5451821249831936e-01  -9.1610546002590743e-01  -8.4433061255590869e-01  -7.1827495839442279e-01  -5.1623633042300021e-01  -2.3439542279217673e-01   9.1243390370104760e-02   3.9429910971891552e-01   6.2344238628098192e-01   7.6873438818215512e-01   8.4668910177331136e-01   8.7697547452140800e-01   8.7115601094209494e-01   8.3041224411834469e-01   7.4649318062522418e-01   6.0548576381796471e-01   3.9772944494315071e-01   1.3356305068188526e-01  -1.4940540064686417e-01  -4.0380676005291471e-01  -6.0026464712232541e-01  -7.3570658697079816e-01  -8.2225758387058656e-01  -8.7486062504814910e-01  -9.0558996987127949e-01  -9.2273717954964596e-01  -9.3160399156405105e-01  -9.3545371252973675e-01
  -9.6557992639496160e-01  -9.5860655420198382e-01  -9.4913796851662702e-01  -9.3641366867318176e-01  -9.1910968813658100e-01  -8.9531005695800880e-01  -8.6252161664482119e-01  -8.1777027534950075e-01  -7.5787404608069964e-01  -6.7992314056187175e-01  -5.8197452879441713e-01  -4.6380222951503602e-01  -3.2747857873035291e-01  -1.7752675319151423e-01  -2.0561913181744718e-02   1.3552078570535608e-01   2.8262816890863246e-01   4.1366783674059149e-01   5.2361148019433978e-01   6.1010258859274880e-01   6.7333698908770589e-01   7.1530553923621065e-01   7.3877764531921475e-01   7.4648167949992006e-01   7.4071142520687339e-01   7.2336418932210012e-01   6.9622446647502834e-01   6.6127527881660764e-01   6.2084705399610352e-01   5.7757203613698449e-01   5.3422816391623074e-01   4.9362582275561623e-01   4.5860041085623177e-01   4.3207446165234342e-01   4.1705246234361276e-01   4.1641512601535924e-01   4.3240403424401719e-01   4.6581518596488491e-01   5.1511382777885395e-01   5.7597617798770917e-01   6.4183568021668680e-01   7.0556646559957281e-01   7.6154572660481623e-01   8.0693452892485940e-01   8.4161706565085581e-01   8.6722446771669748e-01   8.8602332568108633e-01   9.0016179755834957e-01   9.1133610768774465e-01   9.2074183479373406e-01   9.2915043175023626e-01   9.3701897958437841e-01   9.4458615062863482e-01   9.5194638171941715e-01   9.5910120789344877e-01   9.6599465333386914e-01   9.7253333949427878e-01   9.7859462195005220e-01   9.8401910750665311e-01   9.8858528308279903e-01   9.9195537780563525e-01   9.9357668413107680e-01   9.9250288022885758e-01   9.8707792065816757e-01   9.7438691887445916e-01   9.4935723304864827e-01   9.0346501202770235e-01   8.2346713970236751e-01   6.9195845435979453e-01   4.9383639237545340e-01   2.3172870109480315e-01  -5.9537069622172534e-02  -3.2321348171598863e-01  -5.1406458426993118e-01  -6.1619113679652449e-01  -6.3133979438667709e-01  -5.6195239614723069e-01  -4.0811538978118078e-01  -1.7998616748155627e-01   8.7582279931132545e-02   3.4143401883590413e-01   5.3820382933441324e-01   6.6156877338392051e-01   7.1398974282242555e-01   7.0063863039314289e-01   6.2064107833050786e-01   4.6831994845972236e-01   2.4389081065422269e-01  -3.1356507399202538e-02  -3.1221763409831171e-01  -5.5147300008787314e-01  -7.2593262949240445e-01  -8.3920643299939612e-01  -9.0735237918028122e-01  -9.4650114224366111e-01  -9.6828150062892437e-01  -9.7977636548131142e-01  -9.8470889299190578e-01  -9.8438775137914525e-01  -9.7805618079617762e-01  -9.6250876685744280e-01  -9.3092777928565074e-01  -8.7099695647651865e-01  -7.6349770835086461e-01  -5.8547760633767665e-01  -3.2509688694832795e-01  -5.7517338525804873e-03   3.1063336567498967e-01   5.6311251241077531e-01   7.2958604662106741e-01   8.2119212100021244e-01   8.5730756624289328e-01   8.5003334912466388e-01   7.9972320281205356e-01   6.9574010565594813e-01   5.2237621457598860e-01   2.7401620348167699e-01  -2.5168459453307868e-02  -3.2166557534908063e-01  -5.6504921281195286e-01  -7.3649598585657006e-01  -8.4490594896840587e-01  -9.0866144398516147e-01  -9.4405019652288713e-01  -9.6230051830378871e-01  -9.7034114804476967e-01  -9.7223356375139436e-01  -9.7025667592414155e-01
  -9.7743687776998323e-01  -9.6551789827678680e-01  -9.4959479731569452e-01  -9.2809738274375941e-01  -8.9870225344551935e-01  -8.5831736195249531e-01  -8.0324043180999583e-01  -7.2960548616120313e-01  -6.3423608844677870e-01  -5.1581990405956590e-01  -3.7605423958572176e-01  -2.2013579058197519e-01  -5.6130193420658642e-02   1.0668920179438765e-01   2.5977626859939529e-01   3.9670982297314455e-01   5.1369672400801702e-01   6.0938286701743660e-01   6.8432408341742845e-01   7.4038119626247534e-01   7.8012588725515208e-01   8.0631491815164469e-01   8.2147828452746174e-01   8.2768273809274728e-01   8.2647662190986870e-01   8.1899231611797085e-01   8.0613137962037051e-01   7.8876152326323934e-01   7.6785865895268446e-01   7.4457806646319780e-01   7.2027222938288626e-01   6.9649747139707874e-01   6.7502171703045843e-01   6.5781016403801984e-01   6.4692553916857021e-01   6.4428349642503868e-01   6.5124643148182315e-01   6.6813116897407288e-01   6.9381970734792819e-01   7.2572966124227567e-01   7.6031184437647537e-01   7.9395887162138179e-01   8.2392009854245907e-01   8.4879191888048355e-01   8.6845151754559013e-01   8.8362670999530268e-01   8.9540725131699261e-01   9.0488582006169493e-01   9.1297557543629071e-01   9.2035274058485750e-01   9.2747060869898879e-01   9.3459320127445744e-01   9.4183709363899082e-01   9.4920622994665438e-01   9.5662842386815294e-01   9.6398213308608149e-01   9.7112274932964926e-01   9.7789228663593597e-01   9.8412296295420976e-01   9.8961558202962241e-01   9.9410202557682525e-01   9.9716029634624215e-01   9.9807400548607073e-01   9.9556492614690362e-01   9.8733135318818122e-01   9.6923640609917949e-01   9.3404625441078448e-01   8.6984137149054430e-01   7.5937231514024917e-01   5.8404168162851078e-01   3.3768386712268506e-01   4.5821724027082789e-02  -2.3438471789645374e-01  -4.4670721662062790e-01  -5.6421195178248884e-01  -5.8342505859393534e-01  -5.0562576035735851e-01  -3.3271313716568796e-01  -8.1663558822237636e-02   2.0181190105520713e-01   4.5820057111800389e-01   6.4804515659985440e-01   7.6384371993099065e-01   8.1487309202905422e-01   8.0961181892301504e-01   7.4757409201886516e-01   6.1947755197528431e-01   4.1553248436226087e-01   1.4252167705386176e-01  -1.6193864331591146e-01  -4.4169538884807424e-01  -6.5664943069335746e-01  -8.0012535829503861e-01  -8.8711265964377273e-01  -9.3680858599977535e-01  -9.6413141057960761e-01  -9.7848995233374536e-01  -9.8504444703864702e-01  -9.8602130570151658e-01  -9.8139373861064383e-01  -9.6879093755645940e-01  -9.4259317398382436e-01  -8.9220120827078642e-01  -8.0023053870748906e-01  -6.4373708660538553e-01  -4.0535257875511410e-01  -9.6896780056327181e-02   2.2735116887201073e-01   5.0043606944927277e-01   6.8806706509319959e-01   7.9438044515606743e-01   8.3756600583429042e-01   8.3020873036275100e-01   7.7222246692964180e-01   6.5135802463804482e-01   4.5151706161732946e-01   1.7289269816346264e-01  -1.4694519138150147e-01  -4.4399086917868474e-01  -6.7095856633411521e-01  -8.2004246657307633e-01  -9.0825210296202141e-01  -9.5665518355101231e-01  -9.8119923446215818e-01  -9.9189624216768191e-01  -9.9448777997979976e-01  -9.9208586740514515e-01  -9.8622359096558421e-01
  -9.7617376216685592e-01  -9.5807016758196839e-01  -9.3330381354122693e-01  -8.9913430409336426e-01  -8.5186630224186755e-01  -7.8705483718837688e-01  -7.0015482393125605e-01  -5.8777855524536338e-01  -4.4942341400423269e-01  -2.8898703029598749e-01  -1.1500170934631032e-01   6.1063551488434786e-02   2.2782048111882192e-01   3.7669781949354597e-01   5.0314018704785646e-01   6.0621969492841954e-01   6.8744716629011982e-01   7.4957088209977507e-01   7.9573199598005406e-01   8.2898528138944894e-01   8.5206287198013575e-01   8.6726313356903650e-01   8.7640966143637578e-01   8.8085799525620367e-01   8.8155212608725853e-01   8.7911618416381843e-01   8.7397152221104024e-01   8.6644970223097495e-01   8.5689130946431924e-01   8.4571584209239092e-01   8.3347517252706105e-01   8.2088784558602901e-01   8.0886257739761902e-01   7.9848138017346137e-01   7.9092455410433460e-01   7.8730399321726174e-01   7.8842553958667350e-01   7.9452736772777988e-01   8.0511356919165944e-01   8.1897849185034299e-01   8.3447524834469711e-01   8.4992997570060003e-01   8.6404073270570658e-01   8.7608751035823063e-01   8.8592845714471924e-01   8.9383771655095212e-01   9.0031342623246990e-01   9.0591375072086822e-01   9.1116284623944266e-01   9.1649320413886060e-01   9.2222397245892795e-01   9.2854144319451903e-01   9.3550229597457291e-01   9.4303828955352320e-01   9.5098903880447638e-01   9.5913139365899047e-01   9.6722370440404482e-01   9.7502603514588415e-01   9.8231859092865514e-01   9.8888208112398568e-01   9.9446868577196534e-01   9.9871969465716137e-01   1.0010442523867067e+00   1.0003748278285092e+00   9.9475745669308402e-01   9.8059866236702675e-01   9.5145715315227808e-01   8.9634898718862066e-01   7.9853078195159766e-01   6.3800945373605755e-01   4.0370000187501476e-01   1.1442228368793478e-01  -1.7435170595139649e-01  -4.0009093533407647e-01  -5.2782657643485886e-01  -5.4966864870981635e-01  -4.6578869174429050e-01  -2.7980355646890365e-01  -1.4512032613451131e-02   2.7641247745805175e-01   5.3047054829031015e-01   7.1269861270919999e-01   8.2213680902290631e-01   8.7240911671139820e-01   8.7428104848075527e-01   8.2850293668561914e-01   7.2523014770566108e-01   5.4918683209705987e-01   2.9432560594762353e-01  -1.5529952447687900e-02  -3.2451293702715889e-01  -5.7760622916641402e-01  -7.5349247535839448e-01  -8.6218145185676998e-01  -9.2451088455009656e-01  -9.5861148507832383e-01  -9.7647228591639257e-01  -9.8490649999868674e-01  -9.8716948179170227e-01  -9.8397382825250534e-01  -9.7369852281888880e-01  -9.5173593738630491e-01  -9.0896662683422635e-01  -8.2978501411755656e-01  -6.9200571359517093e-01  -4.7478454208973625e-01  -1.8014074211687892e-01   1.4702051846601377e-01   4.3739630191069301e-01   6.4551205255134714e-01   7.6734776119301729e-01   8.1906782711359083e-01   8.1380783894404041e-01   7.5174753279917406e-01   6.2013718085786917e-01   4.0347529616461858e-01   1.0710254937208058e-01  -2.2211067238882054e-01  -5.1518390349557197e-01  -7.2923837742065101e-01  -8.6385432038530086e-01  -9.4015827956716658e-01  -9.7997173172827123e-01  -9.9856560638068137e-01  -1.0050190980312537e+00  -1.0042666930287798e+00  -9.9875474725417623e-01  -9.8942020519936402e-01
  -9.6116996309016878e-01  -9.3370935180048675e-01  -8.9531873150807662e-01  -8.4177932954228463e-01  -7.6799826075013167e-01  -6.6887512226677670e-01  -5.4097771425590280e-01  -3.8481289694833698e-01  -2.0661819930624956e-01  -1.8134874190319672e-02   1.6632460180838665e-01   3.3411974208243134e-01   4.7737552514480075e-01   5.9356522827459479e-01   6.8416856975851437e-01   7.5276467121260460e-01   8.0353073088926663e-01   8.4038615525066773e-01   8.6665692948544848e-01   8.8501806018593987e-01   8.9755929787073607e-01   9.0586714359187115e-01   9.1110789154996241e-01   9.1409246755643769e-01   9.1534654954721539e-01   9.1517414082450366e-01   9.1373148810009630e-01   9.1109036823781964e-01   9.0730427240643408e-01   9.0245626496346243e-01   8.9670737578514836e-01   8.9032653425338903e-01   8.8371536476521784e-01   8.7739890858864111e-01   8.7198819601067346e-01   8.6808736038901257e-01   8.6617465172648322e-01   8.6646924059255659e-01   8.6885384636111362e-01   8.7287739036695178e-01   8.7786942598726103e-01   8.8310706685100748e-01   8.8798860782279765e-01   8.9213353039879384e-01   8.9541353100659082e-01   8.9791433018950351e-01   8.9988803290641983e-01   9.0169562571062700e-01   9.0376584645911873e-01   9.0653540855346959e-01   9.1039008238153829e-01   9.1558718846384801e-01   9.2220754012280381e-01   9.3013084095028586e-01   9.3907036516462905e-01   9.4862757583570367e-01   9.5837351772862045e-01   9.6790137705623147e-01   9.7686669446645102e-01   9.8497491995571929e-01   9.9195102541421376e-01   9.9744979545031898e-01   1.0009301842445881e+00   1.0014118488098505e+00   9.9707747979670491e-01   9.8454033667038232e-01   9.5765836447377195e-01   9.0581757407125396e-01   8.1253767415032252e-01   6.5746785193011326e-01   4.2785749469564305e-01   1.3994448274244908e-01  -1.5178910226787720e-01  -3.8258773531958212e-01  -5.1414350624123228e-01  -5.3639821241810870e-01  -4.4867785129993598e-01  -2.5527098633492595e-01   1.7876491431214947e-02   3.1272788435343335e-01   5.6541243216155279e-01   7.4373549265050043e-01   8.5043986616199785e-01   9.0169282985983745e-01   9.0999632195204683e-01   8.7778066369453567e-01   7.9645063227003399e-01   6.4906228186610360e-01   4.2091087470563460e-01   1.2083512909105992e-01  -2.0395287490405001e-01  -4.8967310625381100e-01  -6.9862033526004697e-01  -8.3161181953280505e-01  -9.0885968441824871e-01  -9.5122194538623595e-01  -9.7341506607530603e-01  -9.8412684312634569e-01  -9.8777856392976182e-01  -9.8586679796550325e-01  -9.7746906293652014e-01  -9.5884620775677687e-01  -9.2213556998176049e-01  -8.5335789810446383e-01  -7.3146328189001597e-01  -5.3366570390813473e-01  -2.5418379311249123e-01   7.1890892194527878e-02   3.7605795691980293e-01   6.0342887092576680e-01   7.4128156218805308e-01   8.0307330866880378e-01   8.0265775795669503e-01   7.4139510972678058e-01   6.0727159903615191e-01   3.8568606726475085e-01   8.4267206879470480e-02  -2.4686298274286178e-01  -5.3751030308756254e-01  -7.4668388673662367e-01  -8.7634677137922179e-01  -9.4869770253721020e-01  -9.8556624703797524e-01  -1.0018447030611366e+00  -1.0061713950298530e+00  -1.0030492647389346e+00  -9.9445916513223487e-01  -9.8077617283587304e-01
  -9.2694745892593411e-01  -8.8474446072821866e-01  -8.2542225930748725e-01  -7.4347044893175607e-01  -6.3350279672500798e-01  -4.9233107191334308e-01  -3.2166450904123089e-01  -1.3001317182470809e-01   6.8177934967433060e-02   2.5664087326520679e-01   4.2241466702458907e-01   5.5884315691295650e-01   6.6535546850937699e-01   7.4529929190253696e-01   8.0362149472714461e-01   8.4530380744208711e-01   8.7463002656843769e-01   8.9499234346231027e-01   9.0896554188418088e-01   9.1845757891207302e-01   9.2486355789276153e-01   9.2918249492303051e-01   9.3210779007757327e-01   9.3408853770056055e-01   9.3538432578748543e-01   9.3610791209179856e-01   9.3627180764022622e-01   9.3582651180565757e-01   9.3470210517195840e-01   9.3284087909301616e-01   9.3023181428532131e-01   9.2693254792807711e-01   9.2308855954008895e-01   9.1893083526503705e-01   9.1475896433134729e-01   9.1089485562515304e-01   9.0762449942776735e-01   9.0513000156045198e-01   9.0344592209024410e-01   9.0244537526327195e-01   9.0187452792830924e-01   9.0141079182075767e-01   9.0073534699046509e-01   8.9958814060033410e-01   8.9781548500426256e-01   8.9540415971937148e-01   8.9252278004185648e-01   8.8954811811593748e-01   8.8706591303776983e-01   8.8580206050352328e-01   8.8649112277872744e-01   8.8969806401216101e-01   8.9567028825397310e-01   9.0426321001065346e-01   9.1498249116935226e-01   9.2710261184113962e-01   9.3982755765913084e-01   9.5241897335215753e-01   9.6427680301406937e-01   9.7494193867514101e-01   9.8404996198511119e-01   9.9122058848823358e-01   9.9589997280947784e-01   9.9709330323169965e-01   9.9293687347579240e-01   9.7994546994332743e-01   9.5180572868084401e-01   8.9768601399634074e-01   8.0097854025744453e-01   6.4168155286267603e-01   4.0835057545664000e-01   1.1915962217885920e-01  -1.7067762953016985e-01  -3.9790711504131682e-01  -5.2619373005040582e-01  -5.4611022346158455e-01  -4.5634791242252226e-01  -2.6018214374960552e-01   1.6755883119695780e-02   3.1546145251487334e-01   5.7086266631021343e-01   7.5080235216460522e-01   8.5915366741861432e-01   9.1353497943886897e-01   9.2802980567656546e-01   9.0700333837657265e-01   8.4399095297162985e-01   7.2281633779287402e-01   5.2429352096791204e-01   2.4452816110043440e-01  -8.2937873747838786e-02  -3.9351142307340004e-01  -6.3459233087932077e-01  -7.9417606823346210e-01  -8.8888175839647754e-01  -9.4131524614415951e-01  -9.6892185016837307e-01  -9.8248132190357562e-01  -9.8775158833292964e-01  -9.8709284319781743e-01  -9.8026829012218641e-01  -9.6430309644927359e-01  -9.3239849132470443e-01  -8.7200837689050315e-01  -7.6334958285839927e-01  -5.8274936067222871e-01  -3.1850364913220908e-01   3.6290699890952349e-03   3.1827295877066425e-01   5.6326802823866517e-01   7.1724874543987327e-01   7.9049691800612587e-01   7.9778788484786545e-01   7.4262112132846603e-01   6.1495066829506362e-01   4.0105086137750057e-01   1.0714685967584536e-01  -2.1991914765108650e-01  -5.1159383049301088e-01  -7.2504082050968321e-01  -8.5941856919748316e-01  -9.3537151195207424e-01  -9.7434537916244779e-01  -9.9128750837731594e-01  -9.9488870840034882e-01  -9.8953354885467049e-01  -9.7685021885895418e-01  -9.5658168838817226e-01
  -8.6239115854387938e-01  -7.9789373616733439e-01  -7.0871105264280942e-01  -5.8961473076539361e-01  -4.3806226377053276e-01  -2.5713988440239710e-01  -5.7328213094330116e-02   1.4506074031748967e-01   3.3289501965463208e-01   4.9372162153363369e-01   6.2233917197875199e-01   7.1981256399455262e-01   7.9077095378730389e-01   8.4093374909054053e-01   8.7563282828665079e-01   8.9922847347534740e-01   9.1504363374674202e-01   9.2551686317580950e-01   9.3240156481387815e-01   9.3694416574220996e-01   9.4001788313911216e-01   9.4221848802911756e-01   9.4392974753128600e-01   9.4537201479700250e-01   9.4663874500173795e-01   9.4772916511883787e-01   9.4857648208703516e-01   9.4907582849183958e-01   9.4910936214673347e-01   9.4856990217547099e-01   9.4738076599688492e-01   9.4551338271009255e-01   9.4299734487595677e-01   9.3992316891339800e-01   9.3643255471205700e-01   9.3269688114425431e-01   9.2888422184873365e-01   9.2512264433569602e-01   9.2146632578033905e-01   9.1787436603993755e-01   9.1420407838317574e-01   9.1021941600801248e-01   9.0561191973617383e-01   9.0003945408961861e-01   8.9319202364477013e-01   8.8489848429718687e-01   8.7527022702938129e-01   8.6484531398635078e-01   8.5465625879786744e-01   8.4613980807717326e-01   8.4086041952344348e-01   8.4011786831223145e-01   8.4459000332610590e-01   8.5415655998965268e-01   8.6796190760265035e-01   8.8466595714437979e-01   9.0276794077280864e-01   9.2088466583899342e-01   9.3791446443756743e-01   9.5306822257379686e-01   9.6579310574548005e-01   9.7561288230467524e-01   9.8190098499240319e-01   9.8355156983581782e-01   9.7847805409851374e-01   9.6279865923780683e-01   9.2958811183740842e-01   8.6730587679286231e-01   7.5908174369555481e-01   5.8642265834446849e-01   3.4253655810874273e-01   5.1663970187117270e-02  -2.2966545573834729e-01  -4.4401666599764728e-01  -5.6189950003534672e-01  -5.7669463136505927e-01  -4.8633128867847863e-01  -2.9126923757519207e-01  -1.3417394299255259e-02   2.9030092792781315e-01   5.5330481841180190e-01   7.4061447719583129e-01   8.5497019146542619e-01   9.1472022614768456e-01   9.3558187106099855e-01   9.2404515173533575e-01   8.7615891159856107e-01   7.7783803948731700e-01   6.0860006046203163e-01   3.5542582575457093e-01   3.6728164134980590e-02  -2.8953682234620837e-01  -5.6023974287230494e-01  -7.4830065233029952e-01  -8.6330375869398934e-01  -9.2803903075550143e-01  -9.6247020359251723e-01  -9.7966805098771581e-01  -9.8693775481917367e-01  -9.8762253478391637e-01  -9.8219854945193541e-01  -9.6838996177001391e-01  -9.4030871863244103e-01  -8.8664613144057758e-01  -7.8887134223979194e-01  -6.2309461971149138e-01  -3.7326921764297105e-01  -5.6823777128820863e-02   2.6542653298105950e-01   5.2618998890535795e-01   6.9599587710664768e-01   7.8169466363418749e-01   7.9913872936859209e-01   7.5478835937492739e-01   6.4172404958198226e-01   4.4738357628824810e-01   1.7382611029186124e-01  -1.4128038780552865e-01  -4.3484264803891248e-01  -6.5991486677582201e-01  -8.0797946096296003e-01  -8.9500976129844434e-01  -9.4118278971258029e-01  -9.6166259565253898e-01  -9.6555749090855225e-01  -9.5737110089593935e-01  -9.3842937402447224e-01  -9.0773509741256175e-01
  -7.5038700349494925e-01  -6.5565799972047190e-01  -5.2994553411168943e-01  -3.7186968604450205e-01  -1.8601910085537410e-01   1.5675851732104340e-02   2.1612290455635444e-01   3.9848196346875681e-01   5.5146038464839875e-01   6.7128095996483028e-01   7.6015614074653004e-01   8.2339373116571357e-01   8.6697991075612446e-01   8.9625818719616202e-01   9.1547497187614724e-01   9.2780311305283103e-01   9.3553352119847533e-01   9.4029586554883549e-01   9.4323544350512933e-01   9.4514743511428911e-01   9.4656441738017172e-01   9.4782207782681671e-01   9.4910167925077982e-01   9.5046879342167379e-01   9.5190100976909164e-01   9.5331746018758623e-01   9.5459957560394837e-01   9.5561380577176835e-01   9.5622554984192110e-01   9.5631658839360822e-01   9.5579457589070627e-01   9.5460463749475932e-01   9.5273262961644856e-01   9.5020830184348404e-01   9.4709667846150802e-01   9.4348708247807278e-01   9.3946930699063846e-01   9.3510841579372206e-01   9.3041042374819571e-01   9.2529074006406775e-01   9.1953815381325910e-01   9.1278835490922994e-01   9.0450772315132344e-01   8.9401972333297586e-01   8.8060242443911618e-01   8.6370487660257111e-01   8.4327737134949921e-01   8.2014311897481773e-01   7.9621693527054260e-01   7.7436515835597997e-01   7.5782147049449833e-01   7.4934718850801119e-01   7.5048146025597884e-01   7.6119255585271972e-01   7.8000821290424949e-01   8.0450514459953637e-01   8.3192434269475413e-01   8.5970858818122708e-01   8.8582614006086602e-01   9.0885659656793638e-01   9.2787367290247014e-01   9.4219618734703525e-01   9.5104335423129815e-01   9.5308982742581339e-01   9.4584535240263767e-01   9.2475058784605624e-01   8.8193255602207876e-01   8.0498867044012390e-01   6.7743861049236631e-01   4.8464663051182461e-01   2.2834138498627635e-01  -5.8883049905348928e-02  -3.2169656286483006e-01  -5.1350183681581318e-01  -6.1476294192078851e-01  -6.2228166740371349e-01  -5.3267668146310543e-01  -3.4218941378346501e-01  -6.6282547027751881e-02   2.4302142872066418e-01   5.1772418435693623e-01   7.1753373757595751e-01   8.4190715146768924e-01   9.0923026300939602e-01   9.3693810127899058e-01   9.3381020693223005e-01   8.9856957333368725e-01   8.1985755140196015e-01   6.7802221100835791e-01   4.5454868439143559e-01   1.5388829137762294e-01  -1.7817446332295217e-01  -4.7429763084604137e-01  -6.9208280434381098e-01  -8.3050326495207316e-01  -9.1028811756580275e-01  -9.5338144091641419e-01  -9.7529521252758811e-01  -9.8513036191618175e-01  -9.8738248423680486e-01  -9.8331191444626065e-01  -9.7131822977981030e-01  -9.4631131026543758e-01  -8.9804505898038212e-01  -8.0915320384679090e-01  -6.5592352171993418e-01  -4.1920090092551621e-01  -1.0928273799174321e-01   2.1825986774162698e-01   4.9287564326756306e-01   6.7781490162814473e-01   7.7640355344737333e-01   8.0560234375508177e-01   7.7535683021049062e-01   6.8283376873125379e-01   5.1756944365471680e-01   2.7696048818496477e-01  -1.4213633025260464e-02  -3.0371784490004439e-01  -5.4219278718686525e-01  -7.1025580662619237e-01  -8.1524373673299699e-01  -8.7389309378807589e-01  -9.0095188336503840e-01  -9.0594969558175620e-01  -8.9362379911088863e-01  -8.6505402468136827e-01  -8.1855513227803589e-01
  -5.7156318375982584e-01  -4.4377780895415864e-01  -2.8495184960616282e-01  -1.0120622019200304e-01   9.4781919076580623e-02   2.8633940420248860e-01   4.5797729970815165e-01   5.9998879118947834e-01   7.0977406010671318e-01   7.9011272617948158e-01   8.4639151196398255e-01   8.8441649457723615e-01   9.0925982745203204e-01   9.2490833938440464e-01   9.3432285430063522e-01   9.3964776994048271e-01   9.4242289966267867e-01   9.4375303256820398e-01   9.4442013171106776e-01   9.4495810837281946e-01   9.4569775876394346e-01   9.4680420725091996e-01   9.4830834252650820e-01   9.5014319306919004e-01   9.5217608063270909e-01   9.5424150713005162e-01   9.5616420635808441e-01   9.5777931527608939e-01   9.5894270389009861e-01   9.5953919141512412e-01   9.5948403814886674e-01   9.5872641697257144e-01   9.5724694930058774e-01   9.5505644435680326e-01   9.5218744926249366e-01   9.4868349896345849e-01   9.4457792808978736e-01   9.3986689759345066e-01   9.3446783045730097e-01   9.2816773970360456e-01   9.2055369515004237e-01   9.1093687256115130e-01   8.9828511236102415e-01   8.8122137206940598e-01   8.5817062518396536e-01   8.2776931216540239e-01   7.8957153953678827e-01   7.4488873118782772e-01   6.9730396126300520e-01   6.5234896698515099e-01   6.1622335720045829e-01   5.9409455564524416e-01   5.8877955756077160e-01   6.0029219147798762e-01   6.2619927015025911e-01   6.6246450002847479e-01   7.0443037819488441e-01   7.4768447708779096e-01   7.8863098423486333e-01   8.2470201035545410e-01   8.5423252299648600e-01   8.7609869602652923e-01   8.8920460740595142e-01   8.9185776363993996e-01   8.8099314246860327e-01   8.5120168626179460e-01   7.9367511820916892e-01   6.9582125318504273e-01   5.4365101163797758e-01   3.3008671415234125e-01   6.8323033076115702e-02  -2.0259995976314310e-01  -4.3446860079845451e-01  -5.9542947099184351e-01  -6.7598659154421481e-01  -6.7526582042754635e-01  -5.8786570269056093e-01  -4.0517655166563338e-01  -1.3459308677606469e-01   1.7930681257992964e-01   4.6809595708867063e-01   6.8442623771173849e-01   8.2232475894903745e-01   8.9932119825665646e-01   9.3454778145846518e-01   9.3920874665642085e-01   9.1476629900728390e-01   8.5284538316156189e-01   7.3592310454644871e-01   5.4306354934820267e-01   2.6746402755240500e-01  -6.0286059129129821e-02  -3.7574632846696576e-01  -6.2341166248560931e-01  -7.8848315286068460e-01  -8.8663979658542946e-01  -9.4076559024671025e-01  -9.6884362049381956e-01  -9.8204522351674262e-01  -9.8624608623571985e-01  -9.8360943462937966e-01  -9.7323276555030158e-01  -9.5075370596974673e-01  -9.0685016148672126e-01  -8.2520753236507050e-01  -6.8250655941145677e-01  -4.5740016297717478e-01  -1.5423016986619892e-01   1.7682760705769368e-01   4.6344729374707022e-01   6.6252350180911657e-01   7.7385512602123396e-01   8.1537874561325596e-01   8.0065733621947222e-01   7.3149903626301749e-01   6.0081447146921307e-01   4.0321604719516091e-01   1.5072275280766023e-01  -1.2004129156959653e-01  -3.6360897648847168e-01  -5.5097476908325760e-01  -6.7748362442999310e-01  -7.5279265049693600e-01  -7.8918399795511607e-01  -7.9583812480873295e-01  -7.7760151540812394e-01  -7.3553296218715558e-01  -6.6791163120443298e-01
  -3.1745422869658513e-01  -1.6704362239375586e-01   4.9861993880250810e-03   1.8600052562357894e-01   3.6080197941827280e-01   5.1600521207554739e-01   6.4359831024312886e-01   7.4174621326352219e-01   8.1317265972540076e-01   8.6277737888796258e-01   8.9577058687210798e-01   9.1669342904159001e-01   9.2911947469336820e-01   9.3572251925858929e-01   9.3847467349878044e-01   9.3884906242776922e-01   9.3797074894625443e-01   9.3670811851675428e-01   9.3571119530918700e-01   9.3542103605283966e-01   9.3607111423858158e-01   9.3770153182304261e-01   9.4019038643211550e-01   9.4330270556199047e-01   9.4674466264516344e-01   9.5021460499715615e-01   9.5343997053707685e-01   9.5619931774232936e-01   9.5832818547440513e-01   9.5971738670470907e-01   9.6030447060076052e-01   9.6006454087783222e-01   9.5900024317295773e-01   9.5713317981657009e-01   9.5449208339814740e-01   9.5109868463724145e-01   9.4694361577526431e-01   9.4195075913148962e-01   9.3591935294454065e-01   9.2843856812045555e-01   9.1876331254945787e-01   9.0565735313778672e-01   8.8723133072936167e-01   8.6087617208720280e-01   8.2348409794581956e-01   7.7222891244590475e-01   7.0603371180228347e-01   6.2732601906717678e-01   5.4294175863308791e-01   4.6303742361803207e-01   3.9818083835592855e-01   3.5630301828746919e-01   3.4109468965808443e-01   3.5206607673292067e-01   3.8551247200082822e-01   4.3569218631711010e-01   4.9594031367633695e-01   5.5966785535534180e-01   6.2115487535114555e-01   6.7600233234831619e-01   7.2114936689084264e-01   7.5449730786524039e-01   7.7425217400487523e-01   7.7810512768236306e-01   7.6231547701697333e-01   7.2080963233053841e-01   6.4468828798340683e-01   5.2327519488736918e-01   3.4867138429122752e-01   1.2467796483692872e-01  -1.2526750287388994e-01  -3.6270082860261227e-01  -5.5271959197996301e-01  -6.7830850790116781e-01  -7.3709132749344830e-01  -7.2854766659282322e-01  -6.4482715954122716e-01  -4.7271101261428583e-01  -2.1116237806939131e-01   1.0467137780756613e-01   4.0786176632545845e-01   6.4333485273020341e-01   7.9763703432834243e-01   8.8624571105700456e-01   9.2976815867364637e-01   9.4191222188099388e-01   9.2689560572432228e-01   8.7938473087035240e-01   7.8469712793684976e-01   6.2183410960711893e-01   3.7610159637909196e-01   6.2423389247380612e-02  -2.6430716502808349e-01  -5.4025504199242591e-01  -7.3493044708040267e-01  -8.5531866506579857e-01  -9.2347900311876840e-01  -9.5963914967729136e-01  -9.7730843678642598e-01  -9.8403017012487892e-01  -9.8304694402407844e-01  -9.7422674550539978e-01  -9.5390885846034057e-01  -9.1359912393594456e-01  -8.3792979089055497e-01  -7.0408855509864976e-01  -4.8919773288676527e-01  -1.9267458652246650e-01   1.4055123056223190e-01   4.3748307018871541e-01   6.4953410354407981e-01   7.7299227111232893e-01   8.2648060533448653e-01   8.2692762935889830e-01   7.8078424112148959e-01   6.8526401732224795e-01   5.3512385332299073e-01   3.3354593783424225e-01   1.0111404752797643e-01  -1.2784471745314302e-01  -3.2169893726017684e-01  -4.6460516660722273e-01  -5.5594057717296819e-01  -6.0225330629331997e-01  -6.1052809494642368e-01  -5.8522698545377327e-01  -5.2798382516817755e-01  -4.3869144523627124e-01
  -1.0064858411279132e-02   1.3798368759710988e-01   2.9343709514138483e-01   4.4318806900466318e-01   5.7616119985984604e-01   6.8578666897223539e-01   7.7045879504148207e-01   8.3226190438664549e-01   8.7511205523170066e-01   9.0326196497006084e-01   9.2047018260452329e-01   9.2972443677187477e-01   9.3328409364965814e-01   9.3286178477695791e-01   9.2982009615319761e-01   9.2532836099780869e-01   9.2044201090615363e-01   9.1610672033462459e-01   9.1310061246521501e-01   9.1195892218196983e-01   9.1291372982849728e-01   9.1588586594771804e-01   9.2052956498709471e-01   9.2632435456438955e-01   9.3267971254882653e-01   9.3903366941895017e-01   9.4491797210289885e-01   9.4999255501736002e-01   9.5404514237169102e-01   9.5697387825609248e-01   9.5875656196687498e-01   9.5942475755329715e-01   9.5903662639562204e-01   9.5765927464338230e-01   9.5534837790934313e-01   9.5212976234349145e-01   9.4796638227161878e-01   9.4271090342841690e-01   9.3601938378230920e-01   9.2721820232885488e-01   9.1509238835822981e-01   8.9759850696942123e-01   8.7153503929492537e-01   8.3235967609689165e-01   7.7455224290542890e-01   6.9314769571680412e-01   5.8671433060839329e-01   4.6066766622132116e-01   3.2808216255276917e-01   2.0602948630783191e-01   1.0948016739876321e-01   4.7185098565810379e-02   2.1372406178997938e-02   2.9658473441674271e-02   6.6994474816870042e-02   1.2683462444661836e-01   2.0174398691463136e-01   2.8393121103257779e-01   3.6590192880493422e-01   4.4112491227966810e-01   5.0441311532008415e-01   5.5184317037129460e-01   5.8020477832402062e-01   5.8616842371326483e-01   5.6540085758438208e-01   5.1201919602878221e-01   4.1903733432807322e-01   2.8090361706645700e-01   9.8785415678051325e-02  -1.1350245231043182e-01  -3.2929077880607066e-01  -5.1885475929781411e-01  -6.6222725357824919e-01  -7.5303317959195759e-01  -7.9190465862733517e-01  -7.7705321073036548e-01  -6.9831325223214635e-01  -5.3879092183206068e-01  -2.8974925829115172e-01   2.4206664462030625e-02   3.4015734661449032e-01   5.9588089236970232e-01   7.6874147822860628e-01   8.7068568738395125e-01   9.2332151194899770e-01   9.4284902571416596e-01   9.3622327374878034e-01   9.0110112687668709e-01   8.2595087964948721e-01   6.9136332995849226e-01   4.7812465528148040e-01   1.8720598504672747e-01  -1.4097835236950518e-01  -4.4112327247880134e-01  -6.6738587775743186e-01  -8.1418941943511924e-01  -9.0007140700995358e-01  -9.4680488686212971e-01  -9.7042538544864387e-01  -9.8047801330570694e-01  -9.8152775237365864e-01  -9.7433944279604590e-01  -9.5597898133575510e-01  -9.1872960126695480e-01  -8.4809520122750093e-01  -7.2183537559873012e-01  -5.1601836824286018e-01  -2.2597353117526747e-01   1.0835780176705156e-01   4.1411810280709682e-01   6.3798002459918313e-01   7.7269902290303261e-01   8.3717789708378365e-01   8.5118672727834122e-01   8.2531263251097120e-01   7.6119453254189862e-01   6.5597096643210073e-01   5.0917902373514767e-01   3.2993100842632483e-01   1.3904816673076076e-01  -3.7619031868336816e-02  -1.7961556933686096e-01  -2.7711043269251107e-01  -3.2889390133808799e-01  -3.3771405269172583e-01  -3.0693057956681324e-01  -2.3950954160500176e-01  -1.3878241663057589e-01
   2.9614562147569823e-01   4.1635087591437026e-01   5.3397196873719377e-01   6.3994366575883910e-01   7.2863799535498097e-01   7.9817511953329923e-01   8.4956702091895397e-01   8.8540965989967857e-01   9.0873632599565823e-01   9.2232024563665183e-01   9.2838113142054723e-01   9.2858728781754263e-01   9.2420297149542607e-01   9.1630851832582960e-01   9.0600025771066084e-01   8.9452773171134181e-01   8.8330017540719374e-01   8.7377400093327207e-01   8.6723699921046871e-01   8.6458821106399186e-01   8.6617442110232734e-01   8.7175746482198324e-01   8.8059648029990500e-01   8.9163268698998976e-01   9.0369864694358126e-01   9.1571703631786161e-01   9.2682768667004956e-01   9.3645021364120784e-01   9.4426964028281002e-01   9.5019205228668990e-01   9.5427200028713344e-01   9.5665267384887065e-01   9.5750748955832665e-01   9.5700674401562191e-01   9.5528176824214917e-01   9.5240208866088816e-01   9.4832962533072429e-01   9.4285761005251445e-01   9.3548603319950208e-01   9.2522397969932113e-01   9.1025265757491480e-01   8.8744726425745368e-01   8.5179249455741490e-01   7.9603829217478972e-01   7.1139712327100812e-01   5.9057896228402029e-01   4.3350073236466591e-01   2.5250683593195716e-01   7.0841035509180722e-02  -8.7017994230397744e-02  -2.0522640732432490e-01  -2.7901040220723833e-01  -3.1101206190078956e-01  -3.0682971014208671e-01  -2.7255732207477340e-01  -2.1420179019595531e-01  -1.3800879020642726e-01  -5.0829309914272092e-02   3.9890103723153325e-02   1.2657397166453110e-01   2.0214338954555730e-01   2.6045597278582000e-01   2.9629400308010806e-01   3.0499044616650334e-01   2.8199156832559069e-01   2.2294193886116742e-01   1.2491316333716523e-01  -1.0811164983553445e-02  -1.7536005112939390e-01  -3.5124955505221866e-01  -5.1674328141858095e-01  -6.5384211990367214e-01  -7.5355507619113116e-01  -8.1451798592301572e-01  -8.3726920398531135e-01  -8.1816086548212874e-01  -7.4534252571908199e-01  -5.9951448040995958e-01  -3.6567477098225576e-01  -5.7777326974205678e-02   2.6780155935575256e-01   5.4343178743063958e-01   7.3623517519661896e-01   8.5298570591107792e-01   9.1555655401608493e-01   9.4250828380314999e-01   9.4348514772229786e-01   9.1901980328130517e-01   8.6077759845235580e-01   7.5195789638456456e-01   5.7176279237790473e-01   3.1041515684470805e-01  -8.4349024623872892e-03  -3.2570437513206785e-01  -5.8361193283901014e-01  -7.6085700203204709e-01  -8.6877784400604363e-01  -9.2923712568636352e-01  -9.6076438517466556e-01  -9.7525257873135240e-01  -9.7890398476337115e-01  -9.7356626100030230e-01  -9.5711230270390679e-01  -9.2259843616511406e-01  -8.5636834241558901e-01  -7.3680755642152318e-01  -5.3928551827644200e-01  -2.5568078996236987e-01   7.8828553660522660e-02   3.9216130609141581e-01   6.2682895214397483e-01   7.7195080284756568e-01   8.4623115349437505e-01   8.7164330173426674e-01   8.6212273237789816e-01   8.2313611777127937e-01   7.5494963383926572e-01   6.5711715846958341e-01   5.3323630466666383e-01   3.9404017586309809e-01   2.5624265594196172e-01   1.3741040383444025e-01   5.0687731225683763e-02   2.8371596121701259e-03  -4.6686857878296406e-03   2.6254983019572742e-02   9.1380289516661772e-02   1.8427521215375664e-01
   5.4678158139146893e-01   6.2910389539733380e-01   7.0597765747552543e-01   7.7237532503078477e-01   8.2591283303368734e-01   8.6641340028855951e-01   8.9506395878913692e-01   9.1360102600449578e-01   9.2370829632027496e-01   9.2671294872955290e-01   9.2350034726471941e-01   9.1462616342703762e-01   9.0054172836788826e-01   8.8191345866076076e-01   8.5990916558008301e-01   8.3636609142556817e-01   8.1369853052132901e-01   7.9456265510827850e-01   7.8134863132790455e-01   7.7570989670366641e-01   7.7824998469902207e-01   7.8847254852876925e-01   8.0494631901378533e-01   8.2564710301291067e-01   8.4834853197171112e-01   8.7099821836192048e-01   8.9197137969702678e-01   9.1019886275805673e-01   9.2514690445311321e-01   9.3672090575847633e-01   9.4511557675723901e-01   9.5068660575206265e-01   9.5383419895425037e-01   9.5493551207763383e-01   9.5428694652772628e-01   9.5207200747249665e-01   9.4830425509282901e-01   9.4275017252135673e-01   9.3476348070651682e-01   9.2300786207978991e-01   9.0496508624586558e-01   8.7620383827038073e-01   8.2946487050052153e-01   7.5415876754708788e-01   6.3779203396617912e-01   4.7166568793476193e-01   2.6063818082295703e-01   2.9064903813543874e-02  -1.8777639655749195e-01  -3.6203684714190648e-01  -4.8345187695868735e-01  -5.5552005424054185e-01  -5.8701748248236063e-01  -5.8645984137259655e-01  -5.6037966589358423e-01  -5.1366242693598707e-01  -4.5056891864583648e-01  -3.7570475157152899e-01  -2.9462220083939872e-01  -2.1388128898071501e-01  -1.4064907013815120e-01  -8.2051870891954592e-02  -4.4601924849486635e-02  -3.3803154528807777e-02  -5.3816931381155148e-02  -1.0680107413771767e-01  -1.9168609078171811e-01  -3.0266554407894763e-01  -4.2864784473728013e-01  -5.5510342693741244e-01  -6.6822681041474952e-01  -7.5884786060960119e-01  -8.2339198049267215e-01  -8.6157941031594310e-01  -8.7260829432481612e-01  -8.5127542262480604e-01  -7.8488629239358465e-01  -6.5299461435520312e-01  -4.3603169234003319e-01  -1.3805896441155596e-01   1.9314582769689587e-01   4.8711166624635965e-01   7.0049491362977823e-01   8.3326463976326082e-01   9.0658689160350203e-01   9.4111483563802234e-01   9.4910317600654714e-01   9.3381128893031606e-01   8.8998264890970546e-01   8.0392297753884212e-01   6.5549341792304361e-01   4.2799574833706344e-01   1.2893922633665489e-01  -1.9551687710483184e-01  -4.8217045336320041e-01  -6.9290828125184167e-01  -8.2756062546716802e-01  -9.0558793392429282e-01  -9.4753292921357801e-01  -9.6792230920424527e-01  -9.7496791568200492e-01  -9.7185452511644832e-01  -9.5740117258453927e-01  -9.2548499431414544e-01  -8.6330422481766123e-01  -7.4993934845096355e-01  -5.6034305336275725e-01  -2.8340694645597397e-01   5.0351680752105388e-02   3.7021304368992880e-01   6.1496418268337316e-01   7.6986503585837196e-01   8.5289943763329956e-01   8.8762045825427394e-01   8.9050713344943144e-01   8.6995283703751314e-01   8.2897580676962468e-01   7.6852538527101488e-01   6.9059485391825604e-01   6.0062265463506215e-01   5.0805586557734916e-01   4.2461901590995299e-01   3.6122589331513916e-01   3.2545389879451048e-01   3.2054287318710439e-01   3.4565088786587517e-01   3.9653955447248657e-01   4.6638555414545824e-01
   7.2055798136408322e-01   7.7020527629500091e-01   8.1537349294481876e-01   8.5341577791996925e-01   8.8322512590877400e-01   9.0481045515744474e-01   9.1874357572946552e-01   9.2569086423416369e-01   9.2606976381727413e-01   9.1988982159236765e-01   9.0674815968027722e-01   8.8604337318842297e-01   8.5738435342278385e-01   8.2117485742277840e-01   7.7914724784223610e-01   7.3458582544763606e-01   6.9198114842797342e-01   6.5619768669455492e-01   6.3144875641053821e-01   6.2049803153007399e-01   6.2426211995942182e-01   6.4183317612107793e-01   6.7077812462146080e-01   7.0763932993584455e-01   7.4852545810757631e-01   7.8972705871377735e-01   8.2821156929880424e-01   8.6192090954461786e-01   8.8980721139131980e-01   9.1168137756374945e-01   9.2794324291275365e-01   9.3931452198609067e-01   9.4661128500443148e-01   9.5060013630910067e-01   9.5190132548503392e-01   9.5093828718067352e-01   9.4787394197246866e-01   9.4251872928359892e-01   9.3413034744168555e-01   9.2105078242807070e-01   9.0004785383217034e-01   8.6529542151178063e-01   8.0709620906712010e-01   7.1129821220207490e-01   5.6198452524933851e-01   3.5104127079439007e-01   9.2419026824382300e-02  -1.7459554736577965e-01  -4.0570476734978256e-01  -5.7662653876801151e-01  -6.8717817843976892e-01  -7.4933294247874671e-01  -7.7624373346727205e-01  -7.7781445787795966e-01  -7.6041486035721961e-01  -7.2799726856065172e-01  -6.8336850304664876e-01  -6.2925655975853734e-01  -5.6907091837292478e-01  -5.0728776425303912e-01  -4.4940351800013956e-01  -4.0149113108908707e-01  -3.6948949620677496e-01  -3.5839138549079463e-01  -3.7141258900486362e-01  -4.0916808071913108e-01  -4.6896785410964392e-01  -5.4463029701763521e-01  -6.2734522232602674e-01  -7.0769955642912952e-01  -7.7803307659146492e-01  -8.3380722711539446e-01  -8.7325689410315932e-01  -8.9566337860319178e-01  -8.9895890631360598e-01  -8.7706702325011476e-01  -8.1722281600938240e-01  -6.9886831006398631e-01  -4.9949722254826590e-01  -2.1460811043762651e-01   1.1792195688453255e-01   4.2773304191361439e-01   6.6167003954556114e-01   8.1144665683547679e-01   8.9635188134201060e-01   9.3872304585185951e-01   9.5331247458421586e-01   9.4594873026093085e-01   9.1424278789845115e-01   8.4771654557884513e-01   7.2835741721241076e-01   5.3618293555084651e-01   2.6553616962749205e-01  -5.4329565731543766e-02  -3.6318422052016552e-01  -6.0838588186760156e-01  -7.7429063578369872e-01  -8.7431793289928683e-01  -9.2979275559224295e-01  -9.5796828411048596e-01  -9.6945959488071431e-01  -9.6911512174470171e-01  -9.5689689696166713e-01  -9.2760673356410517e-01  -8.6935851331255298e-01  -7.6203112113145199e-01  -5.8040716630438993e-01  -3.1072296705822733e-01   2.1230713800519496e-02   3.4673727845526192e-01   6.0120423163737313e-01   7.6565876910788755e-01   8.5679179482157841e-01   8.9919063749157790e-01   9.1122981001035486e-01   9.0340461431182029e-01   8.8073577956766314e-01   8.4555514163682755e-01   7.9977098758125620e-01   7.4655829514694694e-01   6.9110552331259612e-01   6.4021619785687867e-01   6.0087621203052632e-01   5.7857363445298793e-01   5.7606782042345417e-01   5.9300684017743543e-01   6.2625059847850362e-01   6.7072934557207964e-01
   8.2747554592200045e-01   8.5491916942347457e-01   8.7948149704404732e-01   8.9967240857683395e-01   9.1476736029075489e-01   9.2451654367148883e-01   9.2878885362278230e-01   9.2725099119511156e-01   9.1909962870639861e-01   9.0292072735921347e-01   8.7674673640217549e-01   8.3847080598453816e-01   7.8669899024370471e-01   7.2193410070449260e-01   6.4755914075494236e-01   5.6991754564462382e-01   4.9713561555506236e-01   4.3720322212557694e-01   3.9628008588938257e-01   3.7787740732552888e-01   3.8284018950256476e-01   4.0971821557524019e-01   4.5518764330518702e-01   5.1447391191961644e-01   5.8187414357863765e-01   6.5147136274385109e-01   7.1795383021977877e-01   7.7732181805254630e-01   8.2724430411159566e-01   8.6699424987887463e-01   8.9706392992736439e-01   9.1866766265894984e-01   9.3329079374215951e-01   9.4237355862610617e-01   9.4712377404330839e-01   9.4842136464745386e-01   9.4674960500565175e-01   9.4209411698794099e-01   9.3372539300730761e-01   9.1976312800298010e-01   8.9637111030546679e-01   8.5645984156792276e-01   7.8807808177469574e-01   6.7385744361348465e-01   4.9534992896996816e-01   2.4696754038098589e-01  -4.6243510096148133e-02  -3.3158515999881344e-01  -5.6147546931625403e-01  -7.1959629032626304e-01  -8.1551043071034135e-01  -8.6689693647690169e-01  -8.8886423493074396e-01  -8.9146127524267893e-01  -8.8061299567425810e-01  -8.5967557547582052e-01  -8.3070499192541014e-01  -7.9540073156179192e-01  -7.5575040845928121e-01  -7.1444114043523332e-01  -6.7496213049178477e-01  -6.4140561036496668e-01  -6.1794253228996654e-01  -6.0811158596069770e-01  -6.1403168125114260e-01  -6.3577178908139453e-01  -6.7105342747757202e-01  -7.1554652949120179e-01  -7.6377124049011669e-01  -8.1039082130083528e-01  -8.5128787654458915e-01  -8.8396792203679253e-01  -9.0709141145039784e-01  -9.1938005481995400e-01  -9.1804050427542583e-01  -8.9676906580764804e-01  -8.4329961615836435e-01  -7.3770544847914254e-01  -5.5592710066480522e-01  -2.8648374407921973e-01   4.3169107547460728e-02   3.6572040218205737e-01   6.1964015770668079e-01   7.8724876634352547e-01   8.8463062685711125e-01   9.3525591478396475e-01   9.5622346947565218e-01   9.5578688193480987e-01   9.3417742835717799e-01   8.8399425743449056e-01   7.9011121069562829e-01   6.3214983028535321e-01   3.9547562037840112e-01   9.1989033642642437e-02  -2.2904126970443189e-01  -5.0646803655483785e-01  -7.0709265805257582e-01  -8.3382430340845026e-01  -9.0650466856930578e-01  -9.4480065513842082e-01  -9.6207500856943817e-01  -9.6522404148213414e-01  -9.5560996109289886e-01  -9.2911890644919559e-01  -8.7488734826940373e-01  -7.7373600298879941e-01  -6.0052071458865530e-01  -3.3907154287997876e-01  -1.0220014945515332e-02   3.2011287545125222e-01   5.8428769399682035e-01   7.5856207453453972e-01   8.5766913227636810e-01   9.0676022490269526e-01   9.2566617668946127e-01   9.2641278254343540e-01   9.1538764431046671e-01   8.9590107242864647e-01   8.7008419228319223e-01   8.4016868435016345e-01   8.0912241969065790e-01   7.8066159542969338e-01   7.5865820778437731e-01   7.4627175927643141e-01   7.4516139136810999e-01   7.5513311345751444e-01   7.7427912492099771e-01   7.9954534445779557e-01
   8.8849609104996752e-01   9.0265161711743847e-01   9.1501666832767148e-01   9.2463241251376826e-01   9.3083025365431982e-01   9.3301213347568490e-01   9.3036312956824108e-01   9.2152823874374601e-01   9.0429745865884814e-01   8.7541128201357343e-01   8.3072941635775877e-01   7.6612607355130447e-01   6.7934038829576482e-01   5.7232373548641458e-01   4.5262341991460148e-01   3.3224479384456529e-01   2.2418764284576737e-01   1.3885792777422812e-01   8.2406924930830572e-02   5.7116727029858372e-02   6.2647734076678840e-02   9.7044528024678389e-02   1.5711427959368296e-01   2.3831547648768525e-01   3.3458251889734503e-01   4.3851859243996616e-01   5.4221261158178868e-01   6.3850526918483708e-01   7.2219516528901972e-01   7.9064122159305783e-01   8.4359836838474311e-01   8.8250892542677439e-01   9.0966232607076647e-01   9.2750401319607823e-01   9.3820601706371276e-01   9.4344566110961647e-01   9.4430515665966774e-01   9.4116708046161945e-01   9.3350461897070569e-01   9.1940965603128877e-01   8.9469528679987909e-01   8.5139461522630866e-01   7.7590955586360877e-01   6.4852994839119504e-01   4.4927329936821880e-01   1.7547725325159924e-01  -1.3847853785927167e-01  -4.3097027016019412e-01  -6.5486204075188126e-01  -8.0122657098547223e-01  -8.8612448641693820e-01  -9.3014184546375356e-01  -9.4895599186815971e-01  -9.5235581938853187e-01  -9.4588479319359364e-01  -9.3257724868037151e-01  -9.1416080119061816e-01  -8.9186508775497186e-01  -8.6692166816893390e-01  -8.4089534903436913e-01  -8.1579868222580343e-01  -7.9402808889813348e-01  -7.7805915180260110e-01  -7.7000984305294673e-01  -7.7112810524116471e-01  -7.8142533565695971e-01  -7.9955505385588044e-01  -8.2308416484414304e-01  -8.4903825140628197e-01  -8.7457370311408500e-01  -8.9743435481530898e-01  -9.1606269031769694e-01  -9.2925026550371270e-01  -9.3544430412151980e-01  -9.3162643619529484e-01  -9.1170963516007797e-01  -8.6427646120388812e-01  -7.7051120478237523e-01  -6.0589566429559127e-01  -3.5357675788820819e-01  -3.0720538099506978e-02   3.0106939571829211e-01   5.7396026232067299e-01   7.6013646430958715e-01   8.7102180359779047e-01   9.3050788067784895e-01   9.5784602878400760e-01   9.6359601918321458e-01   9.5037395786269085e-01   9.1358533095552064e-01   8.4120887237306585e-01   7.1438736255202095e-01   5.1370636407985559e-01   2.3632620483378780e-01  -8.4701362726591678e-02  -3.8826011912473057e-01  -6.2491213059387574e-01  -7.8272464851316059e-01  -8.7666190167116342e-01  -9.2782392080324927e-01  -9.5250397455784264e-01  -9.6004787138026759e-01  -9.5353132741176494e-01  -9.3013022400746559e-01  -8.8015680369989913e-01  -7.8555514348005839e-01  -6.2152330366477815e-01  -3.6970452733781428e-01  -4.5612099434974823e-02   2.8864771528525834e-01   5.6282031581602898e-01   7.4770639960025131e-01   8.5525674645456240e-01   9.1074110858689772e-01   9.3518525559711363e-01   9.4184110822535938e-01   9.3808614186409645e-01   9.2788917833066042e-01   9.1358790335965867e-01   8.9699052677792002e-01   8.7994165025610172e-01   8.6446983624326013e-01   8.5258878690238538e-01   8.4591368519769616e-01   8.4527713584662290e-01   8.5053527443549393e-01   8.6063536169751897e-01   8.7391443184263995e-01
   9.2194012218447541e-01   9.2857216204108228e-01   9.3396113957947069e-01   9.3736376912100927e-01   9.3802679613712270e-01   9.3495895744721946e-01   9.2660234700502908e-01   9.1039519594455609e-01   8.8229961356979736e-01   8.3652030121423615e-01   7.6598180314450715e-01   6.6435645659455311e-01   5.2994726335776954e-01   3.6970011978544032e-01   1.9959078854770895e-01   3.9380954814428354e-02  -9.4739987730648290e-02  -1.9411503604975816e-01  -2.5675283011313299e-01  -2.8426285383597655e-01  -2.7920654146742052e-01  -2.4381308802326540e-01  -1.7988224274863307e-01  -8.9496211645177515e-02   2.3888233249878210e-02   1.5444491058818899e-01   2.9374006697127203e-01   4.3171131445706484e-01   5.5871760997878250e-01   6.6768325897063829e-01   7.5526260491722530e-01   8.2160959652265353e-01   8.6922679323038343e-01   9.0162467655145673e-01   9.2231371409430862e-01   9.3422213657146058e-01   9.3944420243241267e-01   9.3910364700556381e-01   9.3316892093622750e-01   9.2000179941997573e-01   8.9545212234131388e-01   8.5128089134146201e-01   7.7319008783766385e-01   6.4034264675185348e-01   4.3190296682026730e-01   1.4648077987098324e-01  -1.7710542769432225e-01  -4.7305474516895984e-01  -6.9459557771032243e-01  -8.3624282865792110e-01  -9.1691373291156097e-01  -9.5842456649150110e-01  -9.7670425744545242e-01  -9.8147067157187917e-01  -9.7816421544063514e-01  -9.6974344230023379e-01  -9.5784720338882601e-01  -9.4352342560559932e-01  -9.2764286437367771e-01  -9.1116250836699508e-01  -8.9522491385894942e-01  -8.8115570235694773e-01  -8.7031054247082951e-01  -8.6385412786013682e-01  -8.6248566673059202e-01  -8.6625614486382174e-01  -8.7450930508463953e-01  -8.8603350326817254e-01  -8.9932429927100510e-01  -9.1289977037004877e-01  -9.2548317019372250e-01  -9.3602030521862278e-01  -9.4343376273982837e-01  -9.4614726695421081e-01  -9.4123254868091943e-01  -9.2306585981248357e-01  -8.8125741158655546e-01  -7.9838863913231450e-01  -6.5031239368989147e-01  -4.1630843813622320e-01  -1.0386499375303759e-01   2.3336591812504132e-01   5.2382189393338019e-01   7.2926723976401975e-01   8.5489869923875428e-01   9.2411874475142064e-01   9.5807982221381804e-01   9.6955740227923282e-01   9.6336412383803938e-01   9.3740045617591239e-01   8.8262714541645371e-01   7.8271424571879777e-01   6.1683927940299355e-01   3.7169485146880066e-01   6.2765820398821670e-02  -2.5736680583610089e-01  -5.2820159834919833e-01  -7.2028203493663912e-01  -8.3950427781282844e-01  -9.0654380991187178e-01  -9.4048213852697848e-01  -9.5346850503850344e-01  -9.5064147442348013e-01  -9.3070649472207234e-01  -8.8534174446042102e-01  -7.9782648315134619e-01  -6.4401231543398385e-01  -4.0360756017183019e-01  -8.6400675199120841e-02   2.5060337250680625e-01   5.3522159925727908e-01   7.3201670985011436e-01   8.4909804152718127e-01   9.1134577512663029e-01   9.4082992729529535e-01   9.5193194889688137e-01   9.5287354396302781e-01   9.4813872946998901e-01   9.4025286936344687e-01   9.3084583944781618e-01   9.2121303720770253e-01   9.1253247101368207e-01   9.0585730669548292e-01   9.0197925038030768e-01   9.0127687199162509e-01   9.0363335160083302e-01   9.0847595001856152e-01   9.1491596267536801e-01
   9.4003655106381645e-01   9.4243140351846999e-01   9.4378698299542196e-01   9.4340748118458895e-01   9.4036463524952962e-01   9.3320369206096154e-01   9.1948871486760719e-01   8.9514758560435415e-01   8.5375124208749242e-01   7.8619679129516773e-01   6.8198602594816482e-01   5.3362048330258272e-01   3.4382758298124649e-01   1.3031616775289062e-01  -7.9118723471544250e-02  -2.5941702243040871e-01  -3.9759753338756076e-01  -4.9245727518854654e-01  -5.4892274722126277e-01  -5.7297865346753618e-01  -5.6908215315584021e-01  -5.3947480742258636e-01  -4.8445709505005696e-01  -4.0320092975835481e-01  -2.9499330657744660e-01  -1.6089823360531419e-01  -5.4580985432099993e-03   1.6241451942096463e-01   3.3039269070503607e-01   4.8565874829366845e-01   6.1842644521208268e-01   7.2404039684925925e-01   8.0280125492643017e-01   8.5822992705639756e-01   8.9508726023073026e-01   9.1793678510626131e-01   9.3039558293939506e-01   9.3481042348562071e-01   9.3206293618317382e-01   9.2118758157584901e-01   8.9855572023379515e-01   8.5638206712168496e-01   7.8078044304301419e-01   6.5114336260625039e-01   4.4622055894271073e-01   1.6308052117646238e-01  -1.6134891840379656e-01  -4.6135618344982621e-01  -6.8821072905440883e-01  -8.3461726682875115e-01  -9.1897421993081552e-01  -9.6338223757757024e-01  -9.8423504380249360e-01  -9.9164392837965398e-01  -9.9133422154356265e-01  -9.8645500848525303e-01  -9.7874839497288479e-01  -9.6926231379595484e-01  -9.5873789104682217e-01  -9.4784445223146407e-01  -9.3727609356208519e-01  -9.2778253881711792e-01  -9.2010406808816880e-01  -9.1487575695358214e-01  -9.1249390858154755e-01  -9.1303341855160913e-01  -9.1621458009627310e-01  -9.2147321117705072e-01  -9.2807016649639551e-01  -9.3522805424958577e-01  -9.4219410354638855e-01  -9.4822016250839070e-01  -9.5237917195144628e-01  -9.5320791827720996e-01  -9.4802469062637840e-01  -9.3177831649077725e-01  -8.9517315592304225e-01  -8.2234602659875145e-01  -6.9014238102179126e-01  -4.7533661994381510e-01  -1.7669167549790954e-01   1.6186812829695707e-01   4.6803348036019710e-01   6.9341864670805409e-01   8.3533457762885988e-01   9.1552082911486810e-01   9.5668120828482206e-01   9.7374180778304331e-01   9.7359123179610330e-01   9.5633990720557893e-01   9.1563666383875064e-01   8.3800078513279896e-01   7.0342963214277709e-01   4.9256301472507663e-01   2.0540400303772610e-01  -1.1989183115938706e-01  -4.1955616285308273e-01  -6.4696469443752869e-01  -7.9485373556789440e-01  -8.8074902994840187e-01  -9.2588683509760794e-01  -9.4543888135359300e-01  -9.4694440330203689e-01  -9.3089381620081557e-01  -8.9053795004605274e-01  -8.1072513862349160e-01  -6.6831701154704437e-01  -4.4143435815405119e-01  -1.3379791230666196e-01   2.0422719791541638e-01   4.9966620497669439e-01   7.1009747539754209e-01   8.3842972208117517e-01   9.0846632968604379e-01   9.4320012100857054e-01   9.5818187847251746e-01   9.6249716097409721e-01   9.6114223991946046e-01   9.5686619762233172e-01   9.5127168726053268e-01   9.4541557651137720e-01   9.4007923890131884e-01   9.3586209839664591e-01   9.3316554991491618e-01   9.3215681464033762e-01   9.3274212590889216e-01   9.3459591765905992e-01   9.3722146260758765e-01
   9.4997768442719199e-01   9.4991289692411374e-01   9.4883468591339837e-01   9.4599775956034204e-01   9.4023517144210456e-01   9.2955273713459152e-01   9.1047976801391817e-01   8.7711326251535282e-01   8.2009720379682627e-01   7.2647558417971969e-01   5.8267738278778847e-01   3.8295106946872132e-01   1.4033608741619497e-01  -1.1201132542848069e-01  -3.3680935612650631e-01  -5.1180904402465066e-01  -6.3406162739497507e-01  -7.1175229499844073e-01  -7.5536842595175124e-01  -7.7325676678361477e-01  -7.7050583206426815e-01  -7.4920532811882357e-01  -7.0899419591820489e-01  -6.4763734537610662e-01  -5.6173461863689944e-01  -4.4788610306957821e-01  -3.0455267401239344e-01  -1.3444365490605309e-01   5.3668232210318134e-02   2.4543046727290324e-01   4.2455797869515244e-01   5.7796853562706874e-01   6.9921259129966651e-01   7.8848132925883463e-01   8.5022089238325738e-01   8.9036879808232339e-01   9.1443860656731013e-01   9.2655854136300031e-01   9.2906667146902300e-01   9.2217535373641712e-01   9.0331974380665203e-01   8.6589778909336435e-01   7.9750818440650872e-01   6.7911443339316491e-01   4.8967238136000846e-01   2.2236628247346762e-01  -9.3840560415018898e-02  -3.9812305134343462e-01  -6.3807994560978232e-01  -7.9931493668424913e-01  -8.9602929315167557e-01  -9.4950919442331627e-01  -9.7683026141631579e-01  -9.8902230412199177e-01  -9.9255016160870024e-01  -9.9106801312382176e-01  -9.8663341423772122e-01  -9.8045793645244017e-01  -9.7331945429510958e-01  -9.6580477765412254e-01  -9.5842052736880856e-01  -9.5164753701321847e-01  -9.4592765974186632e-01  -9.4163258963165120e-01  -9.3900570620673063e-01  -9.3812801111793886e-01  -9.3889926201935248e-01  -9.4106700317505998e-01  -9.4426777134822626e-01  -9.4808018014344086e-01  -9.5203685079388645e-01  -9.5558641328548188e-01  -9.5794876162486620e-01  -9.5782591656120109e-01  -9.5284198815053656e-01  -9.3854797247213373e-01  -9.0674648040380812e-01  -8.4320804560254303e-01  -7.2623838198058233e-01  -5.3132439720901214e-01  -2.4971666494650274e-01   8.5651684807825867e-02   4.0504406915678559e-01   6.5091412569170548e-01   8.1099916857300114e-01   9.0385077721933949e-01   9.5319764066653656e-01   9.7606021274392940e-01   9.8135301223320603e-01   9.7118646699389832e-01   9.4155745317557882e-01   8.8173867866672273e-01   7.7371391046793347e-01   5.9561996785256466e-01   3.3593775387094371e-01   1.6371776764465884e-02  -3.0395402457721366e-01  -5.6496259349239897e-01  -7.4349973215219645e-01  -8.5073162712180528e-01  -9.0885091586961952e-01  -9.3603623478119691e-01  -9.4249082044803090e-01  -9.3072852967829867e-01  -8.9576756606764985e-01  -8.2426071907577647e-01  -6.9446988505757290e-01  -4.8342102728442798e-01  -1.8863435364487971e-01   1.4785344242463672e-01   4.5406500638559943e-01   6.8012779040728000e-01   8.2206443361913939e-01   9.0159097921428155e-01   9.4242895201061860e-01   9.6141091752349794e-01   9.6861896493213173e-01   9.6965421541094488e-01   9.6757192898340305e-01   9.6406404433261050e-01   9.6012775603404954e-01   9.5638625770256391e-01   9.5324673143014604e-01   9.5094292767153488e-01   9.4955646515951408e-01   9.4901551119272765e-01   9.4912064327123702e-01   9.4956624017428615e-01
   9.5573033645694228e-01   9.5416343956126004e-01   9.5152978494377582e-01   9.4698754452759526e-01   9.3909529876977149e-01   9.2527022858109076e-01   9.0090206534991668e-01   8.5804244622818338e-01   7.8410782631977294e-01   6.6227616523815280e-01   4.7733331570079301e-01   2.2944841319720138e-01  -5.3087695979609162e-02  -3.2240747452058249e-01  -5.3982996256930948e-01  -6.9356945905485612e-01  -7.9219906323871969e-01  -8.5057509194193504e-01  -8.8152311896126634e-01  -8.9363334028491048e-01  -8.9168119393379774e-01  -8.7754703235115283e-01  -8.5089106007757520e-01  -8.0953012473608332e-01  -7.4965585619037189e-01  -6.6619785626066241e-01  -5.5373378310659715e-01  -4.0841295937792177e-01  -2.3092811552705406e-01  -2.9413179205650453e-02   1.8021704609595868e-01   3.7833954516685842e-01   5.4844891836203691e-01   6.8214009904248574e-01   7.7941165912616739e-01   8.4556087883046016e-01   8.8758411074902399e-01   9.1175504920679906e-01   9.2246125591382855e-01   9.2168563555928584e-01   9.0849899984726945e-01   8.7812827099089952e-01   8.2052622001000530e-01   7.1939636910033311e-01   5.5498169089525717e-01   3.1606325845990313e-01   1.9552191304404887e-02  -2.8452429415801767e-01  -5.4177775207893542e-01  -7.2688507513206191e-01  -8.4535657191441615e-01  -9.1544420734332499e-01  -9.5453343461696616e-01  -9.7492799386605589e-01  -9.8430013890075463e-01  -9.8718736624210190e-01  -9.8623688736309745e-01  -9.8302235855133957e-01  -9.7852356848804367e-01  -9.7340270247728355e-01  -9.6815143318933727e-01  -9.6316684496699845e-01  -9.5877733822863331e-01  -9.5524348672799808e-01  -9.5274364274364975e-01  -9.5136086593431413e-01  -9.5107894824746508e-01  -9.5179040388697866e-01  -9.5331397133435136e-01  -9.5540704747037442e-01  -9.5776193760007478e-01  -9.5995747647246443e-01  -9.6134426809542384e-01  -9.6079892468556194e-01  -9.5626177658578126e-01  -9.4387409211999751e-01  -9.1650676420629762e-01  -8.6159121422147256e-01  -7.5924669383874988e-01  -5.8476422088148927e-01  -3.2331772648785317e-01   3.8167030915388089e-03   3.3302370382341639e-01   5.9954719242437371e-01   7.8001443004272020e-01   8.8781191131570314e-01   9.4686427977723353e-01   9.7618803325627368e-01   9.8674103470469066e-01   9.8252120532538556e-01   9.6156757627035139e-01   9.1561330652819262e-01   8.2901788942679100e-01   6.7974969952938913e-01   4.4896914802972104e-01   1.4330087547032899e-01  -1.8839375415530579e-01  -4.7848179474901187e-01  -6.8756570553329033e-01  -8.1753049106416287e-01  -8.8989930658941108e-01  -9.2553509936187550e-01  -9.3742188641343649e-01  -9.3026529274204728e-01  -9.0100132158944057e-01  -8.3829376170500169e-01  -7.2220552157181628e-01  -5.2932263521656919e-01  -2.5119938183537305e-01   8.0075451697461053e-02   3.9610132211634563e-01   6.3975950658716951e-01   7.9825032458047329e-01   8.8970338760066858e-01   9.3816164339369712e-01   9.6185914740858036e-01   9.7208332366560601e-01   9.7520673422734483e-01   9.7471257224445340e-01   9.7248970657501377e-01   9.6959247054554631e-01   9.6661759548550463e-01   9.6391241247067838e-01   9.6165319707147434e-01   9.5989856138291441e-01   9.5859867115906172e-01   9.5762220062006853e-01   9.5675853101371178e-01
   9.5940021738952941e-01   9.5687161390078468e-01   9.5320312239106375e-01   9.4744196623256693e-01   9.3787522103208176e-01   9.2134392746732430e-01   8.9210914219689552e-01   8.4018786884711361e-01   7.4986822499001238e-01   6.0106102212402135e-01   3.7889004370857354e-01   9.2785013574332220e-02  -2.1287903081852716e-01  -4.8131391011184976e-01  -6.8002669643106395e-01  -8.0956439856493356e-01  -8.8690725172026463e-01  -9.2990037886560428e-01  -9.5145355305367418e-01  -9.5942126936691707e-01  -9.5797407289940517e-01  -9.4880186000424349e-01  -9.3182330079264952e-01  -9.0547665275416678e-01  -8.6673676365868058e-01  -8.1102558617736986e-01  -7.3228350671600606e-01  -6.2365138095022932e-01  -4.7937932156250190e-01  -2.9827869174441307e-01  -8.7666444954035305e-02   1.3531427065366025e-01   3.4801375224004377e-01   5.3074861994471523e-01   6.7337755447572523e-01   7.7584989244433944e-01   8.4431673740525681e-01   8.8669123881558887e-01   9.0977160005105528e-01   9.1791204505750235e-01   9.1240572429005462e-01   8.9084699993677630e-01   8.4612891999335449e-01   7.6552612014241761e-01   6.3191816774141363e-01   4.3126088916922944e-01   1.6787390705670224e-01  -1.2440266126257954e-01  -3.9550583808261142e-01  -6.0951351523929798e-01  -7.5881307580972102e-01  -8.5460997260340910e-01  -9.1282160890315722e-01  -9.4675169488334832e-01  -9.6558454106991243e-01  -9.7514625147540546e-01  -9.7902259437491979e-01  -9.7941805214185818e-01  -9.7772248262988160e-01  -9.7484421941350841e-01  -9.7141076156499051e-01  -9.6787278926230746e-01  -9.6456751357847026e-01  -9.6174053401022475e-01  -9.5956304769995959e-01  -9.5813018291499641e-01  -9.5747107073951110e-01  -9.5754830250617873e-01  -9.5827152555217165e-01  -9.5949143138781623e-01  -9.6099404861530291e-01  -9.6244877439341270e-01  -9.6331780596373506e-01  -9.6264403603594695e-01  -9.5867027373489644e-01  -9.4809833575257274e-01  -9.2481832907201555e-01  -8.7791524954743916e-01  -7.8957825910864066e-01  -6.3587502133816709e-01  -3.9753260084922870e-01  -8.4238903300936419e-02   2.5005064221091622e-01   5.3654845901994186e-01   7.3977442490228118e-01   8.6546736497405785e-01   9.3643134791780192e-01   9.7343238438268243e-01   9.8953395092991459e-01   9.9061083628300939e-01   9.7652649540120851e-01   9.4112969310280514e-01   8.7107820074561571e-01   7.4540032590013994e-01   5.4135131714207951e-01   2.5377036910308753e-01  -8.0943422397535658e-02  -3.9358289152018078e-01  -6.3066709624126993e-01  -7.8309106072742407e-01  -8.7004201512129831e-01  -9.1445011829046241e-01  -9.3198628156786689e-01  -9.2958665755335768e-01  -9.0617210214651711e-01  -8.5255660639237441e-01  -7.5097478288193320e-01  -5.7836454428188777e-01  -3.2104338266460664e-01   4.7549813160935317e-05   3.2340748062078628e-01   5.8606934398224908e-01   7.6451174922305432e-01   8.7113708630650610e-01   9.2948788929117832e-01   9.5923061320338365e-01   9.7311199733002518e-01   9.7850866241782708e-01   9.7949545000104066e-01   9.7827877860072754e-01   9.7606452209515771e-01   9.7350877190972995e-01   9.7097346154320108e-01   9.6863575243327404e-01   9.6656156170755358e-01   9.6472549194620982e-01   9.6303807654432017e-01   9.6133946267658987e-01
   9.6207573410473690e-01   9.5891983919292434e-01   9.5456602650754940e-01   9.4796845052255185e-01   9.3718575913819513e-01   9.1857487276192740e-01   8.8543541958645378e-01   8.2604990204837236e-01   7.2211400799104664e-01   5.5124397567012129e-01   3.0033131500769261e-01  -1.1403174308650121e-02  -3.2683401156521996e-01  -5.8638467681264772e-01  -7.6624090704872061e-01  -8.7653315521219322e-01  -9.3883170412076800e-01  -9.7170979809263047e-01  -9.8737465089282384e-01  -9.9284964334891124e-01  -9.9179016446087020e-01  -9.8575855284402003e-01  -9.7493531893181862e-01  -9.5839003630871933e-01  -9.3408037847690994e-01  -8.9864370549559025e-01  -8.4712346000436678e-01  -7.7283017596763282e-01  -6.6784554626530057e-01  -5.2490322758717411e-01  -3.4125990691199271e-01  -1.2359326742591642e-01   1.0974880161151741e-01   3.3335177596599314e-01   5.2483168505613442e-01   6.7284836269538550e-01   7.7765796473550108e-01   8.4634034903071342e-01   8.8757733721725784e-01   9.0844702362400309e-01   9.1301141137345010e-01   9.0169060762786835e-01   8.7064974794380645e-01   8.1114052370121548e-01   7.0979849424545327e-01   5.5247509899759295e-01   3.3410089461506826e-01   7.0710887546620221e-02  -2.0040116494840660e-01  -4.3953475801661152e-01  -6.2493345329843364e-01  -7.5578582066588573e-01  -8.4260394863294819e-01  -8.9794153622677009e-01  -9.3213833563966220e-01  -9.5253574675104957e-01  -9.6402846886228943e-01  -9.6980713009965180e-01  -9.7196249429357895e-01  -9.7188170553955466e-01  -9.7050933888590796e-01  -9.6849607411751315e-01  -9.6629996622481817e-01  -9.6423682952449807e-01  -9.6252213616444660e-01  -9.6128597918484893e-01  -9.6059532965624495e-01  -9.6045692515426828e-01  -9.6083087136401790e-01  -9.6162222744668924e-01  -9.6267529900646287e-01  -9.6372739418042330e-01  -9.6433390695463528e-01  -9.6369155877615986e-01  -9.6032182453974990e-01  -9.5144925438891659e-01  -9.3191964890885748e-01  -8.9243349771615987e-01  -8.1741564387688004e-01  -6.8455230839239112e-01  -4.7189620880722521e-01  -1.7849008350448808e-01   1.5445128652728546e-01   4.5865820479836084e-01   6.8674528017296943e-01   8.3394386056142078e-01   9.1989033371061346e-01   9.6651492733754374e-01   9.8903210822517640e-01   9.9527096296998763e-01   9.8681288070477602e-01   9.5931126299146008e-01   9.0142259769144129e-01   7.9366329625339349e-01   6.1168730357762224e-01   3.4230730488771571e-01   1.0361069075194587e-02  -3.1757159624558479e-01  -5.7775490436551225e-01  -7.5026384387153555e-01  -8.5079282135156165e-01  -9.0355312451955794e-01  -9.2655599498373997e-01  -9.2882272820480838e-01  -9.1120255817227724e-01  -8.6669846569175513e-01  -7.8000618565753066e-01  -6.2927012896198575e-01  -3.9682834848243276e-01  -9.2120727556682991e-02   2.3393560504535243e-01   5.1562854384627077e-01   7.1748327354303598e-01   8.4335832713774106e-01   9.1478598851276893e-01   9.5264104917298231e-01   9.7137645219342783e-01   9.7966746796604909e-01   9.8239845205782683e-01   9.8224342275845478e-01   9.8065976292537893e-01   9.7843779884423276e-01   9.7600566589026438e-01   9.7358037248298945e-01   9.7125543558761107e-01   9.6903559121222238e-01   9.6686236262636982e-01   9.6461035098033010e-01
   9.6429296869238690e-01   9.6074532079730479e-01   9.5598041568538494e-01   9.4889636438445701e-01   9.3740684773914751e-01   9.1755410944947480e-01   8.8199733112376122e-01   8.1785686666243496e-01   7.0511475448048155e-01   5.2005381485269264e-01   2.5136963757295072e-01  -7.4545789974990395e-02  -3.9289687285158187e-01  -6.4429594282315927e-01  -8.1149538640722652e-01  -9.1017244502037709e-01  -9.6394039694796052e-01  -9.9133439321740890e-01  -1.0039481390956999e+00  -1.0082625842570831e+00  -1.0076380602956971e+00  -1.0035968056488862e+00  -9.9653486911249678e-01  -9.8600500916890488e-01  -9.7075992026860169e-01  -9.4857497618732467e-01  -9.1593986483927381e-01  -8.6764575628278651e-01  -7.9652095136182222e-01  -6.9378427937445519e-01  -5.5096240488943793e-01  -3.6416684773581331e-01  -1.3989954119037640e-01   1.0199491049421262e-01   3.3346814804777369e-01   5.3006708396524127e-01   6.8002484277979058e-01   7.8441689820029070e-01   8.5135843607693140e-01   8.9015933073675679e-01   9.0795831667963400e-01   9.0839161577831551e-01   8.9108258044786859e-01   8.5130485186941840e-01   7.7997900976001555e-01   6.6529146025146579e-01   4.9787599238804697e-01   2.7966655137230989e-01   3.0396080202408804e-02  -2.1750282733046777e-01  -4.3443813111142748e-01  -6.0556785271561209e-01  -7.3075560170204057e-01  -8.1775004057475253e-01  -8.7608346267977377e-01  -9.1406820725008864e-01  -9.3803286560784138e-01  -9.5251193215866203e-01  -9.6068090784986016e-01  -9.6474433883551125e-01  -9.6623271663330068e-01  -9.6620253044750359e-01  -9.6538110457676296e-01  -9.6425925422633973e-01  -9.6316294924800405e-01  -9.6229592025078159e-01  -9.6177571808174889e-01  -9.6165130994903980e-01  -9.6191958511197306e-01  -9.6252457329167718e-01  -9.6335149364010220e-01  -9.6419240388362348e-01  -9.6468175946326873e-01  -9.6415500553962874e-01  -9.6138523249892638e-01  -9.5407623306960332e-01  -9.3795724221538079e-01  -9.0527320580059800e-01  -8.4275842937948742e-01  -7.3039135786899612e-01  -5.4536322239073487e-01  -2.7794239152262590e-01   4.5357541511194754e-02   3.6245396302097616e-01   6.1634122811355219e-01   7.8904684000588288e-01   8.9404514440616967e-01   9.5319808662320049e-01   9.8374762700351548e-01   9.9560263812024086e-01   9.9207019042706679e-01   9.7037633796029699e-01   9.2080887718800364e-01   8.2531786824033004e-01   6.5928398770405094e-01   4.0487024742974542e-01   7.8297632729417602e-02  -2.5808571320633322e-01  -5.3455352762498021e-01  -7.2252468570158501e-01  -8.3403263168409580e-01  -8.9380351834883032e-01  -9.2159062393862101e-01  -9.2813933599555654e-01  -9.1601797666974194e-01  -8.8033135212963620e-01  -8.0839343859941493e-01  -6.8035974538807586e-01  -4.7627104785702967e-01  -1.9491594957631975e-01   1.2661419852783024e-01   4.2485165468352648e-01   6.5283417549358158e-01   8.0269575404807825e-01   8.9145960790770551e-01   9.4044497994735343e-01   9.6594073986920337e-01   9.7825325226974991e-01   9.8336183885705919e-01   9.8460660863922367e-01   9.8382471511951941e-01   9.8202400066481055e-01   9.7975363970199303e-01   9.7730535501284843e-01   9.7481892250440250e-01   9.7233797617464279e-01   9.6983496993731211e-01   9.6721409595122565e-01
   9.6628713106095498e-01   9.6253342994955116e-01   9.5759292408905106e-01   9.5035911512935534e-01   9.3871063879470562e-01   9.1859419323885716e-01   8.8245719610529627e-01   8.1700575957066379e-01   7.0156827926720555e-01   5.1183326426484466e-01   2.3698332431473129e-01  -9.4103047784062754e-02  -4.1384604399776842e-01  -6.6282728787187151e-01  -8.2600793914043380e-01  -9.2094804902970773e-01  -9.7198057208498578e-01  -9.9767505577437576e-01  -1.0094669658204845e+00  -1.0137040995114788e+00  -1.0137034150298598e+00  -1.0110519372480327e+00  -1.0063352265240837e+00  -9.9945375401736580e-01  -9.8971970139170484e-01  -9.7575487160633878e-01  -9.5525502412549501e-01  -9.2458513342543824e-01  -8.7829765848179409e-01  -8.0874222561397024e-01  -7.0636236398334418e-01  -5.6169844228825005e-01  -3.7019129046402877e-01  -1.3882814307025876e-01   1.1049264144081486e-01   3.4716322227685609e-01   5.4542972886062413e-01   6.9406071550216997e-01   7.9551536370638121e-01   8.5905113852615667e-01   8.9445350665427936e-01   9.0877975197046179e-01   9.0525256537666410e-01   8.8303924274590573e-01   8.3731050547226404e-01   7.5989671160590111e-01   6.4155125641482535e-01   4.7680532788113938e-01   2.7023764587761789e-01   3.9414991916934705e-02  -1.9014717241409546e-01  -3.9544437784912895e-01  -5.6358666251245515e-01  -6.9226792109789903e-01  -7.8584563395315132e-01  -8.5121694338175802e-01  -8.9530404654971496e-01  -9.2399767028277313e-01  -9.4192607079114543e-01  -9.5255834949765206e-01  -9.5841442249345710e-01  -9.6127389876704072e-01  -9.6236409496121023e-01  -9.6250805537941841e-01  -9.6224410960343187e-01  -9.6191000201369858e-01  -9.6170766376029415e-01  -9.6174232017350847e-01  -9.6205094003843195e-01  -9.6261197295029499e-01  -9.6334545588052722e-01  -9.6408897634097490e-01  -9.6454630247418871e-01  -9.6417544605686523e-01  -9.6197554317297285e-01  -9.5608001841503620e-01  -9.4302121206256562e-01  -9.1648136548543668e-01  -8.6548448072405804e-01  -7.7276466998451854e-01  -6.1634502404877822e-01  -3.8038111044444728e-01  -7.6543141108283141e-02   2.4511543386576012e-01   5.2308729246332397e-01   7.2486961452217846e-01   8.5390354867238416e-01   9.2967937528363520e-01   9.7087509348516587e-01   9.8953984750004376e-01   9.9079241265656570e-01   9.7329581852977165e-01   9.2862093400815271e-01   8.3987476436560449e-01   6.8286394530424732e-01   4.3792470758040725e-01   1.1663730610151357e-01  -2.2218476592131570e-01  -5.0669632097427952e-01  -7.0342655572572954e-01  -8.2172173418937289e-01  -8.8621346516047728e-01  -9.1758465925447630e-01  -9.2772797310260569e-01  -9.2056747096191249e-01  -8.9309028298208826e-01  -8.3522320898117797e-01  -7.2975993075694978e-01  -5.5630346530058405e-01  -3.0512417292998573e-01   2.2303249931272529e-03   3.1079595671459759e-01   5.6546382569848219e-01   7.4408695268939529e-01   8.5555660494206021e-01   9.1990977971935095e-01   9.5504491965398097e-01   9.7319804509088670e-01   9.8179685740428857e-01   9.8511032717867431e-01   9.8553521642585407e-01   9.8440757325489125e-01   9.8246940852149056e-01   9.8012876076854605e-01   9.7760057295509961e-01   9.7497992620945739e-01   9.7227870733989452e-01   9.6943318489525598e-01
   9.6811285579796691e-01   9.6431584308337392e-01   9.5941204159743965e-01   9.5234416679549727e-01   9.4107275993841744e-01   9.2168171069264526e-01   8.8686003423972515e-01   8.2369072356914075e-01   7.1193558767794873e-01   5.2728957413086641e-01   2.5757099795998273e-01  -7.1164111793017959e-02  -3.9302427992102801e-01  -6.4702349449017571e-01  -8.1537846178395768e-01  -9.1423492874933454e-01  -9.6784770410072629e-01  -9.9519515800253466e-01  -1.0081271901472304e+00  -1.0133018726982208e+00  -1.0142615384632883e+00  -1.0127855230843015e+00  -1.0096646129896236e+00  -1.0050682740065362e+00  -9.9869590112050477e-01  -9.8974868579092079e-01  -9.7678369375961116e-01  -9.5740852515033614e-01  -9.2783681544339536e-01  -8.8231212452111774e-01  -8.1265266047506834e-01  -7.0851921544790919e-01  -5.5966537647210990e-01  -3.6138650609645384e-01  -1.2201672880095293e-01   1.3380159503856776e-01   3.7302503004353726e-01   5.6958993672192104e-01   7.1385884438681990e-01   8.1021696845352020e-01   8.6908743885279094e-01   9.0058214731695030e-01   9.1158695601631778e-01   9.0504736136179187e-01   8.8008168037905399e-01   8.3241335528921789e-01   7.5532961657788245e-01   6.4181036406779968e-01   4.8815091562338475e-01   2.9805956941446643e-01   8.4474256254100821e-02  -1.3325941150085224e-01  -3.3575129240617729e-01  -5.0931431700357255e-01  -6.4805935071337084e-01  -7.5261295841166953e-01  -8.2749741105580532e-01  -8.7874971055183848e-01  -9.1236351006655114e-01  -9.3349177150112772e-01  -9.4618589526593744e-01  -9.5342834730210013e-01  -9.5730965879005137e-01  -9.5923256772475574e-01  -9.6010765732913128e-01  -9.6050259978539032e-01  -9.6075935631089626e-01  -9.6106757420248634e-01  -9.6151888658046447e-01  -9.6212990323349723e-01  -9.6285585036254029e-01  -9.6357454685843502e-01  -9.6405232553563169e-01  -9.6385337061571319e-01  -9.6217681045686643e-01  -9.5753338096851559e-01  -9.4717078681362432e-01  -9.2607033791410187e-01  -8.8543028134837476e-01  -8.1096242081688619e-01  -6.8290232065239165e-01  -4.8236737353685888e-01  -2.0823603666001617e-01   1.0579562441014882e-01   4.0149478723607401e-01   6.3370136437648572e-01   7.9196400846998471e-01   8.8967908730027612e-01   9.4538859598858171e-01   9.7301128582718910e-01   9.7954140386447464e-01   9.6502327117237652e-01   9.2202932844557783e-01   8.3453395379695472e-01   6.7926535404887911e-01   4.3730561332096718e-01   1.1997711246193413e-01  -2.1550404333357531e-01  -4.9865786967618886e-01  -6.9583374209873061e-01  -8.1547211723603696e-01  -8.8163376953599770e-01  -9.1496568106380671e-01  -9.2776360231563826e-01  -9.2482285100523809e-01  -9.0467745538463962e-01  -8.5969636003491445e-01  -7.7566281153127392e-01  -6.3345133978687718e-01  -4.1789256431697247e-01  -1.3568537988861912e-01   1.7255345521605842e-01   4.5031714959873065e-01   6.6107850943741187e-01   8.0134466348368238e-01   8.8672417927605018e-01   9.3570199966346157e-01   9.6251956377187919e-01   9.7642444570438047e-01   9.8295605789740614e-01   9.8531882464483389e-01   9.8533705223523160e-01   9.8405056497191945e-01   9.8204618720294978e-01   9.7965372184651867e-01   9.7704246217669055e-01   9.7428007026551544e-01   9.7134307044456225e-01
   9.6970046601105420e-01   9.6601612381908253e-01   9.6134026249372417e-01   9.5471796215915328e-01   9.4429236384721538e-01   9.2648916427992090e-01   8.9463317624402139e-01   8.3688165036906281e-01   7.3441907019362052e-01   5.6363101176566233e-01   3.0963565127810116e-01  -8.9889954118160253e-03  -3.3274324814123823e-01  -5.9843738370390942e-01  -7.8092806567297302e-01  -8.9141834980747126e-01  -9.5305560263911937e-01  -9.8552227337124754e-01  -1.0016633504747299e+00  -1.0089227272166010e+00  -1.0113731799124925e+00  -1.0111520146838306e+00  -1.0093163989158909e+00  -1.0062834507007341e+00  -1.0020405700009292e+00  -9.9618612102204107e-01  -9.8786224047346105e-01  -9.7555252522177749e-01  -9.5674756044087894e-01  -9.2743036264238710e-01  -8.8144172332354054e-01  -8.0995321220805372e-01  -7.0181380535286886e-01  -5.4619062315767208e-01  -3.3889652947257976e-01  -9.0633823440708472e-02   1.7049077696378517e-01   4.0938718988229494e-01   6.0091660217728915e-01   7.3811997564731358e-01   8.2768709037134514e-01   8.8111961467155031e-01   9.0866583987726157e-01   9.1698761679688201e-01   9.0888176929872699e-01   8.8370136933070220e-01   8.3796363405957497e-01   7.6625946772235798e-01   6.6279763265846303e-01   5.2379838164978287e-01   3.5031537962514325e-01   1.5025570605594990e-01  -6.1961117046321831e-02  -2.6865489853370816e-01  -4.5376098013580990e-01  -6.0686568466227986e-01  -7.2461971231817068e-01  -8.0951043789065813e-01  -8.6734418836347049e-01  -9.0484666701316940e-01  -9.2812644710618897e-01  -9.4201410726068047e-01  -9.5000156315407880e-01  -9.5445178595804636e-01  -9.5689094774268946e-01  -9.5826294344898399e-01  -9.5913356728409904e-01  -9.5982315875023283e-01  -9.6050126456642926e-01  -9.6123375336895389e-01  -9.6201410653922270e-01  -9.6275904609147345e-01  -9.6329034955246995e-01  -9.6326542456569386e-01  -9.6205617034325530e-01  -9.5849900411741396e-01  -9.5045985584959625e-01  -9.3405855455303444e-01  -9.0246497146613780e-01  -8.4435040485453250e-01  -7.4306757806907853e-01  -5.7962515895594335e-01  -3.4402141973435585e-01  -5.2586167590140065e-02   2.4816561100891993e-01   5.0695989469031044e-01   6.9785250896663753e-01   8.2335601448278817e-01   8.9871902576033047e-01   9.3859817456046590e-01   9.5164605725176088e-01   9.3922759921454069e-01   8.9474398875154471e-01   8.0295584819071197e-01   6.4230833194575077e-01   3.9746446118187601e-01   8.3828483996770342e-02  -2.4134825110212871e-01  -5.1267702090128242e-01  -7.0115188247272764e-01  -8.1612186039081336e-01  -8.8055219814841013e-01  -9.1400927380347841e-01  -9.2837809133105087e-01  -9.2878375603046681e-01  -9.1490337212190975e-01  -8.8123912523952730e-01  -8.1660667570451850e-01  -7.0440930002440050e-01  -5.2736914577544447e-01  -2.8052370301615104e-01   1.2994333335032360e-02   3.0418555672860015e-01   5.4654721252240523e-01   7.2109425487001766e-01   8.3439473434876210e-01   9.0306859565618436e-01   9.4280488934679030e-01   9.6489902853749543e-01   9.7654968418382482e-01   9.8209696437214178e-01   9.8408832861561835e-01   9.8401305267215433e-01   9.8273629834255705e-01   9.8076507966475812e-01   9.7838335345240857e-01   9.7573859618465097e-01   9.7286691421042337e-01
   9.7086103331661100e-01   9.6746175769274467e-01   9.6319705314540105e-01   9.5725547482955797e-01   9.4803662297090896e-01   9.3245412411570239e-01   9.0474263440710634e-01   8.5463404971822587e-01   7.6551991792498808e-01   6.1534102562849846e-01   3.8641456462220314e-01   8.6973403411316430e-02  -2.3493937238324841e-01  -5.1601351251967065e-01  -7.2058413548355726e-01  -8.5075712219508204e-01  -9.2659559128455837e-01  -9.6831666923119553e-01  -9.9023415218110267e-01  -1.0010860632458445e+00  -1.0058426506121858e+00  -1.0072263243607666e+00  -1.0066767087022686e+00  -1.0048948912579618e+00  -1.0021217517705820e+00  -9.9824974266442446e-01  -9.9281899407526386e-01  -9.8490858795301528e-01  -9.7290703970559389e-01  -9.5412587670574311e-01  -9.2422841539671863e-01  -8.7651735208002557e-01  -8.0138590619971417e-01  -6.8683220732190375e-01  -5.2173620065776916e-01  -3.0327334909838266e-01  -4.5692073776216979e-02   2.1890842891262885e-01   4.5421221936130574e-01   6.3748786566577098e-01   7.6538453789053207e-01   8.4702298486248284e-01   8.9473216704896585e-01   9.1867095961271217e-01   9.2519587256933533e-01   9.1700222736863757e-01   8.9372610538068198e-01   8.5255380408410208e-01   7.8886425108123603e-01   6.9714266136464453e-01   5.7245331148985590e-01   4.1264136298484844e-01   2.2098060717467749e-01   8.1228526585648553e-03  -2.0855214115634146e-01  -4.0930544021713766e-01  -5.7843142171995277e-01  -7.0871857315099918e-01  -8.0148614844879540e-01  -8.6333584095616323e-01  -9.0244226705178487e-01  -9.2615298639561050e-01  -9.4007325181171053e-01  -9.4806813756636599e-01  -9.5262986601739463e-01  -9.5528951093421166e-01  -9.5695293371247092e-01  -9.5813608935293904e-01  -9.5911825190059319e-01  -9.6003241464183786e-01  -9.6091545320967264e-01  -9.6172530209032181e-01  -9.6233266683313734e-01  -9.6247695520211030e-01  -9.6167448169577996e-01  -9.5903785543511455e-01  -9.5295100877098271e-01  -9.4049940084893013e-01  -9.1655695128098646e-01  -8.7252475000627405e-01  -7.9523535321941696e-01  -6.6782302046951170e-01  -4.7608608394876450e-01  -2.2198286996751315e-01   6.5203655722680831e-02   3.3830336424177454e-01   5.5955599416500301e-01   7.1685104082242357e-01   8.1735624064347479e-01   8.7374702535045901e-01   8.9532298847181258e-01   8.8448371246667035e-01   8.3543922406897297e-01   7.3416818520655236e-01   5.6249156217724106e-01   3.1207856550393931e-01   5.8234491795425836e-03  -2.9944909487045840e-01  -5.4783724161318370e-01  -7.1877743061640931e-01  -8.2344366313372808e-01  -8.8294587603864771e-01  -9.1476333712984792e-01  -9.2962197959194692e-01  -9.3246322913135293e-01  -9.2369500671920846e-01  -8.9955623373326854e-01  -8.5166751896537185e-01  -7.6660838626657524e-01  -6.2781120477083419e-01  -4.2335440449327466e-01  -1.5997602825598728e-01   1.2850060642349159e-01   3.9485344602063915e-01   6.0571322358991497e-01   7.5383940107963543e-01   8.4966292335909088e-01   9.0842381191445876e-01   9.4315539699551998e-01   9.6300465451764761e-01   9.7382819240249940e-01   9.7921428838881364e-01   9.8132711805298145e-01   9.8146363335284703e-01   9.8040487249643027e-01   9.7861574536218299e-01   9.7636526928516321e-01   9.7377897546927161e-01
   9.7125459056023533e-01   9.6836770100395908e-01   9.6471334047269119e-01   9.5965471486289800e-01   9.5189040738626562e-01   9.3889600198378509e-01   9.1594857645626204e-01   8.7460678754259358e-01   8.0095617744513881e-01   6.7540416228601896e-01   4.7865316334128605e-01   2.0833629384783708e-01  -1.0323366092521269e-01  -3.9806554863874433e-01  -6.3007009315055773e-01  -7.8799188481785332e-01  -8.8531755866775763e-01  -9.4161059576938955e-01  -9.7278803982823403e-01  -9.8937416757038887e-01  -9.9768575108429292e-01  -1.0013417028359137e+00  -1.0023530351276870e+00  -1.0017992356651322e+00  -1.0001984522941574e+00  -9.9769826864421196e-01  -9.9413315528063873e-01  -9.8899090773896248e-01  -9.8127123262578431e-01  -9.6922409580833135e-01  -9.4990888494942005e-01  -9.1855431886499850e-01  -8.6777274056118536e-01  -7.8703322194736236e-01  -6.6350079997949574e-01  -4.8623510953299121e-01  -2.5487761003968851e-01   1.1565058045660215e-02   2.7691509637943845e-01   5.0502779195503900e-01   6.7714388721159380e-01   7.9411378114896580e-01   8.6728011791444937e-01   9.0940473304437730e-01   9.3029031441095467e-01   9.3587156546184969e-01   9.2868074056041416e-01   9.0850828445372578e-01   8.7289438793326091e-01   8.1745327345245777e-01   7.3625527694807702e-01   6.2267209098502141e-01   4.7130566939016555e-01   2.8144359245397488e-01   6.1258145397377034e-02  -1.7042382191452082e-01  -3.8859126247463066e-01  -5.7183316211103530e-01  -7.1024231016155248e-01  -8.0582360583731338e-01  -8.6735724843117179e-01  -9.0497584434942702e-01  -9.2716627070267577e-01  -9.3998201711657625e-01  -9.4734722009625172e-01  -9.5165678091957173e-01  -9.5431095005084876e-01  -9.5610244992138882e-01  -9.5746234589675561e-01  -9.5861070808258320e-01  -9.5963724620765789e-01  -9.6054235835365387e-01  -9.6124200974014817e-01  -9.6154591804039646e-01  -9.6109107480352196e-01  -9.5921627855928238e-01  -9.5472756239226886e-01  -9.4549726769641995e-01  -9.2780675813839830e-01  -8.9540438899967434e-01  -8.3848309208441751e-01  -7.4352469342026106e-01  -5.9619963606423276e-01  -3.8978300745407091e-01  -1.3660463374699044e-01   1.2943845271553703e-01   3.6839770211996625e-01   5.5476922580954002e-01   6.8317614023996831e-01   7.5985202831053100e-01   7.9226412284900283e-01   7.8294216050827870e-01   7.2705801304847806e-01   6.1312135158613545e-01   4.2916536403392991e-01   1.7725734434458529e-01  -1.1158362064034166e-01  -3.8465567534255651e-01  -5.9972191287793941e-01  -7.4606743993348135e-01  -8.3615976127758973e-01  -8.8828876612862684e-01  -9.1705258442263071e-01  -9.3146609117666279e-01  -9.3588876447217184e-01  -9.3109428591866505e-01  -9.1464186370827005e-01  -8.8054191310739083e-01  -8.1861762322488629e-01  -7.1480993025666995e-01  -5.5489947331058953e-01  -3.3398917839811992e-01  -6.8042512107789554e-02   2.0576825597057080e-01   4.4730171029893051e-01   6.3402095097116962e-01   7.6481441918131354e-01   8.5055195727502841e-01   9.0442060995136875e-01   9.3729696618508784e-01   9.5683773542733885e-01   9.6803717990885962e-01   9.7403958157826986e-01   9.7679755597022067e-01   9.7752215499414807e-01   9.7696378104109116e-01   9.7558265078381312e-01   9.7364294251412287e-01
   9.7030240624294162e-01   9.6828582359171500e-01   9.6551365333444861e-01   9.6154679964874590e-01   9.5540280102548758e-01   9.4513075937459634e-01   9.2705556660200561e-01   8.9457896813038063e-01   8.3662967359897722e-01   7.3677030146383493e-01   5.7597427085672126e-01   3.4361055669018298e-01   5.4730293289975362e-02  -2.4523486273872291e-01  -5.0483690725883079e-01  -6.9712255652455768e-01  -8.2411484408122160e-01  -9.0183592607540941e-01  -9.4711358355416186e-01  -9.7255106652860657e-01  -9.8631408114777785e-01  -9.9333415215031873e-01  -9.9647982878781538e-01  -9.9737699518904255e-01  -9.9690692462071362e-01  -9.9548764429211478e-01  -9.9320583233836035e-01  -9.8984879870448239e-01  -9.8484018501663528e-01  -9.7707397950529828e-01  -9.6460530378128007e-01  -9.4415308902647799e-01  -9.1037528224681241e-01  -8.5502777446005618e-01  -7.6652957175625069e-01  -6.3135150440273446e-01  -4.3946420973095413e-01  -1.9433309274767524e-01   7.9260788080994127e-02   3.4171273036052552e-01   5.5897904739457116e-01   7.1763100777498567e-01   8.2280226018276192e-01   8.8752633871587938e-01   9.2451608751098568e-01   9.4294785752826726e-01   9.4820084769531610e-01   9.4252049748963396e-01   9.2564399549702503e-01   8.9511106027467724e-01   8.4628158352124550e-01   7.7228002204622759e-01   6.6440849627449949e-01   5.1407378828358596e-01   3.1743544017073699e-01   8.2237332853974304e-02  -1.6832040866699721e-01  -4.0199539933143513e-01  -5.9260729495087772e-01  -7.3070355409058751e-01  -8.2179811740612063e-01  -8.7797061779355168e-01  -9.1111141915996430e-01  -9.3019044835377485e-01  -9.4110898369779938e-01  -9.4745414510916770e-01  -9.5130136861543835e-01  -9.5381195761619453e-01  -9.5561658285962370e-01  -9.5704379077607604e-01  -9.5824721120771750e-01  -9.5927132226855050e-01  -9.6007571653313162e-01  -9.6052853343411604e-01  -9.6036603611434623e-01  -9.5910665688149277e-01  -9.5589136377158512e-01  -9.4920933357662118e-01  -9.3645192696954505e-01  -9.1325734613635190e-01  -8.7272214080329280e-01  -8.0492350099916932e-01  -6.9792694370001940e-01  -5.4211006593009237e-01  -3.3822021880955766e-01  -1.0416521733442030e-01   1.2852241546591225e-01   3.2907621997740399e-01   4.7974545442350752e-01   5.7623643637412314e-01   6.2041042130056356e-01   6.1311457951465598e-01   5.5072114908411707e-01   4.2641734761467143e-01   2.3756363225087607e-01  -2.3293532035676967e-03  -2.5803491051290040e-01  -4.8659836510553423e-01  -6.6107879642885836e-01  -7.7893838272584071e-01  -8.5226644792031381e-01  -8.9568995339644775e-01  -9.2052246999937792e-01  -9.3380651363110811e-01  -9.3908809662623172e-01  -9.3722920170947299e-01  -9.2672621054857929e-01  -9.0348219793872353e-01  -8.6021420441598639e-01  -7.8607897622820544e-01  -6.6791621796055023e-01  -4.9524113018799104e-01  -2.6943961398179045e-01  -1.1194581406112236e-02   2.4442134733848164e-01   4.6517686035133399e-01   6.3553007657614768e-01   7.5660350588190450e-01   8.3808095667285198e-01   8.9106579875954472e-01   9.2475807681886946e-01   9.4578457222805556e-01   9.5860204453815223e-01   9.6611223891506448e-01   9.7017983366317617e-01   9.7200148847051482e-01   9.7234307214204363e-01   9.7168553076759068e-01
   9.6702519167363021e-01   9.6650142667891514e-01   9.6505294066798331e-01   9.6247087142743593e-01   9.5810284558016590e-01   9.5054471922373251e-01   9.3708848948892554e-01   9.1281997960972838e-01   8.6935639717812074e-01   7.9368372923262376e-01   6.6880299945147570e-01   4.7964480363265977e-01   2.2631937252702505e-01  -6.3726378943805673e-02  -3.4317623481931581e-01  -5.7206011092378894e-01  -7.3642424257030492e-01  -8.4383404527285544e-01  -9.0974696792325571e-01  -9.4851198305996076e-01  -9.7055453044372175e-01  -9.8262974039874862e-01  -9.8886524086290239e-01  -9.9169827486748785e-01  -9.9252842796084173e-01  -9.9211804591469988e-01  -9.9081794394223210e-01  -9.8866693816518991e-01  -9.8539862364713526e-01  -9.8035373028269068e-01  -9.7228008030777391e-01  -9.5897293335335321e-01  -9.3670328113066126e-01  -8.9940873396474541e-01  -8.3782053882134111e-01  -7.3925191139726709e-01  -5.8982283170321781e-01  -3.8148472067590483e-01  -1.2301124039936284e-01   1.5458600813252765e-01   4.0985770566009505e-01   6.1302715661459517e-01   7.5679939203754587e-01   8.5009904370949196e-01   9.0690388253736764e-01   9.3939627888848309e-01   9.5590279412205315e-01   9.6112833487956995e-01   9.5689721422376606e-01   9.4266737237142317e-01   9.1562292931183098e-01   8.7037652651055042e-01   7.9852137425561320e-01   6.8877905386859017e-01   5.2941233251714026e-01   3.1504692887170904e-01   5.6905885917381493e-02  -2.1288451917974224e-01  -4.5397329445628365e-01  -6.3969135849022229e-01  -7.6635816775030352e-01  -8.4547560318779180e-01  -8.9217841413199395e-01  -9.1891659773669865e-01  -9.3409458537762247e-01  -9.4282488419697130e-01  -9.4803972793335700e-01  -9.5136086355812588e-01  -9.5366274097793124e-01  -9.5540327386564405e-01  -9.5680883252656512e-01  -9.5797021369155810e-01  -9.5888738542213148e-01  -9.5947834161335033e-01  -9.5955902484469080e-01  -9.5878772194435391e-01  -9.5656122190842330e-01  -9.5183528449761523e-01  -9.4283709119079717e-01  -9.2663973826490242e-01  -8.9862716670143905e-01  -8.5204738278523173e-01  -7.7822565292312729e-01  -6.6847428226025218e-01  -5.1857655799276015e-01  -3.3459944314026446e-01  -1.3527359705103742e-01   5.3408835792650766e-02   2.0824416763551640e-01   3.1506131035491169e-01   3.6767066967348383e-01   3.6329778779465138e-01   2.9957660794675772e-01   1.7595853565394670e-01  -3.1177337168175612e-04  -2.0812202103035515e-01  -4.1514827459542741e-01  -5.9170648563489370e-01  -7.2366853150881427e-01  -8.1297448592168098e-01  -8.6958434485457647e-01  -9.0414352334902071e-01  -9.2474748220356617e-01  -9.3650781128424043e-01  -9.4209550412147436e-01  -9.4228928317605309e-01  -9.3620595936183071e-01  -9.2115516150535570e-01  -8.9218408239692537e-01  -8.4155262255439856e-01  -7.5880584168272802e-01  -6.3274686686337522e-01  -4.5668901625124625e-01  -2.3596402714286652e-01   8.3034020190683733e-03   2.4581823883476994e-01   4.5091717609882198e-01   6.1174775737419307e-01   7.2933478039877753e-01   8.1142162529700457e-01   8.6712292740785712e-01   9.0427755996099490e-01   9.2876388805462951e-01   9.4469924163213659e-01   9.5487279627902266e-01   9.6114785313657547e-01   9.6476478275885957e-01   9.6654685396570472e-01
   9.5975815219022365e-01   9.6185287574312150e-01   9.6251313600402688e-01   9.6182220648916950e-01   9.5948433605026662e-01   9.5461436562386337e-01   9.4535428029444668e-01   9.2822881593059470e-01   8.9718549264320313e-01   8.4246953450393802e-01   7.5015792283933469e-01   6.0447199982220678e-01   3.9576879603012149e-01   1.3312603163508085e-01  -1.4998402771761260e-01  -4.0969049399759039e-01  -6.1565506895046318e-01  -7.6122070462088176e-01  -8.5594047888016211e-01  -9.1418711937893149e-01  -9.4859458661523510e-01  -9.6824248829977111e-01  -9.7903495976858212e-01  -9.8460711406779944e-01  -9.8712215475390375e-01  -9.8782689444362259e-01  -9.8739616874332214e-01  -9.8612322543118247e-01  -9.8399674025523565e-01  -9.8068360205979543e-01  -9.7541414142534699e-01  -9.6674110775332300e-01  -9.5212021264818225e-01  -9.2725407479049016e-01  -8.8520292812122303e-01  -8.1553933316728366e-01  -7.0454964230771377e-01  -5.3864640280631892e-01  -3.1315173702805815e-01  -4.3453605671914253e-02   2.3372252702632013e-01   4.7749428372144009e-01   6.6423931060105113e-01   7.9278464671050997e-01   8.7488627577336742e-01   9.2466309119731060e-01   9.5337535117570649e-01   9.6835304485663343e-01   9.7354287733009981e-01   9.7021324336666714e-01   9.5729038712676395e-01   9.3117544459215940e-01   8.8508034003885150e-01   8.0820595621606905e-01   6.8597315628586986e-01   5.0409018328615529e-01   2.5949364420737164e-01  -2.6043831829566759e-02  -3.0699802629658268e-01  -5.3916216704700259e-01  -7.0419471271397027e-01  -8.0915166580969244e-01  -8.7129736417204451e-01  -9.0670493736150692e-01  -9.2663632445349808e-01  -9.3798359106393203e-01  -9.4467445108795456e-01  -9.4885920611626906e-01  -9.5168756023104073e-01  -9.5376081643416144e-01  -9.5538331392154940e-01  -9.5669325526900706e-01  -9.5772809778404688e-01  -9.5844739126089540e-01  -9.5872935560428041e-01  -9.5833866742708151e-01  -9.5686239025638842e-01  -9.5359724577470217e-01  -9.4737299944229747e-01  -9.3629359255132394e-01  -9.1740988930489076e-01  -8.8641375336720041e-01  -8.3762240830373580e-01  -7.6476496690627527e-01  -6.6317023833067512e-01  -5.3329888746287435e-01  -3.8388624930836868e-01  -2.3172487969854755e-01  -9.7035024360016972e-02   2.5016147101439359e-03   5.4953827669167593e-02   5.4019996728721986e-02  -1.7396108621350881e-03  -1.0782582579344752e-01  -2.5130480696038510e-01  -4.1071894156384892e-01  -5.6195432172372350e-01  -6.8733978690206776e-01  -7.8056044676783332e-01  -8.4454877992092758e-01  -8.8627692012680748e-01  -9.1275359073983386e-01  -9.2932006174128379e-01  -9.3942659932661832e-01  -9.4494351210655014e-01  -9.4648568900227847e-01  -9.4355441794099359e-01  -9.3444633165543123e-01  -9.1594044097172322e-01  -8.8284997264467635e-01  -8.2771234202635424e-01  -7.4125052374563671e-01  -6.1460527636732842e-01  -4.4395623779060200e-01  -2.3593769823217148e-01  -9.2059056643375992e-03   2.1148829479732367e-01   4.0537894999311286e-01   5.6212171473737982e-01   6.8134556339785024e-01   7.6842864622564777e-01   8.3048263204479311e-01   8.7408149238345834e-01   9.0445590847777058e-01   9.2546531471285376e-01   9.3985267466615052e-01   9.4953852861548671e-01   9.5586283904985847e-01
   9.4569559808146353e-01   9.5243600903322800e-01   9.5661866047673660e-01   9.5874290949459895e-01   9.5894609348783244e-01   9.5687068079823157e-01   9.5141252249149078e-01   9.4028447585155750e-01   9.1933151746477659e-01   8.8160252333489764e-01   8.1649277839151857e-01   7.1002640298677300e-01   5.4846120507892848e-01   3.2712944428037916e-01   6.1131371708576798e-02  -2.1387991670011286e-01  -4.5810054123550192e-01  -6.4766477559100066e-01  -7.7999791668406604e-01  -8.6554055078665471e-01  -9.1792581356533565e-01  -9.4874564308269627e-01  -9.6624450059853007e-01  -9.7576705458869961e-01  -9.8059809240912221e-01  -9.8268897223576401e-01  -9.8315787193913828e-01  -9.8259952089891700e-01  -9.8124707049220705e-01  -9.7902915135271584e-01  -9.7552628535063690e-01  -9.6982458319900655e-01  -9.6022369257846663e-01  -9.4374921527066868e-01  -9.1540696117076825e-01  -8.6723852902519805e-01  -7.8760716440174106e-01  -6.6207349966962592e-01  -4.7833704940018412e-01  -2.3662592376280078e-01   4.0409708653603937e-02   3.1204871189050692e-01   5.4072985398126194e-01   7.1003883093774456e-01   8.2408321489602931e-01   8.9625592253652853e-01   9.4011711527126707e-01   9.6574855012271610e-01   9.7941460526880575e-01   9.8423303122409067e-01   9.8074332350182414e-01   9.6697153607671016e-01   9.3787730573929751e-01   8.8423100700779556e-01   7.9158861335162789e-01   6.4165963801549852e-01   4.2069624445749643e-01   1.3671347721038607e-01  -1.6892759429191342e-01  -4.3990325843480144e-01  -6.4132425063021081e-01  -7.7222095594658935e-01  -8.5018047725162016e-01  -8.9447517957323208e-01  -9.1924237350381544e-01  -9.3322533040893862e-01  -9.4138883615000291e-01  -9.4643093225194419e-01  -9.4978168359007520e-01  -9.5218777640308339e-01  -9.5403010407325162e-01  -9.5549263013555563e-01  -9.5664550574378715e-01  -9.5748339967556051e-01  -9.5793249257312296e-01  -9.5783683574870160e-01  -9.5692004550009446e-01  -9.5471990174496457e-01  -9.5048386757275893e-01  -9.4302212415939857e-01  -9.3052293145952780e-01  -9.1038064190288515e-01  -8.7916008731149753e-01  -8.3294219686052173e-01  -7.6835888313764200e-01  -6.8444539848289365e-01  -5.8478635381220578e-01  -4.7861857341606695e-01  -3.7959570373489293e-01  -3.0244799189452976e-01  -2.5934265101480836e-01  -2.5747168511317381e-01  -2.9782285390374358e-01  -3.7450151515166308e-01  -4.7503379650791971e-01  -5.8302275259836656e-01  -6.8312898538345301e-01  -7.6563696481800803e-01  -8.2772062580869576e-01  -8.7150302373513067e-01  -9.0116898179834837e-01  -9.2089443419875872e-01  -9.3393212200612208e-01  -9.4245091233500711e-01  -9.4767163387673592e-01  -9.5003159699094342e-01  -9.4925633881323845e-01  -9.4430099018943281e-01  -9.3315002194201924e-01  -9.1250236380028515e-01  -8.7743685186449705e-01  -8.2132138081069606e-01  -7.3646498032559093e-01  -6.1614799129702413e-01  -4.5815595039730694e-01  -2.6839003067339967e-01  -6.1531932148301771e-02   1.4315849810843073e-01   3.2869571208957704e-01   4.8516536910439717e-01   6.1017713862478229e-01   7.0641539819934518e-01   7.7877254636019333e-01   8.3239227242908986e-01   8.7174549137090052e-01   9.0037848981248647e-01   9.2098640329708903e-01   9.3558807455220638e-01
   9.2022914225904140e-01   9.3517242303258308e-01   9.4537616532893232e-01   9.5197169904475154e-01   9.5570174353883597e-01   9.5682983084955509e-01   9.5498347370237724e-01   9.4887789138627965e-01   9.3586131918112681e-01   9.1122818540439210e-01   8.6737099026676290e-01   7.9319410195719109e-01   6.7500579855328380e-01   5.0097790408783049e-01   2.7027181843861303e-01   2.0670857114756247e-03  -2.6682471602756691e-01  -4.9948026971357640e-01  -6.7638520543551939e-01  -7.9790090160406879e-01  -8.7539970438482539e-01  -9.2226743915153897e-01  -9.4947564817038455e-01  -9.6467324672071375e-01  -9.7274880453358459e-01  -9.7667353408201019e-01  -9.7819318703744829e-01  -9.7829643108725173e-01  -9.7749243244487749e-01  -9.7594872524635989e-01  -9.7351984494457477e-01  -9.6967722938974843e-01  -9.6332074006071766e-01  -9.5243276358970941e-01  -9.3351152731056475e-01  -9.0074868228037785e-01  -8.4507822206253791e-01  -7.5375928971629957e-01  -6.1222217663491096e-01  -4.1074131231447825e-01  -1.5573923337694456e-01   1.2335959951740388e-01   3.8456582854328780e-01   5.9597011314256187e-01   7.4827659575791960e-01   8.4944212330025726e-01   9.1333526263473175e-01   9.5245043023058185e-01   9.7556624984937490e-01   9.8784261393238715e-01   9.9144751377512963e-01   9.8586457801243810e-01   9.6755860622694589e-01   9.2889470457863221e-01   8.5659474103210120e-01   7.3140505011711154e-01   5.3362451668026201e-01   2.5994007045447476e-01  -5.6718216487870621e-02  -3.5492525222720400e-01  -5.8584038099726454e-01  -7.3917083819795071e-01  -8.3118221453656127e-01  -8.8344309535794141e-01  -9.1255041430991168e-01  -9.2889997138793268e-01  -9.3838899241524087e-01  -9.4420827779206107e-01  -9.4803782346033438e-01  -9.5075428841233278e-01  -9.5280537166599988e-01  -9.5441589336921884e-01  -9.5568321409665813e-01  -9.5663046369690241e-01  -9.5721914394288865e-01  -9.5735172987199313e-01  -9.5684780045441764e-01  -9.5541131019481107e-01  -9.5256866900957715e-01  -9.4759344645645405e-01  -9.3940800142493708e-01  -9.2650398783610599e-01  -9.0692966278290010e-01  -8.7847169917467494e-01  -8.3916257317110032e-01  -7.8821126986893741e-01  -7.2718432000641064e-01  -6.6091026202006209e-01  -5.9735956343343743e-01  -5.4615115585143248e-01  -5.1611476651957000e-01  -5.1286807216197272e-01  -5.3717886947638460e-01  -5.8455397284603094e-01  -6.4633153050330194e-01  -7.1223188062544363e-01  -7.7342205443087886e-01  -8.2458762852511280e-01  -8.6415815420496767e-01  -8.9316277553188805e-01  -9.1376962827630814e-01  -9.2823451473961949e-01  -9.3838770684135642e-01  -9.4550021721846922e-01  -9.5031500968471549e-01  -9.5311506171933380e-01  -9.5374903114615961e-01  -9.5159292504624027e-01  -9.4542666818028875e-01  -9.3323673252060846e-01  -9.1196650656838796e-01  -8.7731725697804519e-01  -8.2379648607696088e-01  -7.4535607924879310e-01  -6.3694331610428645e-01  -4.9690735064542335e-01  -3.2929216335545819e-01  -1.4432115875993590e-01   4.3994853192781347e-02   2.2207493284488899e-01   3.8030403442964000e-01   5.1420375089312598e-01   6.2351966257704428e-01   7.1049856183396520e-01   7.7838831572292921e-01   8.3051764849926468e-01   8.6988856204307297e-01   8.9907059209311480e-01
   8.7618520006878642e-01   9.0526898967199387e-01   9.2572948867024485e-01   9.3964090704643266e-01   9.4866031766767234e-01   9.5390651332892062e-01   9.5584450382520858e-01   9.5412724511792724e-01   9.4732550095430590e-01   9.3247677232203952e-01   9.0441206112313399e-01   8.5496990818056762e-01   7.7261066490117747e-01   6.4376994085628847e-01   4.5804145643713290e-01   2.1773176257992499e-01  -5.4174908656784482e-02  -3.1908165203592798e-01  -5.4188673745789795e-01  -7.0688287354667845e-01  -8.1753979806981802e-01  -8.8658868593445750e-01  -9.2747629108731422e-01  -9.5068196763281287e-01  -9.6327688523253840e-01  -9.6967339205703595e-01  -9.7250497217133258e-01  -9.7329675317347342e-01  -9.7289904879805389e-01  -9.7173077034384103e-01  -9.6988708137347324e-01  -9.6713573983462853e-01  -9.6281207674325631e-01  -9.5558388585330734e-01  -9.4304618116885841e-01  -9.2108067268230642e-01  -8.8298447478502173e-01  -8.1860713464144563e-01  -7.1443597804334824e-01  -5.5667436232920831e-01  -3.3950407397999954e-01  -7.6056222385332162e-02   1.9928683890609344e-01   4.4631765941461332e-01   6.3999958154084191e-01   7.7700602632774352e-01   8.6750152523514479e-01   9.2488477676282388e-01   9.6027424591030530e-01   9.8108401939685497e-01   9.9126829010649464e-01   9.9173189490709690e-01   9.8020500356067486e-01   9.5032574878143405e-01   8.8998441423052155e-01   7.8020480184585750e-01   5.9880578177660193e-01   3.3577547465146068e-01   1.6751187229095021e-02  -2.9636556096739791e-01  -5.4615453649366641e-01  -7.1487475861782857e-01  -8.1687612127626474e-01  -8.7492120280493002e-01  -9.0723555441656445e-01  -9.2536818431921208e-01  -9.3588141079435017e-01  -9.4231948437762303e-01  -9.4654363612599168e-01  -9.4952478357939585e-01  -9.5176067830850997e-01  -9.5350614965362968e-01  -9.5487958726933397e-01  -9.5592552615155668e-01  -9.5663232351713468e-01  -9.5694356845618500e-01  -9.5674495944263871e-01  -9.5585099730881695e-01  -9.5396998983282177e-01  -9.5066883493977505e-01  -9.4532381046013625e-01  -9.3709166116530829e-01  -9.2491525230508564e-01  -9.0763362717067586e-01  -8.8424380773590450e-01  -8.5436623136177992e-01  -8.1883579085463465e-01  -7.8020739010310358e-01  -7.4281037498668168e-01  -7.1209198224675330e-01  -6.9329074133595170e-01  -6.8989304035135079e-01  -7.0248161054515124e-01  -7.2849061206088628e-01  -7.6301976816330974e-01  -8.0041044534834804e-01  -8.3586609081772767e-01  -8.6642116847343920e-01  -8.9100862466790987e-01  -9.0992034095436103e-01  -9.2411552959325682e-01  -9.3469389246024903e-01  -9.4260372377273405e-01  -9.4853627500979099e-01  -9.5291152336189966e-01  -9.5589547580652556e-01  -9.5740200447609924e-01  -9.5706574525792731e-01  -9.5416897013088486e-01  -9.4752560421512977e-01  -9.3532335213641438e-01  -9.1496066034652590e-01  -8.8294606089253902e-01  -8.3500052988757500e-01  -7.6654209984422583e-01  -6.7370332410975287e-01  -5.5478960329127469e-01  -4.1167528895657080e-01  -2.5030583117047417e-01  -7.9733784588905288e-02   9.0028245687321096e-02   2.5026297422933291e-01   3.9490200064416836e-01   5.2071689636633633e-01   6.2675754095487346e-01   7.1359496202543149e-01   7.8271582029503062e-01   8.3614076382624480e-01
   8.0344780409494621e-01   8.5578723408178581e-01   8.9324808239309705e-01   9.1908955403497505e-01   9.3632158651420516e-01   9.4734081932127712e-01   9.5374196878680384e-01   9.5622000930655360e-01   9.5445166911313939e-01   9.4685773285082764e-01   9.3015829053098931e-01   8.9869112299721543e-01   8.4363118648795787e-01   7.5273836224773261e-01   6.1218434879362182e-01   4.1273771332700393e-01   1.6027246441663290e-01  -1.1722632888091417e-01  -3.7836992545403703e-01  -5.9003331812376436e-01  -7.4126259065052436e-01  -8.3941884880942630e-01  -8.9886582697431572e-01  -9.3305397459300232e-01  -9.5181955656888961e-01  -9.6152591555961475e-01  -9.6602971183706710e-01  -9.6758702645261918e-01  -9.6749101044969454e-01  -9.6645402400435299e-01  -9.6480970171762059e-01  -9.6257827137292007e-01  -9.5942872713720484e-01  -9.5452860308596899e-01  -9.4626456487594457e-01  -9.3177627218667103e-01  -9.0626877963816144e-01  -8.6214455259396361e-01  -7.8836821062071660e-01  -6.7125527135939433e-01  -4.9887266739761532e-01  -2.7025950222754797e-01  -4.5680895810580879e-03   2.6167099166042840e-01   4.9250627297562838e-01   6.6962690443393502e-01   7.9386733393378806e-01   8.7607905991384405e-01   9.2849881875080720e-01   9.6067118175657695e-01   9.7850360438815587e-01   9.8440430823587100e-01   9.7723563214108888e-01   9.5156131413604672e-01   8.9608318938546394e-01   7.9238612956749610e-01   6.1798940185499218e-01   3.6087965574539810e-01   4.3604656751177417e-02  -2.7295359021422433e-01  -5.2886859709152212e-01  -7.0331967903902082e-01  -8.0939964940752063e-01  -8.7000384595454383e-01  -9.0386034881425670e-01  -9.2293233854300816e-01  -9.3404067375639777e-01  -9.4087462573015967e-01  -9.4537478082292825e-01  -9.4855539284581303e-01  -9.5093968241943894e-01  -9.5279923660699972e-01  -9.5426642397722705e-01  -9.5539994849367593e-01  -9.5620712429045684e-01  -9.5665995142532823e-01  -9.5668956526814830e-01  -9.5618290866708278e-01  -9.5496378247277525e-01  -9.5277886926179300e-01  -9.4927518987195803e-01  -9.4399467694195272e-01  -9.3638645401719978e-01  -9.2587630447837654e-01  -9.1200510014235769e-01  -8.9466122720307084e-01  -8.7436094186509261e-01  -8.5248768626932891e-01  -8.3132087374994634e-01  -8.1372718772667829e-01  -8.0249996777129462e-01  -7.9955510746802760e-01  -8.0530596051622405e-01  -8.1852401800675745e-01  -8.3676010931762623e-01  -8.5713938855277583e-01  -8.7715235758952503e-01  -8.9513347116174691e-01  -9.1032871977979235e-01  -9.2268238300417538e-01  -9.3252982033618226e-01  -9.4034212194503397e-01  -9.4656418617024896e-01  -9.5154027411035924e-01  -9.5548732192072428e-01  -9.5849118013124168e-01  -9.6049881561231376e-01  -9.6129926698811341e-01  -9.6048074963633545e-01  -9.5736545686870145e-01  -9.5091797048354465e-01  -9.3964088837802218e-01  -9.2147691147254496e-01  -8.9376809914710131e-01  -8.5333996238408549e-01  -7.9679773538605458e-01  -7.2108208798407825e-01  -6.2423741815401401e-01  -5.0618565537706250e-01  -3.6919342328258564e-01  -2.1778194618196017e-01  -5.8084937144233351e-02   1.0307449629622761e-01   2.5903857543029757e-01   4.0392843026847935e-01   5.3306497331147173e-01   6.4330367947176470e-01   7.3328072996677185e-01
   6.9018984448097087e-01   7.7791058398902624e-01   8.4209781037783249e-01   8.8680007857815035e-01   9.1673584009677833e-01   9.3617142239520357e-01   9.4835120927978944e-01   9.5532737957126712e-01   9.5795640718984387e-01   9.5586497188983155e-01   9.4724827301338888e-01   9.2840723361066180e-01   8.9300185970491186e-01   8.3121678475247684e-01   7.2965308270020468e-01   5.7391237086775526e-01   3.5646513528956125e-01   8.8613081599932086e-02  -1.9456807712581492e-01  -4.4881490919703992e-01  -6.4501800749371807e-01  -7.7891514541322326e-01  -8.6235852043085237e-01  -9.1105420949576432e-01  -9.3799133881656982e-01  -9.5202568650416541e-01  -9.5863630771341124e-01  -9.6105246057301474e-01  -9.6114179302354619e-01  -9.5997870906512617e-01  -9.5816295107968763e-01  -9.5596111117747284e-01  -9.5332529631774587e-01  -9.4980676912351558e-01  -9.4436653437951090e-01  -9.3505080898199489e-01  -9.1849347055815822e-01  -8.8921771465859045e-01  -8.3887061256436457e-01  -7.5595097405865075e-01  -6.2743473983766695e-01  -4.4424534760756684e-01  -2.1040626444322896e-01   5.0828682282546833e-02   3.0378729120280296e-01   5.1805102366335798e-01   6.8075817436370956e-01   7.9492992200794588e-01   8.7082989393187860e-01   9.1900447998688084e-01   9.4712875468202784e-01   9.5915725891277392e-01   9.5503004122228530e-01   9.2997371631661441e-01   8.7315471014332791e-01   7.6682216170895656e-01   5.8995425076812835e-01   3.3296889768025023e-01   2.0248009545140055e-02  -2.8857800308764658e-01  -5.3702689508512969e-01  -7.0642453774018632e-01  -8.0982939214127247e-01  -8.6927265488893357e-01  -9.0274395638523153e-01  -9.2177697400510950e-01  -9.3298122529374417e-01  -9.3995087802534127e-01  -9.4458680671128603e-01  -9.4788871715517198e-01  -9.5037661305051579e-01  -9.5232393304995466e-01  -9.5386812699210188e-01  -9.5507641607510618e-01  -9.5596894239762609e-01  -9.5653696570321112e-01  -9.5674131864676148e-01  -9.5651552687876451e-01  -9.5575552856274981e-01  -9.5431675345064149e-01  -9.5200356091453031e-01  -9.4857376836122920e-01  -9.4374976803253119e-01  -9.3726300648780048e-01  -9.2892634480634972e-01  -9.1875030953274872e-01  -9.0707015296229443e-01  -8.9465037856195484e-01  -8.8268371375803367e-01  -8.7263902776408853e-01  -8.6594508542577597e-01  -8.6360913545022755e-01  -8.6591260178870655e-01  -8.7233576812711089e-01  -8.8174076728173367e-01  -8.9273358295358718e-01  -9.0403089102965861e-01  -9.1470267301844410e-01  -9.2423441353930391e-01  -9.3246051201796387e-01  -9.3943687573037638e-01  -9.4532379553813195e-01  -9.5029944557456769e-01  -9.5451401149095161e-01  -9.5806505910619966e-01  -9.6098883189393891e-01  -9.6324930163250810e-01  -9.6472563966876046e-01  -9.6518636150331938e-01  -9.6425470703731531e-01  -9.6135743750089098e-01  -9.5566606171197910e-01  -9.4603081917376153e-01  -9.3092802244568029e-01  -9.0843674409101194e-01  -8.7627942621018118e-01  -8.3194705308240724e-01  -7.7292548797035265e-01  -6.9699839413458231e-01  -6.0258697183810117e-01  -4.8906730683575794e-01  -3.5705429732305882e-01  -2.0868325011555711e-01  -4.7916420894847378e-02   1.1923530300656376e-01   2.8487942764329083e-01   4.4017683481560099e-01   5.7707222350191945e-01
   5.2747705660559996e-01   6.6296555035095128e-01   7.6584261508937534e-01   8.3872423367847637e-01   8.8765660116143219e-01   9.1931251706476891e-01   9.3930195729767929e-01   9.5158109849517802e-01   9.5846318754335391e-01   9.6078956930620141e-01   9.5798794872089044e-01   9.4787521001048480e-01   9.2611466571349044e-01   8.8533314810709340e-01   8.1419982421655468e-01   6.9764532514655508e-01   5.2087768207917340e-01   2.7997583641239054e-01  -4.9175387113989943e-03  -2.8984634443498697e-01  -5.3005715746115301e-01  -7.0439629667418724e-01  -8.1709320278210917e-01  -8.8408956303351749e-01  -9.2143531592789429e-01  -9.4093396054214939e-01  -9.5010749473870293e-01  -9.5343180808391081e-01  -9.5350760817211078e-01  -9.5186233985878921e-01  -9.4941687183156387e-01  -9.4671623486952616e-01  -9.4399672971769322e-01  -9.4114105690107541e-01  -9.3754345515089543e-01  -9.3188787053046340e-01  -9.2181190001327318e-01  -9.0341991364304519e-01  -8.7065165356750585e-01  -8.1471647844329542e-01  -7.2429504867359218e-01  -5.8792507514031023e-01  -3.9995326989550151e-01  -1.6848555727356440e-01   8.1760580559119500e-02   3.1837405965904197e-01   5.1646462043112562e-01   6.6678023426825384e-01   7.7268564381817673e-01   8.4277523402873167e-01   8.8526481105048571e-01   9.0527846749926866e-01   9.0369286710532593e-01   8.7624383582893439e-01   8.1249902205457158e-01   6.9596607019581458e-01   5.0937110407173614e-01   2.4988811071847555e-01  -5.2674932553746501e-02  -3.4149378979393291e-01  -5.6918578646569085e-01  -7.2339117231060668e-01  -8.1782493822694868e-01  -8.7261887339595789e-01  -9.0387597635654116e-01  -9.2192750599352369e-01  -9.3273858697737633e-01  -9.3958333839396979e-01  -9.4421151905706258e-01  -9.4755207146305853e-01  -9.5009434017903782e-01  -9.5209901944696007e-01  -9.5370141111350992e-01  -9.5497087535717284e-01  -9.5593514905112387e-01  -9.5659761967316048e-01  -9.5693940554241563e-01  -9.5692358880073014e-01  -9.5649076785157905e-01  -9.5556013770723114e-01  -9.5402609811357519e-01  -9.5176443396188792e-01  -9.4864135525760784e-01  -9.4454034765762129e-01  -9.3940018304991102e-01  -9.3327216218693043e-01  -9.2637662740882409e-01  -9.1914520066553362e-01  -9.1221123037527474e-01  -9.0633298484971792e-01  -9.0224369340399257e-01  -9.0047632814921452e-01  -9.0122163301183145e-01  -9.0428693012525996e-01  -9.0916772331073603e-01  -9.1520389485720743e-01  -9.2174610288339531e-01  -9.2827783920339035e-01  -9.3446209908210820e-01  -9.4012938990883388e-01  -9.4523041805185848e-01  -9.4978608126703246e-01  -9.5384462183465579e-01  -9.5745522225295376e-01  -9.6065049058948238e-01  -9.6343790622821501e-01  -9.6579083380702646e-01  -9.6763995613595588e-01  -9.6885821900501812e-01  -9.6924201147785205e-01  -9.6848383251409986e-01  -9.6614067954783289e-01  -9.6159603871369836e-01  -9.5402261119565490e-01  -9.4234744945775428e-01  -9.2522879880422559e-01  -9.0104540851667836e-01  -8.6790104551155722e-01  -8.2363588773543306e-01  -7.6584010645467560e-01  -6.9188020368292369e-01  -5.9899830354558481e-01  -4.8461299617516934e-01  -3.4703165834530997e-01  -1.8673562542748873e-01  -8.0518837286692735e-03   1.7968678600517923e-01   3.6294590915192099e-01
   3.1732617319613560e-01   5.0701194615772627e-01   6.5965787036991053e-01   7.7129462658234582e-01   8.4701962660657837e-01   8.9579166374984376e-01   9.2629823453187132e-01   9.4512604165769276e-01   9.5650976812257871e-01   9.6267922979563658e-01   9.6421431713640615e-01   9.6014368500440461e-01   9.4767203672012146e-01   9.2146956085221887e-01   8.7257648470495419e-01   7.8746183959720240e-01   6.4908170571351631e-01   4.4360163470524422e-01   1.7475106619266245e-01  -1.2415365015172597e-01  -4.0116576914014962e-01  -6.1705079260369167e-01  -7.6302974077542451e-01  -8.5189046495018173e-01  -9.0188479510997643e-01  -9.2797073429454036e-01  -9.4008635971976129e-01  -9.4422491319887658e-01  -9.4388743058889901e-01  -9.4116298197615000e-01  -9.3738490008449593e-01  -9.3345927870497403e-01  -9.2997355681422955e-01  -9.2715927616160754e-01  -9.2477341652052669e-01  -9.2193339443826550e-01  -9.1691249213701198e-01  -9.0685799702028436e-01  -8.8738958782917288e-01  -8.5211066723916862e-01  -7.9231734636226847e-01  -6.9766440995527634e-01  -5.5901028256462593e-01  -3.7405565601050328e-01  -1.5333108393091538e-01   7.9557483621457981e-02   2.9681384544609185e-01   4.7821921521816713e-01   6.1623594115438884e-01   7.1295648531407552e-01   7.7416600695720861e-01   8.0469985918684539e-01   8.0579748338019630e-01   7.7363651163953029e-01   6.9871976522101031e-01   5.6750261274486324e-01   3.6969243305446053e-01   1.1259195911301911e-01  -1.6856013020207650e-01  -4.2395291593094075e-01  -6.1959434707395944e-01  -7.5090841063340541e-01  -8.3174137078089594e-01  -8.7929413305261872e-01  -9.0693714764206357e-01  -9.2325736586626661e-01  -9.3326964529395884e-01  -9.3976397591223748e-01  -9.4425450382254139e-01  -9.4755558071987234e-01  -9.5010398632071014e-01  -9.5213500677615159e-01  -9.5377486531892086e-01  -9.5509045361948619e-01  -9.5611377197850023e-01  -9.5685505032015217e-01  -9.5730832871903782e-01  -9.5745466052451189e-01  -9.5726260841841038e-01  -9.5668898513451994e-01  -9.5567966086735467e-01  -9.5417375084114231e-01  -9.5211151761053381e-01  -9.4944918638866838e-01  -9.4618009287619798e-01  -9.4236162988530103e-01  -9.3814091669454347e-01  -9.3377019921705684e-01  -9.2959784482884833e-01  -9.2602796583159752e-01  -9.2345030486784618e-01  -9.2215839910960540e-01  -9.2228341440008699e-01  -9.2377049405646550e-01  -9.2640537672985113e-01  -9.2987905594858922e-01  -9.3386273546892462e-01  -9.3806840802662961e-01  -9.4228030639753235e-01  -9.4635944779694658e-01  -9.5022988018912491e-01  -9.5385870775304360e-01  -9.5723687621069398e-01  -9.6036504232116904e-01  -9.6324345448243409e-01  -9.6586520375014817e-01  -9.6820996477877652e-01  -9.7023777704478320e-01  -9.7188066509958992e-01  -9.7303225462127385e-01  -9.7353372985349629e-01  -9.7315703032103207e-01  -9.7158442711800785e-01  -9.6838601379125033e-01  -9.6299426020901835e-01  -9.5467579671785452e-01  -9.4249608424564379e-01  -9.2527061515586340e-01  -9.0148864065093504e-01  -8.6919687127570033e-01  -8.2583052163377535e-01  -7.6800884165735417e-01  -6.9138176944513496e-01  -5.9074924279967356e-01  -4.6087629960411813e-01  -2.9855579846853447e-01  -1.0602517605354544e-01   1.0574550407836086e-01
   7.8809178849751915e-02   3.1660459314033157e-01   5.2390584567663412e-01   6.8328270473276631e-01   7.9385495202316569e-01   8.6519534829912748e-01   9.0933191113722522e-01   9.3622193747785287e-01   9.5260142875044829e-01   9.6237988421041187e-01   9.6732762517091886e-01   9.6751063376619573e-01   9.6131999320152905e-01   9.4500843371208265e-01   9.1170875301918808e-01   8.5009122595876285e-01   7.4371775132406037e-01   5.7411414898717206e-01   3.3214678570749656e-01   3.5701945743818297e-02  -2.6620129196263498e-01  -5.2028282912802681e-01  -7.0126776099335797e-01  -8.1466853441139397e-01  -8.7920297458412477e-01  -9.1278046598231743e-01  -9.2797617380156872e-01  -9.3251951845817027e-01  -9.3096136678346886e-01  -9.2607501024253858e-01  -9.1974284596302491e-01  -9.1340039166742371e-01  -9.0816054357464326e-01  -9.0472860403395350e-01  -9.0323012638002220e-01  -9.0305069677568306e-01  -9.0273951980342648e-01  -8.9994119715218956e-01  -8.9126886302140118e-01  -8.7204650752772350e-01  -8.3599198371134786e-01  -7.7518653017752959e-01  -6.8105550185079122e-01  -5.4721908606688330e-01  -3.7413601955403109e-01  -1.7297679557447843e-01   3.5573423718014752e-02   2.2866480606747419e-01   3.8957255244069022e-01   5.1085997184493315e-01   5.9193201841061260e-01   6.3449599762063746e-01   6.3876826164717504e-01   6.0131068825034384e-01   5.1488729410142953e-01   3.7165049932085875e-01   1.7126512925420095e-01  -6.8883467740381787e-02  -3.1290531622515660e-01  -5.2307200291074518e-01  -6.7964014528016670e-01  -7.8415400855123529e-01  -8.4914725822567239e-01  -8.8814237621094505e-01  -9.1139455793895163e-01  -9.2552663674723434e-01  -9.3446873623990978e-01  -9.4044850417046244e-01  -9.4469876950229903e-01  -9.4789452289450815e-01  -9.5040483386720653e-01  -9.5243242973659914e-01  -9.5408919979400975e-01  -9.5543633554808371e-01  -9.5650584235358371e-01  -9.5731195126654411e-01  -9.5785679624378051e-01  -9.5813328060116654e-01  -9.5812647565277631e-01  -9.5781520171234880e-01  -9.5717385490873663e-01  -9.5617590555967791e-01  -9.5479917806858061e-01  -9.5303453640974611e-01  -9.5089691115167607e-01  -9.4843858238131395e-01  -9.4576025427292953e-01  -9.4301634483326247e-01  -9.4040821960447452e-01  -9.3816339727878484e-01  -9.3650067768944700e-01  -9.3559168365720580e-01  -9.3552851929354686e-01  -9.3631037472520751e-01  -9.3785130513050097e-01  -9.4000740487082157e-01  -9.4261019841068372e-01  -9.4549742439351014e-01  -9.4853183509159766e-01  -9.5160938697683028e-01  -9.5465701444647877e-01  -9.5762731192684458e-01  -9.6049023231709874e-01  -9.6322703238493457e-01  -9.6582377840998879e-01  -9.6826784444551728e-01  -9.7054314455239721e-01  -9.7262711830187421e-01  -9.7448492225858874e-01  -9.7606454180017244e-01  -9.7728838442592791e-01  -9.7804555275733740e-01  -9.7818001390873943e-01  -9.7747901158944506e-01  -9.7565590862932183e-01  -9.7233059329017157e-01  -9.6699779560562205e-01  -9.5898109854441715e-01  -9.4735457805142187e-01  -9.3081763324902456e-01  -9.0749343593194132e-01  -8.7463359053628909e-01  -8.2821582705550234e-01  -7.6251975745155809e-01  -6.6996284883104051e-01  -5.4190662457412597e-01  -3.7158415922057608e-01  -1.5983617804776296e-01
  -1.5649406841092667e-01   1.1082097233340898e-01   3.6725437494943891e-01   5.7796280273751299e-01   7.2947325818772946e-01   8.2826023341536192e-01   8.8896723787095766e-01   9.2538335794295334e-01   9.4729183413546481e-01   9.6060666841101128e-01   9.6838399670929709e-01   9.7164099427736272e-01   9.6970393796739118e-01   9.6001583758949205e-01   9.3736476916772626e-01   8.9252531635125598e-01   8.1082103753977597e-01   6.7268982575817526e-01   4.6107642310483765e-01   1.7910840285223251e-01  -1.3438290061703895e-01  -4.1940701868723407e-01  -6.3414592193049157e-01  -7.7320253323456778e-01  -8.5338333503711916e-01  -8.9484521737649825e-01  -9.1276871228800782e-01  -9.1671234217275677e-01  -9.1236577415513864e-01  -9.0331437849589047e-01  -8.9220536322304156e-01  -8.8132571335533805e-01  -8.7268377953140075e-01  -8.6776736919139119e-01  -8.6718339376384956e-01  -8.7042185364116964e-01  -8.7586347197982883e-01  -8.8099802272552818e-01  -8.8265757509469334e-01  -8.7708302940104121e-01  -8.5975696065754859e-01  -8.2517678224242608e-01  -7.6697094906830121e-01  -6.7896400868714168e-01  -5.5762424661360988e-01  -4.0539854154194632e-01  -2.3283565175326260e-01  -5.6998140163425137e-02   1.0376639557529610e-01   2.3513972518067566e-01   3.2876767428156395e-01   3.8065340409004189e-01   3.8823447078437295e-01   3.4833777687883039e-01   2.5749481129526119e-01   1.1554396797707223e-01  -6.8261741443373325e-02  -2.7160576575043938e-01  -4.6475239583229766e-01  -6.2390806210569905e-01  -7.4030400753465464e-01  -8.1822685995530275e-01  -8.6754281788565857e-01  -8.9793368121034933e-01  -9.1665339773436294e-01  -9.2844844459394071e-01  -9.3619659046868720e-01  -9.4156840741368941e-01  -9.4550961307771209e-01  -9.4855030289244224e-01  -9.5098636249229029e-01  -9.5298431313259613e-01  -9.5463798884955620e-01  -9.5600141069580857e-01  -9.5710456206346683e-01  -9.5796351168774696e-01  -9.5858430254008964e-01  -9.5896708289448296e-01  -9.5910689177169295e-01  -9.5899619910653999e-01  -9.5862542920858096e-01  -9.5798661257242945e-01  -9.5707596911641168e-01  -9.5590007806916655e-01  -9.5448090845308942e-01  -9.5286326201809179e-01  -9.5111856944687745e-01  -9.4934737716756490e-01  -9.4767345614056175e-01  -9.4623335202638503e-01  -9.4515819415315883e-01  -9.4455521824226241e-01  -9.4449029251755301e-01  -9.4498073802828253e-01  -9.4599625159887180e-01  -9.4747054598631752e-01  -9.4931554706402055e-01  -9.5143780174232995e-01  -9.5374917966878758e-01  -9.5617482105640494e-01  -9.5865444022439172e-01  -9.6114247454654522e-01  -9.6360477853010351e-01  -9.6601700788879064e-01  -9.6836110278635035e-01  -9.7062382165677552e-01  -9.7279326927496990e-01  -9.7485729582854053e-01  -9.7679975309231226e-01  -9.7859824469406576e-01  -9.8021930041990624e-01  -9.8161458455121564e-01  -9.8271419028142404e-01  -9.8342032235008259e-01  -9.8359681547882749e-01  -9.8305623633062544e-01  -9.8153768595774804e-01  -9.7867280388306765e-01  -9.7392578539817276e-01  -9.6649556719486784e-01  -9.5514951680775750e-01  -9.3795325865864410e-01  -9.1184778116179432e-01  -8.7204024126394919e-01  -8.1126538142331295e-01  -7.1931717797734518e-01  -5.8400900188912330e-01  -3.9568660404934342e-01
  -3.5913423712678977e-01  -8.4611174744861295e-02   2.0632960817909840e-01   4.6424928050963593e-01   6.5841698326403431e-01   7.8740599996217209e-01   8.6659294898590900e-01   9.1349165257193077e-01   9.4124604905579545e-01   9.5800929619460984e-01   9.6819813562668600e-01   9.7372561159413051e-01   9.7467379825116307e-01   9.6937398592097734e-01   9.5385287885149550e-01   9.2061944495814696e-01   8.5695058913934141e-01   7.4401937749004154e-01   5.6092032851497453e-01   2.9954825157266962e-01  -1.4137101428808585e-02  -3.2070724280045154e-01  -5.6500692934838725e-01  -7.2878037928130524e-01  -8.2447684952685685e-01  -8.7334275279794293e-01  -8.9279587494003199e-01  -8.9410198911774708e-01  -8.8407041310304313e-01  -8.6722308344187415e-01  -8.4732621792773788e-01  -8.2811298973823555e-01  -8.1321170328832837e-01  -8.0551526379187921e-01  -8.0638778642641862e-01  -8.1520644116934593e-01  -8.2950911764598523e-01  -8.4568201302988588e-01  -8.5977913651230498e-01  -8.6805365148336167e-01  -8.6699582642840645e-01  -8.5302425850312280e-01  -8.2217713161062145e-01  -7.7025319701890171e-01  -6.9377328817173445e-01  -5.9183922996426752e-01  -4.6823909571301198e-01  -3.3240465035794203e-01  -1.9801385109557584e-01  -7.9688151086329151e-02   1.0187395167498392e-02   6.2809335349185758e-02   7.2590530741158843e-02   3.6562794948060529e-02  -4.4939946750628512e-02  -1.6596760729753302e-01  -3.1277002385712421e-01  -4.6520817859833313e-01  -6.0317386324904110e-01  -7.1392456970504936e-01  -7.9460346878149202e-01  -8.4936822739868478e-01  -8.8494769762408243e-01  -9.0763907288431289e-01  -9.2218220846343524e-01  -9.3174693461140512e-01  -9.3830805552500385e-01  -9.4304451272172929e-01  -9.4664219275574424e-01  -9.4949529081849815e-01  -9.5182946473995922e-01  -9.5377507977176346e-01  -9.5540808126075261e-01  -9.5677335639344530e-01  -9.5789742989508975e-01  -9.5879614501172561e-01  -9.5947839144686031e-01  -9.5994854758779402e-01  -9.6020777948383440e-01  -9.6025571037118385e-01  -9.6009194599112080e-01  -9.5971807343084259e-01  -9.5913998850228244e-01  -9.5837083446002069e-01  -9.5743427249307278e-01  -9.5636756024199698e-01  -9.5522373228042790e-01  -9.5407134138050209e-01  -9.5299171577401509e-01  -9.5207225898932446e-01  -9.5139720953618290e-01  -9.5103721196394542e-01  -9.5104085742548183e-01  -9.5142908366757306e-01  -9.5219511488738662e-01  -9.5330831670225979e-01  -9.5472192531124023e-01  -9.5638047514176150e-01  -9.5822737791045443e-01  -9.6020929210501194e-01  -9.6227976448169850e-01  -9.6439997742156591e-01  -9.6653961758963247e-01  -9.6867537182281427e-01  -9.7079062227222435e-01  -9.7287334280940241e-01  -9.7491580787716048e-01  -9.7691220069951790e-01  -9.7885799703612530e-01  -9.8074688046146574e-01  -9.8256969088586987e-01  -9.8431056385345017e-01  -9.8594506028917794e-01  -9.8743455645690281e-01  -9.8872181565256023e-01  -9.8972049300581044e-01  -9.9030243219243230e-01  -9.9027167536289218e-01  -9.8932537592682812e-01  -9.8697978191215840e-01  -9.8244876871099307e-01  -9.7442995185290004e-01  -9.6074700097219590e-01  -9.3775673083754829e-01  -8.9946041287691980e-01  -8.3638610820705561e-01  -7.3492932259413180e-01  -5.7922499460547727e-01
  -5.1341282179862446e-01  -2.4759878534130331e-01   6.0856373731171476e-02   3.5546460906540878e-01   5.8842707895672786e-01   7.4686217507381070e-01   8.4449731139707362e-01   9.0182797428629891e-01   9.3526413221854099e-01   9.5520932843718609e-01   9.6741715766077652e-01   9.7461699957412529e-01   9.7750060795049798e-01   9.7505216632432123e-01   9.6419328228635215e-01   9.3875120310996374e-01   8.8772061896483834e-01   7.9367330866092589e-01   6.3444993157609320e-01   3.9468205038221571e-01   8.8415530913080020e-02  -2.3026942708834774e-01  -4.9770164012843643e-01  -6.8301599328590434e-01  -7.9246238451639339e-01  -8.4696415928100566e-01  -8.6543113588723253e-01  -8.6041738639118592e-01  -8.3966926937824415e-01  -8.0879241577330752e-01  -7.7328266698761750e-01  -7.3936892309510305e-01  -7.1355066457235972e-01  -7.0117292649252771e-01  -7.0482628707111983e-01  -7.2345968049388698e-01  -7.5272911384576868e-01  -7.8645949210454913e-01  -8.1848401611875587e-01  -8.4395252099811757e-01  -8.5963326678083363e-01  -8.6340493743505298e-01  -8.5351007430270287e-01  -8.2809807905254029e-01  -7.8536697766034402e-01  -7.2438308000035423e-01  -6.4637410874677625e-01  -5.5591407057487607e-01  -4.6119776828026426e-01  -3.7294260857153066e-01  -3.0231460414872258e-01  -2.5885143583435977e-01  -2.4904821546345379e-01  -2.7547059345113367e-01  -3.3593733830631134e-01  -4.2289526764094748e-01  -5.2405678162732650e-01  -6.2526971215960181e-01  -7.1476865560774294e-01  -7.8622408790383114e-01  -8.3888053797529138e-01  -8.7553029672282379e-01  -9.0018697821798832e-01  -9.1658524124195351e-01  -9.2759717835896471e-01  -9.3520204008702534e-01  -9.4067436799412907e-01  -9.4479889854061505e-01  -9.4804641561405822e-01  -9.5069485003303522e-01  -9.5290836013959701e-01  -9.5478373996074328e-01  -9.5637962567191670e-01  -9.5773187437367047e-01  -9.5886363501674887e-01  -9.5978929797997570e-01  -9.6051863702522255e-01  -9.6105783664882116e-01  -9.6141205356927251e-01  -9.6158534837913134e-01  -9.6158281942387258e-01  -9.6141081024288932e-01  -9.6107966155655888e-01  -9.6060441538647690e-01  -9.6000784533841188e-01  -9.5932082555777431e-01  -9.5858427473452101e-01  -9.5784758856933649e-01  -9.5716751084381779e-01  -9.5660305824357805e-01  -9.5621166932408397e-01  -9.5604210902401277e-01  -9.5613056345172953e-01  -9.5649618721510477e-01  -9.5714161475257797e-01  -9.5805320117715631e-01  -9.5920557529503592e-01  -9.6056471205713079e-01  -9.6209353394113772e-01  -9.6375444127458942e-01  -9.6551331607294444e-01  -9.6733979053684194e-01  -9.6920938124176659e-01  -9.7110255926214695e-01  -9.7300603607346414e-01  -9.7491102249318762e-01  -9.7681376018217470e-01  -9.7871329049842237e-01  -9.8061179460896897e-01  -9.8251222062700594e-01  -9.8441830796176655e-01  -9.8633168228637247e-01  -9.8825114452891216e-01  -9.9016868673125191e-01  -9.9206695567049441e-01  -9.9391193225044061e-01  -9.9564438885145345e-01  -9.9716186560380826e-01  -9.9829045771176550e-01  -9.9873254078357454e-01  -9.9797695396996655e-01  -9.9513398916517615e-01  -9.8864728072391028e-01  -9.7578433446332813e-01  -9.5178067968472924e-01  -9.0853384327107944e-01  -8.3309808472001745e-01  -7.0743686707745801e-01
  -6.1737382870353019e-01  -3.6586196539344851e-01  -5.2451284447980195e-02   2.6602153936442269e-01   5.2907929693299227e-01   7.1212169338107256e-01   8.2561793776498626e-01   8.9194834825030911e-01   9.3022604587218760e-01   9.5279718067027153e-01   9.6656548022409794e-01   9.7492988925036861e-01   9.7904743760542523e-01   9.7836134516269491e-01   9.7041344204465463e-01   9.4996972294548820e-01   9.0736494604815698e-01   8.2660225582316005e-01   6.8563033304100918e-01   4.6504595791438091e-01   1.6979057416567844e-01  -1.5310387020090011e-01  -4.3602319147074753e-01  -6.3759586848716587e-01  -7.5711170908634351e-01  -8.1377405736514541e-01  -8.2687744631656335e-01  -8.0951548078757118e-01  -7.7005458887311784e-01  -7.1550782425006298e-01  -6.5419458910110484e-01  -5.9649829370480822e-01  -5.5348573628323194e-01  -5.3416926521968433e-01  -5.4285206401037256e-01  -5.7772985537043930e-01  -6.3138357664831712e-01  -6.9316805489865807e-01  -7.5262502866994008e-01  -8.0223291080512094e-01  -8.3824397669143491e-01  -8.5976516479306808e-01  -8.6722429268173973e-01  -8.6119974927676313e-01  -8.4199563604313887e-01  -8.0989822040679815e-01  -7.6589512836012097e-01  -7.1252161222298926e-01  -6.5441911438371825e-01  -5.9820364798817982e-01  -5.5152507780618909e-01  -5.2157583172615807e-01  -5.1353112975635296e-01  -5.2930194813839349e-01  -5.6686487661881380e-01  -6.2044532607148539e-01  -6.8182624326989594e-01  -7.4257959682709074e-01  -7.9629867950655442e-01  -8.3974067197088609e-01  -8.7256342428616740e-01  -8.9622513258819758e-01  -9.1284517345534444e-01  -9.2445461449030664e-01  -9.3267368302259901e-01  -9.3866177259678851e-01  -9.4319326730418129e-01  -9.4676144584172750e-01  -9.4967213470930489e-01  -9.5211106372380105e-01  -9.5419124752946238e-01  -9.5598154862968399e-01  -9.5752538137998555e-01  -9.5885009734576299e-01  -9.5997428129064266e-01  -9.6091072818140710e-01  -9.6166946406173981e-01  -9.6225807727256374e-01  -9.6268340743540026e-01  -9.6295174997004551e-01  -9.6307064429168754e-01  -9.6304911180278729e-01  -9.6289934695125923e-01  -9.6263705657057175e-01  -9.6228303368808366e-01  -9.6186328858680936e-01  -9.6140986387649829e-01  -9.6095969139871162e-01  -9.6055380986225136e-01  -9.6023444401270508e-01  -9.6004210552885272e-01  -9.6001193121427197e-01  -9.6017101695779650e-01  -9.6053589472564815e-01  -9.6111185217762607e-01  -9.6189336594649710e-01  -9.6286610823518082e-01  -9.6400928240327666e-01  -9.6529838773790966e-01  -9.6670763552972150e-01  -9.6821204879656686e-01  -9.6978940454857154e-01  -9.7142124429072996e-01  -9.7309369252586153e-01  -9.7479724733166617e-01  -9.7652710799368891e-01  -9.7828250401622507e-01  -9.8006688493153438e-01  -9.8188661866923965e-01  -9.8375093918173162e-01  -9.8567013693245742e-01  -9.8765549844730594e-01  -9.8971683728506887e-01  -9.9186190704314892e-01  -9.9409218561147838e-01  -9.9640012997205418e-01  -9.9876014570790761e-01  -1.0011181434917740e+00  -1.0033678562050192e+00  -1.0053140334369606e+00  -1.0065990021472051e+00  -1.0065773790388157e+00  -1.0040742668660165e+00  -9.9695248787658308e-01  -9.8133039795391319e-01  -9.5028702203869186e-01  -8.9202104399734383e-01  -7.8839702812217416e-01
  -6.7574376413897108e-01  -4.3574821883544940e-01  -1.2298893856696402e-01   2.0792823819687978e-01   4.8952198494646604e-01   6.8874165058755010e-01   8.1295185436660744e-01   8.8540851057007153e-01   9.2697011094558079e-01   9.5129054539062907e-01   9.6605298574458898e-01   9.7509995132025495e-01   9.7988912203111567e-01   9.8014976141393251e-01   9.7381727278293062e-01   9.5627034871825467e-01   9.1878398593714983e-01   8.4653594974281066e-01   7.1813976963131410e-01   5.1241757079185546e-01   2.2850075921747809e-01  -9.2868444303806807e-02  -3.8332025428340133e-01  -5.9409944215266097e-01  -7.1796799882693285e-01  -7.7126816874951820e-01  -7.7232808070943082e-01  -7.3383275571986251e-01  -6.6462214265973096e-01  -5.7409956688105490e-01  -4.7535008844950072e-01  -3.8492590147108263e-01  -3.1956571880779933e-01  -2.9205411897258859e-01  -3.0827581072010879e-01  -3.6581140863468142e-01  -4.5403349950374222e-01  -5.5650071183910044e-01  -6.5599436803236788e-01  -7.3991400105278005e-01  -8.0269938031576438e-01  -8.4450964907440318e-01  -8.6827877343239968e-01  -8.7733272710958066e-01  -8.7431017511104636e-01  -8.6110048249436044e-01  -8.3932248970048895e-01  -8.1095714124467289e-01  -7.7885774850232259e-01  -7.4689711812801718e-01  -7.1962378293396578e-01  -7.0146102215425277e-01  -6.9569135897191337e-01  -7.0356931040773762e-01  -7.2390660649305660e-01  -7.5334394191346787e-01  -7.8729789088634083e-01  -8.2124158407601577e-01  -8.5178762726387536e-01  -8.7715941227772987e-01  -8.9702694668545291e-01  -9.1199051181698043e-01  -9.2304504003582688e-01  -9.3120614652059353e-01  -9.3732537291045237e-01  -9.4203945112443899e-01  -9.4579101525571962e-01  -9.4887226266810309e-01  -9.5147004218182407e-01  -9.5370163168827760e-01  -9.5564049693353836e-01  -9.5733279394215565e-01  -9.5880842823965429e-01  -9.6008776085743475e-01  -9.6118543352748342e-01  -9.6211243281553505e-01  -9.6287753886498950e-01  -9.6348859553249833e-01  -9.6395324598133403e-01  -9.6427960511987676e-01  -9.6447646235876816e-01  -9.6455415984612192e-01  -9.6452493946000195e-01  -9.6440402629169864e-01  -9.6420977512892381e-01  -9.6396448234599452e-01  -9.6369377431187342e-01  -9.6342676306080899e-01  -9.6319411650426345e-01  -9.6302724338187817e-01  -9.6295568302220347e-01  -9.6300570660629103e-01  -9.6319744631871840e-01  -9.6354458912872554e-01  -9.6405279626132401e-01  -9.6472095488924048e-01  -9.6554080965964340e-01  -9.6649975408416122e-01  -9.6758127678079264e-01  -9.6876840933199204e-01  -9.7004388454461932e-01  -9.7139298020096854e-01  -9.7280276466381599e-01  -9.7426470742040050e-01  -9.7577327193291696e-01  -9.7732810861363217e-01  -9.7893167053202446e-01  -9.8059114555184068e-01  -9.8231560013929420e-01  -9.8411809937865202e-01  -9.8601230674835283e-01  -9.8801455081991574e-01  -9.9013955669015852e-01  -9.9240223604713274e-01  -9.9481187622544764e-01  -9.9737239299127789e-01  -1.0000723566959531e+00  -1.0028793734007739e+00  -1.0057171671800513e+00  -1.0084389044681825e+00  -1.0107623295128096e+00  -1.0121644906940097e+00  -1.0116672255470962e+00  -1.0074549940450193e+00  -9.9614701412772488e-01  -9.7154926655620577e-01  -9.2271645614827635e-01  -8.3195164181682002e-01
  -6.9322976415020443e-01  -4.5737005519054674e-01  -1.4554163606744480e-01   1.8882621067489858e-01   4.7628054678757914e-01   6.8088860496124815e-01   8.0877880562066129e-01   8.8338821235254450e-01   9.2612411695055508e-01   9.5106921532338273e-01   9.6616784180414239e-01   9.7541528957527934e-01   9.8038385062857258e-01   9.8092779546950415e-01   9.7517655689577698e-01   9.5883810115472690e-01   9.2374103903702087e-01   8.5586463590481010e-01   7.3459787346449490e-01   5.3849529554580089e-01   2.6401982579674205e-01  -5.2122720629049879e-02  -3.4238717094570592e-01  -5.5398255499917792e-01  -6.7455212596840242e-01  -7.1685383752487541e-01  -6.9693999572263943e-01  -6.2644513526524293e-01  -5.1553817415783443e-01  -3.7847363442849358e-01  -2.3584533391324203e-01  -1.1123647209085569e-01  -2.5224765651517267e-02   8.5196773067982012e-03  -1.6061398652912728e-02  -9.7217137862862957e-02  -2.2394031993700547e-01  -3.7555693305076054e-01  -5.2654671171591616e-01  -6.5582402370083148e-01  -7.5338594616849885e-01  -8.1966547172759607e-01  -8.6048612546116021e-01  -8.8251737850390255e-01  -8.9112569116694029e-01  -8.9004295072316486e-01  -8.8184738317855649e-01  -8.6861065582133290e-01  -8.5242320787031201e-01  -8.3565804525153298e-01  -8.2092066127442243e-01  -8.1070375843426989e-01  -8.0687927201239706e-01  -8.1022905081573648e-01  -8.2023400236921939e-01  -8.3524037466822354e-01  -8.5296383485522020e-01  -8.7112644547511364e-01  -8.8797210754304845e-01  -9.0249477234907349e-01  -9.1438443433886707e-01  -9.2381042125774848e-01  -9.3118031832575332e-01  -9.3695636995737219e-01  -9.4155230345621466e-01  -9.4529354562826085e-01  -9.4841547853008623e-01  -9.5107927719328078e-01  -9.5339122954042910e-01  -9.5541991595516196e-01  -9.5720922771832861e-01  -9.5878808191218168e-01  -9.6017588693048050e-01  -9.6138644798352402e-01  -9.6243000334487228e-01  -9.6331547471230239e-01  -9.6405074874029817e-01  -9.6464369351531665e-01  -9.6510175734662862e-01  -9.6543327908750953e-01  -9.6564722647323054e-01  -9.6575450952400366e-01  -9.6576736692758969e-01  -9.6570064113089094e-01  -9.6557087828587729e-01  -9.6539754389716548e-01  -9.6520168377901316e-01  -9.6500669417137308e-01  -9.6483640344030630e-01  -9.6471532638139446e-01  -9.6466574408405492e-01  -9.6470805852663921e-01  -9.6485798990792448e-01  -9.6512728404383941e-01  -9.6552139809885185e-01  -9.6604152947040656e-01  -9.6668338374642704e-01  -9.6744020124454022e-01  -9.6830186336367130e-01  -9.6925826734059251e-01  -9.7029826857154144e-01  -9.7141339256964143e-01  -9.7259628060804104e-01  -9.7384388663438326e-01  -9.7515494987632056e-01  -9.7653299803966009e-01  -9.7798336947994824e-01  -9.7951624024130857e-01  -9.8114291347018479e-01  -9.8287872284581512e-01  -9.8473869106331469e-01  -9.8674060620492665e-01  -9.8889995183850621e-01  -9.9123278478002241e-01  -9.9374903836290152e-01  -9.9645402023477669e-01  -9.9933773495797618e-01  -1.0023708574419841e+00  -1.0054823884959192e+00  -1.0085353110087869e+00  -1.0112636262349632e+00  -1.0131755066166814e+00  -1.0133461652102642e+00  -1.0100503893783814e+00  -1.0000546620494910e+00  -9.7739197465458227e-01  -9.3140886442618975e-01  -8.4462577899341906e-01
  -6.7085004328207143e-01  -4.3052638119406456e-01  -1.1824292684349996e-01   2.1147438614500941e-01   4.9178512322124002e-01   6.9015508804824588e-01   8.1399503779858728e-01   8.8637214056288816e-01   9.2796420744401875e-01   9.5231440772800191e-01   9.6705619284355016e-01   9.7602402941360389e-01   9.8071047679571777e-01   9.8093773037021614e-01   9.7484257215201908e-01   9.5819917626884887e-01   9.2301575308226824e-01   8.5566204111308219e-01   7.3621359844601519e-01   5.4404443544062797e-01   2.7583013742167189e-01  -3.2818120395516126e-02  -3.1557385663664894e-01  -5.1874053528191211e-01  -6.2684913084366523e-01  -6.4888425302186548e-01  -5.9789972780970135e-01  -4.8510228402038968e-01  -3.2488803499378299e-01  -1.4031115516637854e-01   3.8952329213642001e-02   1.8538794952533705e-01   2.8057702895723186e-01   3.1508436838651699e-01   2.8454644497163339e-01   1.8802171106233395e-01   3.1586725778920854e-02  -1.6558866386599336e-01  -3.7150899131025361e-01  -5.5348922986254245e-01  -6.9274926593149544e-01  -7.8775015735589826e-01  -8.4703853684680808e-01  -8.8119726219716521e-01  -8.9881298496107054e-01  -9.0573080937703510e-01  -9.0568221364935397e-01  -9.0113496083533362e-01  -8.9395928136024994e-01  -8.8581459268636609e-01  -8.7828004949941008e-01  -8.7277437149552428e-01  -8.7035815028285091e-01  -8.7153058769801051e-01  -8.7613966920616604e-01  -8.8346331411759849e-01  -8.9244578353249793e-01  -9.0199097957384189e-01  -9.1120625589648685e-01  -9.1952313313489675e-01  -9.2669528029438131e-01  -9.3271682106672660e-01  -9.3771986054121903e-01  -9.4188802506817138e-01  -9.4540145972685075e-01  -9.4841012203915631e-01  -9.5102747679663335e-01  -9.5333343220979727e-01  -9.5538175977904705e-01  -9.5720782741269961e-01  -9.5883469514734931e-01  -9.6027748154653492e-01  -9.6154654025085617e-01  -9.6265000694767933e-01  -9.6359461606206764e-01  -9.6438654564292936e-01  -9.6503157397432959e-01  -9.6553619356361053e-01  -9.6590753542728902e-01  -9.6615408805431024e-01  -9.6628507338461178e-01  -9.6631136386755401e-01  -9.6624490927842954e-01  -9.6609982721958043e-01  -9.6589158298611288e-01  -9.6563793763809891e-01  -9.6535761279036225e-01  -9.6507106305691881e-01  -9.6479843079590988e-01  -9.6456016091403085e-01  -9.6437487498583474e-01  -9.6425977195702117e-01  -9.6422827186531035e-01  -9.6429118437924932e-01  -9.6445484609783672e-01  -9.6472294681570214e-01  -9.6509495800198852e-01  -9.6556882605180272e-01  -9.6613980696732560e-01  -9.6680381724232101e-01  -9.6755612526897528e-01  -9.6839442593841496e-01  -9.6931691253815266e-01  -9.7032546152265797e-01  -9.7142326414523639e-01  -9.7261780157038280e-01  -9.7391754725229562e-01  -9.7533476154085219e-01  -9.7688170381909945e-01  -9.7857367950068386e-01  -9.8042467638514219e-01  -9.8245040504802428e-01  -9.8466300831380038e-01  -9.8707385055429087e-01  -9.8968659124309388e-01  -9.9249842296664492e-01  -9.9548883298804558e-01  -9.9861489503237422e-01  -1.0017869153255039e+00  -1.0048425089332345e+00  -1.0074799274991302e+00  -1.0091532964245946e+00  -1.0088556726555737e+00  -1.0047368295330346e+00  -9.9337348472858222e-01  -9.6852584784458418e-01  -9.1921391221942605e-01  -8.2776605797601110e-01
  -6.0486996823509842e-01  -3.5339588748172224e-01  -4.1812043516328168e-02   2.7359976588257501e-01   5.3380122119208750e-01   7.1507647703201649e-01   8.2782997440393646e-01   8.9400515354995602e-01   9.3234505857827765e-01   9.5497767264673250e-01   9.6871125290985183e-01   9.7693248289300483e-01   9.8087293441769829e-01   9.8016925820584355e-01   9.7277757136570087e-01   9.5427103227392251e-01   9.1646021082601714e-01   8.4568899462060543e-01   7.2261342338929291e-01   5.2844249855937053e-01   2.6283733916179253e-01  -3.6649396467627438e-02  -3.0487410567880124e-01  -4.9008155672635845e-01  -5.7591100149092711e-01  -5.6802716605849068e-01  -4.7704441726266095e-01  -3.1647958486254218e-01  -1.0961686047293140e-01   1.0899700244548660e-01   3.0383276852910174e-01   4.5092086397173486e-01   5.4042586368524692e-01   5.7007420786648333e-01   5.3768648323138302e-01   4.3857210973272870e-01   2.7022929990691441e-01   4.3591032721994050e-02  -2.0881080815206920e-01  -4.4278487835562041e-01  -6.2639744962362109e-01  -7.5245058724508596e-01  -8.3101609876445603e-01  -8.7671976422327591e-01  -9.0170667158915530e-01  -9.1414317717159710e-01  -9.1903406632703777e-01  -9.1939557403499705e-01  -9.1715270383571412e-01  -9.1368162778144257e-01  -9.1007602960921741e-01  -9.0722051689152483e-01  -9.0576069059227260e-01  -9.0603995695258699e-01  -9.0807318929692338e-01  -9.1158614218814882e-01  -9.1612149623770156e-01  -9.2117052315801840e-01  -9.2628874167965713e-01  -9.3116007822995805e-01  -9.3561010905471986e-01  -9.3957966035560125e-01  -9.4308536785665620e-01  -9.4618006902599672e-01  -9.4892656930538011e-01  -9.5138123938883568e-01  -9.5358834956915717e-01  -9.5557906719194063e-01  -9.5737429019903408e-01  -9.5898651590537665e-01  -9.6042323663399809e-01  -9.6168873270877442e-01  -9.6278587972852436e-01  -9.6371636065308830e-01  -9.6448198808002750e-01  -9.6508513487854253e-01  -9.6552937306261155e-01  -9.6581919041751962e-01  -9.6596026282599279e-01  -9.6595963395603412e-01  -9.6582618776763440e-01  -9.6557074657895048e-01  -9.6520608459818913e-01  -9.6474687980916540e-01  -9.6420943314270158e-01  -9.6361162648818355e-01  -9.6297240664171446e-01  -9.6231161291640199e-01  -9.6164930002502591e-01  -9.6100540987813543e-01  -9.6039851374714968e-01  -9.5984589839507817e-01  -9.5936246197771158e-01  -9.5896090832505476e-01  -9.5865077146831457e-01  -9.5843940501874081e-01  -9.5833156972297451e-01  -9.5833096826643405e-01  -9.5843988037732086e-01  -9.5866084253023121e-01  -9.5899612094631759e-01  -9.5944979196253766e-01  -9.6002687045061275e-01  -9.6073496071528142e-01  -9.6158252216758022e-01  -9.6258034835065898e-01  -9.6373947034030805e-01  -9.6507265891837613e-01  -9.6659167212867025e-01  -9.6830860462772672e-01  -9.7023259042198085e-01  -9.7237126725050338e-01  -9.7472678219623599e-01  -9.7729678886875604e-01  -9.8006853472080802e-01  -9.8301759366670027e-01  -9.8609679394805638e-01  -9.8922701959665271e-01  -9.9227094404274985e-01  -9.9499715461509719e-01  -9.9700358091083097e-01  -9.9759236871409407e-01  -9.9552427891893558e-01  -9.8858669830965651e-01  -9.7281145664390178e-01  -9.4119699301483328e-01  -8.8191541867895951e-01  -7.7698199634255460e-01
  -4.8818440785876760e-01  -2.2460015115829446e-01   7.8904091559007794e-02   3.6755278183330498e-01   5.9576917148085351e-01   7.5151549873313395e-01   8.4808015908168444e-01   9.0520567097415761e-01   9.3874492781349606e-01   9.5879006008747880e-01   9.7096320528267765e-01   9.7798711632661961e-01   9.8067696507007862e-01   9.7832731181642996e-01   9.6850924913282432e-01   9.4629885424645210e-01   9.0291304982039033e-01   8.2428925380644369e-01   6.9172534102041128e-01   4.8956643931738686e-01   2.2331125629296256e-01  -6.4976261669535018e-02  -3.1174562763427632e-01  -4.6986656651291214e-01  -5.2418014436290783e-01  -4.7817402514728313e-01  -3.4223719636111949e-01  -1.3657503990439146e-01   1.0307831420244046e-01   3.3316833194469075e-01   5.2037702375347261e-01   6.5108600136155603e-01   7.2571728587591522e-01   7.4782810478417394e-01   7.1642137848341381e-01   6.2357099282990491e-01   4.5863505727094167e-01   2.2143553788329495e-01  -6.1354287075746416e-02  -3.3826767848757289e-01  -5.6279283959570736e-01  -7.1867408271028899e-01  -8.1559815615263298e-01  -8.7172374116923046e-01  -9.0269973573990392e-01  -9.1900785123335382e-01  -9.2691906675231173e-01  -9.3003460487145118e-01  -9.3045107307077224e-01  -9.2946933442975255e-01  -9.2797082439733491e-01  -9.2658880588093173e-01  -9.2576478077255142e-01  -9.2575705014181886e-01  -9.2664519422182146e-01  -9.2835450620807725e-01  -9.3070481490997625e-01  -9.3346996920314995e-01  -9.3643258314301581e-01  -9.3941919835733723e-01  -9.4231373060904244e-01  -9.4505200527601829e-01  -9.4760815715873425e-01  -9.4997870680349350e-01  -9.5217030140001113e-01  -9.5419094935575677e-01  -9.5604694611592689e-01  -9.5774042898154776e-01  -9.5927033691217178e-01  -9.6063277839816508e-01  -9.6182266297863683e-01  -9.6283341532474820e-01  -9.6365875452412220e-01  -9.6429275071650467e-01  -9.6473094531595460e-01  -9.6496953099164728e-01  -9.6500667648043970e-01  -9.6484229776528085e-01  -9.6447948715502452e-01  -9.6392369783278675e-01  -9.6318365046512966e-01  -9.6227044166515208e-01  -9.6119851974554471e-01  -9.5998468531491921e-01  -9.5864885457532145e-01  -9.5721272369145738e-01  -9.5570022155264067e-01  -9.5413599011435057e-01  -9.5254552070728227e-01  -9.5095368211766196e-01  -9.4938519915531461e-01  -9.4786294203545296e-01  -9.4640844969916593e-01  -9.4504082449118165e-01  -9.4377772575983387e-01  -9.4263447653798393e-01  -9.4162521327608328e-01  -9.4076236578051398e-01  -9.4005814680901512e-01  -9.3952434378153216e-01  -9.3917373241047253e-01  -9.3901928389792821e-01  -9.3907507932838730e-01  -9.3935533396304427e-01  -9.3987503055648580e-01  -9.4064842473443278e-01  -9.4168892975031915e-01  -9.4300713980369988e-01  -9.4461052810520119e-01  -9.4650150251843324e-01  -9.4867694662179636e-01  -9.5112598304300189e-01  -9.5382888866576332e-01  -9.5675386212002400e-01  -9.5985392202197828e-01  -9.6306001484878268e-01  -9.6627124914168927e-01  -9.6933655340988789e-01  -9.7202445086673772e-01  -9.7396966085527137e-01  -9.7458050428504273e-01  -9.7287305744872199e-01  -9.6718150193474028e-01  -9.5465323608407049e-01  -9.3040950519912236e-01  -8.8629141969851255e-01  -8.0947547318818036e-01  -6.8244807783727124e-01
  -3.1525848611314677e-01  -4.8418696822857932e-02   2.3228611009411870e-01   4.8063146696262016e-01   6.6823167761161795e-01   7.9382572244520888e-01   8.7175462386604019e-01   9.1846089375842754e-01   9.4638184020948701e-01   9.6329711336687573e-01   9.7347339214118522e-01   9.7883891166692272e-01   9.7966395468752454e-01   9.7473319804460568e-01   9.6099023117677085e-01   9.3266824570252438e-01   8.7997902432429331e-01   7.8819977839001876e-01   6.3976715020592656e-01   4.2411823532651816e-01   1.5550913507691899e-01  -1.1814380708394268e-01  -3.3651292718226389e-01  -4.5960509818918205e-01  -4.7507909130261144e-01  -3.8590679632257352e-01  -2.0560202935542615e-01   3.5071314319099045e-02   2.8867248252544520e-01   5.1002018310954211e-01   6.7547906263371504e-01   7.8331478475273286e-01   8.4136879850223023e-01   8.5593648252569499e-01   8.2598800595023436e-01   7.4141894927279295e-01   5.8606170273076930e-01   3.5022635486956549e-01   5.2148857912996505e-02  -2.5457690385232895e-01  -5.1129389647069989e-01  -6.9178472964669946e-01  -8.0386558845245082e-01  -8.6829244277675355e-01  -9.0369364404858243e-01  -9.2255320101777882e-01  -9.3222965588030027e-01  -9.3683396254531126e-01  -9.3864372361110693e-01  -9.3896333672424470e-01  -9.3858513752232242e-01  -9.3802336218281501e-01  -9.3761653755531793e-01  -9.3757348477854019e-01  -9.3799219589821736e-01  -9.3888133473728752e-01  -9.4018299270851524e-01  -9.4180347806123776e-01  -9.4363836224204778e-01  -9.4559305929609350e-01  -9.4759132523694634e-01  -9.4957813567285521e-01  -9.5151530613131063e-01  -9.5337660594354878e-01  -9.5514215961671523e-01  -9.5679524944908922e-01  -9.5831914724831901e-01  -9.5969683497154690e-01  -9.6091034592740643e-01  -9.6194075546305824e-01  -9.6276850024084848e-01  -9.6337417979408513e-01  -9.6373880702166392e-01  -9.6384386463854188e-01  -9.6367239113135683e-01  -9.6320980360354658e-01  -9.6244499315950049e-01  -9.6137033495246738e-01  -9.5998274680062345e-01  -9.5828389701544547e-01  -9.5628153046627062e-01  -9.5398897534989580e-01  -9.5142581151104988e-01  -9.4861655402476031e-01  -9.4559094347666683e-01  -9.4238216918193363e-01  -9.3902708984310013e-01  -9.3556413909876746e-01  -9.3203380466199870e-01  -9.2847628859304676e-01  -9.2493193788339456e-01  -9.2143938302912831e-01  -9.1803654527535405e-01  -9.1475865624555763e-01  -9.1163967999164486e-01  -9.0871078871334221e-01  -9.0600250523788950e-01  -9.0354329146636569e-01  -9.0136184684288689e-01  -8.9948530709447483e-01  -8.9794145830699645e-01  -8.9675676985248387e-01  -8.9595830508754837e-01  -8.9557065775666955e-01  -8.9561700642413933e-01  -8.9611519957171826e-01  -8.9707859352541530e-01  -8.9851163241834842e-01  -9.0041042813923255e-01  -9.0275784784856383e-01  -9.0552418855959349e-01  -9.0866206041093545e-01  -9.1210685400802793e-01  -9.1577011337933611e-01  -9.1953732353969331e-01  -9.2325562566673181e-01  -9.2672216120840811e-01  -9.2965477795363127e-01  -9.3165250599546245e-01  -9.3211759896334756e-01  -9.3013462649838341e-01  -9.2425597184296882e-01  -9.1215484498568444e-01  -8.9005571143681506e-01  -8.5190778315139259e-01  -7.8839403279235132e-01  -6.8649640380647314e-01  -5.3159284591527545e-01
  -9.1118052669492522e-02   1.5951015878197822e-01   3.9938539619129576e-01   5.9737139146583484e-01   7.4120724923253523e-01   8.3636458715580020e-01   8.9585621702883644e-01   9.3218450402026609e-01   9.5435369948895832e-01   9.6788641809625298e-01   9.7569729265332183e-01   9.7886201637776171e-01   9.7698499091035751e-01   9.6813917189075194e-01   9.4833833027609427e-01   9.1057137227465890e-01   8.4367830342560335e-01   7.3237144223025652e-01   5.6156363776433516e-01   3.2864475901280443e-01   5.9064430077966246e-02  -1.9432328340504235e-01  -3.7752993051008382e-01  -4.5961167620563032e-01  -4.3180761293904185e-01  -2.9832121937656753e-01  -7.9015001247757344e-02   1.8355278294680233e-01   4.3517747748943397e-01   6.3665300158999782e-01   7.7674966360046305e-01   8.6293634914615125e-01   9.0668351430006489e-01   9.1462525549758955e-01   8.8492704447405546e-01   8.0602570741706348e-01   6.5859899276243250e-01   4.2686058831821927e-01   1.2225502329254134e-01  -2.0204894649118166e-01  -4.7954924898982954e-01  -6.7633056833791350e-01  -7.9830417280616295e-01  -8.6790582887038292e-01  -9.0585634744562249e-01  -9.2603701618414691e-01  -9.3654861385344002e-01  -9.4184012814500806e-01  -9.4431049194229222e-01  -9.4527266349687133e-01  -9.4547330583737910e-01  -9.4536280070194978e-01  -9.4522232416614238e-01  -9.4522743508009499e-01  -9.4547515054029985e-01  -9.4600434974899050e-01  -9.4680912743902335e-01  -9.4785565138874328e-01  -9.4909391460990844e-01  -9.5047050226029506e-01  -9.5193363807557496e-01  -9.5343768010777541e-01  -9.5494160848802712e-01  -9.5640945757570872e-01  -9.5780686682304816e-01  -9.5910072071562924e-01  -9.6025716883353895e-01  -9.6124145882043621e-01  -9.6201661064544908e-01  -9.6254450926777391e-01  -9.6278514214605071e-01  -9.6269730638966844e-01  -9.6223906599353604e-01  -9.6136968529823141e-01  -9.6005033315267485e-01  -9.5824562764518251e-01  -9.5592528632144858e-01  -9.5306653415689246e-01  -9.4965597505235932e-01  -9.4569085083755344e-01  -9.4117985218411415e-01  -9.3614336084129834e-01  -9.3061355539847457e-01  -9.2463346325024387e-01  -9.1825611181464550e-01  -9.1154243445705652e-01  -9.0455985538511774e-01  -8.9737976418701715e-01  -8.9007608281411410e-01  -8.8272308130088173e-01  -8.7539487477789035e-01  -8.6816324540579326e-01  -8.6109777393664055e-01  -8.5426453685354120e-01  -8.4772709863384366e-01  -8.4154542328880844e-01  -8.3577722853818415e-01  -8.3047708436556111e-01  -8.2569813897616540e-01  -8.2149117961370199e-01  -8.1790608678397914e-01  -8.1498966651090199e-01  -8.1278616415822103e-01  -8.1133407931721524e-01  -8.1066585540824943e-01  -8.1080332019161827e-01  -8.1175619261289633e-01  -8.1351642914109790e-01  -8.1605651979866356e-01  -8.1932371885770605e-01  -8.2323859552871537e-01  -8.2768903183306930e-01  -8.3252839079668439e-01  -8.3756770722182305e-01  -8.4257021029190748e-01  -8.4723566623065982e-01  -8.5118125355466134e-01  -8.5390219117384447e-01  -8.5471371352169645e-01  -8.5264889747167638e-01  -8.4630125879447449e-01  -8.3356718668352603e-01  -8.1126536127661475e-01  -7.7460065653850985e-01  -7.1657061720079995e-01  -6.2770030426596612e-01  -4.9718693167014527e-01  -3.1721262812978934e-01
   1.6083652207844124e-01   3.7225377926038022e-01   5.5834253456754424e-01   7.0371632092654146e-01   8.0669269454103687e-01   8.7475277169246923e-01   9.1796283621652353e-01   9.4495325156030863e-01   9.6170342657142549e-01   9.7176077486952905e-01   9.7679443392384269e-01   9.7699813036869942e-01   9.7116730050948208e-01   9.5640319292924314e-01   9.2741272681945985e-01   8.7552825045724181e-01   7.8808691486175275e-01   6.5011144237339058e-01   4.5164412270481819e-01   2.0151383624099589e-01  -6.3095306855952826e-02  -2.8839824938141245e-01  -4.3058095423105580e-01  -4.6824637595316587e-01  -3.9590001000708908e-01  -2.2036313760241577e-01   3.0145813071843275e-02   3.0292899868367967e-01   5.4317595428844589e-01   7.2194023392207474e-01   8.3909352732661002e-01   9.0766885704192135e-01   9.4008072133431908e-01   9.4204810560355923e-01   9.1051776309787080e-01   8.3269261527069061e-01   6.8749347012007489e-01   4.5630236173845995e-01   1.4767142664581789e-01  -1.8507116191304251e-01  -4.7165506206196606e-01  -6.7489645765335615e-01  -8.0028924849176553e-01  -8.7132480688351799e-01  -9.0975723906631334e-01  -9.3007732922647002e-01  -9.4067368382686012e-01  -9.4610248764123783e-01  -9.4878285953472163e-01  -9.5000470270535753e-01  -9.5047483286930334e-01  -9.5059805155653021e-01  -9.5061720804294736e-01  -9.5068141356015534e-01  -9.5087886313048531e-01  -9.5125477314613194e-01  -9.5182217097228028e-01  -9.5257149168383759e-01  -9.5347786034246595e-01  -9.5450726230694760e-01  -9.5562050332295978e-01  -9.5677588055854523e-01  -9.5793015773392598e-01  -9.5903816372088568e-01  -9.6005248537476884e-01  -9.6092246151374883e-01  -9.6159302897545806e-01  -9.6200424221874770e-01  -9.6209095230701980e-01  -9.6178198166134599e-01  -9.6100094848230766e-01  -9.5966724358488131e-01  -9.5769774099963922e-01  -9.5500836422413660e-01  -9.5151808453152309e-01  -9.4715271238378795e-01  -9.4184966988290397e-01  -9.3556131166773682e-01  -9.2825937715017504e-01  -9.1993774001700357e-01  -9.1061548073995024e-01  -9.0033676515232530e-01  -8.8917068259531118e-01  -8.7720793591546609e-01  -8.6455824040738993e-01  -8.5134520881050513e-01  -8.3770293536062590e-01  -8.2377063638497339e-01  -8.0969003418293362e-01  -7.9560071102281238e-01  -7.8163858269400699e-01  -7.6793309801697707e-01  -7.5460732393835872e-01  -7.4177594006898973e-01  -7.2954641244992458e-01  -7.1801805596058632e-01  -7.0728422633714982e-01  -6.9743173869652586e-01  -6.8854310253468187e-01  -6.8069533073741706e-01  -6.7396151989598818e-01  -6.6840884259957345e-01  -6.6409877473292456e-01  -6.6108290667254588e-01  -6.5940093072030026e-01  -6.5907436715380474e-01  -6.6010298363403297e-01  -6.6245702290186537e-01  -6.6607240748864527e-01  -6.7084205646112982e-01  -6.7661086452288233e-01  -6.8316696881389483e-01  -6.9023637054558196e-01  -6.9747228480468071e-01  -7.0444509630543051e-01  -7.1062206183967147e-01  -7.1533991215659154e-01  -7.1775515162185577e-01  -7.1677043271993768e-01  -7.1091418305857101e-01  -6.9816662887577685e-01  -6.7571101502401709e-01  -6.3962718987535727e-01  -5.8460237888218725e-01  -5.0393146600911465e-01  -3.9037867808241311e-01  -2.3877960734727482e-01  -5.0719047076748514e-02
   4.0321610264119145e-01   5.6118731497266150e-01   6.9196365276931704e-01   7.9072236610870061e-01   8.6006995100016814e-01   9.0637966345565246e-01   9.3640889591799437e-01   9.5554489813926291e-01   9.6736468248041640e-01   9.7380547174561660e-01   9.7541756287381798e-01   9.7146060283468905e-01   9.5971501855888608e-01   9.3596972833446423e-01   8.9320630797758360e-01   8.2084874325679369e-01   7.0527036800140341e-01   5.3410458054141186e-01   3.0659694259373321e-01   4.5615763597677994e-02  -2.0322423680059412e-01  -3.9179641324975095e-01  -4.8911119039976086e-01  -4.8177478239206201e-01  -3.6637641249301417e-01  -1.5326472925257381e-01   1.2041635184559657e-01   3.9506948213156962e-01   6.2011116651997367e-01   7.7773733132601364e-01   8.7611315174685522e-01   9.3099618848423860e-01   9.5428783252068394e-01   9.5023195581973541e-01   9.1426898088638664e-01   8.3226425855585140e-01   6.8212086998699573e-01   4.4516358413930618e-01   1.3160660978930377e-01  -2.0287055938315091e-01  -4.8769566397875891e-01  -6.8759197889403612e-01  -8.0983101125182877e-01  -8.7854963747569714e-01  -9.1546703704645327e-01  -9.3486287718198047e-01  -9.4493668610802539e-01  -9.5011056422876239e-01  -9.5271180677046940e-01  -9.5396320559505388e-01  -9.5451938908465228e-01  -9.5474322741240536e-01  -9.5484502306962948e-01  -9.5495076226325937e-01  -9.5513586203710743e-01  -9.5544154584655616e-01  -9.5588461010056092e-01  -9.5646261235120422e-01  -9.5715870312076823e-01  -9.5794447881506428e-01  -9.5878291848722297e-01  -9.5962888902000620e-01  -9.6043003976234265e-01  -9.6112598282007966e-01  -9.6164777322327277e-01  -9.6191579235983526e-01  -9.6183965510072789e-01  -9.6131546779332244e-01  -9.6022601106518901e-01  -9.5843993262558924e-01  -9.5581356028728437e-01  -9.5219160717065465e-01  -9.4741283145942623e-01  -9.4131510489603731e-01  -9.3374409398660463e-01  -9.2456051962749974e-01  -9.1365162349878259e-01  -9.0093991466164491e-01  -8.8639339290270169e-01  -8.7002980377675443e-01  -8.5192079261481091e-01  -8.3218927791344732e-01  -8.1100666826872481e-01  -7.8858345705940669e-01  -7.6516116872955919e-01  -7.4099950841804851e-01  -7.1636745917907152e-01  -6.9153162056823692e-01  -6.6675015371613600e-01  -6.4226517310201492e-01  -6.1830124387873631e-01  -5.9506098347130465e-01  -5.7272682775660977e-01  -5.5145962353408318e-01  -5.3140257464565122e-01  -5.1268091430996077e-01  -4.9540656545036665e-01  -4.7967811529825832e-01  -4.6558557946569756e-01  -4.5320991083672968e-01  -4.4262659561750267e-01  -4.3390285747813656e-01  -4.2709883171218183e-01  -4.2226215892934305e-01  -4.1942635169270631e-01  -4.1860198534748760e-01  -4.1977153768390241e-01  -4.2287726701278233e-01  -4.2781349955996234e-01  -4.3441243011945269e-01  -4.4243483255633265e-01  -4.5155446469662253e-01  -4.6134751889021230e-01  -4.7127492696921591e-01  -4.8066762021706017e-01  -4.8870009926969399e-01  -4.9435988722069502e-01  -4.9639488312928365e-01  -4.9324363648804664e-01  -4.8293149510880179e-01  -4.6294629946382609e-01  -4.3010410336067340e-01  -3.8049245771330947e-01  -3.0964404301731646e-01  -2.1324931236293210e-01  -8.8748418786153471e-02   6.2156556287897458e-02   2.3112023086478306e-01
   6.0291182145144184e-01   7.0833207833442924e-01   7.9262892821061404e-01   8.5549710362111009e-01   8.9990705846215890e-01   9.3009513135413746e-01   9.5003602758148720e-01   9.6271028584098484e-01   9.6991078601150982e-01   9.7228126772279189e-01   9.6931840635575073e-01   9.5921755915072970e-01   9.3845195226828604e-01   9.0110403431488828e-01   8.3812966897953523e-01   7.3738229141680089e-01   5.8621937602822960e-01   3.7905726002252371e-01   1.2857488627916691e-01  -1.2952176550296018e-01  -3.4903838790336877e-01  -4.9389685910508879e-01  -5.4544034509351769e-01  -4.9500694271501189e-01  -3.3991148103657653e-01  -9.4723214556449192e-02   1.9491145751033295e-01   4.6597392719601916e-01   6.7497788378177037e-01   8.1425272704237384e-01   8.9755115263254293e-01   9.4151754612098659e-01   9.5680546787597753e-01   9.4588001620248841e-01   9.0237905187716783e-01   8.1060522024243231e-01   6.4806794678874946e-01   3.9877404691238305e-01   7.9092950592207736e-02  -2.5104540447735180e-01  -5.2435700314397882e-01  -7.1228152359560548e-01  -8.2569972140894343e-01  -8.8892774568700617e-01  -9.2267891645393152e-01  -9.4030371766920329e-01  -9.4940013893558461e-01  -9.5404910443972324e-01  -9.5638622205180279e-01  -9.5752657049847556e-01  -9.5805722994577946e-01  -9.5829758815999488e-01  -9.5842610022902663e-01  -9.5854764934266412e-01  -9.5872218086098515e-01  -9.5898262810068957e-01  -9.5933991671503172e-01  -9.5978939614611658e-01  -9.6031102931422940e-01  -9.6087222765273261e-01  -9.6142646805947840e-01  -9.6191437945751479e-01  -9.6226136326806655e-01  -9.6237638421491334e-01  -9.6214882020041281e-01  -9.6144633390751533e-01  -9.6011078006103578e-01  -9.5795681203136041e-01  -9.5476987034818461e-01  -9.5030642421304190e-01  -9.4429695557200377e-01  -9.3645308400780380e-01  -9.2647762383967180e-01  -9.1407904683701302e-01  -8.9899087824643509e-01  -8.8099365421610720e-01  -8.5993723466245842e-01  -8.3575997468389585e-01  -8.0850383365160283e-01  -7.7832121462917847e-01  -7.4547345996575920e-01  -7.1031807185704932e-01  -6.7328906384401188e-01  -6.3487023045897550e-01  -5.9556843994510555e-01  -5.5588648734212343e-01  -5.1630238382727733e-01  -4.7725200441601145e-01  -4.3912071419708198e-01  -4.0223734418061419e-01  -3.6687590147052102e-01  -3.3325782332641846e-01  -3.0155927154914225e-01  -2.7191571216662058e-01  -2.4443056021907505e-01  -2.1917996059360217e-01  -1.9622125913888289e-01  -1.7559653749325854e-01  -1.5733959985578327e-01  -1.4147718656032532e-01  -1.2803384529886663e-01  -1.1703068814239925e-01  -1.0848734737286418e-01  -1.0241668989676689e-01  -9.8822634791505326e-02  -9.7690429724077488e-02  -9.8980299152665596e-02  -1.0261294718951197e-01  -1.0845835371099688e-01  -1.1631619302553897e-01  -1.2590031879164099e-01  -1.3681531345585118e-01  -1.4853805657113883e-01  -1.6039160016295739e-01  -1.7152443376112603e-01  -1.8088112616826785e-01  -1.8717694458027595e-01  -1.8886150791263207e-01  -1.8408727658738394e-01  -1.7067517131440960e-01  -1.4611538934196072e-01  -1.0763715351921208e-01  -5.2449549556296923e-02   2.1738372692674091e-02   1.1579898961982799e-01   2.2797045996878529e-01   3.5282494781271689e-01   4.8136165218550725e-01
   7.4606194981675178e-01   8.1038496543786387e-01   8.6123572314768815e-01   8.9930124980170201e-01   9.2655865315560271e-01   9.4533020617699592e-01   9.5760505368492388e-01   9.6469145267793222e-01   9.6706033213406040e-01   9.6424378896176877e-01   9.5463753733448320e-01   9.3513752205400402e-01   9.0055742215318635e-01   8.4298391022393515e-01   7.5160496359780105e-01   6.1441751407743139e-01   4.2380300736078069e-01   1.8606736168918447e-01  -7.1730083344387810e-02  -3.0834136824541447e-01  -4.8651126264812661e-01  -5.8460835575828241e-01  -5.9243534595308456e-01  -5.0238093958533570e-01  -3.1177875749539241e-01  -4.0259076025569995e-02   2.5893793965052969e-01   5.2252222261374703e-01   7.1554394674148580e-01   8.3883410835549532e-01   9.0958528121446580e-01   9.4415621750739409e-01   9.5150673762630200e-01   9.3203856297261756e-01   8.7724984334293721e-01   7.6975278199705277e-01   5.8770383420045880e-01   3.2101821447424084e-01  -3.8796742808761692e-03  -3.2280347536625531e-01  -5.7605133046332169e-01  -7.4534098744252275e-01  -8.4585729355749351e-01  -9.0139281706196084e-01  -9.3085948266425556e-01  -9.4615382952000937e-01  -9.5398349746331934e-01  -9.5794325636020317e-01  -9.5990883104900260e-01  -9.6085757553548967e-01  -9.6129723112092025e-01  -9.6150110008220446e-01  -9.6161568378916928e-01  -9.6172506394302870e-01  -9.6187234651391873e-01  -9.6207881857146393e-01  -9.6234422731253555e-01  -9.6265400470399887e-01  -9.6297443454346920e-01  -9.6325648368976569e-01  -9.6342928744563139e-01  -9.6340123413196910e-01  -9.6305160456649763e-01  -9.6222976733620935e-01  -9.6074521297330029e-01  -9.5836499115048790e-01  -9.5480501314636368e-01  -9.4972845102724179e-01  -9.4274150534601642e-01  -9.3340052453886080e-01  -9.2121944184361815e-01  -9.0569133095411192e-01  -8.8631560311970625e-01  -8.6263973082179457e-01  -8.3430214459026264e-01  -8.0108173149905071e-01  -7.6293866399425736e-01  -7.2004671647877028e-01  -6.7280089971384660e-01  -6.2180423075644320e-01  -5.6782735910090520e-01  -5.1175407265930140e-01  -4.5451467069929169e-01  -3.9702357990228698e-01  -3.4012385462064809e-01  -2.8454981508126032e-01  -2.3090455902351659e-01  -1.7965573092157849e-01  -1.3114150215017295e-01  -8.5587135205213327e-02  -4.3123722309871659e-02  -3.8086128175774947e-03   3.2356383494863694e-02   6.5408091205075181e-02   9.5408771955712623e-02   1.2243526841322894e-01   1.4657097761259719e-01   1.6789956794853528e-01   1.8650019079473101e-01   2.0244419801364144e-01   2.1579304845168584e-01   2.2659847616374451e-01   2.3490325283376962e-01   2.4074442873812782e-01   2.4415714026111074e-01   2.4518205219344597e-01   2.4387379866467640e-01   2.4031389331016462e-01   2.3462461104542531e-01   2.2698819987122754e-01   2.1766718491537029e-01   2.0703033557645989e-01   1.9557838359488602e-01   1.8397369084413262e-01   1.7306602893302336e-01   1.6391808829071516e-01   1.5782027053311651e-01   1.5629625784008791e-01   1.6108317734263367e-01   1.7407838412418122e-01   1.9722115547640059e-01   2.3228374665493062e-01   2.8052507464616494e-01   3.4220863438955251e-01   4.1605028848631498e-01   4.9882184713568845e-01   5.8543352026323014e-01   6.6976052506334760e-01
   8.3651276114449824e-01   8.7334418544464665e-01   9.0254306973774634e-01   9.2457684934803241e-01   9.4038570789511700e-01   9.5093915504833326e-01   9.5689786501436902e-01   9.5838422208812313e-01   9.5479055621774278e-01   9.4454745811883956e-01   9.2477040874853600e-01   8.9076080401975943e-01   8.3544825359293262e-01   7.4920887272778969e-01   6.2110182071883924e-01   4.4315874198828709e-01   2.1819346286666502e-01  -3.3231180634167995e-02  -2.7569009229506469e-01  -4.7350314895737655e-01  -6.0390598734756162e-01  -6.5667147325840802e-01  -6.2472854824280621e-01  -4.9889589557020997e-01  -2.7697814887338790e-01   1.5167958079583321e-02   3.1792769472896742e-01   5.7061598550580805e-01   7.4749699690138849e-01   8.5623235679002674e-01   9.1578777463909566e-01   9.4139161471541000e-01   9.3991431229582290e-01   9.0934584630580528e-01   8.3872509626855396e-01   7.0922227011224726e-01   5.0158709936159274e-01   2.1551420462439519e-01  -1.1016129454993601e-01  -4.0989553753842589e-01  -6.3619087077467174e-01  -7.8261544868720501e-01  -8.6800933248953527e-01  -9.1475327737339962e-01  -9.3940452130094354e-01  -9.5211152218458728e-01  -9.5854687170629382e-01  -9.6174597975620246e-01  -9.6329215542748892e-01  -9.6400925663042791e-01  -9.6432208755752447e-01  -9.6445538458998303e-01  -9.6452506942678407e-01  -9.6459309569575591e-01  -9.6468486755995531e-01  -9.6480520645756451e-01  -9.6493645247800719e-01  -9.6504365626772382e-01  -9.6506727961178318e-01  -9.6492350538980487e-01  -9.6449384468981370e-01  -9.6362197523298598e-01  -9.6210058732742609e-01  -9.5966422250398731e-01  -9.5597431417911927e-01  -9.5061145814890269e-01  -9.4306226270126059e-01  -9.3271948952676009e-01  -9.1888363799126127e-01  -9.0078443710129630e-01  -8.7761496452628907e-01  -8.4859347061839441e-01  -8.1303842605285381e-01  -7.7046446982773897e-01  -7.2067522673147666e-01  -6.6384545078985213e-01  -6.0055944147301665e-01  -5.3180251549142188e-01  -4.5889005425382301e-01  -3.8335517669540031e-01  -3.0680461524399472e-01  -2.3078094666149868e-01  -1.5664450466709190e-01  -8.5501011067645238e-02  -1.8167543098753791e-02   4.4818554674758926e-02   1.0316955006313416e-01   1.5679789026758728e-01   2.0576759964290436e-01   2.5024477463094114e-01   2.9045984686669457e-01   3.2667355195527042e-01   3.5915637300493236e-01   3.8817139184802896e-01   4.1396709931383235e-01   4.3677020534788680e-01   4.5678505329644875e-01   4.7419106562186170e-01   4.8914498834422965e-01   5.0178043636490832e-01   5.1221101657652235e-01   5.2053044887273403e-01   5.2681646185818298e-01   5.3113265969564705e-01   5.3353431289001030e-01   5.3407256692637173e-01   5.3280273111101129e-01   5.2979228154183822e-01   5.2513399987272724e-01   5.1896018385691867e-01   5.1146236654748722e-01   5.0291252329463254e-01   4.9368886347009283e-01   4.8430122690861377e-01   4.7541632891341146e-01   4.6787535825555060e-01   4.6270010392665845e-01   4.6107667802695684e-01   4.6430809541771340e-01   4.7372249351074225e-01   4.9052610295702281e-01   5.1559407129968871e-01   5.4921314726410719e-01   5.9081957102338312e-01   6.3882102134060448e-01   6.9062482794115243e-01   7.4296553871275295e-01   7.9250538481899069e-01
   8.8470607677814528e-01   9.0470124508271244e-01   9.2051729183433295e-01   9.3220787279894113e-01   9.3994577931217294e-01   9.4378207832013239e-01   9.4342634313097273e-01   9.3802896575697081e-01   9.2593003057000789e-01   9.0432392690651886e-01   8.6882712519723149e-01   8.1303338558657956e-01   7.2840838129187113e-01   6.0534046658894969e-01   4.3658691329018973e-01   2.2356259011428473e-01  -1.7575242397508073e-02  -2.5699855368822655e-01  -4.6241236377921807e-01  -6.1154340625614390e-01  -6.9452874334969072e-01  -7.0643493832235771e-01  -6.3896195958862301e-01  -4.8054165740814314e-01  -2.3110889646201396e-01   7.5886603835684574e-02   3.7615349869918696e-01   6.1443987601680239e-01   7.7449327268027912e-01   8.6921054203047499e-01   9.1795292787030514e-01   9.3409910355651027e-01   9.2198650018358463e-01   8.7679356927054342e-01   7.8495819872966544e-01   6.2722021329693090e-01   3.9012925897710193e-01   8.7100145093015335e-02  -2.3120872423325289e-01  -5.0360392995030001e-01  -6.9840662490704386e-01  -8.2028340735323158e-01  -8.9008868021120824e-01  -9.2793967863005256e-01  -9.4776585399716506e-01  -9.5789396985141706e-01  -9.6294462140233894e-01  -9.6538657722284982e-01  -9.6651059284385554e-01  -9.6698571647203402e-01  -9.6715534375216916e-01  -9.6719562798835368e-01  -9.6719272649457322e-01  -9.6718420565936891e-01  -9.6717517101115980e-01  -9.6714686769722180e-01  -9.6705541871668044e-01  -9.6682975067568877e-01  -9.6636327114968723e-01  -9.6550625761807018e-01  -9.6405202912735133e-01  -9.6172327873989039e-01  -9.5815233208041939e-01  -9.5286335409103051e-01  -9.4525035834835325e-01  -9.3456248248375540e-01  -9.1989545993165001e-01  -9.0020200915144266e-01  -8.7432661992672156e-01  -8.4108035102226519e-01  -7.9935400143155200e-01  -7.4827416770403066e-01  -6.8738014550416426e-01  -6.1679237336926196e-01  -5.3731981434926857e-01  -4.5047086975577544e-01  -3.5834064512017472e-01  -2.6339363028742663e-01  -1.6818252792918231e-01  -7.5075427875915562e-02   1.3957048475357281e-02   9.7456322647604510e-02   1.7449939408868792e-01   2.4464627438596132e-01   3.0784944514522811e-01   3.6434580728719235e-01   4.1455837671125528e-01   4.5901069499700353e-01   4.9826537310183450e-01   5.3287714755827398e-01   5.6336631612217425e-01   5.9020147135983847e-01   6.1379502659338336e-01   6.3450088743314215e-01   6.5262011837992417e-01   6.6840495456436866e-01   6.8206757137459240e-01   6.9378464767385462e-01   7.0370495037060943e-01   7.1195193116308886e-01   7.1862961632155065e-01   7.2382419180135726e-01   7.2760891003777595e-01   7.3004479646559972e-01   7.3118519113839209e-01   7.3107713800584062e-01   7.2976756645759133e-01   7.2730703633764782e-01   7.2375887598792443e-01   7.1920696692584318e-01   7.1377009999393448e-01   7.0761585298344309e-01   7.0098070952620894e-01   6.9418790833504651e-01   6.8766742751096865e-01   6.8196692737665698e-01   6.7775449599781745e-01   6.7579895198780926e-01   6.7692663383335583e-01   6.8194099720946522e-01   6.9151096576938353e-01   7.0602990663921228e-01   7.2547285875760337e-01   7.4928562938034604e-01   7.7636272569077436e-01   8.0514788311960483e-01   8.3386602304366808e-01   8.6082673031101908e-01
   8.9825344472297197e-01   9.0794885783908086e-01   9.1505238654140608e-01   9.1922898198535830e-01   9.2006257557617666e-01   9.1688136046956681e-01   9.0856103389296539e-01   8.9328189075609976e-01   8.6823056105951890e-01   8.2924340378703743e-01   7.7049959047016259e-01   6.8455378398222555e-01   5.6335867171685983e-01   4.0114229952497177e-01   1.9936751119284954e-01  -2.8539994067121904e-02  -2.5774314063971604e-01  -4.6042703875968061e-01  -6.1630038300908707e-01  -7.1615116768329257e-01  -7.5678920521628490e-01  -7.3303438937518794e-01  -6.3320046429006693e-01  -4.4426074072827831e-01  -1.7089000218139722e-01   1.4472750175076143e-01   4.3614344777960284e-01   6.5637183071478700e-01   7.9850839346028801e-01   8.7909306582775182e-01   9.1665364447959918e-01   9.2203255923404903e-01   8.9653396080668890e-01   8.3217390932376512e-01   7.1312261848930514e-01   5.2191815817883458e-01   2.5528658267275495e-01  -5.7155146407858681e-02  -3.5753961699492876e-01  -5.9590966992225702e-01  -7.5751480459630938e-01  -8.5542987434396878e-01  -9.1055436096029096e-01  -9.4015489561517673e-01  -9.5552855266364345e-01  -9.6328107288958231e-01  -9.6705616146002205e-01  -9.6879867073179571e-01  -9.6952739477967964e-01  -9.6976788015875770e-01  -9.6978713268494154e-01  -9.6971488981022680e-01  -9.6960664940378494e-01  -9.6947259885009585e-01  -9.6929027056834505e-01  -9.6900617824906010e-01  -9.6853169970110287e-01  -9.6773375338312673e-01  -9.6642123776054056e-01  -9.6432629773256651e-01  -9.6108105381235742e-01  -9.5618956542883926e-01  -9.4899657752903965e-01  -9.3865504381501852e-01  -9.2410065361604676e-01  -9.0404175952141275e-01  -8.7698072034760888e-01  -8.4128718929160540e-01  -7.9534001510841268e-01  -7.3774710346201433e-01  -6.6763118382666453e-01  -5.8493092930511348e-01  -4.9063283170736516e-01  -3.8684023407214563e-01  -2.7661664894917010e-01  -1.6361179110040536e-01  -5.1563300025814995e-02   5.6185330713458714e-02   1.5702872713827395e-01   2.4924943254440338e-01   3.3199055223918150e-01   4.0511033445808980e-01   4.6898776466822756e-01   5.2433061323088137e-01   5.7201701884608980e-01   6.1297861683430321e-01   6.4812442705000040e-01   6.7829491549282606e-01   7.0423914830518175e-01   7.2660573588378363e-01   7.4594370797271914e-01   7.6270672732745337e-01   7.7726271944364933e-01   7.8990430671599943e-01   8.0086192221717867e-01   8.1031506698638811e-01   8.1840445435700704e-01   8.2524086404081054e-01   8.3091428593339867e-01   8.3549935826538868e-01   8.3906088829170578e-01   8.4165560928768579e-01   8.4333516411042475e-01   8.4414635218426892e-01   8.4413334543373986e-01   8.4333723608982791e-01   8.4179801511700048e-01   8.3955478930298544e-01   8.3664991743935513e-01   8.3313248992997224e-01   8.2906672187732011e-01   8.2454021341798733e-01   8.1967740075262963e-01   8.1465183538234032e-01   8.0970099701259091e-01   8.0513464409694047e-01   8.0133814965287276e-01   7.9875953696782365e-01   7.9788117156573468e-01   7.9916760657204788e-01   8.0299677121095092e-01   8.0957651905180095e-01   8.1887134360572023e-01   8.3055468749737549e-01   8.4401481549066582e-01   8.5841905075627478e-01   8.7283420313029358e-01   8.8636239218962398e-01
   8.7692840381765302e-01   8.7933018915591510e-01   8.7942860653503185e-01   8.7648055591458029e-01   8.6950262042883320e-01   8.5710725479780647e-01   8.3730216730066787e-01   8.0724485927738443e-01   7.6299387131994123e-01   6.9935358706925432e-01   6.1008749394065787e-01   4.8896345054430729e-01   3.3218690669274920e-01   1.4212746220522021e-01  -6.9463559980823181e-02  -2.8218999903426434e-01  -4.7328937117320036e-01  -6.2562958456007989e-01  -7.3110090175538867e-01  -7.8752320091650008e-01  -7.9228041522519521e-01  -7.3684972089010858e-01  -6.0607294448388882e-01  -3.8776750995667891e-01  -9.4477508379438802e-02   2.2264159590399751e-01   4.9858868153851177e-01   6.9721195461082563e-01   8.2023798889443467e-01   8.8617545723200419e-01   9.1157961789260411e-01   9.0408074174134012e-01   8.6145399299730663e-01   7.7245431097496597e-01   6.2023762425021922e-01   3.9289505287630888e-01   1.0188733504408559e-01  -2.0803647074947673e-01  -4.7997516830709541e-01  -6.8057712473482723e-01  -8.1004960009348015e-01  -8.8626085009186262e-01  -9.2848394016771829e-01  -9.5091894815740075e-01  -9.6243648116093972e-01  -9.6813142606115510e-01  -9.7079875363841761e-01  -9.7193047522696663e-01  -9.7230723672000896e-01  -9.7232890308178876e-01  -9.7219174103590400e-01  -9.7198172794802395e-01  -9.7171953606943606e-01  -9.7138133238188595e-01  -9.7090310402076152e-01  -9.7017666513295786e-01  -9.6903699180998093e-01  -9.6724371001947396e-01  -9.6445428470569972e-01  -9.6019099848108858e-01  -9.5379904058773568e-01  -9.4440002598539241e-01  -9.3084363499398648e-01  -9.1167172080717473e-01  -8.8510933084166776e-01  -8.4911564819000129e-01  -8.0152667571688685e-01  -7.4032161557818355e-01  -6.6401768193470523e-01  -5.7214438716080651e-01  -4.6566924521676978e-01  -3.4720355765298355e-01  -2.2083774480990082e-01  -9.1582965856833121e-02   3.5431736071171005e-02   1.5574164193360845e-01   2.6607497792813506e-01   3.6453103285914157e-01   4.5045885038423672e-01   5.2416347273813668e-01   5.8656855087978288e-01   6.3891961826643784e-01   6.8256534049938522e-01   7.1881766948016945e-01   7.4887670513927207e-01   7.7379962339194719e-01   7.9449694918412195e-01   8.1174157139740688e-01   8.2618279686523477e-01   8.3835820956818119e-01   8.4870437220852846e-01   8.5756592194368952e-01   8.6520517145425280e-01   8.7181206698389291e-01   8.7751703018840332e-01   8.8240421681310077e-01   8.8652582567903737e-01   8.8991389410578492e-01   8.9259072547679641e-01   8.9457532226449032e-01   8.9588876265215411e-01   8.9655635564355485e-01   8.9660922003740806e-01   8.9608284971178509e-01   8.9501596079966628e-01   8.9344740304678283e-01   8.9141460709171838e-01   8.8895075193361817e-01   8.8608442225919604e-01   8.8283924779203460e-01   8.7923790618895292e-01   8.7530739737211993e-01   8.7108926977822410e-01   8.6665017237263164e-01   8.6209518282968656e-01   8.5757728494068464e-01   8.5330384756897915e-01   8.4953180205116263e-01   8.4655271888144901e-01   8.4466065032510063e-01   8.4411000825352078e-01   8.4506463145653599e-01   8.4755240379469565e-01   8.5143322987712644e-01   8.5639765870193263e-01   8.6199249324147886e-01   8.6767128250384307e-01   8.7284626596484949e-01
   8.1028244267628768e-01   8.0575065813054092e-01   7.9826396899063357e-01   7.8658940591742454e-01   7.6912188068291854e-01   7.4373565843921663e-01   7.0762626011937857e-01   6.5718043309692775e-01   5.8799530031647707e-01   4.9524943047351699e-01   3.7475007034649044e-01   2.2488085092461835e-01   4.9158149726930500e-02  -1.4200089671779442e-01  -3.3233853918518763e-01  -5.0431190650507973e-01  -6.4458055300396022e-01  -7.4655553505444538e-01  -8.0856703652565942e-01  -8.2937775227708410e-01  -8.0344928386308767e-01  -7.1810150939380946e-01  -5.5612571158056168e-01  -3.0953912967881125e-01  -1.7490636602726650e-03   3.0861395097921152e-01   5.6257651594872882e-01   7.3656646077781995e-01   8.3947166858857547e-01   8.9001242828031746e-01   9.0172655910441568e-01   8.7839335782459838e-01   8.1390429856392332e-01   6.9425716012299354e-01   5.0425763971930082e-01   2.4255141881001174e-01  -6.2022067465484720e-02  -3.5552169309982545e-01  -5.9114560207164080e-01  -7.5376717995906550e-01  -8.5430836504988772e-01  -9.1201679712159534e-01  -9.4350794572609253e-01  -9.6003528349645118e-01  -9.6837870209397237e-01  -9.7237729907656778e-01  -9.7412764002655083e-01  -9.7474774931764074e-01  -9.7481938099766297e-01  -9.7463454544821515e-01  -9.7432570582991418e-01  -9.7393337028360072e-01  -9.7343629275396493e-01  -9.7276160249663524e-01  -9.7177976486414408e-01  -9.7029033435658962e-01  -9.6799616777232811e-01  -9.6446888330346880e-01  -9.5910124834905097e-01  -9.5104964219808819e-01  -9.3916661011370772e-01  -9.2193538326231317e-01  -8.9742183568187017e-01  -8.6327918608255649e-01  -8.1685396075880246e-01  -7.5545258710317276e-01  -6.7680850597026543e-01  -5.7973171179176686e-01  -4.6479439054233107e-01  -3.3479156247514952e-01  -1.9468330973424480e-01  -5.0891401269268777e-02   8.9870832921186194e-02   2.2179899438075246e-01   3.4080756894299868e-01   4.4476612298640955e-01   5.3325781935710270e-01   6.0708988038058376e-01   6.6777627459319189e-01   7.1711771370270705e-01   7.5692015367312793e-01   7.8883545121615317e-01   8.1429315040332040e-01   8.3448902580539730e-01   8.5040752000445530e-01   8.6285845436157405e-01   8.7251761486482071e-01   8.7996010611130493e-01   8.8568288757235925e-01   8.9011391449482169e-01   8.9361144626489442e-01   8.9645691712619702e-01   8.9885122304363385e-01   9.0091655928254055e-01   9.0270700385239633e-01   9.0422377066552417e-01   9.0543429921879870e-01   9.0628956362187274e-01   9.0673983536957214e-01   9.0674513351983599e-01   9.0628238278124251e-01   9.0534705342190236e-01   9.0395313983061309e-01   9.0212941367079602e-01   8.9991533702803173e-01   8.9735379269494886e-01   8.9448447894077632e-01   8.9133593288232049e-01   8.8792093289249541e-01   8.8423301475925697e-01   8.8024867252598815e-01   8.7593222642276258e-01   8.7124732348276057e-01   8.6617032366393720e-01   8.6070783085254643e-01   8.5491122202115422e-01   8.4888901562448693e-01   8.4280859780413864e-01   8.3688864552373909e-01   8.3137623826181706e-01   8.2651407937835986e-01   8.2249674303733677e-01   8.1943024763322958e-01   8.1729714984478274e-01   8.1593884961767427e-01   8.1505190655968596e-01   8.1420126992803832e-01   8.1283341257653885e-01
   6.7805390297622170e-01   6.6534903286571856e-01   6.4842982059744103e-01   6.2555080678726482e-01   5.9455845551068154e-01   5.5282991299020656e-01   4.9727619416455160e-01   4.2450358055835008e-01   3.3127822351415842e-01   2.1544352874243927e-01   7.7304745318318102e-02  -7.8896498142004057e-02  -2.4432589899058579e-01  -4.0673989936185245e-01  -5.5354967428357438e-01  -6.7519664694179082e-01  -7.6672326900793997e-01  -8.2670681312543137e-01  -8.5433932438863947e-01  -8.4592848293659639e-01  -7.9188127064622083e-01  -6.7601883077376435e-01  -4.8168351527777842e-01  -2.0917836098771497e-01   1.0540581553214134e-01   3.9985058340658430e-01   6.2604121058433049e-01   7.7327927423900111e-01   8.5540461947283641e-01   8.8960838738389736e-01   8.8549449298892746e-01   8.4247048357655097e-01   7.5056791617359209e-01   5.9461927784592006e-01   3.6538453715484737e-01   7.6931810111902144e-02  -2.2625212539924938e-01  -4.9080094135229557e-01  -6.8650768250906680e-01  -8.1400487548631673e-01  -8.9002456832291221e-01  -9.3271478113321304e-01  -9.5566224326512250e-01  -9.6751787619055274e-01  -9.7335396327309420e-01  -9.7600891305377679e-01  -9.7702768317969235e-01  -9.7722915609603089e-01  -9.7703458753629446e-01  -9.7664255825560653e-01  -9.7612515861184934e-01  -9.7547007602561675e-01  -9.7459880030502610e-01  -9.7336108019276535e-01  -9.7151949428803031e-01  -9.6871538292157988e-01  -9.6442477326986609e-01  -9.5789342977377778e-01  -9.4806036318937670e-01  -9.3346568642264005e-01  -9.1216490866239575e-01  -8.8167233239740250e-01  -8.3899650312839147e-01  -7.8084258379779925e-01  -7.0407521096550274e-01  -6.0647850785485069e-01  -4.8771770186380503e-01  -3.5017907880470445e-01  -1.9922773906670227e-01  -4.2526797213812584e-02   1.1147717501536070e-01   2.5530593894889692e-01   3.8371361675273180e-01   4.9409442728411884e-01   5.8613870806866208e-01   6.6111436035926763e-01   7.2112366814486395e-01   7.6853222432331081e-01   8.0560927406134408e-01   8.3434560768077060e-01   8.5638741926956707e-01   8.7304059220989860e-01   8.8530999058881221e-01   8.9395891119490711e-01   8.9957561175367684e-01   9.0264276092762830e-01   9.0359792101963032e-01   9.0287788130844404e-01   9.0093484277997993e-01   8.9822395978268665e-01   8.9516780397150697e-01   8.9211562808020251e-01   8.8930949949314364e-01   8.8687119729112096e-01   8.8480982644299178e-01   8.8304768712589810e-01   8.8145311166915796e-01   8.7987435532599645e-01   8.7816638313636464e-01   8.7621043972485047e-01   8.7392440600147991e-01   8.7126714009246098e-01   8.6823557155210795e-01   8.6485765903263179e-01   8.6118042354738344e-01   8.5725648353864647e-01   8.5312864178900005e-01   8.4881590896050496e-01   8.4430134547826852e-01   8.3952595122809281e-01   8.3438934590162639e-01   8.2875998827944986e-01   8.2249321865317970e-01   8.1545658794913112e-01   8.0755784427592547e-01   7.9877220882240396e-01   7.8916243687274834e-01   7.7888739848080679e-01   7.6819413629318600e-01   7.5739196897857819e-01   7.4681042427551969e-01   7.3674741468395444e-01   7.2741387358902077e-01   7.1888465577228211e-01   7.1106307202733254e-01   7.0366073202928581e-01   6.9618895803897374e-01   6.8795486633831138e-01
   4.5932239954173948e-01   4.3760456406202547e-01   4.1047828045543483e-01   3.7591938284514687e-01   3.3166328007390061e-01   2.7531240820864206e-01   2.0456851366180823e-01   1.1766954246089351e-01   1.4050981938114493e-02  -1.0484192691983074e-01  -2.3490017910836930e-01  -3.6932264795712744e-01  -4.9961109792056224e-01  -6.1740726871639651e-01  -7.1633906192831542e-01  -7.9285052530352917e-01  -8.4559489669496846e-01  -8.7365828141628976e-01  -8.7419428840984126e-01  -8.3992732507553647e-01  -7.5740914900731615e-01  -6.0865969929399188e-01  -3.8132379712833853e-01  -8.8114896477827387e-02   2.2294394352077535e-01   4.9225140601074963e-01   6.8633148177069714e-01   8.0583837166066219e-01   8.6687267054591421e-01   8.8352658359231628e-01   8.6073704336936807e-01   7.9328299830274918e-01   6.6811519043881296e-01   4.7204740726685113e-01   2.0719512328420953e-01  -9.4710525372668386e-02  -3.8067482838522898e-01  -6.0794519321192808e-01  -7.6446712506553904e-01  -8.6164703763513095e-01  -9.1787773757372959e-01  -9.4884802383076394e-01  -9.6522704860731345e-01  -9.7351072381436077e-01  -9.7743024859575711e-01  -9.7905410082407884e-01  -9.7950190308303409e-01  -9.7935989395493706e-01  -9.7891768603642226e-01  -9.7829135263747791e-01  -9.7748781548248109e-01  -9.7642650947938781e-01  -9.7494081097333396e-01  -9.7275525341973457e-01  -9.6944860216198914e-01  -9.6439304570744877e-01  -9.5667529332911405e-01  -9.4499221915331155e-01  -9.2753495000343666e-01  -9.0187603297140417e-01  -8.6491569923775458e-01  -8.1296791527557044e-01  -7.4211795037534034e-01  -6.4896479936652696e-01  -5.3176503506067396e-01  -3.9170545674545826e-01  -2.3371980424438860e-01  -6.6171043756850290e-02   1.0080052659026734e-01   2.5764510074191166e-01   3.9738064705899673e-01   5.1641901776375398e-01   6.1423388664658174e-01   6.9240310777772784e-01   7.5358012436182298e-01   8.0071386742741923e-01   8.3657674444908225e-01   8.6354354460644789e-01   8.8352340712944111e-01   8.9797614605441201e-01   9.0796064057104398e-01   9.1419848448044205e-01   9.1714126459771261e-01   9.1705056646842809e-01   9.1408914536362307e-01   9.0842587279752296e-01   9.0033269947946148e-01   8.9025212254222841e-01   8.7880304295918954e-01   8.6672299060625813e-01   8.5475755747366811e-01   8.4354173616429273e-01   8.3350884253137247e-01   8.2485586033771119e-01   8.1755885464735911e-01   8.1142798337452204e-01   8.0617440022111886e-01   8.0147743565359486e-01   7.9703544277878891e-01   7.9260273111771329e-01   7.8800639159638841e-01   7.8315194561357260e-01   7.7801471633646146e-01   7.7262600160438100e-01   7.6704934769012001e-01   7.6135509989529138e-01   7.5558925296680035e-01   7.4974727714223333e-01   7.4375094831236810e-01   7.3743964697385211e-01   7.3057290170133227e-01   7.2285296408865007e-01   7.1395947253950420e-01   7.0359926261669703e-01   6.9155707395272459e-01   6.7774534580641588e-01   6.6223590739066707e-01   6.4527232680809310e-01   6.2724972729952855e-01   6.0867011004811378e-01   5.9007030195128540e-01   5.7194112582591528e-01   5.5464415388772403e-01   5.3834554733479678e-01   5.2296467777875866e-01   5.0814862772854075e-01   4.9326059876371520e-01   4.7738378372102730e-01
   1.5692897353849422e-01   1.2871678129329170e-01   9.4955829312058537e-02   5.3838444180188655e-02   3.6379160678193523e-03  -5.7066621756329011e-02  -1.2907588748469828e-01  -2.1217869268706344e-01  -3.0477497264162878e-01  -4.0367091291078289e-01  -5.0425349485501847e-01  -6.0113425369020834e-01  -6.8912730823635349e-01  -7.6415741864927700e-01  -8.2366774402670717e-01  -8.6628195711801625e-01  -8.9078479666235644e-01  -8.9459031236667430e-01  -8.7187994979828465e-01  -8.1176624583563939e-01  -6.9792900019318294e-01  -5.1343142043988987e-01  -2.5497412495290572e-01   4.9625943385835286e-02   3.4493105055067574e-01   5.8114729760967210e-01   7.4077711718110717e-01   8.3268292836724900e-01   8.7248988495706070e-01   8.6993249552517993e-01   8.2481021469053517e-01   7.2752723327556024e-01   5.6396794387818439e-01   3.2770197580720689e-01   3.6936743279755047e-02  -2.6175544434239567e-01  -5.1750361781458465e-01  -7.0447634070419218e-01  -8.2574844504801126e-01  -8.9815930061770788e-01  -9.3902602009727731e-01  -9.6112794756854925e-01  -9.7259408831209804e-01  -9.7821855937779045e-01  -9.8070983316715499e-01  -9.8155822174033724e-01  -9.8155969294328349e-01  -9.8112010866905541e-01  -9.8041707092046748e-01  -9.7948589997312163e-01  -9.7825204991664916e-01  -9.7653599597560814e-01  -9.7402814632307966e-01  -9.7024453098225139e-01  -9.6445244610127789e-01  -9.5557106489666510e-01  -9.4203965759165864e-01  -9.2167015101123395e-01  -8.9151052736107061e-01  -8.4779886179773689e-01  -7.8613369322033866e-01  -7.0204685061599115e-01  -5.9212070015783658e-01  -4.5557336375915103e-01  -2.9576653132233610e-01  -1.2069352834545369e-01   5.8315095373107639e-02   2.2939276217660345e-01   3.8307954534877819e-01   5.1398621497903318e-01   6.2076926186526360e-01   7.0500046275968598e-01   7.6978741589070621e-01   8.1868374706561986e-01   8.5503579602725110e-01   8.8168329357694242e-01   9.0088144596108888e-01   9.1432966942274829e-01   9.2323805408597004e-01   9.2839280892211540e-01   9.3021121668812434e-01   9.2878951043034530e-01   9.2396313702059518e-01   9.1540065629523282e-01   9.0275100647847617e-01   8.8583776007890025e-01   8.6485937721288242e-01   8.4051799429086960e-01   8.1400396509934236e-01   7.8681374128460568e-01   7.6046325773254053e-01   7.3620466224704229e-01   7.1484175303450881e-01   6.9668105601638275e-01   6.8159799902598994e-01   6.6916641525526632e-01   6.5880203195452447e-01   6.4988663564062765e-01   6.4185865827015032e-01   6.3426854102357666e-01   6.2680422470070574e-01   6.1929323378158496e-01   6.1168623828436552e-01   6.0402634012488832e-01   5.9640709416261939e-01   5.8892378400493195e-01   5.8162192412532820e-01   5.7444999514153194e-01   5.6722328941167788e-01   5.5960874183142606e-01   5.5113675055315148e-01   5.4124459435752781e-01   5.2934708801714858e-01   5.1492697927504816e-01   4.9762843058980410e-01   4.7733743825113994e-01   4.5422862043103696e-01   4.2876671408670586e-01   4.0165503739899500e-01   3.7373965776973506e-01   3.4588467752300289e-01   3.1884557422670390e-01   2.9315771820235603e-01   2.6905847825815771e-01   2.4644453999744720e-01   2.2486350344273354e-01   2.0352631235777402e-01   1.8133677750136790e-01
  -1.7979175736725159e-01  -2.0807365872696426e-01  -2.4067963197539538e-01  -2.7885438952295583e-01  -3.2353970643509578e-01  -3.7518244601436856e-01  -4.3353244714070566e-01  -4.9748826917844274e-01  -5.6505490285229720e-01  -6.3349018919418842e-01  -6.9964701851519129e-01  -7.6044436593719178e-01  -8.1329056194311744e-01  -8.5627578249855718e-01  -8.8799097610093169e-01  -9.0694880528797261e-01  -9.1060621789965535e-01  -8.9401931061332562e-01  -8.4825087368794017e-01  -7.5929379987012036e-01  -6.0987473618431609e-01  -3.8837909224822181e-01  -1.0537407221484901e-01   1.9711928237447504e-01   4.6437876532146760e-01   6.6214401409263945e-01   7.8712460552062513e-01   8.5237399010959947e-01   8.7069172189042865e-01   8.4659772188880189e-01   7.7467680613754875e-01   6.4209672466580670e-01   4.3731076138837499e-01   1.6620771611209845e-01  -1.3552571727408574e-01  -4.1473226484973613e-01  -6.3255790198049477e-01  -7.8084647058203316e-01  -8.7245903653370016e-01  -9.2547097522766142e-01  -9.5475794999690944e-01  -9.7030498451226643e-01  -9.7817429132644973e-01  -9.8185770939154460e-01  -9.8330234504826564e-01  -9.8356735716626931e-01  -9.8320457596888045e-01  -9.8247323987230661e-01  -9.8144824940927866e-01  -9.8007080736074270e-01  -9.7815403602031403e-01  -9.7536072789891615e-01  -9.7114783281156059e-01  -9.6468141714542166e-01  -9.5471148253898175e-01  -9.3941323463833792e-01  -9.1620189655739037e-01  -8.8157455247207872e-01  -8.3107804820941633e-01  -7.5959842524896992e-01  -6.6221293258019531e-01  -5.3576763783864734e-01  -3.8092237462627321e-01  -2.0373276958034459e-01  -1.5442210551518482e-02   1.7010204050693267e-01   3.4031461977535865e-01   4.8689648715495304e-01   6.0669189797809930e-01   7.0066019899760301e-01   7.7212370906509720e-01   8.2523149896879500e-01   8.6399530451646445e-01   8.9183670248666891e-01   9.1146593410799137e-01   9.2492055884698110e-01   9.3366069545684138e-01   9.3865796347754071e-01   9.4045889467760979e-01   9.3921215956396531e-01   9.3467331839053092e-01   9.2620549146199371e-01   9.1282371805151263e-01   8.9333558654770273e-01   8.6663223339738349e-01   8.3211462353134302e-01   7.9014100629423756e-01   7.4227310110010292e-01   6.9113390708576961e-01   6.3986831020338364e-01   5.9143456440355846e-01   5.4802592430397301e-01   5.1081381104398105e-01   4.8000068576199623e-01   4.5506412080288794e-01   4.3505211065331972e-01   4.1884765160016635e-01   4.0536172114128038e-01   3.9365816278214366e-01   3.8301701166514401e-01   3.7295593941219857e-01   3.6321646190174672e-01   3.5372957265124433e-01   3.4456107623303123e-01   3.3584618407437450e-01   3.2771164666547237e-01   3.2019757201598537e-01   3.1318318503947573e-01   3.0633522098176003e-01   2.9908698563533598e-01   2.9066563361008335e-01   2.8016730696589615e-01   2.6668133406217553e-01   2.4944025468206837e-01   2.2797313302051386e-01   2.0222139930358246e-01   1.7259124665084347e-01   1.3991700265508661e-01   1.0534371546030635e-01   7.0148551012210930e-02   3.5547731463630355e-02   2.5242194760438652e-03  -2.8287207108143697e-02  -5.6656274754258718e-02  -8.2757936111825969e-02  -1.0714003490425378e-01  -1.3066633825270213e-01  -1.5445249478289169e-01
  -4.7681863832540822e-01  -4.9927650883270602e-01  -5.2433205088034907e-01  -5.5271952424866477e-01  -5.8485925320766274e-01  -6.2075542690774621e-01  -6.5992149333197847e-01  -7.0136760002205278e-01  -7.4366896887248890e-01  -7.8512257361105009e-01  -8.2395319970004643e-01  -8.5850376502279913e-01  -8.8731556842892034e-01  -9.0902675504970054e-01  -9.2202389638641613e-01  -9.2380415699606022e-01  -9.0999650405810351e-01  -8.7307326001432661e-01  -8.0113065041033837e-01  -6.7822361300961354e-01  -4.8953002434167664e-01  -2.3420214839509554e-01   6.0743842424665434e-02   3.4521344157297940e-01   5.7452165575441738e-01   7.3183121052748012e-01   8.2375126013187516e-01   8.6361221174021396e-01   8.5969682512952450e-01   8.1090610222687931e-01   7.0715322207452269e-01   5.3483644835573818e-01   2.9011879626790954e-01  -4.4915159270303012e-03  -2.9989412527437481e-01  -5.4729188599929812e-01  -7.2516735611015859e-01  -8.3936516655299021e-01  -9.0724121837029803e-01  -9.4553170284762644e-01  -9.6628073442324491e-01  -9.7706656654316315e-01  -9.8234279452451068e-01  -9.8462666045479197e-01  -9.8530521815519345e-01  -9.8511556874101591e-01  -9.8442035898799896e-01  -9.8334956107003968e-01  -9.8186930291866537e-01  -9.7979450073827024e-01  -9.7676733359141565e-01  -9.7219454267321015e-01  -9.6514835767833151e-01  -9.5421795241666330e-01  -9.3731830499923974e-01  -9.1146712637040761e-01  -8.7260022259404124e-01  -8.1556360747902135e-01  -7.3454841472701138e-01  -6.2428500589050095e-01  -4.8214313067559922e-01  -3.1061858352633476e-01  -1.1877061743774370e-01   7.9025311184005645e-02   2.6709761794648629e-01   4.3310342216182607e-01   5.7061693211710018e-01   6.7888797667857015e-01   7.6090324390998088e-01   8.2127426386317337e-01   8.6475927026054300e-01   8.9551475614755072e-01   9.1685411415690998e-01   9.3127353819040803e-01   9.4057464438564753e-01   9.4599706348975943e-01   9.4831828794025641e-01   9.4790763318683802e-01   9.4472578799952223e-01   9.3827447996408697e-01   9.2751005936889941e-01   9.1076946341846288e-01   8.8580001862834601e-01   8.5003634273690820e-01   8.0124954226798950e-01   7.3853207363006923e-01   6.6325051251627065e-01   5.7935075723644835e-01   4.9260344880490337e-01   4.0906099878587460e-01   3.3354287638038516e-01   2.6883726057116231e-01   2.1572417055398074e-01   1.7349537788770586e-01   1.4058859435714188e-01   1.1511358205815943e-01   9.5206182667303796e-02   7.9232433398644539e-02   6.5885721961231616e-02   5.4215917716715023e-02   4.3616133865352014e-02   3.3782529733988875e-02   2.4653982301720723e-02   1.6335486862271542e-02   9.0080348398591248e-03   2.8292792310101733e-03  -2.1684074358550021e-03  -6.1720889718570593e-03  -9.6586283490450731e-03  -1.3421500580297452e-02  -1.8533903349352732e-02  -2.6237363353551424e-02  -3.7760687422324246e-02  -5.4097739843075865e-02  -7.5791266832648863e-02  -1.0278161860227647e-01  -1.3436865000534010e-01  -1.6930896999103759e-01  -2.0602711314523717e-01  -2.4288585606709512e-01  -2.7844136952282383e-01  -3.1162683085627296e-01  -3.4183968882830518e-01  -3.6894344322366679e-01  -3.9320932975742834e-01  -4.1523247571062721e-01  -4.3584254365572006e-01  -4.5602074371954460e-01
  -6.8945843634620285e-01  -7.0457461048420211e-01  -7.2092884199374918e-01  -7.3896071361635152e-01  -7.5887943404523972e-01  -7.8062085685058158e-01  -8.0383259404266227e-01  -8.2789013296548608e-01  -8.5195296435505963e-01  -8.7504002971936123e-01  -8.9610215629919687e-01  -9.1404109721499815e-01  -9.2763353859470732e-01  -9.3529538801800072e-01  -9.3463529244836352e-01  -9.2172432744480781e-01  -8.9006545431547979e-01  -8.2945312507867075e-01  -7.2566775681338824e-01  -5.6336947816452576e-01  -3.3536293218938107e-01  -5.6392279058107231e-02   2.3274047201478387e-01   4.8426810627207090e-01   6.7008098046795028e-01   7.8813350059358789e-01   8.4963630788665712e-01   8.6513640730994645e-01   8.3743208222830434e-01   7.5992790007184707e-01   6.1938074688646449e-01   4.0549870887715056e-01   1.2769970740404513e-01  -1.7452732613769723e-01  -4.4779922439281944e-01  -6.5684480267217737e-01  -7.9716881842051368e-01  -8.8313802488411619e-01  -9.3269985839958724e-01  -9.6007069419493130e-01  -9.7462130059977792e-01  -9.8199082269407278e-01  -9.8541362426234846e-01  -9.8668956200228064e-01  -9.8679133035278865e-01  -9.8621239381667569e-01  -9.8515606560565272e-01  -9.8362434321486025e-01  -9.8144478317836215e-01  -9.7824821118621474e-01  -9.7340342805389990e-01  -9.6590199325142878e-01  -9.5418915380986402e-01  -9.3593592096907929e-01  -9.0777777228072920e-01  -8.6509795785404653e-01  -8.0204912317641308e-01  -7.1215107092523899e-01  -5.8987391538087675e-01  -4.3330219998360125e-01  -2.4701832406505345e-01  -4.3175464536027081e-02   1.6104521159158816e-01   3.4886584489839062e-01   5.0890125709347322e-01   6.3691491008368617e-01   7.3441402073484241e-01   8.0601331650838171e-01   8.5719594130989474e-01   8.9301781829815352e-01   9.1759681911010893e-01   9.3405743844177092e-01   9.4466452301672543e-01   9.5100155181335033e-01   9.5412434371450527e-01   9.5466824157105723e-01   9.5289478963902863e-01   9.4867387945785275e-01   9.4139046935394177e-01   9.2977638301230658e-01   9.1168574414003278e-01   8.8390488790610156e-01   8.4220237243545459e-01   7.8196475663455356e-01   6.9971445850816216e-01   5.9529420088223850e-01   4.7354012771684056e-01   3.4385454886685940e-01   2.1734109307789201e-01   1.0323585964612997e-01   6.8065433285378063e-03  -7.0646131710598026e-02  -1.3055548766309380e-01  -1.7570013191370684e-01  -2.0920363961577568e-01  -2.3397803229742759e-01  -2.5248304848052916e-01  -2.6665746212572988e-01  -2.7793398221280247e-01  -2.8728606314976862e-01  -2.9529099965824873e-01  -3.0219908799584994e-01  -3.0801190571151793e-01  -3.1256671428497157e-01  -3.1563275702666904e-01  -3.1701582097091191e-01  -3.1667183183592484e-01  -3.1481528579030654e-01  -3.1200876778038494e-01  -3.0920344611895889e-01  -3.0770592337474112e-01  -3.0904534487052671e-01  -3.1474596618010153e-01  -3.2603572183733021e-01  -3.4356447192540979e-01  -3.6721241513464353e-01  -3.9606306456099727e-01  -4.2855809574449250e-01  -4.6279774012841046e-01  -4.9689039142038743e-01  -5.2925595384953861e-01  -5.5880923820524386e-01  -5.8501131040881682e-01  -6.0781358730568102e-01  -6.2754985792979268e-01  -6.4481313835032017e-01  -6.6034813591888031e-01  -6.7496228100555700e-01
  -8.1930708557679122e-01  -8.2885261900487506e-01  -8.3878653253865532e-01  -8.4942196110391521e-01  -8.6091137391800254e-01  -8.7323393999791454e-01  -8.8619308120318907e-01  -8.9942559283156198e-01  -9.1241838467226799e-01  -9.2451933744477000e-01  -9.3492057980797616e-01  -9.4257966235006241e-01  -9.4603583820165904e-01  -9.4306614798704280e-01  -9.3011690749734321e-01  -9.0146485078507499e-01  -8.4821969215266035e-01  -7.5778332082322375e-01  -6.1548007305656771e-01  -4.1113802391884735e-01  -1.5103312104389144e-01   1.3384714686051744e-01   3.9801389562185413e-01   6.0630030886955188e-01   7.4800239793655043e-01   8.3024335583961539e-01   8.6414380736225915e-01   8.5554973278327739e-01   8.0147323552774652e-01   6.9065057972820343e-01   5.0956753943177424e-01   2.5664344607204542e-01  -4.1729312627132364e-02  -3.3429625710166622e-01  -5.7425916311661873e-01  -7.4395959017318658e-01  -8.5169051700123988e-01  -9.1531126808592911e-01  -9.5110602079433004e-01  -9.7050398324785658e-01  -9.8060085842596589e-01  -9.8553495006674341e-01  -9.8763293674032493e-01  -9.8816756036435804e-01  -9.8780032020417508e-01  -9.8682904328515164e-01  -9.8530628203626891e-01  -9.8308344352634291e-01  -9.7979212161490770e-01  -9.7477713289866763e-01  -9.6696849531516593e-01  -9.5469136872348315e-01  -9.3540261278037962e-01  -9.0538748235413957e-01  -8.5950698842898232e-01  -7.9124262075525342e-01  -6.9346253391779578e-01  -5.6041578389655711e-01  -3.9098599214277074e-01  -1.9192279312867255e-01   2.1616077707475756e-02   2.3004565311154368e-01   4.1606049977834303e-01   5.6963535399693765e-01   6.8872948956065394e-01   7.7680760246957203e-01   8.3972640005370758e-01   8.8352763336122508e-01   9.1337317753037262e-01   9.3325651261078102e-01   9.4609363529484591e-01   9.5393398132998897e-01   9.5817441608204801e-01   9.5972672348810883e-01   9.5912819053930465e-01   9.5658789598728755e-01   9.5196617646154402e-01   9.4466895282989083e-01   9.3343656135285547e-01   9.1600599908343383e-01   8.8868040223103884e-01   8.4597934509774952e-01   7.8083899922345579e-01   6.8614217692393253e-01   5.5813413425357949e-01   4.0064502180430150e-01   2.2668538136768573e-01   5.4512373954346161e-02  -9.9699013928615854e-02  -2.2696452512463061e-01  -3.2571838894863148e-01  -3.9908354808072033e-01  -4.5199530786828157e-01  -4.8941474520124417e-01  -5.1556452973936184e-01  -5.3375517171793274e-01  -5.4645698142276289e-01  -5.5543985815590424e-01  -5.6190751026630714e-01  -5.6660966792991330e-01  -5.6993197123599981e-01  -5.7197355335805711e-01  -5.7261969015901215e-01  -5.7161924891124483e-01  -5.6867115903702070e-01  -5.6352519486967534e-01  -5.5609604019505765e-01  -5.4658618084290045e-01  -5.3559840891921684e-01  -5.2420684456240352e-01  -5.1394248032514300e-01  -5.0665694825008289e-01  -5.0425374677020929e-01  -5.0832633825312235e-01  -5.1979015982886212e-01  -5.3862353905431792e-01  -5.6381280196372885e-01  -5.9353633018215357e-01  -6.2553655961784793e-01  -6.5756350156726773e-01  -6.8775406063522593e-01  -7.1485436928460899e-01  -7.3826538097715755e-01  -7.5795270186500530e-01  -7.7428721962640257e-01  -7.8787900630185526e-01  -7.9944125285549905e-01  -8.0969486065228446e-01
  -8.8998648979741934e-01  -8.9646404577647476e-01  -9.0277391305720456e-01  -9.0920836470401789e-01  -9.1592407797246667e-01  -9.2294487760700372e-01  -9.3015979729376230e-01  -9.3731936603683286e-01  -9.4401874264519314e-01  -9.4966026545006699e-01  -9.5336746709931963e-01  -9.5382427828079863e-01  -9.4898643217056167e-01  -9.3561237593015567e-01  -9.0856273789433117e-01  -8.5994338101432588e-01  -7.7851859256123035e-01  -6.5067513782822284e-01  -4.6521597890038591e-01  -2.2322617189197025e-01   5.2486573845343332e-02   3.2131682891985058e-01   5.4521463007611359e-01   7.0651667861017919e-01   8.0744131165845101e-01   8.5822982743276266e-01   8.6671079282739583e-01   8.3314430238731851e-01   7.4908520110223220e-01   6.0045362463158236e-01   3.7791337702364691e-01   9.4007307785217264e-02  -2.0855623253766375e-01  -4.7649510889442831e-01  -6.7782296376915774e-01  -8.1118188276130310e-01  -8.9218433292762644e-01  -9.3866623018180395e-01  -9.6429710399765722e-01  -9.7793236649894943e-01  -9.8484686052871417e-01  -9.8804341048178213e-01  -9.8917977423993142e-01  -9.8913511853414171e-01  -9.8832856964585525e-01  -9.8688158445453988e-01  -9.8468170506299657e-01  -9.8137531752239993e-01  -9.7629900859355523e-01  -9.6834473009304944e-01  -9.5574808425580726e-01  -9.3579386460612313e-01  -9.0446603953511495e-01  -8.5615432099175659e-01  -7.8370537873342294e-01  -6.7934524897149595e-01  -5.3707910108039059e-01  -3.5654528014101106e-01  -1.4657208227864460e-01   7.4887010089374428e-02   2.8620553807225224e-01   4.6990614774141576e-01   6.1743904978865050e-01   7.2877670691710628e-01   8.0901029318089812e-01   8.6492901171879533e-01   9.0292932982550789e-01   9.2818090684350962e-01   9.4452812374316997e-01   9.5469153638985071e-01   9.6053595712312578e-01   9.6330663692502694e-01   9.6380503702362796e-01   9.6250053362170496e-01   9.5958334004996015e-01   9.5495359887770537e-01   9.4813114827934086e-01   9.3805095530575999e-01   9.2269807704964191e-01   8.9854100659037861e-01   8.5981825805121126e-01   7.9803166858205721e-01   7.0263023849287531e-01   5.6447191157641707e-01   3.8261991643200949e-01   1.7057127851212361e-01  -4.5830842319007081e-02  -2.4025785965200749e-01  -3.9730210870724580e-01  -5.1451272251121738e-01  -5.9742469440708246e-01  -6.5406045415221614e-01  -6.9183356748834435e-01  -7.1653698302100488e-01  -7.3235410180954064e-01  -7.4218669530002312e-01  -7.4799371810481485e-01  -7.5105417412769504e-01  -7.5214916466975490e-01  -7.5168481718892100e-01  -7.4977706446118320e-01  -7.4631756177308761e-01  -7.4103179609001046e-01  -7.3354155420753919e-01  -7.2343984463602462e-01  -7.1038950563165493e-01  -6.9424837535095507e-01  -6.7521821883429345e-01  -6.5399395503133495e-01  -6.3187358661272042e-01  -6.1076802208765524e-01  -5.9305748390652424e-01  -5.8127057240039592e-01  -5.7762935822937178e-01  -5.8356335585465591e-01  -5.9933580382515739e-01  -6.2390552260029941e-01  -6.5509060853922463e-01  -6.9000042322966193e-01  -7.2561474630019618e-01  -7.5933280423532057e-01  -7.8934174118019818e-01  -8.1472972817686684e-01  -8.3537916879741803e-01  -8.5173386795740846e-01  -8.6454588019294176e-01  -8.7466657902096911e-01  -8.8291120839356041e-01
  -9.2463131185922598e-01  -9.3007394493035500e-01  -9.3485600824574799e-01  -9.3933151541710413e-01  -9.4369698203550612e-01  -9.4800558201644203e-01  -9.5216734817266613e-01  -9.5593008167726390e-01  -9.5883514134285464e-01  -9.6013121096152942e-01  -9.5862320230942055e-01  -9.5241544807690826e-01  -9.3850291909371153e-01  -9.1217172057971596e-01  -8.6625970464969226e-01  -7.9060865095640387e-01  -6.7270286778802491e-01  -5.0135103506664680e-01  -2.7481075841548680e-01  -9.9603891364556940e-03   2.5795594390582760e-01   4.9101796642244600e-01   6.6702166221004022e-01   7.8358108193930720e-01   8.4915107433651171e-01   8.7251344148036991e-01   8.5653493667023195e-01   7.9578835415206595e-01   6.7745024674664323e-01   4.8786287082009339e-01   2.2743820474325788e-01  -7.4068430748180203e-02  -3.6384064442373454e-01  -5.9715266299532621e-01  -7.5973768210566317e-01  -8.6189500558757759e-01  -9.2184513142007496e-01  -9.5547191552415045e-01  -9.7368704003165241e-01  -9.8318061677294799e-01  -9.8782063080397542e-01  -9.8976309682131514e-01  -9.9016936360220309e-01  -9.8961614728813563e-01  -9.8831562980163190e-01  -9.8620671896356760e-01  -9.8296519079792533e-01  -9.7793718942051577e-01  -9.7000176682871042e-01  -9.5734126775783102e-01  -9.3711940146365436e-01  -9.0508365908319699e-01  -8.5522287169463918e-01  -7.7980225811419257e-01  -6.7040606790914448e-01  -5.2070863487955166e-01  -3.3092430539311518e-01  -1.1171717030145534e-01   1.1643769746692989e-01   3.3012385397864963e-01   5.1180808447698878e-01   6.5430994520860486e-01   7.5934209849970924e-01   8.3332501655250324e-01   8.8376284266930494e-01   9.1729290453245649e-01   9.3905845473462080e-01   9.5276498850588498e-01   9.6096788569678471e-01   9.6538287612429541e-01   9.6713597437353449e-01   9.6694379633942062e-01   9.6522754852578285e-01   9.6217449031168267e-01   9.5774144991231247e-01   9.5159357202576489e-01   9.4294274535822376e-01   9.3023551159089002e-01   9.1060433205262026e-01   8.7902133883324507e-01   8.2724935608125594e-01   7.4327143872469792e-01   6.1305667660202956e-01   4.2737581378975986e-01   1.9303618080157314e-01  -6.1518231265118350e-02  -2.9797240434024597e-01  -4.8910177113562703e-01  -6.2796888974459319e-01  -7.2178098918009226e-01  -7.8224080246269689e-01  -8.1992809419667256e-01  -8.4266369490880821e-01  -8.5572160745363879e-01  -8.6250426687537707e-01  -8.6514912091329776e-01  -8.6495767698198667e-01  -8.6266875795670683e-01  -8.5862726596416583e-01  -8.5288659413909085e-01  -8.4527483825381033e-01  -8.3544201888331804e-01  -8.2290613903707710e-01  -8.0710943969226401e-01  -7.8749967624707429e-01  -7.6364522985185590e-01  -7.3539274571773716e-01  -7.0305882932439678e-01  -6.6762796484740206e-01  -6.3089500553268152e-01  -5.9547589455462346e-01  -5.6461758500366721e-01  -5.4179354774046184e-01  -5.3014064091026092e-01  -5.3185773475301334e-01  -5.4770336244572815e-01  -5.7672019708184430e-01  -6.1627873225551666e-01  -6.6248503290536642e-01  -7.1089990973286299e-01  -7.5739190910020715e-01  -7.9885567185115480e-01  -8.3357423893896021e-01  -8.6116338334008879e-01  -8.8221941820557848e-01  -8.9787069186183532e-01  -9.0939782014812987e-01  -9.1798997446293118e-01
  -9.3882694677903822e-01  -9.4469831536248905e-01  -9.4930570928341096e-01  -9.5315611033433556e-01  -9.5652169807634524e-01  -9.5947447576254219e-01  -9.6189039732651249e-01  -9.6341615200244424e-01  -9.6339154257582549e-01  -9.6070651754709657e-01  -9.5356560111219313e-01  -9.3911923194502789e-01  -9.1293694687627158e-01  -8.6836395451007786e-01  -7.9604867948420266e-01  -6.8445526381130106e-01  -5.2289616683416007e-01  -3.0837057606092688e-01  -5.3923849046334099e-02   2.0985241715181702e-01   4.4682016003448788e-01   6.3253923181272675e-01   7.6106167465885588e-01   8.3877895723252616e-01   8.7463282164166900e-01   8.7336567800714260e-01   8.3233391645256893e-01   7.4096156822634718e-01   5.8417525512665480e-01   3.5348301500403967e-01   6.4250305747793335e-02  -2.3818683149815545e-01  -5.0106768331681961e-01  -6.9550228155949079e-01  -8.2279785181646248e-01  -8.9952300569032229e-01  -9.4335676541629920e-01  -9.6748619960996463e-01  -9.8032830723016828e-01  -9.8684852349350594e-01  -9.8984903300218385e-01  -9.9085706395757400e-01  -9.9065601350516386e-01  -9.8957538970562398e-01  -9.8762472397980772e-01  -9.8452376199092662e-01  -9.7964746048795504e-01  -9.7188698106687244e-01  -9.5941156327145838e-01  -9.3932027514288607e-01  -9.0720239355394872e-01  -8.5673441806763773e-01  -7.7967357704532492e-01  -6.6696038490445742e-01  -5.1179795019946761e-01  -3.1467474193404560e-01  -8.7712864883839281e-02   1.4639895148680598e-01   3.6257142403183074e-01   5.4311497975447010e-01   6.8195550166158947e-01   7.8224385154690745e-01   8.5149037647984527e-01   8.9778009399610592e-01   9.2794357218756107e-01   9.4710504897142744e-01   9.5886092739466644e-01   9.6564002987461550e-01   9.6904289613997319e-01   9.7010485368960109e-01   9.6947730789062159e-01   9.6754761666011668e-01   9.6450345639544044e-01   9.6035347729718645e-01   9.5489339065673851e-01   9.4760280296191812e-01   9.3741896600983643e-01   9.2231391750025904e-01   8.9855208124343144e-01   8.5954451472062687e-01   7.9447485780927996e-01   6.8784949641589821e-01   5.2303161028462519e-01   2.9351014239688716e-01   1.7961359546504074e-02  -2.5956827831689105e-01  -4.9456789837527787e-01  -6.6680600776865440e-01  -7.8055509813544877e-01  -8.5061398433520830e-01  -8.9161839665619591e-01  -9.1435714094152765e-01  -9.2582828134828699e-01  -9.3029790160752812e-01  -9.3026927684163752e-01  -9.2714954361307556e-01  -9.2165456220357889e-01  -9.1404670896538509e-01  -9.0426759242774035e-01  -8.9201691766744329e-01  -8.7680170001110447e-01  -8.5798083636264177e-01  -8.3481552187568142e-01  -8.0654456667053342e-01  -7.7249613871221867e-01  -7.3225223867050548e-01  -6.8586281903083224e-01  -6.3408913928247357e-01  -5.7861842719963907e-01  -5.2217114691862943e-01  -4.6841808177574018e-01  -4.2167241218308299e-01  -3.8639212214455171e-01  -3.6659160702756477e-01  -3.6526326128426712e-01  -3.8386881971320974e-01  -4.2192610428619337e-01  -4.7675710408937322e-01  -5.4355882921135490e-01  -6.1599755162240166e-01  -6.8736378958775624e-01  -7.5197242615337556e-01  -8.0623039565859034e-01  -8.4893251818250370e-01  -8.8080360208546149e-01  -9.0367318791282070e-01  -9.1970345993276437e-01  -9.3088737323843329e-01
  -9.4153508942643571e-01  -9.4893975371482286e-01  -9.5423083434385747e-01  -9.5818399576774493e-01  -9.6119171247450519e-01  -9.6333611425080123e-01  -9.6439893040161051e-01  -9.6381193476677507e-01  -9.6053111595165319e-01  -9.5282056479389643e-01  -9.3791236322508620e-01  -9.1153157756360237e-01  -8.6733323216142888e-01  -7.9652173370702317e-01  -6.8835967501472328e-01  -5.3286556151533460e-01  -3.2678180092603559e-01  -8.1019290028074620e-02   1.7729986917419588e-01   4.1439881291943081e-01   6.0536231705398502e-01   7.4201006762890920e-01   8.2891426863936823e-01   8.7471331466641677e-01   8.8536028572229353e-01   8.6053311383134479e-01   7.9223525117017124e-01   6.6602041869715145e-01   4.6809415860739884e-01   2.0079651112252839e-01  -1.0312946309737303e-01  -3.8986224093661970e-01  -6.1691788315122187e-01  -7.7310083144607944e-01  -8.7035292622571681e-01  -9.2710384072115315e-01  -9.5884328199481128e-01  -9.7602375227912364e-01  -9.8498438770383845e-01  -9.8935919740285461e-01  -9.9115145698142182e-01  -9.9141466243337772e-01  -9.9063107472913847e-01  -9.8890327676710266e-01  -9.8601153852515266e-01  -9.8137815424345121e-01  -9.7393159858710643e-01  -9.6186756971520171e-01  -9.4228015221151984e-01  -9.1068602241377650e-01  -8.6055460000875894e-01  -7.8322948496998357e-01  -6.6901840579796401e-01  -5.1048214534716263e-01  -3.0798612967994510e-01  -7.4611486082138856e-02   1.6507734147254954e-01   3.8431904434788500e-01   5.6498685186604081e-01   7.0174164410452733e-01   7.9886648220560519e-01   8.6478200218451862e-01   9.0808437145577570e-01   9.3579853960299186e-01   9.5306170487114217e-01   9.6340388282843736e-01   9.6916619365508594e-01   9.7186678261772985e-01   9.7247392150951761e-01   9.7159212846202592e-01   9.6958305030063574e-01   9.6663450837786402e-01   9.6279203132471003e-01   9.5795078497524033e-01   9.5179827567927122e-01   9.4367482495448707e-01   9.3229585550536309e-01   9.1523055313986101e-01   8.8799366392268342e-01   8.4263657095609679e-01   7.6613057947392127e-01   6.4020966739823426e-01   4.4698307989346758e-01   1.8453333910496716e-01  -1.1632510740821900e-01  -4.0036191277304795e-01  -6.2353399512841490e-01  -7.7501983125924301e-01  -8.6769939834983578e-01  -9.2027138218186444e-01  -9.4792076237238310e-01  -9.6065295508510828e-01  -9.6443021327236622e-01  -9.6260446959951562e-01  -9.5694216374158370e-01  -9.4825744904762754e-01  -9.3676411425133677e-01  -9.2227687396579405e-01  -9.0431888053839127e-01  -8.8219671916691400e-01  -8.5505537263827558e-01  -8.2194833724228145e-01  -7.8192716290485698e-01  -7.3417925555064456e-01  -6.7820951021616771e-01  -6.1407287816563216e-01  -5.4261764801664270e-01  -4.6569430092415010e-01  -3.8623979949776982e-01  -3.0817926511954902e-01  -2.3611935271094731e-01  -1.7491111054146846e-01  -1.2919586431312025e-01  -1.0305133240082964e-01  -9.9742317895854360e-02  -1.2148284632865761e-01  -1.6903527102570196e-01  -2.4105799819086932e-01  -3.3334869907502207e-01  -4.3852154615993433e-01  -5.4681011100062071e-01  -6.4820876334724375e-01  -7.3508660248602709e-01  -8.0382106645148732e-01  -8.5466908169691580e-01  -8.9037877659233799e-01  -9.1459051665573543e-01  -9.3073429527265805e-01
  -9.3753792647276613e-01  -9.4740765446028230e-01  -9.5395426838429720e-01  -9.5836775498446936e-01  -9.6121207921461294e-01  -9.6255798456723796e-01  -9.6200518987538464e-01  -9.5860623060698236e-01  -9.5067395264250476e-01  -9.3547098829870334e-01  -9.0876828150071187e-01  -8.6435460652730789e-01  -7.9374991019641483e-01  -6.8679657162034591e-01  -5.3424464484914491e-01  -3.3320030555258257e-01  -9.3737825820933499e-02   1.5922503424428228e-01   3.9416156387605789e-01   5.8680360976423052e-01   7.2800749110533713e-01   8.2108968150151651e-01   8.7424389584307360e-01   8.9413149225028687e-01   8.8222793662412680e-01   8.3301804679693969e-01   7.3385638768822836e-01   5.6877525783186578e-01   3.3023908017864567e-01   3.6351195557821459e-02  -2.6536594503318128e-01  -5.2309998024974569e-01  -7.1101870277049606e-01  -8.3277518962309682e-01  -9.0566105646644846e-01  -9.4713352501947667e-01  -9.6992044478430572e-01  -9.8204446373957399e-01  -9.8819671677574972e-01  -9.9100021512329683e-01  -9.9185891169263007e-01  -9.9145607609390640e-01  -9.9001296760893298e-01  -9.8739080566987347e-01  -9.8307551563086748e-01  -9.7605809728191173e-01  -9.6459594086896350e-01  -9.4583810854944339e-01  -9.1531535884999560e-01  -8.6640818837453226e-01  -7.9016244213715137e-01  -6.7629324709880856e-01  -5.1654931898963530e-01  -3.1071768378646447e-01  -7.2231632421779324e-02   1.7285837772846235e-01   3.9604578305791915e-01   5.7834785038740422e-01   7.1470566302909055e-01   8.1022899156782857e-01   8.7411532125380520e-01   9.1545051815315825e-01   9.4148790854588549e-01   9.5742666098609308e-01   9.6677907524588558e-01   9.7183742202403600e-01   9.7406795470384822e-01   9.7439352193770845e-01   9.7338666155708731e-01   9.7138941200895956e-01   9.6858872470990198e-01   9.6505368472022723e-01   9.6074630049193233e-01   9.5549388045253258e-01   9.4891673829504120e-01   9.4026636775117323e-01   9.2811604568688300e-01   9.0977570297773891e-01   8.8027911401513581e-01   8.3081363287362509e-01   7.4698786787931759e-01   6.0898924958863976e-01   3.9878276677328750e-01   1.1846094159138831e-01  -1.9315269409698727e-01  -4.7566016501970432e-01  -6.8784291158888822e-01  -8.2534640790248537e-01  -9.0536733610791820e-01  -9.4786937723891040e-01  -9.6770293560698828e-01  -9.7408843916934862e-01  -9.7221617725621490e-01  -9.6477970178990158e-01  -9.5298084343185796e-01  -9.3712150590340748e-01  -9.1692709323097443e-01  -8.9173770727837076e-01  -8.6062785900144734e-01  -8.2251549889437092e-01  -7.7627783457081456e-01  -7.2090478716777562e-01  -6.5568432466289672e-01  -5.8042480327750723e-01  -4.9567837077612154e-01  -4.0293132664177850e-01  -3.0468666084707074e-01  -2.0439059022097533e-01  -1.0617032882333910e-01  -1.4441157800919202e-02   6.6516255254572443e-02   1.3286067530112705e-01   1.8129266019538104e-01   2.0893483569988172e-01   2.1309349484001366e-01   1.9107123732169962e-01   1.4029901879890966e-01   5.9076390154267022e-02  -5.1885128857784180e-02  -1.8745846652280040e-01  -3.3691457993017049e-01  -4.8536272935136715e-01  -6.1816505319444726e-01  -7.2581168099338667e-01  -8.0590451247562545e-01  -8.6159025237786113e-01  -8.9849835404763279e-01  -9.2229971823870105e-01
  -9.2937401806568931e-01  -9.4253622965939765e-01  -9.5072027190477604e-01  -9.5569769964880380e-01  -9.5824923811340512e-01  -9.5838311003677057e-01  -9.5537432967234115e-01  -9.4764252734612220e-01  -9.3247465313795808e-01  -9.0561881475832318e-01  -8.6084147377053366e-01  -7.8974057455876490e-01  -6.8246764997011744e-01  -5.3039088596777273e-01  -3.3131509560696876e-01  -9.5445405316649301e-02   1.5331723561691490e-01   3.8517563187659598e-01   5.7706391609388230e-01   7.1988666055522033e-01   8.1639206238894546e-01   8.7443523415617486e-01   9.0108390865536170e-01   8.9913506273765420e-01   8.6523881191672247e-01   7.8903630994709328e-01   6.5465098508489294e-01   4.4837008677602297e-01   1.7462045036538565e-01  -1.3103760896296079e-01  -4.1424569356980301e-01  -6.3501797377884694e-01  -7.8507724965209280e-01  -8.7775678201180485e-01  -9.3156169960547230e-01  -9.6156592877570812e-01  -9.7778461154690000e-01  -9.8623524022992504e-01  -9.9033761051378422e-01  -9.9195288479832877e-01  -9.9202474418763753e-01  -9.9092856435396648e-01  -9.8862715949906399e-01  -9.8468881822052778e-01  -9.7818703445832411e-01  -9.6747438018678267e-01  -9.4980707379347584e-01  -9.2081617849226838e-01  -8.7391326758730037e-01  -7.9998601772843181e-01  -6.8823427331039344e-01  -5.2946661521601590e-01  -3.2242200856260900e-01  -8.0195703963935577e-02   1.7015691765591295e-01   3.9829697921429286e-01   5.8387693233123494e-01   7.2158650863359819e-01   8.1704723710647231e-01   8.8012522709269148e-01   9.2040939577271197e-01   9.4543625527636821e-01   9.6052954644855149e-01   9.6923448219251451e-01   9.7383509093361442e-01   9.7577292213762334e-01   9.7594644728052016e-01   9.7490689836798627e-01   9.7298433028091380e-01   9.7036345971366278e-01   9.6712889137285596e-01   9.6328172163853476e-01   9.5873657843212279e-01   9.5328599529894820e-01   9.4652097615928832e-01   9.3766196025132675e-01   9.2524035980812824e-01   9.0650187196082699e-01   8.7637790613824507e-01   8.2590232602471714e-01   7.4050059518394018e-01   6.0029038328244433e-01   3.8763733358859181e-01   1.0581517593159778e-01  -2.0500734594587827e-01  -4.8435642488206254e-01  -6.9228990054078143e-01  -8.2564201990107511e-01  -9.0195918432216104e-01  -9.4098283517158321e-01  -9.5715738615769164e-01  -9.5927929374312482e-01  -9.5212335840699458e-01  -9.3795621106886196e-01  -9.1752573804978921e-01  -8.9065153003494846e-01  -8.5657383265943188e-01  -8.1419776356249440e-01  -7.6230333571346276e-01  -6.9977293831909204e-01  -6.2584101719703389e-01  -5.4035886752668327e-01  -4.4402809397279785e-01  -3.3855103911683715e-01  -2.2663158639239128e-01  -1.1179803598975346e-01   1.9428216149722788e-03   1.1054229456327569e-01   2.1033429241181190e-01   2.9833177689918711e-01   3.7232821987620052e-01   4.3078061913234905e-01   4.7251329394129471e-01   4.9629700535625121e-01   5.0037860548735902e-01   4.8204145809005516e-01   4.3735838383226089e-01   3.6145611567767022e-01   2.4985397064013576e-01   1.0140899279997173e-01  -7.7613908149717359e-02  -2.7118353627820879e-01  -4.5686004537963321e-01  -6.1469530248846205e-01  -7.3494652293772900e-01  -8.1878228861918678e-01  -8.7360826365005095e-01  -9.0807656445512042e-01
  -9.1854449174099340e-01  -9.3568128920609539e-01  -9.4570599630120256e-01  -9.5113336314514707e-01  -9.5297478560714255e-01  -9.5106942921490201e-01  -9.4413367845519125e-01  -9.2957340111834486e-01  -9.0311612493678262e-01  -8.5840121597802277e-01  -7.8686540541393368e-01  -6.7862898317620135e-01  -5.2538367265516461e-01  -3.2569328737187048e-01  -9.0566348269897845e-02   1.5601588863615901e-01   3.8519898811306003e-01   5.7518796988803800e-01   7.1762076127473318e-01   8.1533554592313973e-01   8.7612175484254406e-01   9.0733680208513734e-01   9.1274311945592923e-01   8.9077066994298337e-01   8.3339029286475341e-01   7.2618403823500632e-01   5.5257920410329231e-01   3.0630160509011395e-01   8.3131859886845239e-03  -2.9198255350139707e-01  -5.4415642056800406e-01  -7.2552773105996160e-01  -8.4190780875225701e-01  -9.1113547049704113e-01  -9.5037197181036337e-01  -9.7188054569702165e-01  -9.8330407783266516e-01  -9.8907695915122829e-01  -9.9165151930784745e-01  -9.9231061438711543e-01  -9.9162690711734003e-01  -9.8969163051614928e-01  -9.8617246268692660e-01  -9.8024484866349137e-01  -9.7038205058009142e-01  -9.5399381619483559e-01  -9.2688640650794119e-01  -8.8262201095216619e-01  -8.1208154951084710e-01  -7.0407561009290665e-01  -5.4841336216636560e-01  -3.4236382502073659e-01  -9.7937310057395574e-02   1.5740947958181489e-01   3.9148797997346685e-01   5.8203010195484728e-01   7.2287152144558209e-01   8.1979456898826697e-01   8.8323467203007922e-01   9.2331375280312245e-01   9.4792461359851565e-01   9.6258446956744703e-01   9.7092798257140489e-01   9.7526937323636564e-01   9.7705421362051370e-01   9.7717314918523923e-01   9.7616868438728599e-01   9.7436381515908743e-01   9.7194351705230908e-01   9.6899994229562525e-01   9.6555815821217528e-01   9.6158231689893581e-01   9.5696574787541644e-01   9.5149209763941234e-01   9.4475613869411101e-01   9.3600325703044573e-01   9.2382890954799235e-01   9.0562327856662628e-01   8.7662114842788996e-01   8.2845681730244791e-01   7.4760635962709099e-01   6.1559908017976794e-01   4.1556165694615754e-01   1.4870870965892757e-01  -1.5027750889778524e-01  -4.2541343591792019e-01  -6.3587563057997720e-01  -7.7436035336711440e-01  -8.5503890242212477e-01  -8.9611085555264303e-01  -9.1157613619785782e-01  -9.1013235165730244e-01  -8.9644084572502403e-01  -8.7253836474687252e-01  -8.3884404944161284e-01  -7.9483203973293837e-01  -7.3950829242861660e-01  -6.7182396285866774e-01  -5.9107025621279319e-01  -4.9726358298794415e-01  -3.9145298180342425e-01  -2.7587190076108020e-01  -1.5384781658086677e-01  -2.9466995681644681e-02   9.2939516725669469e-02   2.0934060155151213e-01   3.1644628060994862e-01   4.1194558070012266e-01   4.9453026492453522e-01   5.6373617654832242e-01   6.1967415251891533e-01   6.6270230016950171e-01   6.9308049651145365e-01   7.1060570522732780e-01   7.1421530238006881e-01   7.0152820792306469e-01   6.6834586012768094e-01   6.0827792116806423e-01   5.1303890723676182e-01   3.7453339819011183e-01   1.8997168474352971e-01  -3.0999981215992567e-02  -2.6338110991657127e-01  -4.7535602095229090e-01  -6.4398965964068555e-01  -7.6358712711512622e-01  -8.4153343411972181e-01  -8.8966096164867559e-01
  -9.0622317447509548e-01  -9.2773187635447418e-01  -9.3956948375175986e-01  -9.4509750140826410e-01  -9.4550696125200651e-01  -9.4027348784060005e-01  -9.2719577630514838e-01  -9.0212806301394943e-01  -8.5858857558986768e-01  -7.8766671804635613e-01  -6.7903306729506008e-01  -5.2415960753355340e-01  -3.2204489569440309e-01  -8.4835124867473966e-02   1.6239151348773451e-01   3.9066145511108052e-01   5.7905812515766053e-01   7.2027340208743285e-01   8.1778755736812647e-01   8.7968770813424335e-01   9.1367019223614110e-01   9.2424878963569590e-01   9.1128328125406455e-01   8.6887966930208316e-01   7.8473216672797486e-01   6.4188188131761426e-01   4.2707690340158178e-01   1.4716531998770682e-01  -1.5950428062634309e-01  -4.3847563898065034e-01  -6.5259559102467568e-01  -7.9647110288766843e-01  -8.8464767165504399e-01  -9.3558653376285750e-01  -9.6390266800566438e-01  -9.7917204214371834e-01  -9.8709794697873920e-01  -9.9089428322956552e-01  -9.9228076536483534e-01  -9.9208584317118198e-01  -9.9055902444418731e-01  -9.8748895008329729e-01  -9.8216717231021089e-01  -9.7321016880303846e-01  -9.5821436561841178e-01  -9.3322621129283401e-01  -8.9206385481697381e-01  -8.2576050306711224e-01  -7.2290259111596233e-01  -5.7233774040493768e-01  -3.6954077212762576e-01  -1.2469185040225148e-01   1.3510316778317516e-01   3.7593405905479382e-01   5.7307603945640262e-01   7.1883456958574699e-01   8.1874640998390635e-01   8.8369749488753990e-01   9.2438068413029839e-01   9.4912585027962493e-01   9.6372230202558118e-01   9.7195202098207090e-01   9.7620140065811423e-01   9.7794610452664377e-01   9.7808727027463949e-01   9.7716848981888327e-01   9.7551273601120925e-01   9.7330551069637194e-01   9.7064451002348850e-01   9.6756828123672900e-01   9.6406983197721940e-01   9.6009674388957844e-01   9.5553730107014068e-01   9.5018544718027331e-01   9.4366807155230858e-01   9.3530444019392778e-01   9.2384395133649400e-01   9.0699504447663770e-01   8.8062820281460419e-01   8.3758568406867573e-01   7.6638620477404373e-01   6.5123712263319833e-01   4.7674396409778091e-01   2.4048511660485836e-01  -3.3116701282490835e-02  -2.9752975706696050e-01  -5.1166066364423723e-01  -6.6062202837843897e-01  -7.5146241069199493e-01  -7.9875398157960043e-01  -8.1537128536040493e-01  -8.0989436064611797e-01  -7.8707665590663800e-01  -7.4901804966392183e-01  -6.9622518402827638e-01  -6.2847037218136137e-01  -5.4550891254473188e-01  -4.4770750976865226e-01  -3.3653139838975155e-01  -2.1479103787377685e-01  -8.6534338137840838e-02   4.3416161850237944e-02   1.7015823254466272e-01   2.8940422625229678e-01   3.9797355586844585e-01   4.9397722101760344e-01   5.7672793522459564e-01   6.4647323298903581e-01   7.0406989218498361e-01   7.5067273322748473e-01   7.8747580351783963e-01   8.1549973007235033e-01   8.3540561528362023e-01   8.4729480110347044e-01   8.5044786203999034e-01   8.4293823038683779e-01   8.2106108378492004e-01   7.7857958875149413e-01   7.0606046423421764e-01   5.9127877661145833e-01   4.2282241164828982e-01   1.9895591516529942e-01  -6.1720384494922453e-02  -3.2083510797377651e-01  -5.3960183427184449e-01  -6.9958415449262179e-01  -8.0453143506635327e-01  -8.6863641453721085e-01
  -8.9360913595025426e-01  -9.1942237968171736e-01  -9.3274224692045027e-01  -9.3775698194906076e-01  -9.3568326377636923e-01  -9.2531664977459727e-01  -9.0303098651486580e-01  -8.6245312795075180e-01  -7.9431100266775323e-01  -6.8742442353934941e-01  -5.3221564549689138e-01  -3.2721537370425402e-01  -8.5469559475525481e-02   1.6597301024026057e-01   3.9659144048844697e-01   5.8538385915747893e-01   7.2599462987461183e-01   8.2294454326881161e-01   8.8503630966469382e-01   9.2049718938843417e-01   9.3452950716743355e-01   9.2816358693272560e-01   8.9736313062227713e-01   8.3210901897935452e-01   7.1662421755170591e-01   5.3414287437943697e-01   2.8011334579133318e-01  -2.1395563605041953e-02  -3.1937555235335030e-01  -5.6528196444787260e-01  -7.3976931906060117e-01  -8.5068849184540085e-01  -9.1626863592808572e-01  -9.5329160056687090e-01  -9.7352699248691987e-01  -9.8423526523189797e-01  -9.8959575215395101e-01  -9.9189190738607169e-01  -9.9227955843058402e-01  -9.9120757359311029e-01  -9.8860754890363245e-01  -9.8390264955334628e-01  -9.7586691712308582e-01  -9.6230849316716260e-01  -9.3956070538927638e-01  -9.0178748778844720e-01  -8.4032311328701825e-01  -7.4372737189635840e-01  -6.0002119461771053e-01  -4.0271198308630513e-01  -1.5947160293025248e-01   1.0382695437477943e-01   3.5190635636627499e-01   5.5714229203129706e-01   7.0958033008001209e-01   8.1402044635664872e-01   8.8163823427439181e-01   9.2372521565693722e-01   9.4913557109154312e-01   9.6401468350205088e-01   9.7235527337472405e-01   9.7665886431134497e-01   9.7845912422484216e-01   9.7868501050720491e-01   9.7789184892191128e-01   9.7640822018398543e-01   9.7442229859460405e-01   9.7203663375828442e-01   9.6929800889168427e-01   9.6621553721144515e-01   9.6276563491281952e-01   9.5889176764794593e-01   9.5448945568798982e-01   9.4937678808329595e-01   9.4323182395132443e-01   9.3547995804448059e-01   9.2508346257737206e-01   9.1017600090694462e-01   8.8745503301502593e-01   8.5129846605325388e-01   7.9279899572369761e-01   6.9963721705579585e-01   5.5894923777991878e-01   3.6554758782663554e-01   1.3272777992771267e-01  -1.0639670368196807e-01  -3.1490454257600464e-01  -4.7112576537773160e-01  -5.7253150836034217e-01  -6.2725588733987647e-01  -6.4535215862373640e-01  -6.3467658493852697e-01  -6.0019052000247619e-01  -5.4467117680657817e-01  -4.6976456912043235e-01  -3.7699712280858311e-01  -2.6859792620712108e-01  -1.4799693613805609e-01  -1.9871076029606749e-02   1.1029484622048474e-01   2.3698378349221827e-01   3.5546934785195278e-01   4.6239408122493220e-01   5.5595942531624742e-01   6.3576414326405029e-01   7.0244223833994934e-01   7.5725667052075574e-01   8.0175230802504482e-01   8.3750371680042013e-01   8.6595267862522174e-01   8.8830786831058750e-01   9.0547762419365174e-01   9.1800296262190373e-01   9.2595927066687156e-01   9.2878131335109471e-01   9.2495174440489936e-01   9.1146154719475136e-01   8.8295133006467874e-01   8.3055225856669024e-01   7.4098354180096537e-01   5.9784570786764890e-01   3.8889861882801613e-01   1.2080537981045048e-01  -1.7029944783377610e-01  -4.3311558731632244e-01  -6.3305455248566589e-01  -7.6610185209369219e-01  -8.4701322423289438e-01
  -8.8202725974862162e-01  -9.1145837286085529e-01  -9.2557023141828887e-01  -9.2918104659031209e-01  -9.2324412176972559e-01  -9.0542467648267133e-01  -8.7003057647856441e-01  -8.0777365642027843e-01  -7.0649626752718353e-01  -5.5463278775835034e-01  -3.4860906235316008e-01  -1.0108524099097055e-01   1.5856006893032548e-01   3.9641269334438656e-01   5.8958806710523781e-01   7.3197187643039907e-01   8.2930660543379608e-01   8.9156708745512159e-01   9.2784626367581824e-01   9.4412859380820569e-01   9.4248042519817254e-01   9.2045944052160411e-01   8.7024076115195703e-01   7.7804509081709172e-01   6.2626515755263734e-01   4.0262998512644038e-01   1.1688508792901320e-01  -1.8984145258329310e-01  -4.6353461060295281e-01  -6.7031722990010167e-01  -8.0770169601873132e-01  -8.9127942625771750e-01  -9.3933361315800812e-01  -9.6595660983752762e-01  -9.8026286314606503e-01  -9.8763611501113324e-01  -9.9108212735809820e-01  -9.9217460675281122e-01  -9.9161498946212179e-01  -9.8950374336636737e-01  -9.8541233983145515e-01  -9.7828140683562981e-01  -9.6614687874048366e-01  -9.4565801788011927e-01  -9.1139268571272281e-01  -8.5511464014350047e-01  -7.6556641013791737e-01  -6.3016276652230996e-01  -4.4044780516507220e-01  -2.0105539777911424e-01   6.4332132409778808e-02   3.1970100880380659e-01   5.3427255949690733e-01   6.9508484058427777e-01   8.0560704416317175e-01   8.7707401598211310e-01   9.2137820094351675e-01   9.4798543616369013e-01   9.6348519191911830e-01   9.7215015220631784e-01   9.7664204867697657e-01   9.7858319072516720e-01   9.7894733476339812e-01   9.7831340426529145e-01   9.7702032929820692e-01   9.7526288669921668e-01   9.7314755120102781e-01   9.7072735374504027e-01   9.6801954060638695e-01   9.6501725907430791e-01   9.6169176107360743e-01   9.5798986610995729e-01   9.5382118490790457e-01   9.4903486894914968e-01   9.4337145939075406e-01   9.3637713107568632e-01   9.2724877885490598e-01   9.1457298979660417e-01   8.9590697131548280e-01   8.6718856468016847e-01   8.2210308133132948e-01   7.5194192978105745e-01   6.4715206726729324e-01   5.0200942330409293e-01   3.2164555292351271e-01   1.2565055855920554e-01  -5.8281133287102771e-02  -2.0715055780796487e-01  -3.1038576262096179e-01  -3.6818462685135495e-01  -3.8583945774277278e-01  -3.6943233906744283e-01  -3.2414107643679035e-01  -2.5425122032781061e-01  -1.6384366518916188e-01  -5.7494848042608515e-02   5.9382942082736145e-02   1.8072331147092302e-01   3.0043931213286568e-01   4.1323545634440939e-01   5.1525669029237997e-01   6.0435127876844130e-01   6.7993515081584466e-01   7.4260365132049255e-01   7.9367514394958327e-01   8.3479460757902380e-01   8.6765204627944992e-01   8.9381157098686570e-01   9.1462678501348660e-01   9.3120734827596940e-01   9.4441215507439846e-01   9.5484289471943784e-01   9.6282326233154891e-01   9.6833725440029950e-01   9.7089908747401799e-01   9.6929323130786316e-01   9.6109759740946987e-01   9.4184777664118269e-01   9.0372991472104969e-01   8.3398970928005589e-01   7.1446246016352510e-01   5.2622423500793403e-01   2.6442221723409509e-01  -4.2803779105889048e-02  -3.3826168937775208e-01  -5.7233997283389493e-01  -7.3088555590562576e-01  -8.2727932279591987e-01
  -8.7281235541832236e-01  -9.0451812209439564e-01  -9.1838419252162562e-01  -9.1946933449389590e-01  -9.0803797303917999e-01  -8.8006650500377903e-01  -8.2710830168528493e-01  -7.3653692141275473e-01  -5.9431945230653060e-01  -3.9267991787215173e-01  -1.4101732144780632e-01   1.3011072235306931e-01   3.8151480015329853e-01   5.8543441430521748e-01   7.3421115375139578e-01   8.3457077315532813e-01   8.9812527888445448e-01   9.3533799919606486e-01   9.5324722144932816e-01   9.5497382651222262e-01   9.3948001652385238e-01   9.0093458361049594e-01   8.2784672529777792e-01   7.0352725422443352e-01   5.1155878591223636e-01   2.4975557898706174e-01  -5.4391975421793276e-02  -3.4869284587036736e-01  -5.8718547254051501e-01  -7.5413492802588200e-01  -8.5931255785306027e-01  -9.2114928580922206e-01  -9.5593039308149652e-01  -9.7487806787101894e-01  -9.8485048061413649e-01  -9.8976332441600234e-01  -9.9172542405420072e-01  -9.9175474892353332e-01  -9.9015705486272476e-01  -9.8666793775792005e-01  -9.8040408298922976e-01  -9.6963405792729007e-01  -9.5133926950419934e-01  -9.2055232161581357e-01  -8.6956918883906731e-01  -7.8751114845505343e-01  -6.6146863441107873e-01  -4.8120022797842760e-01  -2.4799588637655617e-01   1.7593362680702607e-02   2.7972376980050850e-01   5.0449721769279554e-01   6.7524177077345571e-01   7.9340016556224524e-01   8.6993673520584425e-01   9.1730503670935082e-01   9.4565777945679286e-01   9.6212136774682477e-01   9.7132120925459364e-01   9.7613052918525811e-01   9.7829157972256975e-01   9.7884301237603244e-01   9.7839806012421515e-01   9.7731285768715614e-01   9.7579122447416966e-01   9.7394462323395814e-01   9.7183030962650596e-01   9.6947082296651554e-01   9.6686838027507893e-01   9.6400846369029392e-01   9.6086302036116078e-01   9.5738573798419402e-01   9.5350512788511688e-01   9.4910381468523120e-01   9.4398639137847251e-01   9.3781675095465711e-01   9.3001578536670981e-01   9.1958739797124611e-01   9.0485779327331040e-01   8.8311931261037857e-01   8.5027339012125758e-01   8.0075188641853789e-01   7.2832697752206321e-01   6.2852436305089499e-01   5.0252589761009836e-01   3.6024376007596548e-01   2.1897904592139050e-01   9.7186891108240414e-02   7.9722820664143157e-03  -4.3194566215080610e-02  -5.6795904823563448e-02  -3.6548403273336416e-02   1.2431448081134500e-02   8.4344814614274788e-02   1.7287084989995372e-01   2.7131382537799698e-01   3.7302300415393652e-01   4.7203096615345025e-01   5.6368165197708686e-01   6.4498307926372334e-01   7.1459827229866157e-01   7.7253378456137722e-01   8.1970453035272928e-01   8.5750566275674822e-01   8.8749029145352343e-01   9.1115480294750040e-01   9.2983257410452147e-01   9.4464628791882466e-01   9.5650907258313245e-01   9.6613172769840738e-01   9.7404269170299340e-01   9.8058761279530438e-01   9.8592146751871335e-01   9.8995277174955287e-01   9.9223875356337943e-01   9.9175308090083025e-01   9.8646492318606138e-01   9.7254938336282659e-01   9.4307777362582335e-01   8.8613948260865993e-01   7.8338159775341243e-01   6.1257946521765905e-01   3.6096126402525419e-01   4.8290521579364643e-02  -2.6743719061558102e-01  -5.2597608465208467e-01  -7.0382812367021863e-01  -8.1205160417664612e-01
  -8.6707922087140366e-01  -8.9918502489745467e-01  -9.1152527734229194e-01  -9.0885414774696505e-01  -8.9023762663724526e-01  -8.4937716050524659e-01  -7.7451949082420035e-01  -6.4990712546643081e-01  -4.6221045798330018e-01  -2.1333361256596378e-01   6.9187208656440458e-02   3.4063109279318787e-01   5.6417747879506563e-01   7.2690408410997809e-01   8.3525410837288172e-01   9.0280378419499308e-01   9.4208174946097167e-01   9.6169567677022849e-01   9.6602660149802100e-01   9.5538579207242291e-01   9.2572944990656292e-01   8.6784520755280725e-01   7.6692377347472895e-01   6.0524881409249720e-01   3.7228492929862544e-01   8.1335111579120267e-02  -2.2382265728643441e-01  -4.9048480200079553e-01  -6.8871722298483085e-01  -8.1898680843278893e-01  -8.9770787302619315e-01  -9.4278786219449329e-01  -9.6768986158515402e-01  -9.8101719657030739e-01  -9.8781431656041030e-01  -9.9086680824742612e-01  -9.9159212317204271e-01  -9.9054602535737024e-01  -9.8764980327983554e-01  -9.8220347107016481e-01  -9.7270862933171531e-01  -9.5648022579759473e-01  -9.2902437257261328e-01  -8.8323695578787886e-01  -8.0878593425706224e-01  -6.9273960474858409e-01  -5.2339746873126936e-01  -2.9866228200416700e-01  -3.5156107476028764e-02   2.3257300034338169e-01   4.6790942874818953e-01   6.4991459293594400e-01   7.7722685070356956e-01   8.6009059260021536e-01   9.1141340930468373e-01   9.4208900832515230e-01   9.5987361637691049e-01   9.6982329195524164e-01   9.7507882383969258e-01   9.7753654094446873e-01   9.7832235741080376e-01   9.7809521250743592e-01   9.7723616369416266e-01   9.7596019559415370e-01   9.7438568658687530e-01   9.7257246230211747e-01   9.7054743540246324e-01   9.6831632156216385e-01   9.6587271588542400e-01   9.6320006861977780e-01   9.6027440551424537e-01   9.5705934235280088e-01   9.5350165530826936e-01   9.4951664741339470e-01   9.4496760081056985e-01   9.3962357471380842e-01   9.3309582417906645e-01   9.2473176336807206e-01   9.1346730823296096e-01   8.9763508356994126e-01   8.7479367832177624e-01   8.4171811573258548e-01   7.9484222590574727e-01   7.3145872731116679e-01   6.5167422627936289e-01   5.6024525543043247e-01   4.6672799007916571e-01   3.8307446465906514e-01   3.1991551858790490e-01   2.8383458533703015e-01   2.7675780882863221e-01   2.9682076896433185e-01   3.3963020420712758e-01   3.9933837481869638e-01   4.6951289714153743e-01   5.4389950901409923e-01   6.1710478452405593e-01   6.8507594343316236e-01   7.4529392155666652e-01   7.9665659330961636e-01   8.3916917558477155e-01   8.7355390037879321e-01   9.0090676531649883e-01   9.2243320743364587e-01   9.3929291628748368e-01   9.5251130082060043e-01   9.6295563219439151e-01   9.7132782610096802e-01   9.7818426307279349e-01   9.8394465291571853e-01   9.8891130030342433e-01   9.9326233981879686e-01   9.9704289565428694e-01   1.0001075964230508e+00   1.0020248284245390e+00   1.0018570448494464e+00   9.9776846326944879e-01   9.8626545181510383e-01   9.6090552468415291e-01   9.1031777361378308e-01   8.1630131642245973e-01   6.5530087674819626e-01   4.1055268533544126e-01   9.6698630251683182e-02  -2.2895581071338789e-01  -5.0060158369898411e-01  -6.8901089064036647e-01  -8.0351704619359576e-01
  -8.6547308380579224e-01  -8.9586554315404343e-01  -9.0535918439696494e-01  -8.9780340157121630e-01  -8.7057420710447608e-01  -8.1462698250727750e-01  -7.1470927882213231e-01  -5.5301286636935443e-01  -3.2072159880176676e-01  -3.4692308257430138e-02   2.5966763781147040e-01   5.1316096494902130e-01   7.0103589622655216e-01   8.2575154944860607e-01   9.0239467417530772e-01   9.4638424073879968e-01   9.6873731739850988e-01   9.7558626912990232e-01   9.6872917770007005e-01   9.4579407879721733e-01   8.9970369124420324e-01   8.1792437105205518e-01   6.8336311157938301e-01   4.8076864320561152e-01   2.1130813087672473e-01  -9.3759503258509680e-02  -3.8190433489826203e-01  -6.1090184155237848e-01  -7.6906327024083976e-01  -8.6790184910216595e-01  -9.2575632183793921e-01  -9.5821504568198812e-01  -9.7585109967794392e-01  -9.8507235494189049e-01  -9.8950896485822859e-01  -9.9107903460710822e-01  -9.9064571252446920e-01  -9.8834283094019959e-01  -9.8366342840899090e-01  -9.7533869617166902e-01  -9.6100916559169902e-01  -9.3665224652729639e-01  -8.9579768647475133e-01  -8.2878514369360823e-01  -7.2294776029226027e-01  -5.6554758079154244e-01  -3.5132096458828027e-01  -9.2423307868698845e-02   1.7911245242209672e-01   4.2475374059528370e-01   6.1900257370140244e-01   7.5688654698426816e-01   8.4735308171145762e-01   9.0356440055766862e-01   9.3717614969804042e-01   9.5665877439156621e-01   9.6758239720992545e-01   9.7341396440921124e-01   9.7624473143850499e-01   9.7731063387956407e-01   9.7733158821560884e-01   9.7671920239394117e-01   9.7570451205096886e-01   9.7441203193710557e-01   9.7290533518742950e-01   9.7121218189370806e-01   9.6934081390579874e-01   9.6728729431201133e-01   9.6504201164612902e-01   9.6258989651234217e-01   9.5991195086131920e-01   9.5698220697624714e-01   9.5376514418034397e-01   9.5020550073076882e-01   9.4621555439810345e-01   9.4164944005805695e-01   9.3626676272257403e-01   9.2967313071167812e-01   9.2124373595776188e-01   9.1003139154915402e-01   8.9470116745596739e-01   8.7355926909164916e-01   8.4480763727874275e-01   8.0713821180444179e-01   7.6065794477111837e-01   7.0779754586210708e-01   6.5357689920646012e-01   6.0473000671865940e-01   5.6792513240362263e-01   5.4796154596651303e-01   5.4677526466949700e-01   5.6342940956414944e-01   5.9478191364953603e-01   6.3641571266238206e-01   6.8357085708787246e-01   7.3190796484830611e-01   7.7802092989821059e-01   8.1964769255594705e-01   8.5562773436183759e-01   8.8568119764609421e-01   9.1013125465628697e-01   9.2963668775150543e-01   9.4499468803042141e-01   9.5700412328467266e-01   9.6639641622084094e-01   9.7379805593573709e-01   9.7972900606716762e-01   9.8460373479124641e-01   9.8874769737064927e-01   9.9240054491891083e-01   9.9572616454456475e-01   9.9879986500075701e-01   1.0015927239337508e+00   1.0039111970142878e+00   1.0052973701265870e+00   1.0048086013012552e+00   1.0006225417695063e+00   9.8927527261563020e-01   9.6435764361853615e-01   9.1450355952987472e-01   8.2140716078220788e-01   6.6117010051289438e-01   4.1642076497505254e-01   1.0136753882007166e-01  -2.2623716179518011e-01  -4.9951309693437795e-01  -6.8860327685252365e-01  -8.0287381525450463e-01
  -8.6803500309816695e-01  -8.9473897469130459e-01  -9.0027443284078079e-01  -8.8707231450707369e-01  -8.5047628951953647e-01  -7.7851229779170639e-01  -6.5274179163545298e-01  -4.5505991438271876e-01  -1.8477653221891932e-01   1.2438364219098064e-01   4.1475658040984476e-01   6.4205134381658535e-01   7.9633443294822537e-01   8.9108452988430820e-01   9.4498140896246563e-01   9.7265591060161827e-01   9.8291661245563811e-01   9.7950307874428633e-01   9.6178895612885229e-01   9.2470299333437334e-01   8.5805296822851396e-01   7.4646356707294226e-01   5.7293511474980552e-01   3.2993167439551130e-01   3.5267561683566706e-02  -2.6512408563212542e-01  -5.2145094399743508e-01  -7.0881775418869197e-01  -8.3071532434157436e-01  -9.0400892819626510e-01  -9.4589348436236864e-01  -9.6900277772365051e-01  -9.8133025274583463e-01  -9.8753277572784526e-01  -9.9015041572868123e-01  -9.9042253966896887e-01  -9.8873221185343341e-01  -9.8477752567497623e-01  -9.7751653394605098e-01  -9.6489971477990699e-01  -9.4335873258959213e-01  -9.0705937431630712e-01  -8.4709054750725987e-01  -7.5129105238418559e-01  -6.0634044037761015e-01  -4.0424907458355774e-01  -1.5250639038478736e-01   1.2051120148567773e-01   3.7551071476493503e-01   5.8251317915980749e-01   7.3219727870078999e-01   8.3151775989495436e-01   8.9358369922651482e-01   9.3077729246897756e-01   9.5235481299762981e-01   9.6448214349731665e-01   9.7101948850884723e-01   9.7429628859939710e-01   9.7568740248594577e-01   9.7598752331489302e-01   9.7564825835415747e-01   9.7491823238831188e-01   9.7393009757474269e-01   9.7274827495711025e-01   9.7140114967693125e-01   9.6989542471942403e-01   9.6822872067103560e-01   9.6639235216831698e-01   9.6437636168578511e-01   9.6216836816522744e-01   9.5975631949841933e-01   9.5712421307811302e-01   9.5425204648326123e-01   9.5110841065238605e-01   9.4764506571527818e-01   9.4378040449656897e-01   9.3938152239829087e-01   9.3423198921018646e-01   9.2799805053911466e-01   9.2018865850771936e-01   9.1014069831863753e-01   8.9705392649268179e-01   8.8013913506864605e-01   8.5890773509011065e-01   8.3359294516104165e-01   8.0554508238094835e-01   7.7736111790626561e-01   7.5252053713690736e-01   7.3457349360629021e-01   7.2619254364384922e-01   7.2851246432649786e-01   7.4097274087266751e-01   7.6164046168302124e-01   7.8779548542052469e-01   8.1656520458377191e-01   8.4542277499336993e-01   8.7248276308476502e-01   8.9657621354296724e-01   9.1717834685480548e-01   9.3424657401880051e-01   9.4805280563605199e-01   9.5903014913042806e-01   9.6766982711124316e-01   9.7444803196595964e-01   9.7979586490941994e-01   9.8407962266573312e-01   9.8760465807666420e-01   9.9061251964063812e-01   9.9329186120099699e-01   9.9577430596946248e-01   9.9813878845715176e-01   1.0003915951159843e+00   1.0024440567307160e+00   1.0040424790894269e+00   1.0046561069756823e+00   1.0032366442447807e+00   9.9779271104913414e-01   9.8458274409675783e-01   9.5676151118151809e-01   9.0237068918045649e-01   8.0259564791425153e-01   6.3393255196572729e-01   3.8159832773429575e-01   6.4247149564757244e-02  -2.5826907985596109e-01  -5.2223632470414105e-01  -7.0238699112896408e-01  -8.1004709978745781e-01
  -8.7422567752148916e-01  -8.9575852669164424e-01  -8.9667222092221011e-01  -8.7768033063399198e-01  -8.3203445009600407e-01  -7.4505672050994198e-01  -5.9590020224490559e-01  -3.6785708360302449e-01  -6.9969462284447059e-02   2.4947564559102470e-01   5.2769042317768311e-01   7.2968494625847680e-01   8.5768241819248980e-01   9.3125013594269146e-01   9.6968768620428891e-01   9.8596830907865185e-01   9.8675579285600867e-01   9.7359727999552514e-01   9.4346722367728886e-01   8.8847139504075456e-01   7.9545805020533666e-01   6.4773265318866702e-01   4.3266830470615569e-01   1.5638751674982743e-01  -1.4587979763105369e-01  -4.2304081661787934e-01  -6.3859087313214580e-01  -7.8553954448247620e-01  -8.7681299002752544e-01  -9.3014825313400329e-01  -9.6008174482681363e-01  -9.7634160536431713e-01  -9.8478967054977973e-01  -9.8872049074533686e-01  -9.8983140575976791e-01  -9.8879945594030783e-01  -9.8554527058314512e-01  -9.7925217090376682e-01  -9.6816250148865268e-01  -9.4913438372667236e-01  -9.1694717016507510e-01  -8.6346952856461767e-01  -7.7722264045941980e-01  -6.4473270544215922e-01  -4.5586515948382611e-01  -2.1359935727510404e-01   5.8235563122278400e-02   3.2096404397997069e-01   5.4064566424216576e-01   7.0305710326493742e-01   8.1239447138221332e-01   8.8128143992576868e-01   9.2272099059924417e-01   9.4679797408454702e-01   9.6035574333129847e-01   9.6771696287244291e-01   9.7150123373315922e-01   9.7325288208003902e-01   9.7386162087616501e-01   9.7382660913956398e-01   9.7341832549733609e-01   9.7277458147533891e-01   9.7195942160473758e-01   9.7099647993402771e-01   9.6988938485426424e-01   9.6863214762820815e-01   9.6721591036734222e-01   9.6563087205911913e-01   9.6386912400782665e-01   9.6192336799381184e-01   9.5978781149476111e-01   9.5745622831900812e-01   9.5492196265121798e-01   9.5217337496504317e-01   9.4919093793002807e-01   9.4593869903205652e-01   9.4235600463071534e-01   9.3834195141290233e-01   9.3374168801805135e-01   9.2833162867623187e-01   9.2182222035223793e-01   9.1388605999212980e-01   9.0423940441696526e-01   8.9277831012393549e-01   8.7976045511937606e-01   8.6595820120936950e-01   8.5269258028438932e-01   8.4165606521303715e-01   8.3454435964284035e-01   8.3261159019136222e-01   8.3634154506720959e-01   8.4535053620248668e-01   8.5854472900658396e-01   8.7442804167963273e-01   8.9144719449849874e-01   9.0825753920279950e-01   9.2387612799099628e-01   9.3771082880632339e-01   9.4951578171014384e-01   9.5929901941886853e-01   9.6723310615174873e-01   9.7357228720384559e-01   9.7860133926165827e-01   9.8259564971861679e-01   9.8580685249001809e-01   9.8844890638874050e-01   9.9070139480614738e-01   9.9270462702835238e-01   9.9456595804033143e-01   9.9635090189286624e-01   9.9808061499571643e-01   9.9970517512413271e-01   1.0010705350285150e+00   1.0018341248816858e+00   1.0013271004089908e+00   9.9827476021172634e-01   9.9030638086499889e-01   9.7306266687906817e-01   9.3876218461522298e-01   8.7428046256047098e-01   7.6007971089755033e-01   5.7425646299393063e-01   3.0823648515293423e-01  -1.0620912960735363e-02  -3.2029128613516317e-01  -5.6489091437231664e-01  -7.2792086285986246e-01  -8.2375521264987739e-01
  -8.8310777181116951e-01  -8.9870072883404017e-01  -8.9492182141038268e-01  -8.7076256053532941e-01  -8.1767936233316396e-01  -7.1895161792151929e-01  -5.5234014260551834e-01  -3.0330992680370383e-01   1.0745157532971228e-02   3.3205043510499249e-01   5.9758811476379314e-01   7.8080364567075522e-01   8.9141315854301428e-01   9.5152641242208813e-01   9.7982344820312084e-01   9.8761534564049824e-01   9.7967542677443675e-01   9.5545927845213607e-01   9.0944338806325742e-01   8.3091465816776633e-01   7.0471979485398684e-01   5.1616862421530219e-01   2.6291779617947375e-01  -3.1551718801282047e-02  -3.2066798846719785e-01  -5.6043937831127444e-01  -7.3265410932923514e-01  -8.4379169337144155e-01  -9.1050842085950900e-01  -9.4870688561847571e-01  -9.6984053402675507e-01  -9.8110752172629412e-01  -9.8668459503683348e-01  -9.8881422510055794e-01  -9.8851963000122889e-01  -9.8596661048055190e-01  -9.8056620186732146e-01  -9.7083457644338256e-01  -9.5402340861856927e-01  -9.2548510507609127e-01  -8.7785879473536033e-01  -8.0045448277691533e-01  -6.8000415736609499e-01  -5.0485714707470408e-01  -2.7394145145609006e-01  -6.0277199369959122e-03   2.6222746267281627e-01   4.9386551865549944e-01   6.6951713937095580e-01   7.8985885628400654e-01   8.6648390954735488e-01   9.1282032509402278e-01   9.3978557684420894e-01   9.5497068420943287e-01   9.6323509263675355e-01   9.6754740028574049e-01   9.6966293531708070e-01   9.7059139476528755e-01   9.7089169322620750e-01   9.7085755547531338e-01   9.7062836722665269e-01   9.7026005393889569e-01   9.6976418351663829e-01   9.6913344982227245e-01   9.6835343319497391e-01   9.6741045128855563e-01   9.6629315343480005e-01   9.6499465667337880e-01   9.6351075679888187e-01   9.6184100364104153e-01   9.5998705747410074e-01   9.5795276495715109e-01   9.5574210481666511e-01   9.5335906475336007e-01   9.5080472263268434e-01   9.4807472179345220e-01   9.4515382122640590e-01   9.4201095379383437e-01   9.3859300046288074e-01   9.3482249658424299e-01   9.3060166493724727e-01   9.2583177082725543e-01   9.2045256696822664e-01   9.1450410725151454e-01   9.0819781546892342e-01   9.0196908184462321e-01   8.9647220510672743e-01   8.9248977130148610e-01   8.9076487227160950e-01   8.9180898201609371e-01   8.9576002810950595e-01   9.0234528863710639e-01   9.1095813684439930e-01   9.2080875629609538e-01   9.3109130095862780e-01   9.4111520281640326e-01   9.5037867072159332e-01   9.5858306301353269e-01   9.6560850977968293e-01   9.7146858444511863e-01   9.7626453351128284e-01   9.8014374899651235e-01   9.8327076175155170e-01   9.8580626746319022e-01   9.8789769783276127e-01   9.8967247994908614e-01   9.9123711206409448e-01   9.9267324408527879e-01   9.9403599145876020e-01   9.9534471036560868e-01   9.9657013319369070e-01   9.9760301783947880e-01   9.9820130867447876e-01   9.9788600662840543e-01   9.9575706958328924e-01   9.9015338456222046e-01   9.7805703364394037e-01   9.5408465535714015e-01   9.0898709889068363e-01   8.2804555176061079e-01   6.9137566964586972e-01   4.8101470576168398e-01   1.9883418844474487e-01  -1.1671591716719149e-01  -4.0444224732129153e-01  -6.2117129666216675e-01  -7.6127885122247752e-01  -8.4191744355794662e-01
  -8.9359104202112083e-01  -9.0323366999265853e-01  -8.9529187848054459e-01  -8.6732640195793720e-01  -8.0963036580011627e-01  -7.0445894289325861e-01  -5.2920036778993029e-01  -2.7101304762954936e-01   4.8327851455865711e-02   3.6743148800036785e-01   6.2473405823246586e-01   7.9810361475857317e-01   9.0008110260280150e-01   9.5311788330224090e-01   9.7495265446347057e-01   9.7550946520755644e-01   9.5788218147625970e-01   9.1943004067916678e-01   8.5212173676214520e-01   7.4308222882018449e-01   5.7774800824286043e-01   3.4882726320359980e-01   6.9577155597447093e-02  -2.2162483257287158e-01  -4.7870299252874554e-01  -6.7382697527477520e-01  -8.0532734760230451e-01  -8.8682941132205761e-01  -9.3461801040243231e-01  -9.6159388710326155e-01  -9.7631532347884131e-01  -9.8392774303911745e-01  -9.8730238089756728e-01  -9.8785884367278520e-01  -9.8603875433769494e-01  -9.8148344172355273e-01  -9.7297077234137763e-01  -9.5810842008045993e-01  -9.3277481786477034e-01  -8.9033711980644958e-01  -8.2093897483899914e-01  -7.1177931961591745e-01  -5.5028611340403666e-01  -3.3199023149423762e-01  -7.0518634266779567e-02   2.0070445492072631e-01   4.4295161945340700e-01   6.3185605164012837e-01   7.6392168442553054e-01   8.4908899660524928e-01   9.0091607839028054e-01   9.3110251625993257e-01   9.4803528104846324e-01   9.5718785999481570e-01   9.6194773459326866e-01   9.6433991807380814e-01   9.6553218632414683e-01   9.6616594177842297e-01   9.6656229922708126e-01   9.6685634206944515e-01   9.6707948181881997e-01   9.6721409228223121e-01   9.6722404336098688e-01   9.6707420262983745e-01   9.6673639399025557e-01   9.6619359287184381e-01   9.6543719664528016e-01   9.6446682264886441e-01   9.6328699704578225e-01   9.6190683391049969e-01   9.6033719855232869e-01   9.5859184258930163e-01   9.5668549338501940e-01   9.5463455034294509e-01   9.5245479487696616e-01   9.5016175102885558e-01   9.4776777804031154e-01   9.4528137211078533e-01   9.4270407931293021e-01   9.4003158440245094e-01   9.3725627196969552e-01   9.3437847636979021e-01   9.3142326071283366e-01   9.2846613150125157e-01   9.2565684467901577e-01   9.2323360795981368e-01   9.2150922347757203e-01   9.2082556873469046e-01   9.2147861625446970e-01   9.2363984662085752e-01   9.2730041983568667e-01   9.3226359868083142e-01   9.3818418715371021e-01   9.4464119213953857e-01   9.5121478907204260e-01   9.5754874536696077e-01   9.6338422821744485e-01   9.6856827176674509e-01   9.7304138624445136e-01   9.7681614522202675e-01   9.7995207929041572e-01   9.8253522140698357e-01   9.8466193067424856e-01   9.8642871870615068e-01   9.8792451707329121e-01   9.8922649002187235e-01   9.9039616193325397e-01   9.9147622787853806e-01   9.9248357580181135e-01   9.9339730669614312e-01   9.9413479876870958e-01   9.9450931551058441e-01   9.9415157791182929e-01   9.9237020562625544e-01   9.8790138784346504e-01   9.7847305036204035e-01   9.6006915371129831e-01   9.2579205766813022e-01   8.6442402881264258e-01   7.5963150697031689e-01   5.9271773020485852e-01   3.5355853996739484e-01   5.8448850273533193e-02  -2.4439944356575105e-01  -5.0073892740763803e-01  -6.8372380756725859e-01  -7.9804711034138220e-01  -8.6219910056067695e-01
  -9.0466758094345157e-01  -9.0897841238408861e-01  -8.9786663392304533e-01  -8.6796704485645471e-01  -8.0925748745008663e-01  -7.0419065570439277e-01  -5.3075495082960189e-01  -2.7656508432983651e-01   3.7403294429653011e-02   3.5192084114532490e-01   6.0687201990105399e-01   7.7954320593551563e-01   8.8095521805743771e-01   9.3222845262358223e-01   9.5004622489343304e-01   9.4319437735552047e-01   9.1323494383610493e-01   8.5552983676707894e-01   7.6012686411086872e-01   6.1414720459335326e-01   4.0842320251216313e-01   1.4896144507986753e-01  -1.3501036343890777e-01  -4.0022360812550095e-01  -6.1287955819901385e-01  -7.6305649065982417e-01  -8.5961310465622232e-01  -9.1784729450849534e-01  -9.5148935111061217e-01  -9.7028125292978440e-01  -9.8034406704316790e-01  -9.8522239021148494e-01  -9.8677834049661151e-01  -9.8575332827633466e-01  -9.8202931029756813e-01  -9.7463218038614352e-01  -9.6149563571663932e-01  -9.3896964615015044e-01  -9.0109291121608992e-01  -8.3883085636172339e-01  -7.4001565811508252e-01  -5.9164612838474706e-01  -3.8658785377383365e-01  -1.3360655706769076e-01   1.3795929299074583e-01   3.8898072354845270e-01   5.9062981779646806e-01   7.3480220618310044e-01   8.2914008816295648e-01   8.8694865784244781e-01   9.2058428439635942e-01   9.3924611791227330e-01   9.4908779767983087e-01   9.5400092135048953e-01   9.5636158396573623e-01   9.5756927900107436e-01   9.5839794491050201e-01   9.5922220707501893e-01   9.6016782345354823e-01   9.6121728951779117e-01   9.6228463782345341e-01   9.6326655520786175e-01   9.6407177470069305e-01   9.6463446032901801e-01   9.6491664802737043e-01   9.6490394320533246e-01   9.6459939958585827e-01   9.6401720589129014e-01   9.6317765076991058e-01   9.6210411284152142e-01   9.6082165037573142e-01   9.5935575342508395e-01   9.5773237130850708e-01   9.5597800323353210e-01   9.5412025278024726e-01   9.5218730231921223e-01   9.5020789477392664e-01   9.4821049737312979e-01   9.4622355985451245e-01   9.4427555326576318e-01   9.4239731723315701e-01   9.4062559216224340e-01   9.3901029515024237e-01   9.3762205159036460e-01   9.3655940156820949e-01   9.3594827277053338e-01   9.3593204299434318e-01   9.3664730235462246e-01   9.3819263822898313e-01   9.4059715816007516e-01   9.4380325914902974e-01   9.4766748852900984e-01   9.5198331739161557e-01   9.5651485291030725e-01   9.6103461716872696e-01   9.6535143424776337e-01   9.6932779344061926e-01   9.7288198905678835e-01   9.7598322198698684e-01   9.7863937920236044e-01   9.8088648556488667e-01   9.8277603318675211e-01   9.8436697985085053e-01   9.8571728113464341e-01   9.8688083582264863e-01   9.8790220666978368e-01   9.8881418636213758e-01   9.8962955491154747e-01   9.9033215983053502e-01   9.9085564717999863e-01   9.9105070412997487e-01   9.9061976308353905e-01   9.8900666860164987e-01   9.8519544261419001e-01   9.7736927407202323e-01   9.6233278256719801e-01   9.3461627681759019e-01   8.8526375893616294e-01   8.0081057627146945e-01   6.6419925594156626e-01   4.6122660499049051e-01   1.9463410586193242e-01  -1.0345585139651131e-01  -3.8134105256489270e-01  -5.9875114360633441e-01  -7.4568632927937739e-01  -8.3429928717714052e-01  -8.8252738557977506e-01
  -9.1555302652659976e-01  -9.1554970902519150e-01  -9.0249295493042547e-01  -8.7267413278938755e-01  -8.1663441827538241e-01  -7.1824798414174262e-01  -5.5712562050896031e-01  -3.2039100787865243e-01  -2.3626533149974760e-02   2.8169854937833200e-01   5.3771682308915358e-01   7.1698409604032332e-01   8.2472178317977352e-01   8.7865717558983258e-01   8.9392794461781788e-01   8.7824693536702370e-01   8.3188810860734974e-01   7.4891873722406999e-01   6.1949893446818605e-01   4.3510782190960517e-01   1.9782330925920455e-01  -7.1018743982662835e-02  -3.3403791585742404e-01  -5.5594014683998405e-01  -7.2031683684627823e-01  -8.3037142795607521e-01  -8.9895817146460055e-01  -9.3966794063814019e-01  -9.6298938169344717e-01  -9.7587359278167274e-01  -9.8251808653167927e-01  -9.8524024938834243e-01  -9.8509942345331780e-01  -9.8222370437237982e-01  -9.7587984822736873e-01  -9.6429871487107921e-01  -9.4425282915337427e-01  -9.1038541139932494e-01  -8.5443918538524499e-01  -7.6495644924008821e-01  -6.2887362361838850e-01  -4.3708075320622991e-01  -1.9401579952257020e-01   7.5504937722117305e-02   3.3321491880131571e-01   5.4666255674288355e-01   7.0297407571592330e-01   8.0690610996972523e-01   8.7105906052520476e-01   9.0824271694813818e-01   9.2842249564073243e-01   9.3846794052171878e-01   9.4285518023269788e-01   9.4442548708441709e-01   9.4493924092268833e-01   9.4542542251364359e-01   9.4639914952953930e-01   9.4801237855034604e-01   9.5017808833162809e-01   9.5267927657040152e-01   9.5525974379444833e-01   9.5768736721630565e-01   9.5978971777457289e-01   9.6146313796098459e-01   9.6266509148144530e-01   9.6339795580780951e-01   9.6369243778726754e-01   9.6359311930072045e-01   9.6314987508543703e-01   9.6241148948674238e-01   9.6142382636853285e-01   9.6022898799834233e-01   9.5886680839117111e-01   9.5737485807432532e-01   9.5579023651451656e-01   9.5414967965064745e-01   9.5249118116280185e-01   9.5085332296835745e-01   9.4927633533048872e-01   9.4780113744160044e-01   9.4647105007043686e-01   9.4533182655180559e-01   9.4443438278042213e-01   9.4383490604437636e-01   9.4359609280117152e-01   9.4378283355655990e-01   9.4445627167472346e-01   9.4566121868551689e-01   9.4741473817800348e-01   9.4969364363920961e-01   9.5243156341271751e-01   9.5552191025430666e-01   9.5883266332383177e-01   9.6222230440982026e-01   9.6555922507222824e-01   9.6873347780538777e-01   9.7166638269080263e-01   9.7431021618813674e-01   9.7664737639983668e-01   9.7868228613192498e-01   9.8043644818466724e-01   9.8193971241255096e-01   9.8322762569349431e-01   9.8433465344389726e-01   9.8529266383575598e-01   9.8612377754887670e-01   9.8683753635305083e-01   9.8741906168433635e-01   9.8781621093599969e-01   9.8790737686100005e-01   9.8745245774304280e-01   9.8599585071894347e-01   9.8270523669222265e-01   9.7608244200512395e-01   9.6348980834603948e-01   9.4039266431076474e-01   8.9931488871699106e-01   8.2877925274884590e-01   7.1342378784450999e-01   5.3796643053916671e-01   2.9787654761852278e-01   1.2832556509444759e-02  -2.7314161766485567e-01  -5.1461887910583670e-01  -6.8962529787761517e-01  -8.0190438218405802e-01  -8.6721952805148528e-01  -9.0139914404618471e-01
  -9.2573912160543437e-01  -9.2258206057460090e-01  -9.0878231044686586e-01  -8.8080848583735893e-01  -8.3047556254498567e-01  -7.4407879400142485e-01  -6.0392543654660624e-01  -3.9684159448935569e-01  -1.3076455703501955e-01   1.5527658875714573e-01   4.0902055925416458e-01   5.9711772292179333e-01   7.1527830056073816e-01   7.7486919965099110e-01   7.8812939765726153e-01   7.6149947763223391e-01   6.9468725773106876e-01   5.8252795420615266e-01   4.1936221134754270e-01   2.0644290607948745e-01  -4.0368729063648301e-02  -2.9052595013718391e-01  -5.1111472661065627e-01  -6.8227311668094393e-01  -8.0190331172604545e-01  -8.7928012090409868e-01  -9.2668497792454629e-01  -9.5462993067245050e-01  -9.7055405848336229e-01  -9.7917343139939983e-01  -9.8322131055267958e-01  -9.8406670316852574e-01  -9.8208284979375138e-01  -9.7676789423273014e-01  -9.6662721473432167e-01  -9.4881176114505983e-01  -9.1850593511517586e-01  -8.6816647063130670e-01  -7.8705947230597395e-01  -6.6229712261227203e-01  -4.8336818238796886e-01  -2.5101351950785766e-01   1.4538457187723952e-02   2.7688801223507287e-01   5.0093250411530321e-01   6.6914000853660838e-01   7.8291549257355442e-01   8.5368163554018772e-01   8.9442072022466590e-01   9.1573334620846347e-01   9.2516224301910088e-01   9.2779820501004107e-01   9.2705809736199341e-01   9.2525347109314726e-01   9.2391074937911299e-01   9.2392585144535400e-01   9.2565263409944698e-01   9.2900003633146500e-01   9.3356590333534184e-01   9.3879509552326501e-01   9.4412751494242586e-01   9.4910476351692008e-01   9.5341996628324899e-01   9.5691847490574067e-01   9.5956817246124493e-01   9.6141813286100608e-01   9.6256074411750225e-01   9.6310338575926913e-01   9.6315081786914603e-01   9.6279697185892332e-01   9.6212275900938060e-01   9.6119663545666012e-01   9.6007706925103342e-01   9.5881544056377188e-01   9.5745883932404341e-01   9.5605182358212681e-01   9.5463792829050864e-01   9.5326041004169859e-01   9.5196299980006061e-01   9.5078993595692207e-01   9.4978597972027634e-01   9.4899578584310851e-01   9.4846358899800154e-01   9.4823200479980607e-01   9.4834051717362489e-01   9.4882216882042236e-01   9.4969958452662606e-01   9.5097936005506878e-01   9.5264733578298799e-01   9.5466548149564434e-01   9.5697290514329802e-01   9.5949004428470774e-01   9.6212671570974362e-01   9.6479127454872904e-01   9.6740022208026333e-01   9.6988480673872490e-01   9.7219517250301080e-01   9.7430043884446638e-01   9.7618710744708992e-01   9.7785540738209653e-01   9.7931625688182655e-01   9.8058690681262284e-01   9.8168738170825554e-01   9.8263632984748561e-01   9.8344796238271115e-01   9.8412696824823953e-01   9.8466144089581176e-01   9.8500902210935848e-01   9.8507364468097958e-01   9.8466222646024937e-01   9.8340802129185323e-01   9.8063226619122434e-01   9.7510324042295271e-01   9.6462590047363317e-01   9.4538312367271427e-01   9.1098039088577631e-01   8.5136497072021866e-01   7.5245263477137247e-01   5.9860390547274045e-01   3.8089879706611440e-01   1.1015198938906273e-01  -1.7739238385771616e-01  -4.3546659602649446e-01  -6.3367795278380734e-01  -7.6761282450810708e-01  -8.4948827537253169e-01  -8.9530126642804209e-01  -9.1797417138469695e-01
  -9.3496222810817797e-01  -9.2974699877522882e-01  -9.1618657855763974e-01  -8.9128317159230797e-01  -8.4853172819422951e-01  -7.7721463726609286e-01  -6.6320925950281517e-01  -4.9432499540736691e-01  -2.7178761130815848e-01  -2.0399825290059181e-02   2.1813752380393248e-01   4.0803246614685096e-01   5.3449202899606241e-01   5.9951689615035064e-01   6.1029147059191735e-01   5.7161570750886570e-01   4.8418738497414543e-01   3.4712714365226716e-01   1.6348008730763697e-01  -5.3714707411956109e-02  -2.8006877523665086e-01  -4.8736329353343216e-01  -6.5542390880331802e-01  -7.7823642202139154e-01  -8.6101924611660219e-01  -9.1363427517558871e-01  -9.4569705176609231e-01  -9.6458405187205365e-01  -9.7525457345768518e-01  -9.8073646325920827e-01  -9.8265965743052397e-01  -9.8162266417512867e-01  -9.7734112052868727e-01  -9.6857480226651804e-01  -9.5281748158044599e-01  -9.2573973822269884e-01  -8.8044727490442476e-01  -8.0690578684490188e-01  -6.9253794579399841e-01  -5.2585824042973983e-01  -3.0450806121630020e-01  -4.4300649291901917e-02   2.2092231495366310e-01   4.5434774755660567e-01   6.3409000321179176e-01   7.5788901845409551e-01   8.3554864658780181e-01   8.7989656890322676e-01   9.0194481463235576e-01   9.0973907226352224e-01   9.0887208864854441e-01   9.0333246335084971e-01   8.9614774024338639e-01   8.8969331597600743e-01   8.8573065532075823e-01   8.8531291182657856e-01   8.8871445112962499e-01   8.9548534238898836e-01   9.0465443267484513e-01   9.1502089870740355e-01   9.2544192504738632e-01   9.3503263598371955e-01   9.4324928339527558e-01   9.4986809641383774e-01   9.5490532752763846e-01   9.5852146025872520e-01   9.6094051878232256e-01   9.6239418039619329e-01   9.6309238015057064e-01   9.6321060806140002e-01   9.6288972689664210e-01   9.6224055054767721e-01   9.6135117618810195e-01   9.6029267983060285e-01   9.5912496306362227e-01   9.5790045213910446e-01   9.5666764320168429e-01   9.5547243510784174e-01   9.5435954919873556e-01   9.5337221719497811e-01   9.5255252250701339e-01   9.5194031889548791e-01   9.5157263875562959e-01   9.5148168687677681e-01   9.5169336362102963e-01   9.5222453111904626e-01   9.5308089634139037e-01   9.5425437787958955e-01   9.5572219510550083e-01   9.5744629823154193e-01   9.5937549204935224e-01   9.6144875913861561e-01   9.6360100117548753e-01   9.6576827773752205e-01   9.6789312296009278e-01   9.6992775979177326e-01   9.7183643516813434e-01   9.7359542925146469e-01   9.7519251736879453e-01   9.7662455592844966e-01   9.7789496371818507e-01   9.7901071873751455e-01   9.7998028123154457e-01   9.8081034430071679e-01   9.8150195926658990e-01   9.8204379856191693e-01   9.8240202763121431e-01   9.8250152500622157e-01   9.8219233673252959e-01   9.8118713173595140e-01   9.7894863728998038e-01   9.7448786205035920e-01   9.6601442976789720e-01   9.5035478044812538e-01   9.2206583972110678e-01   8.7230927853077955e-01   7.8806563265294161e-01   6.5342864208288787e-01   4.5599326491578335e-01   1.9925618453239180e-01  -8.7720071147216416e-02  -3.5919507944644680e-01  -5.7811087260614369e-01  -7.3244167703171392e-01  -8.3043545440852440e-01  -8.8762484053122026e-01  -9.1815463149183274e-01  -9.3197264746269259e-01
  -9.4314505536142335e-01  -9.3677202494318867e-01  -9.2411144625522113e-01  -9.0285903670888346e-01  -8.6825733495926616e-01  -8.1261717934103161e-01  -7.2570964405802640e-01  -5.9776239921468277e-01  -4.2639536768430275e-01  -2.2453415471764687e-01  -2.0525685580139008e-02   1.5388299386636406e-01   2.7733924752119476e-01   3.4225609027567538e-01   3.4931237929313408e-01   3.0151949080981683e-01   2.0235305137185078e-01   5.7843682129401053e-02  -1.1979430957717985e-01  -3.1088525021970370e-01  -4.9248201336556369e-01  -6.4625695514663328e-01  -7.6398852193951894e-01  -8.4705591334176922e-01  -9.0213850112712080e-01  -9.3703461155769352e-01  -9.5837187230124665e-01  -9.7094452313029500e-01  -9.7786065873432948e-01  -9.8090888659343600e-01  -9.8086451909460093e-01  -9.7763562049827046e-01  -9.7021444086839737e-01  -9.5640920305718202e-01  -9.3233315096850511e-01  -8.9168671521195697e-01  -8.2509917571388680e-01  -7.2037219013885678e-01  -5.6533646276737237e-01  -3.5501768353003671e-01  -1.0106907458126646e-01   1.6566247210757973e-01   4.0745518685714699e-01   5.9844868242073046e-01   7.3253416273560679e-01   8.1753092228161128e-01   8.6579975316202695e-01   8.8849153034792805e-01   8.9385365336649658e-01   8.8764183483953796e-01   8.7412558464613732e-01   8.5695533771713661e-01   8.3960571816339069e-01   8.2534467283144730e-01   8.1685752392013000e-01   8.1577581765907792e-01   8.2237267362222011e-01   8.3558709081813010e-01   8.5338515634046608e-01   8.7332729799210673e-01   8.9314213511817586e-01   9.1112998125010403e-01   9.2631449882949135e-01   9.3837489675019836e-01   9.4745762009317880e-01   9.5396614114293710e-01   9.5839292935134357e-01   9.6121299419712958e-01   9.6283211597194795e-01   9.6357267077117525e-01   9.6367993650898387e-01   9.6333603069233864e-01   9.6267565641620723e-01   9.6179995177649569e-01   9.6078757746261223e-01   9.5970231537609674e-01   9.5859854133466882e-01   9.5752451205045974e-01   9.5652467424168819e-01   9.5564051591874066e-01   9.5491081503937603e-01   9.5437081204439422e-01   9.5405144426254629e-01   9.5397782314139290e-01   9.5416800281092362e-01   9.5463115198924475e-01   9.5536654785642450e-01   9.5636231300696140e-01   9.5759546122132178e-01   9.5903254217027067e-01   9.6063205105785221e-01   9.6234700311177646e-01   9.6412852158482609e-01   9.6592891208116016e-01   9.6770518349319512e-01   9.6942092992492612e-01   9.7104790983393985e-01   9.7256567025534557e-01   9.7396112376748478e-01   9.7522684449137476e-01   9.7636026998479952e-01   9.7736121167212986e-01   9.7822966865629046e-01   9.7896192512415992e-01   9.7954655221652154e-01   9.7995611477300448e-01   9.8013373827797090e-01   9.7996634510517766e-01   9.7923730106852003e-01   9.7753721604627863e-01   9.7410339058111273e-01   9.6753031359613606e-01   9.5527234812500716e-01   9.3283752702788147e-01   8.9264826213646775e-01   8.2289325656626100e-01   7.0769970694565676e-01   5.3155290923346565e-01   2.9063360663828763e-01   5.9594286954742781e-03  -2.7834870830026831e-01  -5.1863887030671885e-01  -6.9448600789012116e-01  -8.0952261930005187e-01  -8.7858468147405855e-01  -9.1696288759253142e-01  -9.3615007695008734e-01  -9.4350647919374608e-01
  -9.5032325248606753e-01  -9.4345407761808764e-01  -9.3203210276031767e-01  -9.1444118747521430e-01  -8.8747164301226567e-01  -8.4606442300885076e-01  -7.8353557981641064e-01  -6.9318011444984751e-01  -5.7204827199016461e-01  -4.2592673134192710e-01  -2.7151743016109087e-01  -1.3197480472896522e-01  -2.8202537918499637e-02   2.7073310683970342e-02   2.9520790677392883e-02  -1.9194527810680373e-02  -1.1279123855403161e-01  -2.4013272495907972e-01  -3.8530397898454927e-01  -5.3015766234246531e-01  -6.5908513639420785e-01  -7.6304852693162406e-01  -8.4028977639482372e-01  -8.9408752258961921e-01  -9.2976073972519946e-01  -9.5253284982624264e-01  -9.6656214129649298e-01  -9.7475125943286500e-01  -9.7889030810650635e-01  -9.7984972748727361e-01  -9.7768671818280728e-01  -9.7159903224775213e-01  -9.5968460995036786e-01  -9.3846881522856485e-01  -9.0220919239457398e-01  -8.4217208200245430e-01  -7.4657851099656192e-01  -6.0277078123004535e-01  -4.0350787942261834e-01  -1.5649599148828103e-01   1.1072619579808979e-01   3.6018182966172541e-01   5.6238352146622683e-01   7.0724492919081694e-01   8.0031706682555770e-01   8.5326427414918804e-01   8.7715938778736247e-01   8.8012119225684848e-01   8.6754536298282980e-01   8.4330793370063806e-01   8.1105382363991863e-01   7.7508131722967644e-01   7.4051529504225533e-01   7.1272787307542773e-01   6.9629317983041983e-01   6.9396415389735966e-01   7.0608076142782727e-01   7.3059357451974583e-01   7.6366738487040864e-01   8.0067696017382506e-01   8.3728091807416838e-01   8.7023471461138091e-01   8.9772735675578075e-01   9.1925767258089119e-01   9.3523814498128643e-01   9.4655379118015170e-01   9.5421610931889200e-01   9.5915781448065363e-01   9.6214391312289493e-01   9.6375816090013622e-01   9.6442503103316779e-01   9.6444548006319053e-01   9.6403024466094867e-01   9.6332814576323411e-01   9.6244605697959906e-01   9.6146431335117755e-01   9.6044587456616437e-01   9.5944329121353678e-01   9.5850162748723977e-01   9.5766107916545828e-01   9.5695711385647986e-01   9.5642130040112672e-01   9.5607999785004838e-01   9.5595419015999372e-01   9.5605763402364641e-01   9.5639668613733997e-01   9.5696869541846341e-01   9.5776260852472073e-01   9.5875855978987135e-01   9.5992963260549624e-01   9.6124251206000666e-01   9.6266044647820559e-01   9.6414494041816845e-01   9.6565904881472697e-01   9.6716833159623838e-01   9.6864314367650906e-01   9.7005843175040762e-01   9.7139495110231511e-01   9.7263802468337979e-01   9.7377770200795166e-01   9.7480605192570779e-01   9.7571659697380597e-01   9.7650116564928036e-01   9.7714777975280609e-01   9.7763348397348238e-01   9.7791517747515933e-01   9.7790939861795179e-01   9.7745879406106795e-01   9.7626489392466009e-01   9.7376702275367699e-01   9.6891499283927285e-01   9.5976699336270210e-01   9.4279722144740130e-01   9.1182101835934071e-01   8.5662439130158530e-01   7.6213951110132161e-01   6.1064258888483258e-01   3.9086216706511617e-01   1.1334502185386819e-01  -1.8254962103693378e-01  -4.4686970820710187e-01  -6.4834112922054588e-01  -7.8384603963542132e-01  -8.6690316740440243e-01  -9.1414935176653289e-01  -9.3889697490020063e-01  -9.5003397402496148e-01  -9.5289147088888315e-01
  -9.5659616883254672e-01  -9.4966558524255895e-01  -9.3956445296706881e-01  -9.2525688581155130e-01  -9.0474130161110944e-01  -8.7496041185492235e-01  -8.3197317495458656e-01  -7.7182956401703351e-01  -6.9252125104273599e-01  -5.9669955553289744e-01  -4.9351979255612666e-01  -3.9749571638587433e-01  -3.2421050735952528e-01  -2.8554563951118339e-01  -2.8706834745749255e-01  -3.2775308951451920e-01  -4.0078960766380711e-01  -4.9492851586233982e-01  -5.9671865755841746e-01  -6.9362611770299887e-01  -7.7687289837270201e-01  -8.4259974074055566e-01  -8.9109201848832043e-01  -9.2502143252257141e-01  -9.4779628859312026e-01  -9.6253798754720588e-01  -9.7164851995303314e-01  -9.7673227485868630e-01  -9.7864565935741032e-01  -9.7753381675039941e-01  -9.7276410359761023e-01  -9.6269944063372492e-01  -9.4425528929574898e-01  -9.1222625158887904e-01  -8.5851017334030977e-01  -7.7179434545034287e-01  -6.3908741056105223e-01  -4.5112945673932636e-01  -2.1178820218623429e-01   5.5039368647295361e-02   3.1171321694412679e-01   5.2538833989279632e-01   6.8182743208784213e-01   7.8405716408547699e-01   8.4292679929348613e-01   8.6938400911390445e-01   8.7125700887351543e-01   8.5311435451955142e-01   8.1755795504142981e-01   7.6703544826381842e-01   7.0555592324632765e-01   6.3960345263164409e-01   5.7769987840665282e-01   5.2874348476762911e-01   4.9998600426767659e-01   4.9554555155301777e-01   5.1579397250450332e-01   5.5748599738427551e-01   6.1448164342822509e-01   6.7902385008757804e-01   7.4341096445789845e-01   8.0157382727548032e-01   8.4997267517047792e-01   8.8757167310512552e-01   9.1514950243970616e-01   9.3441930355724534e-01   9.4732152520150636e-01   9.5560878362893553e-01   9.6068142981026639e-01   9.6357532965515902e-01   9.6501984023570253e-01   9.6551203836793886e-01   9.6538538937124374e-01   9.6486287665948944e-01   9.6409597504776012e-01   9.6319020252442389e-01   9.6222249631338419e-01   9.6125153389736584e-01   9.6032474407154511e-01   9.5948178450161070e-01   9.5875674047049175e-01   9.5817841816974347e-01   9.5777064753769869e-01   9.5755157679503222e-01   9.5753338803497690e-01   9.5772142503429958e-01   9.5811413772267595e-01   9.5870273906416736e-01   9.5947171330997527e-01   9.6039952435810838e-01   9.6146016525623079e-01   9.6262462573773799e-01   9.6386250478744973e-01   9.6514345027515758e-01   9.6643871730458497e-01   9.6772221692702898e-01   9.6897118344390920e-01   9.7016628796756232e-01   9.7129122139684254e-01   9.7233215516007188e-01   9.7327705024368139e-01   9.7411424223684107e-01   9.7482962775417192e-01   9.7540264361145446e-01   9.7579915902618253e-01   9.7595888706147105e-01   9.7577076338602065e-01   9.7502668106660240e-01   9.7333329022854165e-01   9.6994702050944803e-01   9.6346821470000621e-01   9.5129316155516452e-01   9.2868846616067979e-01   8.8741289039355764e-01   8.1423340602071625e-01   6.9100449222536231e-01   5.0026288392819684e-01   2.3983313469956813e-01  -6.1692780690429050e-02  -3.5159762127059163e-01  -5.8504005070949672e-01  -7.4762510333667798e-01  -8.4936803835329644e-01  -9.0817825384086370e-01  -9.3976863764595453e-01  -9.5502375742121759e-01  -9.6065864555346026e-01  -9.6051770460650465e-01
  -9.6208290274475372e-01  -9.5534660198932764e-01  -9.4648591602996346e-01  -9.3489751304954716e-01  -9.1943100248768439e-01  -8.9838777500722899e-01  -8.6966972691030953e-01  -8.3127157694425147e-01  -7.8227315729544222e-01  -7.2419430682226560e-01  -6.6204713339366084e-01  -6.0410493253322162e-01  -5.5996300983319980e-01  -5.3767133240827103e-01  -5.4136011782611138e-01  -5.7025553317746813e-01  -6.1913521919452741e-01  -6.7988769570557284e-01  -7.4370713191492133e-01  -8.0322801669437827e-01  -8.5383600767289147e-01  -8.9381367337014750e-01  -9.2360826578654753e-01  -9.4481426412643743e-01  -9.5932962885745143e-01  -9.6884497588745211e-01  -9.7460986111296954e-01  -9.7735209342435891e-01  -9.7723150401205860e-01  -9.7374051421369856e-01  -9.6547787164981447e-01  -9.4973138194438778e-01  -9.2182557530591114e-01  -8.7430864579361767e-01  -7.9640826960665767e-01  -6.7496624244701353e-01  -4.9891730395295092e-01  -2.6830896442188679e-01  -2.9401087799132419e-03   2.6056225824489354e-01   4.8623036292163957e-01   6.5537358285411840e-01   7.6815542711151796e-01   8.3454573891045702e-01   8.6552523807298309e-01   8.6880519572718118e-01   8.4805596484815626e-01   8.0399005529639878e-01   7.3652647470792743e-01   6.4758850118885003e-01   5.4352427011226268e-01   4.3556493716283773e-01   3.3757098119277118e-01   2.6237613910198465e-01   2.1901794682836950e-01   2.1187889219444728e-01   2.4103309636070702e-01   3.0269407300265827e-01   3.8945102835289380e-01   4.9085746602642621e-01   5.9507428978605703e-01   6.9143355914121407e-01   7.7276173218630939e-01   8.3624147209735733e-01   8.8265005972305044e-01   9.1479745708684679e-01   9.3608970632137622e-01   9.4964305722998787e-01   9.5792822363416485e-01   9.6273928051882607e-01   9.6530826258475044e-01   9.6645047249243154e-01   9.6669496383959497e-01   9.6638124857383700e-01   9.6572883402193987e-01   9.6488142751290085e-01   9.6393721871485516e-01   9.6296557542994032e-01   9.6201907847235701e-01   9.6113838762457582e-01   9.6035715675336353e-01   9.5970249013620790e-01   9.5919704816613449e-01   9.5885764529043616e-01   9.5869646166063016e-01   9.5871925970095939e-01   9.5892665458652937e-01   9.5931261273322876e-01   9.5986645496900391e-01   9.6057176832734303e-01   9.6140888758851406e-01   9.6235415098574917e-01   9.6338307112212784e-01   9.6446971851243435e-01   9.6558957310929694e-01   9.6671829426307510e-01   9.6783427251714149e-01   9.6891681828119058e-01   9.6994846278061986e-01   9.7091228819955799e-01   9.7179308213115645e-01   9.7257338300687568e-01   9.7323373833459570e-01   9.7374553531283048e-01   9.7406512596594474e-01   9.7411446769401444e-01   9.7375335573720079e-01   9.7271697970581206e-01   9.7050615394146156e-01   9.6616813399763157e-01   9.5789976442925329e-01   9.4232432280680456e-01   9.1330237138139925e-01   8.6025232241517746e-01   7.6677526563828868e-01   6.1242909194925732e-01   3.8299313721447814e-01   8.9728443586344242e-02  -2.2116420245772661e-01  -4.9231152653574323e-01  -6.9159460746101098e-01  -8.2019980079257893e-01  -8.9584813525826623e-01  -9.3719269874551747e-01  -9.5795636801802331e-01  -9.6680661939895440e-01  -9.6880666122272352e-01  -9.6675630985444116e-01
  -9.6690408808408335e-01  -9.6049078900641405e-01  -9.5270874250760362e-01  -9.4324848143728468e-01  -9.3150792885377542e-01  -9.1662544616405639e-01  -8.9760106588047117e-01  -8.7357236467047006e-01  -8.4431408758622939e-01  -8.1086682487656814e-01  -7.7602404545134929e-01  -7.4423938417456237e-01  -7.2072012454490475e-01  -7.0992761408182758e-01  -7.1415258502583512e-01  -7.3279576738681773e-01  -7.6263058031064235e-01  -7.9885809965438337e-01  -8.3649438028620526e-01  -8.7153455662725177e-01  -9.0154111434872053e-01  -9.2560673106632230e-01  -9.4393073831337793e-01  -9.5729206033964731e-01  -9.6662126668633319e-01  -9.7271809785861230e-01  -9.7609240094998884e-01  -9.7684965566074411e-01  -9.7455903656057430e-01  -9.6802222947038175e-01  -9.5488004155504136e-01  -9.3098526270570470e-01  -8.8957082486012629e-01  -8.2051117292138998e-01  -7.1069505691119927e-01  -5.4751217819983256e-01  -3.2719921038603872e-01  -6.4859033353162177e-02   2.0481377510938803e-01   4.4307108818988483e-01   6.2632062971940261e-01   7.5130729060022261e-01   8.2697385232026877e-01   8.6459992649975226e-01   8.7228203598485399e-01   8.5330420538313578e-01   8.0664127574402611e-01   7.2895183480237924e-01   6.1819392851525656e-01   4.7822055794564466e-01   3.2161452863114232e-01   1.6756805178157674e-01   3.5465253901041660e-02  -6.0867749061863097e-02  -1.1457647598637888e-01  -1.2381743131540685e-01  -8.9419874115735376e-02  -1.4057002855900891e-02   9.6885722048592027e-02   2.3382578947096200e-01   3.8273351435169911e-01   5.2756394596254441e-01   6.5466932646734100e-01   7.5639291802699915e-01   8.3163819847806719e-01   8.8382989362599762e-01   9.1821571900765842e-01   9.3993524207346513e-01   9.5314015102528959e-01   9.6083750613739904e-01   9.6506296369847511e-01   9.6713655857460901e-01   9.6789185806935873e-01   9.6784805977697774e-01   9.6732790094428045e-01   9.6653376105925870e-01   9.6559546562138354e-01   9.6459919965261132e-01   9.6360523834477296e-01   9.6265797686274257e-01   9.6179194870076656e-01   9.6103448859902163e-01   9.6040766028256197e-01   9.5992845485151612e-01   9.5960945361320116e-01   9.5945816323108091e-01   9.5947756869711098e-01   9.5966539841475074e-01   9.6001491974473729e-01   9.6051455166590038e-01   9.6114935434387283e-01   9.6190095251599617e-01   9.6274912988609318e-01   9.6367156553269917e-01   9.6464581900763713e-01   9.6564892101865907e-01   9.6665919908019016e-01   9.6765524137988967e-01   9.6861721984106086e-01   9.6952510246114565e-01   9.7035990493931112e-01   9.7110049792795206e-01   9.7172233635381378e-01   9.7219000761332508e-01   9.7244925955066952e-01   9.7240547320144344e-01   9.7188825849123539e-01   9.7057559354171075e-01   9.6785475994292613e-01   9.6254885137278012e-01   9.5241307017103172e-01   9.3322519454539321e-01   8.9731086553321338e-01   8.3161832524718171e-01   7.1674893608839563e-01   5.3126717140067548e-01   2.6727372726428922e-01  -4.8336394104732616e-02  -3.5610317185331164e-01  -6.0232993163529525e-01  -7.6993822815436141e-01  -8.7148368147421507e-01  -9.2807218372089439e-01  -9.5730138149412436e-01  -9.7079488355226684e-01  -9.7544573445231642e-01  -9.7512746075209389e-01  -9.7192757262112361e-01
  -9.7116358356508048e-01  -9.6512391632393313e-01  -9.5823805918090188e-01  -9.5038222328357080e-01  -9.4128085544643680e-01  -9.3054779929329978e-01  -9.1777230902358087e-01  -9.0267132960732777e-01  -8.8533164421002986e-01  -8.6648334660323911e-01  -8.4768737535514926e-01  -8.3125239033484211e-01  -8.1978942162379742e-01  -8.1548533344671670e-01  -8.1939722998731990e-01  -8.3108710366356209e-01  -8.4877022227442922e-01  -8.6987882739545574e-01  -8.9178220527003238e-01  -9.1236430397941926e-01  -9.3030081333641945e-01  -9.4503175979905985e-01  -9.5655562463527954e-01  -9.6516640969429934e-01  -9.7122687145617537e-01  -9.7499180219483628e-01  -9.7646794730521269e-01  -9.7525710819435663e-01  -9.7033069582749965e-01  -9.5965621024058190e-01  -9.3961039809075331e-01  -9.0414598279448599e-01  -8.4391238478247510e-01  -7.4611456516502572e-01  -5.9696913332081913e-01  -3.8902639980030085e-01  -1.3204217971464893e-01   1.4248744216692188e-01   3.9371051848801436e-01   5.9263430229749059e-01   7.3171448336442291e-01   8.1846291154413509e-01   8.6464346192528607e-01   8.7936419550398259e-01   8.6646824865453720e-01   8.2424529202523522e-01   7.4662628100285100e-01   6.2660927973378089e-01   4.6265793901467556e-01   2.6560746611201058e-01   5.9360146816245796e-02  -1.2818558322354945e-01  -2.7676439948670234e-01  -3.7804277439603184e-01  -4.3205941342149495e-01  -4.4163811753206972e-01  -4.0882491851733449e-01  -3.3409271081019165e-01  -2.1789075357260007e-01  -6.3898258536331687e-02   1.1750294805717143e-01   3.0846555512046958e-01   4.8796763807009785e-01   6.3926389918555959e-01   7.5495763731433851e-01   8.3656960065458885e-01   8.9060150006638783e-01   9.2465757383508618e-01   9.4527632686501006e-01   9.5728901628610519e-01   9.6396273380671660e-01   9.6739286045483797e-01   9.6887841265924091e-01   9.6921100486283907e-01   9.6886763815460264e-01   9.6813775077468445e-01   9.6719797333852353e-01   9.6616048839431978e-01   9.6509803060901833e-01   9.6406171675725472e-01   9.6308801120387144e-01   9.6220594290359418e-01   9.6143765448163376e-01   9.6080174871810198e-01   9.6031165731758583e-01   9.5997785205426733e-01   9.5980561277023879e-01   9.5979705799116288e-01   9.5994908578650096e-01   9.6025553442503675e-01   9.6070524847092287e-01   9.6128444469776553e-01   9.6197532608779013e-01   9.6275889340863152e-01   9.6361342704586472e-01   9.6451721018618353e-01   9.6544693821179284e-01   9.6638036053770138e-01   9.6729450345233503e-01   9.6816784550660795e-01   9.6897706004769923e-01   9.6969783615601812e-01   9.7029963731092850e-01   9.7074231138567779e-01   9.7096160760809980e-01   9.7084885441079471e-01   9.7020328193173277e-01   9.6864791680688800e-01   9.6545607052920412e-01   9.5922743462517279e-01   9.4726818236165955e-01   9.2449739357418259e-01   8.8168954329346250e-01   8.0339398584549537e-01   6.6768110102485245e-01   4.5359786329636653e-01   1.6174272423351449e-01  -1.6597924210164350e-01  -4.6286288839301393e-01  -6.8390013883795420e-01  -8.2535496923410512e-01  -9.0676823624571790e-01  -9.5003149047663205e-01  -9.7112019637998426e-01  -9.7986504991429990e-01  -9.8184714431405706e-01  -9.8011410872529914e-01  -9.7627998281779926e-01
  -9.7494962004886121e-01  -9.6928724216187767e-01  -9.6312629137507189e-01  -9.5645358179028561e-01  -9.4917478891997531e-01  -9.4115514675558964e-01  -9.3227212189232778e-01  -9.2249846940412827e-01  -9.1201143503255944e-01  -9.0130456234000933e-01  -8.9124286880640069e-01  -8.8299556661424150e-01  -8.7781045470611696e-01  -8.7667970059618272e-01  -8.8002299138746787e-01  -8.8753204851787471e-01  -8.9825023386870395e-01  -9.1084619027905966e-01  -9.2395495139605655e-01  -9.3645187834005073e-01  -9.4758722569194220e-01  -9.5697989083940305e-01  -9.6451978469832222e-01  -9.7023355887628415e-01  -9.7414900015789319e-01  -9.7616026538104272e-01  -9.7587591254487094e-01  -9.7240285586564723e-01  -9.6400723783700759e-01  -9.4757120100049641e-01  -9.1779283391233235e-01  -8.6621667222651610e-01  -7.8067156857024844e-01  -6.4670024100570933e-01  -4.5353565649951444e-01  -2.0507184741835360e-01   7.1969836961057410e-02   3.3590398562317303e-01   5.5202809818291643e-01   7.0732443296293313e-01   8.0705860036279409e-01   8.6339758816146128e-01   8.8694314616437286e-01   8.8307967938371745e-01   8.5093863197415942e-01   7.8355975192096006e-01   6.6991987536088882e-01   5.0111698479129552e-01   2.8103323839034489e-01   3.3893112017778670e-02  -2.0310159126418248e-01  -3.9893294819405711e-01  -5.4074344264341723e-01  -6.3063658873576289e-01  -6.7638354183028748e-01  -6.8469305081284326e-01  -6.5848558372034460e-01  -5.9663794619451616e-01  -4.9525823566804228e-01  -3.5064756540290765e-01  -1.6422937340329058e-01   5.2248974838285944e-02   2.7594316380982675e-01   4.8024690859810754e-01   6.4601090505311531e-01   7.6741166266827543e-01   8.4937006074926813e-01   9.0140245172543987e-01   9.3292827587259763e-01   9.5129502801740462e-01   9.6156135514040875e-01   9.6697189702366360e-01   9.6951825724754581e-01   9.7039543760982228e-01   9.7030869927858743e-01   9.6967533328008759e-01   9.6874102439601661e-01   9.6765548721711958e-01   9.6651015424366460e-01   9.6536654658847720e-01   9.6426563776801344e-01   9.6323968086555889e-01   9.6231199714064464e-01   9.6150351116269839e-01   9.6082927766855408e-01   9.6030325453174348e-01   9.5993370460935723e-01   9.5972758377893941e-01   9.5968548836672130e-01   9.5980629203358303e-01   9.6008222791260123e-01   9.6050414033552267e-01   9.6105643478114422e-01   9.6172268507824810e-01   9.6248090300794853e-01   9.6330981193439058e-01   9.6418390743680737e-01   9.6507994028326716e-01   9.6597113571546311e-01   9.6683348877966646e-01   9.6763915921320331e-01   9.6836172124004227e-01   9.6896561214229049e-01   9.6940662879806405e-01   9.6961116277898196e-01   9.6945854349038196e-01   9.6872145720303382e-01   9.6697444811602584e-01   9.6338718939252366e-01   9.5635396280720353e-01   9.4276464964257412e-01   9.1674105154879637e-01   8.6763169447490585e-01   7.7786928996627691e-01   6.2364923264983507e-01   3.8566294933106204e-01   7.3564489337169470e-02  -2.5855430929675383e-01  -5.4189613974686535e-01  -7.4133945591480244e-01  -8.6308258337154120e-01  -9.3038619452007476e-01  -9.6472841551899757e-01  -9.8054343772728836e-01  -9.8630036456871129e-01  -9.8666452708173957e-01  -9.8412898138626914e-01  -9.8000184925426059e-01
  -9.7832702659037385e-01  -9.7302288721099450e-01  -9.6744194463697364e-01  -9.6163344230032433e-01  -9.5559847399265418e-01  -9.4932655784814524e-01  -9.4282324250582117e-01  -9.3615701396331308e-01  -9.2950166613508922e-01  -9.2318071129290447e-01  -9.1767084157144074e-01  -9.1355753531394035e-01  -9.1141955501104976e-01  -9.1168139455671449e-01  -9.1447482493851617e-01  -9.1958241826295528e-01  -9.2647855126229861e-01  -9.3445910351321571e-01  -9.4279564553239181e-01  -9.5086606135910046e-01  -9.5821695121979522e-01  -9.6456359335941000e-01  -9.6973768095410451e-01  -9.7360773255963273e-01  -9.7597597921802093e-01  -9.7644828780090465e-01  -9.7424278550210985e-01  -9.6789006621949869e-01  -9.5474760651670709e-01  -9.3025549851594858e-01  -8.8694404704555341e-01  -8.1356058706795609e-01  -6.9557272289636352e-01  -5.1956896600902125e-01  -2.8346063503212160e-01  -7.5280642923367669e-03   2.6773183622361774e-01   5.0218553175421810e-01   6.7598925055012604e-01   7.9085363762964267e-01   8.5885267523461917e-01   8.9225482048495697e-01   8.9864363479313658e-01   8.7931012376644024e-01   8.2868101099142544e-01   7.3462117465508281e-01   5.8204217305601436e-01   3.6351729601810123e-01   9.4378327836234899e-02  -1.8424393825946550e-01  -4.2674312261249886e-01  -6.0841364682534027e-01  -7.2906007349485902e-01  -8.0053250782569230e-01  -8.3535228626654567e-01  -8.4183758929560004e-01  -8.2321082095372455e-01  -7.7797640385356770e-01  -7.0061297137793410e-01  -5.8304058477110954e-01  -4.1817976203521579e-01  -2.0647411486567879e-01   3.7220954898439240e-02   2.8379953561458438e-01   5.0161028592425061e-01   6.7119982346822082e-01   7.9013350274883865e-01   8.6716984784114914e-01   9.1425203654735920e-01   9.4178279876810544e-01   9.5725175963367248e-01   9.6553356093966070e-01   9.6962199055313003e-01   9.7129708086594513e-01   9.7159606844484792e-01   9.7111988326970733e-01   9.7021500914402847e-01   9.6908500778701334e-01   9.6785025386503043e-01   9.6658674366483699e-01   9.6534322385275484e-01   9.6415594686171169e-01   9.6305139829150077e-01   9.6205310867659111e-01   9.6117939420558030e-01   9.6044780638765814e-01   9.5987098176727348e-01   9.5946051039273605e-01   9.5922210108529682e-01   9.5915959137341256e-01   9.5926973439069396e-01   9.5954668890100336e-01   9.5997711288213228e-01   9.6054584150745415e-01   9.6123087063280044e-01   9.6200982168384552e-01   9.6285481015970897e-01   9.6373958683385519e-01   9.6463391282165301e-01   9.6551082639654151e-01   9.6633880321045640e-01   9.6708784665535297e-01   9.6771833101010951e-01   9.6818235323094370e-01   9.6840039793945409e-01   9.6824212840325186e-01   9.6746007599909811e-01   9.6558921730936476e-01   9.6171681295527167e-01   9.5406952658816313e-01   9.3919798537129218e-01   9.1056946602590894e-01   8.5637606134765476e-01   7.5739626387577452e-01   5.8862360821220117e-01   3.3284730359173759e-01   7.5999229745050689e-03  -3.2458051033985302e-01  -5.9573997396541190e-01  -7.7912120851252464e-01  -8.8738309197319465e-01  -9.4551573249091869e-01  -9.7426199027534421e-01  -9.8686997417224998e-01  -9.9087371160677584e-01  -9.9034289815763210e-01  -9.8741940333053035e-01  -9.8322274930623377e-01
  -9.8134459583444644e-01  -9.7636789918810796e-01  -9.7124793738325510e-01  -9.6606929635324101e-01  -9.6088070628525690e-01  -9.5572951524193861e-01  -9.5067207921256935e-01  -9.4580315573037854e-01  -9.4126567466896927e-01  -9.3727023233443929e-01  -9.3408101671403543e-01  -9.3199280001729290e-01  -9.3126709939250296e-01  -9.3207211433341408e-01  -9.3442034743609681e-01  -9.3815443894268613e-01  -9.4296444768602494e-01  -9.4845424126365097e-01  -9.5420711017798099e-01  -9.5984976623387663e-01  -9.6507557928713417e-01  -9.6964519250133840e-01  -9.7334385662703227e-01  -9.7592140795072657e-01  -9.7698582001324286e-01  -9.7585083777815884e-01  -9.7127549874288732e-01  -9.6104938065074552e-01  -9.4132034765968098e-01  -9.0564218273763053e-01  -8.4391458419101517e-01  -7.4214006041655634e-01  -5.8520520562952894e-01  -3.6550570655666947e-01  -9.5549107917868636e-02   1.8804764231239829e-01   4.4102321025692298e-01   6.3556668596804822e-01   7.6803737229785052e-01   8.4941300788727170e-01   8.9342388355885127e-01   9.1009234888936708e-01   9.0354656003134304e-01   8.7122187895315206e-01   8.0315796735756118e-01   6.8256089855146584e-01   4.9196924878389914e-01   2.2939996361236542e-01  -7.4349456550954152e-02  -3.6358420141851588e-01  -5.9313072642841580e-01  -7.5068479526973286e-01  -8.4779768692932811e-01  -9.0207864663695791e-01  -9.2753628075424466e-01  -9.3244969413800849e-01  -9.1998792644446714e-01  -8.8902142275285179e-01  -8.3445794295974129e-01  -7.4749148885868166e-01  -6.1696024640660663e-01  -4.3380410123511470e-01  -1.9959173208649078e-01   6.5380696428890439e-02   3.2508847116281930e-01   5.4502833400856621e-01   7.0862978833698731e-01   8.1847823354020843e-01   8.8692491576921251e-01   9.2734364658588186e-01   9.5021863254463401e-01   9.6261706172698758e-01   9.6893213022112679e-01   9.7177343963987872e-01   9.7265227371364826e-01   9.7243222085100556e-01   9.7160414001073403e-01   9.7044817211549828e-01   9.6912613939336123e-01   9.6773511201041362e-01   9.6633601935263247e-01   9.6497114638158721e-01   9.6367188365210787e-01   9.6246500251099598e-01   9.6137338274946538e-01   9.6041867333486675e-01   9.5961933438842051e-01   9.5899226212681121e-01   9.5854952839438801e-01   9.5830001693582101e-01   9.5824579422772105e-01   9.5838464173540761e-01   9.5870629225867798e-01   9.5919593090080257e-01   9.5983106318831446e-01   9.6058654789230202e-01   9.6143157208228280e-01   9.6233557869791164e-01   9.6326430967290599e-01   9.6418570667318493e-01   9.6506461665191878e-01   9.6586750752693029e-01   9.6655231374559836e-01   9.6706764583407190e-01   9.6733036759583890e-01   9.6720352636475293e-01   9.6642817146493032e-01   9.6451388182275832e-01   9.6049524632777594e-01   9.5248752033043760e-01   9.3681637877211021e-01   9.0651157260610415e-01   8.4899948295266559e-01   7.4399252927488679e-01   5.6583844737582223e-01   2.9904670214585150e-01  -3.3498319167865998e-02  -3.6442515327320091e-01  -6.2731510382586597e-01  -8.0086238204297677e-01  -9.0129413658626989e-01  -9.5428991130653829e-01  -9.8000099455135281e-01  -9.9093746890590284e-01  -9.9408532977017705e-01  -9.9317494406068618e-01  -9.9015153552455026e-01  -9.8603279260019472e-01
