   9.9481340783910377e-01   9.9476806836015441e-01   9.9472549736486493e-01   9.9468649168294365e-01   9.9465163103774301e-01   9.9462139112427839e-01   9.9459607376592529e-01   9.9457609104210343e-01   9.9456167878176283e-01   9.9455317594248438e-01   9.9455064057953879e-01   9.9455425682805032e-01   9.9456387361678866e-01   9.9457952900047042e-01   9.9460088691573278e-01   9.9462788485603237e-01   9.9466004196791180e-01   9.9469720060427469e-01   9.9473864867890061e-01   9.9478402609296235e-01   9.9483244752777233e-01   9.9488370103869361e-01   9.9493696702197043e-01   9.9499182513304041e-01   9.9504702939868395e-01   9.9510226184303041e-01   9.9515616118755112e-01   9.9520778035476998e-01   9.9525472595691089e-01   9.9529436653142900e-01   9.9532045312469530e-01   9.9532318568343714e-01   9.9528192417290196e-01   9.9515895187573533e-01   9.9487865384184415e-01   9.9429623394202205e-01   9.9312675756290503e-01   9.9081876928176205e-01   9.8630012575441028e-01   9.7751232505652652e-01   9.6055220907952721e-01   9.2824522678159194e-01   8.6813642709753402e-01   7.6099856829794255e-01   5.8378967812169880e-01   3.2392998690100072e-01   2.9360950486665982e-03  -3.1926701274429020e-01  -5.8200728802058421e-01  -7.6239564964571205e-01  -8.7216189011439471e-01  -9.3415787372165660e-01  -9.6772870378064080e-01  -9.8551029705221793e-01  -9.9482654328392683e-01  -9.9968826234233854e-01  -1.0022233433147538e+00  -1.0035502216471153e+00  -1.0042476036889605e+00  -1.0046191395631761e+00  -1.0048192327822163e+00  -1.0049309113666403e+00  -1.0049946496225688e+00  -1.0050341834329011e+00  -1.0050590676139826e+00  -1.0050770687975703e+00  -1.0050898662828751e+00  -1.0051006846974790e+00  -1.0051087328511183e+00  -1.0051159646137573e+00  -1.0051212060070842e+00  -1.0051261131651896e+00  -1.0051293668769192e+00  -1.0051324120591278e+00  -1.0051338846977667e+00  -1.0051351461725586e+00  -1.0051348528561448e+00  -1.0051343190991278e+00  -1.0051322178251396e+00  -1.0051298311598653e+00  -1.0051258557329446e+00  -1.0051215498938741e+00  -1.0051155388104185e+00  -1.0051088338926832e+00  -1.0050996705322990e+00  -1.0050886211048047e+00  -1.0050732533782909e+00  -1.0050524833653249e+00  -1.0050201600523572e+00  -1.0049686688637902e+00  -1.0048797765974342e+00  -1.0047221778401059e+00  -1.0044317167691081e+00  -1.0038893777321296e+00  -1.0028614787747985e+00  -1.0009029257843114e+00  -9.9715347024241130e-01  -9.8997305240173716e-01  -9.7625229737414454e-01  -9.5023962290247499e-01  -9.0173564628551817e-01  -8.1420119331531704e-01  -6.6533969686624006e-01  -4.3631472305925323e-01  -1.3334794641244374e-01   1.9610468297219913e-01   4.8594369121867681e-01   6.9699461562658782e-01   8.3040211144385434e-01   9.0731537970913612e-01   9.4931220655530568e-01   9.7155631448589230e-01   9.8314299069137878e-01   9.8911955309902044e-01   9.9218107258646848e-01   9.9373686621569624e-01   9.9451723936078795e-01   9.9489793133948423e-01   9.9507237720420438e-01   9.9513965270945481e-01   9.9515096332133823e-01   9.9513259462269932e-01   9.9509843564561951e-01   9.9505572296876632e-01   9.9500866414541145e-01   9.9495952868263393e-01   9.9490983493842911e-01   9.9486084585955814e-01
   9.9421690409400376e-01   9.9416555575987098e-01   9.9411699000662512e-01   9.9407291667237119e-01   9.9403270400952704e-01   9.9399813893607913e-01   9.9396865800069556e-01   9.9394584228038685e-01   9.9392891956688556e-01   9.9391922336198524e-01   9.9391583227121139e-01   9.9391988912248741e-01   9.9393032742616039e-01   9.9394808851585836e-01   9.9397193147244722e-01   9.9400257225651578e-01   9.9403857362057257e-01   9.9408046839577069e-01   9.9412675334518819e-01   9.9417795672442699e-01   9.9423250141812203e-01   9.9429061967619048e-01   9.9435044939328332e-01   9.9441233023555631e-01   9.9447458910847308e-01   9.9453727030034123e-01   9.9459827819700464e-01   9.9465751037887240e-01   9.9471209600600274e-01   9.9476035839571209e-01   9.9479649016977079e-01   9.9481301024205793e-01   9.9479256980231923e-01   9.9470529929975759e-01   9.9448980763267891e-01   9.9403053826057008e-01   9.9309876467786640e-01   9.9125412211328845e-01   9.8763893566757621e-01   9.8060657310129606e-01   9.6701995752312464e-01   9.4105710182603741e-01   8.9238351068521415e-01   8.0427231749168637e-01   6.5433108179203237e-01   4.2405642322279596e-01   1.2058459171375702e-01  -2.0795230521993047e-01  -4.9603875414848064e-01  -7.0566763213285522e-01  -8.3848315480494151e-01  -9.1544620616548666e-01  -9.5778869666018007e-01  -9.8044077666154250e-01  -9.9239113878368712e-01  -9.9865804580235518e-01  -1.0019406147110130e+00  -1.0036637774179740e+00  -1.0045732193457813e+00  -1.0050578254722822e+00  -1.0053199453066082e+00  -1.0054653559783975e+00  -1.0055487447223015e+00  -1.0055991392547179e+00  -1.0056315380101590e+00  -1.0056540277670643e+00  -1.0056703500519242e+00  -1.0056830414472935e+00  -1.0056931183267064e+00  -1.0057015570713399e+00  -1.0057083369730218e+00  -1.0057139163519881e+00  -1.0057180443892633e+00  -1.0057211380115678e+00  -1.0057228866302852e+00  -1.0057236973874510e+00  -1.0057231983514818e+00  -1.0057218013712745e+00  -1.0057190779309830e+00  -1.0057154389585814e+00  -1.0057103521470880e+00  -1.0057041764300088e+00  -1.0056962391233744e+00  -1.0056868634983731e+00  -1.0056751048191066e+00  -1.0056606419778009e+00  -1.0056409527964758e+00  -1.0056133523474198e+00  -1.0055711107016494e+00  -1.0055032582977605e+00  -1.0053864177053757e+00  -1.0051787082805348e+00  -1.0047973618767414e+00  -1.0040864374158138e+00  -1.0027441279960201e+00  -1.0001951000071718e+00  -9.9533595973325428e-01  -9.8607420912715904e-01  -9.6848521123361486e-01  -9.3542476773784400e-01  -8.7459473708890711e-01  -7.6714098300203726e-01  -5.9056386844073094e-01  -3.3252164086642816e-01  -1.3756623879843222e-02   3.0719323659723496e-01   5.7009716625194840e-01   7.5133659723380108e-01   8.6188364864801137e-01   9.2433055623029170e-01   9.5807151298237392e-01   9.7585867124583781e-01   9.8510563038457244e-01   9.8987307463251706e-01   9.9231215153088559e-01   9.9354897882702831e-01   9.9416370070815774e-01   9.9445823257380606e-01   9.9458530175379090e-01   9.9462612014060747e-01   9.9462013716616482e-01   9.9459025888469887e-01   9.9454622237659440e-01   9.9449562993234664e-01   9.9444044335223958e-01   9.9438425163793709e-01   9.9432721022269788e-01   9.9427154324341271e-01
   9.9361747327743555e-01   9.9355893587402688e-01   9.9350349868380572e-01   9.9345302253418799e-01   9.9340739162463265e-01   9.9336806145276146e-01   9.9333466756119770e-01   9.9330848989661513e-01   9.9328912985577500e-01   9.9327769070915450e-01   9.9327362062946345e-01   9.9327775154727305e-01   9.9328933609733838e-01   9.9330893768481254e-01   9.9333564049562262e-01   9.9336979006400905e-01   9.9341035523614152e-01   9.9345747484512625e-01   9.9350992218735668e-01   9.9356751715868452e-01   9.9362891227010897e-01   9.9369398877575599e-01   9.9376156082975764e-01   9.9383121408377872e-01   9.9390144026554617e-01   9.9397188065083431e-01   9.9404111676568219e-01   9.9410823055374753e-01   9.9417124146904068e-01   9.9422810972847886e-01   9.9427446521260687e-01   9.9430357789005441e-01   9.9430196920354186e-01   9.9424492294483757e-01   9.9408397212613075e-01   9.9372605164597450e-01   9.9298978913562064e-01   9.9152400905430782e-01   9.8864823078578068e-01   9.8305257293173631e-01   9.7223815452278950e-01   9.5152910986058714e-01   9.1248633448845018e-01   8.4093153243361307e-01   7.1625213728479364e-01   5.1688857109567632e-01   2.3792445365962689e-01  -8.7619506138620851e-02  -3.9609798199511759e-01  -6.3596089154985158e-01  -7.9548222512003408e-01  -8.9091129505387412e-01  -9.4447064112175827e-01  -9.7348478114918291e-01  -9.8892125036255307e-01  -9.9706512760812605e-01  -1.0013525159416108e+00  -1.0036116239057253e+00  -1.0048087503283674e+00  -1.0054475024650995e+00  -1.0057941073231975e+00  -1.0059852295902463e+00  -1.0060951198956445e+00  -1.0061603157200540e+00  -1.0062021104280623e+00  -1.0062298050832614e+00  -1.0062504747405678e+00  -1.0062657801519612e+00  -1.0062783923443803e+00  -1.0062879544202887e+00  -1.0062961184171728e+00  -1.0063020985006990e+00  -1.0063071174998184e+00  -1.0063102148264427e+00  -1.0063124164976374e+00  -1.0063127629095330e+00  -1.0063121969126496e+00  -1.0063097962594252e+00  -1.0063064344036645e+00  -1.0063012247664682e+00  -1.0062949789198246e+00  -1.0062868158220959e+00  -1.0062773538465399e+00  -1.0062653951736296e+00  -1.0062509076969059e+00  -1.0062318926858080e+00  -1.0062068818280250e+00  -1.0061708416034802e+00  -1.0061159584077599e+00  -1.0060257799057732e+00  -1.0058712865682968e+00  -1.0055950614700797e+00  -1.0050897180905440e+00  -1.0041487084053240e+00  -1.0023795566137836e+00  -9.9903201755468407e-01  -9.9268239656979762e-01  -9.8064640370029776e-01  -9.5796070851122939e-01  -9.1577522157890567e-01  -8.3944754301544722e-01  -7.0818421815918642e-01  -5.0132937848357617e-01  -2.1668157685529038e-01   1.0946687528389665e-01   4.1299720136099571e-01   6.4531895377436133e-01   7.9784830922986760e-01   8.8811782020869523e-01   9.3827571323582060e-01   9.6515906400056373e-01   9.7928371245832735e-01   9.8661846352701432e-01   9.9039858431470973e-01   9.9233001525139852e-01   9.9330533311640867e-01   9.9378426573366174e-01   9.9400671160738130e-01   9.9409406525013111e-01   9.9411125467454664e-01   9.9408982514085453e-01   9.9404833184818997e-01   9.9399472942622769e-01   9.9393528126920272e-01   9.9387191245926387e-01   9.9380760076572217e-01   9.9374259500710249e-01   9.9367924256365980e-01
   9.9301378242986260e-01   9.9294698838642559e-01   9.9288466768329320e-01   9.9282709639282307e-01   9.9277539677882731e-01   9.9272995499681449e-01   9.9269191760557329e-01   9.9266148042877822e-01   9.9263950544108315e-01   9.9262591132180034e-01   9.9262132486146082e-01   9.9262543143742510e-01   9.9263863361175653e-01   9.9266036458530471e-01   9.9269078124101084e-01   9.9272903419075287e-01   9.9277502535353990e-01   9.9282766867423689e-01   9.9288677369483547e-01   9.9295121772777439e-01   9.9302073883703224e-01   9.9309387109360214e-01   9.9317007669681101e-01   9.9324797367659623e-01   9.9332729218108173e-01   9.9340634643083914e-01   9.9348457918749866e-01   9.9356025145352778e-01   9.9363240426766908e-01   9.9369819974163420e-01   9.9375494709814705e-01   9.9379602698076042e-01   9.9381154720241627e-01   9.9378057651506135e-01   9.9366553834256688e-01   9.9339131409433690e-01   9.9281537236918693e-01   9.9165875580335594e-01   9.8938554451154648e-01   9.8496054911811193e-01   9.7641038736059194e-01   9.6001813537039460e-01   9.2899292198561678e-01   8.7158808439873725e-01   7.6962545696764395e-01   6.0087816658989301e-01   3.5163927366907888e-01   3.8920550791899988e-02  -2.8230598454726363e-01  -5.5131557595174252e-01  -7.4081095158130605e-01  -8.5872068038553317e-01  -9.2657947458418732e-01  -9.6392837188335567e-01  -9.8400691345917723e-01  -9.9467943087764288e-01  -1.0003301186837525e+00  -1.0033223399891338e+00  -1.0049139191133096e+00  -1.0057660270889366e+00  -1.0062286797245188e+00  -1.0064839525123543e+00  -1.0066295612384413e+00  -1.0067152075675916e+00  -1.0067692615962205e+00  -1.0068046955772227e+00  -1.0068301445743761e+00  -1.0068485721910752e+00  -1.0068634398422724e+00  -1.0068748403907921e+00  -1.0068844524411655e+00  -1.0068914819810271e+00  -1.0068971709850936e+00  -1.0069005811555813e+00  -1.0069028364121106e+00  -1.0069029456709799e+00  -1.0069019640622663e+00  -1.0068988718034959e+00  -1.0068946810231167e+00  -1.0068883213633946e+00  -1.0068807136644038e+00  -1.0068706385884116e+00  -1.0068588440345070e+00  -1.0068438429242570e+00  -1.0068258753556250e+00  -1.0068021405823191e+00  -1.0067703323370687e+00  -1.0067232139540616e+00  -1.0066507875885877e+00  -1.0065306317074658e+00  -1.0063236505279747e+00  -1.0059527246067901e+00  -1.0052753722036882e+00  -1.0040171562352647e+00  -1.0016613518358612e+00  -9.9722397440855715e-01  -9.8885383406668947e-01  -9.7309487142700601e-01  -9.4366440416341935e-01  -8.8967279262576593e-01  -7.9403433015462077e-01  -6.3498519744815451e-01  -3.9672683388333413e-01  -9.0739423703777522e-02   2.3269379890997366e-01   5.1104444096948731e-01   7.1113957143605511e-01   8.3705429436496226e-01   9.0973901591917739e-01   9.4960348989965904e-01   9.7084438553745900e-01   9.8197953697563545e-01   9.8775984931679717e-01   9.9073700000054121e-01   9.9225587900701839e-01   9.9301712677562626e-01   9.9338483034414504e-01   9.9354668689084891e-01   9.9360048267516898e-01   9.9359621721028768e-01   9.9356066641964935e-01   9.9350729399627524e-01   9.9344408693919961e-01   9.9337494687803973e-01   9.9330285885379765e-01   9.9322927068611999e-01   9.9315604464818419e-01   9.9308372545371904e-01
   9.9240546964842402e-01   9.9232948471915605e-01   9.9225850181038155e-01   9.9219263930704993e-01   9.9213393634859481e-01   9.9208218616053423e-01   9.9203904240620078e-01   9.9200415550884469e-01   9.9197901473700956e-01   9.9196311862691156e-01   9.9195766403513641e-01   9.9196187578038320e-01   9.9197660393124965e-01   9.9200079031197808e-01   9.9203497211171920e-01   9.9207786699476341e-01   9.9212977364218002e-01   9.9218921121852077e-01   9.9225617295504254e-01   9.9232887093243538e-01   9.9240709066783972e-01   9.9248916314507152e-01   9.9257499899603907e-01   9.9266269478363334e-01   9.9275179467359909e-01   9.9284055140279415e-01   9.9292863460282610e-01   9.9301391747144230e-01   9.9309571138892294e-01   9.9317128409898481e-01   9.9323841944889402e-01   9.9329148703082948e-01   9.9332255625835486e-01   9.9331474232617134e-01   9.9323825527642651e-01   9.9303362018178365e-01   9.9258856054716438e-01   9.9168383356570589e-01   9.8989913769047189e-01   9.8642356735715353e-01   9.7971061062517695e-01   9.6683728912642308e-01   9.4241187698739415e-01   8.9690106364107391e-01   8.1482852438092079e-01   6.7505970281000638e-01   4.5859295691832364e-01   1.6790343962083687e-01  -1.5606657019136239e-01  -4.5024407743043954e-01  -6.7184596982989175e-01  -8.1654410652887166e-01  -9.0249718845637883e-01  -9.5076912058331664e-01  -9.7706109241915984e-01  -9.9116573270444230e-01  -9.9868433635161535e-01  -1.0026894256747985e+00  -1.0048287471832187e+00  -1.0059794194268696e+00  -1.0066045859018349e+00  -1.0069502011444342e+00  -1.0071457532508374e+00  -1.0072606763453575e+00  -1.0073309650308979e+00  -1.0073767753716809e+00  -1.0074083259863580e+00  -1.0074315888202918e+00  -1.0074490929153657e+00  -1.0074628082144488e+00  -1.0074733800060280e+00  -1.0074816654187222e+00  -1.0074876803050368e+00  -1.0074918191873734e+00  -1.0074939129388452e+00  -1.0074942040688915e+00  -1.0074925106778012e+00  -1.0074889962366371e+00  -1.0074834848577039e+00  -1.0074760565257341e+00  -1.0074665215756966e+00  -1.0074547952585771e+00  -1.0074404427690482e+00  -1.0074227151374042e+00  -1.0074001615420485e+00  -1.0073703184545792e+00  -1.0073288884529112e+00  -1.0072675012448544e+00  -1.0071704744151622e+00  -1.0070084639617447e+00  -1.0067271504269235e+00  -1.0062235068168870e+00  -1.0053041224652475e+00  -1.0036034497952846e+00  -1.0004323818888767e+00  -9.9449301248688082e-01  -9.8336081663866726e-01  -9.6257549867544812e-01  -9.2419878006246403e-01  -8.5499715053616809e-01  -7.3566941172394784e-01  -5.4533428946755036e-01  -2.7693725102913003e-01   4.2045862752010665e-02   3.5204257241992559e-01   5.9944876585006546e-01   7.6756042346315700e-01   8.6961738183098047e-01   9.2736113236216178e-01   9.5871848921291158e-01   9.7535913049779044e-01   9.8407195793633406e-01   9.8859520520110100e-01   9.9092295069037528e-01   9.9210720029009303e-01   9.9269411643364447e-01   9.9297012890205139e-01   9.9308131798501809e-01   9.9310589878672206e-01   9.9308232179161904e-01   9.9303300089429003e-01   9.9296779573003235e-01   9.9289427336068892e-01   9.9281477384691397e-01   9.9273300374035722e-01   9.9264938914781475e-01   9.9256642147512630e-01   9.9248436837677778e-01
   9.9179034394145449e-01   9.9170421846855805e-01   9.9162344725606255e-01   9.9154877251831497e-01   9.9148135099958967e-01   9.9142204761535302e-01   9.9137202309515771e-01   9.9133194485879006e-01   9.9130260629331390e-01   9.9128433704855312e-01   9.9127757496522517e-01   9.9128234136400994e-01   9.9129871663817715e-01   9.9132639488536611e-01   9.9136507513010097e-01   9.9141410622568515e-01   9.9147280734697574e-01   9.9154026050601340e-01   9.9161560475534305e-01   9.9169791261400064e-01   9.9178619286291003e-01   9.9187921141412705e-01   9.9197563274937095e-01   9.9207439547868437e-01   9.9217441869000800e-01   9.9227445614952614e-01   9.9237312806890310e-01   9.9246935063637576e-01   9.9256146515224075e-01   9.9264778195710213e-01   9.9272554512432676e-01   9.9279083708906235e-01   9.9283635257226521e-01   9.9284944840533718e-01   9.9280561166269898e-01   9.9265900801264095e-01   9.9232065952514148e-01   9.9162047627864391e-01   9.9022998082654290e-01   9.8752007221268578e-01   9.8228784217568421e-01   9.7225946725060419e-01   9.5320791683624106e-01   9.1754019792369168e-01   8.5246860204395047e-01   7.3906494315615257e-01   5.5618198141832131e-01   2.9496969833670456e-01  -2.0330747664510929e-02  -3.3226712338716491e-01  -5.8594119398388012e-01  -7.6152874765193013e-01  -8.7006309490723599e-01  -9.3260394009989789e-01  -9.6723971680682719e-01  -9.8603284860327967e-01  -9.9613499678775130e-01  -1.0015527840463914e+00  -1.0044628132313491e+00  -1.0060354033294803e+00  -1.0068922099727950e+00  -1.0073667001828297e+00  -1.0076340209732377e+00  -1.0077900341743247e+00  -1.0078840820546069e+00  -1.0079445100194793e+00  -1.0079845190581240e+00  -1.0080133577716923e+00  -1.0080342923588468e+00  -1.0080508816974070e+00  -1.0080632156986791e+00  -1.0080730615319804e+00  -1.0080797135115653e+00  -1.0080844757740748e+00  -1.0080864471974726e+00  -1.0080867372282580e+00  -1.0080843711265577e+00  -1.0080803497981079e+00  -1.0080736526931418e+00  -1.0080651579637205e+00  -1.0080537006269932e+00  -1.0080398812536502e+00  -1.0080221564785079e+00  -1.0080004980349708e+00  -1.0079721665269883e+00  -1.0079346306208583e+00  -1.0078803573553305e+00  -1.0077984472096044e+00  -1.0076663287805785e+00  -1.0074446211751684e+00  -1.0070568441832015e+00  -1.0063634637338121e+00  -1.0051000657599596e+00  -1.0027739129006998e+00  -9.9845860943896014e-01  -9.9042871373008035e-01  -9.7549334226437989e-01  -9.4789042115503808e-01  -8.9765652683086328e-01  -8.0904479359383386e-01  -6.6137624205753776e-01  -4.3764130721548822e-01  -1.4371075548405132e-01   1.7726582369049493e-01   4.6385399528711968e-01   6.7704714233885932e-01   8.1497870637208303e-01   8.9627776644565382e-01   9.4156232314698740e-01   9.6597835558968559e-01   9.7890243818971556e-01   9.8566749985650315e-01   9.8917975628425647e-01   9.9098546276300514e-01   9.9189882639508387e-01   9.9234448341013604e-01   9.9254435862030144e-01   9.9261325633714614e-01   9.9261164583765527e-01   9.9257062781207028e-01   9.9250725849457655e-01   9.9243028917336418e-01   9.9234519843352642e-01   9.9225491328133497e-01   9.9216179500759716e-01   9.9206731974642171e-01   9.9197324295565548e-01   9.9188042437319623e-01
   9.9116697597942161e-01   9.9106884919242788e-01   9.9097576633458140e-01   9.9089000714505715e-01   9.9081219502212448e-01   9.9074421927241541e-01   9.9068633786475391e-01   9.9064017689935091e-01   9.9060581531516045e-01   9.9058458386256554e-01   9.9057620213508102e-01   9.9058154152488809e-01   9.9059986607906403e-01   9.9063156874710678e-01   9.9067549317956216e-01   9.9073164527540314e-01   9.9079855985294851e-01   9.9087593367502613e-01   9.9096196069476283e-01   9.9105595838205107e-01   9.9115591891641430e-01   9.9126128770639266e-01   9.9137025216403141e-01   9.9148204753696145e-01   9.9159453662049013e-01   9.9170717530511088e-01   9.9181805029923187e-01   9.9192635457418821e-01   9.9202999876486475e-01   9.9212791976570691e-01   9.9221709056823915e-01   9.9229474750120961e-01   9.9235436462751192e-01   9.9238636601485719e-01   9.9237086889196890e-01   9.9227252476912708e-01   9.9202151801215765e-01   9.9148648892857838e-01   9.9041294751604669e-01   9.8831632311134632e-01   9.8426960140692721e-01   9.7652133470876867e-01   9.6179938975380797e-01   9.3415780571021734e-01   8.8330376402441868e-01   7.9306509622911270e-01   6.4259340827436195e-01   4.1571485920747864e-01   1.2042368863124714e-01  -1.9853138554765537e-01  -4.8091286740305017e-01  -6.9039326082100261e-01  -8.2646149271987257e-01  -9.0748593997661919e-01  -9.5332751032354501e-01  -9.7855838415929430e-01  -9.9226264028666566e-01  -9.9967063232955833e-01  -1.0036771699468043e+00  -1.0058535731053049e+00  -1.0070452648017356e+00  -1.0077057566312393e+00  -1.0080784327292900e+00  -1.0082941168497710e+00  -1.0084229998188177e+00  -1.0085035137214988e+00  -1.0085564060229300e+00  -1.0085930813882258e+00  -1.0086194242253383e+00  -1.0086390299041075e+00  -1.0086536844693301e+00  -1.0086647250991110e+00  -1.0086725522498166e+00  -1.0086777098579911e+00  -1.0086801286112865e+00  -1.0086801348374510e+00  -1.0086775029162978e+00  -1.0086724861840342e+00  -1.0086647412296479e+00  -1.0086544350833049e+00  -1.0086410264706271e+00  -1.0086244058765306e+00  -1.0086033796652152e+00  -1.0085766870319233e+00  -1.0085410236239067e+00  -1.0084917317676858e+00  -1.0084193609183827e+00  -1.0083076571532203e+00  -1.0081251201235313e+00  -1.0078154652786451e+00  -1.0072733447764191e+00  -1.0063045532301886e+00  -1.0045462387985047e+00  -1.0013250959424844e+00  -9.9538777059393935e-01  -9.8442212419160757e-01  -9.6421832369437421e-01  -9.2734860000534802e-01  -8.6147973960013491e-01  -7.4852198330288644e-01  -5.6823530136980005e-01  -3.1161460170805944e-01  -6.6617753369391242e-04   3.0984285956027469e-01   5.6514728786909174e-01   7.4342086234785576e-01   8.5408803076844020e-01   9.1780094179341321e-01   9.5287506992976756e-01   9.7169584603575909e-01   9.8164548278377983e-01   9.8685593909869751e-01   9.8956062065899464e-01   9.9094859215491882e-01   9.9164378914592488e-01   9.9197482076755139e-01   9.9211155792357975e-01   9.9214446623708907e-01   9.9211927058839133e-01   9.9206172867728637e-01   9.9198410020894845e-01   9.9189473256221861e-01   9.9179702522702040e-01   9.9169465369478427e-01   9.9158884366642297e-01   9.9148205125579447e-01   9.9137482271745692e-01   9.9126960924779883e-01
   9.9053053263845825e-01   9.9041725715513551e-01   9.9030996446770081e-01   9.9021041910056729e-01   9.9011966937462625e-01   9.9003960299263705e-01   9.8997134117415997e-01   9.8991650669012143e-01   9.8987579915469148e-01   9.8985031444240112e-01   9.8984024690382610e-01   9.8984612690421636e-01   9.8986759852999751e-01   9.8990458848940477e-01   9.8995617681433479e-01   9.9002170311668281e-01   9.9009974768109976e-01   9.9018922473903948e-01   9.9028852508033016e-01   9.9039650847388838e-01   9.9051151774362145e-01   9.9063209158502752e-01   9.9075632761969856e-01   9.9088297437729378e-01   9.9101055954797135e-01   9.9113768059820551e-01   9.9126272219863010e-01   9.9138451360925295e-01   9.9150140945000331e-01   9.9161184155040871e-01   9.9171365297284708e-01   9.9180391050935823e-01   9.9187781270753872e-01   9.9192713020114076e-01   9.9193681353231344e-01   9.9187870666689160e-01   9.9169945393687620e-01   9.9129718781787235e-01   9.9047742745628831e-01   9.8886871046795732e-01   9.8576438082204065e-01   9.7982748958576371e-01   9.6855727763550759e-01   9.4736894618899314e-01   9.0816913625843387e-01   8.3766293422990024e-01   7.1691565257230117e-01   5.2629942358779946e-01   2.6061558459780232e-01  -5.2310613441477138e-02  -3.5579124216577057e-01  -5.9974738593954502e-01  -7.6817380526271395e-01  -8.7275777976116808e-01  -9.3358194023731500e-01  -9.6767683312268338e-01  -9.8643544787444992e-01  -9.9667431774672022e-01  -1.0022566305483418e+00  -1.0053087887340004e+00  -1.0069896420362048e+00  -1.0079243735370942e+00  -1.0084526924969739e+00  -1.0087569166700594e+00  -1.0089379480448910e+00  -1.0090489113856955e+00  -1.0091204130726703e+00  -1.0091679705683174e+00  -1.0092017674978655e+00  -1.0092259762536318e+00  -1.0092442367450509e+00  -1.0092572258415675e+00  -1.0092666715078145e+00  -1.0092722969498329e+00  -1.0092752092157795e+00  -1.0092748024149167e+00  -1.0092719048667433e+00  -1.0092657609955737e+00  -1.0092569997784282e+00  -1.0092446700742741e+00  -1.0092290330956706e+00  -1.0092086050200160e+00  -1.0091827456655089e+00  -1.0091485097714203e+00  -1.0091025341000035e+00  -1.0090366906419954e+00  -1.0089380435387068e+00  -1.0087815556512314e+00  -1.0085239439139815e+00  -1.0080838679856792e+00  -1.0073137190915584e+00  -1.0059401051557739e+00  -1.0034604666747071e+00  -9.9894492665291956e-01  -9.9068531121899450e-01  -9.7556662949457940e-01  -9.4803404417448434e-01  -8.9859084378340404e-01  -8.1234246141008692e-01  -6.6970989304091788e-01  -4.5403595234159444e-01  -1.6900981158517270e-01   1.4680738534988114e-01   4.3475085289858317e-01   6.5393841032780764e-01   7.9881501254689269e-01   8.8577181343501321e-01   9.3493769654256109e-01   9.6177960096162463e-01   9.7614239999123531e-01   9.8373455052164671e-01   9.8771317071656550e-01   9.8977774912680427e-01   9.9083259564333426e-01   9.9135328917139387e-01   9.9159071071735250e-01   9.9167532470385988e-01   9.9167659596860513e-01   9.9163018568175298e-01   9.9155600339964312e-01   9.9146403046971587e-01   9.9136079361040474e-01   9.9124943941067056e-01   9.9113300790706527e-01   9.9101285063978606e-01   9.9089116645801134e-01   9.9076915587611880e-01   9.9064857271031881e-01
   9.8987366046157743e-01   9.8974057016460615e-01   9.8961380488322059e-01   9.8949500565914339e-01   9.8938679409791308e-01   9.8929056586739561e-01   9.8920855730651513e-01   9.8914188614336251e-01   9.8909245947876456e-01   9.8906092619432162e-01   9.8904851820704387e-01   9.8905508962453115e-01   9.8908099391105297e-01   9.8912521937219378e-01   9.8918730406236777e-01   9.8926554746573514e-01   9.8935893042175727e-01   9.8946530551198342e-01   9.8958323424950767e-01   9.8971019481216005e-01   9.8984461771244270e-01   9.8998426393104400e-01   9.9012795671467146e-01   9.9027341159928839e-01   9.9041927997639756e-01   9.9056365317302719e-01   9.9070559161025040e-01   9.9084304738650797e-01   9.9097510558590085e-01   9.9109968432532369e-01   9.9121538273178988e-01   9.9131913418679429e-01   9.9140754176362189e-01   9.9147346650318680e-01   9.9150568159671582e-01   9.9148179278320792e-01   9.9136137232120880e-01   9.9106593133503673e-01   9.9044805720358475e-01   9.8922535256057265e-01   9.8686405363471752e-01   9.8235390607606066e-01   9.7380618605207225e-01   9.5773785708494907e-01   9.2791552827303947e-01   8.7376069524355560e-01   7.7909753788933911e-01   6.2394624230062923e-01   3.9436310099458594e-01   1.0090070946028301e-01  -2.1174282205247175e-01  -4.8676266832281762e-01  -6.9110515588995247e-01  -8.2489731143837985e-01  -9.0553301913661888e-01  -9.5181706685430933e-01  -9.7769880260682551e-01  -9.9199663300135943e-01  -9.9986566052692416e-01  -1.0042032681043311e+00  -1.0066075485228743e+00  -1.0079520300713392e+00  -1.0087139102899487e+00  -1.0091531485893743e+00  -1.0094123991544224e+00  -1.0095699097822919e+00  -1.0096694730075333e+00  -1.0097347533932812e+00  -1.0097793564352482e+00  -1.0098105388877656e+00  -1.0098330025496662e+00  -1.0098489591665920e+00  -1.0098601528931863e+00  -1.0098670475823837e+00  -1.0098704026025187e+00  -1.0098701045961391e+00  -1.0098665754337774e+00  -1.0098594279073636e+00  -1.0098488483171382e+00  -1.0098341232852230e+00  -1.0098150022424379e+00  -1.0097899756108193e+00  -1.0097574152938746e+00  -1.0097132517549190e+00  -1.0096515007019300e+00  -1.0095605740966329e+00  -1.0094212980159074e+00  -1.0091976857912324e+00  -1.0088259137220377e+00  -1.0081891441827582e+00  -1.0070765899240659e+00  -1.0051011534137544e+00  -1.0015565752291502e+00  -9.9515040943049771e-01  -9.8353632387689438e-01  -9.6251058790848676e-01  -9.2477384869170476e-01  -8.5839718980199686e-01  -7.4614360124131296e-01  -5.6894601718693505e-01  -3.1824712147931355e-01  -1.4157560503408384e-02   2.9218147456743698e-01   5.4777847887074127e-01   7.2935216513078527e-01   8.4399024467572681e-01   9.1100463324846481e-01   9.4839573632653096e-01   9.6870048016188648e-01   9.7955225677565438e-01   9.8529342868183634e-01   9.8830384740496102e-01   9.8986443111430467e-01   9.9065508797516555e-01   9.9103645934686679e-01   9.9119736498084787e-01   9.9123837703886908e-01   9.9121142150858110e-01   9.9114514996615743e-01   9.9105393650684848e-01   9.9094678428646921e-01   9.9082793738095709e-01   9.9070114702279943e-01   9.9056799497456294e-01   9.9043100252064775e-01   9.9029117934489230e-01   9.9015063089626876e-01   9.9001069045913936e-01
   9.8917993911446356e-01   9.8901934004189562e-01   9.8886508747433510e-01   9.8871922944015000e-01   9.8858460492958478e-01   9.8846370132944905e-01   9.8835958664978296e-01   9.8827454534556791e-01   9.8821101663926136e-01   9.8817042741502892e-01   9.8815414700230719e-01   9.8816241307923169e-01   9.8819528030691339e-01   9.8825167457203733e-01   9.8833036568909816e-01   9.8842915066429637e-01   9.8854584566093873e-01   9.8867762128151027e-01   9.8882202892586646e-01   9.8897635576121723e-01   9.8913832140269364e-01   9.8930522751707395e-01   9.8947483296364014e-01   9.8964505294414107e-01   9.8981440236045914e-01   9.8998097290700016e-01   9.9014331850105197e-01   9.9030002182554056e-01   9.9044975493272525e-01   9.9059096902775523e-01   9.9072211154967027e-01   9.9084091458959989e-01   9.9094425928677432e-01   9.9102683700581085e-01   9.9107950761210262e-01   9.9108543629890467e-01   9.9101331385827629e-01   9.9080405100944247e-01   9.9034582852767983e-01   9.8942684435199646e-01   9.8764653545221093e-01   9.8425043203541085e-01   9.7782720293542669e-01   9.6576929739103168e-01   9.4336361659510826e-01   9.0242774483557253e-01   8.2979235862071610e-01   7.0719175229908549e-01   5.1645496354048037e-01   2.5394677140375860e-01  -5.2849276068058781e-02  -3.5025815131399740e-01  -5.9105814844078197e-01  -7.5946960842363676e-01  -8.6575556847020718e-01  -9.2867833116511156e-01  -9.6460956014819244e-01  -9.8475952355019469e-01  -9.9597766716913649e-01  -1.0022209609703834e+00  -1.0057091171330290e+00  -1.0076736181523942e+00  -1.0087916930366503e+00  -1.0094382076094253e+00  -1.0098190774911879e+00  -1.0100495356640344e+00  -1.0101925341570996e+00  -1.0102847921660227e+00  -1.0103460190587936e+00  -1.0103884436842545e+00  -1.0104179045271446e+00  -1.0104387915984532e+00  -1.0104526725308065e+00  -1.0104614720822029e+00  -1.0104653481475203e+00  -1.0104652921768582e+00  -1.0104608825043762e+00  -1.0104526267427469e+00  -1.0104396851220514e+00  -1.0104219969235009e+00  -1.0103979233766487e+00  -1.0103660924542459e+00  -1.0103227688484457e+00  -1.0102630163517223e+00  -1.0101768148037611e+00  -1.0100478003459263e+00  -1.0098454950094162e+00  -1.0095175027156085e+00  -1.0089691497222029e+00  -1.0080315217938380e+00  -1.0063980618112669e+00  -1.0035159973121106e+00  -9.9838248374954564e-01  -9.8918826471974286e-01  -9.7269647617455723e-01  -9.4324606743404749e-01  -8.9136283266191496e-01  -8.0254085965736022e-01  -6.5827026894851848e-01  -4.4356925796025981e-01  -1.6311602404999503e-01   1.4611623407263630e-01   4.2886510845687154e-01   6.4609758727635946e-01   7.9153353107258939e-01   8.8004587541890489e-01   9.3077254541354382e-01   9.5882026283985633e-01   9.7400709981343048e-01   9.8212558187904364e-01   9.8642644598990081e-01   9.8868272495913445e-01   9.8984849815513487e-01   9.9043121607396012e-01   9.9070086515782663e-01   9.9079943087377997e-01   9.9080280767609419e-01   9.9075050422426658e-01   9.9066437301328414e-01   9.9055561544191606e-01   9.9043122564627528e-01   9.9029473175274152e-01   9.9014912634019092e-01   9.8999604187812074e-01   9.8983743614580788e-01   9.8967464742265587e-01   9.8950980163731916e-01   9.8934413637072083e-01
   9.8842040503841533e-01   9.8821781577548240e-01   9.8801951244096220e-01   9.8782970291503602e-01   9.8765213784337258e-01   9.8749136985362274e-01   9.8735116441883086e-01   9.8723586903024074e-01   9.8714870000917876e-01   9.8709290365777891e-01   9.8707006354126081e-01   9.8708135341751091e-01   9.8712606071765363e-01   9.8720302625162204e-01   9.8730940201991690e-01   9.8744225405591046e-01   9.8759744996237819e-01   9.8777124480466516e-01   9.8795908762675155e-01   9.8815715521919389e-01   9.8836131303359076e-01   9.8856875609669992e-01   9.8877654614019561e-01   9.8898257440212467e-01   9.8918434363853447e-01   9.8938067840825183e-01   9.8956991848048548e-01   9.8975106211674613e-01   9.8992267596271499e-01   9.9008394842146075e-01   9.9023317537217492e-01   9.9036902008291716e-01   9.9048858088644454e-01   9.9058816380246395e-01   9.9066028936980632e-01   9.9069254338089041e-01   9.9066076729547325e-01   9.9052092496916200e-01   9.9018882702332534e-01   9.8950707725645837e-01   9.8817783718556562e-01   9.8564341563940461e-01   9.8086112852408847e-01   9.7190500827520943e-01   9.5527227745648058e-01   9.2478700695434268e-01   8.7014186193297882e-01   7.7585711311048366e-01   6.2316771250277736e-01   3.9921565788197499e-01   1.1375488066871614e-01  -1.9203780507588875e-01  -4.6475165751975045e-01  -6.7137165785507058e-01  -8.0968216290294570e-01  -8.9494823276288660e-01  -9.4499407625964715e-01  -9.7360240839647427e-01  -9.8975938145971076e-01  -9.9885409362667599e-01  -1.0039851971591474e+00  -1.0068982879491299e+00  -1.0085682385095129e+00  -1.0095381196473467e+00  -1.0101106196463476e+00  -1.0104557496423743e+00  -1.0106691023041821e+00  -1.0108048205066937e+00  -1.0108934670241627e+00  -1.0109529505584538e+00  -1.0109935173676419e+00  -1.0110214236551800e+00  -1.0110400486411275e+00  -1.0110516087037298e+00  -1.0110570855578969e+00  -1.0110572684411332e+00  -1.0110521882114289e+00  -1.0110419260196521e+00  -1.0110258016306017e+00  -1.0110030630019857e+00  -1.0109717851914901e+00  -1.0109292525910405e+00  -1.0108701366214166e+00  -1.0107858960574907e+00  -1.0106611687323581e+00  -1.0104703270315425e+00  -1.0101680650404490e+00  -1.0096752849876460e+00  -1.0088507826512525e+00  -1.0074446390250331e+00  -1.0050096042981429e+00  -1.0007452614935703e+00  -9.9321817897949738e-01  -9.7988030962416461e-01  -9.5626894424176645e-01  -9.1482647387058369e-01  -8.4356756015960888e-01  -7.2584076659474339e-01  -5.4436340679393902e-01  -2.9333766673754974e-01   5.5911394602705111e-03   3.0342961807463759e-01   5.5138954861698319e-01   7.2848111040972474e-01   8.4141950251488851e-01   9.0824974691108118e-01   9.4601557519481250e-01   9.6678240531235593e-01   9.7801684916385145e-01   9.8403102412447785e-01   9.8722171347408572e-01   9.8889528949635674e-01   9.8975377857542479e-01   9.9017334488030273e-01   9.9035328735319894e-01   9.9040039860808093e-01   9.9037057190536271e-01   9.9029445763186252e-01   9.9018773203736354e-01   9.9005978279375062e-01   9.8991515278054820e-01   9.8975737054654511e-01   9.8958802014989755e-01   9.8940907306427028e-01   9.8922159807989629e-01   9.8902739466462686e-01   9.8882754092678637e-01   9.8862458397973363e-01
   9.8753616728595661e-01   9.8726321236595060e-01   9.8699140089672310e-01   9.8672608982312582e-01   9.8647338197311663e-01   9.8624046907406349e-01   9.8603473785856544e-01   9.8586356039276613e-01   9.8573334267947821e-01   9.8564938754541298e-01   9.8561510591032464e-01   9.8563204866169984e-01   9.8569944135355381e-01   9.8581456161289260e-01   9.8597269157907708e-01   9.8616780747037125e-01   9.8639282623709001e-01   9.8664045091681984e-01   9.8690352884106691e-01   9.8717570991206238e-01   9.8745135483161595e-01   9.8772564531611218e-01   9.8799459136556844e-01   9.8825550049717037e-01   9.8850652979449527e-01   9.8874617695516853e-01   9.8897339562781517e-01   9.8918764608454735e-01   9.8938831748872669e-01   9.8957484819427444e-01   9.8974655303515902e-01   9.8990232771840958e-01   9.9004047266106476e-01   9.9015796696791858e-01   9.9024957241150946e-01   9.9030560952369640e-01   9.9030836440543846e-01   9.9022459058351853e-01   9.8999223302278383e-01   9.8949458423847536e-01   9.8851313941072871e-01   9.8663895518460154e-01   9.8311128356330246e-01   9.7652482902899040e-01   9.6431870038042011e-01   9.4192992801040076e-01   9.0155361087759489e-01   8.3080269624727010e-01   7.1266644353129016e-01   5.3012074953415977e-01   2.7879921726090173e-01  -1.7929123003020631e-02  -3.1144771893856132e-01  -5.5565437545028673e-01  -7.3163228855113771e-01  -8.4600788751711598e-01  -9.1562034384365421e-01  -9.5642306429801682e-01  -9.7988812644939616e-01  -9.9328205449125007e-01  -1.0009265405381702e+00  -1.0053095598660988e+00  -1.0078436790726886e+00  -1.0093251965346735e+00  -1.0102045176743883e+00  -1.0107352663621942e+00  -1.0110625300124165e+00  -1.0112687343837903e+00  -1.0114023685769438e+00  -1.0114906859460620e+00  -1.0115503492351547e+00  -1.0115904000900378e+00  -1.0116170114013632e+00  -1.0116331286481839e+00  -1.0116411993304755e+00  -1.0116418342328939e+00  -1.0116358631539144e+00  -1.0116226623835112e+00  -1.0116018489603573e+00  -1.0115713441155092e+00  -1.0115286566313662e+00  -1.0114684392030147e+00  -1.0113829020853629e+00  -1.0112578625176258e+00  -1.0110703396609291e+00  -1.0107795559231252e+00  -1.0103160748798112e+00  -1.0095582059421857e+00  -1.0082944546041319e+00  -1.0061507429779573e+00  -1.0024668719542320e+00  -9.9607380935137579e-01  -9.8491152251276515e-01  -9.6538621814838244e-01  -9.3138787230837383e-01  -8.7303484349011251e-01  -7.7586789354181462e-01  -6.2268770389010153e-01  -4.0179304789720266e-01  -1.2195272316368277e-01   1.7885011582820587e-01   4.4948461570077863e-01   6.5626917980775479e-01   7.9516678455076473e-01   8.8045187968218475e-01   9.2990009532561091e-01   9.5758940400002723e-01   9.7277587181279468e-01   9.8099837794037481e-01   9.8540941985968167e-01   9.8775297489592873e-01   9.8897923846913627e-01   9.8960041132990839e-01   9.8989159861092313e-01   9.8999951783085682e-01   9.9000277912339363e-01   9.8994303073752210e-01   9.8984281940169117e-01   9.8971398579969205e-01   9.8956319374101487e-01   9.8939386097015891e-01   9.8920815319730793e-01   9.8900713032388221e-01   9.8879184437300427e-01   9.8856283243281251e-01   9.8832123662463645e-01   9.8806833296798979e-01   9.8780583629564589e-01
   9.8641444837723991e-01   9.8601627859042262e-01   9.8561007271249945e-01   9.8520481299428564e-01   9.8481205322347698e-01   9.8444422906945084e-01   9.8411512969486548e-01   9.8383801419690831e-01   9.8362556497208176e-01   9.8348769262912406e-01   9.8343151865781442e-01   9.8345965874084018e-01   9.8357091150322518e-01   9.8375944925744530e-01   9.8401638350024090e-01   9.8432975431649150e-01   9.8468658920463259e-01   9.8507306417857587e-01   9.8547635166963343e-01   9.8588446990978151e-01   9.8628788239892551e-01   9.8667906159997476e-01   9.8705319152387672e-01   9.8740662924238720e-01   9.8773761904277957e-01   9.8804549014249754e-01   9.8833074959466272e-01   9.8859369998579727e-01   9.8883542581421191e-01   9.8905644973740292e-01   9.8925745505076312e-01   9.8943829296791175e-01   9.8959854003034797e-01   9.8973625806174115e-01   9.8984807052516144e-01   9.8992682879020222e-01   9.8995971211940903e-01   9.8992207306023050e-01   9.8976850117618265e-01   9.8941345748746801e-01   9.8869801793001122e-01   9.8732558466635378e-01   9.8474702638431744e-01   9.7994995202096669e-01   9.7108956143833991e-01   9.5485952443601430e-01   9.2551215545965282e-01   8.7357587536615211e-01   7.8492613276859591e-01   6.4228158771141142e-01   4.3277112629482284e-01   1.6230977278520708e-01  -1.3480550124742163e-01  -4.0919822436777409e-01  -6.2539154801759156e-01  -7.7577695431746074e-01  -8.7181229084500711e-01  -9.3000700597284580e-01  -9.6426938933353978e-01  -9.8417281751265784e-01  -9.9569163874745348e-01  -1.0023744298300392e+00  -1.0062775935170398e+00  -1.0085801878470078e+00  -1.0099557363051137e+00  -1.0107904303095956e+00  -1.0113061825853611e+00  -1.0116313183729480e+00  -1.0118403455624079e+00  -1.0119773384605795e+00  -1.0120683929205816e+00  -1.0121292492092515e+00  -1.0121691927322327e+00  -1.0121938528657923e+00  -1.0122064020609383e+00  -1.0122086089820692e+00  -1.0122010461021036e+00  -1.0121834114240424e+00  -1.0121542969319959e+00  -1.0121109923286771e+00  -1.0120487233364235e+00  -1.0119595031052304e+00  -1.0118299439985532e+00  -1.0116376059013574e+00  -1.0113448271032628e+00  -1.0108880300026337e+00  -1.0101588803817396e+00  -1.0089705106809252e+00  -1.0069988731959534e+00  -1.0036800297744237e+00  -9.9803000550342336e-01  -9.8833265461749220e-01  -9.7161952358809511e-01  -9.4285282361389278e-01  -8.9381474130278915e-01  -8.1210700834387639e-01  -6.8174065620894031e-01  -4.8840631511582033e-01  -2.3173768187993116e-01   6.2172152955199622e-02   3.4598239250390206e-01   5.7779242254312413e-01   7.4226852718483249e-01   8.4748377881455883e-01   9.1030327705113112e-01   9.4622806080621036e-01   9.6624383626962240e-01   9.7721937597788000e-01   9.8317510772333883e-01   9.8637792730817497e-01   9.8808074589363115e-01   9.8896622543062185e-01   9.8940463240620691e-01   9.8959467757941222e-01   9.8964369340918323e-01   9.8960847971269450e-01   9.8951996318392499e-01   9.8939393489076344e-01   9.8923920056932180e-01   9.8905960464029119e-01   9.8885735070920511e-01   9.8863262400629170e-01   9.8838555216117796e-01   9.8811517802448534e-01   9.8782132599315131e-01   9.8750329134187542e-01   9.8716159281624982e-01   9.8679758251451632e-01
   9.8483286825435201e-01   9.8420081127897352e-01   9.8354086079302960e-01   9.8286867483931595e-01   9.8220440279305810e-01   9.8157238335874863e-01   9.8099927559522460e-01   9.8051219423976610e-01   9.8013599960303743e-01   9.7989120032675969e-01   9.7979155496060066e-01   9.7984287987062180e-01   9.8004210995658092e-01   9.8037793379091998e-01   9.8083173039577742e-01   9.8137982906541799e-01   9.8199556704825164e-01   9.8265208334802190e-01   9.8332426136912754e-01   9.8399073466080789e-01   9.8463436799300497e-01   9.8524268600266640e-01   9.8580749269193335e-01   9.8632508178891243e-01   9.8679487144750322e-01   9.8721836760134940e-01   9.8759833480772163e-01   9.8793863991550679e-01   9.8824286831051356e-01   9.8851459214608350e-01   9.8875662812194109e-01   9.8897122938468407e-01   9.8915951187307349e-01   9.8932161275976238e-01   9.8945571012539424e-01   9.8955751111281709e-01   9.8961775490608916e-01   9.8961902714591221e-01   9.8952811279270203e-01   9.8928347766058522e-01   9.8877023351369697e-01   9.8777600503601837e-01   9.8590823095290947e-01   9.8244695637034485e-01   9.7608119159287121e-01   9.6445749369776346e-01   9.4344289199054887e-01   9.0605777635709439e-01   8.4130520327910863e-01   7.3397825299233299e-01   5.6805999647102401e-01   3.3675426684061660e-01   5.6078060872560398e-02  -2.3315462901073569e-01  -4.8579175352635079e-01  -6.7705450798940425e-01  -8.0713951777490778e-01  -8.8955617677302068e-01  -9.3961944797564478e-01  -9.6936729009312361e-01  -9.8688457688056896e-01  -9.9719230939191261e-01  -1.0032856554025074e+00  -1.0069184266395963e+00  -1.0091089908895070e+00  -1.0104483354198561e+00  -1.0112799197915341e+00  -1.0118054797693397e+00  -1.0121436196242375e+00  -1.0123651070599715e+00  -1.0125118135538966e+00  -1.0126094233637906e+00  -1.0126731658824502e+00  -1.0127126891251323e+00  -1.0127332972602119e+00  -1.0127382122510116e+00  -1.0127282639758159e+00  -1.0127031141668335e+00  -1.0126601419059233e+00  -1.0125948875761668e+00  -1.0124989699481930e+00  -1.0123591739505464e+00  -1.0121531629852465e+00  -1.0118448756819252e+00  -1.0113736525132218e+00  -1.0106383161117947e+00  -1.0094669962947618e+00  -1.0075683340067676e+00  -1.0044430742306776e+00  -9.9923351263900639e-01  -9.9046351084587125e-01  -9.7560935491480216e-01  -9.5041632826837996e-01  -9.0793942044309039e-01  -8.3753395282391585e-01  -7.2479713404896728e-01  -5.5483248223196069e-01  -3.2164242916287633e-01  -4.1048159045661892e-02   2.4687711247346555e-01   4.9715587711522508e-01   6.8476132836449310e-01   8.1010224177555368e-01   8.8739769550452108e-01   9.3266293151656710e-01   9.5833685076604180e-01   9.7261660921924475e-01   9.8046091223756959e-01   9.8473066819977950e-01   9.8703262698681460e-01   9.8825453323858548e-01   9.8888223028843003e-01   9.8917958969867859e-01   9.8928945182672923e-01   9.8928852406684720e-01   9.8921794152879228e-01   9.8909920614634994e-01   9.8894335579918824e-01   9.8875528386749645e-01   9.8853659069185529e-01   9.8828656044909158e-01   9.8800323166405402e-01   9.8768351928196518e-01   9.8732403526618051e-01   9.8692094830355570e-01   9.8647124996133073e-01   9.8597298468200378e-01   9.8542594107953640e-01
   9.8236255373199133e-01   9.8128025020402387e-01   9.8012531824623583e-01   9.7892732874312127e-01   9.7772564846184418e-01   9.7656808641318926e-01   9.7550772084629600e-01   9.7459921883937661e-01   9.7389349402840319e-01   9.7343279631622925e-01   9.7324571508713009e-01   9.7334420528622578e-01   9.7372187530345666e-01   9.7435505266048228e-01   9.7520524587196888e-01   9.7622375969983244e-01   9.7735653851099658e-01   9.7854957675033993e-01   9.7975304057608015e-01   9.8092484110554268e-01   9.8203251253471002e-01   9.8305430775129754e-01   9.8397816662321391e-01   9.8480001408043949e-01   9.8552181384529292e-01   9.8615034905774035e-01   9.8669476898395747e-01   9.8716509278767572e-01   9.8757132252699154e-01   9.8792261482615196e-01   9.8822669728177781e-01   9.8848988250143133e-01   9.8871673396603121e-01   9.8891017162305150e-01   9.8907105105087900e-01   9.8919772433952646e-01   9.8928461078941099e-01   9.8931975091433555e-01   9.8927975885930119e-01   9.8912068123991337e-01   9.8876079306746600e-01   9.8804928168056627e-01   9.8670902203410438e-01   9.8423362574535544e-01   9.7970431670868197e-01   9.7147208826746445e-01   9.5662736287692307e-01   9.3018029026528293e-01   8.8398298061488623e-01   8.0585221599183388e-01   6.8038650088199826e-01   4.9428710151981065e-01   2.4771020384233183e-01  -3.5166090188890720e-02  -3.1152689037892056e-01  -5.4294991756177557e-01  -7.1354953152622291e-01  -8.2824008657161419e-01  -9.0090585181950977e-01  -9.4540178405607844e-01  -9.7219412904105151e-01  -9.8823655798607346e-01  -9.9785867493330604e-01  -1.0036672128844066e+00  -1.0072083149295306e+00  -1.0093939076256231e+00  -1.0107626725497885e+00  -1.0116331362772328e+00  -1.0121955670959932e+00  -1.0125641216492385e+00  -1.0128084934428303e+00  -1.0129709070504462e+00  -1.0130775427365322e+00  -1.0131440079033776e+00  -1.0131798606010884e+00  -1.0131899453454549e+00  -1.0131762588846154e+00  -1.0131375852398963e+00  -1.0130700160081008e+00  -1.0129653530337630e+00  -1.0128100569118010e+00  -1.0125813833776016e+00  -1.0122426721812072e+00  -1.0117335235355960e+00  -1.0109551991328793e+00  -1.0097439734294529e+00  -1.0078271764454150e+00  -1.0047455638434735e+00  -9.9972336387598248e-01  -9.9144754885930619e-01  -9.7770397119832653e-01  -9.5480001025089600e-01  -9.1674088267415066e-01  -8.5429381620737477e-01  -7.5463260153672729e-01  -6.0335307697503460e-01  -3.9148965018884985e-01  -1.2719942703567400e-01   1.5761402517574730e-01   4.1912663955548557e-01   6.2563997548940276e-01   7.6980463544655120e-01   8.6180729293252289e-01   9.1710267814946111e-01   9.4909473731437966e-01   9.6717238662392579e-01   9.7723691812738589e-01   9.8278403543839299e-01   9.8581448958004791e-01   9.8745091921328221e-01   9.8831482708886553e-01   9.8874780767216186e-01   9.8893596850950471e-01   9.8898043088585930e-01   9.8893522339238138e-01   9.8882895464075404e-01   9.8867564179774403e-01   9.8848137673620406e-01   9.8824699431302943e-01   9.8797025242859815e-01   9.8764615897036301e-01   9.8726795568967241e-01   9.8682702886823537e-01   9.8631376825988737e-01   9.8571809519823561e-01   9.8503055034038445e-01   9.8424342761902628e-01   9.8335343063382308e-01
   9.7817124628819796e-01   9.7620841228330668e-01   9.7407893613864993e-01   9.7183796507799824e-01   9.6956250073018313e-01   9.6734831379797326e-01   9.6530415547177006e-01   9.6354233976137393e-01   9.6216838622884115e-01   9.6126955867685260e-01   9.6090542723644434e-01   9.6110051128218277e-01   9.6184168455191910e-01   9.6307938956147465e-01   9.6473384610291479e-01   9.6670381724167731e-01   9.6887787886370247e-01   9.7114513996749863e-01   9.7340527554766787e-01   9.7557522874238822e-01   9.7759321499841634e-01   9.7941889527860460e-01   9.8103219418567433e-01   9.8243013137186808e-01   9.8362275413471911e-01   9.8462789750120838e-01   9.8546805199905152e-01   9.8616714709942954e-01   9.8674816948821320e-01   9.8723169364566132e-01   9.8763541892694007e-01   9.8797354054098729e-01   9.8825719850771698e-01   9.8849428588309429e-01   9.8868992938771405e-01   9.8884601660269533e-01   9.8896089487032712e-01   9.8902743390849723e-01   9.8903008304115958e-01   9.8893818353461549e-01   9.8869451200782921e-01   9.8819323536438153e-01   9.8724095548641244e-01   9.8548564131665672e-01   9.8229161723786729e-01   9.7652050974927862e-01   9.6616176390128339e-01   9.4773799023651428e-01   9.1544336092483225e-01   8.6015251594051856e-01   7.6900317316165501e-01   6.2734647064794125e-01   4.2560192754187648e-01   1.7052345384436574e-01  -1.0845298970092154e-01  -3.6995422785290077e-01  -5.8266413721295041e-01  -7.3715762586777056e-01  -8.4076596792709779e-01  -9.0684901856169076e-01  -9.4783429315395906e-01  -9.7292994120818210e-01  -9.8825159078314617e-01  -9.9763960004391961e-01  -1.0034377052345280e+00  -1.0070577335243205e+00  -1.0093469716872676e+00  -1.0108153408796263e+00  -1.0117710122195593e+00  -1.0124014258876681e+00  -1.0128212847454228e+00  -1.0131014731435695e+00  -1.0132859077991134e+00  -1.0134017561725663e+00  -1.0134652319908473e+00  -1.0134851609992350e+00  -1.0134646852232676e+00  -1.0134020197254787e+00  -1.0132899955689387e+00  -1.0131146739866210e+00  -1.0128523449894036e+00  -1.0124644746808060e+00  -1.0118890269681904e+00  -1.0110259884106567e+00  -1.0097128167686207e+00  -1.0076831562061788e+00  -1.0044976744561724e+00  -9.9942841740822341e-01  -9.9126558989350344e-01  -9.7800114749365474e-01  -9.5633446278540557e-01  -9.2096348753931967e-01  -8.6375207829921019e-01  -7.7327622151513797e-01  -6.3611492073230513e-01  -4.4212799867164282e-01  -1.9440735563483302e-01   8.2490798979550306e-02   3.4847455055880000e-01   5.6854789377916592e-01   7.2878508080276305e-01   8.3466029314574008e-01   9.0006315867065534e-01   9.3872788109183192e-01   9.6095894096308521e-01   9.7351873286034285e-01   9.8053338207718232e-01   9.8441659762207434e-01   9.8654594293654818e-01   9.8769491421132871e-01   9.8829371493472418e-01   9.8857926169542798e-01   9.8868137979371551e-01   9.8866997244504384e-01   9.8858208990347252e-01   9.8843575744888956e-01   9.8823830353552933e-01   9.8798981212215675e-01   9.8768564875398579e-01   9.8731678635666464e-01   9.8687067374078463e-01   9.8633088157923043e-01   9.8567789160182717e-01   9.8488936714823550e-01   9.8394160180939716e-01   9.8281148828585119e-01   9.8147967858344831e-01   9.7993328400182400e-01
   9.7066720288257247e-01   9.6697562106545742e-01   9.6291868024544125e-01   9.5860479053833125e-01   9.5418799703980173e-01   9.4986200011802457e-01   9.4584755174966473e-01   9.4237433671707915e-01   9.3965849372319543e-01   9.3787956654457272e-01   9.3715980532745002e-01   9.3754981039492480e-01   9.3902223614584179e-01   9.4147524416725592e-01   9.4474450036504964e-01   9.4862237014958950e-01   9.5288054753540075e-01   9.5729318923948803e-01   9.6165659940734183e-01   9.6580386342325442e-01   9.6961283251193708e-01   9.7300806637272474e-01   9.7595656004360076e-01   9.7845974772518751e-01   9.8054422095668980e-01   9.8225322030396323e-01   9.8363784780861618e-01   9.8475056758810797e-01   9.8564103957861726e-01   9.8635332290751709e-01   9.8692448955600698e-01   9.8738465569734268e-01   9.8775715166222577e-01   9.8805949256986347e-01   9.8830391533478812e-01   9.8849815753147752e-01   9.8864535723413893e-01   9.8874363403531662e-01   9.8878394512029533e-01   9.8874621463970191e-01   9.8859116195027530e-01   9.8824585965171852e-01   9.8757679623154204e-01   9.8634236129009034e-01   9.8410796427723435e-01   9.8009887338245361e-01   9.7294853285920002e-01   9.6028617219366108e-01   9.3810255342476956e-01   8.9989942059464001e-01   8.3588169585965433e-01   7.3310327055025826e-01   5.7846363441401605e-01   3.6641300171071517e-01   1.0894399418198109e-01  -1.6221473762339234e-01  -4.0910003084296276e-01  -6.0656788277368345e-01  -7.4934058914838264e-01  -8.4560420477344167e-01  -9.0776464141179192e-01  -9.4697420773979801e-01  -9.7146448744789227e-01  -9.8674753531242465e-01  -9.9633226296753863e-01  -1.0023969160755306e+00  -1.0062783271638243e+00  -1.0087943876420884e+00  -1.0104466372347505e+00  -1.0115446353065680e+00  -1.0122806212052615e+00  -1.0127747429966414e+00  -1.0131020852010706e+00  -1.0133093720819977e+00  -1.0134246561973979e+00  -1.0134632790275995e+00  -1.0134306899601915e+00  -1.0133237395715380e+00  -1.0131298480471329e+00  -1.0128247939976398e+00  -1.0123676179766077e+00  -1.0116923544837286e+00  -1.0106935102443630e+00  -1.0092027121926836e+00  -1.0069495734830674e+00  -1.0034977318147900e+00  -9.9813812578107386e-01  -9.8971452681189065e-01  -9.7634327504593876e-01  -9.5498276574599428e-01  -9.2081997069113952e-01  -8.6654793816927900e-01  -7.8192494670005064e-01  -6.5468382312152906e-01  -4.7463382564735912e-01  -2.4195368085498026e-01   2.4522790628749402e-02   2.8942678591686366e-01   5.1734125262010711e-01   6.8974658990751747e-01   8.0755597704672399e-01   8.8239079143850496e-01   9.2764947454533986e-01   9.5416417443601853e-01   9.6938483262846009e-01   9.7800728703959883e-01   9.8284620920636367e-01   9.8553875664330426e-01   9.8701909076093797e-01   9.8781365840738689e-01   9.8821609537473210e-01   9.8838880770472270e-01   9.8842024008500373e-01   9.8835735820526027e-01   9.8822314879544093e-01   9.8802641722389084e-01   9.8776643739189196e-01   9.8743543462918915e-01   9.8701909822704093e-01   9.8649675366157785e-01   9.8584073442854059e-01   9.8501627920251178e-01   9.8398143473495792e-01   9.8268814168201490e-01   9.8108459188734942e-01   9.7911892137220013e-01   9.7674502823130260e-01   9.7393100116643305e-01
   9.5684094972222677e-01   9.4977468582655122e-01   9.4194510000597842e-01   9.3356588076342151e-01   9.2494512568098175e-01   9.1647266389787074e-01   9.0859314565982263e-01   9.0176743514067459e-01   8.9642729026923229e-01   8.9292952766032874e-01   8.9151635846018962e-01   8.9228767052731905e-01   8.9518942583247352e-01   9.0001982288623306e-01   9.0645241326440629e-01   9.1407271117988409e-01   9.2242298835517900e-01   9.3104862415084422e-01   9.3953950123342000e-01   9.4756083260002411e-01   9.5487019275191587e-01   9.6132050706693439e-01   9.6685201242386642e-01   9.7147679081666993e-01   9.7525885746238072e-01   9.7829358412644296e-01   9.8069091285947629e-01   9.8256232342998584e-01   9.8401135547444762e-01   9.8512870899870797e-01   9.8599014043515787e-01   9.8665636243028787e-01   9.8717445628601519e-01   9.8757966528444396e-01   9.8789748249333365e-01   9.8814533681299566e-01   9.8833393392874447e-01   9.8846770134386008e-01   9.8854429577202985e-01   9.8855227445301697e-01   9.8846618892339522e-01   9.8823684120159760e-01   9.8777363851685018e-01   9.8691268067368165e-01   9.8536069678331506e-01   9.8259718925483186e-01   9.7770758794865209e-01   9.6910571042271787e-01   9.5409380780674502e-01   9.2822072918189757e-01   8.8449865172902764e-01   8.1284962571639718e-01   7.0081817389463241e-01   5.3732913124425496e-01   3.2047803179987755e-01   6.5602513170331334e-02  -1.9569800673642324e-01  -4.2957017440676726e-01  -6.1556254529778465e-01  -7.5064682352079137e-01  -8.4284407446747900e-01  -9.0341964152131071e-01  -9.4242424602740460e-01  -9.6734423613785214e-01  -9.8327285968892264e-01  -9.9351337621393787e-01  -1.0001576046486629e+00  -1.0045166748484495e+00  -1.0074104029448661e+00  -1.0093520740281372e+00  -1.0106646169715843e+00  -1.0115520738431001e+00  -1.0121437718933726e+00  -1.0125208667094765e+00  -1.0127327564848385e+00  -1.0128063801164968e+00  -1.0127515320699161e+00  -1.0125624643639084e+00  -1.0122170738124932e+00  -1.0116725553259263e+00  -1.0108574804697499e+00  -1.0096575407768658e+00  -1.0078925507700580e+00  -1.0052781700356674e+00  -1.0013640248099867e+00  -9.9543275810982035e-01  -9.8633912826733805e-01  -9.7225687932960825e-01  -9.5029663156675259e-01  -9.1597333780654400e-01  -8.6259475557790588e-01  -7.8089729575929601e-01  -6.5979544224663278e-01  -4.8973795249791907e-01  -2.6961985884634426e-01  -1.4330343859925210e-02   2.4537304038708818e-01   4.7565312126338438e-01   6.5560514095842526e-01   7.8243393180063314e-01   8.6522724986792565e-01   9.1647876776721593e-01   9.4710469215332149e-01   9.6498908110749115e-01   9.7527668256533939e-01   9.8113370336322525e-01   9.8444083521801395e-01   9.8629038950807679e-01   9.8730724467358866e-01   9.8784481030366156e-01   9.8810081964896646e-01   9.8818426135120241e-01   9.8815342350812718e-01   9.8803707327961310e-01   9.8784591255693188e-01   9.8757833916681370e-01   9.8722289678143005e-01   9.8675867598680167e-01   9.8615452760795552e-01   9.8536754927273940e-01   9.8434142460986196e-01   9.8300502922705124e-01   9.8127209220217071e-01   9.7904274700903460e-01   9.7620744556734640e-01   9.7265522858264997e-01   9.6828553601406231e-01   9.6302369645581198e-01
   9.3115738539111803e-01   9.1762915103591092e-01   9.0258858143743215e-01   8.8647013081697024e-01   8.6989239793963313e-01   8.5362539699589657e-01   8.3853243716126780e-01   8.2549311646094292e-01   8.1531820568354585e-01   8.0866832679979639e-01   8.0598714034491481e-01   8.0745651294103649e-01   8.1297816491241925e-01   8.2218332124943116e-01   8.3446969306545538e-01   8.4906225746900055e-01   8.6509136428130229e-01   8.8167825860020244e-01   8.9801622863072250e-01   9.1343580276775338e-01   9.2744581594020170e-01   9.3974677062196710e-01   9.5021817377061168e-01   9.5888665446909760e-01   9.6588541698366515e-01   9.7141332586507811e-01   9.7569802541511508e-01   9.7896768286704328e-01   9.8143298193369899e-01   9.8327660286617369e-01   9.8464952693521035e-01   9.8567175355828252e-01   9.8643544107634029e-01   9.8700929436164642e-01   9.8744304179115794e-01   9.8777151280034325e-01   9.8801790213177121e-01   9.8819606068536769e-01   9.8831157570061579e-01   9.8836135209496367e-01   9.8833103015955204e-01   9.8818909021544332e-01   9.8787543016803547e-01   9.8728063425856627e-01   9.8620927721414575e-01   9.8431624186407740e-01   9.8099797033837755e-01   9.7521096374594141e-01   9.6517872387870307e-01   9.4794458897069611e-01   9.1875710070636440e-01   8.7040143860234409e-01   7.9292657139025624e-01   6.7482233094860877e-01   5.0713591785524892e-01   2.9071079973264796e-01   4.2271720798965517e-02  -2.0839183303454184e-01  -4.3143565661738031e-01  -6.0958691458013947e-01  -7.4061712025843773e-01  -8.3170103500158565e-01  -8.9286850550636410e-01  -9.3320863041366109e-01  -9.5963648247921751e-01  -9.7696752213611671e-01  -9.8840031469932388e-01  -9.9600814747938138e-01  -1.0011203213870281e+00  -1.0045868557113389e+00  -1.0069517549792271e+00  -1.0085638535849553e+00  -1.0096464889536967e+00  -1.0103412767007445e+00  -1.0107348283079478e+00  -1.0108748305992061e+00  -1.0107784692866897e+00  -1.0104356189972987e+00  -1.0098069627997834e+00  -1.0088171837706992e+00  -1.0073412036036951e+00  -1.0051809799649152e+00  -1.0020272423567627e+00  -9.9739846499997176e-01  -9.9054375542871997e-01  -9.8029091278835878e-01  -9.6481270931785967e-01  -9.4128412471110212e-01  -9.0542336943670731e-01  -8.5099246833543485e-01  -7.6955085434851456e-01  -6.5119127618073802e-01  -4.8745310844770806e-01  -2.7713951606386927e-01  -3.2779473848553675e-02   2.1881768107688671e-01   4.4655763777112201e-01   6.2915226183146822e-01   7.6136127872761339e-01   8.4990839965730802e-01   9.0600426569019499e-01   9.4021784149660825e-01   9.6056310713817972e-01   9.7245955540430140e-01   9.7933685485888988e-01   9.8327911399779500e-01   9.8552041303955318e-01   9.8677869320952682e-01   9.8746618944564002e-01   9.8781670311765390e-01   9.8796077653274716e-01   9.8796901726972419e-01   9.8787664462396685e-01   9.8769672892092075e-01   9.8742685599012514e-01   9.8705157897405260e-01   9.8654230962369027e-01   9.8585528662418653e-01   9.8492834180440170e-01   9.8367679411132214e-01   9.8198923418213913e-01   9.7972400977266405e-01   9.7670782731664496e-01   9.7273796473663188e-01   9.6759080722526714e-01   9.6103726218544661e-01   9.5286807817482033e-01   9.4292842211955941e-01
   8.8389983956887230e-01   8.5848237070430167e-01   8.3033782743299811e-01   8.0036814155440772e-01   7.6979632498853068e-01   7.4007775057249359e-01   7.1277233441352306e-01   6.8940090126160070e-01   6.7130918648905635e-01   6.5955644038604533e-01   6.5483606898619873e-01   6.5742848344109617e-01   6.6718298244090990e-01   6.8352685137186686e-01   7.0550282879690496e-01   7.3183834270334369e-01   7.6104792183585779e-01   7.9156391478725308e-01   8.2188107470985006e-01   8.5069264827838897e-01   8.7699344520484024e-01   9.0013253947948058e-01   9.1981160992666611e-01   9.3603785845952636e-01   9.4904750323755449e-01   9.5921983101997854e-01   9.6700007000296606e-01   9.7283942054495820e-01   9.7715417601968380e-01   9.8030411017696872e-01   9.8258469184886943e-01   9.8422875332024062e-01   9.8541361877416822e-01   9.8627036439373272e-01   9.8689333597638618e-01   9.8734868047248825e-01   9.8768137491821018e-01   9.8792055873354334e-01   9.8808312726182390e-01   9.8817554504937088e-01   9.8819361817927276e-01   9.8811962814404464e-01   9.8791553531531506e-01   9.8750992660518810e-01   9.8677456787970630e-01   9.8548362661498445e-01   9.8324415308549618e-01   9.7937997172203772e-01   9.7274273531116284e-01   9.6141651211024470e-01   9.4228588172712135e-01   9.1048024242062353e-01   8.5884834608358340e-01   7.7794168044922585e-01   6.5747624132075111e-01   4.9039530278843629e-01   2.7915993951151358e-01   4.0177336748643766e-02  -1.9961215943212499e-01  -4.1394208154374779e-01  -5.8744773492794744e-01  -7.1763384370698002e-01  -8.1032824848390184e-01  -8.7422424998244908e-01  -9.1751868113510626e-01  -9.4666455917621062e-01  -9.6629789576621505e-01  -9.7958941969683622e-01  -9.8865152787685240e-01  -9.9487315596847070e-01  -9.9916261683209773e-01  -1.0021125783839899e+00  -1.0041083444875774e+00  -1.0053971470216254e+00  -1.0061317474097187e+00  -1.0063966675903162e+00  -1.0062225474146009e+00  -1.0055912388836126e+00  -1.0044329069144071e+00  -1.0026143231992906e+00  -9.9991628201602301e-01  -9.9599544406047213e-01  -9.9032339062488939e-01  -9.8209113855850894e-01  -9.7006290631379666e-01  -9.5235865271331677e-01  -9.2614836433042402e-01  -8.8726484431321606e-01  -8.2982200110220838e-01  -7.4612063086789604e-01  -6.2746931079826396e-01  -4.6684792175752143e-01  -2.6383793396891819e-01  -2.9853726367091993e-02   2.1146980187987463e-01   4.3236247894019392e-01   6.1274034479297579e-01   7.4627475090692519e-01   8.3780673136022832e-01   8.9710400942848745e-01   9.3402727545933650e-01   9.5640403273691832e-01   9.6971818509786034e-01   9.7754147237891165e-01   9.8209750497618820e-01   9.8473075279176225e-01   9.8623794932186937e-01   9.8708423065837336e-01   9.8753746474980819e-01   9.8774936454012718e-01   9.8780314162236416e-01   9.8774088588093756e-01   9.8757846554914341e-01   9.8731290238079339e-01   9.8692475313572159e-01   9.8637716398722675e-01   9.8561219882414752e-01   9.8454502744835559e-01   9.8305618014125884e-01   9.8098256044768561e-01   9.7810814314568706e-01   9.7415622819104219e-01   9.6878596637654601e-01   9.6159720431667384e-01   9.5214754349005659e-01   9.3998750718535318e-01   9.2471458776972537e-01   9.0604531636278118e-01
   7.9950598314630628e-01   7.5381475628564054e-01   7.0401462857254860e-01   6.5198100009790194e-01   6.0000960798590319e-01   5.5058415992410348e-01   5.0613047471511408e-01   4.6880936927886019e-01   4.4037824126013964e-01   4.2212288096825429e-01   4.1483988703910524e-01   4.1884206398003915e-01   4.3396401483212649e-01   4.5955775191754744e-01   4.9448405629687553e-01   5.3711939976177669e-01   5.8540609386429843e-01   6.3696943407128792e-01   6.8930795317170934e-01   7.4003498743138774e-01   7.8712363999672119e-01   8.2909646498500233e-01   8.6511437061115304e-01   8.9495237372703151e-01   9.1888655230776828e-01   9.3753523800363192e-01   9.5169587036366199e-01   9.6220948667655071e-01   9.6986761558286028e-01   9.7535904852055189e-01   9.7924942983110497e-01   9.8198270912837460e-01   9.8389463804534216e-01   9.8523144564213549e-01   9.8616893913657533e-01   9.8682966508228398e-01   9.8729702397254759e-01   9.8762616508607071e-01   9.8785185274350074e-01   9.8799361566735300e-01   9.8805837941391883e-01   9.8804049289230977e-01   9.8791860522512964e-01   9.8764809667908771e-01   9.8714664618430170e-01   9.8626869910230552e-01   9.8476186299223545e-01   9.8219411650483401e-01   9.7783512402213957e-01   9.7046850790530925e-01   9.5810843871335827e-01   9.3760413922388908e-01   9.0416645968936571e-01   8.5099059192515503e-01   7.6943099070312582e-01   6.5054116038158027e-01   4.8874868540526267e-01   2.8703733548532073e-01   6.0189561175112982e-02  -1.6831959851979600e-01  -3.7539387972415428e-01  -5.4669008845051215e-01  -6.7870189882007437e-01  -7.7549585711667812e-01  -8.4426143957343136e-01  -8.9226959713562737e-01  -9.2553885708229400e-01  -9.4857404176279425e-01  -9.6456671748150469e-01  -9.7571055682450236e-01  -9.8348820010598370e-01  -9.8889145898100317e-01  -9.9257731967088070e-01  -9.9497348981936362e-01  -9.9634704230828874e-01  -9.9684688436106317e-01  -9.9652712162793144e-01  -9.9535556231774847e-01  -9.9320880135891865e-01  -9.8985313132841113e-01  -9.8490783018027750e-01  -9.7778468056866874e-01  -9.6759406845777574e-01  -9.5300498733688699e-01  -9.3204506558257005e-01  -9.0183397644431995e-01  -8.5827329703868727e-01  -7.9579834839217756e-01  -7.0746974342520264e-01  -5.8593817525613168e-01  -4.2595224474022875e-01  -2.2849779232276107e-01  -4.7211645820776083e-03   2.2432628605205046e-01   4.3448830251000170e-01   6.0802611865655254e-01   7.3872116232866025e-01   8.3014149814496607e-01   8.9063100757971636e-01   9.2908232847241246e-01   9.5284556563901623e-01   9.6724678068512304e-01   9.7585685498515540e-01   9.8095574583578315e-01   9.8395310388574742e-01   9.8570118417638819e-01   9.8670665735608099e-01   9.8726626632423353e-01   9.8755076016534549e-01   9.8765529044900413e-01   9.8762882204919844e-01   9.8749032992938557e-01   9.8723667889027311e-01   9.8684479463463970e-01   9.8626964457494160e-01   9.8543851963217877e-01   9.8424185764582983e-01   9.8252052305327808e-01   9.8004983416368496e-01   9.7652112953437387e-01   9.7152297293171519e-01   9.6452591229671647e-01   9.5487713664122387e-01   9.4181378566984231e-01   9.2450602215451494e-01   9.0213765026378767e-01   8.7402946033021078e-01   8.3979570586250141e-01
   6.5723627473721091e-01   5.8146272080045880e-01   5.0162281270292086e-01   4.2126003165526898e-01   3.4405895099018452e-01   2.7340701312411864e-01   2.1209601279944051e-01   1.6220600451997419e-01   1.2514343183017912e-01   1.0176714324448699e-01   9.2533007822230562e-02   9.7605115659661790e-02   1.1690330862960302e-01   1.5007598755817175e-01   1.9640394889122337e-01   2.5465942768807009e-01   3.2296620697101375e-01   3.9872701403185407e-01   4.7868947445798282e-01   5.5919475495244475e-01   6.3658879964177739e-01   7.0769890973042748e-01   7.7023408961568607e-01   8.2298913118304040e-01   8.6581040391686215e-01   8.9937292841160421e-01   9.2487202733068208e-01   9.4372549553144069e-01   9.5734434159527382e-01   9.6699189337910607e-01   9.7371911938686129e-01   9.7835367740466916e-01   9.8152022409283424e-01   9.8367426029935168e-01   9.8513864559824782e-01   9.8613670369578466e-01   9.8681956303998275e-01   9.8728726242832010e-01   9.8760422972069983e-01   9.8781000087910120e-01   9.8792604331808520e-01   9.8795923676320052e-01   9.8790217605255881e-01   9.8772985943856306e-01   9.8739154451061717e-01   9.8679537260747086e-01   9.8578165083532587e-01   9.8407813642812880e-01   9.8122712722198813e-01   9.7646969876984879e-01   9.6856823672848669e-01   9.5554849253897278e-01   9.3435715134781727e-01   9.0048254987097365e-01   8.4771027745884575e-01   7.6840652780827767e-01   6.5495370452339685e-01   5.0282665049753006e-01   3.1467148441095083e-01   1.0277242558081726e-01  -1.1324312845055901e-01  -3.1327587590303579e-01  -4.8358394743729588e-01  -6.1922806036224110e-01  -7.2216704127358811e-01  -7.9783148264636883e-01  -8.5240332560093346e-01  -8.9138305535612328e-01  -9.1911762669002606e-01  -9.3882409103647801e-01  -9.5279365465785593e-01  -9.6261912278494632e-01  -9.6938656230449749e-01  -9.7381845025012559e-01  -9.7637302242016211e-01  -9.7730835670732108e-01  -9.7671870191953425e-01  -9.7454782363479364e-01  -9.7058130158628864e-01  -9.6441668494960453e-01  -9.5540758328266495e-01  -9.4257497450257544e-01  -9.2447746885268711e-01  -8.9903434129655913e-01  -8.6330780016613051e-01  -8.1328735556823517e-01  -7.4380034092393077e-01  -6.4881392205971067e-01  -5.2255676941852958e-01  -3.6186619847170404e-01  -1.6951613708117394e-01   4.3217688878466977e-02   2.5762357466758473e-01   4.5336316577073038e-01   6.1577591271273158e-01   7.3963319644620862e-01   8.2778932095400259e-01   8.8728227727498410e-01   9.2587885083117771e-01   9.5021453653962840e-01   9.6524939176109914e-01   9.7440535743854462e-01   9.7992488414181056e-01   9.8322756287472501e-01   9.8519033942782941e-01   9.8634496099629099e-01   9.8700863476319256e-01   9.8736709013120172e-01   9.8752565501531775e-01   9.8753961487068087e-01   9.8743115211033428e-01   9.8719747148597325e-01   9.8681261101997375e-01   9.8622420477597961e-01   9.8534542431371541e-01   9.8404182883428559e-01   9.8211245637006028e-01   9.7926467238923032e-01   9.7508292721576439e-01   9.6899327067925900e-01   9.6022847349882734e-01   9.4780317905663602e-01   9.3051462593137146e-01   9.0699029093439321e-01   8.7580503683353506e-01   8.3568465313220519e-01   7.8578560509785911e-01   7.2600508131855868e-01
   4.3946473371760664e-01   3.2894995081016493e-01   2.1890585591043454e-01   1.1443862714575093e-01   1.9690537325633417e-02  -6.2485382543114532e-02  -1.3047963735663826e-01  -1.8364492720668724e-01  -2.2193476651336252e-01  -2.4557227105371060e-01  -2.5480199972508588e-01  -2.4973829996928720e-01  -2.3030710177628244e-01  -1.9627773991799652e-01  -1.4738727185728540e-01  -8.3562226268685091e-02  -5.2316592573272702e-03   8.6307677520362447e-02   1.8856823343183637e-01   2.9773953202653541e-01   4.0890079955498865e-01   5.1663523938617928e-01   6.1591392574973214e-01   7.0294780213530861e-01   7.7569582134999282e-01   8.3388670153978206e-01   8.7863762698984404e-01   9.1189212736901615e-01   9.3589098934081472e-01   9.5279140388079231e-01   9.6445662347081806e-01   9.7238109397882710e-01   9.7770015999870497e-01   9.8124146772260623e-01   9.8358896584344735e-01   9.8514387645233426e-01   9.8617573996758123e-01   9.8686203025232277e-01   9.8731722572773117e-01   9.8761323382429922e-01   9.8779303400876517e-01   9.8787913131756766e-01   9.8787783288520858e-01   9.8777982004387310e-01   9.8755674754017819e-01   9.8715280059309063e-01   9.8646896322523481e-01   9.8533622453125069e-01   9.8347174266629978e-01   9.8040920878488980e-01   9.7539148120085528e-01   9.6721152742712191e-01   9.5399052884447599e-01   9.3289856468081322e-01   8.9986994975364221e-01   8.4946427495687482e-01   7.7518068489138126e-01   6.7066661606533162e-01   5.3211085973727190e-01   3.6131104509964879e-01   1.6761775181239030e-01  -3.3410898860554705e-02  -2.2478707744140286e-01  -3.9345975773148556e-01  -5.3303225370266238e-01  -6.4315499280516097e-01  -7.2719621946048918e-01  -7.8995405885650394e-01  -8.3618750996672131e-01  -8.6994366754370456e-01  -8.9438664858928407e-01  -9.1186469343668042e-01  -9.2405564488625169e-01  -9.3211381690957318e-01  -9.3678882470404101e-01  -9.3850937584438499e-01  -9.3743322173646304e-01  -9.3346600644226485e-01  -9.2625038774388713e-01  -9.1512473128919058e-01  -8.9904899773441960e-01  -8.7649601387602105e-01  -8.4531225838511537e-01  -8.0257004784588071e-01  -7.4447252674299313e-01  -6.6644514473669880e-01  -5.6364746156643664e-01  -4.3220181312291839e-01  -2.7127103803492714e-01  -8.5471810646809365e-02   1.1389385155693785e-01   3.1059194464421053e-01   4.8828025123396696e-01   6.3572504736652213e-01   7.4916746974136461e-01   8.3112926083916716e-01   8.8747671064743017e-01   9.2477585816225560e-01   9.4877962655500414e-01   9.6391071540621154e-01   9.7330678156737704e-01   9.7907939604415839e-01   9.8259889293111202e-01   9.8473150184385883e-01   9.8601380189025745e-01   9.8677233302561551e-01   9.8720194910140602e-01   9.8741527367039283e-01   9.8747271984440610e-01   9.8739948453185244e-01   9.8719360442838489e-01   9.8682727925986424e-01   9.8624237925523983e-01   9.8533995435352484e-01   9.8396280883513509e-01   9.8186958587045181e-01   9.7869866519421822e-01   9.7392071053488616e-01   9.6678067413654056e-01   9.5623439541237665e-01   9.4089266755460443e-01   9.1899763063443352e-01   8.8847042959039946e-01   8.4707933404831404e-01   7.9277045801959667e-01   7.2415776691573752e-01   6.4108709357308480e-01   5.4508537021899528e-01
   1.5062102883438028e-01   1.5586141251961338e-02  -1.0895988952969674e-01  -2.1878770437404155e-01  -3.1187258066296691e-01  -3.8793721305597528e-01  -4.4779650495846679e-01  -4.9275630608688847e-01  -5.2417267491744979e-01  -5.4317544837814569e-01  -5.5051604411454425e-01  -5.4649496297904410e-01  -5.3093780026161475e-01  -5.0320726923982195e-01  -4.6225838712012413e-01  -4.0676329955732482e-01  -3.3534823714156542e-01  -2.4698785751764640e-01  -1.4157195846626275e-01  -2.0572925095696137e-02   1.1239951733152354e-01   2.5149558805389138e-01   3.8927380341224038e-01   5.1808027385778843e-01   6.3167486174773246e-01   7.2639789613075512e-01   8.0143413375495909e-01   8.5825206777923291e-01   8.9965304495101883e-01   9.2887320123079031e-01   9.4896818060691679e-01   9.6250475213646625e-01   9.7147829277986586e-01   9.7735692338349189e-01   9.8117768607482381e-01   9.8365048053136317e-01   9.8524928423696734e-01   9.8628403458423752e-01   9.8695368409958262e-01   9.8738350775415507e-01   9.8765035638791454e-01   9.8779899518653458e-01   9.8785197388911361e-01   9.8781456396628686e-01   9.8767557293304009e-01   9.8740397902777610e-01   9.8694052866862569e-01   9.8618232597579958e-01   9.8495716537533662e-01   9.8298258795548410e-01   9.7980269161159894e-01   9.7469381882626283e-01   9.6652998990693750e-01   9.5360337073527712e-01   9.3341089016637691e-01   9.0245580031179962e-01   8.5618398482594127e-01   7.8927424757636877e-01   6.9656862171835898e-01   5.7480379972467299e-01   4.2479850796919494e-01   2.5297691288777330e-01   7.0828549529123597e-02  -1.0804669888803481e-01  -2.7182958932101969e-01  -4.1313277318494357e-01  -5.2941820547182994e-01  -6.2178176423031561e-01  -6.9327524113606964e-01  -7.4755467453379199e-01  -7.8807654707365027e-01  -8.1774040783512070e-01  -8.3879963227293408e-01  -8.5289818028323183e-01  -8.6114746186225921e-01  -8.6419956559382971e-01  -8.6229761999779853e-01  -8.5529610296959202e-01  -8.4264928512650539e-01  -8.2336899375758266e-01  -7.9595729341365828e-01  -7.5832951028083517e-01  -7.0776363498166783e-01  -6.4094901138298832e-01  -5.5426014064869888e-01  -4.4442689179800854e-01  -3.0973576699063621e-01  -1.5165039229342592e-01   2.3774197240271300e-02   2.0579417859247456e-01   3.8104358507945346e-01   5.3723246443005401e-01   6.6650174371909010e-01   7.6662808625593248e-01   8.3995273794449199e-01   8.9126837817752858e-01   9.2592617740523731e-01   9.4870277977035655e-01   9.6336513337576202e-01   9.7265999714873608e-01   9.7848688025766095e-01   9.8211103406273093e-01   9.8435212995491861e-01   9.8572970489689160e-01   9.8656682040042665e-01   9.8706025105567330e-01   9.8732607931721694e-01   9.8742803168034354e-01   9.8739377838562159e-01   9.8722257323669005e-01   9.8688599685177381e-01   9.8632228921760245e-01   9.8542357976458939e-01   9.8401429137228880e-01   9.8181802173234023e-01   9.7840955658855111e-01   9.7314878730641552e-01   9.6509524039246863e-01   9.5290750474680685e-01   9.3474358104205069e-01   9.0819890691903160e-01   8.7034765740850739e-01   8.1798059025680736e-01   7.4813012576343629e-01   6.5889563869961576e-01   5.5040376300316507e-01   4.2551234243483105e-01   2.8979718748715050e-01
  -1.6804344976009095e-01  -3.0257800933112533e-01  -4.1668763854152802e-01  -5.1005848727227532e-01  -5.8426925042669908e-01  -6.4176025146165083e-01  -6.8510573397377805e-01  -7.1660242995476309e-01  -7.3808549097498344e-01  -7.5087395967153703e-01  -7.5577379995051264e-01  -7.5309506642729473e-01  -7.4266110131778074e-01  -7.2380219210530650e-01  -6.9533779131682338e-01  -6.5556479010730317e-01  -6.0228870752857577e-01  -5.3296202773782753e-01  -4.4502328185472162e-01  -3.3653690406949466e-01  -2.0716413386318278e-01  -5.9288430058956287e-02   1.0120251108278955e-01   2.6517759206275404e-01   4.2195947599369360e-01   5.6196463260819740e-01   6.7900444151366557e-01   7.7114057075841402e-01   8.3999745080670685e-01   8.8928082914964790e-01   9.2334677290837341e-01   9.4625560490927452e-01   9.6133719692689890e-01   9.7110779488112375e-01   9.7736485668015072e-01   9.8134153977159877e-01   9.8385865833390551e-01   9.8544987954708418e-01   9.8645555428385578e-01   9.8708907063873152e-01   9.8748180790658313e-01   9.8771258222887981e-01   9.8782615884898917e-01   9.8784417717025552e-01   9.8777054982269441e-01   9.8759248094363195e-01   9.8727727701357559e-01   9.8676435184890232e-01   9.8595082282673152e-01   9.8466810655697901e-01   9.8264562058295546e-01   9.7945653579693737e-01   9.7443968848795359e-01   9.6659272897562554e-01   9.5443648152936411e-01   9.3586381963433252e-01   9.0801369184584635e-01   8.6725662114499846e-01   8.0943399204117839e-01   7.3051994130115427e-01   6.2778685644770171e-01   5.0126769720144715e-01   3.5488263983499835e-01   1.9640464671389746e-01   3.5894508333459252e-02  -1.1679251263783016e-01  -2.5418845239844701e-01  -3.7217562749347827e-01  -4.6970573962876577e-01  -5.4784524309296978e-01  -6.0874349404190031e-01  -6.5484651502484881e-01  -6.8841966460018500e-01  -7.1131232454382443e-01  -7.2487030804186670e-01  -7.2992023061661337e-01  -7.2677773232590981e-01  -7.1525428703689087e-01  -6.9465399541909545e-01  -6.6376559667932677e-01  -6.2087039754594486e-01  -5.6380768058189001e-01  -4.9016565598674777e-01  -3.9768836251404904e-01  -2.8497720820444261e-01  -1.5246729799823927e-01  -3.4322472475661892e-03   1.5551489947687736e-01   3.1503647274728014e-01   4.6497017814316244e-01   5.9682664013696973e-01   7.0566157359279358e-01   7.9050166871793770e-01   8.5346212382379560e-01   8.9831755898252064e-01   9.2923865414947626e-01   9.5000511142864119e-01   9.6367100350445445e-01   9.7252558058868144e-01   9.7819720062014803e-01   9.8180070340108094e-01   9.8407746941484120e-01   9.8550915488079083e-01   9.8640231107469212e-01   9.8694782952803239e-01   9.8726080731807697e-01   9.8740597868074742e-01   9.8741260053684887e-01   9.8728133666629214e-01   9.8698436949394741e-01   9.8645874812338730e-01   9.8559173251758059e-01   9.8419557153747783e-01   9.8196773065375620e-01   9.7843123977404967e-01   9.7284917682124872e-01   9.6410870150304551e-01   9.5057643156444582e-01   9.2994301628258824e-01   8.9910702383412155e-01   8.5419957537010749e-01   7.9090916409013501e-01   7.0527843698492765e-01   5.9501448390779665e-01   4.6100434268560797e-01   3.0828548687270990e-01   1.4563986792953532e-01  -1.6368123785057642e-02
  -4.5609912000393071e-01  -5.6662328795652261e-01  -6.5356385150331642e-01  -7.2036861011791276e-01  -7.7081864119029053e-01  -8.0834408090255605e-01  -8.3575458081151488e-01  -8.5520138179597105e-01  -8.6823934090351873e-01  -8.7591417217650647e-01  -8.7883887905625302e-01  -8.7724452682962306e-01  -8.7100027234417510e-01  -8.5960139289779969e-01  -8.4212583028732935e-01  -8.1716268762335587e-01  -7.8272383976359028e-01  -7.3616742657768641e-01  -6.7419592144124985e-01  -5.9304517213861352e-01  -4.8904010581017843e-01  -3.5969556187526414e-01  -2.0535581233944555e-01  -3.0876918021612909e-02   1.5375493892270475e-01   3.3499549490190011e-01   4.9939914984084255e-01   6.3749759888522128e-01   7.4569506857815460e-01   8.2558014846964878e-01   8.8178654334562145e-01   9.1986718218240149e-01   9.4493287874766363e-01   9.6107810927981019e-01   9.7131365881082121e-01   9.7773067281670245e-01   9.8172491097593495e-01   9.8420139350195268e-01   9.8573418540544355e-01   9.8668101429340516e-01   9.8726132206000961e-01   9.8760742122971756e-01   9.8779703469137847e-01   9.8787322990679627e-01   9.8785593712853881e-01   9.8774757711043759e-01   9.8753424224667508e-01   9.8718282512958899e-01   9.8663377903690375e-01   9.8578832173084896e-01   9.8448820549530058e-01   9.8248530818573032e-01   9.7939780311769309e-01   9.7464959683785313e-01   9.6739133672915101e-01   9.5640578995580539e-01   9.4001045208018497e-01   9.1598806767559182e-01   8.8160188247396520e-01   8.3377958092360116e-01   7.6955538601397844e-01   6.8680322582204711e-01   5.8514598506104731e-01   4.6671369006821239e-01   3.3631189724843924e-01   2.0073426791285620e-01   6.7390633382556075e-02  -5.7174990473346787e-02  -1.6827977467082300e-01  -2.6336553582472011e-01  -3.4167595890827773e-01  -4.0366332971749352e-01  -4.5039175710038853e-01  -4.8307203383533431e-01  -5.0275437553289593e-01  -5.1015088908067152e-01  -5.0554762470803027e-01  -4.8877596015534497e-01  -4.5923096007268077e-01  -4.1594407661711708e-01  -3.5773607448033667e-01  -2.8348852994437473e-01  -1.9256704862528545e-01  -8.5387395856558967e-02   3.5979093309099153e-02   1.6739477501485223e-01   3.0275311302861263e-01   4.3479046715609798e-01   5.5647463081691251e-01   6.6244603236044419e-01   7.4990065953267082e-01   8.1862761252863703e-01   8.7037068352898339e-01   9.0793186139981619e-01   9.3438390618734168e-01   9.5255706304238019e-01   9.6479703352285018e-01   9.7291374257616914e-01   9.7823352270073427e-01   9.8169138547409374e-01   9.8392679904857250e-01   9.8536638352414241e-01   9.8628854562981716e-01   9.8687081702834900e-01   9.8722275264610471e-01   9.8740753249844715e-01   9.8745484033358832e-01   9.8736670461883214e-01   9.8711697112537344e-01   9.8664394062184857e-01   9.8583441148859063e-01   9.8449576510616310e-01   9.8231082147161319e-01   9.7876800585937984e-01   9.7305760222131998e-01   9.6392509958425887e-01   9.4947893138145989e-01   9.2696968200726282e-01   8.9260316133466511e-01   8.4153082075714325e-01   7.6826554966124183e-01   6.6781529756136759e-01   5.3762519790693908e-01   3.7979948882443859e-01   2.0229059912177261e-01   1.7717024851093832e-02  -1.6011928016751431e-01  -3.2012505112671430e-01
  -6.7370919270637097e-01  -7.5183395687574550e-01  -8.0980651781019131e-01  -8.5232840732890292e-01  -8.8328565870430265e-01  -9.0566449999246335e-01  -9.2165694620117233e-01  -9.3281828946152212e-01  -9.4021406716904665e-01  -9.4453500288171077e-01  -9.4617660967580464e-01  -9.4528619407891512e-01  -9.4178047000308396e-01  -9.3533523264566309e-01  -9.2534614923061964e-01  -9.1085766409976288e-01  -8.9045659120503462e-01  -8.6213097244826919e-01  -8.2310884605222590e-01  -7.6972557744100967e-01  -6.9743504131905543e-01  -6.0118312616816127e-01  -4.7645746123734939e-01  -3.2124993617216824e-01  -1.3862971172920174e-01   6.1429545649427209e-02   2.6299899323115949e-01   4.4867051553138437e-01   6.0530439249117718e-01   7.2736660261227426e-01   8.1635859862311355e-01   8.7789974675224469e-01   9.1877747085397354e-01   9.4513056130269413e-01   9.6175455334304538e-01   9.7208026295552175e-01   9.7842636491346879e-01   9.8230054398340361e-01   9.8465664473396597e-01   9.8608596429425299e-01   9.8694914785566168e-01   9.8746301195923114e-01   9.8775577632371847e-01   9.8790128514604003e-01   9.8793948463350179e-01   9.8788803709960982e-01   9.8774794113474562e-01   9.8750483724651539e-01   9.8712657627694811e-01   9.8655701564222031e-01   9.8570526262912328e-01   9.8442918057031514e-01   9.8251144740467755e-01   9.7962645291514527e-01   9.7529668229021349e-01   9.6883900810149037e-01   9.5930490083403774e-01   9.4542541562361349e-01   9.2558221329350165e-01   8.9783893800569525e-01   8.6007763080626654e-01   8.1028204903198719e-01   7.4697432631383698e-01   6.6974177333855145e-01   5.7969627160140424e-01   4.7965301815353917e-01   3.7387953786110584e-01   2.6744231784733785e-01   1.6537054984439414e-01   7.1934844346776106e-02  -9.7501409356947621e-03  -7.7765415448215358e-02  -1.3117281315817020e-01  -1.6969064450956878e-01  -1.9337548058781917e-01  -2.0237398771358317e-01  -1.9676805794588315e-01  -1.7651621477346657e-01  -1.4148992138315086e-01  -9.1605325477664201e-02  -2.7049069807799697e-02   5.1418828540531036e-02   1.4213744589247790e-01   2.4229531638067314e-01   3.4789898391261442e-01   4.5407883652092562e-01   5.5573750474933747e-01   6.4837399378740601e-01   7.2879827332466407e-01   7.9548714628004613e-01   8.4850436977171495e-01   8.8909708001790055e-01   9.1917471149365393e-01   9.4084574391041464e-01   9.5609717596484078e-01   9.6662515584740205e-01   9.7378100750850694e-01   9.7858759273618445e-01   9.8178915582193005e-01   9.8391032903873821e-01   9.8531128437946647e-01   9.8623349051352505e-01   9.8683489708805228e-01   9.8721540249341344e-01   9.8743411840845441e-01   9.8751985762232297e-01   9.8747573706584391e-01   9.8727804868760605e-01   9.8686850699244621e-01   9.8613768511873612e-01   9.8489560557621747e-01   9.8282308326307288e-01   9.7939432988746633e-01   9.7375821743930013e-01   9.6456401706251371e-01   9.4972240193238222e-01   9.2611418929276812e-01   8.8931676435093299e-01   8.3353316173443348e-01   7.5207627521541676e-01   6.3886354864273254e-01   4.9110173279694708e-01   3.1235256264927902e-01   1.1389135502762271e-01  -8.7610518468450027e-02  -2.7545595681070084e-01  -4.3798123689052748e-01  -5.7043400901177721e-01
  -8.1717310171635504e-01  -8.6716506066998100e-01  -9.0275301570859845e-01  -9.2802315693843940e-01  -9.4596000847034922e-01  -9.5867202314281530e-01  -9.6761774073534768e-01  -9.7378879417149911e-01  -9.7784388763294627e-01  -9.8020076249556465e-01  -9.8109519093325193e-01  -9.8061430183474085e-01  -9.7870881317539860e-01  -9.7518591133024679e-01  -9.6968170752566230e-01  -9.6160934634612738e-01  -9.5007601958024357e-01  -9.3375991809753389e-01  -9.1073868767461952e-01  -8.7826980060545146e-01  -8.3255274723356254e-01  -7.6857383325094264e-01  -6.8026843363326317e-01  -5.6141630960479483e-01  -4.0775249551847587e-01  -2.2030174660297497e-01  -8.5230344500981832e-03   2.0968590812771648e-01   4.1308729736146610e-01   5.8487881884267212e-01   7.1769590190926347e-01   8.1314393386262784e-01   8.7795693481777004e-01   9.2015617221075052e-01   9.4681265582547547e-01   9.6329501849265609e-01   9.7333694671770454e-01   9.7939495135486332e-01   9.8302692866995112e-01   9.8519599094751231e-01   9.8648658382778320e-01   9.8724818310769713e-01   9.8768702832071953e-01   9.8792291773286767e-01   9.8802358419183145e-01   9.8802482857357155e-01   9.8794176250058841e-01   9.8777420791568415e-01   9.8750809395603167e-01   9.8711354676789975e-01   9.8653989610437898e-01   9.8570716522949398e-01   9.8449346864855447e-01   9.8271742368513137e-01   9.8011500600915324e-01   9.7631075991337501e-01   9.7078489762352393e-01   9.6284031837631712e-01   9.5157779340254756e-01   9.3589286495364110e-01   9.1451359135175170e-01   8.8609993738020842e-01   8.4942167401706059e-01   8.0360985174912991e-01   7.4844469316532636e-01   6.8460795547696751e-01   6.1380381601202239e-01   5.3867543977159804e-01   4.6251576142382622e-01   3.8885067511734983e-01   3.2101843619900289e-01   2.6185700051482780e-01   2.1355297901567155e-01   1.7763925434035843e-01   1.5508619259040146e-01   1.4642171896209760e-01   1.5182806983798003e-01   1.7118335081712782e-01   2.0403636995839575e-01   2.4952209594036490e-01   3.0624484895199150e-01   3.7217665589897436e-01   4.4463323027093321e-01   5.2038655908859166e-01   5.9593917123053930e-01   6.6792324137447390e-01   7.3352507528244648e-01   7.9081036597771492e-01   8.3885806567333943e-01   8.7768510984643833e-01   9.0802027954090181e-01   9.3102049324629199e-01   9.4800835734807443e-01   9.6027639878326754e-01   9.6897016752084331e-01   9.7503705564663057e-01   9.7922073307223645e-01   9.8208148818530683e-01   9.8402752843777508e-01   9.8534793412585864e-01   9.8624223792081811e-01   9.8684457187042274e-01   9.8724200799459694e-01   9.8748743785681259e-01   9.8760754060700906e-01   9.8760607309641602e-01   9.8746222137029815e-01   9.8712278388680552e-01   9.8648571465274570e-01   9.8537051545325682e-01   9.8346824645045161e-01   9.8025997347415417e-01   9.7488795515606896e-01   9.6595997529170174e-01   9.5126954067926506e-01   9.2743540917708844e-01   8.8952948141000365e-01   8.3090939384933238e-01   7.4371399935599203e-01   6.2067665307464903e-01   4.5859530858090475e-01   2.6237708814965366e-01   4.6620533076403584e-02  -1.6802765707285638e-01  -3.6234394479886833e-01  -5.2463229000511746e-01  -6.5194766982022023e-01  -7.4749244591470410e-01
  -9.0363175722563693e-01  -9.3383484602711464e-01  -9.5472078354549605e-01  -9.6921565426537470e-01  -9.7931852140793052e-01  -9.8637570176911127e-01  -9.9128597616164416e-01  -9.9464413936675389e-01  -9.9683737547227902e-01  -9.9810767768482200e-01  -9.9859032107004098e-01  -9.9833502078471725e-01  -9.9731359177296741e-01  -9.9541548142956926e-01  -9.9243035936396218e-01  -9.8801458425524380e-01  -9.8163561664951093e-01  -9.7248511957384842e-01  -9.5934798687618450e-01  -9.4041239201121551e-01  -9.1300987627246788e-01  -8.7329704016601573e-01  -8.1595897426126385e-01  -7.3417033429840450e-01  -6.2030826058984334e-01  -4.6812885744774640e-01  -2.7676121944220317e-01  -5.5150814588832503e-02   1.7690620476565783e-01   3.9449746544072578e-01   5.7752594622958053e-01   7.1733907230465155e-01   8.1610593139703247e-01   8.8186481428365993e-01   9.2381580093828930e-01   9.4979021625706472e-01   9.6554596119883951e-01   9.7497210671488510e-01   9.8056073112817166e-01   9.8385508525028276e-01   9.8578883078432034e-01   9.8691748311639715e-01   9.8756722322346713e-01   9.8792730291424757e-01   9.8810585355367886e-01   9.8816298126732793e-01   9.8812976576452749e-01   9.8801874872450424e-01   9.8782893830863139e-01   9.8754726957522132e-01   9.8714723979414754e-01   9.8658517733616524e-01   9.8579394611890336e-01   9.8467400779071990e-01   9.8308148343588841e-01   9.8081340214407131e-01   9.7759066422154739e-01   9.7304060399727710e-01   9.6668247956784781e-01   9.5792159868468507e-01   9.4605983423960849e-01   9.3033255902512924e-01   9.0997951900919016e-01   8.8435456310143290e-01   8.5306769559269857e-01   8.1613569907370520e-01   7.7410749927538092e-01   7.2812531187647167e-01   6.7988959440804941e-01   6.3152319182478656e-01   5.8536321708121242e-01   5.4373002444885798e-01   5.0872229913487543e-01   4.8206966866670886e-01   4.6504916252276185e-01   4.5845171669653006e-01   4.6257590956546840e-01   4.7722927797549836e-01   5.0172843490056140e-01   5.3490347714488273e-01   5.7512411877048986e-01   6.2037032575723716e-01   6.6836414942007172e-01   7.1676182344125905e-01   7.6338055602975530e-01   8.0641432764960874e-01   8.4458818588942519e-01   8.7721694267872730e-01   9.0416525291230732e-01   9.2573533570999300e-01   9.4252031282036908e-01   9.5525884393634086e-01   9.6471760335994805e-01   9.7161174877845147e-01   9.7656040829279545e-01   9.8007057025679400e-01   9.8253949294366261e-01   9.8426736203402887e-01   9.8547409735364155e-01   9.8631636273671230e-01   9.8690260364101134e-01   9.8730518285600954e-01   9.8756924065395668e-01   9.8771826818372777e-01   9.8775613490520131e-01   9.8766504399310695e-01   9.8739794732850483e-01   9.8686284404871472e-01   9.8589419820879343e-01   9.8420381958461112e-01   9.8129886260234123e-01   9.7634884699147495e-01   9.6797715510783833e-01   9.5395104867752933e-01   9.3076072380945063e-01   8.9314482762327785e-01   8.3379024152210057e-01   7.4375048667121713e-01   6.1445490210987663e-01   4.4190799137053838e-01   2.3184691797409723e-01   1.7955741651464741e-03  -2.2382136460160132e-01  -4.2336407174163238e-01  -5.8515926842937760e-01  -7.0797834170142737e-01  -7.9708030999622070e-01  -8.5993861699122176e-01
  -9.5301818434748520e-01  -9.7074429963568276e-01  -9.8274779009858149e-01  -9.9093857210493153e-01  -9.9656927051485211e-01  -1.0004582055628057e+00  -1.0031393244321987e+00  -1.0049599358756238e+00  -1.0061430990876747e+00  -1.0068268034957544e+00  -1.0070875984321621e+00  -1.0069534926750594e+00  -1.0064085642409792e+00  -1.0053902863403612e+00  -1.0037789229649741e+00  -1.0013769612430345e+00  -9.9787436961147835e-01  -9.9279283506473670e-01  -9.8539799351415058e-01  -9.7456375274317697e-01  -9.5856794799643597e-01  -9.3479909049608967e-01  -8.9937130724074699e-01  -8.4670930506140052e-01  -7.6933561039934606e-01  -6.5842411885757413e-01  -5.0605571445785491e-01  -3.0987302883762358e-01  -7.8783564615102109e-02   1.6515410666476665e-01   3.9344477973548903e-01   5.8340442982824103e-01   7.2605134698737861e-01   8.2478644922045952e-01   8.8913877797959606e-01   9.2934816997707692e-01   9.5376088370574341e-01   9.6830109334767633e-01   9.7685273012287499e-01   9.8184137663758220e-01   9.8473563251606300e-01   9.8640631730951689e-01   9.8736226205460542e-01   9.8789729534277693e-01   9.8817929155837736e-01   9.8830272848680800e-01   9.8831932608676543e-01   9.8825529254514777e-01   9.8812079249421880e-01   9.8791442644326810e-01   9.8762473148872232e-01   9.8722932283671927e-01   9.8669236094819524e-01   9.8596022998014377e-01   9.8495574778256123e-01   9.8357078762218952e-01   9.8165794821106689e-01   9.7902190169642500e-01   9.7541220325948230e-01   9.7051984384229595e-01   9.6398126110774274e-01   9.5539333712822294e-01   9.4434456358219132e-01   9.3046367460037693e-01   9.1348460652547492e-01   8.9332336346652874e-01   8.7015306901884504e-01   8.4445848928081246e-01   8.1705444615766809e-01   7.8905709513353162e-01   7.6180634400805514e-01   7.3674977886431359e-01   7.1530832339829298e-01   6.9874545257612453e-01   6.8805719548181110e-01   6.8389183602433579e-01   6.8650163734609637e-01   6.9572512828626576e-01   7.1099895152004611e-01   7.3139972706302081e-01   7.5571745856267314e-01   7.8255916750061350e-01   8.1047558546495990e-01   8.3809547899745862e-01   8.6424669842966106e-01   8.8804306752854956e-01   9.0892439744731823e-01   9.2664839889706441e-01   9.4124347499660954e-01   9.5293731523139291e-01   9.6207989233868019e-01   9.6907563946194264e-01   9.7433097522182455e-01   9.7821915637549994e-01   9.8106193566769606e-01   9.8312312355946885e-01   9.8461043546540727e-01   9.8568186185401485e-01   9.8645389658579297e-01   9.8700975788459822e-01   9.8740661675421548e-01   9.8768109932845616e-01   9.8785279663059067e-01   9.8792518800184514e-01   9.8788335390913051e-01   9.8768686503659542e-01   9.8725535659055663e-01   9.8644198604504907e-01   9.8498713442429930e-01   9.8243946921967695e-01   9.7802487122428416e-01   9.7043484305722139e-01   9.5750039393384678e-01   9.3572668293810024e-01   8.9972395642425451e-01   8.4174788840871395e-01   7.5193821843730779e-01   6.2032753048855671e-01   4.4158722425688529e-01   2.2139003200176943e-01  -2.0596240013370737e-02  -2.5640787908607326e-01  -4.6173201562924698e-01  -6.2448173108763372e-01  -7.4473199857110317e-01  -8.2947051207901779e-01  -8.8750772322768379e-01  -9.2668874932670353e-01
  -9.8037373584271115e-01  -9.9066080534066336e-01  -9.9751536761458848e-01  -1.0021295030303128e+00  -1.0052653591133085e+00  -1.0074109034513548e+00  -1.0088792093425334e+00  -1.0098708762019890e+00  -1.0105132305379620e+00  -1.0108842787342991e+00  -1.0110270751363868e+00  -1.0109572718738633e+00  -1.0106659343449289e+00  -1.0101178502167323e+00  -1.0092453443036435e+00  -1.0079358376477765e+00  -1.0060107395815199e+00  -1.0031905895648157e+00  -9.9903918597922126e-01  -9.9287439964621016e-01  -9.8362774737752612e-01  -9.6962632799404402e-01  -9.4826739088765621e-01  -9.1556925736465100e-01  -8.6564904852244462e-01  -7.9036544086382521e-01  -6.7977125373359870e-01  -5.2454950710939352e-01  -3.2145190857806283e-01  -8.0239045964443922e-02   1.7402365151195803e-01   4.0937042544770674e-01   6.0162562514651374e-01   7.4278017569552834e-01   8.3820387695199683e-01   8.9900157555028903e-01   9.3620253451261914e-01   9.5836318420162458e-01   9.7133570622854726e-01   9.7884460324047939e-01   9.8315917280103449e-01   9.8562472856925232e-01   9.8702434157516472e-01   9.8780808628300687e-01   9.8823194792839042e-01   9.8844016948652591e-01   9.8851282393561157e-01   9.8849316885899552e-01   9.8840274289166352e-01   9.8824966263286163e-01   9.8803250126904651e-01   9.8774179893617531e-01   9.8735962538308164e-01   9.8685808265936636e-01   9.8619658401511168e-01   9.8531852851264634e-01   9.8414725381321644e-01   9.8258212884877227e-01   9.8049520049184324e-01   9.7772989489673856e-01   9.7410291726337506e-01   9.6941187101469772e-01   9.6344919733523260e-01   9.5602486623696237e-01   9.4699769732975714e-01   9.3631150985668921e-01   9.2403223125850253e-01   9.1038052229451671e-01   8.9575001799219700e-01   8.8070345876103628e-01   8.6594330985775236e-01   8.5225881705188811e-01   8.4045518034797639e-01   8.3127471310329870e-01   8.2532083377049414e-01   8.2299542934683401e-01   8.2445696704686011e-01   8.2960420453269357e-01   8.3808683415913765e-01   8.4934221846555435e-01   8.6265395992150817e-01   8.7722556970142573e-01   8.9225926224956886e-01   9.0702916026727454e-01   9.2093862446468244e-01   9.3355502967034532e-01   9.4461902644429441e-01   9.5403079780236466e-01   9.6182033332982309e-01   9.6811117286902071e-01   9.7308369825862462e-01   9.7694246046307343e-01   9.7989163221134978e-01   9.8211925208609507e-01   9.8378808111472238e-01   9.8503253636265176e-01   9.8595925771133031e-01   9.8664992473979574e-01   9.8716490372746657e-01   9.8754696430256816e-01   9.8782423685443044e-01   9.8801210657876026e-01   9.8811327351595701e-01   9.8811538058705417e-01   9.8798456223191056e-01   9.8765264306374312e-01   9.8699336795753911e-01   9.8578041267330729e-01   9.8361442617928596e-01   9.7979929070931471e-01   9.7313700957161697e-01   9.6160095298612203e-01   9.4184769597184015e-01   9.0857409263061406e-01   8.5389203241034994e-01   7.6729685840677253e-01   6.3743716215736668e-01   4.5708620435498876e-01   2.3067024124884861e-01  -2.1183548033242017e-02  -2.6732561783782849e-01  -4.8019706045730759e-01  -6.4642362820362487e-01  -7.6672780184553502e-01  -8.4948584728835652e-01  -9.0472084823527110e-01  -9.4103263864191344e-01  -9.6479218168191772e-01
  -9.9523541341129018e-01  -1.0012000125117635e+00  -1.0051223672552552e+00  -1.0077335785953427e+00  -1.0094916588845535e+00  -1.0106851523804470e+00  -1.0114966847739955e+00  -1.0120422634492185e+00  -1.0123947991190936e+00  -1.0125987569490538e+00  -1.0126784114796243e+00  -1.0126426454889277e+00  -1.0124863390706862e+00  -1.0121896555051941e+00  -1.0117140565627329e+00  -1.0109951452079873e+00  -1.0099296978382530e+00  -1.0083548149567338e+00  -1.0060130560162643e+00  -1.0024959174223496e+00  -9.9715104065854787e-01  -9.8893347209147742e-01  -9.7616980160030831e-01  -9.5619747919367715e-01  -9.2484888131179077e-01  -8.7582392001530518e-01  -8.0021457693319353e-01  -6.8694461662324946e-01  -5.2557549454636221e-01  -3.1276883738487071e-01  -6.0413420888513980e-02   2.0245246105132597e-01   4.4075909817028291e-01   6.3040200995171292e-01   7.6584016370129659e-01   8.5502267656126041e-01   9.1051757035468539e-01   9.4377711595937452e-01   9.6323256572339622e-01   9.7443835497466580e-01   9.8082910644913235e-01   9.8444941448031864e-01   9.8648800661093494e-01   9.8762522798269514e-01   9.8824630919610390e-01   9.8856739314946984e-01   9.8870876835863886e-01   9.8873641865639317e-01   9.8868559137680623e-01   9.8857361725318849e-01   9.8840694197326640e-01   9.8818442257588868e-01   9.8789876580644576e-01   9.8753644191393097e-01   9.8707695966561715e-01   9.8649136099805768e-01   9.8574060577500688e-01   9.8477374122378258e-01   9.8352665065296419e-01   9.8192158554531173e-01   9.7986861157717620e-01   9.7726911313869902e-01   9.7402325184964267e-01   9.7004072056785806e-01   9.6525478509495954e-01   9.5964005902410265e-01   9.5323126303706618e-01   9.4613837525768341e-01   9.3855603809989319e-01   9.3076406730854189e-01   9.2311618881875956e-01   9.1601561945624210e-01   9.0987992183618627e-01   9.0509939074740320e-01   9.0199519202049372e-01   9.0078313035424074e-01   9.0154877587756876e-01   9.0423741088767318e-01   9.0866059052296122e-01   9.1451803104493290e-01   9.2143178902144185e-01   9.2898731527727496e-01   9.3677555373132559e-01   9.4442974311096006e-01   9.5165228764536480e-01   9.5822887644792187e-01   9.6403060263682516e-01   9.6900646222222964e-01   9.7316918493174986e-01   9.7657691081835940e-01   9.7931520589270848e-01   9.8148229943850429e-01   9.8317746300743281e-01   9.8449273905733259e-01   9.8550869915455175e-01   9.8629245538294175e-01   9.8689764873227226e-01   9.8736543445750913e-01   9.8772592351802868e-01   9.8799944107781690e-01   9.8819724895517858e-01   9.8832105131755232e-01   9.8836064851799188e-01   9.8828830332816597e-01   9.8804770211627968e-01   9.8753341631496294e-01   9.8655411806702920e-01   9.8476770339104580e-01   9.8156903293601550e-01   9.7589950739874642e-01   9.6593436183218850e-01   9.4859575978745969e-01   9.1886746386596796e-01   8.6902427837166973e-01   7.8827920800151441e-01   6.6408602826461238e-01   4.8690197680486180e-01   2.5860585143441328e-01  -8.2628501279924382e-04  -2.5773226077403111e-01  -4.8059493935787162e-01  -6.5349714770971679e-01  -7.7690277443393152e-01  -8.6020455203209012e-01  -9.1459539489619623e-01  -9.4951417439157182e-01  -9.7180482132512369e-01  -9.8605940773959821e-01
  -1.0031659114787814e+00  -1.0066447087164170e+00  -1.0089070841323942e+00  -1.0103984355072704e+00  -1.0113943606884059e+00  -1.0120662357760011e+00  -1.0125214047107518e+00  -1.0128269192173915e+00  -1.0130246392598636e+00  -1.0131396500056538e+00  -1.0131857777815827e+00  -1.0131678780127533e+00  -1.0130831760174193e+00  -1.0129203056394074e+00  -1.0126575039015440e+00  -1.0122578023422133e+00  -1.0116617056237835e+00  -1.0107737671019428e+00  -1.0094414577832809e+00  -1.0074192265438451e+00  -1.0043102071272672e+00  -9.9946811965484339e-01  -9.9183635214887556e-01  -9.7968658405799192e-01  -9.6021290182874797e-01  -9.2893989332280702e-01  -8.7898817208907665e-01  -8.0051168320347610e-01  -6.8125241110902901e-01  -5.1000713992361324e-01  -2.8444739310239486e-01  -2.0223422467276708e-02   2.4874283142498210e-01   4.8522725048994619e-01   6.6724097974525209e-01   7.9314856817297863e-01   8.7375652026067407e-01   9.2273409510722693e-01   9.5150442427681914e-01   9.6804793636409059e-01   9.7743427471247124e-01   9.8271411916461049e-01   9.8566503566771269e-01   9.8730226155624412e-01   9.8819815036916803e-01   9.8867239418738584e-01   9.8890227763227112e-01   9.8898532369935532e-01   9.8897455896428388e-01   9.8889800710751441e-01   9.8876942193905748e-01   9.8859392093977339e-01   9.8837087564849957e-01   9.8809507914354744e-01   9.8775704609922410e-01   9.8734267254342134e-01   9.8683268986003103e-01   9.8620197680319555e-01   9.8541915091482946e-01   9.8444654528862741e-01   9.8324104996541051e-01   9.8175629389507579e-01   9.7994596762685893e-01   9.7776908347113267e-01   9.7519751372371877e-01   9.7222364977602771e-01   9.6886837926413172e-01   9.6518895907675151e-01   9.6128414150206476e-01   9.5729405768690135e-01   9.5339437149327377e-01   9.4978467123710131e-01   9.4667182731636790e-01   9.4424980483800791e-01   9.4267878316849529e-01   9.4206670417460359e-01   9.4245641770781530e-01   9.4382045493364841e-01   9.4606444219835595e-01   9.4903842912103697e-01   9.5255434420454310e-01   9.5640653569234502e-01   9.6039232135809494e-01   9.6432956133495140e-01   9.6806954721567540e-01   9.7150411578089213e-01   9.7456686474765919e-01   9.7722892274035100e-01   9.7949174637052394e-01   9.8137925940349202e-01   9.8292998551945454e-01   9.8418924301896038e-01   9.8520354188008907e-01   9.8601684099840747e-01   9.8666800571408819e-01   9.8718964297484335e-01   9.8760788755029438e-01   9.8794246724008250e-01   9.8820707034552147e-01   9.8840921991504138e-01   9.8854959908962692e-01   9.8861973664462810e-01   9.8859736411563071e-01   9.8843704603053850e-01   9.8805312095383557e-01   9.8728838912163375e-01   9.8585856631985813e-01   9.8325403014457513e-01   9.7857014160142752e-01   9.7022051940472220e-01   9.5547429200592870e-01   9.2976530628228238e-01   8.8582093003184659e-01   8.1299313523594696e-01   6.9793517139556993e-01   5.2868557237946234e-01   3.0340756850658712e-01   3.9447207409530671e-02  -2.2828564350168268e-01  -4.6376750743179718e-01  -6.4697485587463355e-01  -7.7688098725064858e-01  -8.6340761715921710e-01  -9.1890611206334494e-01  -9.5380793770766537e-01  -9.7559298004349970e-01  -9.8919839619108518e-01  -9.9774536105815559e-01
  -1.0072850578567061e+00  -1.0093341116907273e+00  -1.0106542797892115e+00  -1.0115183572055553e+00  -1.0120923392218486e+00  -1.0124782024751799e+00  -1.0127389755855778e+00  -1.0129140157296459e+00  -1.0130275645770035e+00  -1.0130942741859188e+00  -1.0131219612407809e+00  -1.0131135330390859e+00  -1.0130672634532567e+00  -1.0129767636975890e+00  -1.0128293225937877e+00  -1.0126035625231409e+00  -1.0122644646882439e+00  -1.0117558874616868e+00  -1.0109870269694907e+00  -1.0098104141006268e+00  -1.0079836870626493e+00  -1.0051064275269879e+00  -1.0005133114465981e+00  -9.9309615631139425e-01  -9.8100898001507109e-01  -9.6120206918994811e-01  -9.2873778456950573e-01  -8.7594473122051519e-01  -7.9181796473931421e-01  -6.6288431381157598e-01  -4.7774750377545816e-01  -2.3662445099374341e-01   3.9180674328215481e-02   3.1043880206383656e-01   5.3961829949578366e-01   7.0920026735087827e-01   8.2249652471563039e-01   8.9296991682702975e-01   9.3480331900786884e-01   9.5891530261197411e-01   9.7256177058163984e-01   9.8019795775690821e-01   9.8443843252544161e-01   9.8677757117590914e-01   9.8805517514684538e-01   9.8873852606363544e-01   9.8908533631885143e-01   9.8923720666031856e-01   9.8927112024608466e-01   9.8922878619158738e-01   9.8913196724277830e-01   9.8899153335802836e-01   9.8881155016246425e-01   9.8859203986970445e-01   9.8832961316224321e-01   9.8801827160449696e-01   9.8764901776673808e-01   9.8721015175711602e-01   9.8668680123136643e-01   9.8606147039389369e-01   9.8531423731910239e-01   9.8442407140531929e-01   9.8337053542255271e-01   9.8213671542761016e-01   9.8071166391304054e-01   9.7909497836228143e-01   9.7730077320822706e-01   9.7536081388007667e-01   9.7332570183462175e-01   9.7126535310418749e-01   9.6926631819586540e-01   9.6742662395336809e-01   9.6584726027603862e-01   9.6462271248060616e-01   9.6383062715245349e-01   9.6352336445641418e-01   9.6372154844476188e-01   9.6441190275035171e-01   9.6554854026408055e-01   9.6705868413721863e-01   9.6885066545259924e-01   9.7082411710150329e-01   9.7287962171934916e-01   9.7492760116160193e-01   9.7689402754918098e-01   9.7872373394258905e-01   9.8038060910242897e-01   9.8184679985855339e-01   9.8311970792272207e-01   9.8420807812376221e-01   9.8512753205105807e-01   9.8589792529007858e-01   9.8654023261439239e-01   9.8707462077148411e-01   9.8751900695150774e-01   9.8788859785631766e-01   9.8819515460299034e-01   9.8844712535351575e-01   9.8864888003948659e-01   9.8880020456937612e-01   9.8889396840088062e-01   9.8891260367920353e-01   9.8882018146016359e-01   9.8854885027521933e-01   9.8797279384871772e-01   9.8686240265173830e-01   9.8480101375474627e-01   9.8103945866340581e-01   9.7424340613704241e-01   9.6207322812126783e-01   9.4052369628405197e-01   9.0301165744962231e-01   8.3945183767019482e-01   7.3626139704571125e-01   5.7937498347574135e-01   3.6250611806679633e-01   9.8253424322614302e-02  -1.7929797947360293e-01  -4.2967191449520004e-01  -6.2703572291513776e-01  -7.6720975846854500e-01  -8.5990295298474972e-01  -9.1856990020132434e-01  -9.5483156068283093e-01  -9.7701902286486630e-01  -9.9057796449432700e-01  -9.9890219501065092e-01  -1.0040568192130530e+00
  -1.0093094136469829e+00  -1.0105333901126983e+00  -1.0113162300449881e+00  -1.0118256412742870e+00  -1.0121627524644989e+00  -1.0123893453711617e+00  -1.0125430262571142e+00  -1.0126469723468916e+00  -1.0127151251335145e+00  -1.0127558987071992e+00  -1.0127736773063880e+00  -1.0127701459395202e+00  -1.0127442638754072e+00  -1.0126924073406036e+00  -1.0126072441308929e+00  -1.0124764576654426e+00  -1.0122795482329570e+00  -1.0119831858010360e+00  -1.0115325422236672e+00  -1.0108376015324834e+00  -1.0097491775580110e+00  -1.0080183903490791e+00  -1.0052257318580804e+00  -1.0006606875410724e+00  -9.9311762772927992e-01  -9.8055650347875190e-01  -9.5955850353451844e-01  -9.2452925862312774e-01  -8.6674070902445677e-01  -7.7378521485811791e-01  -6.3105984518260994e-01  -4.2795326444143689e-01  -1.6931853986490186e-01   1.1602782671126832e-01   3.8419085824494920e-01   6.0018915939109074e-01   7.5320764334214818e-01   8.5181921373401370e-01   9.1144418151018214e-01   9.4606548152056225e-01   9.6567404933544942e-01   9.7661199233075680e-01   9.8265529966840259e-01   9.8597059950207666e-01   9.8777527733619319e-01   9.8874367601034763e-01   9.8924676662354361e-01   9.8948681669151639e-01   9.8957415360063983e-01   9.8956811453606264e-01   9.8950086222064360e-01   9.8938899785728851e-01   9.8924109158783813e-01   9.8906044336543431e-01   9.8884769108849224e-01   9.8860096107036255e-01   9.8831701401125960e-01   9.8799070580362669e-01   9.8761581988710689e-01   9.8718454852464543e-01   9.8668849152153304e-01   9.8611873955143547e-01   9.8546720571346735e-01   9.8472726996585325e-01   9.8389644541168764e-01   9.8297710501221769e-01   9.8197841401367358e-01   9.8091760524869087e-01   9.7982176253887476e-01   9.7872679898640003e-01   9.7767628344104096e-01   9.7671810969412687e-01   9.7590139318315017e-01   9.7527147198503961e-01   9.7486582340113614e-01   9.7470937451964246e-01   9.7481215535642218e-01   9.7516757999641057e-01   9.7575375941978870e-01   9.7653552280436462e-01   9.7746885921382620e-01   9.7850494859413573e-01   9.7959519861120192e-01   9.8069462498079618e-01   9.8176543612221756e-01   9.8277852862080428e-01   9.8371457812744012e-01   9.8456251874436274e-01   9.8531844229099752e-01   9.8598383968041936e-01   9.8656460908379018e-01   9.8706847423014155e-01   9.8750417884861696e-01   9.8788017623292612e-01   9.8820422769271576e-01   9.8848243523625523e-01   9.8871934693900754e-01   9.8891691428442396e-01   9.8907417702131095e-01   9.8918509478749639e-01   9.8923595023096222e-01   9.8919886204087004e-01   9.8902126367197907e-01   9.8860490775966281e-01   9.8776911696164005e-01   9.8618254439475428e-01   9.8324261722730855e-01   9.7786125718433503e-01   9.6809904398677604e-01   9.5056498345695850e-01   9.1952390015791652e-01   8.6581616338622081e-01   7.7626370101613063e-01   6.3541461354606743e-01   4.3249018661647098e-01   1.7351894541045587e-01  -1.1110149321375773e-01  -3.7761787312596340e-01  -5.9291660718329098e-01  -7.4751276400700606e-01  -8.4971562552480595e-01  -9.1386860539590631e-01  -9.5298616086926469e-01  -9.7651601986340153e-01  -9.9061809464544059e-01  -9.9909411416543237e-01  -1.0042253288050200e+00  -1.0073641974756185e+00
  -1.0101795746465829e+00  -1.0109223495032338e+00  -1.0113954602491764e+00  -1.0117029769020567e+00  -1.0119072489798837e+00  -1.0120450762203801e+00  -1.0121392900675581e+00  -1.0122033568307349e+00  -1.0122459948776874e+00  -1.0122718664336254e+00  -1.0122839273687225e+00  -1.0122828139307964e+00  -1.0122682657547102e+00  -1.0122378012074529e+00  -1.0121874115153484e+00  -1.0121093673562385e+00  -1.0119916793860255e+00  -1.0118139315804913e+00  -1.0115433818460517e+00  -1.0111247586004113e+00  -1.0104658899809111e+00  -1.0094096545310212e+00  -1.0076893780858560e+00  -1.0048474075034863e+00  -1.0000965232807744e+00  -9.9207830260359509e-01  -9.7846252495328967e-01  -9.5530092240074727e-01  -9.1609596510173230e-01  -8.5074763854077351e-01  -7.4522982570170515e-01  -5.8417601807637509e-01  -3.5938624815766124e-01  -8.2981038076762548e-02   2.0749703131977437e-01   4.6576154221538446e-01   6.6293920352951829e-01   7.9641080890327953e-01   8.7941934575767855e-01   9.2828240773927384e-01   9.5608557760619295e-01   9.7158492132900953e-01   9.8011818185958810e-01   9.8477782973489325e-01   9.8730399787911205e-01   9.8865957641977253e-01   9.8937158845859063e-01   9.8972678504142619e-01   9.8988027751393748e-01   9.8991588317167434e-01   9.8987857507917776e-01   9.8979253903895970e-01   9.8967046331811082e-01   9.8951893618114939e-01   9.8934089595009966e-01   9.8913731137851701e-01   9.8890765988983931e-01   9.8865056494152748e-01   9.8836376654965785e-01   9.8804457295549319e-01   9.8768987566057020e-01   9.8729659402841108e-01   9.8686213828198455e-01   9.8638522027886399e-01   9.8586593064718953e-01   9.8530714777879758e-01   9.8471545584267328e-01   9.8410152874994250e-01   9.8347981158811404e-01   9.8286876353668329e-01   9.8229021966836894e-01   9.8176832416980719e-01   9.8132736778577057e-01   9.8098974702633324e-01   9.8077356693841256e-01   9.8069096507272535e-01   9.8074662430406723e-01   9.8093743749408202e-01   9.8125265908777692e-01   9.8167522532035878e-01   9.8218336205399170e-01   9.8275293196432179e-01   9.8335955065531999e-01   9.8398074863168339e-01   9.8459716218931170e-01   9.8519324682834908e-01   9.8575734552047900e-01   9.8628204092038885e-01   9.8676377744691390e-01   9.8720181208297764e-01   9.8759707163075183e-01   9.8795190107944730e-01   9.8826926801596182e-01   9.8855208375078751e-01   9.8880286173365917e-01   9.8902331059330650e-01   9.8921380541086879e-01   9.8937270291695523e-01   9.8949500026020099e-01   9.8956990768477238e-01   9.8957627477676247e-01   9.8947401515720945e-01   9.8918827178410218e-01   9.8858007825959515e-01   9.8739277909966816e-01   9.8515447399742184e-01   9.8100329638826778e-01   9.7338015892199592e-01   9.5950859727443971e-01   9.3457200156232600e-01   8.9058857187501472e-01   8.1538167404183803e-01   6.9309101901515580e-01   5.0918714577575264e-01   2.6213750852605028e-01  -2.4581089736317507e-02  -3.0664914668459187e-01  -5.4308529988617160e-01  -7.1657236233003896e-01  -8.3216830191505597e-01  -9.0455202085570185e-01  -9.4827692832285826e-01  -9.7421559502995425e-01  -9.8950038300061427e-01  -9.9851329925347831e-01  -1.0038569272244693e+00  -1.0070542635141899e+00  -1.0089901957403316e+00
  -1.0104089399524014e+00  -1.0108693947047680e+00  -1.0111622393692303e+00  -1.0113529702257043e+00  -1.0114800825761856e+00  -1.0115669215552878e+00  -1.0116271222030941e+00  -1.0116691209827753e+00  -1.0116975858456994e+00  -1.0117155393170076e+00  -1.0117242695143269e+00  -1.0117245041513876e+00  -1.0117157012393494e+00  -1.0116968081200464e+00  -1.0116651243345940e+00  -1.0116165593872046e+00  -1.0115436318350062e+00  -1.0114343825998171e+00  -1.0112680698684842e+00  -1.0110104454562436e+00  -1.0106030617745829e+00  -1.0099470226684990e+00  -1.0088710202816096e+00  -1.0070781235915007e+00  -1.0040499307719664e+00  -9.9888130183896251e-01  -9.8998955549227341e-01  -9.7462850223475106e-01  -9.4811220254906925e-01  -9.0272917138302111e-01  -8.2665673854341715e-01  -7.0416536326583989e-01  -5.2002522791432382e-01  -2.7095609942468113e-01   2.0830122807939611e-02   3.0943509817534270e-01   5.5029328700538271e-01   7.2405736543168520e-01   8.3648949060291833e-01   9.0410425142665796e-01   9.4294404110852670e-01   9.6464723275642505e-01   9.7657642882488271e-01   9.8306719765317441e-01   9.8657243025573504e-01   9.8845004676276704e-01   9.8944096062389442e-01   9.8994711636229638e-01   9.9018459321083840e-01   9.9027003458534002e-01   9.9026549380845152e-01   9.9020474397760094e-01   9.9010541684534459e-01   9.8997742887733498e-01   9.8982560448772727e-01   9.8965287199498275e-01   9.8946020208706120e-01   9.8924828070294479e-01   9.8901676592033283e-01   9.8876553304007264e-01   9.8849381765371513e-01   9.8820153922344245e-01   9.8788834299464867e-01   9.8755491212316993e-01   9.8720275032120008e-01   9.8683510771204352e-01   9.8645603559703998e-01   9.8607194090400263e-01   9.8569110438720742e-01   9.8532422404428066e-01   9.8498283481414817e-01   9.8467947534807820e-01   9.8442606386716092e-01   9.8423384558828686e-01   9.8411154416731828e-01   9.8406530724524632e-01   9.8409722632121932e-01   9.8420592567152521e-01   9.8438589646120811e-01   9.8462889964648914e-01   9.8492397649678143e-01   9.8525924802426135e-01   9.8562199618568413e-01   9.8600033467908621e-01   9.8638318243219192e-01   9.8676185730641530e-01   9.8712950458729576e-01   9.8748153285597662e-01   9.8781428995446097e-01   9.8812603141083355e-01   9.8841588102722877e-01   9.8868396533464376e-01   9.8893021317456065e-01   9.8915515539174526e-01   9.8935850635877431e-01   9.8953978658665975e-01   9.8969676465100220e-01   9.8982543666811407e-01   9.8991716133501984e-01   9.8995627031408384e-01   9.8991252357313964e-01   9.8973021010443685e-01   9.8930457425817675e-01   9.8844163804901397e-01   9.8678075613969030e-01   9.8365739072304814e-01   9.7785328521320702e-01   9.6716498811711693e-01   9.4768450393254589e-01   9.1272675557409699e-01   8.5156508329569081e-01   7.4894911788155105e-01   5.8797621298755409e-01   3.5980089254150405e-01   7.8213348129853200e-02  -2.1611449250516218e-01  -4.7550458324878775e-01  -6.7238532204152668e-01  -8.0588187741205997e-01  -8.8985221873227593e-01  -9.4035129152501096e-01  -9.7000208072212535e-01  -9.8722984116723478e-01  -9.9721942004120645e-01  -1.0030319590650640e+00  -1.0064393057686660e+00  -1.0084576326329717e+00  -1.0096693913073009e+00
  -1.0102810117751342e+00  -1.0105725761585749e+00  -1.0107585743556851e+00  -1.0108811617162035e+00  -1.0109641414494441e+00  -1.0110219462132553e+00  -1.0110625783309115e+00  -1.0110914276106158e+00  -1.0111112157144424e+00  -1.0111240518792308e+00  -1.0111305532572765e+00  -1.0111313576909076e+00  -1.0111259543829463e+00  -1.0111138740000136e+00  -1.0110932669458210e+00  -1.0110617204160079e+00  -1.0110143875899578e+00  -1.0109440299027104e+00  -1.0108377867684932e+00  -1.0106746020875317e+00  -1.0104172962885747e+00  -1.0100021002713995e+00  -1.0093173252244743e+00  -1.0081685578859072e+00  -1.0062121557765460e+00  -1.0028404316690420e+00  -9.9697581218266018e-01  -9.8671523295667984e-01  -9.6872769473541664e-01  -9.3731675609365517e-01  -8.8317543035569757e-01  -7.9242141523886733e-01  -6.4786403621810140e-01  -4.3619369287574528e-01  -1.6249449242372888e-01   1.3882156381164745e-01   4.1643467007543733e-01   6.3285412728763624e-01   7.8038306582006289e-01   8.7185685415362635e-01   9.2521939639800410e-01   9.5521719732057853e-01   9.7171608483806793e-01   9.8067264021604172e-01   9.8549397316724441e-01   9.8806966278227026e-01   9.8943128519698187e-01   9.9013513878650050e-01   9.9048060839634067e-01   9.9062713395757251e-01   9.9066055236891437e-01   9.9062607623194465e-01   9.9054857131784890e-01   9.9044085786193947e-01   9.9031055336313489e-01   9.9016135052083776e-01   9.8999597883300872e-01   9.8981555540323185e-01   9.8962141064843234e-01   9.8941397903505612e-01   9.8919432123715467e-01   9.8896283358191928e-01   9.8872089331599111e-01   9.8846967145645326e-01   9.8821118579161427e-01   9.8794756952663365e-01   9.8768274033669545e-01   9.8742088123377147e-01   9.8716731717280781e-01   9.8692742986398652e-01   9.8670787842756214e-01   9.8651514805611218e-01   9.8635613973563296e-01   9.8623646332205084e-01   9.8616105145819144e-01   9.8613266352173889e-01   9.8615271913464164e-01   9.8622010794951231e-01   9.8633232825134454e-01   9.8648465061547885e-01   9.8667155415068875e-01   9.8688618988489796e-01   9.8712201288832391e-01   9.8737228149066636e-01   9.8763134223484272e-01   9.8789358649028136e-01   9.8815451604804649e-01   9.8841013302860992e-01   9.8865809912974101e-01   9.8889622128363597e-01   9.8912309023909961e-01   9.8933729562331252e-01   9.8953815871961159e-01   9.8972436358023341e-01   9.8989479480150366e-01   9.9004708398460262e-01   9.9017782765096007e-01   9.9028027391156148e-01   9.9034274922511112e-01   9.9034292969297377e-01   9.9023990022123476e-01   9.8995643783336518e-01   9.8934884124318534e-01   9.8814796357923107e-01   9.8585354204375897e-01   9.8153860217162792e-01   9.7350356190347020e-01   9.5867789857051955e-01   9.3166584176696510e-01   8.8343611216408280e-01   8.0019166405123598e-01   6.6432028441997715e-01   4.6118189000991006e-01   1.9356072593189899e-01  -1.0643532961601676e-01  -3.8809086530811088e-01  -6.1226740415847147e-01  -7.6873207266774413e-01  -8.6843007704862063e-01  -9.2847423675785556e-01  -9.6351481453375998e-01  -9.8365312471054156e-01  -9.9516573359124449e-01  -1.0017548465798081e+00  -1.0055462612602448e+00  -1.0077474175198855e+00  -1.0090404811489719e+00  -1.0098121454475630e+00
  -1.0099514509885996e+00  -1.0101411128198210e+00  -1.0102635289942772e+00  -1.0103447489555808e+00  -1.0104008489833649e+00  -1.0104404582251907e+00  -1.0104694611424265e+00  -1.0104904037278504e+00  -1.0105055420853408e+00  -1.0105153297533542e+00  -1.0105207808119707e+00  -1.0105215504699807e+00  -1.0105180267865292e+00  -1.0105092473576547e+00  -1.0104948506267073e+00  -1.0104727686031514e+00  -1.0104408499896442e+00  -1.0103938971224160e+00  -1.0103243512169304e+00  -1.0102177270595882e+00  -1.0100507338877449e+00  -1.0097814623813781e+00  -1.0093376666287408e+00  -1.0085892673497450e+00  -1.0073064986615525e+00  -1.0050771398602896e+00  -1.0011638933686116e+00  -9.9424334842578410e-01  -9.8195889812096360e-01  -9.6016686377578542e-01  -9.2180404117880843e-01  -8.5552874556789682e-01  -7.4519545308947710e-01  -5.7305887801253241e-01  -3.3076252492030189e-01  -3.5682336471506870e-02   2.6567513081392918e-01   5.2239878227242564e-01   7.0912725038945101e-01   8.2974362305277660e-01   9.0170911681202937e-01   9.4259032155061528e-01   9.6514936179586597e-01   9.7738837283066882e-01   9.8396034824234979e-01   9.8746243049716442e-01   9.8931285993915552e-01   9.9027557256850196e-01   9.9075975696945617e-01   9.9098296094354110e-01   9.9106128538874483e-01   9.9105604716243301e-01   9.9100036215260567e-01   9.9091164978593915e-01   9.9079982683057299e-01   9.9067012790208597e-01   9.9052605992989318e-01   9.9036954181638803e-01   9.9020237518128040e-01   9.9002566372942336e-01   9.8984084071586087e-01   9.8964905221631694e-01   9.8945185756253839e-01   9.8925057967531682e-01   9.8904748969885037e-01   9.8884475836368113e-01   9.8864496751904718e-01   9.8845076199957016e-01   9.8826585181914139e-01   9.8809402359365972e-01   9.8793947030925056e-01   9.8780586457083097e-01   9.8769695629624854e-01   9.8761571267045822e-01   9.8756480556464799e-01   9.8754568896497585e-01   9.8755914504281783e-01   9.8760451888154799e-01   9.8768047454154029e-01   9.8778442725908788e-01   9.8791346054144147e-01   9.8806379736730243e-01   9.8823167793132072e-01   9.8841277189656696e-01   9.8860321889163283e-01   9.8879926807494467e-01   9.8899819955194335e-01   9.8919720183253679e-01   9.8939395334922364e-01   9.8958612832724890e-01   9.8977233655555075e-01   9.8995079379775208e-01   9.9012014474689780e-01   9.9027850965179376e-01   9.9042399838028028e-01   9.9055322777372612e-01   9.9066138763664191e-01   9.9073931883013178e-01   9.9077122009132390e-01   9.9072697236210794e-01   9.9055117427749706e-01   9.9013886295276321e-01   9.8929389854424032e-01   9.8764738823700693e-01   9.8451135336072404e-01   9.7860804080867414e-01   9.6759524755399839e-01   9.4726245862172231e-01   9.1031654994191147e-01   8.4494868840493198e-01   7.3437765989521686e-01   5.6053940526483648e-01   3.1594569189484822e-01   2.0051492664328152e-02  -2.7946609208279016e-01  -5.3312281162876152e-01  -7.1781785889839256e-01  -8.3827263609961378e-01  -9.1144938991115498e-01  -9.5410685799695372e-01  -9.7844394737241003e-01  -9.9220025056238459e-01  -9.9996312866268255e-01  -1.0043575705319199e+00  -1.0068627868288116e+00  -1.0083052377558437e+00  -1.0091474604632256e+00  -1.0096474577022885e+00
  -1.0095076284780058e+00  -1.0096341951051520e+00  -1.0097170240684201e+00  -1.0097734050024310e+00  -1.0098135485884943e+00  -1.0098427029586710e+00  -1.0098643845674249e+00  -1.0098802489336263e+00  -1.0098917599781914e+00  -1.0098993355787966e+00  -1.0099035977192659e+00  -1.0099044071451480e+00  -1.0099019385036181e+00  -1.0098956505284060e+00  -1.0098851863248535e+00  -1.0098692465358234e+00  -1.0098462637549543e+00  -1.0098130341703275e+00  -1.0097647796583500e+00  -1.0096926040019170e+00  -1.0095812574242289e+00  -1.0094029491134746e+00  -1.0091090699082217e+00  -1.0086126725099640e+00  -1.0077580519893938e+00  -1.0062631417226582e+00  -1.0036180016141534e+00  -9.9889788614128461e-01  -9.9043134430640267e-01  -9.7522192032635402e-01  -9.4800555567395095e-01  -8.9990140039029454e-01  -8.1709377885261891e-01  -6.8135528948961233e-01  -4.7644533121167415e-01  -2.0336244261036795e-01   1.0516607776754194e-01   3.9441164563154268e-01   6.2149661391864275e-01   7.7600717405000408e-01   8.7107118929034622e-01   9.2593359567683597e-01   9.5640627226501307e-01   9.7296135293077990e-01   9.8183844422605804e-01   9.8655893914436110e-01   9.8904949009991205e-01   9.9034936936155504e-01   9.9101184786024921e-01   9.9133194674519987e-01   9.9146463654394479e-01   9.9149310478434938e-01   9.9146034479128753e-01   9.9139040989984373e-01   9.9129528389137245e-01   9.9118270365421335e-01   9.9105620535795302e-01   9.9091910689638218e-01   9.9077273922739439e-01   9.9061930849519486e-01   9.9045971366217322e-01   9.9029592768200958e-01   9.9012896293045460e-01   9.8996110495634526e-01   9.8979341570032098e-01   9.8962828374815248e-01   9.8946753800140197e-01   9.8931420388788072e-01   9.8917010512197545e-01   9.8903807362840102e-01   9.8892006484178685e-01   9.8881911534908973e-01   9.8873710926251945e-01   9.8867656331244558e-01   9.8863851761253785e-01   9.8862441476687390e-01   9.8863411098884213e-01   9.8866778527957688e-01   9.8872403059967751e-01   9.8880179695450998e-01   9.8889858216170379e-01   9.8901246825872413e-01   9.8914046515619702e-01   9.8928057099764555e-01   9.8942991856706408e-01   9.8958646141932782e-01   9.8974712356530525e-01   9.8991002894536795e-01   9.9007285591263172e-01   9.9023429773762872e-01   9.9039202015700556e-01   9.9054478748359376e-01   9.9069042451202971e-01   9.9082733049925253e-01   9.9095236016956956e-01   9.9106199512939797e-01   9.9114913180950626e-01   9.9120260736742549e-01   9.9120059080404466e-01   9.9110385546593927e-01   9.9083714918727217e-01   9.9026008204544480e-01   9.8910621961845402e-01   9.8687578366755169e-01   9.8263084014071667e-01   9.7463115843189008e-01   9.5969045669738451e-01   9.3213538107885974e-01   8.8234708630459091e-01   7.9548741568050196e-01   6.5260944349676220e-01   4.3856073834252896e-01   1.5849533163824198e-01  -1.5000380213087139e-01  -4.3203044898035875e-01  -6.4954001048442822e-01  -7.9657236967954370e-01  -8.8749109513990421e-01  -9.4076003169377131e-01  -9.7105797183222398e-01  -9.8804541359248188e-01  -9.9752147061222596e-01  -1.0028117515295032e+00  -1.0057790373197255e+00  -1.0074572651183111e+00  -1.0084171243208251e+00  -1.0089750775178696e+00  -1.0093059921562917e+00
  -1.0089978035479485e+00  -1.0090854385074230e+00  -1.0091434594140460e+00  -1.0091840602757878e+00  -1.0092130142220652e+00  -1.0092349937784453e+00  -1.0092514317652235e+00  -1.0092643055864956e+00  -1.0092734759634125e+00  -1.0092800298833349e+00  -1.0092833703158395e+00  -1.0092843002885736e+00  -1.0092820147766950e+00  -1.0092771036738655e+00  -1.0092684939330576e+00  -1.0092563812119821e+00  -1.0092389778172417e+00  -1.0092151776161329e+00  -1.0091807828708521e+00  -1.0091305954382639e+00  -1.0090534682518644e+00  -1.0089321312301756e+00  -1.0087331455574635e+00  -1.0083981619847739e+00  -1.0078190027239342e+00  -1.0068017566206622e+00  -1.0049893617767609e+00  -1.0017310510092381e+00  -9.9583400583879778e-01  -9.8513118881960926e-01  -9.6572827901327318e-01  -9.3082829583638160e-01  -8.6920366026010965e-01  -7.6427711599921289e-01  -5.9675975850747454e-01  -3.5564591515143029e-01  -5.6406431778021404e-02   2.5295732878509092e-01   5.1749639985740725e-01   7.0917205789639104e-01   8.3189231751436366e-01   9.0429134543304679e-01   9.4492725601617567e-01   9.6708428566749405e-01   9.7896597462207113e-01   9.8527382169992206e-01   9.8859726640264178e-01   9.9033299779988959e-01   9.9122485167626118e-01   9.9166704178225773e-01   9.9186710776779985e-01   9.9193481601922862e-01   9.9192767473053112e-01   9.9187656638861810e-01   9.9179768678256097e-01   9.9170031104458201e-01   9.9158941943999479e-01   9.9146846694058666e-01   9.9133949550462253e-01   9.9120447201366957e-01   9.9106474437179604e-01   9.9092206018889328e-01   9.9077767805719963e-01   9.9063325574119376e-01   9.9049041039881891e-01   9.9035112549528825e-01   9.9021679192242062e-01   9.9008925656235980e-01   9.8997034605893874e-01   9.8986233585751471e-01   9.8976698181688627e-01   9.8968611755318159e-01   9.8962100967160338e-01   9.8957304327800910e-01   9.8954299521909594e-01   9.8953164167739061e-01   9.8953902097076085e-01   9.8956510234132300e-01   9.8960911290534315e-01   9.8967029301923182e-01   9.8974724442713535e-01   9.8983868249330098e-01   9.8994267808339953e-01   9.9005741064019703e-01   9.9018055711435971e-01   9.9031037782107989e-01   9.9044499331447355e-01   9.9058290519785575e-01   9.9072195819180253e-01   9.9086058459848902e-01   9.9099698480405352e-01   9.9112969503024051e-01   9.9125651596038844e-01   9.9137545435060925e-01   9.9148303500279866e-01   9.9157460043373369e-01   9.9164141364746294e-01   9.9166868007765474e-01   9.9162805847181257e-01   9.9146735277354459e-01   9.9108676107763582e-01   9.9029835129465360e-01   9.8874501237330870e-01   9.8575392915809779e-01   9.8006112847394899e-01   9.6932160812603230e-01   9.4926423637980939e-01   9.1238722838591013e-01   8.4636787680104963e-01   7.3346054540624739e-01   5.5442539344369257e-01   3.0162707990931303e-01  -2.9283605880837671e-03  -3.0727532281279313e-01  -5.5994977145107394e-01  -7.3965646799202855e-01  -8.5405926088062112e-01  -9.2195293342953488e-01  -9.6065288409938188e-01  -9.8225488820284212e-01  -9.9420130927375072e-01  -1.0007945235074993e+00  -1.0044416797020490e+00  -1.0064718801319805e+00  -1.0076119750371699e+00  -1.0082614002227186e+00  -1.0086374550140111e+00  -1.0088610547767349e+00
  -1.0084506002353326e+00  -1.0085123275139720e+00  -1.0085541401190670e+00  -1.0085843448205809e+00  -1.0086068071918932e+00  -1.0086241877814319e+00  -1.0086373857943729e+00  -1.0086475618882269e+00  -1.0086548596761298e+00  -1.0086599324766270e+00  -1.0086625917538803e+00  -1.0086632240233975e+00  -1.0086614685065101e+00  -1.0086575220325069e+00  -1.0086508133387522e+00  -1.0086411865342018e+00  -1.0086275653569032e+00  -1.0086089910724751e+00  -1.0085830976002175e+00  -1.0085464840483460e+00  -1.0084920357287137e+00  -1.0084074463612105e+00  -1.0082698529716965e+00  -1.0080389162562979e+00  -1.0076401360668101e+00  -1.0069371656012807e+00  -1.0056783728199628e+00  -1.0034003874987385e+00  -9.9924687808673318e-01  -9.9164253277998315e-01  -9.7771158297801575e-01  -9.5230688259451424e-01  -9.0656720035861016e-01  -8.2638790213169133e-01  -6.9262999043894546e-01  -4.8746623795915894e-01  -2.1065870849800339e-01   1.0403822575386246e-01   3.9873372119166028e-01   6.2835059318760311e-01   7.8279961752322114e-01   8.7660794142849907e-01   9.3005817115391398e-01   9.5938975580165042e-01   9.7514565494562433e-01   9.8350374209927838e-01   9.8790219994932171e-01   9.9019841199309833e-01   9.9138378583167741e-01   9.9198026044669252e-01   9.9226408348257344e-01   9.9237861815146133e-01   9.9240071575897659e-01   9.9236935668409865e-01   9.9230672410052734e-01   9.9222341135468495e-01   9.9212676823693902e-01   9.9201980769661990e-01   9.9190591948498696e-01   9.9178619792485878e-01   9.9166305629594975e-01   9.9153712553955320e-01   9.9141067493141077e-01   9.9128446926855396e-01   9.9116056555227128e-01   9.9103965061282617e-01   9.9092419719890779e-01   9.9081519405724106e-01   9.9071476434334593e-01   9.9062348189148342e-01   9.9054336042022739e-01   9.9047505724874052e-01   9.9042048108785286e-01   9.9037995606700258e-01   9.9035487061989569e-01   9.9034498994435793e-01   9.9035111287968847e-01   9.9037243085961579e-01   9.9040914543358982e-01   9.9045985843737738e-01   9.9052418562850275e-01   9.9060024457832929e-01   9.9068735585116141e-01   9.9078358678657952e-01   9.9088825446280293e-01   9.9099917188912612e-01   9.9111518181684988e-01   9.9123395775667789e-01   9.9135473632407134e-01   9.9147540280980484e-01   9.9159489334108841e-01   9.9171085704615236e-01   9.9182202051498491e-01   9.9192513575558261e-01   9.9201712395496211e-01   9.9209121493454699e-01   9.9213741048972370e-01   9.9213549380745847e-01   9.9204965828091418e-01   9.9181008291472983e-01   9.9128622186496385e-01   9.9022747507497122e-01   9.8816013064443509e-01   9.8418543483275556e-01   9.7661828540358353e-01   9.6233494168750333e-01   9.3569795648364318e-01   8.8699798277769171e-01   8.0098276855641104e-01   6.5774471191849615e-01   4.4083663963025044e-01   1.5509296406884976e-01  -1.5976778208199527e-01  -4.4557464091148424e-01  -6.6310314115251290e-01  -8.0769440221144684e-01  -8.9548225163516659e-01  -9.4596481405089405e-01  -9.7414260966693522e-01  -9.8964255053711880e-01  -9.9812036998338460e-01  -1.0027574371838293e+00  -1.0053028228214036e+00  -1.0067102921434596e+00  -1.0074965157031592e+00  -1.0079426731919736e+00  -1.0082009964340137e+00  -1.0083553148117794e+00
  -1.0078811568615735e+00  -1.0079258234909452e+00  -1.0079573416297731e+00  -1.0079798339966821e+00  -1.0079972111864848e+00  -1.0080103186193008e+00  -1.0080210872499029e+00  -1.0080291058257604e+00  -1.0080355039767062e+00  -1.0080394773235404e+00  -1.0080419627771771e+00  -1.0080420746051897e+00  -1.0080406824543271e+00  -1.0080368299339129e+00  -1.0080313033273227e+00  -1.0080229963293028e+00  -1.0080124235979577e+00  -1.0079978588482494e+00  -1.0079786781847448e+00  -1.0079511512658255e+00  -1.0079114884630163e+00  -1.0078503715756237e+00  -1.0077534791029508e+00  -1.0075912271208980e+00  -1.0073121985217846e+00  -1.0068186863870312e+00  -1.0059325902282499e+00  -1.0043193364528971e+00  -1.0013600655643058e+00  -9.9590109283524941e-01  -9.8581446628586189e-01  -9.6721598776634454e-01  -9.3322200417244816e-01  -8.7228443126275823e-01  -7.6709662964144876e-01  -5.9726128576215531e-01  -3.5110006934033766e-01  -4.5411029161553373e-02   2.6850652307581280e-01   5.3355653040616080e-01   7.2262059179654414e-01   8.4176999243784545e-01   9.1105224249264094e-01   9.4944364815835547e-01   9.7014002062441151e-01   9.8112384975229272e-01   9.8689851668921580e-01   9.8991191072369911e-01   9.9147035913344883e-01   9.9226231300662870e-01   9.9264988373845919e-01   9.9282171425761490e-01   9.9287727422866878e-01   9.9286791169657163e-01   9.9282146321252362e-01   9.9275208209250965e-01   9.9266826927906071e-01   9.9257423481788964e-01   9.9247334290563605e-01   9.9236722341336825e-01   9.9225791225648163e-01   9.9214650446827013e-01   9.9203468919443827e-01   9.9192335025031253e-01   9.9181435690984610e-01   9.9170874933787068e-01   9.9160801039882207e-01   9.9151294283937919e-01   9.9142529207657037e-01   9.9134613015146622e-01   9.9127701954244385e-01   9.9121858494860704e-01   9.9117195931916746e-01   9.9113745406109710e-01   9.9111591593301662e-01   9.9110732242062671e-01   9.9111212059834741e-01   9.9112984569653695e-01   9.9116051426366347e-01   9.9120326814139137e-01   9.9125780049624912e-01   9.9132293324953513e-01   9.9139798794029277e-01   9.9148130062446127e-01   9.9157181443320208e-01   9.9166783598298547e-01   9.9176862493295781e-01   9.9187252301764672e-01   9.9197839188512504e-01   9.9208429939315823e-01   9.9218927850512340e-01   9.9229118400555572e-01   9.9238834989224012e-01   9.9247744802386018e-01   9.9255452621003748e-01   9.9261152123523899e-01   9.9263545619762605e-01   9.9260063747244076e-01   9.9246025461350396e-01   9.9212341644936197e-01   9.9141852140966713e-01   9.9001597694569921e-01   9.8729020456844330e-01   9.8205360993520896e-01   9.7207985183815782e-01   9.5326189328425781e-01   9.1827806408446666e-01   8.5487055719960381e-01   7.4492995520159511e-01   5.6799901892100735e-01   3.1452933529014360e-01   5.6193720636567024e-03  -3.0486067893836699e-01  -5.6227021581356895e-01  -7.4395142636945777e-01  -8.5825255100965192e-01  -9.2513369934049861e-01  -9.6267416774674142e-01  -9.8329164701635341e-01  -9.9450089750204707e-01  -1.0005772817516707e+00  -1.0038749591301510e+00  -1.0056738705097898e+00  -1.0066623471824669e+00  -1.0072127451723401e+00  -1.0075239604991861e+00  -1.0077049349551097e+00  -1.0078130048870499e+00
  -1.0072988570369816e+00  -1.0073315854580533e+00  -1.0073551459895735e+00  -1.0073725395333244e+00  -1.0073864854872367e+00  -1.0073971828948658e+00  -1.0074058802613850e+00  -1.0074122015719174e+00  -1.0074171038256945e+00  -1.0074200495007528e+00  -1.0074218110369508e+00  -1.0074217390251559e+00  -1.0074204891532674e+00  -1.0074173381984100e+00  -1.0074128113385723e+00  -1.0074060241291185e+00  -1.0073972422424826e+00  -1.0073852560008143e+00  -1.0073698050848530e+00  -1.0073486342756226e+00  -1.0073191820602119e+00  -1.0072747040548726e+00  -1.0072047584760488e+00  -1.0070887122424685e+00  -1.0068901124241250e+00  -1.0065388903536843e+00  -1.0059063051939252e+00  -1.0047497151623723e+00  -1.0026163822485701e+00  -9.9865637025818321e-01  -9.9128577637129567e-01  -9.7757357217818908e-01  -9.5221005701438821e-01  -9.0595082020144457e-01  -8.2395977764325357e-01  -6.8607361345873641e-01  -4.7391266926538234e-01  -1.8878782953699702e-01   1.3149605312479384e-01   4.2594348608043342e-01   6.5057986726877826e-01   7.9867336074389206e-01   8.8708088284291631e-01   9.3673902556211386e-01   9.6366646789774368e-01   9.7798298568628383e-01   9.8550718405296123e-01   9.8943216153482594e-01   9.9146304716546996e-01   9.9250161349183919e-01   9.9301827074722238e-01   9.9326041578317037e-01   9.9335523229999434e-01   9.9337077857818923e-01   9.9334108676489852e-01   9.9328574974318784e-01   9.9321381850820922e-01   9.9313190004795204e-01   9.9304244691837829e-01   9.9294864005235384e-01   9.9285127810497387e-01   9.9275260021238787e-01   9.9265309306855776e-01   9.9255489425308108e-01   9.9245821536956857e-01   9.9236500125465410e-01   9.9227581906559359e-01   9.9219275042458932e-01   9.9211598707280013e-01   9.9204714725527154e-01   9.9198633715059115e-01   9.9193522315826721e-01   9.9189386664437340e-01   9.9186366231180778e-01   9.9184431759450908e-01   9.9183682788480598e-01   9.9184054199131433e-01   9.9185608536673331e-01   9.9188245204980707e-01   9.9191987263251835e-01   9.9196695616638797e-01   9.9202358212432018e-01   9.9208817452109321e-01   9.9216059695366665e-01   9.9223928128760774e-01   9.9232380979947943e-01   9.9241211358585513e-01   9.9250356689692232e-01   9.9259637652360710e-01   9.9268998400634445e-01   9.9278213896309087e-01   9.9287182129808527e-01   9.9295614463817072e-01   9.9303249562363738e-01   9.9309483775980856e-01   9.9313453012323638e-01   9.9313370257414280e-01   9.9306087277303901e-01   9.9285400557264636e-01   9.9239665358751572e-01   9.9146344273044451e-01   9.8962532164040373e-01   9.8606114930410593e-01   9.7921691844066361e-01   9.6617973851550032e-01   9.4162150094846320e-01   8.9620291297100263e-01   8.1488704537854872e-01   6.7726557046611491e-01   4.6493784797531229e-01   1.7970653695902000e-01  -1.4002445449694945e-01  -4.3350325428810049e-01  -6.5763327707477592e-01  -8.0609235993544393e-01  -8.9548045627415407e-01  -9.4630709232864330e-01  -9.7430840796118423e-01  -9.8949250912952191e-01  -9.9767024200202570e-01  -1.0020698640870673e+00  -1.0044419350600495e+00  -1.0057286065074114e+00  -1.0064321944406545e+00  -1.0068227670131609e+00  -1.0070432495964821e+00  -1.0071718766706947e+00  -1.0072493685589261e+00
  -1.0067084189818625e+00  -1.0067333652738848e+00  -1.0067510314822252e+00  -1.0067646079547561e+00  -1.0067747155764972e+00  -1.0067830592627458e+00  -1.0067893784929844e+00  -1.0067946865505153e+00  -1.0067982848753503e+00  -1.0068009590673936e+00  -1.0068019387936717e+00  -1.0068019910252866e+00  -1.0068003296430819e+00  -1.0067977105285772e+00  -1.0067933133104519e+00  -1.0067878660950365e+00  -1.0067804122301223e+00  -1.0067713943903973e+00  -1.0067591943119991e+00  -1.0067432416804443e+00  -1.0067203311340693e+00  -1.0066873296194574e+00  -1.0066357433310780e+00  -1.0065520104228054e+00  -1.0064081410190009e+00  -1.0061549894789468e+00  -1.0056972010696077e+00  -1.0048582610575847e+00  -1.0033023763208921e+00  -1.0003998745437437e+00  -9.9496265832778563e-01  -9.8477381512594353e-01  -9.6574517001239635e-01  -9.3056939607951861e-01  -8.6692814080535663e-01  -7.5641563803180389e-01  -5.7786115107134939e-01  -3.2088099149407534e-01  -6.9039956114149148e-03   3.0787579030242346e-01   5.6650322544398202e-01   7.4631916714029545e-01   8.5725411352129932e-01   9.2069335554378273e-01   9.5539075257625816e-01   9.7389921551170644e-01   9.8363298236220686e-01   9.8870880860926968e-01   9.9133615800410624e-01   9.9268398406425185e-01   9.9336213221672687e-01   9.9369016804402399e-01   9.9383242446157682e-01   9.9387606588982824e-01   9.9386487201214213e-01   9.9382343803608608e-01   9.9376331679523977e-01   9.9369238017698758e-01   9.9361368704522257e-01   9.9353066668787215e-01   9.9344419423591135e-01   9.9335660104718948e-01   9.9326819055562476e-01   9.9318088686720229e-01   9.9309511379569915e-01   9.9301280164368444e-01   9.9293398012586565e-01   9.9286030362552480e-01   9.9279205873955501e-01   9.9273109330650433e-01   9.9267752147128618e-01   9.9263276414353108e-01   9.9259658908101112e-01   9.9257017497370303e-01   9.9255310970855515e-01   9.9254634900236427e-01   9.9254921672203922e-01   9.9256237124218338e-01   9.9258484664358759e-01   9.9261705190234029e-01   9.9265780757004451e-01   9.9270731828122538e-01   9.9276409680259559e-01   9.9282794579509881e-01   9.9289700966750982e-01   9.9297108986202387e-01   9.9304857299201754e-01   9.9312928228077857e-01   9.9321111179360466e-01   9.9329357951749475e-01   9.9337452302477591e-01   9.9345303828496101e-01   9.9352573417754297e-01   9.9358973557551877e-01   9.9363761541453111e-01   9.9365868669940194e-01   9.9363021690588560e-01   9.9351205592957614e-01   9.9322426104456452e-01   9.9261658609181458e-01   9.9139689001074172e-01   9.8900838017742365e-01   9.8438361522328255e-01   9.7550435555373816e-01   9.5860193337163058e-01   9.2685663335327473e-01   8.6859852582599084e-01   7.6599319776872188e-01   5.9756746814150175e-01   3.5047208705998456e-01   4.1543434813274049e-02  -2.7611425548126256e-01  -5.4363479370969237e-01  -7.3374935401130015e-01  -8.5326395455663084e-01  -9.2277361342139352e-01  -9.6142745125655649e-01  -9.8241602817602403e-01  -9.9368154977016743e-01  -9.9970274766254885e-01  -1.0029205409813295e+00  -1.0046463132741583e+00  -1.0055770728129256e+00  -1.0060845830864318e+00  -1.0063648741791227e+00  -1.0065237327306356e+00  -1.0066160456981492e+00  -1.0066725015335021e+00
  -1.0061138359980291e+00  -1.0061323025819182e+00  -1.0061451109387629e+00  -1.0061555539281799e+00  -1.0061632997986163e+00  -1.0061700192100034e+00  -1.0061746628439177e+00  -1.0061786331206988e+00  -1.0061808617552357e+00  -1.0061826652253043e+00  -1.0061829116368421e+00  -1.0061828106800248e+00  -1.0061811790737818e+00  -1.0061791520787944e+00  -1.0061754799999807e+00  -1.0061711820515939e+00  -1.0061648747122161e+00  -1.0061574353470797e+00  -1.0061472954895854e+00  -1.0061348980439924e+00  -1.0061174774703598e+00  -1.0060930425689225e+00  -1.0060546148413145e+00  -1.0059930763933191e+00  -1.0058877458544511e+00  -1.0057029525108974e+00  -1.0053677773695973e+00  -1.0047520705560644e+00  -1.0036051031525823e+00  -1.0014556931321854e+00  -9.9740728115303412e-01  -9.8977427370225868e-01  -9.7540733743316643e-01  -9.4856438271160337e-01  -8.9921461395235014e-01  -8.1133758080505558e-01  -6.6365466492402569e-01  -4.3841141635641012e-01  -1.4142476479302413e-01   1.8276586795575067e-01   4.7098713675786175e-01   6.8393462090827328e-01   8.2065418786214517e-01   9.0064978476550395e-01   9.4491952011875557e-01   9.6865518608362811e-01   9.8116031255567782e-01   9.8768127384443138e-01   9.9105812076962785e-01   9.9279276018061313e-01   9.9367259465222157e-01   9.9410600338866162e-01   9.9430602341348906e-01   9.9438198021488355e-01   9.9439170325120452e-01   9.9436434514164085e-01   9.9431627833380132e-01   9.9425536894516053e-01   9.9418698572268516e-01   9.9411342230639010e-01   9.9403716849882673e-01   9.9395903395615781e-01   9.9388082603838757e-01   9.9380310368932501e-01   9.9372724962883785e-01   9.9365363709799848e-01   9.9358391358552733e-01   9.9351856182431320e-01   9.9345881079868981e-01   9.9340474467026363e-01   9.9335750693552871e-01   9.9331727727405283e-01   9.9328515724705646e-01   9.9326113642622382e-01   9.9324601636045506e-01   9.9323950570766117e-01   9.9324212573769177e-01   9.9325334332941329e-01   9.9327340746342219e-01   9.9330151311096859e-01   9.9333759554074730e-01   9.9338059867607476e-01   9.9343031165641271e-01   9.9348572064929963e-01   9.9354662446006081e-01   9.9361176350586755e-01   9.9368042783851840e-01   9.9375115122932489e-01   9.9382341434652544e-01   9.9389572557592643e-01   9.9396693839481898e-01   9.9403482065330051e-01   9.9409700388611166e-01   9.9414860106178693e-01   9.9418203077708545e-01   9.9418238522831037e-01   9.9412249950615239e-01   9.9394952565286199e-01   9.9356281649555755e-01   9.9276752980057226e-01   9.9118936245924527e-01   9.8810820590778947e-01   9.8214907865234846e-01   9.7071080274819721e-01   9.4897291814210738e-01   9.0833324160325479e-01   8.3454619264669860e-01   7.0731038763691734e-01   5.0612255559375108e-01   2.2763874585681326e-01  -9.4604118832000206e-02  -3.9869927506756436e-01  -6.3535761737370000e-01  -7.9351481018393277e-01  -8.8881817117435291e-01  -9.4275856861441820e-01  -9.7223892253542421e-01  -9.8806462591350785e-01  -9.9648889131223906e-01  -1.0009628031618292e+00  -1.0033399427739274e+00  -1.0046088821805867e+00  -1.0052897561695375e+00  -1.0056599704751914e+00  -1.0058635567449743e+00  -1.0059790847824552e+00  -1.0060459992578887e+00  -1.0060875684607027e+00
  -1.0055164361218447e+00  -1.0055297141674975e+00  -1.0055393691930092e+00  -1.0055464571597728e+00  -1.0055518170505773e+00  -1.0055558876605279e+00  -1.0055591017362195e+00  -1.0055614880420651e+00  -1.0055631836049439e+00  -1.0055640613691521e+00  -1.0055642322441758e+00  -1.0055635618582837e+00  -1.0055621793669309e+00  -1.0055599339275241e+00  -1.0055569704834140e+00  -1.0055531136964415e+00  -1.0055484782900190e+00  -1.0055426836542964e+00  -1.0055354706160262e+00  -1.0055258139666774e+00  -1.0055127008606906e+00  -1.0054938532077802e+00  -1.0054656102160100e+00  -1.0054199095097449e+00  -1.0053424498960786e+00  -1.0052056661323983e+00  -1.0049581644325369e+00  -1.0045010513544110e+00  -1.0036473449917425e+00  -1.0020395776543709e+00  -9.9899837287722471e-01  -9.9323280310919060e-01  -9.8231249762359973e-01  -9.6173251600358789e-01  -9.2341967075383979e-01  -8.5383547605513099e-01  -7.3316151373355654e-01  -5.4002020349415703e-01  -2.6766179559827685e-01   5.4683542646672745e-02   3.6548524076435140e-01   6.1110610133854482e-01   7.7638671038599105e-01   8.7588234333742898e-01   9.3179371775185404e-01   9.6199172646996101e-01   9.7794890077366237e-01   9.8627639272949552e-01   9.9059009382745855e-01   9.9280815876174788e-01   9.9393859573070276e-01   9.9450241844292064e-01   9.9477239437099452e-01   9.9488684782920311e-01   9.9492002077433461e-01   9.9490791898991693e-01   9.9487185228445651e-01   9.9482075780636148e-01   9.9476190100510398e-01   9.9469714075040139e-01   9.9463000842816973e-01   9.9456063231660974e-01   9.9449147289031747e-01   9.9442215017646296e-01   9.9435504765127791e-01   9.9428977076947378e-01   9.9422821568038966e-01   9.9416978891225349e-01   9.9411658443433781e-01   9.9406822724032984e-01   9.9402660141008981e-01   9.9399098264227481e-01   9.9396293368159427e-01   9.9394157485312240e-01   9.9392832699175448e-01   9.9392217249528825e-01   9.9392432705655975e-01   9.9393356350927853e-01   9.9395088023115508e-01   9.9397487700626641e-01   9.9400641042587057e-01   9.9404393053630047e-01   9.9408805430653735e-01   9.9413686134775581e-01   9.9419065746647650e-01   9.9424750365942682e-01   9.9430796653597719e-01   9.9437005925143651e-01   9.9443386590745952e-01   9.9449695093435508e-01   9.9455920558417510e-01   9.9461732789866752e-01   9.9466938793479642e-01   9.9470868710137250e-01   9.9472680144220471e-01   9.9470409800806370e-01   9.9460727334700305e-01   9.9436810897771633e-01   9.9385939852312899e-01   9.9283087192232733e-01   9.9080449076392685e-01   9.8685596970772371e-01   9.7922553421912373e-01   9.6459098757380080e-01   9.3685437762181700e-01   8.8534331066138727e-01   7.9312649786095146e-01   6.3826584563635502e-01   4.0405116625715398e-01   1.0029386841957144e-01  -2.2398920580050241e-01  -5.0577452679043478e-01  -7.1018388074759353e-01  -8.3994291434427393e-01  -9.1552677431846796e-01  -9.5740148080272225e-01  -9.7997968038634686e-01  -9.9198925149428341e-01  -9.9833964839703226e-01  -1.0016929711389186e+00  -1.0034665064961505e+00  -1.0044083434609670e+00  -1.0049120390676236e+00  -1.0051842918465879e+00  -1.0053339143187212e+00  -1.0054181648488689e+00  -1.0054672932627049e+00  -1.0054971420749090e+00
  -1.0049175909230537e+00  -1.0049260705894598e+00  -1.0049325826529953e+00  -1.0049367552059572e+00  -1.0049406058110266e+00  -1.0049428355952785e+00  -1.0049449702563784e+00  -1.0049456751374390e+00  -1.0049464887930053e+00  -1.0049460973426243e+00  -1.0049459641711986e+00  -1.0049447183098708e+00  -1.0049437539887855e+00  -1.0049416503256108e+00  -1.0049397378496105e+00  -1.0049365050956238e+00  -1.0049332027464335e+00  -1.0049282447501962e+00  -1.0049228735967188e+00  -1.0049153110196687e+00  -1.0049061778860289e+00  -1.0048921899990586e+00  -1.0048716482587265e+00  -1.0048373962537869e+00  -1.0047803735543968e+00  -1.0046783977756824e+00  -1.0044941184603804e+00  -1.0041515173791038e+00  -1.0035102733397419e+00  -1.0022966195848138e+00  -9.9999246109525308e-01  -9.9560291539571732e-01  -9.8724566654617218e-01  -9.7138498772506199e-01  -9.4156401018736369e-01  -8.8655456340631578e-01  -7.8874397374627048e-01  -6.2588267387970531e-01  -3.8252121897576774e-01  -7.2171132884670863e-02   2.5226909856310697e-01   5.2790631128378684e-01   7.2365000127707013e-01   8.4560719706147924e-01   9.1548337221738396e-01   9.5359954965063554e-01   9.7382922974572961e-01   9.8440468934817493e-01   9.8988484573781710e-01   9.9270581632135291e-01   9.9414692895037859e-01   9.9487262807792887e-01   9.9522744772065130e-01   9.9538859430194249e-01   9.9544824537393228e-01   9.9545342822805105e-01   9.9542925227311552e-01   9.9538831419589746e-01   9.9533799821306101e-01   9.9528187744422369e-01   9.9522268156854454e-01   9.9516158687291534e-01   9.9510017276413076e-01   9.9503909876788288e-01   9.9497938755742754e-01   9.9492147038331746e-01   9.9486659271081346e-01   9.9481524330461535e-01   9.9476825294585547e-01   9.9472574449744267e-01   9.9468850436758494e-01   9.9465676226600275e-01   9.9463129591396648e-01   9.9461217183314510e-01   9.9459993447598560e-01   9.9459441555172956e-01   9.9459596083629997e-01   9.9460420644162273e-01   9.9461931164159456e-01   9.9464068048609189e-01   9.9466824300793721e-01   9.9470117644072453e-01   9.9473933605959730e-01   9.9478193791172698e-01   9.9482890355096587e-01   9.9487918306747147e-01   9.9493224244170431e-01   9.9498676411191911e-01   9.9504238511725907e-01   9.9509758219880728e-01   9.9515120364349885e-01   9.9520049430571567e-01   9.9524228881796351e-01   9.9526946331249122e-01   9.9527051845336401e-01   9.9522199415955293e-01   9.9508073193526592e-01   9.9476152651283400e-01   9.9410160593612718e-01   9.9278381289393181e-01   9.9019786046837366e-01   9.8516756741177891e-01   9.7545296883447252e-01   9.5685149142758696e-01   9.2173706991874627e-01   8.5711300310793559e-01   7.4348206660607397e-01   5.5872557256347954e-01   2.9332117463077612e-01  -2.7371709945416267e-02  -3.4303348715869331e-01  -5.9701060260539729e-01  -7.7032575690479044e-01  -8.7578205571792989e-01  -9.3557367778938305e-01  -9.6814671681296638e-01  -9.8552342732763354e-01  -9.9469733473246036e-01  -9.9952188432582489e-01  -1.0020564163309138e+00  -1.0033917006918240e+00  -1.0040969279079635e+00  -1.0044730400964279e+00  -1.0046746307907406e+00  -1.0047854526446818e+00  -1.0048466650530961e+00  -1.0048826265158219e+00  -1.0049036702094782e+00
  -1.0043170745387215e+00  -1.0043221914622915e+00  -1.0043258465707250e+00  -1.0043275716294735e+00  -1.0043288249479816e+00  -1.0043289728971025e+00  -1.0043292680949263e+00  -1.0043288359646922e+00  -1.0043286624037047e+00  -1.0043277777200523e+00  -1.0043271186634948e+00  -1.0043257456518964e+00  -1.0043245833882042e+00  -1.0043227115481865e+00  -1.0043210422816042e+00  -1.0043186754280140e+00  -1.0043164834205640e+00  -1.0043134493527173e+00  -1.0043101453401739e+00  -1.0043051518636268e+00  -1.0042986242297332e+00  -1.0042886090186469e+00  -1.0042738570317706e+00  -1.0042490823591061e+00  -1.0042068753919116e+00  -1.0041309276374752e+00  -1.0039926127605860e+00  -1.0037342995870602e+00  -1.0032483021780487e+00  -1.0023250421043270e+00  -1.0005649075551941e+00  -9.9719852050097535e-01  -9.9075966686707950e-01  -9.7847067369623575e-01  -9.5518029589127251e-01  -9.1168887746640070e-01  -8.3280906857979720e-01  -6.9718473454625896e-01  -4.8432009990579605e-01  -1.9399011731701593e-01   1.3424766380574460e-01   4.3499219651977922e-01   6.6181948566284432e-01   8.0900382334705079e-01   8.9538327558547570e-01   9.4311014395994719e-01   9.6859639998991975e-01   9.8195606774117528e-01   9.8888488188680113e-01   9.9245528110076997e-01   9.9428191528043464e-01   9.9520794995980466e-01   9.9566673949414530e-01   9.9588439908289439e-01   9.9597498379211336e-01   9.9599970923751502e-01   9.9598799942060257e-01   9.9595742767713191e-01   9.9591518880576624e-01   9.9586732137238498e-01   9.9581523818321804e-01   9.9576198353134349e-01   9.9570742529452483e-01   9.9565370799712738e-01   9.9560056024869437e-01   9.9554991758597922e-01   9.9550106584223286e-01   9.9545568796981054e-01   9.9541333053701353e-01   9.9537582071070196e-01   9.9534255206719413e-01   9.9531498950070763e-01   9.9529229448611045e-01   9.9527578382228110e-01   9.9526455499491173e-01   9.9525980169281481e-01   9.9526049170107167e-01   9.9526763749914204e-01   9.9528006085789167e-01   9.9529863545167541e-01   9.9532210069168625e-01   9.9535121620199341e-01   9.9538452799366894e-01   9.9542246161546244e-01   9.9546327465462625e-01   9.9550739003036604e-01   9.9555329847458729e-01   9.9560136167200652e-01   9.9564950527353069e-01   9.9569754480429973e-01   9.9574288794103305e-01   9.9578398695947667e-01   9.9581532733281419e-01   9.9582999587541743e-01   9.9581191154557258e-01   9.9573356545916714e-01   9.9553869709397969e-01   9.9512175704321948e-01   9.9427467169773220e-01   9.9259787504720332e-01   9.8931533475325539e-01   9.8293943943725881e-01   9.7063758781494680e-01   9.4714158369471924e-01   9.0303558416761942e-01   8.2281957290834029e-01   6.8489743547371584e-01   4.6910862250350605e-01   1.7662310171837203e-01  -1.5136701321025586e-01  -4.4955093768452892e-01  -6.7326647045913146e-01  -8.1817766421274540e-01  -9.0335918059329567e-01  -9.5063050980948005e-01  -9.7604418643015145e-01  -9.8948642543688192e-01  -9.9654044962530464e-01  -1.0002324125565714e+00  -1.0021636634520414e+00  -1.0031767848962276e+00  -1.0037094159370747e+00  -1.0039919110788063e+00  -1.0041422513026776e+00  -1.0042239877400434e+00  -1.0042685025037312e+00  -1.0042939875839159e+00  -1.0043081842238930e+00
  -1.0037158490145683e+00  -1.0037178567534688e+00  -1.0037180118199558e+00  -1.0037178084438370e+00  -1.0037168575718332e+00  -1.0037159622970488e+00  -1.0037144363006831e+00  -1.0037130707145616e+00  -1.0037112675355349e+00  -1.0037098356370118e+00  -1.0037081323210004e+00  -1.0037069015920550e+00  -1.0037054318918448e+00  -1.0037044203251342e+00  -1.0037030773821194e+00  -1.0037020389513520e+00  -1.0037004219822621e+00  -1.0036988649195746e+00  -1.0036964935612025e+00  -1.0036939467076691e+00  -1.0036899151818526e+00  -1.0036841193940635e+00  -1.0036737681235639e+00  -1.0036565638413690e+00  -1.0036255032703782e+00  -1.0035696246376553e+00  -1.0034651905449037e+00  -1.0032698016384063e+00  -1.0028986354333298e+00  -1.0021916322925293e+00  -1.0008369596396669e+00  -9.9823792152381274e-01  -9.9324546461280017e-01  -9.8367384025378946e-01  -9.6541510643178841e-01  -9.3098921530713163e-01  -8.6755927918942088e-01  -7.5563926116312496e-01  -5.7261418815493870e-01  -3.0774710196675104e-01   1.4672048438027330e-02   3.3364711510548828e-01   5.9054144450593049e-01   7.6524924700593056e-01   8.7081037164752018e-01   9.3008640639764262e-01   9.6200167439905071e-01   9.7879511809187825e-01   9.8751924083883524e-01   9.9201875753899882e-01   9.9432428430426090e-01   9.9549763790431645e-01   9.9608498212855867e-01   9.9637082394414511e-01   9.9649872867592681e-01   9.9654536952327100e-01   9.9654767349044682e-01   9.9652738167421895e-01   9.9649342369814453e-01   9.9645306448789461e-01   9.9640796070622950e-01   9.9636147979506362e-01   9.9631350901805338e-01   9.9626642952249023e-01   9.9621945468298312e-01   9.9617460114226364e-01   9.9613131064546356e-01   9.9609155520952342e-01   9.9605440369843623e-01   9.9602145710878320e-01   9.9599180397049059e-01   9.9596714117031349e-01   9.9594658755424836e-01   9.9593168793120701e-01   9.9592137878477083e-01   9.9591700801470162e-01   9.9591736169537348e-01   9.9592364182885706e-01   9.9593448563856257e-01   9.9595092136315999e-01   9.9597138028140042e-01   9.9599672541998319e-01   9.9602531295727170e-01   9.9605810321747923e-01   9.9609349220330889e-01   9.9613223623047342e-01   9.9617221902612818e-01   9.9621396361933201e-01   9.9625535855959280e-01   9.9629662479715086e-01   9.9633443354228335e-01   9.9636722173815051e-01   9.9638821857374893e-01   9.9638909205247150e-01   9.9634963444124292e-01   9.9623567459363327e-01   9.9597625322518368e-01   9.9543878069850522e-01   9.9436052990215296e-01   9.9223759623506813e-01   9.8809018159994277e-01   9.8004396096299462e-01   9.6454386833100814e-01   9.3504359645451474e-01   8.8008436884663355e-01   7.8162066766298666e-01   6.1689165717314465e-01   3.7045637178844337e-01   5.7115417068508423e-02  -2.6834852495959977e-01  -5.4266690745725743e-01  -7.3608708826419778e-01  -8.5600586832987513e-01  -9.2455653628343981e-01  -9.6195541624252856e-01  -9.8185311951224241e-01  -9.9230484955403220e-01  -9.9776316925102226e-01  -1.0006072206921508e+00  -1.0020898928592668e+00  -1.0028635554826968e+00  -1.0032689393766272e+00  -1.0034816399095017e+00  -1.0035942983252704e+00  -1.0036537841433251e+00  -1.0036857555395935e+00  -1.0037024519349447e+00  -1.0037115769568246e+00
  -1.0031137656791966e+00  -1.0031130393652914e+00  -1.0031104427992366e+00  -1.0031080343108452e+00  -1.0031043821389660e+00  -1.0031014967661864e+00  -1.0030979434022014e+00  -1.0030954903450915e+00  -1.0030925239772555e+00  -1.0030906693119683e+00  -1.0030883072770194e+00  -1.0030870489183581e+00  -1.0030852922858875e+00  -1.0030846363560630e+00  -1.0030834845809882e+00  -1.0030834401864570e+00  -1.0030828812904071e+00  -1.0030833127472758e+00  -1.0030828582490412e+00  -1.0030827348223101e+00  -1.0030808187565994e+00  -1.0030781726442339e+00  -1.0030718972612338e+00  -1.0030610594385396e+00  -1.0030389641724293e+00  -1.0029983264562532e+00  -1.0029198617694104e+00  -1.0027716973512766e+00  -1.0024869555646609e+00  -1.0019422543732659e+00  -1.0008931926089586e+00  -9.9887406888592245e-01  -9.9498092060885046e-01  -9.8748825580883859e-01  -9.7311975078305080e-01  -9.4581985474591801e-01  -8.9488608336501685e-01  -8.0312574964195560e-01  -6.4788236772806373e-01  -4.1138894664457915e-01  -1.0321120870469624e-01   2.2574530912648394e-01   5.0982762522721403e-01   7.1356681952248346e-01   8.4100558550907434e-01   9.1401262328237110e-01   9.5374200930845787e-01   9.7475520179492470e-01   9.8569923621413535e-01   9.9134952766305107e-01   9.9424961962468716e-01   9.9572872512846955e-01   9.9647532771936875e-01   9.9684404192648290e-01   9.9701739616456586e-01   9.9708910679674967e-01   9.9710755202745205e-01   9.9709763577273758e-01   9.9707246915704240e-01   9.9703888166765975e-01   9.9700074661667415e-01   9.9696022227248848e-01   9.9691868484780677e-01   9.9687699883969072e-01   9.9683612506121366e-01   9.9679661312137091e-01   9.9675889293687359e-01   9.9672330091034333e-01   9.9669049254769448e-01   9.9666096097064949e-01   9.9663518104976745e-01   9.9661333863444723e-01   9.9659568738497561e-01   9.9658232785068168e-01   9.9657345659719632e-01   9.9656911036715101e-01   9.9656936534869223e-01   9.9657414037543979e-01   9.9658337692802290e-01   9.9659691821973284e-01   9.9661463150839003e-01   9.9663630672608261e-01   9.9666162156214388e-01   9.9669008716841245e-01   9.9672108108455637e-01   9.9675414109053195e-01   9.9678882632554999e-01   9.9682459377695054e-01   9.9686031052258073e-01   9.9689471253754325e-01   9.9692569126609853e-01   9.9694981536834770e-01   9.9696041835118843e-01   9.9694557437350739e-01   9.9688186523130240e-01   9.9672474760725838e-01   9.9638709718759699e-01   9.9570041590435421e-01   9.9433637531821539e-01   9.9165903462194205e-01   9.8643907647552409e-01   9.7632381907765009e-01   9.5688446278404971e-01   9.2006266092593603e-01   8.5213726952536606e-01   7.3269823451340554e-01   5.3931654918104588e-01   2.6443109053699343e-01  -6.1909701949188600e-02  -3.7588916095066599e-01  -6.2254642549717176e-01  -7.8730069746769893e-01  -8.8579872790414649e-01  -9.4085415318002619e-01  -9.7048639014365090e-01  -9.8612213573874030e-01  -9.9428885571785819e-01  -9.9853673293927103e-01  -1.0007411779086908e+00  -1.0018866446261909e+00  -1.0024809459458253e+00  -1.0027908981378395e+00  -1.0029513057098369e+00  -1.0030353117951958e+00  -1.0030776970532704e+00  -1.0030996969692854e+00  -1.0031093293857265e+00  -1.0031136711707933e+00
  -1.0025115895018952e+00  -1.0025073474405513e+00  -1.0025020047485242e+00  -1.0024969614822332e+00  -1.0024916823003276e+00  -1.0024870225395779e+00  -1.0024822213897611e+00  -1.0024781349744933e+00  -1.0024741201998664e+00  -1.0024710436325068e+00  -1.0024682388308588e+00  -1.0024664817483635e+00  -1.0024650541265707e+00  -1.0024646492475775e+00  -1.0024644950275956e+00  -1.0024651870669017e+00  -1.0024659012330497e+00  -1.0024672080769703e+00  -1.0024683665233129e+00  -1.0024699596380637e+00  -1.0024709955900144e+00  -1.0024713459250991e+00  -1.0024691033889157e+00  -1.0024629973467809e+00  -1.0024487803123268e+00  -1.0024198823246571e+00  -1.0023619618724751e+00  -1.0022494450315660e+00  -1.0020309532054716e+00  -1.0016089849861842e+00  -1.0007928507140356e+00  -9.9921530676739578e-01  -9.9616438218229919e-01  -9.9027165978372333e-01  -9.7892400788376233e-01  -9.5722914549363325e-01  -9.1635003192814135e-01  -8.4146315165573393e-01  -7.1118668944526509e-01  -5.0383438548149484e-01  -2.1648243108279630e-01   1.1363183682814826e-01   4.2013765552320814e-01   6.5329011716879126e-01   8.0514374927167132e-01   8.9428364341793831e-01   9.4344805227367301e-01   9.6963026101576899e-01   9.8331349941134449e-01   9.9038929420574817e-01   9.9402682694677391e-01   9.9588530052703295e-01   9.9682889760284132e-01   9.9729966850143004e-01   9.9752816338606265e-01   9.9762969102783594e-01   9.9766652634033048e-01   9.9766789917580123e-01   9.9765175307691245e-01   9.9762482775768835e-01   9.9759338467479364e-01   9.9755827957417054e-01   9.9752275499083920e-01   9.9748623292354899e-01   9.9745087026968382e-01   9.9741571160174813e-01   9.9738296907202939e-01   9.9735166787916285e-01   9.9732355825733054e-01   9.9729739004207740e-01   9.9727489770533650e-01   9.9725499386951333e-01   9.9723940730050742e-01   9.9722696029656122e-01   9.9721919356706801e-01   9.9721479615211484e-01   9.9721516987961645e-01   9.9721891135336227e-01   9.9722729540369226e-01   9.9723878562475521e-01   9.9725448072458678e-01   9.9727270193773321e-01   9.9729450497054606e-01   9.9731830712465297e-01   9.9734523818435517e-01   9.9737348221206423e-01   9.9740367959984866e-01   9.9743367434793684e-01   9.9746403313520282e-01   9.9749195509177091e-01   9.9751635252703896e-01   9.9753152029902326e-01   9.9753102745786382e-01   9.9749833868259385e-01   9.9740607721509322e-01   9.9719669495337881e-01   9.9676301841287951e-01   9.9589172926744074e-01   9.9417313368803695e-01   9.9080738247726896e-01   9.8425731137504513e-01   9.7158436485829724e-01   9.4730838324136590e-01   9.0161552252100408e-01   8.1837408555029068e-01   6.7531819444961216e-01   4.5244905119137924e-01   1.5322932454595706e-01  -1.7736650816430188e-01  -4.7254756259818176e-01  -6.9005766934054691e-01  -8.2874819301060576e-01  -9.0922037455844895e-01  -9.5339618774944357e-01  -9.7691921455405906e-01  -9.8924888337061989e-01  -9.9565990709185215e-01  -9.9898228318466764e-01  -1.0007007707116107e+00  -1.0015898916250785e+00  -1.0020489067280287e+00  -1.0022859743802566e+00  -1.0024070058074517e+00  -1.0024683783822927e+00  -1.0024977909179469e+00  -1.0025110341774091e+00  -1.0025150101565783e+00  -1.0025147898807132e+00
  -1.0019085987381577e+00  -1.0019009755635711e+00  -1.0018935592648648e+00  -1.0018855390679293e+00  -1.0018781362602804e+00  -1.0018706743408410e+00  -1.0018643748793021e+00  -1.0018584109645827e+00  -1.0018537877770912e+00  -1.0018495662073859e+00  -1.0018467081331695e+00  -1.0018442706678070e+00  -1.0018432132667869e+00  -1.0018425753046900e+00  -1.0018433195534107e+00  -1.0018444676017950e+00  -1.0018469762999394e+00  -1.0018497395821084e+00  -1.0018535242954334e+00  -1.0018569341521699e+00  -1.0018606531427541e+00  -1.0018632386952893e+00  -1.0018650531560767e+00  -1.0018632620451149e+00  -1.0018559153657256e+00  -1.0018362736608770e+00  -1.0017949329296580e+00  -1.0017099083600174e+00  -1.0015427074107133e+00  -1.0012147062770562e+00  -1.0005776046861665e+00  -9.9933926171042842e-01  -9.9693817781255845e-01  -9.9228468200490727e-01  -9.8329355098702820e-01  -9.6601646912095496e-01  -9.3320597286646889e-01  -8.7228963079980837e-01  -7.6388272320839612e-01  -5.8483453433188126e-01  -3.2278542042578973e-01  -6.7814507197672125e-05   3.2243195532992941e-01   5.8394176210481707e-01   7.6235519229182869e-01   8.7019452644739625e-01   9.3067045698242490e-01   9.6316388345136639e-01   9.8022199466244131e-01   9.8906419132738210e-01   9.9361652046302096e-01   9.9594712405771169e-01   9.9713453450073697e-01   9.9773216595326319e-01   9.9802759385250261e-01   9.9816560581582969e-01   9.9822333322254730e-01   9.9823779687104042e-01   9.9823072204034147e-01   9.9821091053572197e-01   9.9818550462954336e-01   9.9815603422763488e-01   9.9812567661910345e-01   9.9809404996344397e-01   9.9806349094287472e-01   9.9803315221119282e-01   9.9800470206605474e-01   9.9797711172735826e-01   9.9795222478570378e-01   9.9792917965398176e-01   9.9790960881004587e-01   9.9789238495733146e-01   9.9787893468358790e-01   9.9786808490699164e-01   9.9786122581545666e-01   9.9785714564615158e-01   9.9785714594432795e-01   9.9785991452556244e-01   9.9786666222011033e-01   9.9787600782561259e-01   9.9788914153550734e-01   9.9790462206300679e-01   9.9792351242032584e-01   9.9794406535468483e-01   9.9796710263254473e-01   9.9799083316252424e-01   9.9801629047872675e-01   9.9804144578819365e-01   9.9806656474598932e-01   9.9808847489490249e-01   9.9810591344109345e-01   9.9811213129742726e-01   9.9809893942834949e-01   9.9804604928557417e-01   9.9791912297978469e-01   9.9764640169251140e-01   9.9709361082271164e-01   9.9599380656189462e-01   9.9383387732028572e-01   9.8961330539082604e-01   9.8141305836605708e-01   9.6558329541375720e-01   9.3538747381684983e-01   8.7901927496629240e-01   7.7791788839780429e-01   6.0890637267040226e-01   3.5706100009623964e-01   3.9415409566206761e-02  -2.8665214699298225e-01  -5.5777587419301278e-01  -7.4646206726517184e-01  -8.6212855029872471e-01  -9.2762200403278849e-01  -9.6305861241383139e-01  -9.8176912789168780e-01  -9.9152308432067759e-01  -9.9657685270741614e-01  -9.9918653853516159e-01  -1.0005327439342364e+00  -1.0012252615589163e+00  -1.0015811174961182e+00  -1.0017618465577653e+00  -1.0018527252210905e+00  -1.0018959056696937e+00  -1.0019150095808493e+00  -1.0019206129692571e+00  -1.0019198958864901e+00  -1.0019149239582923e+00
  -1.0013050550383338e+00  -1.0012939150587876e+00  -1.0012835845285171e+00  -1.0012727673760056e+00  -1.0012635123118439e+00  -1.0012541359458549e+00  -1.0012464156197507e+00  -1.0012387321549805e+00  -1.0012329290967932e+00  -1.0012274472222804e+00  -1.0012240605559564e+00  -1.0012211484204090e+00  -1.0012203886839908e+00  -1.0012200939182161e+00  -1.0012218535213375e+00  -1.0012238930613069e+00  -1.0012277315692040e+00  -1.0012315805414758e+00  -1.0012370472732066e+00  -1.0012423809240760e+00  -1.0012490104573966e+00  -1.0012546027652165e+00  -1.0012599734241909e+00  -1.0012621485955220e+00  -1.0012606681216707e+00  -1.0012491854759693e+00  -1.0012210096959508e+00  -1.0011580110463723e+00  -1.0010306437353076e+00  -1.0007758318091216e+00  -1.0002771189561137e+00  -9.9930195369007313e-01  -9.9740529931064204e-01  -9.9371816633182308e-01  -9.8657362835458562e-01  -9.7278890938082418e-01  -9.4644699185217118e-01  -8.9701492041993602e-01  -8.0740899880533423e-01  -6.5476557835609739e-01  -4.2044874704247720e-01  -1.1267606429051000e-01   2.1817758325256595e-01   5.0532447201203301e-01   7.1176260409838010e-01   8.4093353768977219e-01   9.1486398356122545e-01   9.5503565164550164e-01   9.7624806213616910e-01   9.8727960282923111e-01   9.9296873526209539e-01   9.9588786654557582e-01   9.9737835840568401e-01   9.9813413278138197e-01   9.9851171263758576e-01   9.9869465179491623e-01   9.9877675126899956e-01   9.9880662879057602e-01   9.9880895312598250e-01   9.9879692657649832e-01   9.9877709116671642e-01   9.9875330678508478e-01   9.9872746729144124e-01   9.9870102367824187e-01   9.9867439747815878e-01   9.9864839677433781e-01   9.9862343475813209e-01   9.9860016757903236e-01   9.9857856700828806e-01   9.9855898864247106e-01   9.9854144779270448e-01   9.9852643441929978e-01   9.9851399981239908e-01   9.9850452527599587e-01   9.9849792796918024e-01   9.9849445266141346e-01   9.9849393399934439e-01   9.9849652405366041e-01   9.9850198386716593e-01   9.9851033242944187e-01   9.9852120290487645e-01   9.9853446752638020e-01   9.9854975419103520e-01   9.9856701849706531e-01   9.9858598591392311e-01   9.9860634701283613e-01   9.9862731381926984e-01   9.9864811904666695e-01   9.9866770105778890e-01   9.9868421174006217e-01   9.9869412334537411e-01   9.9869107866182427e-01   9.9866306165714458e-01   9.9858677622830727e-01   9.9841729937995383e-01   9.9806706144263568e-01   9.9736586762688184e-01   9.9598209304695495e-01   9.9327170320447977e-01   9.8798805337737527e-01   9.7773988628469755e-01   9.5801755594942528e-01   9.2060069029593972e-01   8.5148245927271782e-01   7.2986688532409838e-01   5.3313923459902191e-01   2.5444726373839421e-01  -7.4298914614704697e-02  -3.8781594568594124e-01  -6.3173282360743532e-01  -7.9317548289775475e-01  -8.8892785559198595e-01  -9.4207995505243569e-01  -9.7050850731160343e-01  -9.8541828438317158e-01  -9.9315689522341510e-01  -9.9715448344208968e-01  -9.9921208663843808e-01  -1.0002702944784863e+00  -1.0008111938125188e+00  -1.0010870465822244e+00  -1.0012241503681514e+00  -1.0012910292914086e+00  -1.0013197107029710e+00  -1.0013300117594166e+00  -1.0013290374420696e+00  -1.0013236530184455e+00  -1.0013145781776589e+00
  -1.0007001884064672e+00  -1.0006862202155122e+00  -1.0006728898361883e+00  -1.0006595891846692e+00  -1.0006472937206703e+00  -1.0006355793273110e+00  -1.0006254637001863e+00  -1.0006163934433001e+00  -1.0006091627109495e+00  -1.0006031017616277e+00  -1.0005989348117057e+00  -1.0005959907655133e+00  -1.0005949600631545e+00  -1.0005951651937106e+00  -1.0005972609598905e+00  -1.0006005712998778e+00  -1.0006056990701910e+00  -1.0006118745480628e+00  -1.0006194708944480e+00  -1.0006275016204740e+00  -1.0006362542149092e+00  -1.0006448575229800e+00  -1.0006534128524134e+00  -1.0006601357542810e+00  -1.0006635223032982e+00  -1.0006594831893489e+00  -1.0006418936129440e+00  -1.0005971700884040e+00  -1.0005008921006771e+00  -1.0003040321138341e+00  -9.9991296851803146e-01  -9.9914390124825625e-01  -9.9764115344356730e-01  -9.9471243295158918e-01  -9.8902153668292037e-01  -9.7800676554435539e-01  -9.5685182248565304e-01  -9.1681631875718361e-01  -8.4315319546071033e-01  -7.1441372179219931e-01  -5.0849523221156523e-01  -2.2168900977952063e-01   1.0929521953086016e-01   4.1761662980436681e-01   6.5253730142861543e-01   8.0558250855829017e-01   8.9536939786687098e-01   9.4484471845235651e-01   9.7116747139896142e-01   9.8491377936088353e-01   9.9201934164850281e-01   9.9567318711584230e-01   9.9754270916819965e-01   9.9849576150557950e-01   9.9897568926644287e-01   9.9921380461540632e-01   9.9932550651438934e-01   9.9937328813128490e-01   9.9938623735577137e-01   9.9938236509510792e-01   9.9936818967865293e-01   9.9935003592084592e-01   9.9932845930028547e-01   9.9930662158674843e-01   9.9928380752916668e-01   9.9926227475842089e-01   9.9924060539245152e-01   9.9922073557965263e-01   9.9920148159571409e-01   9.9918484080172831e-01   9.9916947463806527e-01   9.9915707042419977e-01   9.9914615889864078e-01   9.9913836233088094e-01   9.9913223101238213e-01   9.9912933907600465e-01   9.9912819025680111e-01   9.9913026428366014e-01   9.9913400424346965e-01   9.9914084043173645e-01   9.9914921070802654e-01   9.9916051741132628e-01   9.9917306767455738e-01   9.9918799469708686e-01   9.9920332220802477e-01   9.9922015836192724e-01   9.9923661852883583e-01   9.9925350744341757e-01   9.9926782642781919e-01   9.9927880678749070e-01   9.9928077223200118e-01   9.9926748157884959e-01   9.9922224772286350e-01   9.9911779546565282e-01   9.9889612499371905e-01   9.9844959824502755e-01   9.9756326933711181e-01   9.9582451597063260e-01   9.9242646630654974e-01   9.8581736449148871e-01   9.7302651794672923e-01   9.4850740982371917e-01   9.0231598792375767e-01   8.1810228775476546e-01   6.7334512296154103e-01   4.4804346749335167e-01   1.4639660417356967e-01  -1.8528974134583615e-01  -4.7961195774127774e-01  -6.9506772618027024e-01  -8.3160798414065773e-01  -9.1040116182351349e-01  -9.5344192024476726e-01  -9.7625253330196415e-01  -9.8815141298089038e-01  -9.9430628468944560e-01  -9.9747669826631769e-01  -9.9910421471237076e-01  -9.9993749985566716e-01  -1.0003608357972995e+00  -1.0005735929868118e+00  -1.0006767794041924e+00  -1.0007238705595998e+00  -1.0007410251334956e+00  -1.0007431468946848e+00  -1.0007367471104947e+00  -1.0007265107346262e+00  -1.0007136343533309e+00
  -1.0000945994051695e+00  -1.0000775276313223e+00  -1.0000603325316255e+00  -1.0000445521407453e+00  -1.0000294700563279e+00  -1.0000162047811629e+00  -1.0000038330829863e+00  -9.9999347329140575e-01  -9.9998430957717566e-01  -9.9997747893509115e-01  -9.9997211732281588e-01  -9.9996926682035947e-01  -9.9996796485212358e-01  -9.9996916560713001e-01  -9.9997179976948924e-01  -9.9997673258284769e-01  -9.9998279493819475e-01  -9.9999086027239159e-01  -9.9999980864656512e-01  -1.0000106058651161e+00  -1.0000219255369447e+00  -1.0000342974538543e+00  -1.0000458599332045e+00  -1.0000569074337999e+00  -1.0000647943547725e+00  -1.0000677454449807e+00  -1.0000590027821763e+00  -1.0000295717856758e+00  -9.9995815616338846e-01  -9.9980752829070607e-01  -9.9950116290414337e-01  -9.9889451353600978e-01  -9.9770157721797381e-01  -9.9537118249793688e-01  -9.9083017340468926e-01  -9.8201930515073843e-01  -9.6502811538169087e-01  -9.3265783093411403e-01  -8.7237869112864419e-01  -7.6479008881987898e-01  -5.8656653403417836e-01  -3.2496284075883419e-01  -1.9537209102665314e-03   3.2145830991156787e-01   5.8397906049558490e-01   7.6312954514348996e-01   8.7139460256985168e-01   9.3209008091215040e-01   9.6469381297675905e-01   9.8180965940013964e-01   9.9068485872613232e-01   9.9525840791701736e-01   9.9760440668368144e-01   9.9880435498192888e-01   9.9941314961086281e-01   9.9971925274201712e-01   9.9986788825045947e-01   9.9993649558174447e-01   9.9996217221559047e-01   9.9996673694348415e-01   9.9995892482954585e-01   9.9994581496895119e-01   9.9992885390134845e-01   9.9991121913861525e-01   9.9989222657786736e-01   9.9987400794473880e-01   9.9985573189171184e-01   9.9983921347844629e-01   9.9982317075958316e-01   9.9980909039873933e-01   9.9979577190926594e-01   9.9978481991375134e-01   9.9977508669445458e-01   9.9976806902800852e-01   9.9976250550751489e-01   9.9975977945421457e-01   9.9975856130428808e-01   9.9976017637053360e-01   9.9976322368149706e-01   9.9976893955109936e-01   9.9977578172061343e-01   9.9978488947014943e-01   9.9979467995081350e-01   9.9980642794569474e-01   9.9981858168502302e-01   9.9983218313185696e-01   9.9984501090981548e-01   9.9985756102311862e-01   9.9986690151936441e-01   9.9987187582297610e-01   9.9986566025800516e-01   9.9984017399324632e-01   9.9977499480198995e-01   9.9963560788458439e-01   9.9934971960465568e-01   9.9878218409515296e-01   9.9766420060121930e-01   9.9547926500720940e-01   9.9121997748901525e-01   9.8295371388218067e-01   9.6700303958179767e-01   9.3657724570668721e-01   8.7977080426677223e-01   7.7787282044056172e-01   6.0757667939521931e-01   3.5409192266308021e-01   3.5099064665273946e-02  -2.9123071080987295e-01  -5.6145351831612145e-01  -7.4872207277619662e-01  -8.6306987477746333e-01  -9.2758408576491291e-01  -9.6237129436769764e-01  -9.8067541609501541e-01  -9.9018189420785907e-01  -9.9508641785376262e-01  -9.9760555722771749e-01  -9.9889576392941803e-01  -9.9955221500462310e-01  -9.9988347226609331e-01  -1.0000460168157697e+00  -1.0001223305730849e+00  -1.0001528733298255e+00  -1.0001604558513133e+00  -1.0001550710139562e+00  -1.0001437139211560e+00  -1.0001284061502933e+00  -1.0001120850825047e+00
  -9.9948781086275096e-01  -9.9946746586234414e-01  -9.9944698061211001e-01  -9.9942829986597970e-01  -9.9940991579178573e-01  -9.9939391761132712e-01  -9.9937892407488815e-01  -9.9936685100360101e-01  -9.9935613255512601e-01  -9.9934850698302913e-01  -9.9934235813090599e-01  -9.9933937153537711e-01  -9.9933791168360508e-01  -9.9933961580616881e-01  -9.9934281935828095e-01  -9.9934912621702354e-01  -9.9935681893900530e-01  -9.9936738406675940e-01  -9.9937887533863268e-01  -9.9939256783433050e-01  -9.9940645249592974e-01  -9.9942198315750774e-01  -9.9943706461865489e-01  -9.9945249556272187e-01  -9.9946501367385132e-01  -9.9947406326590549e-01  -9.9947348691563143e-01  -9.9945674164764375e-01  -9.9940596941351745e-01  -9.9929225981280423e-01  -9.9905361934579862e-01  -9.9857542519096110e-01  -9.9762816644277108e-01  -9.9577172550948312e-01  -9.9214485895443283e-01  -9.8509246918980864e-01  -9.7144884547223642e-01  -9.4531918880700949e-01  -8.9619284121266707e-01  -8.0699096842379014e-01  -6.5479925508105974e-01  -4.2083667693612015e-01  -1.1312831874866576e-01   2.1800860268223238e-01   5.0562143166575613e-01   7.1250048507835206e-01   8.4199822965724980e-01   9.1614686902360210e-01   9.5645979218238963e-01   9.7776377491377620e-01   9.8885554570597056e-01   9.9458517545285019e-01   9.9753247310238757e-01   9.9904352871580848e-01   9.9981532890836156e-01   1.0002063383814244e+00   1.0004013450437157e+00   1.0004948851912401e+00   1.0005360241836547e+00   1.0005496364062019e+00   1.0005490290403154e+00   1.0005407916477220e+00   1.0005286928156822e+00   1.0005144821062217e+00   1.0004996597027471e+00   1.0004846449117475e+00   1.0004699317783983e+00   1.0004555823264436e+00   1.0004422191009621e+00   1.0004299691630829e+00   1.0004192361054132e+00   1.0004098842924680e+00   1.0004021677064985e+00   1.0003959396811770e+00   1.0003914565219596e+00   1.0003885691341454e+00   1.0003874733313631e+00   1.0003879693316817e+00   1.0003901827206247e+00   1.0003939050116246e+00   1.0003992491139664e+00   1.0004060141300779e+00   1.0004141712695684e+00   1.0004232663315216e+00   1.0004329484953041e+00   1.0004426995135294e+00   1.0004521392227959e+00   1.0004602320346974e+00   1.0004650397877433e+00   1.0004631002464759e+00   1.0004481369516578e+00   1.0004079609834413e+00   1.0003190296867261e+00   1.0001358831935989e+00   9.9977001430302126e-01   9.9904950533962611e-01   9.9763980856565682e-01   9.9489169611730821e-01   9.8954950414429943e-01   9.7920590230270177e-01   9.5932304777329180e-01   9.2163241291464770e-01   8.5205386350662915e-01   7.2971028985270681e-01   5.3198655073235934e-01   2.5227717082143186e-01  -7.7003455848646943e-02  -3.9024621880473381e-01  -6.3330400144037524e-01  -7.9377216630740133e-01  -8.8872577703490541e-01  -9.4131862308044489e-01  -9.6938545637410389e-01  -9.8407004350490479e-01  -9.9167043847881187e-01  -9.9558299647449267e-01  -9.9758729757044218e-01  -9.9861082253681177e-01  -9.9912777539004460e-01  -9.9938576830913661e-01  -9.9950836404766841e-01  -9.9956253292172226e-01  -9.9957941686905882e-01  -9.9957834349152208e-01  -9.9956622318998500e-01  -9.9954984769199196e-01  -9.9952982867413964e-01  -9.9950945163472960e-01
  -9.9888034926685620e-01  -9.9885574912807118e-01  -9.9883164851895334e-01  -9.9880933082356860e-01  -9.9878842821884561e-01  -9.9876983320718338e-01  -9.9875295276085585e-01  -9.9873866351867790e-01  -9.9872647176799156e-01  -9.9871725915482334e-01  -9.9871048079332403e-01  -9.9870689397235635e-01  -9.9870585183189897e-01  -9.9870798306209951e-01  -9.9871253809731386e-01  -9.9872001059716298e-01  -9.9872956819337100e-01  -9.9874166410249388e-01  -9.9875554741436112e-01  -9.9877171354269401e-01  -9.9878926538155621e-01  -9.9880824401114898e-01  -9.9882737113820819e-01  -9.9884656888906442e-01  -9.9886421641522927e-01  -9.9887879887120667e-01  -9.9888606228262700e-01  -9.9887988517928261e-01  -9.9884685951393459e-01  -9.9876277415318149e-01  -9.9857907883042385e-01  -9.9820294918446184e-01  -9.9745192144828909e-01  -9.9597241843639694e-01  -9.9307546341021991e-01  -9.8742991708348304e-01  -9.7648185193685300e-01  -9.5542670447007405e-01  -9.1554155310748686e-01  -8.4210314531676533e-01  -7.1368651625603952e-01  -5.0818379107185363e-01  -2.2179565052867167e-01   1.0895391611815322e-01   4.1735861507156718e-01   6.5261735905219420e-01   8.0608090711913127e-01   8.9623863393809300e-01   9.4599385691696891e-01   9.7251092357700730e-01   9.8638644701799516e-01   9.9357639224677397e-01   9.9728538593198823e-01   9.9919167938263276e-01   1.0001702771396326e+00   1.0006690873505686e+00   1.0009222560962259e+00   1.0010469050566788e+00   1.0011065343702541e+00   1.0011308209168142e+00   1.0011380768804403e+00   1.0011349118995627e+00   1.0011277484427943e+00   1.0011171709657729e+00   1.0011061373029884e+00   1.0010937383559249e+00   1.0010823507735307e+00   1.0010706684582782e+00   1.0010604404623893e+00   1.0010500977882999e+00   1.0010414000372967e+00   1.0010329551747359e+00   1.0010265198079999e+00   1.0010206436015632e+00   1.0010169453175255e+00   1.0010139063017336e+00   1.0010130734962890e+00   1.0010129008957096e+00   1.0010148743526199e+00   1.0010173716970956e+00   1.0010217585303196e+00   1.0010263042910459e+00   1.0010323606183986e+00   1.0010382880870168e+00   1.0010454880265245e+00   1.0010519637889954e+00   1.0010583681156573e+00   1.0010617868636296e+00   1.0010616935973007e+00   1.0010523050003501e+00   1.0010272039644688e+00   1.0009694057243734e+00   1.0008510766351861e+00   1.0006130867702134e+00   1.0001459428918489e+00   9.9923140439291425e-01   9.9745136961292347e-01   9.9398967455867115e-01   9.8727929004260551e-01   9.7432469437313807e-01   9.4954116957035706e-01   9.0293180470718315e-01   8.1809301007801438e-01   6.7250368880638356e-01   4.4632653882571488e-01   1.4414087451099000e-01  -1.8740432524323680e-01  -4.8099271925758513e-01  -6.9554005512381867e-01  -8.3131774984309792e-01  -9.0958022922767001e-01  -9.5228340026466940e-01  -9.7488723690464529e-01  -9.8666055014420839e-01  -9.9273850219544368e-01  -9.9586057320560617e-01  -9.9745639304120415e-01  -9.9826749233805567e-01  -9.9867400503938353e-01  -9.9887281320643173e-01  -9.9896353946905703e-01  -9.9899882098503756e-01  -9.9900441113531602e-01  -9.9899499996963259e-01  -9.9897700774152187e-01  -9.9895508631251007e-01  -9.9893060258566480e-01  -9.9890569912292826e-01
  -9.9827133270886859e-01  -9.9824227639948893e-01  -9.9821497911120838e-01  -9.9818866011827878e-01  -9.9816459582078765e-01  -9.9814222986253509e-01  -9.9812292116611501e-01  -9.9810599369718223e-01  -9.9809256380435984e-01  -9.9808178968902861e-01  -9.9807468611724826e-01  -9.9807035718508097e-01  -9.9806976496539290e-01  -9.9807195076813060e-01  -9.9807782855315375e-01  -9.9808637641414300e-01  -9.9809845098504335e-01  -9.9811286949854916e-01  -9.9813027846947144e-01  -9.9814923820831547e-01  -9.9817039293978838e-01  -9.9819244967401510e-01  -9.9821610337437394e-01  -9.9823946047033796e-01  -9.9826242962257250e-01  -9.9828221263063999e-01  -9.9829705924580259e-01  -9.9830018073119420e-01  -9.9828247765248579e-01  -9.9822275087687751e-01  -9.9808388343549614e-01  -9.9778965743292225e-01  -9.9719600363661653e-01  -9.9601782493284896e-01  -9.9370544799680027e-01  -9.8918858030027523e-01  -9.8041354268480096e-01  -9.6348163506095275e-01  -9.3121899427730737e-01  -8.7114629271223276e-01  -7.6394940782779897e-01  -5.8639798189225822e-01  -3.2571677190005893e-01  -3.5485157052049798e-03   3.1958054230199906e-01   5.8249326248320921e-01   7.6239181621919716e-01   8.7140733186289210e-01   9.3269120376536663e-01   9.6570341469383214e-01   9.8308546001526198e-01   9.9212887148361095e-01   9.9680750237192906e-01   9.9921956030346404e-01   1.0004619686160512e+00   1.0010993122501075e+00   1.0014258441584634e+00   1.0015903251850464e+00   1.0016722000516771e+00   1.0017097660313388e+00   1.0017254558489672e+00   1.0017284245570461e+00   1.0017258078373228e+00   1.0017190765505637e+00   1.0017115121297817e+00   1.0017025014350742e+00   1.0016938605958556e+00   1.0016844837136898e+00   1.0016761770094471e+00   1.0016678632505032e+00   1.0016610680451903e+00   1.0016544686965352e+00   1.0016494388493076e+00   1.0016446673832904e+00   1.0016415390732156e+00   1.0016387483903171e+00   1.0016376394859563e+00   1.0016368537812645e+00   1.0016376977196677e+00   1.0016387893618401e+00   1.0016414660153989e+00   1.0016443216552144e+00   1.0016485977330656e+00   1.0016525628661528e+00   1.0016571496577882e+00   1.0016603952320500e+00   1.0016630922313208e+00   1.0016622937208775e+00   1.0016565967904025e+00   1.0016390988563366e+00   1.0016014412654988e+00   1.0015225529566667e+00   1.0013667271919366e+00   1.0010596596521320e+00   1.0004625946621011e+00   9.9930065067615281e-01   9.9704691789270150e-01   9.9267675499546193e-01   9.8422930973892575e-01   9.6798324356897780e-01   9.3708505210361548e-01   8.7955733929493918e-01   7.7665614927302917e-01   6.0520036605493488e-01   3.5081556207947473e-01   3.1739707979412446e-02  -2.9372935224190483e-01  -5.6266912302931216e-01  -7.4881625720705047e-01  -8.6241092593978286e-01  -9.2648227435253605e-01  -9.6102276453747471e-01  -9.7919036334050424e-01  -9.8861951941097470e-01  -9.9347823670919633e-01  -9.9596838277929511e-01  -9.9723856866095584e-01  -9.9787971861294378e-01  -9.9819804126142397e-01  -9.9834872290801924e-01  -9.9841351464759243e-01  -9.9843251687130319e-01  -9.9842835054001722e-01  -9.9841094673000819e-01  -9.9838733848980421e-01  -9.9835964742980488e-01  -9.9833079051532958e-01  -9.9830072994547214e-01
  -9.9766094603216737e-01  -9.9762710606187432e-01  -9.9759546600095406e-01  -9.9756498514251990e-01  -9.9753774799112949e-01  -9.9751238607428638e-01  -9.9749068472926572e-01  -9.9747128271444219e-01  -9.9745600813688018e-01  -9.9744353017059084e-01  -9.9743557479468836e-01  -9.9743069544216301e-01  -9.9743046348304210e-01  -9.9743330159989141e-01  -9.9744063169773289e-01  -9.9745073536015494e-01  -9.9746491580274688e-01  -9.9748140781182704e-01  -9.9750157295852138e-01  -9.9752368068789188e-01  -9.9754894130810046e-01  -9.9757518042166504e-01  -9.9760328616914951e-01  -9.9763106410097502e-01  -9.9765930825326432e-01  -9.9768480388378122e-01  -9.9770661688718942e-01  -9.9771858703176752e-01  -9.9771402421612498e-01  -9.9767510265524140e-01  -9.9757277630468277e-01  -9.9734524789218315e-01  -9.9687798219664858e-01  -9.9594214834811212e-01  -9.9409879316141825e-01  -9.9048993632080029e-01  -9.8346778494291986e-01  -9.6988438855999737e-01  -9.4388475348301959e-01  -8.9504260286680626e-01  -8.0643131053145578e-01  -6.5533193605913154e-01  -4.2300383725573065e-01  -1.1699725036887787e-01   2.1329174117642374e-01   5.0137109606135477e-01   7.0956147266510050e-01   8.4048535323934281e-01   9.1577817531284622e-01   9.5688378251033801e-01   9.7869684179852023e-01   9.9010322038352316e-01   9.9602387968273787e-01   9.9908694760472450e-01   1.0006689161967728e+00   1.0014854230214547e+00   1.0019059194804987e+00   1.0021217700691529e+00   1.0022312003772340e+00   1.0022855216078110e+00   1.0023107497689705e+00   1.0023208760876312e+00   1.0023228391903669e+00   1.0023206756848468e+00   1.0023159721302248e+00   1.0023101850982967e+00   1.0023038580611436e+00   1.0022976804775829e+00   1.0022914794188775e+00   1.0022855766671934e+00   1.0022798402147182e+00   1.0022747108849110e+00   1.0022700845342456e+00   1.0022663059535055e+00   1.0022631752780138e+00   1.0022609496069075e+00   1.0022594001610057e+00   1.0022587430074843e+00   1.0022587253721569e+00   1.0022594741986655e+00   1.0022606425800755e+00   1.0022622291286742e+00   1.0022638782291011e+00   1.0022656397677829e+00   1.0022671602069744e+00   1.0022679962411687e+00   1.0022667890198789e+00   1.0022616796140398e+00   1.0022491673211675e+00   1.0022226862735335e+00   1.0021692646689302e+00   1.0020643262213833e+00   1.0018602399852612e+00   1.0014649113872383e+00   1.0006999297255792e+00   9.9921982292926914e-01   9.9635643640550164e-01   9.9082269615761143e-01   9.8015980472996689e-01   9.5975114177729670e-01   9.2122074303024948e-01   8.5038393705722737e-01   7.2637558115438561e-01   5.2693559161611458e-01   2.4627227475449959e-01  -8.2462389532131142e-02  -3.9391402144292942e-01  -6.3497013757614895e-01  -7.9394880128779555e-01  -8.8801592998529999e-01  -9.4014019922681835e-01  -9.6797218300499077e-01  -9.8253990167709548e-01  -9.9008047941175792e-01  -9.9396012388552279e-01  -9.9594421938012945e-01  -9.9695326644103210e-01  -9.9745830047744510e-01  -9.9770518852892875e-01  -9.9781682003339200e-01  -9.9785966958811612e-01  -9.9786482930881160e-01  -9.9785147640594085e-01  -9.9782668526216245e-01  -9.9779718493200165e-01  -9.9776377509222824e-01  -9.9772985311781659e-01  -9.9769477193599032e-01
  -9.9704832446628278e-01  -9.9700998265071650e-01  -9.9697372935597628e-01  -9.9693927838442375e-01  -9.9690757019509124e-01  -9.9687853171983232e-01  -9.9685320493371909e-01  -9.9683138895111134e-01  -9.9681386400350414e-01  -9.9680023612827862e-01  -9.9679114895148635e-01  -9.9678613621930545e-01  -9.9678574966640465e-01  -9.9678945058250501e-01  -9.9679769535289298e-01  -9.9680987949189592e-01  -9.9682634638511225e-01  -9.9684633777530052e-01  -9.9686992775665373e-01  -9.9689613005574673e-01  -9.9692496790482077e-01  -9.9695566763708976e-01  -9.9698828041336229e-01  -9.9702157646400691e-01  -9.9705492137257978e-01  -9.9708661382981512e-01  -9.9711497848687181e-01  -9.9713577991781821e-01  -9.9714255107320360e-01  -9.9712196581571011e-01  -9.9704958469850968e-01  -9.9687704632747809e-01  -9.9651157531959222e-01  -9.9577159850203489e-01  -9.9430521090051238e-01  -9.9142828942190053e-01  -9.8582064314109852e-01  -9.7495457771535710e-01  -9.5408328983077073e-01  -9.1460511255152566e-01  -8.4201857413685999e-01  -7.1520839275703119e-01  -5.1222743776904112e-01  -2.2873400473310057e-01   1.0018066317834651e-01   4.0890582403848741e-01   6.4617569322564949e-01   8.0207762114425907e-01   8.9427006100463835e-01   9.4544969995239114e-01   9.7287811761252196e-01   9.8731016386177139e-01   9.9483244376991165e-01   9.9873830790871043e-01   1.0007617317878763e+00   1.0018111182817548e+00   1.0023541259745963e+00   1.0026362706847780e+00   1.0027813088206330e+00   1.0028564188881330e+00   1.0028934468857622e+00   1.0029118772156618e+00   1.0029189254838720e+00   1.0029212511238090e+00   1.0029197894255724e+00   1.0029175892227349e+00   1.0029135405712868e+00   1.0029097462819849e+00   1.0029050014199019e+00   1.0029012360117857e+00   1.0028969778241557e+00   1.0028938283570183e+00   1.0028902205474775e+00   1.0028877302494048e+00   1.0028848450942374e+00   1.0028831259388289e+00   1.0028810466666229e+00   1.0028801124580753e+00   1.0028787701766149e+00   1.0028785148296608e+00   1.0028778143569224e+00   1.0028781625846621e+00   1.0028778828707963e+00   1.0028781432283163e+00   1.0028768094912355e+00   1.0028747080214226e+00   1.0028691470164759e+00   1.0028594062359739e+00   1.0028392158899242e+00   1.0028016115203804e+00   1.0027285713326488e+00   1.0025902227479047e+00   1.0023238651684079e+00   1.0018137369347009e+00   1.0008305820368926e+00   9.9893720325149582e-01   9.9528463029083813e-01   9.8825057923750192e-01   9.7474963525852010e-01   9.4906081278943255e-01   9.0101107774578093e-01   8.1405707012903472e-01   6.6581015410068400e-01   4.3720892028580105e-01   1.3420717680661437e-01  -1.9577126348610452e-01  -4.8633525764492702e-01  -6.9800322416368354e-01  -8.3182509838832341e-01  -9.0899073461596169e-01  -9.5114031621998119e-01  -9.7347950571211661e-01  -9.8512837310812007e-01  -9.9114702203377303e-01  -9.9423878751954953e-01  -9.9581705443488089e-01  -9.9661560532064575e-01  -9.9701143769679546e-01  -9.9719970058793250e-01  -9.9727958004839845e-01  -9.9730324639704737e-01  -9.9729658993257964e-01  -9.9727414020346061e-01  -9.9724256388309862e-01  -9.9720647672257934e-01  -9.9716757599277794e-01  -9.9712788966671817e-01  -9.9708767984193569e-01
  -9.9643400609816490e-01  -9.9639060873744989e-01  -9.9634860180061124e-01  -9.9630973872742490e-01  -9.9627356119768451e-01  -9.9624142889768708e-01  -9.9621260916118903e-01  -9.9618839264507941e-01  -9.9616811047207343e-01  -9.9615303280088130e-01  -9.9614239265133864e-01  -9.9613729517343397e-01  -9.9613680019996043e-01  -9.9614184046307652e-01  -9.9615129439760297e-01  -9.9616592695124284e-01  -9.9618445794739452e-01  -9.9620759920472424e-01  -9.9623408247917888e-01  -9.9626466848461592e-01  -9.9629788238389572e-01  -9.9633408823320169e-01  -9.9637145425781060e-01  -9.9641046386803422e-01  -9.9644925636829840e-01  -9.9648766889311102e-01  -9.9652255454900718e-01  -9.9655202423726152e-01  -9.9656917449157412e-01  -9.9656478763294443e-01  -9.9651757589833145e-01  -9.9639052075608936e-01  -9.9610774949972614e-01  -9.9552629701437134e-01  -9.9436379020650767e-01  -9.9207717275776708e-01  -9.8761145164259478e-01  -9.7894761811776632e-01  -9.6226249656673224e-01  -9.3053818140309930e-01  -8.7158524255567427e-01  -7.6652327339877391e-01  -5.9246403109822032e-01  -3.3616690890812939e-01  -1.7395515078882040e-02   3.0537444524635315e-01   5.7090865379204658e-01   7.5456681663065117e-01   8.6692502198318644e-01   9.3060948702822577e-01   9.6516824971043558e-01   9.8349169901628419e-01   9.9309247220910635e-01   9.9809684294642143e-01   1.0006992920662918e+00   1.0020537241210350e+00   1.0027585532131873e+00   1.0031269907567841e+00   1.0033191121057177e+00   1.0034203376751143e+00   1.0034727633137031e+00   1.0035004777365404e+00   1.0035140601964589e+00   1.0035210202896179e+00   1.0035232049065361e+00   1.0035237219943258e+00   1.0035224738734994e+00   1.0035212395227309e+00   1.0035189697448670e+00   1.0035169339770700e+00   1.0035140920169547e+00   1.0035117841580590e+00   1.0035089867245170e+00   1.0035069312326366e+00   1.0035044997429854e+00   1.0035028501359420e+00   1.0035008339056526e+00   1.0034995944702583e+00   1.0034979447181618e+00   1.0034969715789228e+00   1.0034953570101077e+00   1.0034940869077398e+00   1.0034917575170128e+00   1.0034894020162222e+00   1.0034854397563429e+00   1.0034802408286141e+00   1.0034706729301004e+00   1.0034548955835569e+00   1.0034258641876255e+00   1.0033739332224951e+00   1.0032763451211684e+00   1.0030938852413063e+00   1.0027466041980577e+00   1.0020850570418038e+00   1.0008163154714071e+00   9.9838120092206828e-01   9.9370022152295912e-01   9.8471910530249296e-01   9.6756626782070931e-01   9.3516463773996406e-01   8.7526894483012330e-01   7.6898977776273081e-01   5.9356340005601427e-01   3.3609630482393255e-01   1.6836670650199226e-02  -3.0548755007898909e-01  -5.6988238642106048e-01  -7.5219028185560943e-01  -8.6333880979264133e-01  -9.2608329486357444e-01  -9.5996583099821986e-01  -9.7782266386601213e-01  -9.8710798299456581e-01  -9.9189979065801215e-01  -9.9435712003608123e-01  -9.9560908796092384e-01  -9.9623766990469620e-01  -9.9654524922910914e-01  -9.9668522182615349e-01  -9.9673871963276905e-01  -9.9674551822030566e-01  -9.9672826649889079e-01  -9.9669688030716197e-01  -9.9665858852486722e-01  -9.9661555430157511e-01  -9.9657088422751783e-01  -9.9652473114173479e-01  -9.9647923285897255e-01
  -9.9581738390298036e-01  -9.9576830029939023e-01  -9.9572091065726542e-01  -9.9567702349179465e-01  -9.9563571815719665e-01  -9.9559896932137049e-01  -9.9556600334409640e-01  -9.9553862336508059e-01  -9.9551579975228854e-01  -9.9549907546896910e-01  -9.9548727549589866e-01  -9.9548180925191077e-01  -9.9548139942528380e-01  -9.9548732606820911e-01  -9.9549820164648306e-01  -9.9551518661168026e-01  -9.9553676204186470e-01  -9.9556388581056665e-01  -9.9559475237136263e-01  -9.9563005853408715e-01  -9.9566794660419822e-01  -9.9570932332989570e-01  -9.9575238039314484e-01  -9.9579761162398339e-01  -9.9584262245168376e-01  -9.9588767123467958e-01  -9.9592976630589780e-01  -9.9596752761797003e-01  -9.9599485689459410e-01  -9.9600468197067360e-01  -9.9597944527476034e-01  -9.9588993068244303e-01  -9.9567523255922408e-01  -9.9522198451010646e-01  -9.9430536365496169e-01  -9.9249449877952745e-01  -9.8895089403312231e-01  -9.8206844697129814e-01  -9.6878996751587620e-01  -9.4344512031023831e-01  -8.9595734937237204e-01  -8.0995455487188273e-01  -6.6328563029570609e-01  -4.3699329673406084e-01  -1.3653554077472241e-01   1.9187624175844575e-01   4.8273050149042618e-01   6.9616169165428265e-01   8.3220167692925595e-01   9.1132689588313298e-01   9.5494488221082674e-01   9.7829445981479934e-01   9.9060823737683967e-01   9.9705567458857414e-01   1.0004232457334208e+00   1.0021816044473406e+00   1.0031018209975795e+00   1.0035845267160430e+00   1.0038394001018089e+00   1.0039744508216746e+00   1.0040470508331183e+00   1.0040861435456114e+00   1.0041077319315801e+00   1.0041193929696415e+00   1.0041261534431731e+00   1.0041296462084337e+00   1.0041314843243065e+00   1.0041317941664840e+00   1.0041316738499828e+00   1.0041309382780703e+00   1.0041302484457240e+00   1.0041290959772073e+00   1.0041279868468456e+00   1.0041264272206751e+00   1.0041249415576110e+00   1.0041230565245400e+00   1.0041212570622302e+00   1.0041190436864573e+00   1.0041168558289830e+00   1.0041142030495813e+00   1.0041115273470540e+00   1.0041083318701782e+00   1.0041048660558654e+00   1.0041002173755944e+00   1.0040940023195482e+00   1.0040846282756497e+00   1.0040705517887978e+00   1.0040474247800331e+00   1.0040078990436545e+00   1.0039370667203256e+00   1.0038077646721606e+00   1.0035666205383773e+00   1.0031123887270683e+00   1.0022494224955101e+00   1.0006029022243506e+00   9.9745216899860489e-01   9.9142064272707320e-01   9.7989763707727007e-01   9.5802515632602625e-01   9.1708124888340925e-01   8.4251163949805130e-01   7.1339773556737995e-01   5.0847539677491649e-01   2.2446556729486433e-01  -1.0301188518839971e-01  -4.0914387756510551e-01  -6.4396513538791045e-01  -7.9817069223679549e-01  -8.8934641163227046e-01  -9.3993686898108442e-01  -9.6701377751342843e-01  -9.8122442443209679e-01  -9.8859955819314682e-01  -9.9240211656330035e-01  -9.9434896143796259e-01  -9.9533760189863418e-01  -9.9582912232638154e-01  -9.9606446051694042e-01  -9.9616481423430081e-01  -9.9619552780431431e-01  -9.9618768656097989e-01  -9.9616013912431312e-01  -9.9612029799741963e-01  -9.9607472730697655e-01  -9.9602466178221938e-01  -9.9597344576504732e-01  -9.9592077671575407e-01  -9.9586897356064552e-01
  -9.9519884069482778e-01  -9.9514285240045297e-01  -9.9508931353397945e-01  -9.9503924240282748e-01  -9.9499319031724387e-01  -9.9495179519308463e-01  -9.9491527882921404e-01  -9.9488418959324698e-01  -9.9485877882327611e-01  -9.9483955613178598e-01  -9.9482664241313223e-01  -9.9482034134063446e-01  -9.9482056424991394e-01  -9.9482738699030437e-01  -9.9484051016232189e-01  -9.9485978039149736e-01  -9.9488472491393698e-01  -9.9491507568400395e-01  -9.9495037670493502e-01  -9.9499034554681509e-01  -9.9503434044176620e-01  -9.9508161817008278e-01  -9.9513124205407655e-01  -9.9518257081048334e-01  -9.9523480543291931e-01  -9.9528676066774113e-01  -9.9533678793064873e-01  -9.9538259242857841e-01  -9.9542026389170379e-01  -9.9544276125130904e-01  -9.9543719901122329e-01  -9.9537891756678876e-01  -9.9522077485015303e-01  -9.9487139759848542e-01  -9.9415414741560026e-01  -9.9272654809408845e-01  -9.8992704592012648e-01  -9.8448251692822275e-01  -9.7396691420084469e-01  -9.5383903075300602e-01  -9.1589239731279692e-01  -8.4628423949508236e-01  -7.2470414629567426e-01  -5.2938299766579155e-01  -2.5402987292826018e-01   7.0464605060927221e-02   3.8119105688593180e-01   6.2501643734235679e-01   7.8823534071427559e-01   8.8625601535383758e-01   9.4136831403465837e-01   9.7123180266751663e-01   9.8710608477628770e-01   9.9546436680195116e-01   9.9985044457835381e-01   1.0021497533409158e+00   1.0033586853652505e+00   1.0039955150935664e+00   1.0043342466335796e+00   1.0045149440915671e+00   1.0046137525101979e+00   1.0046676876431335e+00   1.0046990677496228e+00   1.0047168289621882e+00   1.0047282224684682e+00   1.0047346889272910e+00   1.0047396774944009e+00   1.0047424590349883e+00   1.0047449359978251e+00   1.0047457113984568e+00   1.0047465042223303e+00   1.0047459779191565e+00   1.0047457744749428e+00   1.0047444673842243e+00   1.0047435666866913e+00   1.0047415961854502e+00   1.0047400270393700e+00   1.0047373776981054e+00   1.0047350873702283e+00   1.0047316002062490e+00   1.0047282320288322e+00   1.0047232581930721e+00   1.0047178863470558e+00   1.0047102628193920e+00   1.0047012516511000e+00   1.0046878003526643e+00   1.0046684484528214e+00   1.0046362044836992e+00   1.0045827887464094e+00   1.0044874969104429e+00   1.0043156117387324e+00   1.0039960116580597e+00   1.0033978217516630e+00   1.0022649981888039e+00   1.0001129999642209e+00   9.9600993679574512e-01   9.8819051384884038e-01   9.7333062014262828e-01   9.4533610098934073e-01   8.9353104955010820e-01   8.0092944196358629e-01   6.4539928378611089e-01   4.0989543359836200e-01   1.0413930462213611e-01  -2.2211427287153895e-01  -5.0471223323734560e-01  -7.0846877723983459e-01  -8.3671569559562520e-01  -9.1064085894037539e-01  -9.5109994734974879e-01  -9.7260962835572373e-01  -9.8386438011832555e-01  -9.8969915243544326e-01  -9.9270446522981937e-01  -9.9424088787444198e-01  -9.9501651731881469e-01  -9.9539747005121215e-01  -9.9557308131754230e-01  -9.9564080378265096e-01  -9.9565128756171006e-01  -9.9563059836765289e-01  -9.9559267706205068e-01  -9.9554474503266732e-01  -9.9549108232961236e-01  -9.9543399606064109e-01  -9.9537520810219871e-01  -9.9531571282263542e-01  -9.9525671236765090e-01
  -9.9457724365200206e-01  -9.9451382066529281e-01  -9.9445406140124082e-01  -9.9439737385899796e-01  -9.9434549340177703e-01  -9.9429804281411882e-01  -9.9425685994450552e-01  -9.9422142656352941e-01  -9.9419325196285335e-01  -9.9417154364537741e-01  -9.9415759111046353e-01  -9.9415044373519179e-01  -9.9415122507854925e-01  -9.9415881995998756e-01  -9.9417418635452148e-01  -9.9419604445646292e-01  -9.9422517654858333e-01  -9.9426004781982025e-01  -9.9430112592706565e-01  -9.9434656470208371e-01  -9.9439678656399844e-01  -9.9445012196803106e-01  -9.9450708897947271e-01  -9.9456558037113463e-01  -9.9462564179598323e-01  -9.9468501768995476e-01  -9.9474353571275131e-01  -9.9479778470345503e-01  -9.9484569684848978e-01  -9.9488023473270060e-01  -9.9489225802983927e-01  -9.9486072854173457e-01  -9.9474956708279449e-01  -9.9448505041231017e-01  -9.9392922498867764e-01  -9.9281069032176350e-01  -9.9061030155166807e-01  -9.8632408786629822e-01  -9.7804025388990612e-01  -9.6215405266745502e-01  -9.3207027577536339e-01  -8.7633575647756412e-01  -7.7708799416463692e-01  -6.1209167266014131e-01  -3.6667732569971034e-01  -5.5857289393003773e-02   2.6675079089179043e-01   5.3945401493797140e-01   7.3285863981751920e-01   8.5367279381664607e-01   9.2330979291505566e-01   9.6163077794833007e-01   9.8220181891081226e-01   9.9310876413041593e-01   9.9886198229681600e-01   1.0018928634943811e+00   1.0034927068244810e+00   1.0043400612374935e+00   1.0047923336252758e+00   1.0050357080287742e+00   1.0051691741012818e+00   1.0052435877147838e+00   1.0052867737302678e+00   1.0053124453846045e+00   1.0053290666244992e+00   1.0053399140816530e+00   1.0053476487860062e+00   1.0053527996618783e+00   1.0053568379913511e+00   1.0053595967497875e+00   1.0053619000506870e+00   1.0053631496888307e+00   1.0053639764075903e+00   1.0053637670070992e+00   1.0053631729307639e+00   1.0053615806475469e+00   1.0053596175836041e+00   1.0053566200101529e+00   1.0053531905166164e+00   1.0053486360372914e+00   1.0053435727888484e+00   1.0053372200074830e+00   1.0053299474535062e+00   1.0053203279694767e+00   1.0053077992239645e+00   1.0052895661578953e+00   1.0052627890953068e+00   1.0052196353577809e+00   1.0051473531499637e+00   1.0050196546332091e+00   1.0047893199239419e+00   1.0043636990011353e+00   1.0035690394884553e+00   1.0020711386942478e+00   9.9923593717138948e-01   9.9385504238734501e-01   9.8365106119646495e-01   9.6438750758832992e-01   9.2843399889080269e-01   8.6286579803788577e-01   7.4839177268101698e-01   5.6321405230291455e-01   2.9801560470713262e-01  -2.2065199095538890e-02  -3.3716048270914367e-01  -5.9074517313124486e-01  -7.6367409086561722e-01  -8.6865814695324595e-01  -9.2793842986673469e-01  -9.6003741959987954e-01  -9.7702004597276593e-01  -9.8588811048003011e-01  -9.9048336306758278e-01  -9.9284753897028888e-01  -9.9405377288589414e-01  -9.9465733737900508e-01  -9.9494846265329273e-01  -9.9507471601923103e-01  -9.9511484949422702e-01  -9.9510739902464884e-01  -9.9507474583805433e-01  -9.9502657075460232e-01  -9.9497030056395686e-01  -9.9490807503693723e-01  -9.9484333024256477e-01  -9.9477632205795641e-01  -9.9470945721182835e-01  -9.9464239624762896e-01
  -9.9395259473944930e-01  -9.9388113746049345e-01  -9.9381336262455433e-01  -9.9374942374586095e-01  -9.9369110482191569e-01  -9.9363818531582737e-01  -9.9359205852957133e-01  -9.9355239248126126e-01  -9.9352056130010402e-01  -9.9349617949545743e-01  -9.9348043023084576e-01  -9.9347268702746294e-01  -9.9347384608000078e-01  -9.9348300960490532e-01  -9.9350078280743737e-01  -9.9352599885463111e-01  -9.9355901643156386e-01  -9.9359852795460557e-01  -9.9364485042305362e-01  -9.9369665046413624e-01  -9.9375400772483902e-01  -9.9381512565472019e-01  -9.9387976176305803e-01  -9.9394627583243156e-01  -9.9401461136463898e-01  -9.9408272590240054e-01  -9.9414991693390098e-01  -9.9421352530006690e-01  -9.9427147533542470e-01  -9.9431813261625812e-01  -9.9434584908704782e-01  -9.9433806145308623e-01  -9.9426588299524399e-01  -9.9407146765816445e-01  -9.9364602980276207e-01  -9.9277704478537332e-01  -9.9105756652508759e-01  -9.8770225022443958e-01  -9.8121308423729459e-01  -9.6875572576052327e-01  -9.4509205715948541e-01  -9.0092663679747098e-01  -8.2106796843985719e-01  -6.8449154034525517e-01  -4.7162258186289929e-01  -1.8332831226135105e-01   1.4108596324870643e-01   4.3831829500060626e-01   6.6370646411920031e-01   8.1142020164814121e-01   8.9926341374285801e-01   9.4856008768959743e-01   9.7535352573676604e-01   9.8968160989104526e-01   9.9728644151111034e-01   1.0013151002777134e+00   1.0034508301061367e+00   1.0045882192308235e+00   1.0051971062297684e+00   1.0055272287741710e+00   1.0057082135472617e+00   1.0058104359615581e+00   1.0058694237497583e+00   1.0059056745024682e+00   1.0059282789444159e+00   1.0059439564330559e+00   1.0059548112290881e+00   1.0059634680199652e+00   1.0059696063180146e+00   1.0059745964830902e+00   1.0059777433716193e+00   1.0059802622058032e+00   1.0059813465826406e+00   1.0059820251032066e+00   1.0059813759740364e+00   1.0059803356496704e+00   1.0059779658467267e+00   1.0059751742503766e+00   1.0059709949690501e+00   1.0059662348608507e+00   1.0059597624865262e+00   1.0059521449218902e+00   1.0059419856880985e+00   1.0059294914547536e+00   1.0059124143083820e+00   1.0058889081640985e+00   1.0058526721676082e+00   1.0057949026226189e+00   1.0056966579323769e+00   1.0055247752703054e+00   1.0052136043166264e+00   1.0046419295633329e+00   1.0035767447903809e+00   1.0015788494562330e+00   9.9781216835873299e-01   9.9070124442906993e-01   9.7729588678577617e-01   9.5219415556767684e-01   9.0589251579474706e-01   8.2300656248270843e-01   6.8252831712452466e-01   4.6549019733632779e-01   1.7420199648364654e-01  -1.5048057723733804e-01  -4.4510679501511174e-01  -6.6643152277751450e-01  -8.1016095669568533e-01  -8.9483828868876913e-01  -9.4187502885447294e-01  -9.6714116193887756e-01  -9.8046408169166721e-01  -9.8741381994530297e-01  -9.9101390101472042e-01  -9.9286415449064669e-01  -9.9380439323860703e-01  -9.9426943875821094e-01  -9.9448677736994018e-01  -9.9457241996261170e-01  -9.9458834867698320e-01  -9.9456513858404461e-01  -9.9452055565451214e-01  -9.9446250949031167e-01  -9.9439701924436763e-01  -9.9432605394875895e-01  -9.9425256006366514e-01  -9.9417696385887722e-01  -9.9410135943454625e-01  -9.9402594728344129e-01
  -9.9332375537834705e-01  -9.9324372523338567e-01  -9.9316731996786867e-01  -9.9309576514704823e-01  -9.9302938604901503e-01  -9.9296958274810976e-01  -9.9291682037137208e-01  -9.9287231559585098e-01  -9.9283618176801158e-01  -9.9280928472557917e-01  -9.9279146654041883e-01  -9.9278336129847222e-01  -9.9278458113737578e-01  -9.9279552605211729e-01  -9.9281556707429519e-01  -9.9284487953976797e-01  -9.9288257865610263e-01  -9.9292854094992300e-01  -9.9298148799289188e-01  -9.9304097001263592e-01  -9.9310560528186687e-01  -9.9317515644979204e-01  -9.9324829815409588e-01  -9.9332441848384800e-01  -9.9340169536480460e-01  -9.9347954437030894e-01  -9.9355606275463082e-01  -9.9362997469806957e-01  -9.9369810922993063e-01  -9.9375709793469824e-01  -9.9379932339957988e-01  -9.9381291091609947e-01  -9.9377358800365534e-01  -9.9363733466516857e-01  -9.9331747911053359e-01  -9.9264972778394922e-01  -9.9131547583246837e-01  -9.8870562915774407e-01  -9.8365319389429218e-01  -9.7395053034895684e-01  -9.5548314233850162e-01  -9.2083555773632053e-01  -8.5744502570154912e-01  -7.4652701624418216e-01  -5.6664148090443389e-01  -3.0781223414951020e-01   7.2528633660053909e-03   3.2144479456313785e-01   5.7845927872839908e-01   7.5690079395619481e-01   8.6724724447108104e-01   9.3073537061376310e-01   9.6579354487378077e-01   9.8474004233834400e-01   9.9487385214359325e-01   1.0002752366359093e+00   1.0031543020532867e+00   1.0046950073811181e+00   1.0055237392548020e+00   1.0059747355042159e+00   1.0062229690585920e+00   1.0063634552223244e+00   1.0064445284000012e+00   1.0064941548607922e+00   1.0065254203034524e+00   1.0065471053814459e+00   1.0065619196642015e+00   1.0065733304525484e+00   1.0065815623471079e+00   1.0065885633414027e+00   1.0065935296657453e+00   1.0065977146977012e+00   1.0066000368771932e+00   1.0066016525611019e+00   1.0066014807308021e+00   1.0066006488496462e+00   1.0065980352975332e+00   1.0065947106028339e+00   1.0065894921029857e+00   1.0065834121367101e+00   1.0065752109443393e+00   1.0065657648572357e+00   1.0065533105624889e+00   1.0065377503571706e+00   1.0065156128142576e+00   1.0064842402166594e+00   1.0064354566170641e+00   1.0063573424499426e+00   1.0062236434199088e+00   1.0059892136892061e+00   1.0055653991819189e+00   1.0047890093030940e+00   1.0033478264281055e+00   1.0006568732761287e+00   9.9560912070238006e-01   9.8613565541022719e-01   9.6840693964333924e-01   9.3554172664789381e-01   8.7582432040645097e-01   7.7141996508015920e-01   6.0093802814082442e-01   3.5176213909026188e-01   4.1213090846518141e-02  -2.7693811613528241e-01  -5.4349292722924802e-01  -7.3156913176545779e-01  -8.4871054332642215e-01  -9.1606498125188396e-01  -9.5300811092319837e-01  -9.7273984272516056e-01  -9.8312247402950326e-01  -9.8853740164856907e-01  -9.9134121321798530e-01  -9.9278055217957839e-01  -9.9350674633125624e-01  -9.9386018461658132e-01  -9.9401663318545153e-01  -9.9406848961637573e-01  -9.9406284049119475e-01  -9.9402536334602243e-01  -9.9396874049336881e-01  -9.9390083608366775e-01  -9.9382524296476549e-01  -9.9374511674604882e-01  -9.9366168214367057e-01  -9.9357689868010934e-01  -9.9349146879588024e-01  -9.9340689943271998e-01
  -9.9269074891003339e-01  -9.9260057633191345e-01  -9.9251391872086780e-01  -9.9243305472932641e-01  -9.9235817807636306e-01  -9.9229114806194207e-01  -9.9223175789641660e-01  -9.9218168180014787e-01  -9.9214068383451259e-01  -9.9211031364763014e-01  -9.9209010339933901e-01  -9.9208126101977734e-01  -9.9208295858289142e-01  -9.9209602046334766e-01  -9.9211924534977980e-01  -9.9215308491386800e-01  -9.9219601832180071e-01  -9.9224827989146369e-01  -9.9230825873967565e-01  -9.9237611927235603e-01  -9.9244997866890550e-01  -9.9252951218045260e-01  -9.9261250291063874e-01  -9.9269882409746135e-01  -9.9278650026889170e-01  -9.9287510860483597e-01  -9.9296216139731330e-01  -9.9304696895867117e-01  -9.9312624452541620e-01  -9.9319750290880038e-01  -9.9325404555757235e-01  -9.9328681188239476e-01  -9.9327613384560665e-01  -9.9318801199641182e-01  -9.9295440209113095e-01  -9.9244826017461285e-01  -9.9142237051556104e-01  -9.8940659875461989e-01  -9.8549933257671740e-01  -9.7799500416714835e-01  -9.6369806009488146e-01  -9.3678213104518337e-01  -8.8710796485140753e-01  -7.9861706898351326e-01  -6.5031394964049904e-01  -4.2530683030106342e-01  -1.3041288184027910e-01   1.9016924632279442e-01   4.7527948562998446e-01   6.8717398896693238e-01   8.2471409117604666e-01   9.0639998256582610e-01   9.5243304019830100e-01   9.7764331126135962e-01   9.9125618268215110e-01   9.9856393501427620e-01   1.0024843568593982e+00   1.0045928747942201e+00   1.0057336177849820e+00   1.0063561247775297e+00   1.0067006756683750e+00   1.0068949161958798e+00   1.0070078730479954e+00   1.0070758559570259e+00   1.0071188853603148e+00   1.0071474458945218e+00   1.0071678854019794e+00   1.0071830135175963e+00   1.0071947033830935e+00   1.0072034905104710e+00   1.0072102451751608e+00   1.0072150556733406e+00   1.0072184499496952e+00   1.0072202515779909e+00   1.0072207812315273e+00   1.0072197634809290e+00   1.0072174538432199e+00   1.0072135486255522e+00   1.0072082218180998e+00   1.0072010322016338e+00   1.0071918711058838e+00   1.0071798957443396e+00   1.0071644095291177e+00   1.0071436685402337e+00   1.0071151167006895e+00   1.0070731170037708e+00   1.0070076864552626e+00   1.0069000649540487e+00   1.0067163343484287e+00   1.0063924323519433e+00   1.0058090350640612e+00   1.0047421707209392e+00   1.0027720767620329e+00   9.9911057353952260e-01   9.9228431833239128e-01   9.7956032571243701e-01   9.5596393446258543e-01   9.1277038235720331e-01   8.3578439717926734e-01   7.0518544120566207e-01   5.0158504573610496e-01   2.2297619416135955e-01  -9.6826533622807576e-02  -3.9727147269302204e-01  -6.3065473152007723e-01  -7.8647487555055151e-01  -8.8021588866352030e-01  -9.3309106194589786e-01  -9.6182099354002992e-01  -9.7710839964775076e-01  -9.8514458841999464e-01  -9.8933693605411110e-01  -9.9150676761869472e-01  -9.9261785577134309e-01  -9.9317261113871602e-01  -9.9343541958528403e-01  -9.9354186058419069e-01  -9.9356467559632977e-01  -9.9353994427924697e-01  -9.9348864211806054e-01  -9.9342018297452650e-01  -9.9334166964073889e-01  -9.9325547896225930e-01  -9.9316502926100236e-01  -9.9307094124482986e-01  -9.9297565261709486e-01  -9.9287933517883242e-01  -9.9278432243928827e-01
  -9.9205158868943089e-01  -9.9194945447655269e-01  -9.9185198934533236e-01  -9.9176021998659580e-01  -9.9167522846072997e-01  -9.9159824413065711e-01  -9.9153050062834969e-01  -9.9147303832985401e-01  -9.9142667978840993e-01  -9.9139203540692900e-01  -9.9136956070936200e-01  -9.9135952452768983e-01  -9.9136204069150313e-01  -9.9137701225265573e-01  -9.9140419711282501e-01  -9.9144314028785252e-01  -9.9149324899019631e-01  -9.9155365329662470e-01  -9.9162330728986381e-01  -9.9170093251108593e-01  -9.9178538200454736e-01  -9.9187556551818101e-01  -9.9197045062081235e-01  -9.9206855527038251e-01  -9.9216843123685172e-01  -9.9226867553264542e-01  -9.9236798765767975e-01  -9.9246448208883375e-01  -9.9255613968394096e-01  -9.9263984840862141e-01  -9.9271099532395168e-01  -9.9276130327207113e-01  -9.9277624810407250e-01  -9.9272822713608155e-01  -9.9256554452947210e-01  -9.9218897338233458e-01  -9.9140947260124923e-01  -9.8986494883602383e-01  -9.8686585535832516e-01  -9.8110403999924067e-01  -9.7012601474927140e-01  -9.4941640048309783e-01  -9.1096609294568165e-01  -8.4153020837714465e-01  -7.2205981776435646e-01  -5.3245604513823885e-01  -2.6673135344989052e-01   4.7702822306290749e-02   3.5345634991951747e-01   5.9924212889727180e-01   7.6851865745442105e-01   8.7318754551755440e-01   9.3373347011926000e-01   9.6746122452300209e-01   9.8588852303063057e-01   9.9586786259933080e-01   1.0012605425048176e+00   1.0041788019003557e+00   1.0057667821602576e+00   1.0066370527898081e+00   1.0071207230960002e+00   1.0073934904155364e+00   1.0075519127786645e+00   1.0076463078714555e+00   1.0077059965894488e+00   1.0077448381287146e+00   1.0077721421484513e+00   1.0077913655295001e+00   1.0078063704005735e+00   1.0078175493481953e+00   1.0078267551754938e+00   1.0078332374332901e+00   1.0078382497976544e+00   1.0078408269451680e+00   1.0078421022353563e+00   1.0078410401975120e+00   1.0078386758840081e+00   1.0078338745957982e+00   1.0078275581842240e+00   1.0078184520544571e+00   1.0078072770838378e+00   1.0077923119295498e+00   1.0077733503929631e+00   1.0077468039421265e+00   1.0077093224192473e+00   1.0076520001549720e+00   1.0075620340088740e+00   1.0074123036385292e+00   1.0071558720934928e+00   1.0067026045894536e+00   1.0058888428214623e+00   1.0044058182106235e+00   1.0016819255034866e+00   9.9664860698828162e-01   9.8733027043804367e-01   9.7010609949903281e-01   9.3852096445315425e-01   8.8163142753989243e-01   7.8271711764067131e-01   6.2123423973539738e-01   3.8341270842413772e-01   8.1928862922400203e-02  -2.3479041898676895e-01  -5.0785834851407718e-01  -7.0579590726802333e-01  -8.3185920424669413e-01  -9.0560712526057607e-01  -9.4659995853619783e-01  -9.6872814690179188e-01  -9.8047692004803755e-01  -9.8665344599108873e-01  -9.8987673393583608e-01  -9.9154432855792629e-01  -9.9239364414921738e-01  -9.9281154073138989e-01  -9.9300025611070653e-01  -9.9306555395364604e-01  -9.9306272143092467e-01  -9.9302093794177992e-01  -9.9295569121749461e-01  -9.9287551865686763e-01  -9.9278525466742529e-01  -9.9268795714292735e-01  -9.9258569041670497e-01  -9.9248008853178338e-01  -9.9237257414784485e-01  -9.9226452234829110e-01  -9.9215709738376223e-01
  -9.9140421153287472e-01  -9.9128786063839525e-01  -9.9117660101359251e-01  -9.9107131926976622e-01  -9.9097436532748751e-01  -9.9088626912032363e-01  -9.9080893050058338e-01  -9.9074269254813319e-01  -9.9068936100306826e-01  -9.9064910543656670e-01  -9.9062336863061873e-01  -9.9061184405984948e-01  -9.9061542352448784e-01  -9.9063323609842013e-01  -9.9066559905986606e-01  -9.9071109225789877e-01  -9.9076955174547110e-01  -9.9083921475249603e-01  -9.9091974385766979e-01  -9.9100924981877991e-01  -9.9110710566070903e-01  -9.9121091226566393e-01  -9.9131974787893207e-01  -9.9143146451735975e-01  -9.9154551378429046e-01  -9.9165953036367738e-01  -9.9177262665503552e-01  -9.9188238336209344e-01  -9.9198759233929390e-01  -9.9208473453285317e-01  -9.9217068254577023e-01  -9.9223800032011011e-01  -9.9227595529423163e-01  -9.9226229734705695e-01  -9.9215788295678276e-01  -9.9188574306078525e-01  -9.9130216798120485e-01  -9.9013035050760134e-01  -9.8784691605204955e-01  -9.8345742036078287e-01  -9.7509752746096134e-01  -9.5931432539603734e-01  -9.2989966957002412e-01  -8.7625460365328423e-01  -7.8205310000304740e-01  -6.2692950437553363e-01  -3.9639666330371909e-01  -1.0085330623463684e-01   2.1416855499161402e-01   4.9062046243785062e-01   6.9502715464928377e-01   8.2799435908046737e-01   9.0754285217370279e-01   9.5284264468512703e-01   9.7796162070109260e-01   9.9171332481193819e-01   9.9920730015274517e-01   1.0032931040222604e+00   1.0055297684806037e+00   1.0067631207901933e+00   1.0074506123696509e+00   1.0078397723349144e+00   1.0080649920963025e+00   1.0081991495215232e+00   1.0082820293668224e+00   1.0083356172859439e+00   1.0083722338589596e+00   1.0083984692311427e+00   1.0084179085248994e+00   1.0084324814221235e+00   1.0084434639285651e+00   1.0084515611999834e+00   1.0084572778955447e+00   1.0084607755002366e+00   1.0084622136925232e+00   1.0084615393536058e+00   1.0084587939882086e+00   1.0084538051533016e+00   1.0084464617761553e+00   1.0084362872174082e+00   1.0084226712900408e+00   1.0084042991623519e+00   1.0083792916576215e+00   1.0083441664642687e+00   1.0082930103929979e+00   1.0082144502386610e+00   1.0080880380602062e+00   1.0078763919936748e+00   1.0075118664997755e+00   1.0068692892092614e+00   1.0057181199470926e+00   1.0036317281743319e+00   9.9982130412832715e-01   9.9283039153086128e-01   9.7999232245618106e-01   9.5650787644925017e-01   9.1404673289934124e-01   8.3915025433420265e-01   7.1302543181906564e-01   5.1685932358483844e-01   2.4711403951760369e-01  -6.6611475629660077e-02  -3.6723367509872462e-01  -6.0605550154717580e-01  -7.6892576949476810e-01  -8.6869031635989857e-01  -9.2579513576740835e-01  -9.5719951643745638e-01  -9.7408172015949634e-01  -9.8303783639351972e-01  -9.8775013022992852e-01  -9.9021018626079305e-01  -9.9148124211623290e-01  -9.9212288074287391e-01  -9.9243111348161417e-01  -9.9255942613932735e-01  -9.9259003106623700e-01  -9.9256454637691183e-01  -9.9250662777051335e-01  -9.9242750094980037e-01  -9.9233494287217405e-01  -9.9223206389224827e-01  -9.9212240179065780e-01  -9.9200699041207707e-01  -9.9188831741793482e-01  -9.9176695198114628e-01  -9.9164509571650783e-01  -9.9152343511777086e-01
  -9.9074318786257476e-01  -9.9060975501717508e-01  -9.9048153521565463e-01  -9.9035989311697536e-01  -9.9024654214209362e-01  -9.9014315561013655e-01  -9.9005169402664728e-01  -9.8997367361153810e-01  -9.8991058759039674e-01  -9.8986340368323245e-01  -9.8983306157740603e-01  -9.8981996211805900e-01  -9.8982442125476100e-01  -9.8984618319200668e-01  -9.8988489322314233e-01  -9.8993966352546603e-01  -9.9000952762983530e-01  -9.9009300023044899e-01  -9.9018850782159884e-01  -9.9029410312933241e-01  -9.9040809570064892e-01  -9.9052881946918270e-01  -9.9065478473819690e-01  -9.9078406604209623e-01  -9.9091484537399166e-01  -9.9104547030924706e-01  -9.9117445296135465e-01  -9.9129993357458646e-01  -9.9142003098658893e-01  -9.9153233773852145e-01  -9.9163348603252433e-01  -9.9171811516051533e-01  -9.9177706807777088e-01  -9.9179375943555792e-01  -9.9173739524846605e-01  -9.9154998229664715e-01  -9.9112160067446253e-01  -9.9024366116224294e-01  -9.8852053666948647e-01  -9.8520458886131501e-01  -9.7889186389431515e-01  -9.6697701007298831e-01  -9.4472741031877439e-01  -9.0388050404341946e-01  -8.3105630986075485e-01  -7.0758134305699716e-01  -5.1479091983554037e-01  -2.4902639043802666e-01   6.1109306202349778e-02   3.6023571776109115e-01   6.0050139512624878e-01   7.6693297269358307e-01   8.7090762669019206e-01   9.3183568303154374e-01   9.6627151657589117e-01   9.8538000881169707e-01   9.9590040596994134e-01   1.0016857397176977e+00   1.0048757881884458e+00   1.0066465858562681e+00   1.0076383891499074e+00   1.0082021782378843e+00   1.0085279162776852e+00   1.0087215705203154e+00   1.0088399812873718e+00   1.0089158989102180e+00   1.0089659265753592e+00   1.0090009999428597e+00   1.0090260087015979e+00   1.0090451296312661e+00   1.0090592380627690e+00   1.0090701357234115e+00   1.0090774733984254e+00   1.0090824073464413e+00   1.0090842557827051e+00   1.0090839199898942e+00   1.0090805079658289e+00   1.0090746897406240e+00   1.0090653056297585e+00   1.0090526647001281e+00   1.0090350225548188e+00   1.0090116382459267e+00   1.0089787181553300e+00   1.0089317833070495e+00   1.0088604886700183e+00   1.0087491921471794e+00   1.0085674986200837e+00   1.0082627516336657e+00   1.0077362758927808e+00   1.0068111006594405e+00   1.0051604737656747e+00   1.0021877455923109e+00   9.9679579801182461e-01   9.8698524608904881e-01   9.6914580684579676e-01   9.3693178568708912e-01   8.7973519702076231e-01   7.8155163558946472e-01   6.2288820808037748e-01   3.9056300468708161e-01   9.5835694311940667e-02  -2.1630492206489449e-01  -4.8923051410786433e-01  -6.9041866088295678e-01  -8.2070235440536998e-01  -8.9806752825758684e-01  -9.4163382443130361e-01  -9.6542013992848785e-01  -9.7817922326640105e-01  -9.8495110825907572e-01  -9.8851818526951629e-01  -9.9038123210180717e-01  -9.9134016465567298e-01  -9.9181794278268798e-01  -9.9203777434389950e-01  -9.9211692016719510e-01  -9.9211738938972616e-01  -9.9207179016184044e-01  -9.9199778572316066e-01  -9.9190483867028723e-01  -9.9179857133699512e-01  -9.9168222544820495e-01  -9.9155824782921398e-01  -9.9142830357385425e-01  -9.9129406262907482e-01  -9.9115689339715995e-01  -9.9101844747075918e-01  -9.9087998572348479e-01
  -9.9006067097426642e-01  -9.8990460864081309e-01  -9.8975280471720506e-01  -9.8960817966907166e-01  -9.8947254147882258e-01  -9.8934863771576076e-01  -9.8923798171166910e-01  -9.8914318671670287e-01  -9.8906568331208711e-01  -9.8900776922607203e-01  -9.8897026251183418e-01  -9.8895458335442754e-01  -9.8896052227961562e-01  -9.8898838758916541e-01  -9.8903685239231542e-01  -9.8910516442795660e-01  -9.8919109064511301e-01  -9.8929322836020295e-01  -9.8940899172257724e-01  -9.8953681047645325e-01  -9.8967385430618615e-01  -9.8981818119990528e-01  -9.8996684589456707e-01  -9.9011844116982961e-01  -9.9027067205918007e-01  -9.9042220115091351e-01  -9.9057060515424022e-01  -9.9071482173685133e-01  -9.9085244260532623e-01  -9.9098188191243586e-01  -9.9109968851747832e-01  -9.9120213663347534e-01  -9.9128136520342713e-01  -9.9132520742437757e-01  -9.9130945651301161e-01  -9.9119081986871449e-01  -9.9088569500837465e-01  -9.9023820537981111e-01  -9.8895162180108298e-01  -9.8646900880311117e-01  -9.8174366081876374e-01  -9.7283358306198453e-01  -9.5618701013598506e-01  -9.2550670025716419e-01  -8.7022180931450488e-01  -7.7438278837354768e-01  -6.1864020857129842e-01  -3.8999414478204236e-01  -9.9409840056557397e-02   2.0952699499453531e-01   4.8190990134535233e-01   6.8550483695905240e-01   8.1990743891432083e-01   9.0165951541095479e-01   9.4903019450309667e-01   9.7577038488165702e-01   9.9068099568442514e-01   9.9896324899303901e-01   1.0035702887277611e+00   1.0061463719380102e+00   1.0075989874631275e+00   1.0084279383783177e+00   1.0089087403159720e+00   1.0091935914324384e+00   1.0093668121957413e+00   1.0094758252039555e+00   1.0095472571798700e+00   1.0095960805544337e+00   1.0096305224620212e+00   1.0096554314247073e+00   1.0096735915434150e+00   1.0096868126575294e+00   1.0096960198312339e+00   1.0097018399029452e+00   1.0097044414894891e+00   1.0097039839448008e+00   1.0097002978778553e+00   1.0096932379543351e+00   1.0096822106612637e+00   1.0096664126026043e+00   1.0096441264283493e+00   1.0096127350332842e+00   1.0095675303141523e+00   1.0095008465359372e+00   1.0093988275191956e+00   1.0092369973302244e+00   1.0089710945757113e+00   1.0085225931743453e+00   1.0077498936963667e+00   1.0063969264395407e+00   1.0039981417962971e+00   9.9970809310299302e-01   9.9199241401716065e-01   9.7808950911407466e-01   9.5311595346508948e-01   9.0875136908449761e-01   8.3182466894906915e-01   7.0437281336623558e-01   5.0898426927743734e-01   2.4316339863222058e-01  -6.4562846162522725e-02  -3.6019085920708993e-01  -5.9710685207256597e-01  -7.6068152925822852e-01  -8.6223039818734604e-01  -9.2111782701424594e-01  -9.5389713880284144e-01  -9.7171687777293947e-01  -9.8127070903610814e-01  -9.8634874315809529e-01  -9.8902706829707310e-01  -9.9042562076343432e-01  -9.9114032935024909e-01  -9.9148871733908228e-01  -9.9163740932150723e-01  -9.9167575649225181e-01  -9.9164986035087022e-01  -9.9158547919055706e-01  -9.9149539392082986e-01  -9.9138784519516743e-01  -9.9126655083612181e-01  -9.9113501208129950e-01  -9.9099458650840622e-01  -9.9084756385846595e-01  -9.9069482685982813e-01  -9.9053844813242575e-01  -9.9037927462592057e-01  -9.9021963345650321e-01
  -9.8933941100877554e-01  -9.8915082775443885e-01  -9.8896592664797534e-01  -9.8878721662088154e-01  -9.8861745398844136e-01  -9.8845996759847488e-01  -9.8831821547337273e-01  -9.8819564079720557e-01  -9.8809527423674093e-01  -9.8801978869663065e-01  -9.8797119595739979e-01  -9.8795089127714841e-01  -9.8795937496037878e-01  -9.8799637089557946e-01  -9.8806069092496873e-01  -9.8815047296487846e-01  -9.8826314697121465e-01  -9.8839568736421413e-01  -9.8854462562624856e-01  -9.8870641595675124e-01  -9.8887768224516603e-01  -9.8905553915294242e-01  -9.8923733047805185e-01  -9.8942040839899570e-01  -9.8960229596578597e-01  -9.8978109192788855e-01  -9.8995513789090717e-01  -9.9012269024831423e-01  -9.9028210109293169e-01  -9.9043155184284004e-01  -9.9056868579504376e-01  -9.9069003481063012e-01  -9.9079000881448398e-01  -9.9085874285106224e-01  -9.9087843582426027e-01  -9.9081591468453034e-01  -9.9060921030650939e-01  -9.9014157814855075e-01  -9.8919357027560451e-01  -9.8735277158496670e-01  -9.8384803909035812e-01  -9.7724722325976199e-01  -9.6492497926212462e-01  -9.4217511590052716e-01  -9.0090021249545016e-01  -8.2819171062736141e-01  -7.0632141949922511e-01  -5.1781340494189498e-01  -2.5919138963012750e-01   4.3336669722833454e-02   3.3822931837949965e-01   5.7920474631012553e-01   7.4963520705606812e-01   8.5845388361392738e-01   9.2360697550279081e-01   9.6121362958697265e-01   9.8252097058005583e-01   9.9450220711926474e-01   1.0012352825932067e+00   1.0050329685318031e+00   1.0071912787422992e+00   1.0084303606339153e+00   1.0091521599960813e+00   1.0095798869214276e+00   1.0098398818604548e+00   1.0100018675868390e+00   1.0101063999256175e+00   1.0101757119944541e+00   1.0102238575336735e+00   1.0102578770976267e+00   1.0102828165566495e+00   1.0103005072244780e+00   1.0103130367839781e+00   1.0103206004618412e+00   1.0103242830464965e+00   1.0103236005551059e+00   1.0103190635660766e+00   1.0103096178455391e+00   1.0102950829192330e+00   1.0102734296968148e+00   1.0102429494230230e+00   1.0101989653570396e+00   1.0101350750636207e+00   1.0100382525569580e+00   1.0098877053592579e+00   1.0096455199776699e+00   1.0092469946551577e+00   1.0085749225768930e+00   1.0074217333046067e+00   1.0054133961381948e+00   1.0018796756402530e+00   9.9561275925273440e-01   9.8445315395616584e-01   9.6458102904738241e-01   9.2942794505276305e-01   8.6829146505497479e-01   7.6553170353920830e-01   6.0296875743581446e-01   3.6972375066775964e-01   7.8802374962011923e-02  -2.2606124592900945e-01  -4.9193980422009093e-01  -6.8884351933364396e-01  -8.1754734229885428e-01  -8.9485843446939417e-01  -9.3892187049062370e-01  -9.6326645517596443e-01  -9.7647524458401591e-01  -9.8356426611259096e-01  -9.8733970459187714e-01  -9.8933397549288848e-01  -9.9037283963225597e-01  -9.9089767927547001e-01  -9.9114348672940644e-01  -9.9123499950722860e-01  -9.9123852540495327e-01  -9.9118932849888364e-01  -9.9110640567231612e-01  -9.9100007825454550e-01  -9.9087623752385867e-01  -9.9073834914755854e-01  -9.9058875040466765e-01  -9.9042909784837418e-01  -9.9026086471690911e-01  -9.9008531640005626e-01  -9.8990387315363082e-01  -9.8971800735067395e-01  -9.8952926508654493e-01
  -9.8854765954896417e-01  -9.8830864871642099e-01  -9.8806998041963101e-01  -9.8783520047325823e-01  -9.8760923886473428e-01  -9.8739655073181343e-01  -9.8720264435407978e-01  -9.8703248770380680e-01  -9.8689174042640126e-01  -9.8678480448020101e-01  -9.8671589125358317e-01  -9.8668717827085362e-01  -9.8670006977565650e-01  -9.8675362013974499e-01  -9.8684605642325229e-01  -9.8697349428561498e-01  -9.8713173234914786e-01  -9.8731521166592229e-01  -9.8751891308390405e-01  -9.8773717899428093e-01  -9.8796526240241977e-01  -9.8819795059380244e-01  -9.8843141152931346e-01  -9.8866209125894089e-01  -9.8888793429522548e-01  -9.8910638622350422e-01  -9.8931602731231005e-01  -9.8951518761344370e-01  -9.8970300441564041e-01  -9.8987771783360490e-01  -9.9003805084244489e-01  -9.9018106845576837e-01  -9.9030300311810415e-01  -9.9039609709032861e-01  -9.9044743314167794e-01  -9.9043190195794129e-01  -9.9030393035279196e-01  -9.8997688629304315e-01  -9.8928982394683551e-01  -9.8794023728830593e-01  -9.8536561407849976e-01  -9.8052185752114041e-01  -9.7149474992632090e-01  -9.5482978770623594e-01  -9.2448393150698027e-01  -8.7044826154309363e-01  -7.7778443995724678e-01  -6.2841077491983688e-01  -4.0967694710291341e-01  -1.3004329381420432e-01   1.7199177824144007e-01   4.4478380901061254e-01   6.5455913036997015e-01   7.9710187071997274e-01   8.8621186895084625e-01   9.3918199675211966e-01   9.6981672192824053e-01   9.8730848048574493e-01   9.9725808638449776e-01   1.0029289690872865e+00   1.0061803614689788e+00   1.0080619378359135e+00   1.0091643901890142e+00   1.0098206302238057e+00   1.0102187048750411e+00   1.0104660624093884e+00   1.0106241282081858e+00   1.0107282848501038e+00   1.0107987443293496e+00   1.0108475391934013e+00   1.0108817349389905e+00   1.0109057424290473e+00   1.0109220259461908e+00   1.0109321106759213e+00   1.0109366394983303e+00   1.0109359184212687e+00   1.0109296777448780e+00   1.0109173275983041e+00   1.0108974819626231e+00   1.0108678661512474e+00   1.0108244111375599e+00   1.0107604516521684e+00   1.0106646971692670e+00   1.0105182438672138e+00   1.0102884088559081e+00   1.0099182811496261e+00   1.0093080433156871e+00   1.0082826672912268e+00   1.0065328762848953e+00   1.0035093436207354e+00   9.9823484433243292e-01   9.8897550773817522e-01   9.7268018965417347e-01   9.4408763844701349e-01   8.9449207787928742e-01   8.1061902040843470e-01   6.7531724424307016e-01   4.7365231861649082e-01   2.0682245169456787e-01  -9.4772441308631328e-02  -3.7989805447813307e-01  -6.0695840454008332e-01  -7.6407532250392896e-01  -8.6238374041584542e-01  -9.2000772931656016e-01  -9.5246668770574539e-01  -9.7032688112449783e-01  -9.8001827237604888e-01  -9.8523113624636782e-01  -9.8801404036611096e-01  -9.8948536794482911e-01  -9.9024764845828495e-01  -9.9062497674113625e-01  -9.9078960999482457e-01  -9.9083432137384675e-01  -9.9080778221904964e-01  -9.9073687802553656e-01  -9.9063534116202134e-01  -9.9051148890244833e-01  -9.9036927274899755e-01  -9.9021180128081210e-01  -9.9004031956056748e-01  -9.8985649550996180e-01  -9.8966088006886965e-01  -9.8945487057218007e-01  -9.8923903166422278e-01  -9.8901489874146886e-01  -9.8878366405716633e-01
  -9.8762196180464035e-01  -9.8729859228811012e-01  -9.8696827299005474e-01  -9.8663621208112451e-01  -9.8630895102204441e-01  -9.8599488962379889e-01  -9.8570341666007422e-01  -9.8544458679685920e-01  -9.8522800921464271e-01  -9.8506253634082497e-01  -9.8495516362691116e-01  -9.8491077010431316e-01  -9.8493124904483720e-01  -9.8501569107684395e-01  -9.8516009068544363e-01  -9.8535812780862531e-01  -9.8560135400143056e-01  -9.8588028324948307e-01  -9.8618471291966792e-01  -9.8650492144226209e-01  -9.8683203346397186e-01  -9.8715895357289629e-01  -9.8747984323455451e-01  -9.8779020932222217e-01  -9.8808653615468356e-01  -9.8836697742273827e-01  -9.8863034206384992e-01  -9.8887602343979808e-01  -9.8910352539479196e-01  -9.8931268993592925e-01  -9.8950272274107109e-01  -9.8967247140192971e-01  -9.8981914064518506e-01  -9.8993780459623371e-01  -9.9001867444769320e-01  -9.9004389845886320e-01  -9.8997956904293938e-01  -9.8976288493647935e-01  -9.8927603957729937e-01  -9.8830016087329775e-01  -9.8642809441672341e-01  -9.8290812289667229e-01  -9.7636149651741255e-01  -9.6429475588789693e-01  -9.4229742127391358e-01  -9.0287657877127614e-01  -8.3419725246147580e-01  -7.2000082246463859e-01  -5.4373697909651408e-01  -3.0013832738926410e-01  -9.6569283260609096e-03   2.8218591555962486e-01   5.2960937655745788e-01   7.1136003715140883e-01   8.3159241301478404e-01   9.0591595983502726e-01   9.5008055637732847e-01   9.7579428665963686e-01   9.9064127214157938e-01   9.9920804175608569e-01   1.0041720180891429e+00   1.0070715436137985e+00   1.0087834169003189e+00   1.0098086156479660e+00   1.0104329409601591e+00   1.0108210477649453e+00   1.0110673712044622e+00   1.0112278602952647e+00   1.0113348905494639e+00   1.0114082598723206e+00   1.0114589935456282e+00   1.0114942655895489e+00   1.0115177102898132e+00   1.0115320863739716e+00   1.0115382566759863e+00   1.0115370388563465e+00   1.0115277183319038e+00   1.0115095486851267e+00   1.0114799226890239e+00   1.0114354462108626e+00   1.0113693907070656e+00   1.0112715832035120e+00   1.0111237207321921e+00   1.0108958275587427e+00   1.0105357605717895e+00   1.0099556390945945e+00   1.0090025672066831e+00   1.0074113133995020e+00   1.0047161227100780e+00   1.0001012530945632e+00   9.9213371826468055e-01   9.7831370270900953e-01   9.5434180412384761e-01   9.1306012163972528e-01   8.4328050996844139e-01   7.2958824916151466e-01   5.5582241241225061e-01   3.1555820753506175e-01   2.6567000892603443e-02  -2.6721757926940481e-01  -5.1841027477497081e-01  -7.0295484868611757e-01  -8.2377238726599777e-01  -8.9690836324152823e-01  -9.3904903899146830e-01  -9.6261901687733720e-01  -9.7557129664858322e-01  -9.8261271683603324e-01  -9.8641164695954353e-01  -9.8844522896450415e-01  -9.8951931912742097e-01  -9.9007030430568177e-01  -9.9033283904882841e-01  -9.9043312560169894e-01  -9.9043854039647283e-01  -9.9038544519694893e-01  -9.9029313426558285e-01  -9.9017224168409734e-01  -9.9002830835978350e-01  -9.8986455308571952e-01  -9.8968249495426841e-01  -9.8948310194588662e-01  -9.8926662773291396e-01  -9.8903333057161402e-01  -9.8878311279849718e-01  -9.8851623204151662e-01  -9.8823305543014262e-01  -9.8793446344336944e-01
  -9.8644197713156478e-01  -9.8596741517441810e-01  -9.8546894075057279e-01  -9.8495542773094202e-01  -9.8443854944398668e-01  -9.8393310320784000e-01  -9.8345590182029641e-01  -9.8302572295191459e-01  -9.8266127995970798e-01  -9.8238023805145647e-01  -9.8219678755807793e-01  -9.8212084773164121e-01  -9.8215633783224676e-01  -9.8230141525412540e-01  -9.8254800645740725e-01  -9.8288332893065578e-01  -9.8329058241147305e-01  -9.8375130245210052e-01  -9.8424641005496416e-01  -9.8475828893922634e-01  -9.8527104307537272e-01  -9.8577173849711630e-01  -9.8625031403037788e-01  -9.8670053406927094e-01  -9.8711874838416769e-01  -9.8750352584196666e-01  -9.8785467137868099e-01  -9.8817359351704703e-01  -9.8846180503613201e-01  -9.8872114254010013e-01  -9.8895286441107322e-01  -9.8915777940376648e-01  -9.8933514204496664e-01  -9.8948244897402993e-01  -9.8959330219330255e-01  -9.8965527885075999e-01  -9.8964406856389575e-01  -9.8951442468848738e-01  -9.8918144927340790e-01  -9.8848797655729759e-01  -9.8714274999219898e-01  -9.8461004354796122e-01  -9.7990957964775594e-01  -9.7126797131555409e-01  -9.5553002975936008e-01  -9.2724616388877656e-01  -8.7747755715338616e-01  -7.9289238100512138e-01  -6.5697600986780336e-01  -4.5664735357722275e-01  -1.9539714017059001e-01   9.6568530004453201e-02   3.7226235118756068e-01   5.9471648834700108e-01   7.5296203542989759e-01   8.5601258433734340e-01   9.1950935148277879e-01   9.5743728557657726e-01   9.7975633397188733e-01   9.9282818200206069e-01   1.0004984043045990e+00   1.0050271464330103e+00   1.0077271950622555e+00   1.0093567420394596e+00   1.0103550694059060e+00   1.0109773072433175e+00   1.0113732129285355e+00   1.0116302845422092e+00   1.0118007467339940e+00   1.0119154822334524e+00   1.0119936888786363e+00   1.0120466540736393e+00   1.0120815941849837e+00   1.0121023041415200e+00   1.0121111439758737e+00   1.0121085686424387e+00   1.0120942860157389e+00   1.0120661640146915e+00   1.0120207420492704e+00   1.0119513647886955e+00   1.0118475643466271e+00   1.0116914454973225e+00   1.0114541642002366e+00   1.0110871390020630e+00   1.0105092263033624e+00   1.0095815861252120e+00   1.0080671610343890e+00   1.0055575950545805e+00   1.0013479834407832e+00   9.9421649120854749e-01   9.8205482326718108e-01   9.6126377711593547e-01   9.2585393288998474e-01   8.6634954324124069e-01   7.6918314104932861e-01   6.1853659759298341e-01   4.0379756138073997e-01   1.3277790786246890e-01  -1.6026113482598486e-01  -4.2784254133632338e-01  -6.3652515976259283e-01  -7.7985626676016950e-01  -8.6976922958189262e-01  -9.2292796500584751e-01  -9.5322521069357857e-01  -9.7011604752873781e-01  -9.7940785338870828e-01  -9.8447580441504279e-01  -9.8722020796934862e-01  -9.8869247251905312e-01  -9.8946720945800837e-01  -9.8985697012823737e-01  -9.9003033767540738e-01  -9.9007858614749611e-01  -9.9005042717574754e-01  -9.8997236413067768e-01  -9.8985818222009037e-01  -9.8971545849794840e-01  -9.8954764102769677e-01  -9.8935648847754987e-01  -9.8914203412152579e-01  -9.8890385769624944e-01  -9.8864051142764187e-01  -9.8835050567843941e-01  -9.8803176480900690e-01  -9.8768260300262756e-01  -9.8730127628203301e-01  -9.8688750839450878e-01
  -9.8477244879371995e-01  -9.8401525878312579e-01  -9.8319924286134186e-01  -9.8233789846652164e-01  -9.8145202081151361e-01  -9.8056919895949535e-01  -9.7972322821544267e-01  -9.7895121168157329e-01  -9.7829126906535591e-01  -9.7777855695688265e-01  -9.7744242143943616e-01  -9.7730265722841825e-01  -9.7736787471934194e-01  -9.7763390089384516e-01  -9.7808485805242529e-01  -9.7869436904011486e-01  -9.7942901353417189e-01  -9.8025110390514381e-01  -9.8112276126252662e-01  -9.8200847944189951e-01  -9.8287832513906404e-01  -9.8370887398986395e-01  -9.8448400646643142e-01  -9.8519352301986352e-01  -9.8583307477534055e-01  -9.8640280429545701e-01  -9.8690638219814786e-01  -9.8734877177042102e-01  -9.8773616603801528e-01  -9.8807447707213292e-01  -9.8836923704444002e-01  -9.8862456925040942e-01  -9.8884337217283513e-01  -9.8902604393062565e-01  -9.8917017380564332e-01  -9.8926789792649028e-01  -9.8930302199146980e-01  -9.8924343277028359e-01  -9.8902922364403678e-01  -9.8854850652821158e-01  -9.8759554544765427e-01  -9.8579236547019977e-01  -9.8245077491086374e-01  -9.7632668647607646e-01  -9.6520299165767243e-01  -9.4521171760879352e-01  -9.0985319191329661e-01  -8.4889733923846289e-01  -7.4808276350920300e-01  -5.9187304449274825e-01  -3.7214169624411347e-01  -1.0094791370970602e-01   1.8533086528665721e-01   4.4247651988632386e-01   6.4263200641864615e-01   7.8218252565328050e-01   8.7246975351296741e-01   9.2828702694011622e-01   9.6195772846927963e-01   9.8205254546237830e-01   9.9402346630164462e-01   1.0011831676193910e+00   1.0054994278700196e+00   1.0081302408570902e+00   1.0097556410733446e+00   1.0107754016983694e+00   1.0114260257102941e+00   1.0118485817605916e+00   1.0121280734239750e+00   1.0123158106616159e+00   1.0124430414851691e+00   1.0125287130103555e+00   1.0125844636712942e+00   1.0126170917733339e+00   1.0126303373541594e+00   1.0126253854339384e+00   1.0126013928386137e+00   1.0125550148703928e+00   1.0124799989675377e+00   1.0123655066167818e+00   1.0121939334737906e+00   1.0119362695245271e+00   1.0115449940077521e+00   1.0109411837061835e+00   1.0099936939701371e+00   1.0084825829482980e+00   1.0060365435270904e+00   1.0020236349028606e+00   9.9536631791286412e-01   9.8423006619439213e-01   9.6551766529848415e-01   9.3410463661106591e-01   8.8186125614669308e-01   7.9690190749995937e-01   6.6447475332662598e-01   4.7215407055107073e-01   2.2088819966216927e-01  -6.4500573972184339e-02  -3.4047716944502909e-01  -5.6818249595023407e-01  -7.3232357964389760e-01  -8.3925993871992610e-01  -9.0429823680874954e-01  -9.4215783782044360e-01  -9.6361078364683894e-01  -9.7556942384383982e-01  -9.8216822215040955e-01  -9.8578303133608558e-01  -9.8774862303298427e-01  -9.8880370966205056e-01  -9.8935415293503071e-01  -9.8962096240737352e-01  -9.8972455688533678e-01  -9.8972970103822333e-01  -9.8967158476818340e-01  -9.8956856229464640e-01  -9.8943039743560246e-01  -9.8926133111577441e-01  -9.8906296581624209e-01  -9.8883449807686807e-01  -9.8857401386560095e-01  -9.8827796100637977e-01  -9.8794205381599909e-01  -9.8756072309302478e-01  -9.8712807021019433e-01  -9.8663770022410724e-01  -9.8608416834852053e-01  -9.8546291552730381e-01
  -9.8216271470009431e-01  -9.8086368948910674e-01  -9.7942983452882315e-01  -9.7788579651595731e-01  -9.7627084569943101e-01  -9.7463865479575906e-01  -9.7305540659206313e-01  -9.7159607175869467e-01  -9.7033835591047823e-01  -9.6935542774785877e-01  -9.6870811262836531e-01  -9.6843817202326687e-01  -9.6856332980411164e-01  -9.6907526496163920e-01  -9.6994049908227864e-01  -9.7110444513650784e-01  -9.7249753464368605e-01  -9.7404285104311938e-01  -9.7566361550490699e-01  -9.7728979974812868e-01  -9.7886259668480413e-01  -9.8033712939462758e-01  -9.8168332583826157e-01  -9.8288550153035181e-01  -9.8393982607552732e-01  -9.8485110178471780e-01  -9.8562997745653391e-01  -9.8629081912750605e-01  -9.8684902088277104e-01  -9.8731956369704943e-01  -9.8771592689109222e-01  -9.8804945544375133e-01  -9.8832883200404920e-01  -9.8855988031585873e-01  -9.8874480504953988e-01  -9.8888122761094110e-01  -9.8895961107438835e-01  -9.8895887427632267e-01  -9.8883745190273997e-01  -9.8851742235570483e-01  -9.8785477597692506e-01  -9.8658638406126498e-01  -9.8423430383104438e-01  -9.7993785914513731e-01  -9.7216329173804539e-01  -9.5822318933266948e-01  -9.3353394033004611e-01  -8.9063008381184361e-01  -8.1830076493542969e-01  -7.0208298921394285e-01  -5.2854505719099132e-01  -2.9515688862959594e-01  -2.0983638075903921e-02   2.5513493350376026e-01   4.9404819873614619e-01   6.7569056635375113e-01   8.0110536911006447e-01   8.8234398130676317e-01   9.3301164231189804e-01   9.6400146210216120e-01   9.8281589503199962e-01   9.9424420283581760e-01   1.0012257704494696e+00   1.0055307682023964e+00   1.0082168882191245e+00   1.0099166404449935e+00   1.0110089239675348e+00   1.0117222214413122e+00   1.0121948253587632e+00   1.0125117745287184e+00   1.0127253618234480e+00   1.0128683074655287e+00   1.0129604347006294e+00   1.0130137944015822e+00   1.0130345471096658e+00   1.0130250191584669e+00   1.0129834699645968e+00   1.0129044604599133e+00   1.0127769595697849e+00   1.0125826801073692e+00   1.0122912537488866e+00   1.0118540418035182e+00   1.0111918496338912e+00   1.0101760860530138e+00   1.0085945530402658e+00   1.0060953674210600e+00   1.0020903918617547e+00   9.9559520466154106e-01   9.8496006756432219e-01   9.6743808706435652e-01   9.3853177667309196e-01   8.9113754854131233e-01   8.1478805625418294e-01   6.9603241844495223e-01   5.2208994688538479e-01   2.8973575028535969e-01   1.6033215608167839e-02  -2.6135670671636235e-01  -5.0199607506272759e-01  -6.8366381373299467e-01  -8.0664378177884810e-01  -8.8371582768815449e-01  -9.2962738496638975e-01  -9.5611651922949215e-01  -9.7110126248332229e-01  -9.7947532612967003e-01  -9.8411778958763874e-01  -9.8667450765614539e-01  -9.8806986929338469e-01  -9.8881739917707245e-01  -9.8920007625829276e-01  -9.8937305440621215e-01  -9.8942081560913830e-01  -9.8938911262057161e-01  -9.8930220811591840e-01  -9.8917251586782773e-01  -9.8900549267761928e-01  -9.8880242895239345e-01  -9.8856157630275421e-01  -9.8827884407834177e-01  -9.8794781593255154e-01  -9.8755988873877298e-01  -9.8710413991847601e-01  -9.8656758473133099e-01  -9.8593554230980340e-01  -9.8519252583780348e-01  -9.8432343497301278e-01  -9.8331598075231419e-01
  -9.7774828693270410e-01  -9.7539660372051129e-01  -9.7275312502859190e-01  -9.6986130804236836e-01  -9.6679573015593978e-01  -9.6366296200568247e-01  -9.6059729169303953e-01  -9.5775212492773676e-01  -9.5528712723608011e-01  -9.5335309181514494e-01  -9.5207575215206175e-01  -9.5154162780514517e-01  -9.5178756597549952e-01  -9.5279643240786549e-01  -9.5449904859329948e-01  -9.5678267320982391e-01  -9.5950391014497360e-01  -9.6250452383157070e-01  -9.6562709738777719e-01  -9.6872906883785381e-01  -9.7169292305464983e-01  -9.7443211165377375e-01  -9.7689173011183883e-01  -9.7904564512043446e-01  -9.8089154588573846e-01  -9.8244549485217436e-01  -9.8373521007032816e-01  -9.8479418691028531e-01  -9.8565747973463236e-01  -9.8635866069319722e-01  -9.8692750645414951e-01  -9.8738924456956845e-01  -9.8776396812212808e-01  -9.8806676116199177e-01  -9.8830753483427247e-01  -9.8849079518972549e-01  -9.8861428930144024e-01  -9.8866633045643360e-01  -9.8861996600030988e-01  -9.8842228706203228e-01  -9.8797433184699768e-01  -9.8709509636881698e-01  -9.8545685187497090e-01  -9.8247156247361178e-01  -9.7709395473873106e-01  -9.6749081317819674e-01  -9.5051126642384265e-01  -9.2091513679772219e-01  -8.7045832755957953e-01  -7.8738358603402503e-01  -6.5777734635397422e-01  -4.7106377942305666e-01  -2.2999556821661554e-01   4.1693405986561238e-02   3.0564854701642569e-01   5.2837433273275836e-01   6.9563988336391225e-01   8.1103133947606187e-01   8.8635804704095833e-01   9.3397896822692739e-01   9.6361439078257238e-01   9.8196749903086589e-01   9.9335932261256588e-01   1.0004800349304133e+00   1.0049770995119152e+00   1.0078524758332683e+00   1.0097162284459134e+00   1.0109413525002791e+00   1.0117576801549963e+00   1.0123072972135705e+00   1.0126788010651664e+00   1.0129272835154286e+00   1.0130871153103085e+00   1.0131787788062510e+00   1.0132135091570400e+00   1.0131950243330861e+00   1.0131207014024752e+00   1.0129805962865075e+00   1.0127559479446377e+00   1.0124149130463134e+00   1.0119063104500161e+00   1.0111478226583510e+00   1.0100074602510483e+00   1.0082715874724371e+00   1.0055931972066030e+00   1.0014045704150270e+00   9.9477304749555651e-01   9.8416304373761121e-01   9.6706006434700831e-01   9.3940709380836196e-01   8.9486212897796846e-01   8.2410261498922466e-01   7.1496874231582808e-01   5.5514359934871049e-01   3.3925891725418422e-01   7.8762200037315488e-02  -1.9477571582340658e-01  -4.4219856940747565e-01  -6.3694528180777588e-01  -7.7374655689324778e-01  -8.6213467866533922e-01  -9.1608714749720610e-01  -9.4783094190507788e-01  -9.6608047146822518e-01  -9.7642154608854714e-01  -9.8222776559350922e-01  -9.8546633322199084e-01  -9.8726028747356032e-01  -9.8824181428795399e-01  -9.8876363534043388e-01  -9.8902097175984749e-01  -9.8912130042144297e-01  -9.8912308534089188e-01  -9.8905766610503576e-01  -9.8894088008721659e-01  -9.8877966790968874e-01  -9.8857513095376848e-01  -9.8832428892286917e-01  -9.8802039318619539e-01  -9.8765310165153608e-01  -9.8720792956946013e-01  -9.8666603428422772e-01  -9.8600370331577858e-01  -9.8519262992989509e-01  -9.8420030580533513e-01  -9.8299185589090488e-01  -9.8153260633502215e-01  -9.7979185897799637e-01
  -9.6989348182404189e-01  -9.6549220677574110e-01  -9.6047634567202900e-01  -9.5492788369621551e-01  -9.4899388952562880e-01  -9.4288696154136753e-01  -9.3687758916861363e-01  -9.3127649601209239e-01  -9.2640853202047690e-01  -9.2258051663327989e-01  -9.2004835146832353e-01  -9.1898771528310408e-01  -9.1947358642153665e-01  -9.2147113483305110e-01  -9.2484009998649874e-01  -9.2935128210795115e-01  -9.3471320598803564e-01  -9.4060410345036982e-01  -9.4670493890942131e-01  -9.5272793154264535e-01  -9.5843757881818004e-01  -9.6366191142572588e-01  -9.6829515142218314e-01  -9.7229242935479376e-01  -9.7565880118878678e-01  -9.7843495751655307e-01  -9.8068414688951910e-01  -9.8248067127147187e-01  -9.8390045681727478e-01  -9.8501454090701135e-01  -9.8588569343591248e-01  -9.8656640515392335e-01  -9.8709888032319215e-01  -9.8751542472672482e-01  -9.8783952007810494e-01  -9.8808637227462182e-01  -9.8826319551690522e-01  -9.8836791017476111e-01  -9.8838611219514827e-01  -9.8828404126768288e-01  -9.8799568334407983e-01  -9.8739856840911810e-01  -9.8627102899524699e-01  -9.8421635356121284e-01  -9.8053207366655304e-01  -9.7398804171301290e-01  -9.6246445401627911e-01  -9.4239512526112601e-01  -9.0800989255979148e-01  -8.5056272875291594e-01  -7.5824267170083059e-01  -6.1830702106372715e-01  -4.2325880786914682e-01  -1.8004571818538911e-01   8.5380397774630357e-02   3.3701039956619661e-01   5.4648297166419169e-01   7.0343436866914688e-01   8.1246247501899083e-01   8.8459945290354614e-01   9.3101968497603105e-01   9.6050515767223676e-01   9.7917684169033103e-01   9.9104209946426380e-01   9.9864091771019692e-01   1.0035593242044003e+00   1.0067820496637325e+00   1.0089205698213584e+00   1.0103560144032215e+00   1.0113276131464586e+00   1.0119863264964044e+00   1.0124276336717233e+00   1.0127112527528184e+00   1.0128733203426035e+00   1.0129333460628618e+00   1.0128980958109735e+00   1.0127627432629089e+00   1.0125100815429968e+00   1.0121070900132012e+00   1.0114985701316508e+00   1.0105958632089911e+00   1.0092584826897384e+00   1.0072636529606518e+00   1.0042565187933830e+00   9.9966790374459968e-01   9.9258055486264141e-01   9.8151466861410830e-01   9.6409424955410605e-01   9.3655487060166709e-01   8.9310357807995788e-01   8.2531985047929157e-01   7.2222917008525589e-01   5.7241212187405921e-01   3.6978135606742657e-01   1.2219895134576486e-01  -1.4403943981049883e-01  -3.9271069081439908e-01  -5.9547517525794236e-01  -7.4281135532012055e-01  -8.4087573423732698e-01  -9.0224557957188689e-01  -9.3910926753823110e-01  -9.6067517441009609e-01  -9.7308162063250025e-01  -9.8014333360170880e-01  -9.8413448868854336e-01  -9.8637692108650854e-01  -9.8762617047883061e-01  -9.8830943359155210e-01  -9.8866599837111568e-01  -9.8882901404165968e-01  -9.8887162301594200e-01  -9.8883334155689684e-01  -9.8873425596532671e-01  -9.8858309861498439e-01  -9.8838100454573374e-01  -9.8812353972940192e-01  -9.8780090608830950e-01  -9.8739777745712276e-01  -9.8689214004530201e-01  -9.8625429396285536e-01  -9.8544536989503084e-01  -9.8441657576941921e-01  -9.8310869370833320e-01  -9.8145336124829063e-01  -9.7937563020698171e-01  -9.7679937878625001e-01  -9.7365567076476411e-01
  -9.5554475096021307e-01  -9.4718402845559024e-01  -9.3757297949158036e-01  -9.2687140055317863e-01  -9.1537249062764903e-01  -9.0350359091230792e-01  -8.9180679680596775e-01  -8.8090021216681180e-01  -8.7142354943515987e-01  -8.6397545183354096e-01  -8.5905084891637307e-01  -8.5698756578735213e-01  -8.5792913985899422e-01  -8.6180910817669831e-01  -8.6835836256208876e-01  -8.7713499274985152e-01  -8.8757235180693472e-01  -8.9903922031054218e-01  -9.1090330434591271e-01  -9.2258956331524633e-01  -9.3362518747345224e-01  -9.4366627042984064e-01  -9.5250405554949258e-01  -9.6005392124316558e-01  -9.6633299385050941e-01  -9.7143270342046018e-01  -9.7548988023372629e-01  -9.7866142173725423e-01  -9.8110552109638405e-01  -9.8296894734036144e-01  -9.8437949579888073e-01  -9.8544340649771400e-01  -9.8624534146379639e-01  -9.8685041819182140e-01  -9.8730674530246820e-01  -9.8764816810212275e-01  -9.8789619539357143e-01  -9.8806104408327156e-01  -9.8814070228572759e-01  -9.8811750670437215e-01  -9.8795004639368211e-01  -9.8755792025200273e-01  -9.8679364107907253e-01  -9.8539337858007126e-01  -9.8289126165023633e-01  -9.7847432746852570e-01  -9.7074250971539533e-01  -9.5732933292619948e-01  -9.3434527048185401e-01  -8.9567789243493423e-01  -8.3241272437192149e-01  -7.3315568723187752e-01  -5.8671592982944143e-01  -3.8838135611345370e-01  -1.4778170507423483e-01   1.0902118964067936e-01   3.4926108451671301e-01   5.4868347394450290e-01   6.9910309081869848e-01   8.0504998183944987e-01   8.7646462098892952e-01   9.2342096967776111e-01   9.5395035170114562e-01   9.7375993986685283e-01   9.8666662277476580e-01   9.9514270473017941e-01   1.0007655410881691e+00   1.0045364103708316e+00   1.0070909785133264e+00   1.0088337634633000e+00   1.0100228812539020e+00   1.0108230650789012e+00   1.0113384434294219e+00   1.0116325422983989e+00   1.0117400121192741e+00   1.0116728845383798e+00   1.0114226602924523e+00   1.0109588103523406e+00   1.0102232282443493e+00   1.0091195179995338e+00   1.0074945233908317e+00   1.0051079638403124e+00   1.0015830586949319e+00   9.9632731636475491e-01   9.8840645019976836e-01   9.7634657755823628e-01   9.5783214714362674e-01   9.2927273428478463e-01   8.8525886133206511e-01   8.1807883556715122e-01   7.1782860385753933e-01   5.7422547617703312e-01   3.8144401490144308e-01   1.4544649613312605e-01  -1.1151802094607682e-01  -3.5681615362634006e-01  -5.6242749411969006e-01  -7.1625951304734259e-01  -8.2151832818270543e-01  -8.8903191304215157e-01  -9.3046136731085993e-01  -9.5515128159789930e-01  -9.6958841966575204e-01  -9.7792812775279159e-01  -9.8270784345739415e-01  -9.8543182305345145e-01  -9.8697463403357055e-01  -9.8783812690595063e-01  -9.8830727062607782e-01  -9.8854251912911217e-01  -9.8863308904004599e-01  -9.8862763391204977e-01  -9.8855120267596464e-01  -9.8841472123665075e-01  -9.8821961060162078e-01  -9.8795995038175577e-01  -9.8762261020752051e-01  -9.8718645250118930e-01  -9.8662036203006931e-01  -9.8588086193530522e-01  -9.8490903611553593e-01  -9.8362765582540002e-01  -9.8193857854210098e-01  -9.7972183583687467e-01  -9.7683690064929773e-01  -9.7312827373724875e-01  -9.6843607010334187e-01  -9.6261241808741871e-01
  -9.2916425517700763e-01  -9.1331337711493343e-01  -8.9503605099867267e-01  -8.7467375311143369e-01  -8.5283079563552999e-01  -8.3036192688762689e-01  -8.0832163025019843e-01  -7.8787914987124963e-01  -7.7021165636204125e-01  -7.5639205284647382e-01  -7.4728742399450909e-01  -7.4347936783242274e-01  -7.4521255122016772e-01  -7.5237367056253768e-01  -7.6450145811980930e-01  -7.8082729851269073e-01  -8.0034506475551304e-01  -8.2190541930645300e-01  -8.4432531816511358e-01  -8.6649819985003218e-01  -8.8748833493165113e-01  -9.0659498212803735e-01  -9.2337912393451638e-01  -9.3765316602688631e-01  -9.4944098348109007e-01  -9.5892099185956725e-01  -9.6636703956635150e-01  -9.7209623480901708e-01  -9.7642790409955682e-01  -9.7965646400650475e-01  -9.8203691537682591e-01  -9.8377928564849504e-01  -9.8504977972523800e-01  -9.8597535827539784e-01  -9.8664996290273277e-01  -9.8714072087965898e-01  -9.8749342904213766e-01  -9.8773652548239210e-01  -9.8788330547954262e-01  -9.8793156773262303e-01  -9.8785992715916593e-01  -9.8761874663646187e-01  -9.8711272604599987e-01  -9.8616933986379984e-01  -9.8448409514434776e-01  -9.8152728144416457e-01  -9.7638939526757718e-01  -9.6753252412789925e-01  -9.5241104621393535e-01  -9.2694322773232873e-01  -8.8490485401195462e-01  -8.1755943929709307e-01  -7.1431023522059722e-01  -5.6562786904174489e-01  -3.6892335361287865e-01  -1.3492549573303775e-01   1.1178358183471299e-01   3.4195216266529810e-01   5.3434034570919675e-01   6.8161562506295303e-01   7.8746195222547855e-01   8.6049706686772776e-01   9.0973969090200568e-01   9.4259572165565908e-01   9.6447900327049840e-01   9.7911040013172423e-01   9.8896391212487067e-01   9.9565703143545337e-01   1.0002400819177271e+00   1.0033942094098403e+00   1.0055613078397179e+00   1.0070272385170356e+00   1.0079746151345712e+00   1.0085156152431940e+00   1.0087117527191964e+00   1.0085844103318173e+00   1.0081185254374212e+00   1.0072599410276255e+00   1.0059061124519399e+00   1.0038879942326058e+00   1.0009396203922472e+00   9.9664887695726756e-01   9.9037973739512664e-01   9.8115051512298868e-01   9.6744727847166456e-01   9.4694807679198756e-01   9.1614398869864333e-01   8.6988906438410218e-01   8.0104885532571690e-01   7.0071990195930534e-01   5.5993141556795523e-01   3.7382035246398249e-01   1.4775023214380056e-01  -9.8855541116638301e-02  -3.3700836994362787e-01  -5.4051575820601494e-01  -6.9640299080689805e-01  -8.0572363913606471e-01  -8.7750979871118173e-01  -9.2251724930516654e-01  -9.4986224426861698e-01  -9.6613233123280551e-01  -9.7568130231387706e-01  -9.8123635340831128e-01  -9.8444921827228904e-01  -9.8629827244959278e-01  -9.8735421846076143e-01  -9.8794604257579022e-01  -9.8826149795952067e-01  -9.8840638892905430e-01  -9.8843911122277406e-01  -9.8839019688256469e-01  -9.8827318752315985e-01  -9.8809008605814541e-01  -9.8783365214383134e-01  -9.8748735875197402e-01  -9.8702380590201200e-01  -9.8640158662071775e-01  -9.8556097207888960e-01  -9.8441831664683943e-01  -9.8285973705390661e-01  -9.8073447670232572e-01  -9.7784936147777302e-01  -9.7396586748821001e-01  -9.6880272852556593e-01  -9.6204655648386150e-01  -9.5337392888380890e-01  -9.4248747752619200e-01
  -8.8118579364770411e-01  -8.5174754629925142e-01  -8.1798648799277496e-01  -7.8069778825702985e-01  -7.4115189204666176e-01  -7.0101974885351481e-01  -6.6222878098431204e-01  -6.2677978176179405e-01  -5.9656236649775507e-01  -5.7319995560545034e-01  -5.5793967263895206e-01  -5.5158659249133635e-01  -5.5447167109464868e-01  -5.6644142973719858e-01  -5.8686313501799825e-01  -6.1464833086533366e-01  -6.4830497897866080e-01  -6.8603023641384620e-01  -7.2584904881243317e-01  -7.6578959697277849e-01  -8.0406998545081820e-01  -8.3925988270315499e-01  -8.7038281682039131e-01  -8.9694143094552470e-01  -9.1887106298398513e-01  -9.3644387919926475e-01  -9.5015117451782338e-01  -9.6059078637552409e-01  -9.6837816754415129e-01  -9.7408589538541102e-01  -9.7820988678582066e-01  -9.8115729588665879e-01  -9.8324824685330725e-01  -9.8472562539375907e-01  -9.8576806626325619e-01  -9.8650322148298908e-01  -9.8701948859139121e-01  -9.8737545135179750e-01  -9.8760656844141059e-01  -9.8772898354867045e-01  -9.8773994173722079e-01  -9.8761402059342918e-01  -9.8729325263926504e-01  -9.8666796215070418e-01  -9.8554252427943889e-01  -9.8357687368823887e-01  -9.8018903721709816e-01  -9.7439742382533934e-01  -9.6457483809983113e-01  -9.4808747638671620e-01  -9.2081960820703612e-01  -8.7668194730826032e-01  -8.0743292793406385e-01  -7.0352923442581827e-01  -5.5699226996638385e-01  -3.6654155074529149e-01  -1.4261200540211477e-01   9.2795528655015141e-02   3.1394469731954050e-01   5.0173012002279993e-01   6.4871423418028895e-01   7.5714699782685557e-01   8.3408818677999785e-01   8.8746323902633373e-01   9.2409688456086569e-01   9.4917613732560535e-01   9.6638891902351576e-01   9.7826368160598864e-01   9.8650035619179399e-01   9.9223020928682715e-01   9.9620157460036396e-01   9.9890619377386025e-01   1.0006622004081784e+00   1.0016671093936422e+00   1.0020299967272888e+00   1.0017890193522812e+00   1.0009173888622365e+00   9.9931910275711966e-01   9.9681343163505898e-01   9.9310541410179520e-01   9.8773665875490413e-01   9.8000779410703864e-01   9.6885961124257203e-01   9.5269688304756595e-01   9.2913891437394180e-01   8.9469508069249459e-01   8.4441363384015733e-01   7.7168293990982806e-01   6.6861531931181362e-01   5.2774683795661370e-01   3.4571382883996243e-01   1.2822147882442564e-01  -1.0716789255618692e-01  -3.3494408691793198e-01  -5.3174454720831910e-01  -6.8515815565140903e-01  -7.9501747146321611e-01  -8.6874645006654205e-01  -9.1595948891070811e-01  -9.4521828271797059e-01  -9.6294907941886243e-01  -9.7353374278978666e-01  -9.7979062918605697e-01  -9.8346616300008005e-01  -9.8561590445077285e-01  -9.8686679107975750e-01  -9.8758624646496274e-01  -9.8798715876096832e-01  -9.8819126606592511e-01  -9.8826672141636429e-01  -9.8824977777426593e-01  -9.8815693372909774e-01  -9.8799111233327541e-01  -9.8774409495776427e-01  -9.8739619941615242e-01  -9.8691380331414280e-01  -9.8624471091658017e-01  -9.8531138882677283e-01  -9.8400184226757825e-01  -9.8215829444619762e-01  -9.7956403903206613e-01  -9.7592984396989457e-01  -9.7088222441906857e-01  -9.6395778282664191e-01  -9.5460898884738665e-01  -9.4222884536989415e-01  -9.2620084615132092e-01  -9.0597740684772088e-01
  -7.9656336867467936e-01  -7.4432191273869996e-01  -6.8552197144162597e-01  -6.2207653200773216e-01  -5.5657861885970150e-01  -4.9201657788509651e-01  -4.3143233988383045e-01  -3.7761331315651342e-01  -3.3288332768796092e-01  -2.9901154345389891e-01  -2.7721607036342866e-01  -2.6821722943783810e-01  -2.7229497926801893e-01  -2.8931807887656885e-01  -3.1873128738524159e-01  -3.5950687006622423e-01  -4.1008609529942264e-01  -4.6835209443022380e-01  -5.3168101534848833e-01  -5.9710524345765403e-01  -6.6158739691962676e-01  -7.2235672095305192e-01  -7.7722365082173339e-01  -8.2478585898138690e-01  -8.6447538050899930e-01  -8.9645456651538347e-01  -9.2141668551359213e-01  -9.4035933497208091e-01  -9.5438348212780633e-01  -9.6454826244042025e-01  -9.7178602174175532e-01  -9.7686620126555601e-01  -9.8039330710720407e-01  -9.8282388301012524e-01  -9.8449166135528654e-01  -9.8563380031048931e-01  -9.8641445659693883e-01  -9.8694401145253463e-01  -9.8729362526153552e-01  -9.8750523186418881e-01  -9.8759726964048422e-01  -9.8756602334168875e-01  -9.8738196226681230e-01  -9.8697932683604206e-01  -9.8623583096916212e-01  -9.8493691312370590e-01  -9.8271579594228520e-01  -9.7895593875537412e-01  -9.7263742735489223e-01  -9.6210520128347810e-01  -9.4474288649646398e-01  -9.1656841488617546e-01  -8.7186176942423277e-01  -8.0313331848978176e-01  -7.0202962765344046e-01  -5.6189453160034142e-01  -3.8199635234860796e-01  -1.7142189769442218e-01   5.1130443141210874e-02   2.6343449596751273e-01   4.4801352861604204e-01   5.9674599491726532e-01   7.1000767281804911e-01   7.9302107887913587e-01   8.5246532934270536e-01   8.9452004378856276e-01   9.2413767209057840e-01   9.4499335461624789e-01   9.5969860557833142e-01   9.7006329328670948e-01   9.7732199621556393e-01   9.8230500793661646e-01   9.8555887407138398e-01   9.8742707392994022e-01   9.8810086773164929e-01   9.8764742596876853e-01   9.8601966217669523e-01   9.8304920243956517e-01   9.7842146652035777e-01   9.7162884633841085e-01   9.6189525281443988e-01   9.4806225007161293e-01   9.2842588207722110e-01   9.0051730073361425e-01   8.6084060611425994e-01   8.0463722524167003e-01   7.2586697315048310e-01   6.1779021558447367e-01   4.7470560050439903e-01   2.9517038749592595e-01   8.5816473432483636e-02  -1.3708920920196638e-01  -3.5140070395904199e-01  -5.3722752753163316e-01  -6.8379768233039573e-01  -7.9056848040426031e-01  -8.6365713502972052e-01  -9.1142992369402354e-01  -9.4163622777453315e-01  -9.6029501993082278e-01  -9.7163691311681144e-01  -9.7845742247096912e-01  -9.8253105801708684e-01  -9.8495385555990511e-01  -9.8638971325556146e-01  -9.8723480236175876e-01  -9.8772253994469672e-01  -9.8798855700797383e-01  -9.8811000761318279e-01  -9.8812871273939906e-01  -9.8806429704960830e-01  -9.8792094065601366e-01  -9.8768992635684782e-01  -9.8734898356773315e-01  -9.8685886887922836e-01  -9.8615701417804047e-01  -9.8514789143414261e-01  -9.8368945706331168e-01  -9.8157524838381249e-01  -9.7851200365602498e-01  -9.7409383127603077e-01  -9.6777563555389301e-01  -9.5885154601887468e-01  -9.4644764494573064e-01  -9.2954283596117304e-01  -9.0703327316832172e-01  -8.7785430750470583e-01  -8.4116339199043111e-01
  -6.5565069402716558e-01  -5.7013275420070619e-01  -4.7753522355580630e-01  -3.8193987003957058e-01  -2.8783448348402485e-01  -1.9946065633207694e-01  -1.2032211808832544e-01  -5.2962515331237026e-02   1.0024899640476703e-03   4.0691671219005299e-02   6.5709566512627771e-02   7.5922592201049632e-02   7.1304931715707287e-02   5.1873408868764126e-02   1.7716696953440414e-02  -3.0883641576404053e-02  -9.3253337877195253e-02  -1.6808061840305694e-01  -2.5319237485714724e-01  -3.4544942444163368e-01  -4.4086418005496764e-01  -5.3499213137196278e-01  -6.2353785713408039e-01  -7.0299992179193493e-01  -7.7113886463875803e-01  -8.2712552098889525e-01  -8.7136745382031955e-01  -9.0513326534442895e-01  -9.3013258325263726e-01  -9.4816572010166356e-01  -9.6089169783955075e-01  -9.6971175497668127e-01  -9.7573744144193653e-01  -9.7980964400524462e-01  -9.8254114414475613e-01  -9.8436508227132802e-01  -9.8557972884556677e-01  -9.8638555686332985e-01  -9.8691370519208621e-01  -9.8724651760726867e-01  -9.8743121436057013e-01  -9.8748770572978473e-01  -9.8741095086576203e-01  -9.8716758353908951e-01  -9.8668533501599420e-01  -9.8583238680247220e-01  -9.8438157490537082e-01  -9.8195164126309042e-01  -9.7791406643118828e-01  -9.7125069433261901e-01  -9.6034647348663083e-01  -9.4271058158071108e-01  -9.1465193689865198e-01  -8.7101690435681345e-01  -8.0525052252625162e-01  -7.1023724603241534e-01  -5.8040748644521822e-01  -4.1502722751820226e-01  -2.2119071502631918e-01  -1.3876076138546134e-02   1.8831239512726278e-01   3.6947199206977777e-01   5.2065009292017517e-01   6.4010267449975333e-01   7.3091509639376184e-01   7.9824587875358910e-01   8.4743014876973022e-01   8.8306785914254404e-01   9.0876632607585861e-01   9.2720211554183818e-01   9.4029224820084534e-01   9.4937286031770296e-01   9.5534690510143805e-01   9.5879271881686079e-01   9.6003637152351562e-01   9.5919318738392634e-01   9.5618242040651680e-01   9.5071673064428130e-01   9.4226519949034904e-01   9.2998618331189009e-01   9.1262455935992848e-01   8.8836945594806760e-01   8.5467752184978518e-01   8.0809303698347046e-01   7.4415357093897472e-01   6.5757237391814050e-01   5.4301862745343499e-01   3.9685330210380448e-01   2.1981978387007445e-01   1.9656672549251020e-02  -1.8857189842930452e-01  -3.8615002432372814e-01  -5.5703967995703274e-01  -6.9276044939577774e-01  -7.9299774311140481e-01  -8.6285308120339654e-01  -9.0942632290223580e-01  -9.3947688459672918e-01  -9.5841222212510713e-01  -9.7014467036012586e-01  -9.7733072905767915e-01  -9.8169959707924692e-01  -9.8434428595653300e-01  -9.8594107606230552e-01  -9.8690153000694525e-01  -9.8747261284428534e-01  -9.8780035435000535e-01  -9.8796928805956730e-01  -9.8802616935786902e-01  -9.8799366994174742e-01  -9.8787749454955742e-01  -9.8766898620439569e-01  -9.8734413011844036e-01  -9.8685921380792818e-01  -9.8614270265806714e-01  -9.8508251914111633e-01  -9.8350744553240899e-01  -9.8116133185374887e-01  -9.7766895492305483e-01  -9.7249358394819829e-01  -9.6488866295722131e-01  -9.5385074434719530e-01  -9.3808785303555742e-01  -9.1602715863318152e-01  -8.8589412092023867e-01  -8.4589778867258891e-01  -7.9453960218631536e-01  -7.3101950458107023e-01
  -4.4215331433106503e-01  -3.1874511559034396e-01  -1.9331667063971486e-01  -7.2246387202357987e-02   3.9147209256939319e-02   1.3721459805641539e-01   2.2002068834385868e-01   2.8699907224182297e-01   3.3845589178318725e-01   3.7510194154633114e-01   3.9769553856567452e-01   4.0680851791233996e-01   4.0269621645486986e-01   3.8524900511593319e-01   3.5401417777152333e-01   3.0829308119041399e-01   2.4733231592607718e-01   1.7063144439504030e-01   7.8370716937612883e-02  -2.8092197043092515e-02  -1.4579663196636167e-01  -2.7004872593210449e-01  -3.9480295686449440e-01  -5.1359360632122353e-01  -6.2075294241449086e-01  -7.1244200880790343e-01  -7.8709879210567479e-01  -8.4522583500913451e-01  -8.8874573607816387e-01  -9.2026007885794536e-01  -9.4245374860895548e-01  -9.5773011966648247e-01  -9.6805349900769389e-01  -9.7493015455097920e-01  -9.7946199206068796e-01  -9.8242645081843238e-01  -9.8435641983678701e-01  -9.8560837465772966e-01  -9.8641546418102044e-01  -9.8692632133191083e-01  -9.8723195948358089e-01  -9.8738316145984251e-01  -9.8740033057340826e-01  -9.8727686894469457e-01  -9.8697625575445158e-01  -9.8642174135875149e-01  -9.8547623613451940e-01  -9.8390805263741477e-01  -9.8133601273170490e-01  -9.7714483662928675e-01  -9.7036003961659678e-01  -9.5947275347366490e-01  -9.4221507319599573e-01  -9.1531569288451298e-01  -8.7432965354177739e-01  -8.1374345108766677e-01  -7.2767513122565397e-01  -6.1147639492678962e-01  -4.6414579363399006e-01  -2.9057627092646837e-01  -1.0191634586657011e-01   8.7034848555266664e-02   2.6231016046364997e-01   4.1447423135859451e-01   5.3974955161790228e-01   6.3888257371485113e-01   7.1516949030074550e-01   7.7276512224497274e-01   8.1565613384394720e-01   8.4720486084961721e-01   8.7004005545849727e-01   8.8611072717403006e-01   8.9679291023264729e-01   9.0299491692382661e-01   9.0523880667371037e-01   9.0371100591911113e-01   8.9828090200215571e-01   8.8848739315555614e-01   8.7349328718353525e-01   8.5200814602647890e-01   8.2218498007207763e-01   7.8150937492306527e-01   7.2672864076710630e-01   6.5392066883840827e-01   5.5887567738509714e-01   4.3801788001431680e-01   2.9000664895665540e-01   1.1774314212233017e-01  -7.0231115185711512e-02  -2.6041489980607868e-01  -4.3772515197564071e-01  -5.9009122404265968e-01  -7.1153406412195919e-01  -8.0225110337740879e-01  -8.6652326028957805e-01  -9.1021020775466721e-01  -9.3898193148325260e-01  -9.5748918635110636e-01  -9.6919050087503900e-01  -9.7649934029237340e-01  -9.8102830621073400e-01  -9.8382201432097738e-01  -9.8554173630332265e-01  -9.8659855301828947e-01  -9.8724410137025675e-01  -9.8763002018016510e-01  -9.8784576114291789e-01  -9.8794186580526688e-01  -9.8794367435731856e-01  -9.8785854521871208e-01  -9.8767844014492512e-01  -9.8737862129417675e-01  -9.8691250261701469e-01  -9.8620188590536251e-01  -9.8512123217281067e-01  -9.8347386511853596e-01  -9.8095758427128854e-01  -9.7711694801853022e-01  -9.7128048836245395e-01  -9.6248393501686158e-01  -9.4938722355787930e-01  -9.3020498089853587e-01  -9.0268879603069674e-01  -8.6422085228412315e-01  -8.1209145568072438e-01  -7.4400999078615571e-01  -6.5881523006914811e-01  -5.5720346874856408e-01
  -1.6048332723421166e-01  -1.0415377567819128e-02   1.2976054942482482e-01   2.5432081036727988e-01   3.6042031042656864e-01   4.4762156599138686e-01   5.1704259130769104e-01   5.7053642747234190e-01   6.1009201314711381e-01   6.3747305821977485e-01   6.5403458448684426e-01   6.6064596082916083e-01   6.5766608076044752e-01   6.4493846364012963e-01   6.2179387287726684e-01   5.8706588926149961e-01   5.3914354219282734e-01   4.7610640887249639e-01   3.9600773748534529e-01   2.9737449107511577e-01   1.7994701243751943e-01   4.5547268308860522e-02  -1.0125002548384426e-01  -2.5313530450293481e-01  -4.0113522277895652e-01  -5.3655661637811947e-01  -6.5298637919995062e-01  -7.4741348387783701e-01  -8.2011182382030867e-01  -8.7364191720860129e-01  -9.1162672308613346e-01  -9.3778422559896557e-01  -9.5537165290818193e-01  -9.6697752909112911e-01  -9.7452737517545618e-01  -9.7938730956872644e-01  -9.8249290207197348e-01  -9.8446746605369861e-01  -9.8571692056351012e-01  -9.8650011316150243e-01  -9.8697812965208465e-01  -9.8724727997721229e-01  -9.8735985778231850e-01  -9.8733576982530491e-01  -9.8716684179324443e-01  -9.8681448840014807e-01  -9.8620012745436625e-01  -9.8518649100329048e-01  -9.8354640433233698e-01  -9.8091407423453103e-01  -9.7671232934350827e-01  -9.7004889257862392e-01  -9.5957719695653299e-01  -9.4332703935671769e-01  -9.1853359789141575e-01  -8.8153860800949779e-01  -8.2790495641994311e-01  -7.5294973631357398e-01  -6.5287435835475038e-01  -5.2642339197636434e-01  -3.7649341939524550e-01  -2.1066457417452944e-01  -3.9875203027154638e-02   1.2440838716888103e-01   2.7306569205186126e-01   4.0085229271984185e-01   5.0629191259578565e-01   5.9057642903331931e-01   6.5628465712192674e-01   7.0639352837782665e-01   7.4368885548940544e-01   7.7049189879401503e-01   7.8857665008978073e-01   7.9917836045106239e-01   8.0303117558169679e-01   8.0040160875920696e-01   7.9110240673219434e-01   7.7448205720105490e-01   7.4939309577787483e-01   7.1415231738122686e-01   6.6652236114011720e-01   6.0377127342723313e-01   5.2290373719290906e-01   4.2118890495617850e-01   2.9708634599403205e-01   1.5151096627191979e-01  -1.0969208687915233e-02  -1.8178697581737885e-01  -3.4962420347171752e-01  -5.0316098422847544e-01  -6.3406277295547431e-01  -7.3863510741183158e-01  -8.1756140731856808e-01  -8.7437735735325606e-01  -9.1374770536893468e-01  -9.4022493350528036e-01  -9.5762565969045910e-01  -9.6886458762916750e-01  -9.7603292066897662e-01  -9.8056655108177360e-01  -9.8342014696868696e-01  -9.8521303751082512e-01  -9.8633917745467481e-01  -9.8704497921840295e-01  -9.8748200855031654e-01  -9.8774150092734825e-01  -9.8787616766321540e-01  -9.8791332827821088e-01  -9.8786193413966394e-01  -9.8771503909784031e-01  -9.8744824869393277e-01  -9.8701395595419517e-01  -9.8633024920808110e-01  -9.8526257499187020e-01  -9.8359512890023293e-01  -9.8098800895450999e-01  -9.7691530267325610e-01  -9.7057968432320441e-01  -9.6080192868175907e-01  -9.4589231382431405e-01  -9.2352885179741462e-01  -8.9069913986549398e-01  -8.4380575327800322e-01  -7.7907036233392613e-01  -6.9334577062229319e-01  -5.8528825175065424e-01  -4.5653497493014478e-01  -3.1224911779784048e-01
   1.5098868544538435e-01   3.0104026204972745e-01   4.2891745990511210e-01   5.3352971964462736e-01   6.1648618394757870e-01   6.8070808431834295e-01   7.2940993495931039e-01   7.6552416391345401e-01   7.9145582822885518e-01   8.0902677818493385e-01   8.1950475855149885e-01   8.2365530175157264e-01   8.2178456516308696e-01   8.1375890654367244e-01   7.9899669244716010e-01   7.7643431731060852e-01   7.4447631733041197e-01   7.0095330131936562e-01   6.4313617588791527e-01   5.6789300477365123e-01   4.7211669711657617e-01   3.5355831429214946e-01   2.1208876214121053e-01   5.1093538874726618e-02  -1.2174766466329012e-01  -2.9521674999469399e-01  -4.5711670551637773e-01  -5.9759115148965292e-01  -7.1141958415932183e-01  -7.9825629796448505e-01  -8.6123173340697246e-01  -9.0507236955177062e-01  -9.3462571046675647e-01  -9.5405858581242242e-01  -9.6659721237751517e-01  -9.7457408682829061e-01  -9.7959727584258560e-01  -9.8273784782732010e-01  -9.8469076811671263e-01  -9.8589747056305999e-01  -9.8663290351514021e-01  -9.8706436461414448e-01  -9.8728963790066415e-01  -9.8736041009310782e-01  -9.8729523506611272e-01  -9.8708459409020988e-01  -9.8668925938345542e-01  -9.8603183384888726e-01  -9.8498025453659876e-01  -9.8332081212789757e-01  -9.8071728253313850e-01  -9.7665198488533222e-01  -9.7034512624628722e-01  -9.6065166506497801e-01  -9.4594320466441428e-01  -9.2399906911160912e-01  -8.9195956863102610e-01  -8.4643190951730118e-01  -7.8386850418599807e-01  -7.0131068847905442e-01  -5.9745207071071582e-01  -4.7370974017502177e-01  -3.3474593783793860e-01  -1.8795150736711769e-01  -4.1906775137890082e-02   9.5528787165923182e-02   2.1864270338435010e-01   3.2435426725646310e-01   4.1187713425303663e-01   4.8197955338185328e-01   5.3622401147340737e-01   5.7638307205526895e-01   6.0406806405105795e-01   6.2052701579241365e-01   6.2655018838632970e-01   6.2243301495407799e-01   6.0796600244187504e-01   5.8244062385240636e-01   5.4467886594754167e-01   4.9311343522246304e-01   4.2596590994187078e-01   3.4158455496626444e-01   2.3899327687578081e-01   1.1863596382370922e-01  -1.6848394331436700e-02  -1.6217769110627700e-01  -3.0974602092065884e-01  -4.5091290093431491e-01  -5.7790494922934121e-01  -6.8549614523483959e-01  -7.7172584519173903e-01  -8.3752209070156514e-01  -8.8566881120197549e-01  -9.1970049213124272e-01  -9.4308975338186485e-01  -9.5881052586014603e-01  -9.6919613495780899e-01  -9.7596960997517446e-01  -9.8034854552770512e-01  -9.8316523554649771e-01  -9.8497401940791829e-01  -9.8613635797718224e-01  -9.8688367240526975e-01  -9.8736148940737711e-01  -9.8765932339687068e-01  -9.8783010453247899e-01  -9.8790217289532434e-01  -9.8788580312602725e-01  -9.8777545870763606e-01  -9.8754806452131383e-01  -9.8715687548905284e-01  -9.8651950613300621e-01  -9.8549767026065715e-01  -9.8386468277141415e-01  -9.8125522017352407e-01  -9.7709008804793318e-01  -9.7046810733082189e-01  -9.6001938679312948e-01  -9.4372401178620458e-01  -9.1872451434681990e-01  -8.8120931813594139e-01  -8.2651977628550566e-01  -7.4970821812712274e-01  -6.4675298144968141e-01  -5.1636454591958336e-01  -3.6173860514694900e-01  -1.9109885457975906e-01  -1.6166910390220501e-02
   4.3557196206284016e-01   5.6028842096907294e-01   6.5815084660355572e-01   7.3286007065258585e-01   7.8885773005763715e-01   8.3030011999879050e-01   8.6063364223747929e-01   8.8251948050395035e-01   8.9791343813699065e-01   9.0818985891836301e-01   9.1425745584979268e-01   9.1664736083494558e-01   9.1556835906911838e-01   9.1092941506834801e-01   9.0233012090349873e-01   8.8901886297546384e-01   8.6981816601164796e-01   8.4301958298961022e-01   8.0626052643116952e-01   7.5641970761963195e-01   6.8961509222754003e-01   6.0146288791187641e-01   4.8783309639055777e-01   3.4631646462903043e-01   1.7830156928808660e-01  -9.1700515000073257e-03  -2.0332037925228352e-01  -3.8845454011744240e-01  -5.5075947290319693e-01  -6.8225080350319045e-01  -7.8168023944686538e-01  -8.5271696561151800e-01  -9.0125111820284598e-01  -9.3329857960224127e-01  -9.5392565784909888e-01  -9.6695365400549327e-01  -9.7506974705458382e-01  -9.8007647210737336e-01  -9.8314337087357495e-01  -9.8501078267782216e-01  -9.8613818691541799e-01  -9.8680559022560310e-01  -9.8717983477923443e-01  -9.8735637793537456e-01  -9.8738437537765478e-01  -9.8728041471342287e-01  -9.8703410143875725e-01  -9.8660716778132529e-01  -9.8592644518445849e-01  -9.8487010789282348e-01  -9.8324567777811800e-01  -9.8075779043937461e-01  -9.7696351652641511e-01  -9.7121405740662836e-01  -9.6258433296609036e-01  -9.4979828193947324e-01  -9.3116839172356414e-01  -9.0458455542922256e-01  -8.6760501814538771e-01  -8.1771260723138517e-01  -7.5277740192959197e-01  -6.7169374161295914e-01  -5.7503540627809491e-01  -4.6545176464086746e-01  -3.4754060348511956e-01  -2.2713409982126853e-01  -1.1022883788813881e-01  -1.9748986987985218e-03   9.3932148044117036e-02   1.7536048189925024e-01   2.4147860751982286e-01   2.9232530322470207e-01   3.2837986390730967e-01   3.5021987112215158e-01   3.5828926478539058e-01   3.5276719255658728e-01   3.3352180236015233e-01   3.0014146861990393e-01   2.5204903314531724e-01   1.8871457075170062e-01   1.0997943394200810e-01   1.6477380880750570e-02  -8.9921055989629128e-02  -2.0579590993977515e-01  -3.2620514834255132e-01  -4.4520616177488853e-01  -5.5682246617949760e-01  -6.5614541410134275e-01  -7.4014373428170377e-01  -8.0789870374419370e-01  -8.6027909293412519e-01  -8.9930241003870992e-01  -9.2747373141752842e-01  -9.4728415977248059e-01  -9.6091950950229599e-01  -9.7014584557678007e-01  -9.7630830417282533e-01  -9.8038722054869720e-01  -9.8307298210175542e-01  -9.8483863791624127e-01  -9.8600100051336759e-01  -9.8676807488067331e-01  -9.8727381232640699e-01  -9.8760252838345186e-01  -9.8780529350657376e-01  -9.8791033373250448e-01  -9.8792878878641810e-01  -9.8785665330440431e-01  -9.8767294434053099e-01  -9.8733347153186224e-01  -9.8675851402771786e-01  -9.8581151714237114e-01  -9.8426405411492834e-01  -9.8174010008812929e-01  -9.7762987443998495e-01  -9.7096142492626591e-01  -9.6021876854888333e-01  -9.4310506301245778e-01  -9.1627883559606693e-01  -8.7515858474183772e-01  -8.1400805216303895e-01  -7.2664998817298732e-01  -6.0815778889387428e-01  -4.5745076154712783e-01  -2.7973412591270252e-01  -8.6873884076348329e-02   1.0548686962567122e-01   2.8281068622923444e-01
   6.5428501801099914e-01   7.4395031502805309e-01   8.0992043647241341e-01   8.5776477052862377e-01   8.9220683588379091e-01   9.1690384158410443e-01   9.3454157666345961e-01   9.4702803550882075e-01   9.5568523071848199e-01   9.6140402399183023e-01   9.6475654454546322e-01   9.6607094245546343e-01   9.6547496315221537e-01   9.6291304756196472e-01   9.5813908293058980e-01   9.5068389483064530e-01   9.3979387305930384e-01   9.2433482555753965e-01   9.0265522575894230e-01   8.7240881746087007e-01   8.3035677343408754e-01   7.7221810618366848e-01   6.9273146280091802e-01   5.8622980373720157e-01   4.4812764201363942e-01   2.7750930098564175e-01   8.0109994078753799e-02  -1.3039479781956428e-01  -3.3507836411285574e-01  -5.1604596078987641e-01  -6.6237043481790592e-01  -7.7188805716853048e-01  -8.4890058876524499e-01  -9.0052460971529813e-01  -9.3392273888875077e-01  -9.5497899710989986e-01  -9.6801029682267836e-01  -9.7596948128605709e-01  -9.8078555633348297e-01  -9.8367944289967846e-01  -9.8540635097702534e-01  -9.8642501160610996e-01  -9.8700938285739803e-01  -9.8731956188209369e-01  -9.8744533548875957e-01  -9.8743180277393827e-01  -9.8729326765242442e-01  -9.8701909605316152e-01  -9.8657356325527878e-01  -9.8589042484538503e-01  -9.8486215701445090e-01  -9.8332315438657814e-01  -9.8102601105342524e-01  -9.7761013148461018e-01  -9.7256306767974587e-01  -9.6517713387460202e-01  -9.5450822847866934e-01  -9.3934983474902345e-01  -9.1824381962359003e-01  -8.8955586483965354e-01  -8.5164507143293611e-01  -8.0314190441954902e-01  -7.4330953083928242e-01  -6.7241306008639112e-01  -5.9196891508718585e-01  -5.0474591151347936e-01  -4.1446922777013417e-01  -3.2529894681157928e-01  -2.4124994253240395e-01  -1.6573239024831993e-01  -1.0131795714409642e-01  -4.9732196796747674e-02  -1.2000718172647917e-02   1.1343141822449221e-02   2.0064184436231147e-02   1.4090964384521953e-02  -6.5365685459713996e-03  -4.1630549540332573e-02  -9.0734117680569437e-02  -1.5293438057638248e-01  -2.2665063140800706e-01  -3.0946824537672585e-01  -3.9811028017410327e-01  -4.8862775898341249e-01  -5.7682569558266783e-01  -6.5883833109672008e-01  -7.3168059898562765e-01  -7.9359685994322837e-01  -8.4411260568078650e-01  -8.8381883383791249e-01  -9.1401060517579613e-01  -9.3631392360340882e-01  -9.5238774341281351e-01  -9.6373471095558128e-01  -9.7161123476995537e-01  -9.7700792453725871e-01  -9.8067160409564469e-01  -9.8314554561323009e-01  -9.8481361649672872e-01  -9.8594044350519661e-01  -9.8670455395974399e-01  -9.8722389454066906e-01  -9.8757455166186892e-01  -9.8780377586711410e-01  -9.8793850203899158e-01  -9.8799014637146265e-01  -9.8795615853798768e-01  -9.8781814810825053e-01  -9.8753581071153418e-01  -9.8703478145876045e-01  -9.8618524096112692e-01  -9.8476592154795695e-01  -9.8240538414482170e-01  -9.7848856879661383e-01  -9.7201283964876206e-01  -9.6137605782264479e-01  -9.4408701517419757e-01  -9.1642046166183333e-01  -8.7312238426777911e-01  -8.0743397176475851e-01  -7.1192023857374875e-01  -5.8064930743980159e-01  -4.1268748554512319e-01  -2.1535308827941416e-01  -4.3358806490375601e-03   2.0087499448634133e-01   3.8379343882228334e-01   5.3540498637886236e-01
   8.0148102153145673e-01   8.5998463724677521e-01   9.0108185720301304e-01   9.2983265222668010e-01   9.4995443707698624e-01   9.6406588390306935e-01   9.7396815810168436e-01   9.8088206819324864e-01   9.8562469658588281e-01   9.8873271392054851e-01   9.9054443832916250e-01   9.9125155491000405e-01   9.9092819574262558e-01   9.8954219893275641e-01   9.8695033182687664e-01   9.8287680611531447e-01   9.7687147076450420e-01   9.6824130025489741e-01   9.5594549186757127e-01   9.3844246697604417e-01   9.1347858900394041e-01   8.7782260454766414e-01   8.2699392287728180e-01   7.5513761205965380e-01   6.5538692281525157e-01   5.2127015770984975e-01   3.4966135106593677e-01   1.4481970297504662e-01  -7.8974804967973600e-02  -2.9977481415943519e-01  -4.9575377328736953e-01  -6.5329673558422607e-01  -7.6967227778258396e-01  -8.5007447491083754e-01  -9.0291194393029683e-01  -9.3640426234282370e-01  -9.5709984013334926e-01  -9.6966208270713650e-01  -9.7719318216175632e-01  -9.8166838914377108e-01  -9.8430886647724936e-01  -9.8585386494774596e-01  -9.8674357125459489e-01  -9.8723601899861868e-01  -9.8747932357797219e-01  -9.8755503430736735e-01  -9.8750318292842265e-01  -9.8733575914650706e-01  -9.8704258554007196e-01  -9.8659183664977745e-01  -9.8592621292015403e-01  -9.8495512949043418e-01  -9.8354280090153123e-01  -9.8149214007396490e-01  -9.7852461757916465e-01  -9.7425727877304347e-01  -9.6817956491630119e-01  -9.5963543292474696e-01  -9.4781900008474373e-01  -9.3179616284222022e-01  -9.1056532635988696e-01  -8.8316826907632906e-01  -8.4885430982087740e-01  -8.0727842824350349e-01  -7.5869484490354422e-01  -7.0409166175314253e-01  -6.4520943752736626e-01  -5.8441677033657580e-01  -5.2446583439937766e-01  -4.6819152921113599e-01  -4.1823090603610086e-01  -3.7682114304076997e-01  -3.4569686697701574e-01  -3.2607119257256445e-01  -3.1866415273260718e-01  -3.2373976294536067e-01  -3.4112357660634485e-01  -3.7018953145358702e-01  -4.0982377839587619e-01  -4.5839085243123867e-01  -5.1373997075868783e-01  -5.7328990628190390e-01  -6.3421373477020393e-01  -6.9371022720891840e-01  -7.4930925324197095e-01  -7.9913460827220262e-01  -8.4205473420266963e-01  -8.7768952673782996e-01  -9.0629228900750936e-01  -9.2856089761224125e-01  -9.4543523710833788e-01  -9.5792370940912908e-01  -9.6698205066649678e-01  -9.7344410313938201e-01  -9.7799426757961849e-01  -9.8116858518755379e-01  -9.8337120809039802e-01  -9.8489747206558675e-01  -9.8595746671313322e-01  -9.8669715310991046e-01  -9.8721564901514292e-01  -9.8757858717655256e-01  -9.8782779343998528e-01  -9.8798784003873796e-01  -9.8806978467405282e-01  -9.8807229339144587e-01  -9.8797977821770444e-01  -9.8775669378867215e-01  -9.8733603383469815e-01  -9.8659874664382063e-01  -9.8533838310728439e-01  -9.8320209340856257e-01  -9.7959424050848798e-01  -9.7352341047355784e-01  -9.6336899874458559e-01  -9.4654769745177447e-01  -9.1909024181536469e-01  -8.7523163581116170e-01  -8.0732220043270497e-01  -7.0668073493108197e-01  -5.6618220333550151e-01  -3.8469022335940939e-01  -1.7130533672896142e-01   5.4648968048281822e-02   2.6999915875463898e-01   4.5656811063389724e-01   6.0608272295342736e-01   7.1918259321677525e-01
   8.9214278452316398e-01   9.2821054666031888e-01   9.5273565200791976e-01   9.6945948537651705e-01   9.8092755809830945e-01   9.8883899540346643e-01   9.9431719028651444e-01   9.9810117977689683e-01   1.0006746047419770e+00   1.0023498019396844e+00   1.0033213071346516e+00   1.0036984270646998e+00   1.0035232935716765e+00   1.0027777017632897e+00   1.0013802468722806e+00   9.9917302530768493e-01   9.9589554548370784e-01   9.9114068601050298e-01   9.8428470691659875e-01   9.7437888415467722e-01   9.5998658109021728e-01   9.3894765792862978e-01   9.0806122731236338e-01   8.6271529808258562e-01   7.9659990635221800e-01   7.0186959105962510e-01   5.7045304918925133e-01   3.9731699012337085e-01   1.8551364246675783e-01  -4.9867146107820781e-02  -2.8381713493383010e-01  -4.9090142472978243e-01  -6.5550676451616208e-01  -7.7504593732179683e-01  -8.5599976922753607e-01  -9.0810287270265266e-01  -9.4046142178126502e-01  -9.6007049402842859e-01  -9.7175599172266602e-01  -9.7863981668010624e-01  -9.8266119780294403e-01  -9.8499278829015524e-01  -9.8633041352726702e-01  -9.8708087755780127e-01  -9.8747861595052600e-01  -9.8765601309443718e-01  -9.8768475356442686e-01  -9.8759932414583618e-01  -9.8740959764104019e-01  -9.8710648981795202e-01  -9.8666303546911838e-01  -9.8603201408028607e-01  -9.8514078128467841e-01  -9.8388353214522462e-01  -9.8211140895304827e-01  -9.7962099270414749e-01  -9.7614263128552881e-01  -9.7133073100456668e-01  -9.6476004222370271e-01  -9.5593249036848815e-01  -9.4430105282859034e-01  -9.2931647319866029e-01  -9.1049810189567093e-01  -8.8752831469681115e-01  -8.6035829571592526e-01  -8.2930264174043333e-01  -7.9509940763853737e-01  -7.5891387126868870e-01  -7.2227385500634411e-01  -6.8694348234213565e-01  -6.5476009252346423e-01  -6.2746620896041261e-01  -6.0656378923220311e-01  -5.9320577620394865e-01  -5.8812683971082247e-01  -5.9160660997814984e-01  -6.0345713897771636e-01  -6.2303061960012696e-01  -6.4925024984962387e-01  -6.8067222307032993e-01  -7.1558656037431256e-01  -7.5215708661435321e-01  -7.8858804116534831e-01  -8.2329165345616007e-01  -8.5502445345117351e-01  -8.8296520793637567e-01  -9.0672386657559811e-01  -9.2629025502104412e-01  -9.4194308382412539e-01  -9.5414351948823173e-01  -9.6343703436830841e-01  -9.7037755561652539e-01  -9.7547606211394788e-01  -9.7917295337725418e-01  -9.8182879011287183e-01  -9.8372658231766397e-01  -9.8508099927178105e-01  -9.8605007702814529e-01  -9.8674717313353333e-01  -9.8725157096486760e-01  -9.8761725164748526e-01  -9.8787954582299098e-01  -9.8805982998827047e-01  -9.8816821348565398e-01  -9.8820423871648666e-01  -9.8815506869182790e-01  -9.8799031609927290e-01  -9.8765153800891903e-01  -9.8703320940231443e-01  -9.8594941742807563e-01  -9.8407715430075293e-01  -9.8086144033006362e-01  -9.7536060998730278e-01  -9.6600236998080136e-01  -9.5022043869743422e-01  -9.2396516059308054e-01  -8.8117376577574746e-01  -8.1351666965269120e-01  -7.1114531228115685e-01  -5.6550674147962199e-01  -3.7464048294992863e-01  -1.4865265053311177e-01   9.0014183416495697e-02   3.1458419673729443e-01   5.0500876410535844e-01   6.5348850281779081e-01   7.6242471517122934e-01   8.3922737470050368e-01
   9.4508489577567900e-01   9.6668926181277803e-01   9.8103747244398276e-01   9.9063748167296906e-01   9.9711803768007812e-01   1.0015301421490461e+00   1.0045513676111291e+00   1.0066189152876168e+00   1.0080143774160737e+00   1.0089172789257281e+00   1.0094382449386363e+00   1.0096390144417149e+00   1.0095432631577808e+00   1.0091408025867015e+00   1.0083857799004110e+00   1.0071887846471586e+00   1.0054009044673466e+00   1.0027866512409958e+00   9.9897976524326126e-01   9.9341306287874898e-01   9.8520792549225567e-01   9.7300334248899678e-01   9.5469872554897406e-01   9.2709005839294556e-01   8.8541286592067148e-01   8.2291705348752031e-01   7.3086478894147455e-01   5.9979191619309913e-01   4.2314952104006553e-01   2.0339603292039005e-01  -4.2878886505301139e-02  -2.8729704788898874e-01  -5.0132620108267212e-01  -6.6847267242649655e-01  -7.8729013007409010e-01  -8.6597331933408284e-01  -9.1552597213169262e-01  -9.4568105924792978e-01  -9.6361476473869345e-01  -9.7411732174761290e-01  -9.8020331636392821e-01  -9.8370164900639234e-01  -9.8569562261278021e-01  -9.8681631902798383e-01  -9.8742654627856463e-01  -9.8773218631159909e-01  -9.8784778319143463e-01  -9.8783447465203178e-01  -9.8772119255480084e-01  -9.8751603254047926e-01  -9.8721147707950219e-01  -9.8678589492430224e-01  -9.8620233593623841e-01  -9.8540553979211987e-01  -9.8431742791216326e-01  -9.8283182386043455e-01  -9.8080888023725810e-01  -9.7807069141479630e-01  -9.7439932790278705e-01  -9.6954015429369489e-01  -9.6321251064226843e-01  -9.5513022378632018e-01  -9.4503492897973307e-01  -9.3273964322764358e-01  -9.1817941076117626e-01  -9.0146371991586527e-01  -8.8291816374845311e-01  -8.6310296852841462e-01  -8.4280055522902120e-01  -8.2296947348672367e-01  -8.0466807608767055e-01  -7.8895835631902134e-01  -7.7680424952808913e-01  -7.6897870573281590e-01  -7.6599025771541973e-01  -7.6803573515306367e-01  -7.7498209648700600e-01  -7.8637842391231905e-01  -8.0149745999380151e-01  -8.1940431056060636e-01  -8.3904645278609857e-01  -8.5935509003979527e-01  -8.7934395060879189e-01  -8.9819090029240933e-01  -9.1529077141957327e-01  -9.3027434776976936e-01  -9.4299487975885488e-01  -9.5348950470838978e-01  -9.6192777562522847e-01  -9.6855989753061644e-01  -9.7367105542505705e-01  -9.7754578114471868e-01  -9.8044529169989358e-01  -9.8259516565522276e-01  -9.8418086275827799e-01  -9.8534912335438896e-01  -9.8621213349265691e-01  -9.8685322853924629e-01  -9.8733256954434145e-01  -9.8769235676839373e-01  -9.8796097406684225e-01  -9.8815609758210765e-01  -9.8828642234125619e-01  -9.8835199689632347e-01  -9.8834248448943607e-01  -9.8823263392094618e-01  -9.8797299105783543e-01  -9.8747296885503888e-01  -9.8657065079169526e-01  -9.8498051412255294e-01  -9.8220400805732344e-01  -9.7738019722559377e-01  -9.6904303162931871e-01  -9.5474570555787297e-01  -9.3052597999668918e-01  -8.9026722335366038e-01  -8.2524418505652619e-01  -7.2462352369938055e-01  -5.7823490002861155e-01  -3.8250500747227223e-01  -1.4736223292463652e-01   1.0249206004415146e-01   3.3668419816360934e-01   5.3266956422084899e-01   6.8241926535296060e-01   7.8960206737780636e-01   8.6315063514592061e-01   9.1242637771804191e-01
   9.7507858806929970e-01   9.8787538351049431e-01   9.9622194012572129e-01   1.0017217931442852e+00   1.0053864020626815e+00   1.0078537978796076e+00   1.0095275648169317e+00   1.0106639034674956e+00   1.0114257003147649e+00   1.0119157314253184e+00   1.0121968899173737e+00   1.0123040732183091e+00   1.0122506721852245e+00   1.0120309610364355e+00   1.0116191244817596e+00   1.0109644890562735e+00   1.0099821283752148e+00   1.0085364433858108e+00   1.0064141612378990e+00   1.0032801013225581e+00   9.9860581204318599e-01   9.9155501330615736e-01   9.8080268230287593e-01   9.6425519801224502e-01   9.3863912765159219e-01   8.9895895072919096e-01   8.3794776263430881e-01   7.4594745110754335e-01   6.1222823743843824e-01   4.2918650345528492e-01   1.9961100798330977e-01  -5.7303453129866067e-02  -3.0937627302591109e-01  -5.2581914693572218e-01  -6.9078654392824212e-01  -8.0509327732705471e-01  -8.7895961115943355e-01  -9.2445284682987272e-01  -9.5159031534596950e-01  -9.6744264535210056e-01  -9.7657552547753967e-01  -9.8178663945538114e-01  -9.8473609481878266e-01  -9.8638857313059303e-01  -9.8729672068957863e-01  -9.8777341534336327e-01  -9.8799379501059914e-01  -9.8805399298175489e-01  -9.8800474161806218e-01  -9.8786975807246313e-01  -9.8765575497623370e-01  -9.8735702948758952e-01  -9.8695726918747995e-01  -9.8642914376142454e-01  -9.8573298226585671e-01  -9.8481447146743584e-01  -9.8360250196975452e-01  -9.8200713980640519e-01  -9.7991932918603442e-01  -9.7721247568919767e-01  -9.7374793834986062e-01  -9.6938533127947168e-01  -9.6399737304054334e-01  -9.5749076904471364e-01  -9.4983157572473675e-01  -9.4106976486171812e-01  -9.3136053324868384e-01  -9.2097757371965283e-01  -9.1031255415431822e-01  -8.9985676905140277e-01  -8.9016575731238989e-01  -8.8181026044017841e-01  -8.7532009195431026e-01  -8.7112831443642524e-01  -8.6952399293286953e-01  -8.7061985342950587e-01  -8.7433962630508844e-01  -8.8042646650877554e-01  -8.8847165683760010e-01  -8.9795937380924373e-01  -9.0832156986813706e-01  -9.1899486890559889e-01  -9.2947180886080583e-01  -9.3933935146256498e-01  -9.4830059763427310e-01  -9.5617848065780109e-01  -9.6290488708579103e-01  -9.6850050692051393e-01  -9.7305022601464586e-01  -9.7667728689133027e-01  -9.7952147998872774e-01  -9.8172320701193339e-01  -9.8341215880588329e-01  -9.8470107488323066e-01  -9.8568366731427348e-01  -9.8643465555403043e-01  -9.8701175610702085e-01  -9.8745807197691871e-01  -9.8780482788918622e-01  -9.8807360839749436e-01  -9.8827824202637937e-01  -9.8842571969352844e-01  -9.8851625824517031e-01  -9.8854165037510455e-01  -9.8848143366635988e-01  -9.8829490858911173e-01  -9.8790660774643535e-01  -9.8717986943862246e-01  -9.8587048703675184e-01  -9.8354576536124827e-01  -9.7944646439391836e-01  -9.7225615131295062e-01  -9.5973170653782258e-01  -9.3815018852639009e-01  -9.0158806961768168e-01  -8.4126097159849700e-01  -7.4566066177629953e-01  -6.0296883228853126e-01  -4.0722297270957974e-01  -1.6668265152235617e-01   9.2990377975708804e-02   3.3792468861619274e-01   5.4211620832370278e-01   6.9620861900493092e-01   8.0447330903011682e-01   8.7712304507350347e-01   9.2461914098075337e-01   9.5530255607327474e-01
   9.9177022882142707e-01   9.9934467938857663e-01   1.0042130071953137e+00   1.0073806811170820e+00   1.0094681647879158e+00   1.0108599217788172e+00   1.0117958950384842e+00   1.0124266298846143e+00   1.0128468662014984e+00   1.0131157122668140e+00   1.0132690356184597e+00   1.0133265647461684e+00   1.0132958636892704e+00   1.0131736994049412e+00   1.0129455216862151e+00   1.0125825815015395e+00   1.0120363184600794e+00   1.0112283829552191e+00   1.0100341414955163e+00   1.0082554071572853e+00   1.0055757176080058e+00   1.0014864861549870e+00   9.9516573720894730e-01   9.8528186385303651e-01   9.6968454132994997e-01   9.4493973889647931e-01   9.0569790436004050e-01   8.4402892550604991e-01   7.4924336526840174e-01   6.0943880388151550e-01   4.1655041356503986e-01   1.7496978684603670e-01  -9.2092661354128413e-02  -3.4838838704376557e-01  -5.6225767327209220e-01  -7.2035283457451937e-01  -8.2675609996457777e-01  -8.9375943791517098e-01  -9.3411428050242418e-01  -9.5772735145664378e-01  -9.7128970174495544e-01  -9.7898462366614059e-01  -9.8331167304511125e-01  -9.8572401949360633e-01  -9.8705142121810363e-01  -9.8776213746402464e-01  -9.8811759283756873e-01  -9.8826240996665948e-01  -9.8827501134728346e-01  -9.8819647773500585e-01  -9.8804587917049158e-01  -9.8782891159939412e-01  -9.8754170879539327e-01  -9.8717284255222537e-01  -9.8670334043111141e-01  -9.8610654222211269e-01  -9.8534708887535927e-01  -9.8438068060913564e-01  -9.8315377264903048e-01  -9.8160512086807084e-01  -9.7966839991129606e-01  -9.7727710415119950e-01  -9.7437244687601932e-01  -9.7091317849933123e-01  -9.6688629489402611e-01  -9.6231987891637727e-01  -9.5729377703798235e-01  -9.5194570224198882e-01  -9.4647070366335662e-01  -9.4111358659465560e-01  -9.3615259608006851e-01  -9.3187591547923609e-01  -9.2855304647170045e-01  -9.2640588026429005e-01  -9.2558319511502751e-01  -9.2614325804749131e-01  -9.2804665436705558e-01  -9.3116115450469261e-01  -9.3527721094326410e-01  -9.4013223118668521e-01  -9.4543916953479179e-01  -9.5091561049834095e-01  -9.5630851076797230e-01  -9.6141216256380857e-01  -9.6607761087103849e-01  -9.7021454487576764e-01  -9.7378608868418959e-01  -9.7679857602643994e-01  -9.7928904452863996e-01  -9.8131415665854094e-01  -9.8293994468592594e-01  -9.8423336305942299e-01  -9.8525706578071670e-01  -9.8606635340731474e-01  -9.8670748401859809e-01  -9.8721783616423675e-01  -9.8762635796377674e-01  -9.8795476990573072e-01  -9.8821849922592209e-01  -9.8842769821762078e-01  -9.8858756338389919e-01  -9.8869821057323160e-01  -9.8875315548422360e-01  -9.8873615747568477e-01  -9.8861456205617959e-01  -9.8832721439866988e-01  -9.8776211005347703e-01  -9.8671672710182912e-01  -9.8482749901736533e-01  -9.8144722519862904e-01  -9.7543521450914028e-01  -9.6481047764418038e-01  -9.4620874198971250e-01  -9.1412000203159016e-01  -8.6005266089390409e-01  -7.7225125930098260e-01  -6.3746813599695840e-01  -4.4681081812224721e-01  -2.0526682826134041e-01   6.2367772222772011e-02   3.1922988186417284e-01   5.3475987677586989e-01   6.9678876713666582e-01   8.0928782653762077e-01   8.8348233010839528e-01   9.3099100062928519e-01   9.6098818881596715e-01   9.7985990075654783e-01
   1.0009265405926842e+00   1.0054371122070185e+00   1.0083002297947705e+00   1.0101425861833160e+00   1.0113449146046722e+00   1.0121402244884761e+00   1.0126716474672230e+00   1.0130279766732249e+00   1.0132642367321227e+00   1.0134146902949854e+00   1.0134998223370173e+00   1.0135310508423618e+00   1.0135126021714433e+00   1.0134427664684411e+00   1.0133131506300637e+00   1.0131073909375090e+00   1.0127974075037209e+00   1.0123378309452518e+00   1.0116555842494757e+00   1.0106333281168913e+00   1.0090808030849165e+00   1.0066880200327200e+00   1.0029463788179276e+00   9.9701792399145306e-01   9.8751785021629734e-01   9.7216573583304855e-01   9.4725271433428548e-01   9.0691006034933375e-01   8.4233866805458457e-01   7.4165738278753146e-01   5.9193021406584168e-01   3.8548736606352563e-01   1.3001325145398468e-01  -1.4575779411298495e-01  -4.0182989566934540e-01  -6.0776323349306938e-01  -7.5464242768830514e-01  -8.5043223620030750e-01  -9.0918277019712013e-01  -9.4380485997605001e-01  -9.6369757809042600e-01  -9.7494459303322656e-01  -9.8123546988752930e-01  -9.8472408217435259e-01  -9.8663954457743208e-01  -9.8767269084041787e-01  -9.8820816443558113e-01  -9.8845806871589725e-01  -9.8853854279527154e-01  -9.8851194304325141e-01  -9.8841079680171284e-01  -9.8825024040304643e-01  -9.8803520850462911e-01  -9.8776354027981172e-01  -9.8742793391868156e-01  -9.8701621405322815e-01  -9.8651182326821707e-01  -9.8589351758948562e-01  -9.8513603622765944e-01  -9.8421048616029772e-01  -9.8308617276038335e-01  -9.8173321433501881e-01  -9.8012585698833921e-01  -9.7824716449900506e-01  -9.7609530342850470e-01  -9.7368824321506464e-01  -9.7106828375384924e-01  -9.6830515299433784e-01  -9.6549650890465766e-01  -9.6276373083899980e-01  -9.6024401258671732e-01  -9.5807870906418979e-01  -9.5639993468445106e-01  -9.5531634525975773e-01  -9.5490096758693244e-01  -9.5518236001457557e-01  -9.5614131933216984e-01  -9.5771303416597098e-01  -9.5979496319131974e-01  -9.6225844585169984e-01  -9.6496275168033074e-01  -9.6776883949734516e-01  -9.7055157598948472e-01  -9.7320842755885306e-01  -9.7566426900926073e-01  -9.7787166016362859e-01  -9.7980830581932055e-01  -9.8147291502274969e-01  -9.8288023585975970e-01  -9.8405482816864098e-01  -9.8502614943521605e-01  -9.8582516649890317e-01  -9.8648135082653809e-01  -9.8702089340145926e-01  -9.8746611491160252e-01  -9.8783502497605513e-01  -9.8814164439421459e-01  -9.8839622690478668e-01  -9.8860564480022828e-01  -9.8877340635953992e-01  -9.8889932996324614e-01  -9.8897828850385838e-01  -9.8899757010339095e-01  -9.8893158581717522e-01  -9.8873199080756424e-01  -9.8830949366222343e-01  -9.8750087755931160e-01  -9.8600982140943749e-01  -9.8330188943648977e-01  -9.7842132318613451e-01  -9.6967938776417428e-01  -9.5414742000825026e-01  -9.2689776440467808e-01  -8.8005301574691974e-01  -8.0210618706420123e-01  -6.7887137050192159e-01  -4.9842680266138489e-01  -2.6108579941423299e-01   1.1535672106601946e-02   2.8086932868066727e-01   5.1092053463993770e-01   6.8486373705993453e-01   8.0509785912606779e-01   8.8345969936592794e-01   9.3280381882891406e-01   9.6334652352383277e-01   9.8214382443433268e-01   9.9373303974796512e-01
   1.0058535707236267e+00   1.0085667057255276e+00   1.0102709239034300e+00   1.0113578603291820e+00   1.0120621360672297e+00   1.0125249941863754e+00   1.0128327636678369e+00   1.0130382067084640e+00   1.0131741027032541e+00   1.0132602636208565e+00   1.0133087502584661e+00   1.0133258801365534e+00   1.0133142722584814e+00   1.0132727400565460e+00   1.0131967115024543e+00   1.0130765900843688e+00   1.0128963247050338e+00   1.0126291022398810e+00   1.0122317702533181e+00   1.0116337610196513e+00   1.0107202241098292e+00   1.0093014433629406e+00   1.0070623189447114e+00   1.0034746086311268e+00   9.9765105214977801e-01   9.8809890006003842e-01   9.7231888101215569e-01   9.4618511876482969e-01   9.0309865846459469e-01   8.3313278987320927e-01   7.2304970927665624e-01   5.5918963176224667e-01   3.3558081343658874e-01   6.5328963883490632e-02  -2.1609927272554441e-01  -4.6634576634695363e-01  -6.5893451651526558e-01  -7.9099547334717879e-01  -8.7436754047686704e-01  -9.2419488552857498e-01  -9.5295841579025109e-01  -9.6920764165458806e-01  -9.7826220752952220e-01  -9.8325957637801642e-01  -9.8599350741449765e-01  -9.8747050368262623e-01  -9.8824858853415565e-01  -9.8863458916410707e-01  -9.8879606146604981e-01  -9.8882379291185007e-01  -9.8876633146181181e-01  -9.8864884094655769e-01  -9.8848333100176000e-01  -9.8827406442897225e-01  -9.8802040376487910e-01  -9.8771820610525130e-01  -9.8736053580083094e-01  -9.8693807767486996e-01  -9.8643946083028178e-01  -9.8585186748080422e-01  -9.8516195858459643e-01  -9.8435682437281724e-01  -9.8342640317989871e-01  -9.8236543963109701e-01  -9.8117548979724190e-01  -9.7986792407693291e-01  -9.7846646518649338e-01  -9.7700786079796331e-01  -9.7554138092329601e-01  -9.7412693550816654e-01  -9.7283158258608426e-01  -9.7172410950393895e-01  -9.7086858103657370e-01  -9.7031755153214427e-01  -9.7010627427422058e-01  -9.7024854155673512e-01  -9.7073513442485049e-01  -9.7153483836684806e-01  -9.7259817734554965e-01  -9.7386291864784624e-01  -9.7526079466731774e-01  -9.7672400842404794e-01  -9.7819092463228863e-01  -9.7960992440735195e-01  -9.8094181403696301e-01  -9.8216058767391812e-01  -9.8325285974793164e-01  -9.8421535056782716e-01  -9.8505219657741960e-01  -9.8577283381177194e-01  -9.8638994458538454e-01  -9.8691688313478843e-01  -9.8736680684971267e-01  -9.8775161318526938e-01  -9.8808145790722257e-01  -9.8836450013994281e-01  -9.8860696329193365e-01  -9.8881296065593860e-01  -9.8898456865423645e-01  -9.8912118636132607e-01  -9.8921875142100224e-01  -9.8926735882740868e-01  -9.8924739696289976e-01  -9.8912145033935450e-01  -9.8882016653621507e-01  -9.8821541150877135e-01  -9.8707246939269955e-01  -9.8496288472173676e-01  -9.8111069011016983e-01  -9.7412332559185988e-01  -9.6154021678221246e-01  -9.3911859352805260e-01  -8.9984386091223834e-01  -8.3294335431252220e-01  -7.2399150874332974e-01  -5.5848637519993960e-01  -3.3124756528668509e-01  -5.8201470907641051e-02   2.2273483921292014e-01   4.7000093662529080e-01   6.6006969765625223e-01   7.9196901941608999e-01   8.7744695096429925e-01   9.3061676004730887e-01   9.6298735020581450e-01   9.8252683421449105e-01   9.9431899411854918e-01   1.0014734300427355e+00
   1.0084077624928003e+00   1.0100625310862343e+00   1.0110929849944943e+00   1.0117454433034525e+00   1.0121659380599402e+00   1.0124417073738883e+00   1.0126250961158560e+00   1.0127477857149896e+00   1.0128289945797193e+00   1.0128804807976173e+00   1.0129091651564655e+00   1.0129188971912946e+00   1.0129110747545540e+00   1.0128851813197324e+00   1.0128384060680262e+00   1.0127653082157160e+00   1.0126562897224689e+00   1.0124957099761145e+00   1.0122577359524396e+00   1.0119001260054974e+00   1.0113525213032075e+00   1.0104976249608257e+00   1.0091379579230346e+00   1.0069396162917648e+00   1.0033328895882239e+00   9.9734302793314178e-01   9.8730307867638389e-01   9.7038272487057076e-01   9.4185839690446593e-01   8.9413578995114629e-01   8.1586118827195397e-01   6.9234652833664123e-01   5.0987832802260846e-01   2.6613770171876083e-01  -1.7943452441438135e-02  -2.9990971826824020e-01  -5.3783536178523872e-01  -7.1218308364487060e-01  -8.2693682974037164e-01  -8.9709779140729973e-01  -9.3801299928841320e-01  -9.6118590192142839e-01  -9.7407598018188968e-01  -9.8116361358739002e-01  -9.8502609032224042e-01  -9.8711034576792267e-01  -9.8821594868743601e-01  -9.8878122418509096e-01  -9.8904424765020615e-01  -9.8913425633331364e-01  -9.8912040028159232e-01  -9.8903986860134108e-01  -9.8891166807053033e-01  -9.8874543331053999e-01  -9.8854477178622913e-01  -9.8831032492314341e-01  -9.8804014744796853e-01  -9.8773111799225333e-01  -9.8737869522501642e-01  -9.8697800228175891e-01  -9.8652360309875198e-01  -9.8601121588003315e-01  -9.8543734996878962e-01  -9.8480128599895378e-01  -9.8410608319429727e-01  -9.8335984579643831e-01  -9.8257559062398170e-01  -9.8177273488308625e-01  -9.8097655421719532e-01  -9.8021765299171781e-01  -9.7952927815085844e-01  -9.7894528708542394e-01  -9.7849657464038164e-01  -9.7820861852867280e-01  -9.7809821919321882e-01  -9.7817218180629428e-01  -9.7842599620420723e-01  -9.7884489420693788e-01  -9.7940497272514859e-01  -9.8007628136089664e-01  -9.8082529818755004e-01  -9.8161852958273244e-01  -9.8242477357590396e-01  -9.8321782764854038e-01  -9.8397717022230680e-01  -9.8468852219797209e-01  -9.8534279256945656e-01  -9.8593618530473381e-01  -9.8646892327708779e-01  -9.8694404470875174e-01  -9.8736573016153939e-01  -9.8773941614824334e-01  -9.8807026598532788e-01  -9.8836319086066848e-01  -9.8862219471406387e-01  -9.8885054864615063e-01  -9.8905022075493498e-01  -9.8922213734492781e-01  -9.8936528500505028e-01  -9.8947638895903389e-01  -9.8954774093968290e-01  -9.8956456070208465e-01  -9.8949844837091239e-01  -9.8929677327435317e-01  -9.8886138135192381e-01  -9.8801116961813862e-01  -9.8641200936722151e-01  -9.8345206667817942e-01  -9.7801817232446353e-01  -9.6811079410479373e-01  -9.5020651603275486e-01  -9.1830268990252384e-01  -8.6275712819533701e-01  -7.6967414696100156e-01  -6.2291419161654971e-01  -4.1187860697190926e-01  -1.4467639210145333e-01   1.4482143098441991e-01   4.1076454757271053e-01   6.2110926113279696e-01   7.6908722954425368e-01   8.6512780227311981e-01   9.2444479855051065e-01   9.6009919146453249e-01   9.8126886701418636e-01   9.9380374601378418e-01   1.0012512043694071e+00   1.0057096694205341e+00
   1.0096268043082866e+00   1.0106523105982519e+00   1.0112869117197452e+00   1.0116876939747610e+00   1.0119458080570531e+00   1.0121154299505899e+00   1.0122284133218249e+00   1.0123044082396775e+00   1.0123548561462088e+00   1.0123870334065792e+00   1.0124047968848808e+00   1.0124105808644686e+00   1.0124049898841201e+00   1.0123879074166031e+00   1.0123575423220768e+00   1.0123109026097294e+00   1.0122421932740249e+00   1.0121421960857537e+00   1.0119950666171431e+00   1.0117749796302884e+00   1.0114383941554332e+00   1.0109124888597556e+00   1.0100727252542852e+00   1.0087056084467290e+00   1.0064423115131020e+00   1.0026442679319580e+00   9.9620106523986518e-01   9.8518739954078804e-01   9.6629629775741077e-01   9.3397331572050435e-01   8.7930190789004969e-01   7.8919268752052685e-01   6.4762302394959637e-01   4.4212656753903756e-01   1.7677452039324026e-01  -1.1752231364603477e-01  -3.9283463929517304e-01  -6.1176764114896520e-01  -7.6414093562614560e-01  -8.6044707589599367e-01  -9.1757213701854934e-01  -9.5014419064660061e-01  -9.6827725094563522e-01  -9.7822408759967239e-01  -9.8362650096498783e-01  -9.8653443328997037e-01  -9.8808067456219129e-01  -9.8888296422461230e-01  -9.8927660999371436e-01  -9.8944186645748522e-01  -9.8947607707579399e-01  -9.8943085958657639e-01  -9.8933414659863506e-01  -9.8920017789687775e-01  -9.8903660850892350e-01  -9.8884661412920560e-01  -9.8863161857977244e-01  -9.8839125818296480e-01  -9.8812482686563818e-01  -9.8783081729384192e-01  -9.8750819627175868e-01  -9.8715562084964459e-01  -9.8677326905569351e-01  -9.8636228691945260e-01  -9.8592564495732160e-01  -9.8546832405075890e-01  -9.8499878448908962e-01  -9.8452796325923619e-01  -9.8406956009842961e-01  -9.8363890501692275e-01  -9.8325294014473008e-01  -9.8292834506587279e-01  -9.8268071851560979e-01  -9.8252242940680334e-01  -9.8246197385764944e-01  -9.8250248658895811e-01  -9.8264199591754131e-01  -9.8287307349968989e-01  -9.8318418616201531e-01  -9.8356036205539854e-01  -9.8398519434634790e-01  -9.8444178146777006e-01  -9.8491443621259522e-01  -9.8538902745092116e-01  -9.8585406882700333e-01  -9.8630079912378887e-01  -9.8672373615074616e-01  -9.8711952611450404e-01  -9.8748659778058145e-01  -9.8782476993339152e-01  -9.8813520542559141e-01  -9.8841912024603973e-01  -9.8867810743511186e-01  -9.8891354663933662e-01  -9.8912656337342708e-01  -9.8931770317908119e-01  -9.8948690340479550e-01  -9.8963293833925814e-01  -9.8975297124770489e-01  -9.8984111282907650e-01  -9.8988621639668051e-01  -9.8986722214781309e-01  -9.8974485410061874e-01  -9.8944575339151442e-01  -9.8883334748024032e-01  -9.8765382934805279e-01  -9.8543747783514291e-01  -9.8131999461006791e-01  -9.7372594446871874e-01  -9.5982717261834316e-01  -9.3467768409324892e-01  -8.9001698634509230e-01  -8.1316224013112748e-01  -6.8755751588786518e-01  -4.9823012923189042e-01  -2.4442430887522726e-01   4.7889520668687791e-02   3.3177714314755741e-01   5.6591048709164371e-01   7.3479399761446007e-01   8.4550516427342615e-01   9.1381118540439532e-01   9.5452345330660204e-01   9.7837877634344705e-01   9.9227344615797519e-01   1.0003755927296143e+00   1.0051274142391382e+00   1.0079408726624559e+00
   1.0100889239376809e+00   1.0107369289460968e+00   1.0111370055021096e+00   1.0113892933759057e+00   1.0115525370674996e+00   1.0116605587205088e+00   1.0117337157258526e+00   1.0117834590741968e+00   1.0118171171709480e+00   1.0118385476121690e+00   1.0118505349760434e+00   1.0118540921019621e+00   1.0118500601489768e+00   1.0118379329115448e+00   1.0118170965239566e+00   1.0117853046941365e+00   1.0117395134300788e+00   1.0116737249357792e+00   1.0115788270441768e+00   1.0114385707011506e+00   1.0112262256543167e+00   1.0108950376601755e+00   1.0103657163252968e+00   1.0095001899437352e+00   1.0080585059799647e+00   1.0056179670526806e+00   1.0014356707668144e+00   9.9420187391786774e-01   9.8162032277650602e-01   9.5971476840532199e-01   9.2179782532687826e-01   8.5724439351336934e-01   7.5098806157269760e-01   5.8623736731465625e-01   3.5403082382003193e-01   6.8196886307403282e-02  -2.2950361646404788e-01  -4.8956695138056633e-01  -6.8369731759911534e-01  -8.1205194889197974e-01  -8.9013286745880527e-01  -9.3518885781166050e-01  -9.6037006817749893e-01  -9.7417631769714463e-01  -9.8165547229545713e-01  -9.8567071408301166e-01  -9.8780510737493210e-01  -9.8892079789405118e-01  -9.8948343672700323e-01  -9.8974287158365670e-01  -9.8983299546724468e-01  -9.8982513796250915e-01  -9.8975756473386056e-01  -9.8965052040505563e-01  -9.8951501056272928e-01  -9.8935672104147898e-01  -9.8917886525397292e-01  -9.8898293010646754e-01  -9.8876991871889142e-01  -9.8854021936242975e-01  -9.8829435051476966e-01  -9.8803303221010375e-01  -9.8775737411233699e-01  -9.8746890510498042e-01  -9.8717070031080945e-01  -9.8686668849165682e-01  -9.8656191013002237e-01  -9.8626249304991020e-01  -9.8597619983909079e-01  -9.8571159482697435e-01  -9.8547781120394995e-01  -9.8528349696699569e-01  -9.8513659540558751e-01  -9.8504329965979986e-01  -9.8500790024604856e-01  -9.8503196330505860e-01  -9.8511458540519037e-01  -9.8525207477397225e-01  -9.8543872711511526e-01  -9.8566692239590226e-01  -9.8592819057134407e-01  -9.8621344857912141e-01  -9.8651415456752223e-01  -9.8682248831837160e-01  -9.8713214262949789e-01  -9.8743772343142977e-01  -9.8773506243421805e-01  -9.8802098573748298e-01  -9.8829389864039030e-01  -9.8855253498179263e-01  -9.8879620316166306e-01  -9.8902449696670014e-01  -9.8923737229740816e-01  -9.8943439782724785e-01  -9.8961537001904876e-01  -9.8977935088503088e-01  -9.8992514604919757e-01  -9.9005006096082304e-01  -9.9014974382085097e-01  -9.9021564304907972e-01  -9.9023254202584998e-01  -9.9017144941396529e-01  -9.8997883958948674e-01  -9.8955376169872666e-01  -9.8870811481791943e-01  -9.8708995220533691e-01  -9.8404607066741212e-01  -9.7837003336406958e-01  -9.6786232182282328e-01  -9.4858905636187085e-01  -9.1376091820971861e-01  -8.5238408021261047e-01  -7.4869176156508965e-01  -5.8510287242249448e-01  -3.5251133298925463e-01  -6.5792862966148224e-02   2.3208810870136443e-01   4.9190992880865242e-01   6.8660624325667874e-01   8.1685398046419266e-01   8.9771900816788353e-01   9.4575759570396145e-01   9.7363972271906174e-01   9.8966186595163963e-01   9.9885345759592525e-01   1.0041459853510644e+00   1.0072169008788354e+00   1.0090177489939036e+00
   1.0101191689998197e+00   1.0105372950514271e+00   1.0107958229768319e+00   1.0109600860354289e+00   1.0110677050565011e+00   1.0111399215547741e+00   1.0111895317071227e+00   1.0112237896243821e+00   1.0112473142284559e+00   1.0112625237920643e+00   1.0112710602749846e+00   1.0112735498329641e+00   1.0112704226493467e+00   1.0112614429540907e+00   1.0112461830869286e+00   1.0112234263245548e+00   1.0111912580129325e+00   1.0111461315164523e+00   1.0110821688422851e+00   1.0109892195532169e+00   1.0108501786145316e+00   1.0106356125478688e+00   1.0102942602561318e+00   1.0097359113228475e+00   1.0088015400888659e+00   1.0072096967304542e+00   1.0044588527374021e+00   9.9965374174610455e-01   9.9119911274675121e-01   9.7627299707892312e-01   9.4997209246023395e-01   9.0409045677078748e-01   8.2587832075491996e-01   6.9828422118323497e-01   5.0513962247808131e-01   2.4444891522788442e-01  -5.6962722967564106e-02  -3.4826707077959806e-01  -5.8444294298248189e-01  -7.4985446454564775e-01  -8.5404102761741096e-01  -9.1526787328401449e-01  -9.4975330178358042e-01  -9.6869448864437979e-01  -9.7894128212431097e-01  -9.8442970705137955e-01  -9.8734292919058275e-01  -9.8887069687812401e-01  -9.8965242982198054e-01  -9.9003122834116142e-01  -9.9018889203773341e-01  -9.9022310712144113e-01  -9.9018491898823846e-01  -9.9010248290726544e-01  -9.8999008759590834e-01  -9.8985640368784278e-01  -9.8970550409843661e-01  -9.8954066889285186e-01  -9.8936321531202709e-01  -9.8917503070983126e-01  -9.8897699047841325e-01  -9.8877072937573551e-01  -9.8855749703127482e-01  -9.8833979526040405e-01  -9.8811938207290184e-01  -9.8789945044058425e-01  -9.8768334843652938e-01  -9.8747576862741093e-01  -9.8728091149941988e-01  -9.8710393251257100e-01  -9.8694941708482031e-01  -9.8682253232980721e-01  -9.8672725273675765e-01  -9.8666735076849588e-01  -9.8664476755922936e-01  -9.8666072932079985e-01  -9.8671439194121791e-01  -9.8680414895722568e-01  -9.8692657681053797e-01  -9.8707792916837800e-01  -9.8725330746395035e-01  -9.8744816444915817e-01  -9.8765739800280661e-01  -9.8787659135052297e-01  -9.8810110262250694e-01  -9.8832750810914727e-01  -9.8855273379551656e-01  -9.8877469803759821e-01  -9.8899097655212675e-01  -9.8920019180982632e-01  -9.8940098748803362e-01  -9.8959243447670264e-01  -9.8977329353522003e-01  -9.8994283926181281e-01  -9.9009966400064242e-01  -9.9024250928159008e-01  -9.9036893030071538e-01  -9.9047555753432293e-01  -9.9055594365142507e-01  -9.9059907566730732e-01  -9.9058399957616838e-01  -9.9047220235026101e-01  -9.9019070868524184e-01  -9.8960287892698573e-01  -9.8845119813076032e-01  -9.8625365634647988e-01  -9.8211065574776701e-01  -9.7435991634790220e-01  -9.5997313532381245e-01  -9.3357932061638060e-01  -8.8609477252751734e-01  -8.0347539155479297e-01  -6.6753628635860340e-01  -4.6284236537243095e-01  -1.9187560768728618e-01   1.1216104564176399e-01   3.9659564286015347e-01   6.2131392197054169e-01   7.7663672563879149e-01   8.7455722608720166e-01   9.3289917541004064e-01   9.6658844567269453e-01   9.8575101357180461e-01   9.9659508959654997e-01   1.0027397297354568e+00   1.0062406413247158e+00   1.0082537675435588e+00   1.0094257610677180e+00
   1.0098999427777731e+00   1.0101770331924644e+00   1.0103491190348237e+00   1.0104598610800484e+00   1.0105332228962935e+00   1.0105839479256786e+00   1.0106195090302745e+00   1.0106450892342735e+00   1.0106627712302632e+00   1.0106746770142128e+00   1.0106811670957472e+00   1.0106832856664543e+00   1.0106806964126862e+00   1.0106738785858940e+00   1.0106619731488122e+00   1.0106448055640629e+00   1.0106205989079069e+00   1.0105877402078627e+00   1.0105420827120151e+00   1.0104779053141297e+00   1.0103837049996125e+00   1.0102407067681609e+00   1.0100145440552177e+00   1.0096463148901476e+00   1.0090294896733922e+00   1.0079744322373030e+00   1.0061384998964022e+00   1.0029056073099312e+00   9.9716148591256781e-01   9.8690453628305130e-01   9.6857350035234280e-01   9.3599238537090856e-01   8.7896668089016061e-01   7.8226642411411551e-01   6.2739893550649428e-01   4.0151634723172480e-01   1.1408116279576225e-01  -1.9358040535663046e-01  -4.6700040972073620e-01  -6.7230653898159709e-01  -8.0761368772471742e-01  -8.8919249475151585e-01  -9.3571612007148253e-01  -9.6138474678950581e-01  -9.7527489083247776e-01  -9.8270178007551512e-01  -9.8663776503857881e-01  -9.8870299632488401e-01  -9.8976858845930105e-01  -9.9029879945342358e-01  -9.9054020359943218e-01  -9.9062323430641230e-01  -9.9061709673917298e-01  -9.9055845375359586e-01  -9.9046705149192737e-01  -9.9035358458909650e-01  -9.9022419200735046e-01  -9.9008249148919758e-01  -9.8993099868585355e-01  -9.8977154085120134e-01  -9.8960572434994953e-01  -9.8943527732361636e-01  -9.8926179674607362e-01  -9.8908698351100566e-01  -9.8891314850704215e-01  -9.8874276359417712e-01  -9.8857824415037265e-01  -9.8842225985884147e-01  -9.8827787950521473e-01  -9.8814836808227557e-01  -9.8803686590569539e-01  -9.8794625355671717e-01  -9.8787897019605009e-01  -9.8783696725995718e-01  -9.8782149457832569e-01  -9.8783311153224906e-01  -9.8787152450809557e-01  -9.8793574722991939e-01  -9.8802401755526903e-01  -9.8813407786447738e-01  -9.8826310590485766e-01  -9.8840809184414824e-01  -9.8856583464615921e-01  -9.8873346055930078e-01  -9.8890823602819777e-01  -9.8908769206719960e-01  -9.8926917687840987e-01  -9.8945057270596948e-01  -9.8963011503790099e-01  -9.8980631867834468e-01  -9.8997742241434872e-01  -9.9014227619732753e-01  -9.9029943682644006e-01  -9.9044765844795379e-01  -9.9058526319860996e-01  -9.9071043111664125e-01  -9.9082008457259274e-01  -9.9090975105648305e-01  -9.9097106314452643e-01  -9.9098948012888399e-01  -9.9093725536950727e-01  -9.9076303339506955e-01  -9.9036897094212184e-01  -9.8957105446558058e-01  -9.8802087503266123e-01  -9.8506411723486431e-01  -9.7947639465938185e-01  -9.6899509796022842e-01  -9.4951537903379402e-01  -9.1385083990744986e-01  -8.5021111856606979e-01  -7.4154707570098821e-01  -5.6899807280360082e-01  -3.2388600282054070e-01  -2.5124360879660912e-02   2.7843292470116504e-01   5.3530298949432886e-01   7.2144789097771667e-01   8.4195756422762269e-01   9.1453363765052609e-01   9.5645107294905929e-01   9.8014104632652621e-01   9.9340483997216800e-01   1.0008190839910058e+00   1.0049767162639807e+00   1.0073253457865088e+00   1.0086657421799472e+00   1.0094420995026081e+00
   1.0095364456394516e+00   1.0097244591464176e+00   1.0098427027266073e+00   1.0099203879867160e+00   1.0099733653975140e+00   1.0100108300391248e+00   1.0100377835971388e+00   1.0100574333002084e+00   1.0100714218071098e+00   1.0100808951164952e+00   1.0100863056872103e+00   1.0100880327402584e+00   1.0100861056989463e+00   1.0100805502146299e+00   1.0100711334241295e+00   1.0100574872787853e+00   1.0100388590377496e+00   1.0100139042929246e+00   1.0099802590186515e+00   1.0099337249813367e+00   1.0098672105275674e+00   1.0097681864285355e+00   1.0096145278652966e+00   1.0093660194346161e+00   1.0089507857137650e+00   1.0082389628456785e+00   1.0069951208051975e+00   1.0047895109567413e+00   1.0008391719039551e+00   9.9371709522800966e-01   9.8084226392322593e-01   9.5762002984309424e-01   9.1614726176221606e-01   8.4372268858358979e-01   7.2255658228474373e-01   5.3433247582156596e-01   2.7389877727296258e-01  -3.3431152575425616e-02  -3.3419860267737050e-01  -5.7881917655345116e-01  -7.4933141421197302e-01  -8.5568882621376852e-01  -9.1744107604685610e-01  -9.5178094387643752e-01  -9.7040434603781289e-01  -9.8035503710103922e-01  -9.8562082286825126e-01  -9.8838236460927287e-01  -9.8981322033352725e-01  -9.9053604708995235e-01  -9.9088170481978455e-01  -9.9102323168592243e-01  -9.9105321835128357e-01  -9.9101925004379054e-01  -9.9094791952964445e-01  -9.9085236602801985e-01  -9.9074111259585507e-01  -9.9061802456212422e-01  -9.9048675754607041e-01  -9.9034880198025521e-01  -9.9020668557668690e-01  -9.9006128149670780e-01  -9.8991499747057443e-01  -9.8976907326458485e-01  -9.8962572832417617e-01  -9.8948618565570778e-01  -9.8935325580177702e-01  -9.8922866801345144e-01  -9.8911509766933192e-01  -9.8901402158284635e-01  -9.8892795203607975e-01  -9.8885825003094352e-01  -9.8880706362703497e-01  -9.8877517026063133e-01  -9.8876389030711986e-01  -9.8877308296138655e-01  -9.8880305162519777e-01  -9.8885267007197108e-01  -9.8892128494485343e-01  -9.8900697978997276e-01  -9.8910847835000371e-01  -9.8922347616030681e-01  -9.8935039306776662e-01  -9.8948663028922312e-01  -9.8963032624865355e-01  -9.8977898745824000e-01  -9.8993128627058558e-01  -9.9008512936183790e-01  -9.9023903018300008e-01  -9.9039098139560122e-01  -9.9054003194572149e-01  -9.9068429080928866e-01  -9.9082268629887316e-01  -9.9095336489092789e-01  -9.9107487647251824e-01  -9.9118449668093433e-01  -9.9127902289398906e-01  -9.9135217654312480e-01  -9.9139385279337855e-01  -9.9138441598971516e-01  -9.9128814034550983e-01  -9.9103633403591651e-01  -9.9049975689030423e-01  -9.8943183892493369e-01  -9.8736661198400844e-01  -9.8342365665555298e-01  -9.7595636720131518e-01  -9.6192370944262007e-01  -9.3585401283677827e-01  -8.8834818412296435e-01  -8.0464448492331764e-01  -6.6536307308386111e-01  -4.5400465031690918e-01  -1.7384682289535697e-01   1.3814991176789204e-01   4.2529776879774484e-01   6.4711380545427866e-01   7.9663868292592876e-01   8.8856800395501900e-01   9.4203051782873126e-01   9.7218778507128767e-01   9.8894993833463463e-01   9.9821752389423213e-01   1.0033453992857135e+00   1.0061964143412201e+00   1.0077952643511638e+00   1.0087027736881944e+00   1.0092270192670911e+00
   1.0090877392713387e+00   1.0092191265325576e+00   1.0093036650653731e+00   1.0093598865345044e+00   1.0093995911739853e+00   1.0094281834221910e+00   1.0094499137267305e+00   1.0094658891912731e+00   1.0094779211450096e+00   1.0094858674884279e+00   1.0094908235319002e+00   1.0094922667428694e+00   1.0094910015393699e+00   1.0094863109264360e+00   1.0094787754555627e+00   1.0094674304561657e+00   1.0094524734812320e+00   1.0094323677058950e+00   1.0094063540582490e+00   1.0093711773395069e+00   1.0093228466385187e+00   1.0092521351512085e+00   1.0091445666240841e+00   1.0089723793654892e+00   1.0086872155509015e+00   1.0081983551060922e+00   1.0073420477959323e+00   1.0058155178716754e+00   1.0030633864909817e+00   9.9806092010821479e-01   9.8893191589596707e-01   9.7227019296975103e-01   9.4204386275920315e-01   8.8805926845431749e-01   7.9466138749270843e-01   6.4213210814108468e-01   4.1569028859498525e-01   1.2364913725037924e-01  -1.9098268673291119e-01  -4.7017083178422647e-01  -6.7809587030615526e-01  -8.1348382409584463e-01  -8.9402122809932294e-01  -9.3934186653981999e-01  -9.6403099889239585e-01  -9.7723175700600518e-01  -9.8420955716952985e-01  -9.8786649119845182e-01  -9.8976389604353043e-01  -9.9073157707317794e-01  -9.9120692890707285e-01  -9.9142004074432111e-01  -9.9149144928054667e-01  -9.9148466237152444e-01  -9.9143306751038418e-01  -9.9135463903774013e-01  -9.9125912131977956e-01  -9.9115219014906741e-01  -9.9103731370914616e-01  -9.9091694712759082e-01  -9.9079290787228880e-01  -9.9066704328711186e-01  -9.9054081109169267e-01  -9.9041569520356543e-01  -9.9029349345157669e-01  -9.9017597808584346e-01  -9.9006463158274327e-01  -9.8996098966597068e-01  -9.8986676587761369e-01  -9.8978368200131162e-01  -9.8971330656693901e-01  -9.8965694729360842e-01  -9.8961571017803152e-01  -9.8959040064601411e-01  -9.8958160247663485e-01  -9.8958951754957802e-01  -9.8961410783517656e-01  -9.8965491905367475e-01  -9.8971130212849023e-01  -9.8978219538172996e-01  -9.8986640389049185e-01  -9.8996235450040260e-01  -9.9006853598743771e-01  -9.9018329880934630e-01  -9.9030527646134581e-01  -9.9043276323792873e-01  -9.9056408200945500e-01  -9.9069741677306000e-01  -9.9083158243993374e-01  -9.9096498592746296e-01  -9.9109622452259050e-01  -9.9122376811951629e-01  -9.9134638067769432e-01  -9.9146217825750504e-01  -9.9156945275537178e-01  -9.9166515860981708e-01  -9.9174526064127133e-01  -9.9180203482977680e-01  -9.9182243461922903e-01  -9.9178116271722194e-01  -9.9163150438032110e-01  -9.9128337232392227e-01  -9.9056628537600533e-01  -9.8915389251565544e-01  -9.8642743783020492e-01  -9.8121552496487219e-01  -9.7132729875764445e-01  -9.5273266289600167e-01  -9.1826549133776880e-01  -8.5595171537618420e-01  -7.4809510319250949e-01  -5.7455722182004210e-01  -3.2537699175977641e-01  -1.9984201810378577e-02   2.8967165490310459e-01   5.4915826035470716e-01   7.3432747129528608e-01   8.5202405424641270e-01   9.2153848193072352e-01   9.6089960900482374e-01   9.8270331479452711e-01   9.9466329847457802e-01   1.0012089240143787e+00   1.0047995271135917e+00   1.0067821010280558e+00   1.0078872449519203e+00   1.0085128681837923e+00   1.0088734826520864e+00
   1.0085888778731036e+00   1.0086832613098418e+00   1.0087452594476503e+00   1.0087879908034896e+00   1.0088191560370321e+00   1.0088423355497620e+00   1.0088601294115493e+00   1.0088735447282664e+00   1.0088836622294450e+00   1.0088906380908180e+00   1.0088949568839558e+00   1.0088964932952411e+00   1.0088955011537033e+00   1.0088917757789535e+00   1.0088854252725814e+00   1.0088761573499536e+00   1.0088638236893557e+00   1.0088477731662326e+00   1.0088270677898876e+00   1.0087998093528361e+00   1.0087628743623467e+00   1.0087107048209731e+00   1.0086331449558459e+00   1.0085113997164521e+00   1.0083109959650987e+00   1.0079692278807337e+00   1.0073699369034994e+00   1.0062981197797711e+00   1.0043546401128460e+00   1.0007986880630944e+00   9.9425660651489822e-01   9.8220129151904245e-01   9.6005667152038798e-01   9.1981368820715859e-01   8.4836937390648937e-01   7.2703627174110819e-01   5.3622903307553416e-01   2.7026082189389256e-01  -4.3710971255958131e-02  -3.4872319889959641e-01  -5.9351603834765498e-01  -7.6143047180636581e-01  -8.6449362179212919e-01  -9.2345281609547047e-01  -9.5580671262550276e-01  -9.7314449692810712e-01  -9.8230638320906793e-01  -9.8710436325170881e-01  -9.8959453866081781e-01  -9.9087133061592314e-01  -9.9150870956822457e-01  -9.9180941786975962e-01  -9.9192978830635681e-01  -9.9195341646744650e-01  -9.9192239418306549e-01  -9.9186070673369597e-01  -9.9177963787941059e-01  -9.9168712527571279e-01  -9.9158628186092534e-01  -9.9148077413658986e-01  -9.9137173181859728e-01  -9.9126157434344242e-01  -9.9115105891355959e-01  -9.9104259389119331e-01  -9.9093659952119550e-01  -9.9083519813930510e-01  -9.9073921635482787e-01  -9.9065094356862449e-01  -9.9057093722140521e-01  -9.9050106661571768e-01  -9.9044173531405555e-01  -9.9039466452210445e-01  -9.9036006853099579e-01  -9.9033927977887670e-01  -9.9033208896837610e-01  -9.9033930609558596e-01  -9.9036023645118043e-01  -9.9039515459246652e-01  -9.9044290406210478e-01  -9.9050330808340781e-01  -9.9057489785314479e-01  -9.9065722650614085e-01  -9.9074860328797520e-01  -9.9084821795606648e-01  -9.9095403139446037e-01  -9.9106513354308323e-01  -9.9117980867749744e-01  -9.9129727494115216e-01  -9.9141549495332604e-01  -9.9153356915637147e-01  -9.9164983080402536e-01  -9.9176331007342799e-01  -9.9187207180895443e-01  -9.9197492811611998e-01  -9.9206920497094242e-01  -9.9215214944700403e-01  -9.9221804573280581e-01  -9.9225807523182352e-01  -9.9225474251855716e-01  -9.9217640548603925e-01  -9.9196151929602405e-01  -9.9149372024533700e-01  -9.9054884995661141e-01  -9.8869971259294220e-01  -9.8513085129553990e-01  -9.7830067613411309e-01  -9.6532632147462782e-01  -9.4094483725380651e-01  -8.9595160510219918e-01  -8.1554781790234010e-01  -6.7963805978704639e-01  -4.6994386783339992e-01  -1.8766795731169006e-01   1.3019053695295707e-01   4.2389826773656847e-01   6.4994385452275583e-01   8.0084251098018744e-01   8.9237196578653810e-01   9.4478065477652462e-01   9.7385276662239173e-01   9.8972974895724597e-01   9.9834689180039338e-01   1.0030231376365331e+00   1.0055701051356478e+00   1.0069683778058280e+00   1.0077445653243358e+00   1.0081832270045081e+00   1.0084369618693960e+00
   1.0080595637448357e+00   1.0081299510981498e+00   1.0081768794774955e+00   1.0082104838745964e+00   1.0082350503476143e+00   1.0082544042906225e+00   1.0082692573464054e+00   1.0082812823057852e+00   1.0082900606183713e+00   1.0082966726202285e+00   1.0083004430170133e+00   1.0083022827956729e+00   1.0083014246713466e+00   1.0082986821452864e+00   1.0082932031946621e+00   1.0082856810934346e+00   1.0082750961000593e+00   1.0082619010846934e+00   1.0082446779226191e+00   1.0082231577965923e+00   1.0081943931255750e+00   1.0081552167890777e+00   1.0080975198127218e+00   1.0080092235924005e+00   1.0078654669967591e+00   1.0076223961394564e+00   1.0071959285405927e+00   1.0064324199977015e+00   1.0050413837104695e+00   1.0024824334842461e+00   9.9774190746588642e-01   9.8893662374772329e-01   9.7259750487850538e-01   9.4249777132344126e-01   8.8798306560713225e-01   7.9253968648527173e-01   6.3534680783338149e-01   4.0131423631914764e-01   1.0097316240459803e-01  -2.1831008937476659e-01  -4.9615705952038752e-01  -6.9866804783669634e-01  -8.2789044308049875e-01  -9.0343499723662879e-01  -9.4533083322517064e-01  -9.6787350815291373e-01  -9.7979590795706795e-01  -9.8603552917908543e-01  -9.8927429096909092e-01  -9.9093871640859255e-01  -9.9177865874739890e-01  -9.9218634107950820e-01  -9.9236583100730935e-01  -9.9242375116376402e-01  -9.9241538663878115e-01  -9.9237012779178968e-01  -9.9230326213698983e-01  -9.9222351213954896e-01  -9.9213554964241957e-01  -9.9204265439064498e-01  -9.9194666772195084e-01  -9.9184962997152260e-01  -9.9175263906838340e-01  -9.9165717076169224e-01  -9.9156446810315890e-01  -9.9147612158555676e-01  -9.9139293647036142e-01  -9.9131621091615107e-01  -9.9124688313123765e-01  -9.9118636245183378e-01  -9.9113539971908038e-01  -9.9109505484041960e-01  -9.9106571974025393e-01  -9.9104813951507176e-01  -9.9104238182887316e-01  -9.9104885754010907e-01  -9.9106726468240525e-01  -9.9109765446909792e-01  -9.9113934905157197e-01  -9.9119204257092686e-01  -9.9125466630348413e-01  -9.9132656093770666e-01  -9.9140637692146383e-01  -9.9149340690703780e-01  -9.9158634659285094e-01  -9.9168438964233208e-01  -9.9178580802067773e-01  -9.9188964051063133e-01  -9.9199447057745704e-01  -9.9209948639093282e-01  -9.9220289404777984e-01  -9.9230387620575999e-01  -9.9240055978404951e-01  -9.9249158648748204e-01  -9.9257406733612552e-01  -9.9264471632996776e-01  -9.9269658157219332e-01  -9.9271863852987186e-01  -9.9268863934872276e-01  -9.9256612393503352e-01  -9.9227168087633988e-01  -9.9165487354492388e-01  -9.9042445433437387e-01  -9.8802447331893906e-01  -9.8339121835047916e-01  -9.7451462693227187e-01  -9.5764771814451244e-01  -9.2601972115008147e-01  -8.6806466074613930e-01  -7.6612860993708609e-01  -5.9894851365893875e-01  -3.5366498695389120e-01  -4.6530230458540989e-02   2.7030367676907008e-01   5.3835173283493865e-01   7.2983803330607822e-01   8.5085695692513374e-01   9.2161058133939333e-01   9.6116239746634036e-01   9.8275594514319720e-01   9.9441531475358846e-01   1.0006894278432501e+00   1.0040694168008288e+00   1.0059002360218849e+00   1.0069000834395476e+00   1.0074543749856291e+00   1.0077673099881466e+00   1.0079496442062885e+00
   1.0075127486917592e+00   1.0075660775558755e+00   1.0076024778026900e+00   1.0076296128393831e+00   1.0076501077831104e+00   1.0076666200875271e+00   1.0076793790948571e+00   1.0076897813211614e+00   1.0076974705965100e+00   1.0077033571572676e+00   1.0077068691669004e+00   1.0077086963642004e+00   1.0077082344528265e+00   1.0077060706723830e+00   1.0077016170291593e+00   1.0076953666632229e+00   1.0076866984420549e+00   1.0076758726544306e+00   1.0076619417647281e+00   1.0076444678200838e+00   1.0076215345846300e+00   1.0075909500433045e+00   1.0075474657876322e+00   1.0074820672036315e+00   1.0073770533887487e+00   1.0072007532757510e+00   1.0068928855513117e+00   1.0063408199357020e+00   1.0053322244910667e+00   1.0034677009992352e+00   9.9999414550362875e-01   9.9349778652219467e-01   9.8134349798592191e-01   9.5870730646884850e-01   9.1706711416520104e-01   8.4241529481866861e-01   7.1487604490468515e-01   5.1434448411846012e-01   2.3728614855170477e-01  -8.3763021454716091e-02  -3.8767279005792488e-01  -6.2479672396925334e-01  -7.8331096453872928e-01  -8.7856274190400541e-01  -9.3214893866892390e-01  -9.6116422164032489e-01  -9.7654180698063642e-01  -9.8458923644253138e-01  -9.8876612216013782e-01  -9.9091476677406742e-01  -9.9200644486074618e-01  -9.9254547492386525e-01  -9.9279630819821529e-01  -9.9289401593722970e-01  -9.9291084157189613e-01  -9.9288250314109272e-01  -9.9282970205012211e-01  -9.9276177128379028e-01  -9.9268566598119179e-01  -9.9260382607768838e-01  -9.9251963042145441e-01  -9.9243365133118255e-01  -9.9234836195425979e-01  -9.9226417400767974e-01  -9.9218297188451010e-01  -9.9210491256136013e-01  -9.9203210010697229e-01  -9.9196485084829755e-01  -9.9190487718060649e-01  -9.9185217590744557e-01  -9.9180826288116752e-01  -9.9177310318385925e-01  -9.9174801742385688e-01  -9.9173275384184745e-01  -9.9172828102097099e-01  -9.9173405315235819e-01  -9.9175066712890370e-01  -9.9177728068144355e-01  -9.9181413658181483e-01  -9.9186014534881739e-01  -9.9191529457205863e-01  -9.9197836032498632e-01  -9.9204910431841342e-01  -9.9212602906888125e-01  -9.9220851375171837e-01  -9.9229499575977953e-01  -9.9238506159849793e-01  -9.9247725829786393e-01  -9.9257075322356048e-01  -9.9266396315675121e-01  -9.9275627486498186e-01  -9.9284596467231800e-01  -9.9293192654199680e-01  -9.9301195445918189e-01  -9.9308359975885485e-01  -9.9314207492139761e-01  -9.9317980794717187e-01  -9.9318201680324858e-01  -9.9312158974246600e-01  -9.9294587175646576e-01  -9.9255429962612673e-01  -9.9175230714325657e-01  -9.9016577857502597e-01  -9.8707527816764973e-01  -9.8110720968549292e-01  -9.6966482067760218e-01  -9.4793939337824629e-01  -9.0735914080092073e-01  -8.3374566736839673e-01  -7.0691705816099404e-01  -5.0649516000497230e-01  -2.2908063630106057e-01   9.2213290928699121e-02   3.9600479603012390e-01   6.3308767392161203e-01   7.9204641368442308e-01   8.8816703355605364e-01   9.4276841950149193e-01   9.7272681434796282e-01   9.8887889871303081e-01   9.9752044936394235e-01   1.0021375979660971e+00   1.0046099328838209e+00   1.0059428568204380e+00   1.0066682308796011e+00   1.0070700424853416e+00   1.0072972573585455e+00   1.0074310395312780e+00
   1.0069549517632863e+00   1.0069962117659175e+00   1.0070257180621636e+00   1.0070475131800085e+00   1.0070647717741326e+00   1.0070784395635277e+00   1.0070898668642025e+00   1.0070988638740956e+00   1.0071061761056965e+00   1.0071113340015345e+00   1.0071149846169942e+00   1.0071165921010554e+00   1.0071167768147113e+00   1.0071149446828036e+00   1.0071116887273328e+00   1.0071063279920738e+00   1.0070993952368517e+00   1.0070900682223933e+00   1.0070787596837933e+00   1.0070642968986978e+00   1.0070463881716207e+00   1.0070222575064727e+00   1.0069889895942841e+00   1.0069392291495731e+00   1.0068615315351481e+00   1.0067315187486106e+00   1.0065060431936714e+00   1.0061011633568200e+00   1.0053606728457680e+00   1.0039854884029058e+00   1.0014120373397826e+00   9.9657009881938141e-01   9.8744959287217793e-01   9.7031174318065450e-01   9.3839713875145137e-01   8.8011019560364789e-01   7.7760985775367086e-01   6.0912079325592283e-01   3.6107976272455666e-01   4.9812292189681306e-02  -2.7075363643501116e-01  -5.4003368197150370e-01  -7.3001327201384736e-01  -8.4808870812737491e-01  -9.1575531934137655e-01  -9.5272362878967010e-01  -9.7238447194603872e-01  -9.8268225818364263e-01  -9.8802620476304748e-01  -9.9077728373117235e-01  -9.9217984708382523e-01  -9.9288077001413999e-01  -9.9321733902772358e-01  -9.9336244650815997e-01  -9.9340722033856299e-01  -9.9339736209171969e-01  -9.9335831298393751e-01  -9.9330204241269571e-01  -9.9323660478767894e-01  -9.9316513347317581e-01  -9.9309103578005264e-01  -9.9301532426976602e-01  -9.9294012707698942e-01  -9.9286568916756646e-01  -9.9279408987749074e-01  -9.9272559847566177e-01  -9.9266178238705638e-01  -9.9260265272728110e-01  -9.9254987397670669e-01  -9.9250356720289545e-01  -9.9246519638462005e-01  -9.9243459891923913e-01  -9.9241294316350048e-01  -9.9239985469386438e-01  -9.9239626914391588e-01  -9.9240159278166118e-01  -9.9241650233172041e-01  -9.9244016107748179e-01  -9.9247298324104682e-01  -9.9251387431565175e-01  -9.9256295868640487e-01  -9.9261885716311293e-01  -9.9268148344256191e-01  -9.9274941665255989e-01  -9.9282263257035164e-01  -9.9289957998153910e-01  -9.9297984502607373e-01  -9.9306167415069890e-01  -9.9314494954758492e-01  -9.9322795927568541e-01  -9.9331019327538661e-01  -9.9338975522324546e-01  -9.9346591666046358e-01  -9.9353580482318937e-01  -9.9359707986525458e-01  -9.9364353968105879e-01  -9.9366636432545696e-01  -9.9364655555269721e-01  -9.9355051339345035e-01  -9.9331081521930265e-01  -9.9280014125019045e-01  -9.9176924591812488e-01  -9.8974019574794869e-01  -9.8578995356469501e-01  -9.7815909663835554e-01  -9.6352747179445886e-01  -9.3580050413570925e-01  -8.8431794694996024e-01  -7.9217809706229736e-01  -6.3750289009746886e-01  -4.0364594650921670e-01  -1.0038417498265606e-01   2.2348409030867539e-01   5.0516827336342163e-01   7.0979909862101676e-01   8.3993647483298117e-01   9.1590310316856127e-01   9.5809304089035296e-01   9.8090663810103795e-01   9.9308312586411729e-01   9.9954975680305125e-01   1.0029834616911724e+00   1.0048135820747437e+00   1.0057958691839251e+00   1.0063297023045283e+00   1.0066250131390682e+00   1.0067933428902909e+00   1.0068927069863087e+00
   1.0063908304230575e+00   1.0064229596819472e+00   1.0064468829968347e+00   1.0064647760113534e+00   1.0064797816227018e+00   1.0064914516033838e+00   1.0065015626873188e+00   1.0065091991430082e+00   1.0065157815377197e+00   1.0065202460250400e+00   1.0065237966631979e+00   1.0065253289599798e+00   1.0065259448615249e+00   1.0065245645337184e+00   1.0065222325902077e+00   1.0065178995217796e+00   1.0065125409153146e+00   1.0065050503844686e+00   1.0064961573021773e+00   1.0064844162638102e+00   1.0064700191051033e+00   1.0064507509832030e+00   1.0064250944425999e+00   1.0063871727400713e+00   1.0063286481453437e+00   1.0062314837094020e+00   1.0060640941497712e+00   1.0057634975530916e+00   1.0052129723819370e+00   1.0041872113887600e+00   1.0022596059325144e+00   9.9861473852824767e-01   9.9170901991003435e-01   9.7863841798737328e-01   9.5405741324221160e-01   9.0850510329012590e-01   8.2655305037122140e-01   6.8692692694292590e-01   4.7008526440151838e-01   1.7778510636730260e-01  -1.4886632237681896e-01  -4.4531311856531464e-01  -6.6751685843749509e-01  -8.1127933630957172e-01  -8.9559879734065762e-01  -9.4221662845034149e-01  -9.6713850430181869e-01  -9.8021609021559097e-01  -9.8700331211606729e-01  -9.9049959238080820e-01  -9.9228497208500910e-01  -9.9318477249123971e-01  -9.9362486372733372e-01  -9.9382668431390631e-01  -9.9390312850765294e-01  -9.9391383323402638e-01  -9.9388855963468314e-01  -9.9384408684984871e-01  -9.9378830688375530e-01  -9.9372669377026768e-01  -9.9366153304203519e-01  -9.9359517806805520e-01  -9.9352855993544698e-01  -9.9346342531879150e-01  -9.9340006723452934e-01  -9.9333981629079937e-01  -9.9328322507581646e-01  -9.9323163196701869e-01  -9.9318528102513159e-01  -9.9314514444382485e-01  -9.9311139621260391e-01  -9.9308493308673385e-01  -9.9306585326088981e-01  -9.9305481817355856e-01  -9.9305172330529379e-01  -9.9305694771521891e-01  -9.9307017874722103e-01  -9.9309151731730849e-01  -9.9312045571189111e-01  -9.9315685347013494e-01  -9.9320008505821145e-01  -9.9324985321236259e-01  -9.9330542187042825e-01  -9.9336618663024856e-01  -9.9343114161402180e-01  -9.9349955269952295e-01  -9.9357067927655640e-01  -9.9364378972392908e-01  -9.9371779332750032e-01  -9.9379170435194519e-01  -9.9386465449249506e-01  -9.9393529807290359e-01  -9.9400213919922475e-01  -9.9406281550335840e-01  -9.9411376457725054e-01  -9.9414833478183651e-01  -9.9415483169523922e-01  -9.9411039549006652e-01  -9.9397197333734921e-01  -9.9365534215320062e-01  -9.9299843159572865e-01  -9.9168585987059754e-01  -9.8910910601325175e-01  -9.8409494807268216e-01  -9.7440622305813251e-01  -9.5584340440887450e-01  -9.2078115110544134e-01  -8.5622028894725444e-01  -7.4265671448340620e-01  -5.5796751012949986e-01  -2.9263693378633271e-01   2.7970320681343697e-02   3.4356791698429801e-01   5.9755610265519210e-01   7.7096793150030341e-01   8.7656914614921788e-01   9.3651150551029894e-01   9.6921667042788384e-01   9.8669923905327905e-01   9.9595417397552299e-01   1.0008395644741792e+00   1.0034198484787242e+00   1.0047900104115157e+00   1.0055225356708735e+00   1.0059207083253989e+00   1.0061406808708495e+00   1.0062671881254568e+00   1.0063424205663620e+00
   1.0058221681304220e+00   1.0058481186767678e+00   1.0058675870482416e+00   1.0058825324609362e+00   1.0058947746192819e+00   1.0059047833067907e+00   1.0059133438036238e+00   1.0059203269240100e+00   1.0059260977771873e+00   1.0059304411588079e+00   1.0059336268190868e+00   1.0059354795042768e+00   1.0059361971327119e+00   1.0059356352989610e+00   1.0059339045566071e+00   1.0059308723425013e+00   1.0059265355445901e+00   1.0059207642020453e+00   1.0059134415272020e+00   1.0059043808182719e+00   1.0058930061461977e+00   1.0058782949209917e+00   1.0058580946998881e+00   1.0058290988200334e+00   1.0057844749392015e+00   1.0057115259454070e+00   1.0055854261573831e+00   1.0053600433721512e+00   1.0049458208039073e+00   1.0041726848345549e+00   1.0027134897155707e+00   9.9994341844091261e-01   9.9466777841902820e-01   9.8462331129135738e-01   9.6558097599797388e-01   9.2988392935468955e-01   8.6449438789327482e-01   7.4984401732015649e-01   5.6370867803160651e-01   2.9655674613448790e-01  -2.5833060356134807e-02  -3.4229496222762446e-01  -5.9570198999819401e-01  -7.6746188227987422e-01  -8.7109140259637530e-01  -9.2926370018638371e-01  -9.6058885782486758e-01  -9.7707445342994292e-01  -9.8563719461794674e-01  -9.9004977335877176e-01  -9.9230575733975612e-01  -9.9344844508518149e-01  -9.9401450172829364e-01  -9.9428375994375318e-01  -9.9439730394735071e-01  -9.9443065873927972e-01  -9.9442013507802673e-01  -9.9438725238978731e-01  -9.9434089236582057e-01  -9.9428834136978916e-01  -9.9423133475343894e-01  -9.9417351887755334e-01  -9.9411477933311321e-01  -9.9405752381485701e-01  -9.9400151433068562e-01  -9.9394894420126878e-01  -9.9389912666584534e-01  -9.9385391614444452e-01  -9.9381281474312089e-01  -9.9377769149144746e-01  -9.9374793522581273e-01  -9.9372509737725834e-01  -9.9370839695747848e-01  -9.9369917018945209e-01  -9.9369652581379975e-01  -9.9370158749873816e-01  -9.9371332353792874e-01  -9.9373263138974566e-01  -9.9375832808854803e-01  -9.9379107405674894e-01  -9.9382949660636410e-01  -9.9387399183101899e-01  -9.9392305300059103e-01  -9.9397702994590520e-01  -9.9403451036430568e-01  -9.9409570128043623e-01  -9.9415883628059964e-01  -9.9422390886435985e-01  -9.9428942161599199e-01  -9.9435535710850742e-01  -9.9441975089352974e-01  -9.9448226334787848e-01  -9.9454041786361935e-01  -9.9459240561639639e-01  -9.9463309294893498e-01  -9.9465543002670809e-01  -9.9464390439366202e-01  -9.9457123743815479e-01  -9.9438230224373325e-01  -9.9397265174672078e-01  -9.9313676864791944e-01  -9.9147832124945301e-01  -9.8822702068591362e-01  -9.8190279844191231e-01  -9.6968391823724098e-01  -9.4631359541956306e-01  -9.0238380179236632e-01  -8.2238350428472429e-01  -6.8466625032521289e-01  -4.6897238303987798e-01  -1.7638531871953944e-01   1.5186638089879789e-01   4.5032448336630831e-01   6.7423082545648405e-01   8.1925581480745635e-01   9.0451300282209957e-01   9.5184442337982467e-01   9.7731056929420246e-01   9.9079824832665653e-01   9.9789135190435818e-01   1.0016159721388411e+00   1.0035749394107683e+00   1.0046112956857893e+00   1.0051642589724912e+00   1.0054642808732162e+00   1.0056306647952282e+00   1.0057267538999795e+00   1.0057846073299745e+00
   1.0052513048203762e+00   1.0052722553778213e+00   1.0052874964766494e+00   1.0053002324846050e+00   1.0053102918210362e+00   1.0053192285495538e+00   1.0053261911881062e+00   1.0053324643747923e+00   1.0053371073996586e+00   1.0053412679741234e+00   1.0053439219921199e+00   1.0053461325870801e+00   1.0053468498216622e+00   1.0053471117637245e+00   1.0053458659510914e+00   1.0053441495457642e+00   1.0053408957915757e+00   1.0053370980821716e+00   1.0053315338463062e+00   1.0053249772109276e+00   1.0053159043736859e+00   1.0053047699071569e+00   1.0052891487314537e+00   1.0052674201331870e+00   1.0052331690819565e+00   1.0051780354617992e+00   1.0050823167008660e+00   1.0049117282639788e+00   1.0045968728018904e+00   1.0040083651882141e+00   1.0028929714092996e+00   1.0007682825314925e+00   9.9670332736951828e-01   9.8892549782207173e-01   9.7408272340165403e-01   9.4600090882532362e-01   8.9382014937465781e-01   8.0020759864804147e-01   6.4258514803525246e-01   4.0381337129944017e-01   9.4642962125681296e-02  -2.3326200193911439e-01  -5.1488984033485208e-01  -7.1608079986174233e-01  -8.4162128096561561e-01  -9.1343975693940727e-01  -9.5248586753112396e-01  -9.7312071498761510e-01  -9.8385606224613786e-01  -9.8939013496514894e-01  -9.9222289251138529e-01  -9.9366135112638632e-01  -9.9438094585053138e-01  -9.9473045962671314e-01  -9.9488816446172468e-01  -9.9494662420863411e-01  -9.9495252642038157e-01  -9.9493101286945140e-01  -9.9489427004289910e-01  -9.9484980313005000e-01  -9.9480087421452934e-01  -9.9475025703843001e-01  -9.9469897175017319e-01  -9.9464876991581164e-01  -9.9459977598909499e-01  -9.9455327706676699e-01  -9.9450956066907426e-01  -9.9446990128583013e-01  -9.9443423984667989e-01  -9.9440355482901277e-01  -9.9437772170217109e-01  -9.9435770708599969e-01  -9.9434330292905582e-01  -9.9433531639113237e-01  -9.9433334716008381e-01  -9.9433801674901567e-01  -9.9434873316073347e-01  -9.9436594332766293e-01  -9.9438886992958642e-01  -9.9441781987970335e-01  -9.9445188970407261e-01  -9.9449132128133677e-01  -9.9453507418511145e-01  -9.9458318148372005e-01  -9.9463430026681576e-01  -9.9468842204093899e-01  -9.9474438224708850e-01  -9.9480224209449297e-01  -9.9486038652733866e-01  -9.9491867717522597e-01  -9.9497552006913725e-01  -9.9503036097750097e-01  -9.9508053024268461e-01  -9.9512395877407578e-01  -9.9515453742361648e-01  -9.9516367061169009e-01  -9.9513223750858693e-01  -9.9502640549812538e-01  -9.9477736571441677e-01  -9.9425463876668574e-01  -9.9320056064028117e-01  -9.9111807638533911e-01  -9.8703987757636558e-01  -9.7910953785860844e-01  -9.6379916778600849e-01  -9.3459509650366457e-01  -8.8006639981380941e-01  -7.8215105265632767e-01  -6.1796169707490201e-01  -3.7178530206274868e-01  -5.8175476694134809e-02   2.6798945359559584e-01   5.4304522721500037e-01   7.3696840757118887e-01   8.5715019843082352e-01   9.2582231499913747e-01   9.6327888416975538e-01   9.8321050764803464e-01   9.9368754310877516e-01   9.9916821026758929e-01   1.0020325998353665e+00   1.0035344243603714e+00   1.0043257289510750e+00   1.0047477972864951e+00   1.0049760147947271e+00   1.0051034645330863e+00   1.0051767014585413e+00   1.0052220903896998e+00
   1.0046787830584674e+00   1.0046956921843033e+00   1.0047079207692036e+00   1.0047182994203985e+00   1.0047261771767111e+00   1.0047335049328843e+00   1.0047391924495896e+00   1.0047446787739038e+00   1.0047487140694074e+00   1.0047525714069239e+00   1.0047550623058630e+00   1.0047573878121385e+00   1.0047584173140673e+00   1.0047592680980737e+00   1.0047588426163911e+00   1.0047581597966722e+00   1.0047561322073495e+00   1.0047536890862518e+00   1.0047497870389290e+00   1.0047452757007231e+00   1.0047389404314007e+00   1.0047310029476626e+00   1.0047193796111198e+00   1.0047029887212688e+00   1.0046772558241961e+00   1.0046355053313800e+00   1.0045626628653410e+00   1.0044323988482466e+00   1.0041913584865072e+00   1.0037390625630371e+00   1.0028792097128651e+00   1.0012350979400868e+00   9.9807791713274718e-01   9.9201030022978165e-01   9.8036901067612481e-01   9.5817867395016743e-01   9.1647411197323658e-01   8.4027097831964226e-01   7.0809236283745947e-01   4.9848961473926168e-01   2.0938597593234576e-01  -1.2091359672422664e-01  -4.2588663942998384e-01  -6.5675876482032358e-01  -8.0657187102237005e-01  -8.9427349839139580e-01  -9.4254007795615902e-01  -9.6819418970892845e-01  -9.8157388202055229e-01  -9.8847608602323689e-01  -9.9201284415125068e-01  -9.9381149450491113e-01  -9.9471754447173599e-01  -9.9516342956064630e-01  -9.9537357040929553e-01  -9.9546070341695680e-01  -9.9548490314640814e-01  -9.9547503380545566e-01  -9.9544809294494141e-01  -9.9541114895866267e-01  -9.9536984898684855e-01  -9.9532580282301897e-01  -9.9528157582941590e-01  -9.9523720901743884e-01  -9.9519470862697790e-01  -9.9515389301241219e-01  -9.9511611782571918e-01  -9.9508100409676392e-01  -9.9504996750446417e-01  -9.9502275347198166e-01  -9.9500055292720047e-01  -9.9498293583071706e-01  -9.9497086053837902e-01  -9.9496383040563663e-01  -9.9496263786528949e-01  -9.9496671392227798e-01  -9.9497666109764871e-01  -9.9499182096102556e-01  -9.9501260008872605e-01  -9.9503823567678074e-01  -9.9506890245719448e-01  -9.9510370106399160e-01  -9.9514262264708797e-01  -9.9518482542097686e-01  -9.9523032023926272e-01  -9.9527821499154701e-01  -9.9532810136221606e-01  -9.9537895608609694e-01  -9.9543052504415463e-01  -9.9548179898896660e-01  -9.9553187775782792e-01  -9.9557930611354528e-01  -9.9562219799103291e-01  -9.9565694516615988e-01  -9.9567743130900255e-01  -9.9567195395841668e-01  -9.9561819563341913e-01  -9.9547299313864712e-01  -9.9515216137605311e-01  -9.9449185340130475e-01  -9.9317216128211461e-01  -9.9057106913204440e-01  -9.8548270325807363e-01  -9.7559167041154127e-01  -9.5652516729779036e-01  -9.2029716707681819e-01  -8.5324839104665129e-01  -7.3493398068368998e-01  -5.4264038277303206e-01  -2.6822668828719837e-01   5.8710734539175080e-02   3.7406696874634660e-01   6.2211032983007808e-01   7.8780380481002754e-01   8.8680338820316074e-01   9.4209259003124535e-01   9.7182840686610283e-01   9.8751245624035999e-01   9.9570621804294279e-01   9.9997348586637447e-01   1.0021947961179083e+00   1.0033561384144691e+00   1.0039659255835585e+00   1.0042909488295295e+00   1.0044660861817531e+00   1.0045643962659818e+00   1.0046208298840142e+00   1.0046561604663367e+00
   1.0041058291233678e+00   1.0041185413387186e+00   1.0041280953549203e+00   1.0041359917192674e+00   1.0041425963250283e+00   1.0041483141423067e+00   1.0041531353694406e+00   1.0041573187454051e+00   1.0041608729775633e+00   1.0041639396136919e+00   1.0041665007969156e+00   1.0041685874806430e+00   1.0041701979025548e+00   1.0041712911345233e+00   1.0041719115247303e+00   1.0041719620550742e+00   1.0041715419404458e+00   1.0041704573838324e+00   1.0041687612377850e+00   1.0041660151112324e+00   1.0041621798512756e+00   1.0041566127138131e+00   1.0041489187794508e+00   1.0041370635892493e+00   1.0041183362538457e+00   1.0040866669094555e+00   1.0040316824409214e+00   1.0039315377256999e+00   1.0037460817808108e+00   1.0033955780184878e+00   1.0027277265692138e+00   1.0014451425728759e+00   9.9897480283560069e-01   9.9420791284323085e-01   9.8502222688124141e-01   9.6740431500540081e-01   9.3399175669913570e-01   8.7203540442002825e-01   7.6194556393460233e-01   5.8054052017313462e-01   3.1600655914605896e-01  -8.0951271691147575e-03  -3.2997705820785722e-01  -5.8935685414834627e-01  -7.6534828062826421e-01  -8.7124761746104828e-01  -9.3041712191810733e-01  -9.6210489377872932e-01  -9.7868760209676497e-01  -9.8725407309992541e-01  -9.9164716526668850e-01  -9.9388456936651037e-01  -9.9501625996624554e-01  -9.9557883466861630e-01  -9.9585093814711789e-01  -9.9597187406136523e-01  -9.9601620396115642e-01  -9.9601914069100550e-01  -9.9600181786695829e-01  -9.9597244120579076e-01  -9.9593821873198529e-01  -9.9590030239147120e-01  -9.9586228240188157e-01  -9.9582375198084816e-01  -9.9578697429489349e-01  -9.9575104476920440e-01  -9.9571821224226142e-01  -9.9568758283975878e-01  -9.9566096735017384e-01  -9.9563727839245442e-01  -9.9561822521915533e-01  -9.9560279231609294e-01  -9.9559256788645611e-01  -9.9558645654284006e-01  -9.9558584260655181e-01  -9.9558952890627794e-01  -9.9559871268441258e-01  -9.9561209880136792e-01  -9.9563071107569046e-01  -9.9565317702305189e-01  -9.9568040657256218e-01  -9.9571100491675490e-01  -9.9574575983491176e-01  -9.9578310200856301e-01  -9.9582354512773152e-01  -9.9586548665815045e-01  -9.9590962255627891e-01  -9.9595438594250685e-01  -9.9600002874192062e-01  -9.9604469140091201e-01  -9.9608856194331752e-01  -9.9612906937262047e-01  -9.9616491861771583e-01  -9.9619101289185963e-01  -9.9620089647835519e-01  -9.9617925521187667e-01  -9.9609973903900872e-01  -9.9590782255555044e-01  -9.9550053342233236e-01  -9.9467319501127949e-01  -9.9303001259354839e-01  -9.8979645045581877e-01  -9.8347693316690743e-01  -9.7120204535274568e-01  -9.4759519577369455e-01  -9.0297725361351522e-01  -8.2132148355975199e-01  -6.8025905971284395e-01  -4.5919438384937095e-01  -1.6053527966927217e-01   1.7133384820399866e-01   4.6888275269061003e-01   6.8859667382434075e-01   8.2873849262078092e-01   9.0999156934588932e-01   9.5454178418114044e-01   9.7823521197737140e-01   9.9064276019019704e-01   9.9709297055452972e-01   1.0004388021112696e+00   1.0021751468842663e+00   1.0030798191728538e+00   1.0035539584854405e+00   1.0038056175127072e+00   1.0039414314466970e+00   1.0040170991093358e+00   1.0040608280778858e+00   1.0040879867984220e+00
   1.0035319339881545e+00   1.0035410923899319e+00   1.0035486591248672e+00   1.0035540284731366e+00   1.0035590395991010e+00   1.0035627706051988e+00   1.0035667171710458e+00   1.0035696996402566e+00   1.0035729930692643e+00   1.0035753830198981e+00   1.0035781120874889e+00   1.0035799888939614e+00   1.0035822281219939e+00   1.0035836315494460e+00   1.0035853732774789e+00   1.0035862194267491e+00   1.0035872964750971e+00   1.0035873374928532e+00   1.0035874878822486e+00   1.0035864814404918e+00   1.0035853528655707e+00   1.0035823953852778e+00   1.0035780750477701e+00   1.0035699663176316e+00   1.0035571768555831e+00   1.0035338078916018e+00   1.0034925923602998e+00   1.0034156801924117e+00   1.0032724592689946e+00   1.0029992285720823e+00   1.0024769414843617e+00   1.0014693855140893e+00   9.9952309153629815e-01   9.9575393403806667e-01   9.8846387958908000e-01   9.7441075247300046e-01   9.4756354697781364e-01   8.9719039662158795e-01   8.0591629037186041e-01   6.5063700000170244e-01   4.1298750510849119e-01   1.0247961329000704e-01  -2.2885949540295092e-01  -5.1402772753717163e-01  -7.1741050685995156e-01  -8.4380141270943354e-01  -9.1573215135548303e-01  -9.5462708434680643e-01  -9.7507367196927419e-01  -9.8565887141864894e-01  -9.9109165375697683e-01  -9.9386291578922126e-01  -9.9526768271066868e-01  -9.9597182828606379e-01  -9.9631748566282519e-01  -9.9647872420338957e-01  -9.9654548835173040e-01  -9.9656288959815897e-01  -9.9655509608159609e-01  -9.9653367923419944e-01  -9.9650567139420221e-01  -9.9647408376161972e-01  -9.9644142533387348e-01  -9.9640829944526355e-01  -9.9637633824220595e-01  -9.9634562907122748e-01  -9.9631713046648485e-01  -9.9629065554104013e-01  -9.9626727600057841e-01  -9.9624685123280410e-01  -9.9623028776248868e-01  -9.9621723305170562e-01  -9.9620845599302277e-01  -9.9620351252236650e-01  -9.9620309984152366e-01  -9.9620667121702988e-01  -9.9621483034306846e-01  -9.9622690841864592e-01  -9.9624341434505392e-01  -9.9626353807996992e-01  -9.9628766380668543e-01  -9.9631480150667384e-01  -9.9634525930183104e-01  -9.9637803688168958e-01  -9.9641355730476000e-01  -9.9645068377422386e-01  -9.9648953065849044e-01  -9.9652871811431887e-01  -9.9656858675543103e-01  -9.9660757404598910e-01  -9.9664535983743163e-01  -9.9667950015377405e-01  -9.9670826439091531e-01  -9.9672576361965581e-01  -9.9672399666433120e-01  -9.9668442967128013e-01  -9.9657450465221753e-01  -9.9632714424209901e-01  -9.9581506099510497e-01  -9.9478522409970227e-01  -9.9274783918492093e-01  -9.8874456187498638e-01  -9.8092736138687031e-01  -9.6576428104566758e-01  -9.3669587953662581e-01  -8.8213715697151307e-01  -7.8366656051898975e-01  -6.1782123641878384e-01  -3.6853126584085449e-01  -5.1173710865434874e-02   2.7733967766722900e-01   5.5212785729971869e-01   7.4393659632083153e-01   8.6158339099389247e-01   9.2813731452011505e-01   9.6409070220266113e-01   9.8304215274624529e-01   9.9290800653570532e-01   9.9801675189804295e-01   1.0006569617872978e+00   1.0020239542438569e+00   1.0027332367165307e+00   1.0031046490001174e+00   1.0033003502455045e+00   1.0034061915785901e+00   1.0034641637007093e+00   1.0034981991629497e+00   1.0035182627305783e+00
   1.0029576589741052e+00   1.0029635366536795e+00   1.0029685038472194e+00   1.0029717555270776e+00   1.0029752811645634e+00   1.0029776553468526e+00   1.0029804817791272e+00   1.0029824040378126e+00   1.0029849450654005e+00   1.0029867888060000e+00   1.0029893128872585e+00   1.0029912177036870e+00   1.0029937699755715e+00   1.0029957129989513e+00   1.0029982345355215e+00   1.0030001363166932e+00   1.0030025428096117e+00   1.0030042821818719e+00   1.0030063268633551e+00   1.0030074071138957e+00   1.0030083377260035e+00   1.0030078831618849e+00   1.0030066077782445e+00   1.0030024597195297e+00   1.0029944021882249e+00   1.0029780855830224e+00   1.0029477435344472e+00   1.0028892956692408e+00   1.0027783670980408e+00   1.0025648525777542e+00   1.0021538328266815e+00   1.0013578681285795e+00   9.9981468838458820e-01   9.9681737739816745e-01   9.9100046568963573e-01   9.7974121704464079e-01   9.5810260332987118e-01   9.1711670486699892e-01   8.4166584569341607e-01   7.0987322900511085e-01   4.9962471104166273e-01   2.0845880033069475e-01  -1.2452829996271986e-01  -4.3125434716630684e-01  -6.6231280018987904e-01  -8.1133763689929994e-01  -8.9804348903919673e-01  -9.4549195276482756e-01  -9.7058313761258552e-01  -9.8361055246670337e-01  -9.9030482138960130e-01  -9.9372455856272024e-01  -9.9546066077154105e-01  -9.9633622678168809e-01  -9.9677018045538646e-01  -9.9697933324467680e-01  -9.9707191246653304e-01  -9.9710560130887460e-01  -9.9710773079697756e-01  -9.9709452930348241e-01  -9.9707249367977313e-01  -9.9704689843266525e-01  -9.9701900578485847e-01  -9.9699136203219518e-01  -9.9696362146645279e-01  -9.9693743756940201e-01  -9.9691249758259504e-01  -9.9689022530061178e-01  -9.9686999520906250e-01  -9.9685291615963445e-01  -9.9683841898030090e-01  -9.9682757209901252e-01  -9.9681981981647716e-01  -9.9681605375002291e-01  -9.9681565341853162e-01  -9.9681933178092841e-01  -9.9682641877719114e-01  -9.9683746032213427e-01  -9.9685174329244164e-01  -9.9686966849650460e-01  -9.9689052820018054e-01  -9.9691462903722261e-01  -9.9694125186699645e-01  -9.9697046189279737e-01  -9.9700137647898890e-01  -9.9703395041215492e-01  -9.9706755939536673e-01  -9.9710208807829814e-01  -9.9713651589486552e-01  -9.9717026437822853e-01  -9.9720214649855166e-01  -9.9723043895487307e-01  -9.9725184744863882e-01  -9.9726067249554640e-01  -9.9724582749258084e-01  -9.9718601695963283e-01  -9.9703986609169659e-01  -9.9672627272466441e-01  -9.9608688870959983e-01  -9.9481126849217583e-01  -9.9229359301236797e-01  -9.8735430773803234e-01  -9.7771825496914255e-01  -9.5906580626009807e-01  -9.2345949044312281e-01  -8.5722063250288938e-01  -7.3967763200267667e-01  -5.4753727138817121e-01  -2.7195383952355462e-01   5.7389884180814699e-02   3.7507571598848111e-01   6.2417116028788167e-01   7.8966835049168049e-01   8.8789496404514012e-01   9.4235905010649357e-01   9.7143200679264152e-01   9.8664708954712410e-01   9.9452983124387584e-01   9.9859811896935635e-01   1.0006939310080465e+00   1.0017764514739136e+00   1.0023359471601065e+00   1.0026281973854525e+00   1.0027809510780195e+00   1.0028633278976755e+00   1.0029074893578027e+00   1.0029331618608046e+00   1.0029477186230988e+00
   1.0023823746435749e+00   1.0023858180863274e+00   1.0023882706221101e+00   1.0023897522374987e+00   1.0023910148705215e+00   1.0023920062742537e+00   1.0023932491072514e+00   1.0023945251456501e+00   1.0023961388187328e+00   1.0023978698981730e+00   1.0023999560866144e+00   1.0024022314836900e+00   1.0024048612733412e+00   1.0024077122164419e+00   1.0024108533309346e+00   1.0024141651848757e+00   1.0024176022766156e+00   1.0024210783510270e+00   1.0024244971004999e+00   1.0024278781454010e+00   1.0024309682880999e+00   1.0024335389048185e+00   1.0024348227995981e+00   1.0024343241625902e+00   1.0024304082948312e+00   1.0024204900710154e+00   1.0023987370475649e+00   1.0023553186469019e+00   1.0022695264320773e+00   1.0021026923632317e+00   1.0017777123078329e+00   1.0011460535507315e+00   9.9991574345164902e-01   9.9752021149636660e-01   9.9285618817702048e-01   9.8379867948374333e-01   9.6630544291819709e-01   9.3291944548932826e-01   8.7066423715626839e-01   7.5953301050373323e-01   5.7587772888248900e-01   3.0800117172111324e-01  -1.9120515455882892e-02  -3.4186612413434897e-01  -5.9974848675700543e-01  -7.7323509887040454e-01  -8.7684602644575005e-01  -9.3437934445800552e-01  -9.6503502150821763e-01  -9.8101097289005212e-01  -9.8923551377098240e-01  -9.9344229820964214e-01  -9.9558147861302659e-01  -9.9666438476756336e-01  -9.9720539676528919e-01  -9.9747132727357479e-01  -9.9759458966057246e-01  -9.9764636286090858e-01  -9.9765963599692853e-01  -9.9765464140064786e-01  -9.9763866258892397e-01  -9.9761876095651492e-01  -9.9759558067049048e-01  -9.9757250543415055e-01  -9.9754884862093651e-01  -9.9752704286168115e-01  -9.9750569561455904e-01  -9.9748682546295198e-01  -9.9746922166651564e-01  -9.9745483941831170e-01  -9.9744237355241161e-01  -9.9743351275983239e-01  -9.9742690725116301e-01  -9.9742412293379057e-01  -9.9742381733998076e-01  -9.9742742964786624e-01  -9.9743359124008235e-01  -9.9744360658370324e-01  -9.9745607004477055e-01  -9.9747214345446933e-01  -9.9749034466725928e-01  -9.9751166524922741e-01  -9.9753457926025624e-01  -9.9756007599910002e-01  -9.9758674671341385e-01  -9.9761545628833836e-01  -9.9764447377395182e-01  -9.9767442809498708e-01  -9.9770372419337616e-01  -9.9773274151343416e-01  -9.9775895164263706e-01  -9.9778148397015098e-01  -9.9779546300995303e-01  -9.9779499592987386e-01  -9.9776551480533182e-01  -9.9768214367797314e-01  -9.9749283017806900e-01  -9.9709929927770768e-01  -9.9630529173901416e-01  -9.9473046950231347e-01  -9.9162782368518776e-01  -9.8555000492388778e-01  -9.7370809256728730e-01  -9.5084960386861095e-01  -9.0745503089659452e-01  -8.2761413347060464e-01  -6.8879369280193004e-01  -4.6959575248239521e-01  -1.7109625068173584e-01   1.6288444089459408e-01   4.6358927710576592e-01   6.8582077101001104e-01   8.2727816335498749e-01   9.0896715554439178e-01   9.5352661944549111e-01   9.7708566505702710e-01   9.8934301035871453e-01   9.9566919349215144e-01   9.9892407182903431e-01   1.0005967521019850e+00   1.0014578245875274e+00   1.0019016246552457e+00   1.0021318189144417e+00   1.0022515246110202e+00   1.0023147168928890e+00   1.0023481629961937e+00   1.0023665830619444e+00   1.0023765101046254e+00
   1.0018068325295102e+00   1.0018077455521606e+00   1.0018071612776192e+00   1.0018069449760112e+00   1.0018061920757870e+00   1.0018061836540380e+00   1.0018058297920061e+00   1.0018063917054871e+00   1.0018068266541276e+00   1.0018083455639473e+00   1.0018098564982374e+00   1.0018124970902977e+00   1.0018151354064759e+00   1.0018188712674214e+00   1.0018225500699405e+00   1.0018272649166833e+00   1.0018318450677191e+00   1.0018373641641143e+00   1.0018425396026622e+00   1.0018483261551991e+00   1.0018533319869547e+00   1.0018585938354017e+00   1.0018626042719792e+00   1.0018658440471004e+00   1.0018656751437602e+00   1.0018612428432847e+00   1.0018469347677019e+00   1.0018157217241701e+00   1.0017500382163498e+00   1.0016199719630292e+00   1.0013624954132863e+00   1.0008593578433702e+00   9.9987425157074084e-01   9.9795118135877592e-01   9.9419599644172607e-01   9.8688305879737204e-01   9.7270209684343789e-01   9.4547185301141590e-01   8.9416429234846229e-01   8.0092749109478656e-01   6.4218594850725186e-01   3.9983398825634098e-01   8.5247653789968458e-02  -2.4702587930046982e-01  -5.2959890639787000e-01  -7.2886840226050620e-01  -8.5156574659813933e-01  -9.2090803219633321e-01  -9.5820804245787006e-01  -9.7773922187874474e-01  -9.8781980254014656e-01  -9.9298251178757757e-01  -9.9561275739081989e-01  -9.9694705116323767e-01  -9.9761841448356448e-01  -9.9795204277652794e-01  -9.9811221506920711e-01  -9.9818435653195148e-01  -9.9821047374374616e-01  -9.9821368874271965e-01  -9.9820439303346431e-01  -9.9818942855289505e-01  -9.9817111838159867e-01  -9.9815223539432341e-01  -9.9813271453211583e-01  -9.9811416574098788e-01  -9.9809631432918788e-01  -9.9808048567697094e-01  -9.9806599422391240e-01  -9.9805391349494099e-01  -9.9804357535941646e-01  -9.9803607689446294e-01  -9.9803071480916872e-01  -9.9802847994494792e-01  -9.9802856634036352e-01  -9.9803187074534949e-01  -9.9803750093816479e-01  -9.9804627682191960e-01  -9.9805721992066010e-01  -9.9807109828356522e-01  -9.9808688353317976e-01  -9.9810534401745776e-01  -9.9812537189074124e-01  -9.9814759929604258e-01  -9.9817067734556597e-01  -9.9819523242598507e-01  -9.9822005200863018e-01  -9.9824577512514312e-01  -9.9827060778357579e-01  -9.9829472496874727e-01  -9.9831575052214971e-01  -9.9833234237089175e-01  -9.9833879846395823e-01  -9.9832793415450161e-01  -9.9828201665105265e-01  -9.9817056356602840e-01  -9.9792972639562771e-01  -9.9743889114377116e-01  -9.9645689939848803e-01  -9.9451673376061089e-01  -9.9070129542230490e-01  -9.8323754381205575e-01  -9.6872256179731364e-01  -9.4080447392715372e-01  -8.8817843682662367e-01  -7.9265255927731804e-01  -6.3053952840756389e-01  -3.8449669051672919e-01  -6.7822363744955427e-02   2.6339116304964660e-01   5.4254007465506005e-01   7.3812004412627963e-01   8.5811473459046628e-01   9.2585252643960059e-01   9.6231261619681474e-01   9.8144216717347854e-01   9.9134695259508587e-01   9.9644361165778239e-01   9.9905809051722239e-01   1.0003991293556942e+00   1.0010863831572563e+00   1.0014397930093668e+00   1.0016209035654966e+00   1.0017145428457590e+00   1.0017621129927894e+00   1.0017868057543133e+00   1.0017985600276358e+00   1.0018046791509234e+00
   1.0012305229757306e+00   1.0012289140234598e+00   1.0012259486455370e+00   1.0012237297901063e+00   1.0012207824411004e+00   1.0012190993695063e+00   1.0012172123801595e+00   1.0012168400537667e+00   1.0012164482389700e+00   1.0012176129544277e+00   1.0012188557173785e+00   1.0012216714738826e+00   1.0012246246697076e+00   1.0012291141482415e+00   1.0012337179019075e+00   1.0012397228018703e+00   1.0012456985955616e+00   1.0012528439937336e+00   1.0012597909367442e+00   1.0012677394965794e+00   1.0012753031377222e+00   1.0012833665886660e+00   1.0012902382080473e+00   1.0012966059191468e+00   1.0013003991373308e+00   1.0013008248588133e+00   1.0012931417889461e+00   1.0012719035193560e+00   1.0012228779406409e+00   1.0011218826736528e+00   1.0009182382068740e+00   1.0005162841211201e+00   9.9972522003461184e-01   9.9817552823749822e-01   9.9514188425781580e-01   9.8921875284387484e-01   9.7769579506431925e-01   9.5545897171348937e-01   9.1320742599364335e-01   8.3529615628603282e-01   6.9929234443546995e-01   4.8323288214985743e-01   1.8662930122388982e-01  -1.4818498891638937e-01  -4.5198335846401433e-01  -6.7763657835173008e-01  -8.2155723778958656e-01  -9.0462425569120597e-01  -9.4983069409019394e-01  -9.7364537956354513e-01  -9.8597725000831027e-01  -9.9230324170888884e-01  -9.9553229554688238e-01  -9.9717288041085117e-01  -9.9800304527986339e-01  -9.9841841791987229e-01  -9.9862297209180406e-01  -9.9871876133726678e-01  -9.9875968179563890e-01  -9.9877158358386886e-01  -9.9876931608770247e-01  -9.9875920644180727e-01  -9.9874583026009955e-01  -9.9873036722659247e-01  -9.9871497902596951e-01  -9.9869962488279329e-01  -9.9868536030531052e-01  -9.9867181953127626e-01  -9.9866003550807525e-01  -9.9864969290688921e-01  -9.9864157243997498e-01  -9.9863523847861368e-01  -9.9863131866922472e-01  -9.9862940182439486e-01  -9.9863002177975480e-01  -9.9863277572338449e-01  -9.9863807643218394e-01  -9.9864551618804009e-01  -9.9865538208109494e-01  -9.9866725002907497e-01  -9.9868124674245373e-01  -9.9869690162849012e-01  -9.9871421238709590e-01  -9.9873281671763836e-01  -9.9875272953786687e-01  -9.9877356213260604e-01  -9.9879489823031675e-01  -9.9881617932257538e-01  -9.9883694007645096e-01  -9.9885630636257461e-01  -9.9887244787585761e-01  -9.9888268464343222e-01  -9.9888145842060916e-01  -9.9885864571759175e-01  -9.9879395346975208e-01  -9.9864865673064329e-01  -9.9834582609300715e-01  -9.9773599559649351e-01  -9.9652467427962843e-01  -9.9413732900372420e-01  -9.8945184172161893e-01  -9.8029939045770975e-01  -9.6254564930057507e-01  -9.2855338307627799e-01  -8.6504297593602719e-01  -7.5163212682485558e-01  -5.6457610585334383e-01  -2.9307286012843120e-01   3.5900063635883439e-02   3.5743499484354457e-01   6.1206765554338638e-01   7.8219549463760629e-01   8.8335343236429176e-01   9.3939563741912269e-01   9.6923567157249835e-01   9.8479562655674935e-01   9.9282057207292496e-01   9.9693956335719458e-01   9.9904685117069714e-01   1.0001254588267101e+00   1.0006755516934436e+00   1.0009571821556991e+00   1.0010993728014579e+00   1.0011718358829753e+00   1.0012065944463080e+00   1.0012236217034012e+00   1.0012298769907473e+00   1.0012319833029020e+00
   1.0006540436979123e+00   1.0006492251705046e+00   1.0006437528099625e+00   1.0006390350567316e+00   1.0006345206388561e+00   1.0006310888641670e+00   1.0006280819605122e+00   1.0006263202843313e+00   1.0006252478952016e+00   1.0006255867195535e+00   1.0006267823651844e+00   1.0006294196792607e+00   1.0006329525565709e+00   1.0006378535273452e+00   1.0006436092471755e+00   1.0006506047198596e+00   1.0006583790745671e+00   1.0006672106562891e+00   1.0006766103586604e+00   1.0006866420655969e+00   1.0006968191500978e+00   1.0007072102903829e+00   1.0007174092456692e+00   1.0007269476903424e+00   1.0007347218509073e+00   1.0007393331971186e+00   1.0007379691918135e+00   1.0007250045788194e+00   1.0006900330705257e+00   1.0006123794946493e+00   1.0004521386890060e+00   1.0001305772403586e+00   9.9949428201390889e-01   9.9824175299040974e-01   9.9578456627734946e-01   9.9097470750760630e-01   9.8159376574098389e-01   9.6341635415952565e-01   9.2864516301901257e-01   8.6375536536635789e-01   7.4809811440441620e-01   5.5794799090327551e-01   2.8336101795356883e-01  -4.7009350479642290e-02  -3.6730463699158122e-01  -6.1900279094286259e-01  -7.8610639525096104e-01  -8.8498888276279353e-01  -9.3956937989628897e-01  -9.6854213845484327e-01  -9.8360631345993033e-01  -9.9135135868076929e-01  -9.9531178967020439e-01  -9.9732752431458649e-01  -9.9835134700348738e-01  -9.9886668146631308e-01  -9.9912446291446511e-01  -9.9924871341057186e-01  -9.9930641258715358e-01  -9.9932822052230430e-01  -9.9933329289946327e-01  -9.9932810396825278e-01  -9.9931940307737033e-01  -9.9930765960071644e-01  -9.9929598785385965e-01  -9.9928333189885998e-01  -9.9927217346374986e-01  -9.9926114445737091e-01  -9.9925212259233887e-01  -9.9924359462359569e-01  -9.9923735594799901e-01  -9.9923201701213216e-01  -9.9922924924398959e-01  -9.9922764906102035e-01  -9.9922872360004056e-01  -9.9923106503816284e-01  -9.9923604996376825e-01  -9.9924227244291464e-01  -9.9925098927104072e-01  -9.9926080727549060e-01  -9.9927290706852623e-01  -9.9928594310004304e-01  -9.9930099820316032e-01  -9.9931662523723441e-01  -9.9933365966337862e-01  -9.9935065518048738e-01  -9.9936855854129825e-01  -9.9938587746866314e-01  -9.9940289317325881e-01  -9.9941741353931191e-01  -9.9942876747679943e-01  -9.9943238737614248e-01  -9.9942276214439441e-01  -9.9938628994380274e-01  -9.9929946112628387e-01  -9.9911330329556924e-01  -9.9873496948990337e-01  -9.9797928586139717e-01  -9.9648670578251997e-01  -9.9355082699765118e-01  -9.8780039512290574e-01  -9.7658785499594913e-01  -9.5490862231018825e-01  -9.1363956319772455e-01  -8.3737156911365263e-01  -7.0383312389305741e-01  -4.9075960165509547e-01  -1.9648582096686562e-01   1.3813188375295851e-01   4.4401183790331578e-01   6.7264893682402160e-01   8.1915583045206020e-01   9.0399111119739950e-01   9.5026879386402086e-01   9.7469534378587963e-01   9.8736871819078897e-01   9.9388479511728955e-01   9.9722140133018333e-01   9.9892475198743258e-01   9.9979377850986806e-01   1.0002350591970088e+00   1.0004587810561669e+00   1.0005700454204542e+00   1.0006245942063410e+00   1.0006490905321044e+00   1.0006589186866530e+00   1.0006603274394410e+00   1.0006583830120128e+00
   1.0000765309940829e+00   1.0000684651990124e+00   1.0000610019688723e+00   1.0000535568171613e+00   1.0000471883457698e+00   1.0000413821240481e+00   1.0000371545213365e+00   1.0000338300328362e+00   1.0000322776522079e+00   1.0000317428816168e+00   1.0000330700132236e+00   1.0000354717487410e+00   1.0000397704729822e+00   1.0000451186990551e+00   1.0000523002316706e+00   1.0000603772134773e+00   1.0000700856175799e+00   1.0000804091398201e+00   1.0000921273620034e+00   1.0001042333059282e+00   1.0001175021223152e+00   1.0001306236631313e+00   1.0001441399628477e+00   1.0001566231087904e+00   1.0001685054004759e+00   1.0001772661747534e+00   1.0001816091318370e+00   1.0001759546740963e+00   1.0001529158676448e+00   1.0000944590222609e+00   9.9996943263765004e-01   9.9971254250264063e-01   9.9920039016553874e-01   9.9818621058425139e-01   9.9619200764978599e-01   9.9227886437732349e-01   9.8463091028707195e-01   9.6976218712399365e-01   9.4116662181720034e-01   8.8727870797687058e-01   7.8955578783087743e-01   6.2410303015091118e-01   3.7413307814534419e-01   5.4716256992099949e-02  -2.7628277291352937e-01  -5.5254702362448460e-01  -7.4444106921036290e-01  -8.6136436458862997e-01  -9.2701405665053005e-01  -9.6219400274375066e-01  -9.8057833688404461e-01  -9.9005872144854346e-01  -9.9491516983343509e-01  -9.9739233635692881e-01  -9.9865331958782899e-01  -9.9929180128988881e-01  -9.9961383609648191e-01  -9.9977288451547541e-01  -9.9984982053462024e-01  -9.9988339304041940e-01  -9.9989586659693563e-01  -9.9989642074512197e-01  -9.9989196773815314e-01  -9.9988392442634033e-01  -9.9987548744412291e-01  -9.9986613244831979e-01  -9.9985763080699441e-01  -9.9984896761012410e-01  -9.9984183563942974e-01  -9.9983519237630769e-01  -9.9983047740769371e-01  -9.9982650362654546e-01  -9.9982460283766539e-01  -9.9982359735562598e-01  -9.9982477503831046e-01  -9.9982694189726173e-01  -9.9983132081161452e-01  -9.9983668167596584e-01  -9.9984418705812250e-01  -9.9985255128390360e-01  -9.9986285260174212e-01  -9.9987370944812060e-01  -9.9988615531990765e-01  -9.9989884447604171e-01  -9.9991290954051193e-01  -9.9992687395215807e-01  -9.9994151696877676e-01  -9.9995501942523579e-01  -9.9996810473347675e-01  -9.9997824405157854e-01  -9.9998443493391775e-01  -9.9998117310985712e-01  -9.9996195771622831e-01  -9.9990979903741595e-01  -9.9979618104680246e-01  -9.9956054510466330e-01  -9.9908922298939362e-01  -9.9815423222439548e-01  -9.9631476840998012e-01  -9.9270413368819632e-01  -9.8564594032541153e-01  -9.7191606779234729e-01  -9.4547650677289918e-01  -8.9551047542467599e-01  -8.0439342920187884e-01  -6.4855607312494068e-01  -4.0920537521145933e-01  -9.6192199404969342e-02   2.3708438140593796e-01   5.2256285045951756e-01   7.2496964034770528e-01   8.5003252551321529e-01   9.2085791151448615e-01   9.5900500987427151e-01   9.7899971576296319e-01   9.8933108514540113e-01   9.9463049088560762e-01   9.9733757448593219e-01   9.9871720362943039e-01   9.9941769447427531e-01   9.9977190582076603e-01   9.9994846316140251e-01   1.0000347320756662e+00   1.0000740596011792e+00   1.0000898393602391e+00   1.0000929352017032e+00   1.0000902266731997e+00   1.0000838867005730e+00
   9.9949829427556081e-01   9.9948680657395572e-01   9.9947658762872771e-01   9.9946636687774038e-01   9.9945816588705838e-01   9.9945040846898359e-01   9.9944486354635997e-01   9.9944003809630000e-01   9.9943766113544696e-01   9.9943627102148713e-01   9.9943746455291749e-01   9.9943975339000168e-01   9.9944461110914484e-01   9.9945053552875063e-01   9.9945890885034461e-01   9.9946823559528264e-01   9.9947983584892197e-01   9.9949219978632520e-01   9.9950651070174201e-01   9.9952113353017624e-01   9.9953715817431321e-01   9.9955306569137681e-01   9.9956997998242880e-01   9.9958602468782709e-01   9.9960171495289041e-01   9.9961467922222125e-01   9.9962432635883491e-01   9.9962548396247175e-01   9.9961252234094489e-01   9.9957041826870208e-01   9.9947402128673257e-01   9.9926992112509416e-01   9.9885778285395344e-01   9.9803628612001416e-01   9.9641564165215435e-01   9.9322860014021785e-01   9.8698778444308766e-01   9.7482310651526238e-01   9.5132629204565122e-01   9.0669678466552628e-01   8.2459825900956996e-01   6.8208964008515205e-01   4.5801516932948833e-01   1.5519457329014080e-01  -1.7996883497048172e-01  -4.7803205207772220e-01  -6.9575340785501616e-01  -8.3300350500740383e-01  -9.1166091397577453e-01  -9.5430376576548048e-01  -9.7672936847678782e-01  -9.8833726976262692e-01  -9.9429611737590851e-01  -9.9734282804966423e-01  -9.9889626243878826e-01  -9.9968698469788175e-01  -1.0000876178808089e+00  -1.0002893828200492e+00  -1.0003889700642410e+00  -1.0004365344382342e+00  -1.0004570543867786e+00  -1.0004638510955512e+00  -1.0004634402182424e+00  -1.0004596679218003e+00  -1.0004539716252308e+00  -1.0004476630032721e+00  -1.0004412940338214e+00  -1.0004354573829510e+00  -1.0004301442497976e+00  -1.0004256245195027e+00  -1.0004219390695064e+00  -1.0004193424180372e+00  -1.0004178749669257e+00  -1.0004176577294210e+00  -1.0004186975558600e+00  -1.0004210094227084e+00  -1.0004246003180295e+00  -1.0004293902919366e+00  -1.0004353934694887e+00  -1.0004424456175744e+00  -1.0004506068284322e+00  -1.0004596583707186e+00  -1.0004696808528515e+00  -1.0004802477242991e+00  -1.0004913081401872e+00  -1.0005023085833407e+00  -1.0005133876818064e+00  -1.0005237429470102e+00  -1.0005328062137933e+00  -1.0005386221605896e+00  -1.0005391642469461e+00  -1.0005287229225766e+00  -1.0004981273644478e+00  -1.0004277296305659e+00  -1.0002811906893248e+00  -9.9998513127888344e-01  -9.9939841506078408e-01  -9.9824181245769428e-01  -9.9597239021479056e-01  -9.9152844122509787e-01  -9.8285884367619869e-01  -9.6604617954552530e-01  -9.3383144217421188e-01  -8.7350052472082451e-01  -7.6524832480814742e-01  -5.8517512393485493e-01  -3.2034980538034857e-01   6.1202306534740569e-03   3.3121665584112708e-01   5.9291321480999948e-01   7.6982136100939302e-01   8.7575031572135420e-01   9.3463705700297439e-01   9.6602613621906686e-01   9.8238703316646858e-01   9.9081270913062836e-01   9.9512641481019115e-01   9.9732486530636033e-01   9.9844313204347113e-01   9.9900758872000373e-01   9.9929115413927927e-01   9.9942926847751246e-01   9.9949469922429213e-01   9.9952107822617620e-01   9.9952911483301166e-01   9.9952608771813634e-01   9.9951898922701998e-01   9.9950862089782166e-01
   9.9891842919615903e-01   9.9890394578863995e-01   9.9889088008459970e-01   9.9887817926240929e-01   9.9886731756358349e-01   9.9885743467623311e-01   9.9884991387658817e-01   9.9884382466803712e-01   9.9884031863481304e-01   9.9883844804169974e-01   9.9883924433795424e-01   9.9884179021382680e-01   9.9884699996017146e-01   9.9885396381010139e-01   9.9886345766324747e-01   9.9887455299511552e-01   9.9888787114403921e-01   9.9890248551962624e-01   9.9891895319510338e-01   9.9893645848687906e-01   9.9895544812643444e-01   9.9897492730764204e-01   9.9899501270477953e-01   9.9901478902250207e-01   9.9903426574170484e-01   9.9905186404588298e-01   9.9906625651071024e-01   9.9907405485862533e-01   9.9906976260567415e-01   9.9904187460441440e-01   9.9896900034465508e-01   9.9880846301176818e-01   9.9847740072710867e-01   9.9781265711165967e-01   9.9649484993381710e-01   9.9389837822135141e-01   9.8880407058973130e-01   9.7885464402187672e-01   9.5956920999093320e-01   9.2270771547578634e-01   8.5409658077334161e-01   7.3247199054750689e-01   5.3444430072158511e-01   2.5272102074460517e-01  -7.9731476008509661e-02  -3.9547986269797830e-01  -6.3923880442288461e-01  -7.9904303453233860e-01  -8.9289214939084105e-01  -9.4449572124255499e-01  -9.7184904662980720e-01  -9.8607271964584842e-01  -9.9339441139427875e-01  -9.9714680204309014e-01  -9.9906367035123356e-01  -1.0000431484371943e+00  -1.0005414229299532e+00  -1.0007955085073967e+00  -1.0009228449176788e+00  -1.0009868200849823e+00  -1.0010165869384440e+00  -1.0010303099783298e+00  -1.0010341869554962e+00  -1.0010343655435627e+00  -1.0010314917214755e+00  -1.0010284899681607e+00  -1.0010242305598269e+00  -1.0010207275851510e+00  -1.0010168008418281e+00  -1.0010142049789896e+00  -1.0010116018402091e+00  -1.0010104664786574e+00  -1.0010094814377350e+00  -1.0010100322320721e+00  -1.0010108716133654e+00  -1.0010132820106949e+00  -1.0010160517694848e+00  -1.0010203545003622e+00  -1.0010250078988554e+00  -1.0010310699084608e+00  -1.0010373527591685e+00  -1.0010447697437272e+00  -1.0010521521175393e+00  -1.0010604011406234e+00  -1.0010684801066287e+00  -1.0010770993124107e+00  -1.0010848488736073e+00  -1.0010919724063094e+00  -1.0010968091892718e+00  -1.0010984819107525e+00  -1.0010927895205650e+00  -1.0010743343973583e+00  -1.0010303312065401e+00  -1.0009380022186272e+00  -1.0007508513140606e+00  -1.0003799808153593e+00  -9.9964938477735732e-01  -9.9821685288056439e-01  -9.9541208356141686e-01  -9.8993387703480262e-01  -9.7927180406559755e-01  -9.5867423709440092e-01  -9.1945231410148565e-01  -8.4681439024825056e-01  -7.1900318054652557e-01  -5.1321146369492354e-01  -2.2499972961419257e-01   1.0862266445477059e-01   4.1930033592191046e-01   6.5519340622267319e-01   8.0802668457979487e-01   8.9711746006184823e-01   9.4588704190950579e-01   9.7166591072529362e-01   9.8504249608741568e-01   9.9191359790059852e-01   9.9542516186920160e-01   9.9721125503392960e-01   9.9811693715168914e-01   9.9857128988919297e-01   9.9879667855407317e-01   9.9890346372428551e-01   9.9895086410619593e-01   9.9896645291848907e-01   9.9896690140322009e-01   9.9895847939399618e-01   9.9894684913764953e-01   9.9893258628419490e-01
   9.9833746360534159e-01   9.9831985165680392e-01   9.9830300262207605e-01   9.9828774931916631e-01   9.9827409804437384e-01   9.9826254352837840e-01   9.9825289194696565e-01   9.9824565564208534e-01   9.9824063797753049e-01   9.9823833505588544e-01   9.9823844082177171e-01   9.9824138099851067e-01   9.9824673058860314e-01   9.9825486615592129e-01   9.9826526404001714e-01   9.9827828685903586e-01   9.9829333316401114e-01   9.9831074646050744e-01   9.9832975953694225e-01   9.9835059929031122e-01   9.9837236739541335e-01   9.9839545423533949e-01   9.9841897489334341e-01   9.9844307461763460e-01   9.9846629785348895e-01   9.9848860163021558e-01   9.9850776654505546e-01   9.9852193425745617e-01   9.9852541823459351e-01   9.9851000782192112e-01   9.9845686625838248e-01   9.9833247252668633e-01   9.9806777032276306e-01   9.9753105277334997e-01   9.9646007208885434e-01   9.9434551766780577e-01   9.9018850087776134e-01   9.8205737052421838e-01   9.6625236437391915e-01   9.3589271374754668e-01   8.7883848921958585e-01   7.7590922896638526e-01   6.0318544373888172e-01   3.4577650689293710e-01   2.2788506285087773e-02  -3.0525124417068744e-01  -5.7415699227446026e-01  -7.5850635804832922e-01  -8.6995384473957960e-01  -9.3229481694319172e-01  -9.6566581927250073e-01  -9.8311619812387752e-01  -9.9213078519883557e-01  -9.9676192171831579e-01  -9.9913354009350763e-01  -1.0003483762408250e+00  -1.0009692583246306e+00  -1.0012878491899002e+00  -1.0014498920023109e+00  -1.0015331790848636e+00  -1.0015743891743250e+00  -1.0015952532292831e+00  -1.0016041993969149e+00  -1.0016083759896108e+00  -1.0016085795678198e+00  -1.0016080780185155e+00  -1.0016061346114224e+00  -1.0016048921404352e+00  -1.0016028982059608e+00  -1.0016018815791756e+00  -1.0016004300906005e+00  -1.0016002258033532e+00  -1.0015998526923620e+00  -1.0016008544003596e+00  -1.0016017866003704e+00  -1.0016041051005642e+00  -1.0016063663456294e+00  -1.0016099616002929e+00  -1.0016134431298538e+00  -1.0016181582596440e+00  -1.0016226777795387e+00  -1.0016283428709318e+00  -1.0016336969809700e+00  -1.0016399311760587e+00  -1.0016453819439470e+00  -1.0016511623846382e+00  -1.0016556441312989e+00  -1.0016596545754965e+00  -1.0016604759544032e+00  -1.0016573867977137e+00  -1.0016450527063963e+00  -1.0016171893673729e+00  -1.0015572811777398e+00  -1.0014378425863077e+00  -1.0012003829982095e+00  -1.0007356129117910e+00  -9.9982474865898452e-01  -9.9804592256060853e-01  -9.9457132276155202e-01  -9.8780244958853758e-01  -9.7466751934514395e-01  -9.4941100591868222e-01  -9.0169046182042822e-01  -8.1451415333535848e-01  -6.6468748527803523e-01  -4.3242650298148211e-01  -1.2435722455566917e-01   2.0945336065839687e-01   5.0044936466930301e-01   7.0975792110066838e-01   8.4038921362519003e-01   9.1482816080715701e-01   9.5506291190471715e-01   9.7618858250460150e-01   9.8711102689564001e-01   9.9271097782138318e-01   9.9556748503292114e-01   9.9701802520366689e-01   9.9774985526289051e-01   9.9811461443685767e-01   9.9829161943393785e-01   9.9837261281568035e-01   9.9840416824660227e-01   9.9841042582426309e-01   9.9840356737595970e-01   9.9839018760222742e-01   9.9837342023634290e-01   9.9835559259806750e-01
   9.9775474161004141e-01   9.9773385428697192e-01   9.9771352564633076e-01   9.9769555058967119e-01   9.9767868799858461e-01   9.9766479541391673e-01   9.9765270116890681e-01   9.9764406447112286e-01   9.9763759496604221e-01   9.9763479491750451e-01   9.9763434460197131e-01   9.9763764921836651e-01   9.9764335483473876e-01   9.9765275775986317e-01   9.9766443926685389e-01   9.9767956764165722e-01   9.9769663447210355e-01   9.9771671042216503e-01   9.9773828817510624e-01   9.9776246928700507e-01   9.9778770443746490e-01   9.9781484729198966e-01   9.9784209077647490e-01   9.9787034989089785e-01   9.9789785677050535e-01   9.9792499333112661e-01   9.9794905625832886e-01   9.9796928582817712e-01   9.9798021901163114e-01   9.9797567952000954e-01   9.9793964735799912e-01   9.9784525885006770e-01   9.9763555837312712e-01   9.9720362731630363e-01   9.9633496154673751e-01   9.9461457201817838e-01   9.9122614829014788e-01   9.8458955102750623e-01   9.7166228988913372e-01   9.4673311942535343e-01   8.9952080287818292e-01   8.1309749646718288e-01   6.6427648001804052e-01   4.3309910484491682e-01   1.2575620072385763e-01  -2.0811635458905098e-01  -4.9991987404228116e-01  -7.1032185966524841e-01  -8.4193433827422370e-01  -9.1710092758271078e-01  -9.5782773672733224e-01  -9.7927276644335248e-01  -9.9040000597109579e-01  -9.9613218457869812e-01  -9.9907615627096924e-01  -1.0005869646554655e+00  -1.0013628187810908e+00  -1.0017619846050487e+00  -1.0019678377457657e+00  -1.0020744338320311e+00  -1.0021297039636914e+00  -1.0021586307591182e+00  -1.0021735547946733e+00  -1.0021812802516874e+00  -1.0021851334476997e+00  -1.0021871477998558e+00  -1.0021878504855686e+00  -1.0021880868838837e+00  -1.0021879775445264e+00  -1.0021881022578656e+00  -1.0021882340288741e+00  -1.0021887669613210e+00  -1.0021893830414905e+00  -1.0021905025739368e+00  -1.0021917765145405e+00  -1.0021936344156972e+00  -1.0021956647844137e+00  -1.0021983017802858e+00  -1.0022010664763870e+00  -1.0022043928464599e+00  -1.0022076974256577e+00  -1.0022113874795104e+00  -1.0022147900683493e+00  -1.0022184108983161e+00  -1.0022215690763940e+00  -1.0022246577565315e+00  -1.0022264055555334e+00  -1.0022266981185499e+00  -1.0022235324088360e+00  -1.0022151539677742e+00  -1.0021955629313650e+00  -1.0021561317730949e+00  -1.0020772337664359e+00  -1.0019235789748115e+00  -1.0016232613689193e+00  -1.0010393882666433e+00  -9.9990109818770589e-01  -9.9768447648355640e-01  -9.9336687532471790e-01  -9.8497853113154543e-01  -9.6876210206368185e-01  -9.3775774847145854e-01  -8.7974220414867743e-01  -7.7551527042995505e-01  -6.0135550407274363e-01  -3.4292917292140190e-01  -2.0007653543497650e-02   3.0683220428812147e-01   5.7411782660354971e-01   7.5711155925336660e-01   8.6766314327039651e-01   9.2947183110643727e-01   9.6253500163038119e-01   9.7980394210597577e-01   9.8870674884056120e-01   9.9326482776324276e-01   9.9558528432868043e-01   9.9676144567940739e-01   9.9735080550525490e-01   9.9764186751936124e-01   9.9777861930022194e-01   9.9783776266194535e-01   9.9785544434193185e-01   9.9785323265164705e-01   9.9783931154433803e-01   9.9782092024452462e-01   9.9779920331972138e-01   9.9777735098109344e-01
   9.9717085721118270e-01   9.9714587009619760e-01   9.9712164132862735e-01   9.9710016058554718e-01   9.9708044566458642e-01   9.9706406175454498e-01   9.9704990837683505e-01   9.9703945190040733e-01   9.9703166818709621e-01   9.9702790250246132e-01   9.9702709632180486e-01   9.9703041337334386e-01   9.9703674374834150e-01   9.9704708714308621e-01   9.9706030425869785e-01   9.9707726702242239e-01   9.9709683513305458e-01   9.9711974702758788e-01   9.9714477765272902e-01   9.9717242680245610e-01   9.9720143171620745e-01   9.9723234796666149e-01   9.9726405838132182e-01   9.9729678420000434e-01   9.9732902934547130e-01   9.9736084086186860e-01   9.9739038881214792e-01   9.9741633029993026e-01   9.9743465379926310e-01   9.9743971172987211e-01   9.9741887253237294e-01   9.9734954803394349e-01   9.9718590814073638e-01   9.9684001751788198e-01   9.9613791869440216e-01   9.9474061590643870e-01   9.9198385591863925e-01   9.8657692953317289e-01   9.7602933355797494e-01   9.5562672510875724e-01   9.1675055365855274e-01   8.4472961375057154e-01   7.1796778017896856e-01   5.1372923345442900e-01   2.2724854712332587e-01  -1.0529993792522963e-01  -4.1620695566944443e-01  -6.5336569928927746e-01  -8.0774741861384358e-01  -8.9815795409744570e-01  -9.4787782100562445e-01  -9.7428556011929457e-01  -9.8806161784177271e-01  -9.9518271652014600e-01  -9.9885120754531331e-01  -1.0007378876190014e+00  -1.0017105498610401e+00  -1.0022121647108457e+00  -1.0024732583847811e+00  -1.0026091013872132e+00  -1.0026816636083262e+00  -1.0027200024902281e+00  -1.0027418034844175e+00  -1.0027536949886895e+00  -1.0027612807921733e+00  -1.0027654021133532e+00  -1.0027687970839763e+00  -1.0027707741400573e+00  -1.0027728710065140e+00  -1.0027740176338791e+00  -1.0027755739556885e+00  -1.0027765316649195e+00  -1.0027780872288883e+00  -1.0027792133140865e+00  -1.0027809598775366e+00  -1.0027823327898782e+00  -1.0027842856977647e+00  -1.0027858704960264e+00  -1.0027879509927784e+00  -1.0027896328131543e+00  -1.0027917194637270e+00  -1.0027933914454645e+00  -1.0027953472492424e+00  -1.0027966758915416e+00  -1.0027977804423795e+00  -1.0027976754839687e+00  -1.0027966315371286e+00  -1.0027931923879296e+00  -1.0027860495779881e+00  -1.0027713612611728e+00  -1.0027435207267252e+00  -1.0026899106139029e+00  -1.0025875144473433e+00  -1.0023904332535580e+00  -1.0020103791403905e+00  -1.0012743639900892e+00  -9.9984651987821738e-01  -9.9707275931266270e-01  -9.9168699588056630e-01  -9.8125574130423443e-01  -9.6118313972895064e-01  -9.2307591859729154e-01  -8.5262049901688741e-01  -7.2859918483642205e-01  -5.2818328831921657e-01  -2.4528425043463353e-01   8.6137879274061857e-02   3.9916851570339212e-01   6.4007255128493168e-01   7.9784836739760856e-01   8.9053701979896249e-01   9.4154556034066761e-01   9.6860466371869613e-01   9.8267941257950997e-01   9.8991992353716818e-01   9.9362223295370200e-01   9.9550359284136536e-01   9.9645421869235207e-01   9.9692679945214058e-01   9.9715642075472710e-01   9.9725977457268811e-01   9.9729973179150866e-01   9.9730544753055883e-01   9.9729483803083163e-01   9.9727452364389246e-01   9.9725062146439880e-01   9.9722387499278264e-01   9.9719751897625353e-01
   9.9658492102908203e-01   9.9655531596957503e-01   9.9652765705487911e-01   9.9650224276031008e-01   9.9647942437679360e-01   9.9645960276827450e-01   9.9644318191188053e-01   9.9643038584278254e-01   9.9642146311863333e-01   9.9641646802501493e-01   9.9641558297300103e-01   9.9641874366359395e-01   9.9642607371515202e-01   9.9643737008361832e-01   9.9645267656485437e-01   9.9647162081367657e-01   9.9649415206370295e-01   9.9651975082285382e-01   9.9654838380497612e-01   9.9657951415619650e-01   9.9661310607169151e-01   9.9664831115879682e-01   9.9668489610635891e-01   9.9672202689740497e-01   9.9675965373871667e-01   9.9679643262350237e-01   9.9683172134149567e-01   9.9686338209500547e-01   9.9688907203370003e-01   9.9690289241100005e-01   9.9689568799318440e-01   9.9684767398871432e-01   9.9672278538887638e-01   9.9644801918315073e-01   9.9588332905634869e-01   9.9475157375491696e-01   9.9251444988461657e-01   9.8812009933684042e-01   9.7953925815334320e-01   9.6290221562902945e-01   9.3105126666230198e-01   8.7146892445286839e-01   7.6466414827503826e-01   5.8702680430818233e-01   3.2537802175978958e-01   1.5166770330848345e-03  -3.2310191503194685e-01  -5.8654029031875354e-01  -7.6612748880745052e-01  -8.7451876935988992e-01  -9.3522273521814825e-01  -9.6781409813729991e-01  -9.8492736824465432e-01  -9.9381219644010566e-01  -9.9840394740382155e-01  -1.0007723084505977e+00  -1.0019966776751719e+00  -1.0026303083018302e+00  -1.0029615428161307e+00  -1.0031350817974931e+00  -1.0032286738127834e+00  -1.0032792031405262e+00  -1.0033086024027231e+00  -1.0033252884544319e+00  -1.0033366984738763e+00  -1.0033437484869434e+00  -1.0033495450566789e+00  -1.0033531648605369e+00  -1.0033568585799282e+00  -1.0033592769796800e+00  -1.0033621556719128e+00  -1.0033639572284594e+00  -1.0033662745240661e+00  -1.0033676257991087e+00  -1.0033695484464511e+00  -1.0033705907166786e+00  -1.0033722196645292e+00  -1.0033729988264382e+00  -1.0033743354736080e+00  -1.0033747900924634e+00  -1.0033756867535883e+00  -1.0033755381533167e+00  -1.0033756085141388e+00  -1.0033744516165461e+00  -1.0033733350033525e+00  -1.0033705552682461e+00  -1.0033667045696870e+00  -1.0033591817379410e+00  -1.0033473709025496e+00  -1.0033257893491001e+00  -1.0032877936956059e+00  -1.0032166997174818e+00  -1.0030844076353285e+00  -1.0028318677130534e+00  -1.0023490777370918e+00  -1.0014174294569462e+00  -9.9961727432080882e-01  -9.9612977427444116e-01  -9.8938076432692879e-01  -9.7635870806450387e-01  -9.5144106751778734e-01  -9.0455019089225530e-01  -8.1913051632708200e-01  -6.7245398383803101e-01  -4.4460515781255128e-01  -1.4060060587027956e-01   1.9194789195058987e-01   4.8514933849441411e-01   6.9834912187307296e-01   8.3260435436552571e-01   9.0962733988632583e-01   9.5146725407360289e-01   9.7351728084130884e-01   9.8494956794650457e-01   9.9082214952754211e-01   9.9382069570912768e-01   9.9534200339904488e-01   9.9610657646023781e-01   9.9648322336757544e-01   9.9666113105327103e-01   9.9673661957352211e-01   9.9675935755857892e-01   9.9675456230055759e-01   9.9673558670068707e-01   9.9670913860238963e-01   9.9667915585555000e-01   9.9664771305417610e-01   9.9661601238162578e-01
   9.9599718596529285e-01   9.9596243485823555e-01   9.9593044166956501e-01   9.9590053586697602e-01   9.9587450556102508e-01   9.9585138946008633e-01   9.9583271017231945e-01   9.9581749447701584e-01   9.9580721330694344e-01   9.9580085521604988e-01   9.9579973878856110e-01   9.9580273454920598e-01   9.9581099436226550e-01   9.9582327514892066e-01   9.9584059375753531e-01   9.9586162508134168e-01   9.9588729318001057e-01   9.9591618109871050e-01   9.9594904379799909e-01   9.9598425667479740e-01   9.9602246717694909e-01   9.9606215289901445e-01   9.9610407509160104e-01   9.9614643137665382e-01   9.9618960964297776e-01   9.9623175831093691e-01   9.9627310741507535e-01   9.9631081053817994e-01   9.9634367121488765e-01   9.9636601633884969e-01   9.9637097405996755e-01   9.9634164489769539e-01   9.9624933230039103e-01   9.9603397085605128e-01   9.9558261480838905e-01   9.9466981162082357e-01   9.9286008471936049e-01   9.8929996932696651e-01   9.8234267190933111e-01   9.6883136313750751e-01   9.4287183719761436e-01   8.9393370910659553e-01   8.0487373276277940e-01   6.5266260932895104e-01   4.1841918498346231e-01   1.1025176299920592e-01  -2.2123302798498190e-01  -5.0889974938612692e-01  -7.1564790526454258e-01  -8.4500945727451482e-01  -9.1909339404757406e-01  -9.5940520870266877e-01  -9.8074366924734957e-01  -9.9188221891663764e-01  -9.9765961522142366e-01  -1.0006501114962656e+00  -1.0021995818185681e+00  -1.0030049181588718e+00  -1.0034263884470334e+00  -1.0036490916172340e+00  -1.0037690916184081e+00  -1.0038351518842794e+00  -1.0038733652267386e+00  -1.0038964177112712e+00  -1.0039114829230338e+00  -1.0039217002000163e+00  -1.0039296147179655e+00  -1.0039356939222246e+00  -1.0039408748604775e+00  -1.0039448895860856e+00  -1.0039484772000697e+00  -1.0039512599472371e+00  -1.0039538679734337e+00  -1.0039557891915332e+00  -1.0039575967658241e+00  -1.0039587210830874e+00  -1.0039597395350732e+00  -1.0039600402428357e+00  -1.0039602140059198e+00  -1.0039596089037466e+00  -1.0039588587481085e+00  -1.0039572779891910e+00  -1.0039554912540265e+00  -1.0039525815491879e+00  -1.0039489433277553e+00  -1.0039433568350580e+00  -1.0039360086114359e+00  -1.0039246659087839e+00  -1.0039073033842993e+00  -1.0038776647650969e+00  -1.0038267700856260e+00  -1.0037339823957176e+00  -1.0035626724531657e+00  -1.0032386843224277e+00  -1.0026218031543457e+00  -1.0014364804414051e+00  -9.9915316884853500e-01  -9.9474452200152164e-01  -9.8624332615474786e-01  -9.6991790619394969e-01  -9.3889219258071255e-01  -8.8114569645087937e-01  -7.7785761916532081e-01  -6.0575822314718308e-01  -3.5048576880575721e-01  -3.0572375353603187e-02   2.9521644850796991e-01   5.6379836357533819e-01   7.4919987750171579e-01   8.6202266101465863e-01   9.2547875721051698e-01   9.5958784510477946e-01   9.7747311924520208e-01   9.8672334161749520e-01   9.9147049109006191e-01   9.9389045580731139e-01   9.9511588341726909e-01   9.9572695732457606e-01   9.9602416575813457e-01   9.9615855442303192e-01   9.9621019168173242e-01   9.9621754321536671e-01   9.9620300371009118e-01   9.9617573688525218e-01   9.9614314320627040e-01   9.9610680470282653e-01   9.9607002992063931e-01   9.9603275040088790e-01
   9.9540655399516287e-01   9.9536666444625832e-01   9.9533006262810808e-01   9.9529582180017917e-01   9.9526564209754331e-01   9.9523879631136469e-01   9.9521694626545709e-01   9.9519927327518221e-01   9.9518716832693388e-01   9.9517969814187413e-01   9.9517806496550487e-01   9.9518127001672818e-01   9.9519033788465150e-01   9.9520418473260897e-01   9.9522363593476038e-01   9.9524749197708329e-01   9.9527636270845032e-01   9.9530896174461148e-01   9.9534580434433140e-01   9.9538566759646929e-01   9.9542895796867370e-01   9.9547422331540791e-01   9.9552156030866557e-01   9.9556965163355704e-01   9.9561871292803350e-01   9.9566710781284695e-01   9.9571449833645875e-01   9.9575889764592984e-01   9.9579875764455128e-01   9.9582969044347736e-01   9.9584559345972801e-01   9.9583306768707580e-01   9.9576823687933702e-01   9.9560294081692724e-01   9.9524511465511367e-01   9.9451323821996929e-01   9.9305487063703402e-01   9.9018185929230218e-01   9.8456257208680253e-01   9.7363915673144108e-01   9.5259615967003308e-01   9.1268922898724902e-01   8.3916568908724642e-01   7.1058925306592391e-01   5.0492104306902674e-01   2.1854393307792719e-01  -1.1188792024294070e-01  -4.1982862784924457e-01  -6.5477898555790093e-01  -8.0820014675980723e-01  -8.9849694197687069e-01  -9.4845473211817222e-01  -9.7516688134019724e-01  -9.8920251560365913e-01  -9.9651511104894341e-01  -1.0003150831203256e+00  -1.0022893009274094e+00  -1.0033194006636184e+00  -1.0038592243715543e+00  -1.0041461712746453e+00  -1.0043003912880382e+00  -1.0043865585014200e+00  -1.0044356837228519e+00  -1.0044661405404367e+00  -1.0044855667202606e+00  -1.0044997789334569e+00  -1.0045098031830193e+00  -1.0045181281732922e+00  -1.0045244319260505e+00  -1.0045302231268363e+00  -1.0045346234598569e+00  -1.0045387086864530e+00  -1.0045415590414131e+00  -1.0045441578344458e+00  -1.0045456450267836e+00  -1.0045469142445589e+00  -1.0045471445653784e+00  -1.0045471435502162e+00  -1.0045461310218051e+00  -1.0045448211220451e+00  -1.0045424377763053e+00  -1.0045395602899723e+00  -1.0045354155364450e+00  -1.0045305152551356e+00  -1.0045240800724053e+00  -1.0045161498049879e+00  -1.0045050368504680e+00  -1.0044892921130246e+00  -1.0044650402154676e+00  -1.0044259584785704e+00  -1.0043584178478129e+00  -1.0042377403055160e+00  -1.0040151841850280e+00  -1.0035975760573361e+00  -1.0028041246289356e+00  -1.0012863234917908e+00  -9.9837081014842832e-01  -9.9276350119159640e-01  -9.8199510892488806e-01  -9.6143547922796935e-01  -9.2269167178644584e-01  -8.5156322912252369e-01  -7.2718176500923914e-01  -5.2732453083115427e-01  -2.4630924233125373e-01   8.2554005568296507e-02   3.9383201923951139e-01   6.3450069386618080e-01   7.9304085311333106e-01   8.8672900031592550e-01   9.3856840308025713e-01   9.6620184720612501e-01   9.8063644715672116e-01   9.8808929434400461e-01   9.9191092065065101e-01   9.9385596088080319e-01   9.9483754757277731e-01   9.9532225690651654e-01   9.9555291130574175e-01   9.9565084795251546e-01   9.9568133640265677e-01   9.9567511033366318e-01   9.9565084651511659e-01   9.9561577419535630e-01   9.9557626810926658e-01   9.9553356610550847e-01   9.9549091846100646e-01   9.9544780857917059e-01
