  -3.1521598426914549e-01  -4.3881998770103881e-01  -5.5253595548132650e-01  -6.5236851066893742e-01  -7.3619743075392263e-01  -8.0377567404546302e-01  -8.5631702220951267e-01  -8.9590687946407443e-01  -9.2495303614133995e-01  -9.4579195655833281e-01  -9.6046653693660933e-01  -9.7064171329044813e-01  -9.7760745959800710e-01  -9.8232566143859290e-01  -9.8549275103716283e-01  -9.8760106633807498e-01  -9.8899193544951491e-01  -9.8989797096594700e-01  -9.9047522239366947e-01  -9.9082661294732399e-01  -9.9101857834793017e-01  -9.9109246940741202e-01  -9.9107218059312796e-01  -9.9096894485794540e-01  -9.9078418809075242e-01  -9.9051084482202634e-01  -9.9013370063956574e-01  -9.8962886724456811e-01  -9.8896275243324383e-01  -9.8809085016442910e-01  -9.8695613377688196e-01  -9.8548837659727595e-01  -9.8360378970427997e-01  -9.8120577295918843e-01  -9.7818858031509803e-01  -9.7444275798669555e-01  -9.6986299885293137e-01  -9.6436018557387393e-01  -9.5787632801541267e-01  -9.5040007648495850e-01  -9.4198186142615592e-01  -9.3274711047699421e-01  -9.2290449941590702e-01  -9.1274605716923352e-01  -9.0263746962470992e-01  -8.9299849196836556e-01  -8.8427493090948184e-01  -8.7690474161240595e-01  -8.7128187110815936e-01  -8.6772178152647150e-01  -8.6643258210806362e-01  -8.6749497438329204e-01  -8.7085331405146738e-01  -8.7631902517310778e-01  -8.8358621779704016e-01  -8.9225827550493675e-01  -9.0188246516869142e-01  -9.1198885891736303e-01  -9.2212873467979228e-01  -9.3190804731956289e-01  -9.4101196530743603e-01  -9.4921800184007854e-01  -9.5639716095350069e-01  -9.6250513681989736e-01  -9.6756745251620213e-01  -9.7166142949674716e-01  -9.7489681165283759e-01  -9.7739824705054579e-01  -9.7929242676935357e-01  -9.8069859814471660e-01  -9.8172248627681569e-01  -9.8245385808385921e-01  -9.8296603614050693e-01  -9.8331699621742685e-01  -9.8355128043964057e-01  -9.8370219355875710e-01  -9.8379397425482384e-01  -9.8384369553829099e-01  -9.8386279078537420e-01  -9.8385811601404827e-01  -9.8383249730324862e-01  -9.8378465625213085e-01  -9.8370835618970176e-01  -9.8359046485851698e-01  -9.8340746296952486e-01  -9.8311963412116643e-01  -9.8266181963775123e-01  -9.8192910712092651e-01  -9.8075525055562163e-01  -9.7888097387160000e-01  -9.7590890161290378e-01  -9.7124206192040186e-01  -9.6400472369667112e-01  -9.5294921550625011e-01  -9.3636258173001408e-01  -9.1200461010391942e-01  -8.7713355439261842e-01  -8.2870006858419865e-01  -7.6379122671166821e-01  -6.8034727106872539e-01  -5.7803155179484034e-01  -4.5893898615996753e-01  -3.2773548110947159e-01  -1.9099100655475792e-01  -5.5873370647129883e-02   7.1263903895144809e-02   1.8584633489288532e-01   2.8536115087589164e-01   3.6908259282441924e-01   4.3752839482308659e-01   4.9189984625304739e-01   5.3363928338872346e-01   5.6413653683478260e-01   5.8456051714794932e-01   5.9577662148699218e-01   5.9831449135253667e-01   5.9236198690906727e-01   5.7777203000270905e-01   5.5407874205125696e-01   5.2052751652920770e-01   4.7613161074655613e-01   4.1977522085488572e-01   3.5038763470329115e-01   2.6720977826510667e-01   1.7015422955786264e-01   6.0214819274804321e-02  -6.0184949173708036e-02  -1.8707472164488453e-01
  -5.6878747187008416e-01  -6.5551883770721053e-01  -7.3076998623546441e-01  -7.9365745509610908e-01  -8.4443188646519285e-01  -8.8417700305258329e-01  -9.1445089504850496e-01  -9.3697011207721204e-01  -9.5338341208697153e-01  -9.6514054667791149e-01  -9.7343981949336111e-01  -9.7922665613147153e-01  -9.8322032348348221e-01  -9.8595255810651383e-01  -9.8780705519858036e-01  -9.8905516602492471e-01  -9.8988526907248886e-01  -9.9042585464786659e-01  -9.9076278603940926e-01  -9.9095184112295898e-01  -9.9102741373161640e-01  -9.9100833393154697e-01  -9.9090138954718610e-01  -9.9070316727189434e-01  -9.9040044424482332e-01  -9.8996953068119820e-01  -9.8937455922862194e-01  -9.8856507100531943e-01  -9.8747296089729697e-01  -9.8600897727142067e-01  -9.8405974361970583e-01  -9.8148492759379380e-01  -9.7811661544054762e-01  -9.7376176648857315e-01  -9.6820780248678950e-01  -9.6123451224970724e-01  -9.5263293011569539e-01  -9.4222949772974285e-01  -9.2991536847870138e-01  -9.1567938161705398e-01  -8.9963925264128042e-01  -8.8206446389016335e-01  -8.6338567765046126e-01  -8.4418720844817985e-01  -8.2518092985465397e-01  -8.0716303441483150e-01  -7.9095813742495791e-01  -7.7735747917551468e-01  -7.6705821223005977e-01  -7.6060981345976098e-01  -7.5837174602185287e-01  -7.6048492251374500e-01  -7.6685841858480797e-01  -7.7717238300177449e-01  -7.9089802086118677e-01  -8.0733465611978517e-01  -8.2566275346462470e-01  -8.4500890378642879e-01  -8.6451631805259921e-01  -8.8341173877993873e-01  -9.0105970304282823e-01  -9.1699711963624897e-01  -9.3094511246678424e-01  -9.4279889475333589e-01  -9.5259970138343852e-01  -9.6049662727978280e-01  -9.6670734074625608e-01  -9.7148274793035361e-01  -9.7507763002789594e-01  -9.7773047977757188e-01  -9.7965187813242671e-01  -9.8101897066386412e-01  -9.8197514535660013e-01  -9.8263267296591983e-01  -9.8307693862986323e-01  -9.8337122204861371e-01  -9.8356128970467505e-01  -9.8367944077320590e-01  -9.8374780847152821e-01  -9.8378088727492607e-01  -9.8378728645112012e-01  -9.8377074306060441e-01  -9.8373036477658293e-01  -9.8366002052548029e-01  -9.8354665834513377e-01  -9.8336719482577184e-01  -9.8308338682661456e-01  -9.8263385602125197e-01  -9.8192209804072272e-01  -9.8079900705963974e-01  -9.7903816700406221e-01  -9.7630219356376879e-01  -9.7209899113358822e-01  -9.6572857210274954e-01  -9.5622479346938016e-01  -9.4230292802760185e-01  -9.2233389720544645e-01  -8.9437789902026488e-01  -8.5631894772450412e-01  -8.0613834549949215e-01  -7.4233097871581244e-01  -6.6440456255565639e-01  -5.7331670005623669e-01  -4.7165387335019016e-01  -3.6341266605407391e-01  -2.5339988314185119e-01  -1.4644357969360822e-01  -4.6687399164683341e-02   4.2828438120277201e-02   1.2025142156142521e-01   1.8474829636401890e-01   2.3621406644406745e-01   2.7496776571873927e-01   3.0149799768362423e-01   3.1627960359503904e-01   3.1965919880396859e-01   3.1179834749285096e-01   2.9266447428480785e-01   2.6206469111223346e-01   2.1972361064396162e-01   1.6540957539466256e-01   9.9111675737563631e-02   2.1259395197050224e-02  -6.7044522522401562e-02  -1.6383579779522273e-01  -2.6622629309635909e-01  -3.7054550222662125e-01  -4.7271413849985811e-01
  -7.4486951251059785e-01  -7.9843067974805382e-01  -8.4331511764322020e-01  -8.7982324363717157e-01  -9.0872344813972605e-01  -9.3105118758694183e-01  -9.4793382010728133e-01  -9.6046085234588074e-01  -9.6960513228985978e-01  -9.7618736625494951e-01  -9.8086960053233674e-01  -9.8416737800856557e-01  -9.8647079609191812e-01  -9.8806771613176236e-01  -9.8916613831517042e-01  -9.8991331284876083e-01  -9.9041140928476468e-01  -9.9072954180501949e-01  -9.9091272283172138e-01  -9.9098810335180376e-01  -9.9096907055949324e-01  -9.9085747761485721e-01  -9.9064437659243731e-01  -9.9030930471721723e-01  -9.8981833435492850e-01  -9.8912075073431616e-01  -9.8814456593168964e-01  -9.8679074237122200e-01  -9.8492648739533317e-01  -9.8237819603157828e-01  -9.7892436725939391e-01  -9.7429100612517705e-01  -9.6815029074885339e-01  -9.6012545952864192e-01  -9.4980622140121396e-01  -9.3677533959294601e-01  -9.2064833076460173e-01  -9.0112746007897604e-01  -8.7806450453235785e-01  -8.5152253931161381e-01  -8.2182638754565041e-01  -7.8959032552889830e-01  -7.5571278275841069e-01  -7.2133377793636211e-01  -6.8775990349018223e-01  -6.5636901111879831e-01  -6.2851003961710350e-01  -6.0541173191983222e-01  -5.8810916685670200e-01  -5.7739074240778498e-01  -5.7376334919910721e-01  -5.7743097638719032e-01  -5.8828258679538892e-01  -6.0588807936710143e-01  -6.2950496279533363e-01  -6.5810203734006656e-01  -6.9040710832133523e-01  -7.2498367690242238e-01  -7.6033478273161337e-01  -7.9502390261188893e-01  -8.2779455024737925e-01  -8.5766691514639160e-01  -8.8399350605329252e-01  -9.0646644853004321e-01  -9.2508185449968583e-01  -9.4007425058376071e-01  -9.5183667169281783e-01  -9.6084305700490313e-01  -9.6758551996329112e-01  -9.7252921310037843e-01  -9.7608486823829210e-01  -9.7859704996744334e-01  -9.8034286167907037e-01  -9.8153746851607149e-01  -9.8234299931312252e-01  -9.8287843047898282e-01  -9.8322903235066295e-01  -9.8345457571846318e-01  -9.8359603157521081e-01  -9.8368074368958947e-01  -9.8372622838666146e-01  -9.8374277105689012e-01  -9.8373499316460600e-01  -9.8370247635536168e-01  -9.8363946433754990e-01  -9.8353352653368875e-01  -9.8336295853378652e-01  -9.8309251443515722e-01  -9.8266692143218082e-01  -9.8200142970640847e-01  -9.8096854756268148e-01  -9.7938007032431329e-01  -9.7696377458916295e-01  -9.7333482224926393e-01  -9.6796337416386768e-01  -9.6014242581872689e-01  -9.4896364840704239e-01  -9.3331388575681240e-01  -9.1190996011965053e-01  -8.8339049759839072e-01  -8.4648034674804518e-01  -8.0022366393698907e-01  -7.4425329336619694e-01  -6.7903356179905117e-01  -6.0599008781427655e-01  -5.2745692451037640e-01  -4.4643100494749094e-01  -3.6619482452046015e-01  -2.8991500385163987e-01  -2.2032358976310432e-01  -1.5954376127433953e-01  -1.0906265155917008e-01  -6.9810917157619057e-02  -4.2294673795962634e-02  -2.6732148390848032e-02  -2.3163813907958408e-02  -3.1519599939604181e-02  -5.1637687556911227e-02  -8.3235837601200124e-02  -1.2584137725263467e-01  -1.7869216405788890e-01  -2.4062945570331828e-01  -3.1001381521171206e-01  -3.8470207514252797e-01  -4.6212022321867030e-01  -5.3944706006391496e-01  -6.1388836438774330e-01  -6.8298380024579530e-01
  -8.5359866117970562e-01  -8.8407636335168904e-01  -9.0919475953705642e-01  -9.2939200483119533e-01  -9.4527318569907826e-01  -9.5751277644247934e-01  -9.6677911080076340e-01  -9.7368568890373663e-01  -9.7876470530309301e-01  -9.8245729262339832e-01  -9.8511651292182723e-01  -9.8701654806034633e-01  -9.8836475746042274e-01  -9.8931449597002263e-01  -9.8997657057602206e-01  -9.9042920127316825e-01  -9.9072584196574609e-01  -9.9090115718469129e-01  -9.9097512660598852e-01  -9.9095557367196319e-01  -9.9083913490433262e-01  -9.9061082294019909e-01  -9.9024204065165189e-01  -9.8968704136131658e-01  -9.8887751041483762e-01  -9.8771522810699475e-01  -9.8606246273978315e-01  -9.8373034521945790e-01  -9.8046548822881130e-01  -9.7593581323822476e-01  -9.6971818781458496e-01  -9.6128999386580016e-01  -9.5003077712117934e-01  -9.3523963576376579e-01  -9.1617344182141836e-01  -8.9211328571643977e-01  -8.6245936661014933e-01  -8.2684530923092203e-01  -7.8525674556098735e-01  -7.3813029337683589e-01  -6.8640329220958030e-01  -6.3149217478211384e-01  -5.7519609548209005e-01  -5.1954362302979329e-01  -4.6661533891707929e-01  -4.1837914383455821e-01  -3.7656654558491803e-01  -3.4260217381346919e-01  -3.1758199579457558e-01  -3.0228454058572601e-01  -2.9719522462413472e-01  -3.0252583584382509e-01  -3.1821678645666418e-01  -3.4391713039569111e-01  -3.7894606111928070e-01  -4.2224839812464549e-01  -4.7236535954125347e-01  -5.2744633837946353e-01  -5.8532500774341090e-01  -6.4366892826623889e-01  -7.0018888140115543e-01  -7.5286931744103092e-01  -8.0016715260337024e-01  -8.4113083773476049e-01  -8.7541522708288844e-01  -9.0320175602846375e-01  -9.2505954625200038e-01  -9.4178816437689694e-01  -9.5427415029936291e-01  -9.6338306008575647e-01  -9.6989196301513447e-01  -9.7445627918853095e-01  -9.7760278803510903e-01  -9.7973859627000515e-01  -9.8116818977585718e-01  -9.8211304014449308e-01  -9.8273035351132398e-01  -9.8312931523418312e-01  -9.8338423012140164e-01  -9.8354464180491619e-01  -9.8364278929313165e-01  -9.8369888529341076e-01  -9.8372465036412526e-01  -9.8372547773346908e-01  -9.8370146748638831e-01  -9.8364747464623092e-01  -9.8355217045191634e-01  -9.8339602428491646e-01  -9.8314797389373354e-01  -9.8276047809870126e-01  -9.8216254630554833e-01  -9.8125035804198624e-01  -9.7987516581116019e-01  -9.7782850400987165e-01  -9.7482531761194746e-01  -9.7048664803244844e-01  -9.6432503498706024e-01  -9.5573774205460205e-01  -9.4401470451137948e-01  -9.2837032837679101e-01  -9.0800577055087561e-01  -8.8220653431226936e-01  -8.5047101915396506e-01  -8.1265034925318247e-01  -7.6907133449257181e-01  -7.2060844119284551e-01  -6.6867400721446368e-01  -6.1511718496158851e-01  -5.6205108674108550e-01  -5.1164835179104551e-01  -4.6595046269112600e-01  -4.2672487592116132e-01  -3.9538423301848602e-01  -3.7296156683052856e-01  -3.6012325036560711e-01  -3.5719763401821936e-01  -3.6420137592507928e-01  -3.8085269622689460e-01  -4.0656954972868670e-01  -4.4045885077048413e-01  -4.8130955065413950e-01  -5.2760630019208143e-01  -5.7757947795570130e-01  -6.2930054621352816e-01  -6.8081889255232175e-01  -7.3032165001823590e-01  -7.7628682778530134e-01  -8.1759816826213050e-01
  -9.1591366451393563e-01  -9.3247089979862285e-01  -9.4605072599674944e-01  -9.5695471767842466e-01  -9.6554357344537833e-01  -9.7219357957743879e-01  -9.7726546811589099e-01  -9.8108380415192575e-01  -9.8392691478725214e-01  -9.8602494006043184e-01  -9.8756183154189481e-01  -9.8868057164831791e-01  -9.8948957957655770e-01  -9.9006885861695082e-01  -9.9047583626693014e-01  -9.9074999237272920e-01  -9.9091650191731540e-01  -9.9098857135443719e-01  -9.9096859933660475e-01  -9.9084795963692884e-01  -9.9060537015533034e-01  -9.9020349866006296e-01  -9.8958355472519099e-01  -9.8865727765299249e-01  -9.8729592179062997e-01  -9.8531553517239912e-01  -9.8245840624722514e-01  -9.7837059939366944e-01  -9.7257686386555253e-01  -9.6445575764458313e-01  -9.5321958759814418e-01  -9.3790886422985242e-01  -9.1741158423247660e-01  -8.9052189847909913e-01  -8.5605213938345859e-01  -8.1299983147001875e-01  -7.6075765085684566e-01  -6.9933222527465466e-01  -6.2951216556334588e-01  -5.5292126977178202e-01  -4.7191898232735108e-01  -3.8935683582437386e-01  -3.0824900531314398e-01  -2.3144365638792180e-01  -1.6137427338219323e-01  -9.9932644980049057e-02  -4.8461010485676803e-02  -7.8301416613220098e-03   2.1439817689175800e-02   3.9053804855147756e-02   4.4837982615527960e-02   3.8673162441445141e-02   2.0473836725642292e-02  -9.7829538683571471e-03  -5.1977520448923786e-02  -1.0572036948768954e-01  -1.7019228529304897e-01  -2.4398333168054481e-01  -3.2498186181657013e-01  -4.1037717462099538e-01  -4.9682773096721911e-01  -5.8080122798333900e-01  -6.5902288952567178e-01  -7.2891029230129156e-01  -7.8886628271711179e-01  -8.3835366642718934e-01  -8.7775868922864198e-01  -9.0812144452861976e-01  -9.3083404214643828e-01  -9.4738040120640932e-01  -9.5915420745823798e-01  -9.6735887938612353e-01  -9.7297141909064411e-01  -9.7674826039863427e-01  -9.7925329219792534e-01  -9.8089395440132565e-01  -9.8195701023587278e-01  -9.8263975090093436e-01  -9.8307520330920561e-01  -9.8335139920504644e-01  -9.8352551255680998e-01  -9.8363385917393165e-01  -9.8369873882626158e-01  -9.8373291481530778e-01  -9.8374236006875715e-01  -9.8372768615599693e-01  -9.8368453393550681e-01  -9.8360303924103265e-01  -9.8346640190590351e-01  -9.8324847045752839e-01  -9.8291022658734151e-01  -9.8239500850372874e-01  -9.8162238825566073e-01  -9.8048073352966436e-01  -9.7881877696316999e-01  -9.7643695273851261e-01  -9.7307988422099023e-01  -9.6843217060964515e-01  -9.6212068582147992e-01  -9.5372637159366336e-01  -9.4281024223615240e-01  -9.2895511357560856e-01  -9.1182221095108262e-01  -8.9122028524457186e-01  -8.6717639863951845e-01  -8.3999314609120390e-01  -8.1027885374831876e-01  -7.7894010692964999e-01  -7.4713201305940280e-01  -7.1617205343804002e-01  -6.8743241899617780e-01  -6.6222964122488648e-01  -6.4172739304688498e-01  -6.2686231191303199e-01  -6.1829509313381614e-01  -6.1638416301598919e-01  -6.2117671693271870e-01  -6.3241291776654474e-01  -6.4954153653054614e-01  -6.7174824370376873e-01  -6.9799949861994171e-01  -7.2710433452336021e-01  -7.5779343760360562e-01  -7.8880997697043431e-01  -8.1900190493256075e-01  -8.4740236347921649e-01  -8.7328565224832566e-01  -8.9619095335695931e-01
  -9.5012430837523110e-01  -9.5892923601801561e-01  -9.6617159661765717e-01  -9.7201756433913133e-01  -9.7665807721311371e-01  -9.8028825364582695e-01  -9.8309242933362651e-01  -9.8523590287102891e-01  -9.8686068536492466e-01  -9.8808400021863863e-01  -9.8899986658717109e-01  -9.8968146983068339e-01  -9.9018397442787109e-01  -9.9054757321102593e-01  -9.9079983374460401e-01  -9.9095761962951012e-01  -9.9102802790969013e-01  -9.9100840905667953e-01  -9.9088507058492148e-01  -9.9063046868681792e-01  -9.9019831507841127e-01  -9.8951606998554165e-01  -9.8847387938682107e-01  -9.8690907633397873e-01  -9.8458499890813145e-01  -9.8116334748779455e-01  -9.7616946830359863e-01  -9.6895180465508468e-01  -9.5863895834723589e-01  -9.4410232248598847e-01  -9.2393932554404024e-01  -8.9649790927793305e-01  -8.5997194859814075e-01  -8.1259356513462555e-01  -7.5293062437499814e-01  -6.8026356477171668e-01  -5.9495685594657144e-01  -4.9869361588030187e-01  -3.9445009939689812e-01  -2.8616230842994067e-01  -1.7815801238083034e-01  -7.4529784202389204e-02   2.1360586266299442e-02   1.0713346854215439e-01   1.8139552548821092e-01   2.4357046406832111e-01   2.9365154039080399e-01   3.3195139293899029e-01   3.5889168997799242e-01   3.7484675402854140e-01   3.8003897861664165e-01   3.7447814248983896e-01   3.5793828385316889e-01   3.2997150930402225e-01   2.8996512357001791e-01   2.3725543299773488e-01   1.7131380196236318e-01   9.2013936067643964e-02  -3.5085370272247562e-05  -1.0315020671987979e-01  -2.1434729038687911e-01  -3.2937676542552563e-01  -4.4313381114041006e-01  -5.5041454012730440e-01  -6.4680349649216806e-01  -7.2937792101772525e-01  -7.9699141918743099e-01  -8.5010194889485402e-01  -8.9029647725944505e-01  -9.1973672205944912e-01  -9.4069561758345088e-01  -9.5525436816733000e-01  -9.6515515912994987e-01  -9.7176613466174522e-01  -9.7611135258511217e-01  -9.7892917365936893e-01  -9.8073615805076653e-01  -9.8188478998474793e-01  -9.8261053007257959e-01  -9.8306775728792373e-01  -9.8335596144877879e-01  -9.8353816738912392e-01  -9.8365349656760559e-01  -9.8372549632017048e-01  -9.8376746891210898e-01  -9.8378571655269664e-01  -9.8378130506625527e-01  -9.8375075547109192e-01  -9.8368587823741982e-01  -9.8357287736476939e-01  -9.8339074468161325e-01  -9.8310895891169325e-01  -9.8268448077833281e-01  -9.8205812205390097e-01  -9.8115046819900298e-01  -9.7985774175892315e-01  -9.7804826878017903e-01  -9.7556057397194473e-01  -9.7220423093416308e-01  -9.6776563658695325e-01  -9.6201925787336751e-01  -9.5474633858163349e-01  -9.4576185534197610e-01  -9.3494637723890683e-01  -9.2228048418161745e-01  -9.0787778636398275e-01  -8.9200874375625261e-01  -8.7510812736110410e-01  -8.5776262190995101e-01  -8.4067820976210461e-01  -8.2463038061664795e-01  -8.1040307433658465e-01  -7.9872458189386242e-01  -7.9020815743160133e-01  -7.8530377362656312e-01  -7.8426468287831708e-01  -7.8713059827466214e-01  -7.9372762503872418e-01  -8.0368432453133276e-01  -8.1646264201945229e-01  -8.3140152688409574e-01  -8.4776992921140693e-01  -8.6482419216924455e-01  -8.8186377288928308e-01  -8.9827878443636089e-01  -9.1358414817877842e-01  -9.2743740393812524e-01  -9.3964004520256572e-01
  -9.6850271255065290e-01  -9.7317354713387816e-01  -9.7704790341766101e-01  -9.8020934130541204e-01  -9.8275230021401072e-01  -9.8477291963909896e-01  -9.8636277688091689e-01  -9.8760403146705400e-01  -9.8856716371256637e-01  -9.8931081098336193e-01  -9.8988181591943192e-01  -9.9031625412504742e-01  -9.9064067637282394e-01  -9.9087294917757063e-01  -9.9102298514397213e-01  -9.9109262097422812e-01  -9.9107473050511008e-01  -9.9095097817023792e-01  -9.9068789192558926e-01  -9.9023043902795527e-01  -9.8949226707428306e-01  -9.8834122954491554e-01  -9.8657870273234505e-01  -9.8391067922380482e-01  -9.7990890695192223e-01  -9.7396059936617341e-01  -9.6520755829814708e-01  -9.5247910870980024e-01  -9.3423122191433294e-01  -9.0851580340251770e-01  -8.7301859959753703e-01  -8.2521948513512533e-01  -7.6272377292048532e-01  -6.8377959700401603e-01  -5.8791114385007648e-01  -4.7647573050742059e-01  -3.5288144247900893e-01  -2.2226447190045351e-01  -9.0644500621471114e-02   3.6157301338801962e-02   1.5343914025130440e-01   2.5810241880724971e-01   3.4866347675504156e-01   4.2494175532701384e-01   4.8762238851296347e-01   5.3784230670403921e-01   5.7687123453382028e-01   6.0589892560924796e-01   6.2590901761647522e-01   6.3761153518694069e-01   6.4140914481603484e-01   6.3737946524844391e-01   6.2526336367459512e-01   6.0445626783350048e-01   5.7400732859864889e-01   5.3264009021650671e-01   4.7882028032183760e-01   4.1090868781853618e-01   3.2744551949123207e-01   2.2760123655405917e-01   1.1177696808504178e-01  -1.7771646084898340e-02  -1.5655390052188423e-01  -2.9804255433057147e-01  -4.3463913070306431e-01  -5.5919921354962787e-01  -6.6651663235363789e-01  -7.5413661005204902e-01  -8.2226505137449657e-01  -8.7301735881218756e-01  -9.0946528994533615e-01  -9.3484502199713138e-01  -9.5206712533948323e-01  -9.6350403879900060e-01  -9.7096312258039730e-01  -9.7575513990965490e-01  -9.7879593275443622e-01  -9.8070695903632654e-01  -9.8190003756297284e-01  -9.8264269198624365e-01  -9.8310573653495670e-01  -9.8339652666448774e-01  -9.8358148397370959e-01  -9.8370094824602861e-01  -9.8377874217819861e-01  -9.8382815271498247e-01  -9.8385553411856752e-01  -9.8386230895540527e-01  -9.8384588881686197e-01  -9.8379980867045314e-01  -9.8371327296928568e-01  -9.8357020388535021e-01  -9.8334788220681801e-01  -9.8301524954908948e-01  -9.8253101059757986e-01  -9.8184174490285236e-01  -9.8088035964505937e-01  -9.7956531792166179e-01  -9.7780144631944343e-01  -9.7548246084617407e-01  -9.7249685584131140e-01  -9.6873693711836173e-01  -9.6411052878277004e-01  -9.5855662077218717e-01  -9.5206273445684575e-01  -9.4468054541478896e-01  -9.3653804315336164e-01  -9.2784605209316662e-01  -9.1889593115540424e-01  -9.1004668320890647e-01  -9.0170185415098980e-01  -8.9427881729654590e-01  -8.8817387010086868e-01  -8.8372754997806879e-01  -8.8119415041056204e-01  -8.8071914194572809e-01  -8.8232683381502419e-01  -8.8591951422390547e-01  -8.9128789705208822e-01  -8.9813147461900322e-01  -9.0608637712692697e-01  -9.1475739755098917e-01  -9.2375057090866808e-01  -9.3270260540601690e-01  -9.4130419709719271e-01  -9.4931505266275529e-01  -9.5656981362431570e-01  -9.6297549323953580e-01
  -9.7831030843491051e-01  -9.8082679210977752e-01  -9.8294317504980699e-01  -9.8469813277802842e-01  -9.8613664915029919e-01  -9.8730504548764331e-01  -9.8824712277996285e-01  -9.8900251959288510e-01  -9.8960556298755264e-01  -9.9008434004670809e-01  -9.9046097513799669e-01  -9.9075170395757550e-01  -9.9096685655211092e-01  -9.9111080256713002e-01  -9.9118106541661932e-01  -9.9116675236242335e-01  -9.9104549840043621e-01  -9.9077852018338741e-01  -9.9030269476110644e-01  -9.8951849824568305e-01  -9.8827190484528937e-01  -9.8632801419604266e-01  -9.8333339326477909e-01  -9.7876412496831910e-01  -9.7185681134484225e-01  -9.6152260349462715e-01  -9.4624988895612239e-01  -9.2401391396789967e-01  -8.9223137721602463e-01  -8.4782597234992596e-01  -7.8749630542429760e-01  -7.0826998223680437e-01  -6.0835263626429759e-01  -4.8809840825045903e-01  -3.5070879484777390e-01  -2.0219523214362778e-01  -5.0390025143111916e-02   9.6692709771681651e-02   2.3245081456562627e-01   3.5262698082806554e-01   4.5540885330691894e-01   5.4093497526746726e-01   6.1058125209698366e-01   6.6630986140131454e-01   7.1020306969157998e-01   7.4418694196223811e-01   7.6989813690524023e-01   7.8863943474845000e-01   8.0138112977047826e-01   8.0877984266953873e-01   8.1119794056416006e-01   8.0871430027438362e-01   8.0112160612334515e-01   7.8790828655138556e-01   7.6822543505462293e-01   7.4084312411129516e-01   7.0410715801113166e-01   6.5592059093780630e-01   5.9379497393951663e-01   5.1504477743547117e-01   4.1722139783009210e-01   2.9886688602682276e-01   1.6055291858280779e-01   5.9172295798518570e-03  -1.5789249498925972e-01  -3.2100443890651542e-01  -4.7294254390751522e-01  -6.0525577328568292e-01  -7.1334511977184856e-01  -7.9671710110056337e-01  -8.5792710739366351e-01  -9.0105802731438445e-01  -9.3044834232372731e-01  -9.4994013882003259e-01  -9.6258725384712940e-01  -9.7064925905788058e-01  -9.7571588891905348e-01  -9.7886497028606057e-01  -9.8080688227477641e-01  -9.8199944343832157e-01  -9.8273229712060473e-01  -9.8318580570789726e-01  -9.8347067306165692e-01  -9.8365388425088673e-01  -9.8377529146327347e-01  -9.8385800970749626e-01  -9.8391477491848223e-01  -9.8395172476600989e-01  -9.8397051712627015e-01  -9.8396939097992187e-01  -9.8394351427372839e-01  -9.8388485920158231e-01  -9.8378173113107259e-01  -9.8361807499903564e-01  -9.8337265406901553e-01  -9.8301823856381054e-01  -9.8252097723548026e-01  -9.8184022203107213e-01  -9.8092890139835665e-01  -9.7973528733499693e-01  -9.7820556559625582e-01  -9.7628808294885805e-01  -9.7393985503756708e-01  -9.7113343454059642e-01  -9.6786430026117976e-01  -9.6415898038623915e-01  -9.6008167852158166e-01  -9.5573727717931667e-01  -9.5127011282031537e-01  -9.4685818401769029e-01  -9.4270274603209447e-01  -9.3901361354747648e-01  -9.3599180386970859e-01  -9.3381146361718970e-01  -9.3260362156753307e-01  -9.3244374562717391e-01  -9.3334480859730273e-01  -9.3525662992942693e-01  -9.3807148876251689e-01  -9.4163519271917118e-01  -9.4576202112031482e-01  -9.5025164886659264e-01  -9.5490583331466383e-01  -9.5954298886667277e-01  -9.6400910976180998e-01  -9.6818444647844504e-01  -9.7198600881991370e-01  -9.7536652299233451e-01
  -9.8358231632344961e-01  -9.8498836803248280e-01  -9.8619372292390584e-01  -9.8721587220086249e-01  -9.8807501163065214e-01  -9.8879211599176908e-01  -9.8938770834392431e-01  -9.8988017948542528e-01  -9.9028498160562717e-01  -9.9061455981490210e-01  -9.9087769624402910e-01  -9.9107915930855905e-01  -9.9121911498497384e-01  -9.9129173743380705e-01  -9.9128315374163467e-01  -9.9116772230778227e-01  -9.9090220505532800e-01  -9.9041645073051088e-01  -9.8959909878597019e-01  -9.8827582012951398e-01  -9.8617702094518789e-01  -9.8289078320406209e-01  -9.7779643563597141e-01  -9.6997426478212612e-01  -9.5809025195602104e-01  -9.4026285345358174e-01  -9.1393781659168494e-01  -8.7582925226886321e-01  -8.2203240617137996e-01  -7.4845458834251977e-01  -6.5169266334452169e-01  -5.3032739164606080e-01  -3.8626215063956504e-01  -2.2538793748725011e-01  -5.6894987971338296e-02   1.0877345141253103e-01   2.6242253436213236e-01   3.9787927798572675e-01   5.1245010098183363e-01   6.0630099630125001e-01   6.8139027643558503e-01   7.4047645095849535e-01   7.8643049588033853e-01   8.2185832792811353e-01   8.4894666645130945e-01   8.6943898488118987e-01   8.8467325197439439e-01   8.9564039210623103e-01   9.0304185841221485e-01   9.0733654141264186e-01   9.0877322323253318e-01   9.0740738444635460e-01   9.0310183898166962e-01   8.9551019972996737e-01   8.8404175921695938e-01   8.6780576767627582e-01   8.4553454590642196e-01   8.1548880397303791e-01   7.7535985561960896e-01   7.2220591389226296e-01   6.5250034474426410e-01   5.6242730960040566e-01   4.4860808087442916e-01   3.0939489461748260e-01   1.4658716357573365e-01  -3.3140924381408809e-02  -2.1830528338435429e-01  -3.9499449563906597e-01  -5.5083738196992116e-01  -6.7836674031122224e-01  -7.7598569593085209e-01  -8.4661873485185679e-01  -8.9544786240444396e-01  -9.2800934037859384e-01  -9.4912014059141003e-01  -9.6250987618692396e-01  -9.7085842645777265e-01  -9.7599580284078002e-01  -9.7912709014289856e-01  -9.8102467655348191e-01  -9.8217333482970592e-01  -9.8287218019988065e-01  -9.8330312450556256e-01  -9.8357536172917293e-01  -9.8375359531040885e-01  -9.8387558212720994e-01  -9.8396285616431456e-01  -9.8402714828560467e-01  -9.8407415143041665e-01  -9.8410563228808345e-01  -9.8412054102266955e-01  -9.8411548324369691e-01  -9.8408481190010777e-01  -9.8402047416023530e-01  -9.8391174167849849e-01  -9.8374491568109279e-01  -9.8350312122437911e-01  -9.8316627215692498e-01  -9.8271152859287692e-01  -9.8211388830453472e-01  -9.8134787663909251e-01  -9.8038980384447005e-01  -9.7922006310818777e-01  -9.7782686176623734e-01  -9.7621042454036422e-01  -9.7438612694858784e-01  -9.7238686482318593e-01  -9.7026474200089630e-01  -9.6809097775563968e-01  -9.6595328065481878e-01  -9.6395059183576304e-01  -9.6218591829081523e-01  -9.6075784781700646e-01  -9.5975186893702014e-01  -9.5923237486620816e-01  -9.5923654721599483e-01  -9.5977085182048860e-01  -9.6081066990913389e-01  -9.6230306842920310e-01  -9.6417223522865880e-01  -9.6632684535769831e-01  -9.6866827114080367e-01  -9.7109871176671447e-01  -9.7352827981795531e-01  -9.7588048762004553e-01  -9.7809561275391466e-01  -9.8013180744589268e-01  -9.8196412008463130e-01
  -9.8648403140850704e-01  -9.8732002192321078e-01  -9.8805469352516129e-01  -9.8869463743504382e-01  -9.8924848238344121e-01  -9.8972545080245378e-01  -9.9013402328541655e-01  -9.9048171861874379e-01  -9.9077457664603796e-01  -9.9101624915787290e-01  -9.9120763979092885e-01  -9.9134589312491905e-01  -9.9142275142996006e-01  -9.9142216349599110e-01  -9.9131604410745389e-01  -9.9105773228976102e-01  -9.9057144263243901e-01  -9.8973592342704886e-01  -9.8835920724845949e-01  -9.8614047787043324e-01  -9.8261344167977183e-01  -9.7706471322980326e-01  -9.6842052069068774e-01  -9.5509894257191053e-01  -9.3483603285710237e-01  -9.0452130143235210e-01  -8.6012729325925252e-01  -7.9689147994741805e-01  -7.0997069227444110e-01  -5.9574440652578931e-01  -4.5364504452530635e-01  -2.8781481869305947e-01  -1.0743173888752944e-01   7.5076580392165915e-02   2.4735347068879232e-01   4.0021472454952772e-01   5.2905191524790662e-01   6.3339237679153881e-01   7.1547885028641844e-01   7.7880031704638197e-01   8.2704880864776986e-01   8.6355663253770243e-01   8.9108188126108800e-01   9.1179094401808702e-01   9.2732939001711401e-01   9.3891860074430999e-01   9.4744804685867978e-01   9.5355163049589642e-01   9.5766579354073345e-01   9.6007063814453564e-01   9.6091624765986094e-01   9.6023595986337762e-01   9.5794736445923601e-01   9.5384072524790731e-01   9.4755295227355874e-01   9.3852405768521496e-01   9.2593122420278695e-01   9.0859516397532381e-01   8.8485446742176377e-01   8.5241104808751111e-01   8.0816944581700267e-01   7.4813635620485763e-01   6.6752596093910599e-01   5.6132536085981766e-01   4.2563795439711516e-01   2.5992415694535076e-01   6.9523738741859020e-02  -1.3324107047782907e-01  -3.3125918549940969e-01  -5.0794418630825011e-01  -6.5256201340427489e-01  -7.6224949344303972e-01  -8.4036210872748385e-01  -8.9329203156182779e-01  -9.2781906165244243e-01  -9.4970389608682293e-01  -9.6327903352253075e-01  -9.7156460341391593e-01  -9.7656255041499873e-01  -9.7955429650953818e-01  -9.8133946570958053e-01  -9.8240746535360102e-01  -9.8305322327404610e-01  -9.8345216796058743e-01  -9.8370742475020290e-01  -9.8387891774464564e-01  -9.8400098904716005e-01  -9.8409292290264516e-01  -9.8416511758979797e-01  -9.8422265621708971e-01  -9.8426729993113415e-01  -9.8429856600916743e-01  -9.8431424427666003e-01  -9.8431060849833585e-01  -9.8428244701807177e-01  -9.8422303117437582e-01  -9.8412408869771806e-01  -9.8397590330746831e-01  -9.8376743224590779e-01  -9.8348699304137877e-01  -9.8312278548189413e-01  -9.8266385908655396e-01  -9.8210200157469330e-01  -9.8143307251944023e-01  -9.8065825330854284e-01  -9.7978603363010874e-01  -9.7883387275174438e-01  -9.7782860866752686e-01  -9.7680584906074430e-01  -9.7580853287423697e-01  -9.7488468088965419e-01  -9.7408410525137201e-01  -9.7345448940372648e-01  -9.7303715019896431e-01  -9.7286322970773509e-01  -9.7295070640788772e-01  -9.7330271991725104e-01  -9.7390738053233539e-01  -9.7473906461409254e-01  -9.7576103930045366e-01  -9.7692896869786350e-01  -9.7819491292510929e-01  -9.7951119402990927e-01  -9.8083375100117509e-01  -9.8212455992549441e-01  -9.8335314343028757e-01  -9.8449726115252112e-01  -9.8554299765611664e-01
  -9.8815850735456134e-01  -9.8870092580107471e-01  -9.8919066120836019e-01  -9.8963003092594559e-01  -9.9002180245223403e-01  -9.9036887630709902e-01  -9.9067415511768653e-01  -9.9093957182722769e-01  -9.9116548389328540e-01  -9.9135029213668524e-01  -9.9148909531601337e-01  -9.9157203391669801e-01  -9.9158164091873346e-01  -9.9148824199478702e-01  -9.9124288413662365e-01  -9.9076576917079406e-01  -9.8992816750634005e-01  -9.8852404006952999e-01  -9.8622648952238334e-01  -9.8252192883112011e-01  -9.7661338095139738e-01  -9.6728357714411695e-01  -9.5271282775479493e-01  -9.3026098942888880e-01  -8.9625964299990568e-01  -8.4593122654879882e-01  -7.7365902330173331e-01  -6.7391975415493088e-01  -5.4310026079929408e-01  -3.8191477887333175e-01  -1.9725343486083996e-01  -1.8069069940469529e-03   1.8916907210567385e-01   3.6239461381997229e-01   5.0977703137487940e-01   6.2893614997511005e-01   7.2170737823327813e-01   7.9208849592117381e-01   8.4462683206595135e-01   8.8350553511969021e-01   9.1218001744727717e-01   9.3333277810325854e-01   9.4897016717884497e-01   9.6055945333338688e-01   9.6915882713069457e-01   9.7552403501043672e-01   9.8018961966445151e-01   9.8352817148384619e-01   9.8579195399803021e-01   9.8714091036879337e-01   9.8765998770548691e-01   9.8736771296188985e-01   9.8621692451528498e-01   9.8408740943740625e-01   9.8076922399589472e-01   9.7593383479982632e-01   9.6908883661039225e-01   9.5950960327727430e-01   9.4613933162246833e-01   9.2744737188736481e-01   9.0123840575297121e-01   8.6441904515253842e-01   8.1276897485782174e-01   7.4085445075381573e-01   6.4237867633543355e-01   5.1144064785207399e-01   3.4512670130841017e-01   1.4708115152562790e-01  -6.9991210872197840e-02  -2.8600468951873737e-01  -4.8014173927085668e-01  -6.3843702181638184e-01  -7.5699417179601236e-01  -8.3988092795359126e-01  -8.9484747875538195e-01  -9.2989795826388644e-01  -9.5161852699567184e-01  -9.6480249919119143e-01  -9.7268718259466391e-01  -9.7735570470507849e-01  -9.8010518306760108e-01  -9.8172459964451497e-01  -9.8268551213312672e-01  -9.8326586084384782e-01  -9.8362757660007838e-01  -9.8386401352141972e-01  -9.8402844229027897e-01  -9.8415088582446208e-01  -9.8424796755696065e-01  -9.8432857240259142e-01  -9.8439708158379113e-01  -9.8445516084235329e-01  -9.8450274656879455e-01  -9.8453854453933065e-01  -9.8456028755714264e-01  -9.8456485048117726e-01  -9.8454833534178410e-01  -9.8450612916043290e-01  -9.8443316824453164e-01  -9.8432397747161815e-01  -9.8417327276692768e-01  -9.8397658136814736e-01  -9.8373042941137534e-01  -9.8343336020301930e-01  -9.8308716599662516e-01  -9.8269726647800049e-01  -9.8227286508677836e-01  -9.8182734818150574e-01  -9.8137838426763824e-01  -9.8094732397422202e-01  -9.8055785301394538e-01  -9.8023431096074076e-01  -9.7999973662150519e-01  -9.7987398156850081e-01  -9.7987192977100368e-01  -9.8000215891896414e-01  -9.8026615167410569e-01  -9.8065819473098526e-01  -9.8116599386904957e-01  -9.8177184508838666e-01  -9.8245427564125420e-01  -9.8318982772616881e-01  -9.8395489902670219e-01  -9.8472736300619146e-01  -9.8548794816076279e-01  -9.8622110876452762e-01  -9.8691531216247053e-01  -9.8756268439839412e-01
  -9.8920039770818269e-01  -9.8959056581406357e-01  -9.8995203655634301e-01  -9.9028442628506674e-01  -9.9058798975396301e-01  -9.9086297335521278e-01  -9.9110879249171591e-01  -9.9132394298582582e-01  -9.9150530247625168e-01  -9.9164669824930218e-01  -9.9173738838039549e-01  -9.9175916760844052e-01  -9.9168159841092729e-01  -9.9145458646718354e-01  -9.9099604962257604e-01  -9.9017247970033662e-01  -9.8876796189915650e-01  -9.8643594337877594e-01  -9.8262508983298447e-01  -9.7646844777244501e-01  -9.6662357356471262e-01  -9.5105575133275422e-01  -9.2677377883221457e-01  -8.8957514613503785e-01  -8.3395274654828322e-01  -7.5346313158682099e-01  -6.4197490213188457e-01  -4.9605912205241581e-01  -3.1800579118965860e-01  -1.1770383682946323e-01   8.8756238968353163e-02   2.8393833669719210e-01   4.5455694472155944e-01   5.9429225725686785e-01   7.0315018107960803e-01   7.8499690832922520e-01   8.4513114901674280e-01   8.8873106218775777e-01   9.2015649795638432e-01   9.4279167559422006e-01   9.5914263850600612e-01   9.7101487103075423e-01   9.7968881638110417e-01   9.8606462811082563e-01   9.9077219840318165e-01   9.9425098414332336e-01   9.9680630438914308e-01   9.9864808960838347e-01   9.9991705280538357e-01   1.0007017296236536e+00   1.0010488379374725e+00   1.0009683252723089e+00   1.0004337395306515e+00   9.9937784897887649e-01   9.9768255214999324e-01   9.9516132027812676e-01   9.9153084495211119e-01   9.8636689718928028e-01   9.7903658679545580e-01   9.6859604305920977e-01   9.5363923506947845e-01   9.3208240394775910e-01   9.0087656132001592e-01   8.5567389851472853e-01   7.9056861881513907e-01   6.9822960816458579e-01   5.7103086979317808e-01   4.0391252717810472e-01   1.9895135647469531e-01  -3.0680067297198799e-02  -2.6184771222741338e-01  -4.6963279001639219e-01  -6.3735473431012668e-01  -7.6078934508986595e-01  -8.4522590449608215e-01  -8.9992184717047596e-01  -9.3399211524035364e-01  -9.5463663251258324e-01  -9.6690751598701552e-01  -9.7410696921719819e-01  -9.7829826410979726e-01  -9.8073243265916132e-01  -9.8215219037094159e-01  -9.8299165567149860e-01  -9.8350146335345912e-01  -9.8382485084679194e-01  -9.8404291767992524e-01  -9.8420117570389298e-01  -9.8432488571974797e-01  -9.8442786317098707e-01  -9.8451744123293450e-01  -9.8459727749654524e-01  -9.8466888317966550e-01  -9.8473247995262447e-01  -9.8478744009895280e-01  -9.8483254275115395e-01  -9.8486610390538076e-01  -9.8488612323660463e-01  -9.8489029149600926e-01  -9.8487635429630260e-01  -9.8484210705659470e-01  -9.8478558027336804e-01  -9.8470580025947529e-01  -9.8460291147792334e-01  -9.8447812046703487e-01  -9.8433434281990739e-01  -9.8417677905503376e-01  -9.8401283508932891e-01  -9.8385172168623569e-01  -9.8370402601676821e-01  -9.8358128220364027e-01  -9.8349527182084995e-01  -9.8345719250419239e-01  -9.8347667951567241e-01  -9.8356096355027955e-01  -9.8371419369613644e-01  -9.8393705934160214e-01  -9.8422675299470064e-01  -9.8457722487468624e-01  -9.8497978081093995e-01  -9.8542382887044133e-01  -9.8589780878222699e-01  -9.8639003014620230e-01  -9.8688943316873212e-01  -9.8738605189300044e-01  -9.8787135327987086e-01  -9.8833847156154908e-01  -9.8878248998770224e-01
  -9.8991925805805225e-01  -9.9022896673262517e-01  -9.9052128160309294e-01  -9.9079519644698977e-01  -9.9104934312376558e-01  -9.9128188639020109e-01  -9.9149044869095726e-01  -9.9167099097258471e-01  -9.9181670508027586e-01  -9.9191654818583486e-01  -9.9195214055626546e-01  -9.9189304292877234e-01  -9.9168911481801802e-01  -9.9125770815842817e-01  -9.9046332518736691e-01  -9.8908468283673456e-01  -9.8676278634946324e-01  -9.8291982301873659e-01  -9.7663593316728814e-01  -9.6646825056104391e-01  -9.5020086785218505e-01  -9.2453408001938431e-01  -8.8477902702652755e-01  -8.2474549710593981e-01  -7.3720500993578753e-01  -6.1546695723777956e-01  -4.5637006933773200e-01  -2.6388794699447193e-01  -5.0905295569901809e-02   1.6340761197894083e-01   3.6007277645770908e-01   5.2642505668464690e-01   6.5817073782167257e-01   7.5752686211284126e-01   8.2999036667383985e-01   8.8175494772495200e-01   9.1832861465061844e-01   9.4406976288788025e-01   9.6220953275146481e-01   9.7505513562605062e-01   9.8421881059265381e-01   9.9081405260984856e-01   9.9560596386130873e-01   9.9911988634637749e-01   1.0017169494929750e+00   1.0036456770259108e+00   1.0050767523183031e+00   1.0061264277923081e+00   1.0068719680860010e+00   1.0073616834850656e+00   1.0076208871523602e+00   1.0076548171433857e+00   1.0074487967481192e+00   1.0069656464100485e+00   1.0061397408237838e+00   1.0048665324669086e+00   1.0029854609518729e+00   1.0002528723822601e+00   9.9629947053982149e-01   9.9056387435962301e-01   9.8218905547687962e-01   9.6986339454458381e-01   9.5158326764940881e-01   9.2431816052032012e-01   8.8358646701060461e-01   8.2304538342895173e-01   7.3443034699662191e-01   6.0858497577185966e-01   4.3863516911361888e-01   2.2561579169541357e-01  -1.6153587418238968e-02  -2.6001265306250670e-01  -4.7721064320038697e-01  -6.4940597730112148e-01  -7.7320770175957354e-01  -8.5576712122214571e-01  -9.0791138359493817e-01  -9.3962443091640879e-01  -9.5842189282424561e-01  -9.6937448192664255e-01  -9.7568837812034559e-01  -9.7931014326587440e-01  -9.8139050295734620e-01  -9.8259724430283590e-01  -9.8331267236797681e-01  -9.8375332421371064e-01  -9.8404076960739872e-01  -9.8424271033034250e-01  -9.8439656440579504e-01  -9.8452282050003048e-01  -9.8463256733127824e-01  -9.8473166834398440e-01  -9.8482309189438000e-01  -9.8490816800271586e-01  -9.8498729296094500e-01  -9.8506029635461290e-01  -9.8512666786633596e-01  -9.8518565290060356e-01  -9.8523645898934686e-01  -9.8527815186917089e-01  -9.8530997081343252e-01  -9.8533153396851381e-01  -9.8534258064771629e-01  -9.8534335611013901e-01  -9.8533516954944755e-01  -9.8532022332948199e-01  -9.8530137858614075e-01  -9.8528231029960534e-01  -9.8526768830726397e-01  -9.8526306222935056e-01  -9.8527443863154796e-01  -9.8530783956478252e-01  -9.8536882197234799e-01  -9.8546209383350236e-01  -9.8559113242239260e-01  -9.8575790433634658e-01  -9.8596270427985011e-01  -9.8620410862674135e-01  -9.8647912795238979e-01  -9.8678341381192425e-01  -9.8711163406218516e-01  -9.8745780285551255e-01  -9.8781571915995769e-01  -9.8817932572068590e-01  -9.8854314176848290e-01  -9.8890250779661681e-01  -9.8925365888295003e-01  -9.8959346193441822e-01
  -9.9047343944882493e-01  -9.9073973044308139e-01  -9.9099407483171431e-01  -9.9123442655335936e-01  -9.9145865835972125e-01  -9.9166394393763235e-01  -9.9184573701339174e-01  -9.9199714230024283e-01  -9.9210721668256074e-01  -9.9215785854296623e-01  -9.9211930084022937e-01  -9.9194232843414498e-01  -9.9154533566339520e-01  -9.9079352403249743e-01  -9.8946474326508538e-01  -9.8719501892127259e-01  -9.8339218925821847e-01  -9.7710268421539936e-01  -9.6681249320620311e-01  -9.5016693030425592e-01  -9.2361480330457180e-01  -8.8204938343749473e-01  -8.1866600881061191e-01  -7.2550058068849865e-01  -5.9531501217064609e-01  -4.2518375824519272e-01  -2.2067742341959684e-01   2.5260292229217218e-03   2.2256043671660208e-01   4.1937260989203196e-01   5.8120204441943346e-01   7.0571876182998527e-01   7.9703207425696365e-01   8.6189496815364519e-01   9.0710201697616111e-01   9.3831563499587267e-01   9.5981592241172242e-01   9.7466505690825955e-01   9.8498557869855352e-01   9.9222297089368150e-01   9.9735362720141041e-01   1.0010355765608552e+00   1.0037127674425934e+00   1.0056853524704077e+00   1.0071569412385255e+00   1.0082659896639468e+00   1.0091067775610227e+00   1.0097430452883827e+00   1.0102170125856105e+00   1.0105549417709299e+00   1.0107705807871459e+00   1.0108666758737010e+00   1.0108351092854932e+00   1.0106553153305109e+00   1.0102909010675469e+00   1.0096834842450222e+00   1.0087426872455076e+00   1.0073297808376982e+00   1.0052316543897772e+00   1.0021188556571667e+00   9.9747894489138944e-01   9.9051008535664142e-01   9.7995337823155992e-01   9.6383265030345711e-01   9.3907054302914095e-01   9.0097399183112459e-01   8.4268484302990787e-01   7.5496348891571075e-01   6.2720923086696534e-01   4.5112717972573890e-01   2.2761039319041715e-01  -2.6609531008833565e-02  -2.8056198474584104e-01  -5.0226987344719554e-01  -6.7340520990432928e-01  -7.9288929983473333e-01  -8.7030633681880754e-01  -9.1791653136155915e-01  -9.4618705623066357e-01  -9.6259257428093492e-01  -9.7197631360413905e-01  -9.7730201754530888e-01  -9.8032032043800321e-01  -9.8204176711014712e-01  -9.8304056193472644e-01  -9.8363918190259869e-01  -9.8401711947634829e-01  -9.8427350056012652e-01  -9.8446272427042936e-01  -9.8461443004656890e-01  -9.8474467681230293e-01  -9.8486207054485131e-01  -9.8497117853592253e-01  -9.8507434661044579e-01  -9.8517273030798780e-01  -9.8526681137177996e-01  -9.8535671860143315e-01  -9.8544239862202510e-01  -9.8552365530255781e-01  -9.8560039263800403e-01  -9.8567252190177790e-01  -9.8573994207539117e-01  -9.8580303157215043e-01  -9.8586249349042598e-01  -9.8591908022834518e-01  -9.8597392149134255e-01  -9.8602888062733474e-01  -9.8608639859588987e-01  -9.8614922153010143e-01  -9.8622021883549116e-01  -9.8630238206020315e-01  -9.8639868649614848e-01  -9.8651195086567722e-01  -9.8664456562403036e-01  -9.8679830665296586e-01  -9.8697415663611232e-01  -9.8717221495888785e-01  -9.8739169358490564e-01  -9.8763095127355727e-01  -9.8788765244045962e-01  -9.8815891259628774e-01  -9.8844155367585107e-01  -9.8873226869077036e-01  -9.8902780416638891e-01  -9.8932497483428783e-01  -9.8962072487231090e-01  -9.8991220965930515e-01  -9.9019706198825708e-01
  -9.9094562056728952e-01  -9.9118734675157805e-01  -9.9141915235706457e-01  -9.9163887675513884e-01  -9.9184332467233449e-01  -9.9202792120901973e-01  -9.9218605438639484e-01  -9.9230709420215957e-01  -9.9237359791127933e-01  -9.9235703267157627e-01  -9.9220990266093667e-01  -9.9185307631306485e-01  -9.9115487459090390e-01  -9.8989649797341506e-01  -9.8771618491214752e-01  -9.8401955053095347e-01  -9.7783919514874551e-01  -9.6762156487134310e-01  -9.5092102539008805e-01  -9.2400240172083148e-01  -8.8142612404453580e-01  -8.1586067885120217e-01  -7.1866179690485243e-01  -5.8201784141724600e-01  -4.0309383335957244e-01  -1.8879660323616265e-01   4.2740261133840884e-02   2.6730230362408536e-01   4.6399546462149766e-01   6.2195602462259014e-01   7.4057250848995071e-01   8.2550699821922979e-01   8.8447769988877356e-01   9.2469805474232003e-01   9.5190380809559938e-01   9.7028101814253032e-01   9.8273976825919629e-01   9.9124818308633844e-01   9.9711848513427015e-01   1.0012204082851346e+00   1.0041293771470836e+00   1.0062265586727825e+00   1.0077653182162090e+00   1.0089151553310596e+00   1.0097901123028126e+00   1.0104673510465616e+00   1.0109990240520794e+00   1.0114202329261470e+00   1.0117540020040094e+00   1.0120146448831013e+00   1.0122095547737098e+00   1.0123402253792915e+00   1.0124021532799981e+00   1.0123840527869437e+00   1.0122657206343881e+00   1.0120145379947250e+00   1.0115793524062378e+00   1.0108808865896242e+00   1.0097958534382681e+00   1.0081315770358426e+00   1.0055838751729667e+00   1.0016683833488700e+00   9.9560761745664805e-01   9.8614916647279527e-01   9.7127656342170399e-01   9.4776901990649598e-01   9.1058772399639576e-01   8.5218798330588530e-01   7.6219462760247014e-01   6.2857621100348982e-01   4.4214393771607241e-01   2.0501527843703082e-01  -6.1854310312571215e-02  -3.2242175964444719e-01  -5.4280791009147256e-01  -7.0700640217406652e-01  -8.1774695291394706e-01  -8.8728837622205359e-01  -9.2890734579629297e-01  -9.5305094132800616e-01  -9.6678633101206501e-01  -9.7451365581480065e-01  -9.7884246771419070e-01  -9.8127516409587812e-01  -9.8266006122698779e-01  -9.8347003218798001e-01  -9.8396596803720637e-01  -9.8429085999911925e-01  -9.8452244924785903e-01  -9.8470290019689066e-01  -9.8485484882087615e-01  -9.8499050922261233e-01  -9.8511633700916601e-01  -9.8523583649661717e-01  -9.8535080561146027e-01  -9.8546226297644135e-01  -9.8557070270363245e-01  -9.8567644581619995e-01  -9.8577970715899321e-01  -9.8588063622903732e-01  -9.8597941497712949e-01  -9.8607649874287540e-01  -9.8617215490231691e-01  -9.8626682662635778e-01  -9.8636138962990849e-01  -9.8645701552886855e-01  -9.8655477951852122e-01  -9.8665588827748274e-01  -9.8676176560248674e-01  -9.8687416467772948e-01  -9.8699486717059493e-01  -9.8712563203245374e-01  -9.8726794568950726e-01  -9.8742305749159098e-01  -9.8759180666407242e-01  -9.8777465609398618e-01  -9.8797158120049033e-01  -9.8818211879732298e-01  -9.8840534341779873e-01  -9.8863994721455539e-01  -9.8888427059626571e-01  -9.8913639183491020e-01  -9.8939418645603150e-01  -9.8965546619289424e-01  -9.8991811404347785e-01  -9.9018022841391318e-01  -9.9044006810133622e-01  -9.9069585829871332e-01
  -9.9137694522322639e-01  -9.9160415246669553e-01  -9.9182202858714386e-01  -9.9202732707589458e-01  -9.9221591452116120e-01  -9.9238149163969447e-01  -9.9251389382531752e-01  -9.9259667975771071e-01  -9.9260295114554720e-01  -9.9248753790118216e-01  -9.9217499042610191e-01  -9.9153877680835223e-01  -9.9036716498703714e-01  -9.8830709660404892e-01  -9.8477331153246717e-01  -9.7880378240882349e-01  -9.6883710517370591e-01  -9.5238654203715245e-01  -9.2560638617246271e-01  -8.8282093087879354e-01  -8.1627549454513337e-01  -7.1670987757812288e-01  -5.7568654614960013e-01  -3.9022401397651996e-01  -1.6816388817937411e-01   7.0329392062658869e-02   2.9896231197328793e-01   4.9601245656615095e-01   6.5129129710267553e-01   7.6557414774781907e-01   8.4577295225983351e-01   9.0037140329735632e-01   9.3690838747007943e-01   9.6117317831932914e-01   9.7727570389962681e-01   9.8800710595654329e-01   9.9521728771871432e-01   1.0001173897384619e+00   1.0034958004182595e+00   1.0058650620627723e+00   1.0075593311204916e+00   1.0087977609571124e+00   1.0097249358968501e+00   1.0104367346912380e+00   1.0109970165820115e+00   1.0114485335415515e+00   1.0118200007630029e+00   1.0121306575472677e+00   1.0123931489610516e+00   1.0126153262499100e+00   1.0128012794644841e+00   1.0129518341347721e+00   1.0130645190803667e+00   1.0131330701263142e+00   1.0131462280319368e+00   1.0130856814441740e+00   1.0129225271590698e+00   1.0126114577755565e+00   1.0120811294577348e+00   1.0112182189005205e+00   1.0098411866616148e+00   1.0076566534650866e+00   1.0041865473986626e+00   9.9864546983270830e-01   9.8973695551578245e-01   9.7532301064121862e-01   9.5191071123224991e-01   9.1392258575433960e-01   8.5286783836360558e-01   7.5698409599378569e-01   6.1283854605767085e-01   4.1119657290329947e-01   1.5741754845899769e-01  -1.2112404308703728e-01  -3.8318983154568254e-01  -5.9546467456571339e-01  -7.4696839374854185e-01  -8.4529379136231053e-01  -9.0506852035870489e-01  -9.3989855538646794e-01  -9.5966531038563652e-01  -9.7071112185193043e-01  -9.7683858246046318e-01  -9.8023818524236184e-01  -9.8214189560660448e-01  -9.8323145367576070e-01  -9.8388041531133996e-01  -9.8429153263677049e-01  -9.8457446490325939e-01  -9.8478794476757892e-01  -9.8496356305854904e-01  -9.8511801391459697e-01  -9.8526034700418252e-01  -9.8539525289039542e-01  -9.8552540528955379e-01  -9.8565214648269373e-01  -9.8577639203916889e-01  -9.8589861283890379e-01  -9.8601924111964701e-01  -9.8613861164658856e-01  -9.8625715165019667e-01  -9.8637505380360713e-01  -9.8649295143271565e-01  -9.8661145087184920e-01  -9.8673110205898384e-01  -9.8685239038848804e-01  -9.8697627910744490e-01  -9.8710380694011879e-01  -9.8723611984246329e-01  -9.8737411892453786e-01  -9.8751879121703068e-01  -9.8767095792474946e-01  -9.8783151656515877e-01  -9.8800109837934014e-01  -9.8818025166338541e-01  -9.8836915054015484e-01  -9.8856778778023791e-01  -9.8877576169477610e-01  -9.8899247968852988e-01  -9.8921700955157765e-01  -9.8944830606503653e-01  -9.8968510682315491e-01  -9.8992615518843097e-01  -9.9017004552646060e-01  -9.9041534237324036e-01  -9.9066036547939440e-01  -9.9090341270237137e-01  -9.9114277296641606e-01
  -9.9178942442521612e-01  -9.9200713243015071e-01  -9.9221459073469376e-01  -9.9240807504466744e-01  -9.9258148111034827e-01  -9.9272535910135473e-01  -9.9282453162758355e-01  -9.9285390351382652e-01  -9.9277113466264855e-01  -9.9250535510549542e-01  -9.9193678960643372e-01  -9.9086380030392363e-01  -9.8894755076168595e-01  -9.8562181943421845e-01  -9.7994737532958354e-01  -9.7038469316001164e-01  -9.5445456924137773e-01  -9.2827544100080817e-01  -8.8603859001380192e-01  -8.1968291763024781e-01  -7.1941055462749248e-01  -5.7609902210474173e-01  -3.8632518046708864e-01  -1.5836010260808508e-01   8.6089315864785521e-02   3.1884759345085978e-01   5.1720030658268423e-01   6.7126719066664509e-01   7.8284423745543452e-01   8.5984143108885602e-01   9.1138451424742573e-01   9.4530668464463996e-01   9.6746853050010273e-01   9.8194049807314687e-01   9.9143500996974809e-01   9.9771910870212888e-01   1.0019306652728019e+00   1.0047983399476685e+00   1.0067891880991386e+00   1.0082034703032534e+00   1.0092352203020294e+00   1.0100100378185537e+00   1.0106099880283899e+00   1.0110889397423559e+00   1.0114828732408445e+00   1.0118157091164834e+00   1.0121036436979347e+00   1.0123572950993736e+00   1.0125837662386288e+00   1.0127872708408203e+00   1.0129701826417534e+00   1.0131328608233565e+00   1.0132741131989786e+00   1.0133903836148206e+00   1.0134755592227935e+00   1.0135191678677957e+00   1.0135047821459391e+00   1.0134059462187615e+00   1.0131809385678343e+00   1.0127625476847364e+00   1.0120422535087514e+00   1.0108416100693833e+00   1.0088650873904941e+00   1.0056183368320537e+00   1.0002708423765061e+00   9.9142063480760623e-01   9.7670608322435926e-01   9.5219215984667105e-01   9.1149863585098945e-01   8.4483565750871592e-01   7.3875359679429231e-01   5.7863106479868132e-01   3.5667671443319182e-01   8.4338826302067682e-02  -2.0251884374500873e-01  -4.5887724079417330e-01  -6.5573162677393737e-01  -7.8959122427092099e-01  -8.7304167700241786e-01  -9.2217552956833926e-01  -9.5009291620317426e-01  -9.6562539904156375e-01  -9.7417303176271952e-01  -9.7886379648314059e-01  -9.8145311044295891e-01  -9.8290759729218813e-01  -9.8375276633896291e-01  -9.8427204557935810e-01  -9.8461717436585472e-01  -9.8486913897108819e-01  -9.8507086639089936e-01  -9.8524518580494203e-01  -9.8540411132334349e-01  -9.8555411153043415e-01  -9.8569859064412535e-01  -9.8583951063706399e-01  -9.8597794210168721e-01  -9.8611463579967606e-01  -9.8625011004027463e-01  -9.8638479668878976e-01  -9.8651906789507171e-01  -9.8665352411866136e-01  -9.8678847082203647e-01  -9.8692432692546106e-01  -9.8706172872984410e-01  -9.8720148953121378e-01  -9.8734412537817118e-01  -9.8749018331235394e-01  -9.8764020368921368e-01  -9.8779498013028655e-01  -9.8795519363823558e-01  -9.8812156781322891e-01  -9.8829455884307049e-01  -9.8847460440819324e-01  -9.8866186779843446e-01  -9.8885647245278707e-01  -9.8905826310911737e-01  -9.8926702099505048e-01  -9.8948225261531553e-01  -9.8970340019529257e-01  -9.8992963647507093e-01  -9.9016007067620115e-01  -9.9039354808645474e-01  -9.9062891127917674e-01  -9.9086486752571346e-01  -9.9110028200901956e-01  -9.9133388089348329e-01  -9.9156425451001839e-01
  -9.9219300860092086e-01  -9.9240377854768536e-01  -9.9260265202659559e-01  -9.9278401384438109e-01  -9.9293931192921558e-01  -9.9305472389914029e-01  -9.9310692566466241e-01  -9.9305692291246306e-01  -9.9283888919771801e-01  -9.9234107026642349e-01  -9.9137410814040872e-01  -9.8961783259182989e-01  -9.8653305029717997e-01  -9.8121822410031889e-01  -9.7218177720987375e-01  -9.5699674174677807e-01  -9.3181710875404922e-01  -8.9080529885149939e-01  -8.2571978284042546e-01  -7.2632235929860045e-01  -5.8276228955728659e-01  -3.9086188297499580e-01  -1.5874944827146464e-01   9.0873713858999117e-02   3.2811258699387502e-01   5.2897821696456093e-01   6.8343385781290533e-01   7.9391418122603041e-01   8.6911871750061809e-01   9.1874727166223191e-01   9.5093770404156697e-01   9.7166279770663799e-01   9.8500053182368097e-01   9.9362628312964518e-01   9.9925698164459886e-01   1.0029820932375779e+00   1.0054899245351392e+00   1.0072159135395340e+00   1.0084357079601300e+00   1.0093245520035639e+00   1.0099943419710957e+00   1.0105175622862388e+00   1.0109412451546549e+00   1.0112963605470946e+00   1.0116030245352832e+00   1.0118747331519171e+00   1.0121202421994315e+00   1.0123456351427689e+00   1.0125546819412974e+00   1.0127500033754671e+00   1.0129327565801187e+00   1.0131034432656847e+00   1.0132611873513582e+00   1.0134042918420771e+00   1.0135290502916696e+00   1.0136298332282951e+00   1.0136969835397003e+00   1.0137155500401540e+00   1.0136607239318758e+00   1.0134925647948623e+00   1.0131445867854338e+00   1.0125070461634689e+00   1.0113952480492303e+00   1.0094968136424303e+00   1.0062762642538097e+00   1.0008131604580552e+00   9.9152071300575573e-01   9.7567611874660587e-01   9.4867118673077022e-01   9.0296488994479751e-01   8.2702103430662921e-01   7.0544924762875416e-01   5.2314619950511876e-01   2.7633699651085952e-01  -1.3852830983059561e-02  -3.0224595540338806e-01  -5.4386552779848263e-01  -7.1845223051356211e-01  -8.3127930656212645e-01  -8.9888306818790087e-01  -9.3750872341215263e-01  -9.5896344163840042e-01  -9.7069865352003548e-01  -9.7707964188078067e-01  -9.8055878760742599e-01  -9.8248170429847159e-01  -9.8357518948148526e-01  -9.8422873492558827e-01  -9.8464904255557251e-01  -9.8494587798484168e-01  -9.8517675265027616e-01  -9.8537227214600664e-01  -9.8554820940352228e-01  -9.8571320535344442e-01  -9.8587157701899919e-01  -9.8602597239024670e-01  -9.8617763633325639e-01  -9.8632763559057146e-01  -9.8647639840904855e-01  -9.8662463518811194e-01  -9.8677265442265871e-01  -9.8692091896629142e-01  -9.8706984891877048e-01  -9.8722015786533068e-01  -9.8737207551024675e-01  -9.8752605666652626e-01  -9.8768257344619981e-01  -9.8784241288765728e-01  -9.8800607571363763e-01  -9.8817409232933073e-01  -9.8834675137362515e-01  -9.8852447093523177e-01  -9.8870749475480024e-01  -9.8889614712535989e-01  -9.8909050976230772e-01  -9.8929068010697441e-01  -9.8949647394711548e-01  -9.8970770321723356e-01  -9.8992389857957130e-01  -9.9014459413860945e-01  -9.9036908494463449e-01  -9.9059670894713125e-01  -9.9082662539748845e-01  -9.9105801918038461e-01  -9.9128981476091882e-01  -9.9152079310776975e-01  -9.9174941577624187e-01  -9.9197409717676510e-01
  -9.9259332607463790e-01  -9.9279771880505630e-01  -9.9298712402957934e-01  -9.9315372239266275e-01  -9.9328493616173830e-01  -9.9335931154726831e-01  -9.9334151665902515e-01  -9.9317092440349519e-01  -9.9274464728934286e-01  -9.9188706380275093e-01  -9.9029985275949939e-01  -9.8747684656169499e-01  -9.8256595736608021e-01  -9.7414499137454591e-01  -9.5987771367678065e-01  -9.3601816351957445e-01  -8.9679960132325043e-01  -8.3393052463212525e-01  -7.3685107097449254e-01  -5.9497514639569093e-01  -4.0308122257909224e-01  -1.6855418316108772e-01   8.5522934148335783e-02   3.2771632864346023e-01   5.3242063362058223e-01   6.8890988797990482e-01   7.9985779859853279e-01   8.7457050477199572e-01   9.2328949102682212e-01   9.5449441364876186e-01   9.7432565764267232e-01   9.8692130560934987e-01   9.9496098652748288e-01   1.0001426159981706e+00   1.0035299237112350e+00   1.0057872272364745e+00   1.0073286939511277e+00   1.0084131571489137e+00   1.0092029640333340e+00   1.0098011319105420e+00   1.0102730078863835e+00   1.0106604423626568e+00   1.0109900885791778e+00   1.0112794881506844e+00   1.0115400607842662e+00   1.0117796278869835e+00   1.0120032412579154e+00   1.0122144379027687e+00   1.0124153619597738e+00   1.0126075221111370e+00   1.0127916035469908e+00   1.0129679329213297e+00   1.0131361114201896e+00   1.0132952364005283e+00   1.0134433154750540e+00   1.0135771119784249e+00   1.0136910271330457e+00   1.0137760930345547e+00   1.0138174306842314e+00   1.0137908346816011e+00   1.0136557851039425e+00   1.0133440898440902e+00   1.0127388815574472e+00   1.0116391944968819e+00   1.0096962971665544e+00   1.0063011536870381e+00   1.0003834421591156e+00   9.9006376067313728e-01   9.7206462271412086e-01   9.4078211003593570e-01   8.8703374827983850e-01   7.9702514637231792e-01   6.5344213665577766e-01   4.4243577723666927e-01   1.6831757645913192e-01  -1.3463437740723849e-01  -4.1408307054577376e-01  -6.3137648993577677e-01  -7.7860205528665150e-01  -8.6909967824071066e-01  -9.2135914360828153e-01  -9.5042875441214336e-01  -9.6626620788329953e-01  -9.7481277936851518e-01  -9.7942431394644891e-01  -9.8193733811547035e-01  -9.8334027221381703e-01  -9.8415810956416561e-01  -9.8466874053424081e-01  -9.8501755072235342e-01  -9.8528124936924188e-01  -9.8549936280156880e-01  -9.8569306786920952e-01  -9.8587295881863635e-01  -9.8604512642278952e-01  -9.8621239379034453e-01  -9.8637681709888403e-01  -9.8653917007090342e-01  -9.8670049098128543e-01  -9.8686101167058871e-01  -9.8702147498325854e-01  -9.8718218138712344e-01  -9.8734371883448691e-01  -9.8750616154084714e-01  -9.8767032089546025e-01  -9.8783655411334426e-01  -9.8800546694621427e-01  -9.8817710317201257e-01  -9.8835201686078145e-01  -9.8853042319332296e-01  -9.8871295661857117e-01  -9.8889975651623341e-01  -9.8909126455868424e-01  -9.8928741088122230e-01  -9.8948844514245027e-01  -9.8969411479856984e-01  -9.8990449476439535e-01  -9.9011914751198660e-01  -9.9033795955051918e-01  -9.9056029546561042e-01  -9.9078582282726446e-01  -9.9101366229339882e-01  -9.9124320222752427e-01  -9.9147329909715365e-01  -9.9170313920005237e-01  -9.9193146245536834e-01  -9.9215724670925931e-01  -9.9237862147303402e-01
  -9.9299146913283021e-01  -9.9318899764826618e-01  -9.9336666814874175e-01  -9.9351292053803664e-01  -9.9360869103289329e-01  -9.9362191435285818e-01  -9.9349750249707491e-01  -9.9314155619895217e-01  -9.9239331256709562e-01  -9.9097788982226920e-01  -9.8842654450312240e-01  -9.8394467934551821e-01  -9.7619613723939735e-01  -9.6296591575002011e-01  -9.4066325997756262e-01  -9.0368224268856701e-01  -8.4381085311934756e-01  -7.5030546998193359e-01  -6.1188835573691680e-01  -4.2206595861601837e-01  -1.8689286812276562e-01   7.0845655912917471e-02   3.1843209616487961e-01   5.2830398721732474e-01   6.8846566669727038e-01   8.0140109730951981e-01   8.7684378256257245e-01   9.2556326215842177e-01   9.5643414221622258e-01   9.7582970226338306e-01   9.8800369424211099e-01   9.9568170712586190e-01   1.0005723639741892e+00   1.0037344659566445e+00   1.0058218022287380e+00   1.0072367089277934e+00   1.0082282286437654e+00   1.0089506939294408e+00   1.0095007551405994e+00   1.0099382775538377e+00   1.0103014883460864e+00   1.0106144026887793e+00   1.0108931042841207e+00   1.0111475032192550e+00   1.0113845435301159e+00   1.0116082060107232e+00   1.0118216985800257e+00   1.0120266165351435e+00   1.0122246433812534e+00   1.0124162949713793e+00   1.0126024719433837e+00   1.0127830047827873e+00   1.0129581681344768e+00   1.0131270463469353e+00   1.0132889987210807e+00   1.0134417324792184e+00   1.0135825669693375e+00   1.0137057988395222e+00   1.0138031176546385e+00   1.0138590477112885e+00   1.0138486618726703e+00   1.0137278784493717e+00   1.0134224365478994e+00   1.0128011119457985e+00   1.0116341578348256e+00   1.0095116903990036e+00   1.0057048092486220e+00   9.9890742109245645e-01   9.8679060845255429e-01   9.6524292838378334e-01   9.2720810514742480e-01   8.6124255265223815e-01   7.5084012808241374e-01   5.7753635463448250e-01   3.3227431553778874e-01   3.2871985953620175e-02  -2.7205517829255432e-01  -5.2962102848022297e-01  -7.1453763198764975e-01  -8.3213949907302187e-01  -9.0116527931156742e-01  -9.3975234275110164e-01  -9.6073796990912674e-01  -9.7199691225178986e-01  -9.7801820936454287e-01  -9.8126041843972311e-01  -9.8304141225048092e-01  -9.8405762576038280e-01  -9.8467499691109117e-01  -9.8508400067985424e-01  -9.8538419336348415e-01  -9.8562678896409206e-01  -9.8583879845935407e-01  -9.8603386626865330e-01  -9.8621953765537629e-01  -9.8639947667450478e-01  -9.8657606117777386e-01  -9.8675037398132559e-01  -9.8692340056737426e-01  -9.8709562197172640e-01  -9.8726770310375644e-01  -9.8743982834218080e-01  -9.8761266710297246e-01  -9.8778660441826316e-01  -9.8796204759067674e-01  -9.8813912783632607e-01  -9.8831840602116128e-01  -9.8850029431321462e-01  -9.8868530856898462e-01  -9.8887361656143535e-01  -9.8906550021089046e-01  -9.8926104409274085e-01  -9.8946047807463211e-01  -9.8966384797800999e-01  -9.8987125504800799e-01  -9.9008261151002863e-01  -9.9029781827318331e-01  -9.9051661214578235e-01  -9.9073867962413908e-01  -9.9096357816250658e-01  -9.9119080461427411e-01  -9.9141977736348075e-01  -9.9164985031496344e-01  -9.9188028134800543e-01  -9.9211010724615800e-01  -9.9233806678026970e-01  -9.9256246294462158e-01  -9.9278120828732841e-01
  -9.9338787472168943e-01  -9.9357613728059346e-01  -9.9373669396075082e-01  -9.9385295468609092e-01  -9.9389557067019163e-01  -9.9381528772686500e-01  -9.9352699338719408e-01  -9.9288522328345308e-01  -9.9163909146143481e-01  -9.8935982494039287e-01  -9.8531512625390505e-01  -9.7826632645325184e-01  -9.6614191440227082e-01  -9.4555004461446501e-01  -9.1112226653204187e-01  -8.5484783100189055e-01  -7.6595097664636924e-01  -6.3256183362284102e-01  -4.4677796380962426e-01  -2.1279542401866119e-01   4.7633156930506348e-02   3.0088586863542954e-01   5.1716539392406125e-01   6.8259870097848041e-01   7.9900711627780641e-01   8.7635364881148958e-01   9.2592560818490532e-01   9.5705394879877581e-01   9.7641706642644277e-01   9.8844244053658370e-01   9.9594457239509337e-01   1.0006713955535238e+00   1.0036965014591477e+00   1.0056751051643835e+00   1.0070071353437426e+00   1.0079370125996083e+00   1.0086148811579680e+00   1.0091326519306392e+00   1.0095475712842488e+00   1.0098953421553956e+00   1.0101987424018999e+00   1.0104717920116486e+00   1.0107235840991566e+00   1.0109597537107895e+00   1.0111843261741487e+00   1.0113998016263945e+00   1.0116081293913426e+00   1.0118103945900299e+00   1.0120075626040925e+00   1.0122000509112361e+00   1.0123883509758160e+00   1.0125725164277615e+00   1.0127526989581486e+00   1.0129285625400279e+00   1.0130997138675024e+00   1.0132649877393540e+00   1.0134226340389798e+00   1.0135692945731816e+00   1.0136995917392211e+00   1.0138041442768981e+00   1.0138671657468079e+00   1.0138607928609713e+00   1.0137360634659780e+00   1.0134058421878775e+00   1.0127152244697732e+00   1.0113853252993867e+00   1.0089110891768653e+00   1.0043738754901876e+00   9.9610451278692114e-01   9.8108611926255629e-01   9.5396325592130082e-01   9.0558853122678462e-01   8.2153992715023483e-01   6.8256200034929859e-01   4.7147455522942833e-01   1.9002114996391151e-01  -1.2547613008916658e-01  -4.1638640006764549e-01  -6.3962768171656281e-01  -7.8773020713515352e-01  -8.7660921878234022e-01  -9.2673132979139494e-01  -9.5400682413693527e-01  -9.6858046636130102e-01  -9.7631686889985236e-01  -9.8044067750488428e-01  -9.8267427385029105e-01  -9.8392568017548143e-01  -9.8466726813162186e-01  -9.8514522698475360e-01  -9.8548570627411025e-01  -9.8575480492233303e-01  -9.8598563512227710e-01  -9.8619623650626176e-01  -9.8639511184858097e-01  -9.8658761253854732e-01  -9.8677582699320165e-01  -9.8696176560876170e-01  -9.8714591621995629e-01  -9.8732937610639770e-01  -9.8751220586207333e-01  -9.8769541985228193e-01  -9.8787889233747683e-01  -9.8806335394025280e-01  -9.8824887719380294e-01  -9.8843638826398439e-01  -9.8862575324613111e-01  -9.8881756451686487e-01  -9.8901164193368507e-01  -9.8920870183357357e-01  -9.8940863992853934e-01  -9.8961208186595750e-01  -9.8981876588592632e-01  -9.9002912781477870e-01  -9.9024276716427218e-01  -9.9045997117003992e-01  -9.9068022558141933e-01  -9.9090367432802029e-01  -9.9112967497169002e-01  -9.9135821075413944e-01  -9.9158846572194459e-01  -9.9182019422434231e-01  -9.9205230618550766e-01  -9.9228423955737044e-01  -9.9251458992495933e-01  -9.9274244076467810e-01  -9.9296578130070301e-01  -9.9318239956186094e-01
  -9.9378019876191881e-01  -9.9395471198542218e-01  -9.9409009971913043e-01  -9.9416042021848516e-01  -9.9412148375562992e-01  -9.9389735173730631e-01  -9.9335678340272571e-01  -9.9227364893158798e-01  -9.9025898816452662e-01  -9.8664579278067355e-01  -9.8029836553635430e-01  -9.6930393782100077e-01  -9.5049998306291927e-01  -9.1881742338883310e-01  -8.6655359311981828e-01  -7.8305817013188683e-01  -6.5601894877279854e-01  -4.7609837199604621e-01  -2.4520817123220284e-01   1.6690256096471012e-02   2.7560917198210905e-01   4.9936366257999698e-01   6.7159785282026063e-01   7.9293952738187734e-01   8.7334412122116623e-01   9.2459351656502764e-01   9.5653949470399335e-01   9.7624132832807187e-01   9.8836246321531884e-01   9.9584974917019031e-01   1.0005200220538082e+00   1.0034799699409971e+00   1.0053988922263219e+00   1.0066819134729326e+00   1.0075738360252846e+00   1.0082233874136590e+00   1.0087207272353826e+00   1.0091218758624849e+00   1.0094608200493183e+00   1.0097589571943288e+00   1.0100290503107068e+00   1.0102799131273543e+00   1.0105167066168530e+00   1.0107434260209971e+00   1.0109619652912674e+00   1.0111742401415291e+00   1.0113808215489974e+00   1.0115828978508674e+00   1.0117805392083699e+00   1.0119746559995031e+00   1.0121650289299327e+00   1.0123523939048638e+00   1.0125362636987334e+00   1.0127171676696314e+00   1.0128942350905707e+00   1.0130675629117145e+00   1.0132354740694245e+00   1.0133968386494534e+00   1.0135476559857148e+00   1.0136827758001774e+00   1.0137909203740021e+00   1.0138544528028448e+00   1.0138399061440768e+00   1.0136897086579715e+00   1.0132965310605766e+00   1.0124671213939180e+00   1.0108441723463464e+00   1.0077721984195991e+00   1.0020367391979741e+00   9.9140530252095782e-01   9.7180938186982169e-01   9.3604150142473141e-01   8.7202458549891981e-01   7.6175807039819854e-01   5.8446183332628887e-01   3.2961057104072145e-01   1.7594823706373608e-02  -2.9648478161025515e-01  -5.5558522835140467e-01  -7.3617453211405603e-01  -8.4762524690613661e-01  -9.1127370242156880e-01  -9.4601782178912919e-01  -9.6453655605618427e-01  -9.7430950541705541e-01  -9.7947375508444012e-01  -9.8223799101815290e-01  -9.8376196993770615e-01  -9.8464609963395033e-01  -9.8520138404067725e-01  -9.8558636317227666e-01  -9.8588353506832249e-01  -9.8613406423582350e-01  -9.8636016156308681e-01  -9.8657229881449227e-01  -9.8677692028208086e-01  -9.8697657847075293e-01  -9.8717361165345807e-01  -9.8736854246244588e-01  -9.8756265307350688e-01  -9.8775601920510547e-01  -9.8794945628239716e-01  -9.8814304369082995e-01  -9.8833766845372562e-01  -9.8853318552781988e-01  -9.8873016827345273e-01  -9.8892865144863129e-01  -9.8912939301751257e-01  -9.8933241262066474e-01  -9.8953818120413639e-01  -9.8974654413666241e-01  -9.8995785375644618e-01  -9.9017195460500473e-01  -9.9038913215614210e-01  -9.9060916478123950e-01  -9.9083219490935370e-01  -9.9105787347337149e-01  -9.9128616632736322e-01  -9.9151658041052815e-01  -9.9174889344331052e-01  -9.9198247132239226e-01  -9.9221690982931432e-01  -9.9245142346621984e-01  -9.9268532141314469e-01  -9.9291735944146031e-01  -9.9314597672223326e-01  -9.9336864287349069e-01  -9.9358188205110409e-01
  -9.9416531961505838e-01  -9.9431844794002133e-01  -9.9441457487029028e-01  -9.9441412999572754e-01  -9.9424975387821291e-01  -9.9380379888936110e-01  -9.9287430948006328e-01  -9.9111118942847642e-01  -9.8791275852462679e-01  -9.8224800838351500e-01  -9.7237023889478369e-01  -9.5536522246919275e-01  -9.2650761456335307e-01  -8.7849139310842206e-01  -8.0094320572648536e-01  -6.8129768619685382e-01  -5.0886845296220495e-01  -2.8300033291021309e-01  -2.1128928790589696e-02   2.4309694596892806e-01   4.7513991558930668e-01   6.5559746960610743e-01   7.8331096787001719e-01   8.6793017774595560e-01   9.2168102743528224e-01   9.5499632101795418e-01   9.7539447238535115e-01   9.8784104287687102e-01   9.9546042704276538e-01   1.0001693402377263e+00   1.0031257903303916e+00   1.0050262515533108e+00   1.0062874628027341e+00   1.0071601087744904e+00   1.0077938543803742e+00   1.0082801820904741e+00   1.0086736239599414e+00   1.0090080695088803e+00   1.0093034281524604e+00   1.0095731738255422e+00   1.0098248798745746e+00   1.0100641187786177e+00   1.0102934160370851e+00   1.0105153580824180e+00   1.0107308066482159e+00   1.0109413741620148e+00   1.0111472527660499e+00   1.0113495615205916e+00   1.0115481284386496e+00   1.0117438300972541e+00   1.0119363283683769e+00   1.0121263876639215e+00   1.0123135595184984e+00   1.0124984893674636e+00   1.0126805220904991e+00   1.0128599952230026e+00   1.0130356736525488e+00   1.0132069955889420e+00   1.0133711633880143e+00   1.0135251001264012e+00   1.0136614454138251e+00   1.0137687841759966e+00   1.0138240422324567e+00   1.0137871790286284e+00   1.0135827634678682e+00   1.0130739499009307e+00   1.0120032924628015e+00   1.0098925072432123e+00   1.0058433829643427e+00   9.9817873413434688e-01   9.8378048383618444e-01   9.5697121964949916e-01   9.0781876797975736e-01   8.2037848442984806e-01   6.7326066686900288e-01   4.4821072175977450e-01   1.5038943608623562e-01  -1.7553464391553375e-01  -4.6521063658817363e-01  -6.7844691630459764e-01  -8.1447808016855006e-01  -8.9344324552257526e-01  -9.3678942314559455e-01  -9.5987416369996015e-01  -9.7200247945346663e-01  -9.7836403331069266e-01  -9.8173571497450218e-01  -9.8356844166485169e-01  -9.8461291009282192e-01  -9.8525329251438187e-01  -9.8568685641676168e-01  -9.8601336911694459e-01  -9.8628449833918086e-01  -9.8652588003841113e-01  -9.8675140659238680e-01  -9.8696760043329290e-01  -9.8717862121521849e-01  -9.8738608997584931e-01  -9.8759169556645776e-01  -9.8779577639648042e-01  -9.8799934339130979e-01  -9.8820255723990580e-01  -9.8840614628388257e-01  -9.8860998844667347e-01  -9.8881494896013533e-01  -9.8902107521988047e-01  -9.8922899761125627e-01  -9.8943845586776780e-01  -9.8965001988762724e-01  -9.8986354879395022e-01  -9.9007966530540847e-01  -9.9029814802227878e-01  -9.9051946837702087e-01  -9.9074324143221282e-01  -9.9096981575830723e-01  -9.9119868481533135e-01  -9.9143010111335073e-01  -9.9166343940318236e-01  -9.9189883818538216e-01  -9.9213552443101283e-01  -9.9237345780208241e-01  -9.9261161112854635e-01  -9.9284959768728420e-01  -9.9308592395738182e-01  -9.9331959696921168e-01  -9.9354824035011013e-01  -9.9376933158255720e-01  -9.9397759954550391e-01
  -9.9453669504317754e-01  -9.9465649995728467e-01  -9.9469184344228501e-01  -9.9458198716772783e-01  -9.9422362176100076e-01  -9.9343613341176018e-01  -9.9190794378133518e-01  -9.8909925896907380e-01  -9.8408358015755160e-01  -9.7527953217604479e-01  -9.6003108839307139e-01  -9.3398228967316799e-01  -8.9029242112229090e-01  -8.1899903606811542e-01  -7.0749597906779360e-01  -5.4393368470427128e-01  -3.2497887868561615e-01  -6.4890999860862109e-02   2.0386499045518441e-01   4.4467657655427417e-01   6.3462507175750038e-01   7.7012074469169445e-01   8.6012758768070541e-01   9.1722426030442405e-01   9.5247012361415373e-01   9.7392420688146530e-01   9.8692159227325360e-01   9.9481475118518681e-01   9.9965064421719996e-01   1.0026601873731125e+00   1.0045778880809382e+00   1.0058409807563020e+00   1.0067093342662217e+00   1.0073380562545764e+00   1.0078199518684754e+00   1.0082105121254914e+00   1.0085432426493801e+00   1.0088387314382714e+00   1.0091096157388080e+00   1.0093634168901227e+00   1.0096048700517002e+00   1.0098370042679559e+00   1.0100620511614713e+00   1.0102813312768171e+00   1.0104958824658286e+00   1.0107061634048584e+00   1.0109127659196044e+00   1.0111158742758040e+00   1.0113159904731286e+00   1.0115131824303190e+00   1.0117079110045570e+00   1.0119001312300446e+00   1.0120902546096169e+00   1.0122780955062609e+00   1.0124639791142107e+00   1.0126474896174980e+00   1.0128287203750097e+00   1.0130066854528750e+00   1.0131805573872243e+00   1.0133473956972250e+00   1.0135029949322654e+00   1.0136382931574228e+00   1.0137383917520395e+00   1.0137741364527308e+00   1.0136925787245195e+00   1.0133924828564369e+00   1.0126856086953102e+00   1.0112140617940297e+00   1.0083011001758160e+00   1.0026615691489968e+00   9.9187281020693652e-01   9.7142332169027534e-01   9.3317298725139075e-01   8.6334477303093160e-01   7.4155453843581620e-01   5.4558282748244347e-01   2.6842290121335521e-01  -5.8963612902157070e-02  -3.7205617805368119e-01  -6.1618233912464415e-01  -7.7780969433367919e-01  -8.7349468701458788e-01  -9.2643248491795704e-01  -9.5464773798767411e-01  -9.6942353735828135e-01  -9.7712682735597944e-01  -9.8117535382042398e-01  -9.8334984964428895e-01  -9.8457002089213930e-01  -9.8530265135498618e-01  -9.8578790388705029e-01  -9.8614509266238148e-01  -9.8643718384253110e-01  -9.8669387970051514e-01  -9.8693253906497802e-01  -9.8716003674125441e-01  -9.8738200930967313e-01  -9.8759960787452883e-01  -9.8781538171653327e-01  -9.8802912062851667e-01  -9.8824255110367576e-01  -9.8845500825483756e-01  -9.8866803266608405e-01  -9.8888108061333713e-01  -9.8909534528558596e-01  -9.8931006766632801e-01  -9.8952651094107902e-01  -9.8974415398028803e-01  -9.8996415049184783e-01  -9.9018577695316512e-01  -9.9040995349760219e-01  -9.9063591566333786e-01  -9.9086452152718862e-01  -9.9109500963740749e-01  -9.9132812249400226e-01  -9.9156302845321864e-01  -9.9180030331162072e-01  -9.9203900668021916e-01  -9.9227952727697233e-01  -9.9252078144788447e-01  -9.9276294111738328e-01  -9.9300471836488446e-01  -9.9324595292344486e-01  -9.9348486441143669e-01  -9.9372034904377760e-01  -9.9394901188706730e-01  -9.9416702598966211e-01  -9.9436664400396602e-01
  -9.9488543790271322e-01  -9.9495296385004528e-01  -9.9489309917193258e-01  -9.9461424064900938e-01  -9.9395676449337500e-01  -9.9264380178651068e-01  -9.9019550505739518e-01  -9.8578404045569612e-01  -9.7799042260837177e-01  -9.6441461265019846e-01  -9.4108300836716607e-01  -9.0166320267673861e-01  -8.3671687030576114e-01  -7.3380808148575660e-01  -5.8019035998074520e-01  -3.6991467360884017e-01  -1.1356768772162756e-01   1.5850264803805275e-01   4.0815342542808153e-01   6.0864682180730290e-01   7.5328515066952795e-01   8.4987623036357030e-01   9.1119759052663041e-01   9.4896118373811533e-01   9.7184403519970530e-01   9.8562343063193547e-01   9.9393223757773053e-01   9.9898226117845668e-01   1.0020986636825209e+00   1.0040671179354330e+00   1.0053531316699664e+00   1.0062307038774265e+00   1.0068631270463497e+00   1.0073460861763852e+00   1.0077374988649779e+00   1.0080711727795717e+00   1.0083685468782246e+00   1.0086412445955186e+00   1.0088975513074248e+00   1.0091416212363356e+00   1.0093773639012940e+00   1.0096058984588272e+00   1.0098291643936850e+00   1.0100471235798223e+00   1.0102612474860229e+00   1.0104712000573592e+00   1.0106782997023900e+00   1.0108819704443377e+00   1.0110834274914862e+00   1.0112819292331618e+00   1.0114786882193585e+00   1.0116728586360437e+00   1.0118656923451934e+00   1.0120562296734332e+00   1.0122457226492643e+00   1.0124329899864748e+00   1.0126191010068362e+00   1.0128023470031979e+00   1.0129831740575910e+00   1.0131586037934299e+00   1.0133270639121139e+00   1.0134812766713928e+00   1.0136116334751670e+00   1.0136953834184179e+00   1.0136947616509491e+00   1.0135332085197808e+00   1.0130699308670505e+00   1.0120298136905268e+00   1.0098919211371236e+00   1.0056501059899037e+00   9.9738742628592303e-01   9.8146806041969881e-01   9.5117922976371894e-01   8.9471107652385062e-01   7.9336380893584335e-01   6.2352100136219302e-01   3.6963050988214452e-01   4.8817013428798073e-02  -2.7992851682020797e-01  -5.5154472238306274e-01  -7.3863812853249677e-01  -8.5189031666914505e-01  -9.1516328805900260e-01  -9.4896323504487923e-01  -9.6662540139061937e-01  -9.7578934392162875e-01  -9.8057056013283217e-01  -9.8311364548364821e-01  -9.8452108527938131e-01  -9.8535176737281271e-01  -9.8589054710689294e-01  -9.8627962204023278e-01  -9.8659245293651421e-01  -9.8686466522962735e-01  -9.8711581937992798e-01  -9.8735459096415068e-01  -9.8758681993833553e-01  -9.8781442737526914e-01  -9.8803974117175253e-01  -9.8826299323759104e-01  -9.8848551701161091e-01  -9.8870729826199999e-01  -9.8892924729648846e-01  -9.8915110754396307e-01  -9.8937382766462656e-01  -9.8959734389312481e-01  -9.8982230144427452e-01  -9.9004839879028750e-01  -9.9027616647614392e-01  -9.9050546508381276e-01  -9.9073681487051113e-01  -9.9097004746036088e-01  -9.9120549174182515e-01  -9.9144287736006675e-01  -9.9168237609231846e-01  -9.9192365330214449e-01  -9.9216674756340417e-01  -9.9241125290751908e-01  -9.9265704327843152e-01  -9.9290358355399944e-01  -9.9315047051228733e-01  -9.9339684525401994e-01  -9.9364170534000895e-01  -9.9388337737090371e-01  -9.9411951048491531e-01  -9.9434634810070488e-01  -9.9455780107432235e-01  -9.9474347867492841e-01
  -9.9519674559630911e-01  -9.9518227243620583e-01  -9.9497503753482286e-01  -9.9443491843046650e-01  -9.9331673046701718e-01  -9.9119651621273908e-01  -9.8733830979456338e-01  -9.8047793889278712e-01  -9.6846256040098500e-01  -9.4769980173714541e-01  -9.1238733772164149e-01  -8.5369510405357707e-01  -7.5955243191586264e-01  -6.1662816721370484e-01  -4.1658262414549196e-01  -1.6603681971271900e-01   1.0771227610755607e-01   3.6580254853527028e-01   5.7761030333308305e-01   7.3266662486065637e-01   8.3705761803021161e-01   9.0352667031321388e-01   9.4443296981086100e-01   9.6914095025651070e-01   9.8394694126408599e-01   9.9281887425197690e-01   9.9817276142297950e-01   1.0014494892343437e+00   1.0035019630850386e+00   1.0048304837529773e+00   1.0057302643881698e+00   1.0063735634792017e+00   1.0068629783576675e+00   1.0072579218463082e+00   1.0075950802229265e+00   1.0078947578070314e+00   1.0081705204631546e+00   1.0084294462278394e+00   1.0086772643300044e+00   1.0089159334161260e+00   1.0091480767261627e+00   1.0093740784048515e+00   1.0095958122192403e+00   1.0098130781015795e+00   1.0100272458145085e+00   1.0102377124791178e+00   1.0104456615138473e+00   1.0106504000658894e+00   1.0108531164412260e+00   1.0110530891172589e+00   1.0112515073964701e+00   1.0114475947708634e+00   1.0116425252225085e+00   1.0118354442184023e+00   1.0120275038006381e+00   1.0122177350543613e+00   1.0124072301669540e+00   1.0125947466927121e+00   1.0127809692256542e+00   1.0129635939283697e+00   1.0131415266150479e+00   1.0133091239712946e+00   1.0134595973059732e+00   1.0135761234453162e+00   1.0136302190715263e+00   1.0135627186455252e+00   1.0132645797349400e+00   1.0125203360185102e+00   1.0109175323544926e+00   1.0076512798163006e+00   1.0011711793331317e+00   9.8849572737346381e-01   9.6401834875516068e-01   9.1758989721027207e-01   8.3233426495283303e-01   6.8474877284627056e-01   4.5389281702986134e-01   1.4483134622244512e-01  -1.9238113447244909e-01  -4.8700217819680114e-01  -6.9830069933844796e-01  -8.2929280050674503e-01  -9.0330597857197026e-01  -9.4297981544568099e-01  -9.6368709300479538e-01  -9.7439079015820451e-01  -9.7994113691969054e-01  -9.8286973670025912e-01  -9.8447133009060495e-01  -9.8540329904204227e-01  -9.8599636559152370e-01  -9.8641777273744213e-01  -9.8675092814292686e-01  -9.8703854570187632e-01  -9.8730159172072940e-01  -9.8755141350183040e-01  -9.8779328955454104e-01  -9.8803069116942976e-01  -9.8826491619578083e-01  -9.8849747835392410e-01  -9.8872867551117027e-01  -9.8895936988151123e-01  -9.8918966358772442e-01  -9.8942042597110547e-01  -9.8965144175060504e-01  -9.8988332264215728e-01  -9.9011594788786816e-01  -9.9035010495176212e-01  -9.9058558398287944e-01  -9.9082294886370437e-01  -9.9106179330641020e-01  -9.9130262423348903e-01  -9.9154499625461756e-01  -9.9178940368023194e-01  -9.9203530629858006e-01  -9.9228311878594555e-01  -9.9253214978457338e-01  -9.9278268824744953e-01  -9.9303384494456692e-01  -9.9328570623665047e-01  -9.9353707225212107e-01  -9.9378762697663181e-01  -9.9403549845973005e-01  -9.9427926290910418e-01  -9.9451503639362215e-01  -9.9473789576134486e-01  -9.9493792322860752e-01  -9.9510002334690673e-01
  -9.9544887140136340e-01  -9.9530613767531873e-01  -9.9487032626812200e-01  -9.9392719029455456e-01  -9.9210115035867052e-01  -9.8874316931519168e-01  -9.8273069975962057e-01  -9.7214691801128561e-01  -9.5376566601333546e-01  -9.2232031449485530e-01  -8.6963967142490894e-01  -7.8418668518245116e-01  -6.5236697789821196e-01  -4.6380911684176923e-01  -2.2110433168435034e-01   5.2332356432403887e-02   3.1795762256869886e-01   5.4148751406707307e-01   7.0810273898566289e-01   8.2151068682491157e-01   8.9409910820352323e-01   9.3881799395830035e-01   9.6578102654144549e-01   9.8187646167045595e-01   9.9147087685509949e-01   9.9722242377498604e-01   1.0007164946018126e+00   1.0028857635219381e+00   1.0042776624375624e+00   1.0052110053936574e+00   1.0058732421570888e+00   1.0063728809427035e+00   1.0067748743895355e+00   1.0071162708642480e+00   1.0074199683965483e+00   1.0076987889012579e+00   1.0079614507944024e+00   1.0082120423670473e+00   1.0084540716891026e+00   1.0086889964711694e+00   1.0089187716008898e+00   1.0091436720925686e+00   1.0093647139764979e+00   1.0095817453233473e+00   1.0097956360965632e+00   1.0100062533152590e+00   1.0102143964665864e+00   1.0104198767666857e+00   1.0106233802407791e+00   1.0108246827417400e+00   1.0110244128614427e+00   1.0112223573768064e+00   1.0114191138954702e+00   1.0116144827538938e+00   1.0118090011160770e+00   1.0120024242009460e+00   1.0121951084352483e+00   1.0123865981126396e+00   1.0125768373756228e+00   1.0127648147292634e+00   1.0129493394175910e+00   1.0131270980547864e+00   1.0132920802584662e+00   1.0134318209168793e+00   1.0135232025285286e+00   1.0135207911511583e+00   1.0133365391268740e+00   1.0127978353715266e+00   1.0115684922113999e+00   1.0089898399424964e+00   1.0037770004152169e+00   9.9343590364510326e-01   9.7320357643932998e-01   9.3427518638416251e-01   8.6146901446288571e-01   7.3215058469910910e-01   5.2233362970401176e-01   2.2753706373989996e-01  -1.1233853796691323e-01  -4.2506538805973304e-01  -6.5834924903144543e-01  -8.0653238454824239e-01  -8.9128172622315605e-01  -9.3690629723100827e-01  -9.6071194863378850e-01  -9.7298174543777238e-01  -9.7931234135920897e-01  -9.8263044466339111e-01  -9.8442720952089746e-01  -9.8546037545350773e-01  -9.8610723921936871e-01  -9.8656042160974966e-01  -9.8691331874999766e-01  -9.8721581158251004e-01  -9.8749022555098231e-01  -9.8775062161445326e-01  -9.8800168317540682e-01  -9.8824841420340448e-01  -9.8849119082448211e-01  -9.8873262128544492e-01  -9.8897201948681812e-01  -9.8921143751248752e-01  -9.8944984980897366e-01  -9.8968889568050888e-01  -9.8992769074048725e-01  -9.9016790816199429e-01  -9.9040846875633959e-01  -9.9065070952678391e-01  -9.9089354212227421e-01  -9.9113835894104718e-01  -9.9138414385483364e-01  -9.9163217201594989e-01  -9.9188132508874483e-01  -9.9213270471151505e-01  -9.9238511674287211e-01  -9.9263952647771347e-01  -9.9289466846860819e-01  -9.9315134819809692e-01  -9.9340815373949165e-01  -9.9366561008367860e-01  -9.9392192326704376e-01  -9.9417693864403933e-01  -9.9442778776116725e-01  -9.9467250280546970e-01  -9.9490525571858768e-01  -9.9511902342966896e-01  -9.9529918959458819e-01  -9.9542313877992328e-01
  -9.9560710717568013e-01  -9.9526477704260519e-01  -9.9447610686213139e-01  -9.9291234911627602e-01  -9.8999999231471836e-01  -9.8474923638397305e-01  -9.7545843276664912e-01  -9.5925084332013177e-01  -9.3137885144448029e-01  -8.8435830190634868e-01  -8.0730912115520970e-01  -6.8668477677348361e-01  -5.1051881847979264e-01  -2.7754729865156330e-01  -6.6578908533508133e-03   2.6509088001986958e-01   5.0032041507428604e-01   6.7943378896022277e-01   8.0305076137860232e-01   8.8277142761045346e-01   9.3202529419401314e-01   9.6171075750263757e-01   9.7938493283129202e-01   9.8987443936727726e-01   9.9612688349720202e-01   9.9989809926462558e-01   1.0022202964557492e+00   1.0036959283257598e+00   1.0046757495941243e+00   1.0053636778734647e+00   1.0058784537070613e+00   1.0062894541119745e+00   1.0066370511682108e+00   1.0069451983894986e+00   1.0072280120825119e+00   1.0074938736570704e+00   1.0077476315610476e+00   1.0079927124877459e+00   1.0082309810256462e+00   1.0084637768349187e+00   1.0086915820351334e+00   1.0089152721047414e+00   1.0091351433379969e+00   1.0093519515541676e+00   1.0095656765893295e+00   1.0097769054220678e+00   1.0099854504666193e+00   1.0101919440978759e+00   1.0103961535929833e+00   1.0105987942698029e+00   1.0107995592557377e+00   1.0109992229250144e+00   1.0111973750428307e+00   1.0113948418972207e+00   1.0115911011502596e+00   1.0117870321505222e+00   1.0119819871757005e+00   1.0121768351529168e+00   1.0123705785039339e+00   1.0125635834101527e+00   1.0127535983353435e+00   1.0129391202387570e+00   1.0131142711247902e+00   1.0132707992742711e+00   1.0133886587732996e+00   1.0134320687352698e+00   1.0133271509659934e+00   1.0129328213676838e+00   1.0119663644955859e+00   1.0098753729836019e+00   1.0055676887751333e+00   9.9691026025636698e-01   9.7977611615688165e-01   9.4641723444728221e-01   8.8310512144646025e-01   7.6835021534346248e-01   5.7667586795545955e-01   2.9654386909114411e-01  -4.1922882042757549e-02  -3.6805153073366881e-01  -6.2041847698909858e-01  -7.8455078856688765e-01  -8.7958512412680667e-01  -9.3099108459511803e-01  -9.5782270647705259e-01  -9.7162199674514715e-01  -9.7871364530383631e-01  -9.8241003927496617e-01  -9.8439604131781056e-01  -9.8552652183370748e-01  -9.8622521311535238e-01  -9.8670851494719625e-01  -9.8708035630817881e-01  -9.8739675031210850e-01  -9.8768208538301816e-01  -9.8795231335283595e-01  -9.8821222602558734e-01  -9.8846767742799146e-01  -9.8871867457918239e-01  -9.8896844659503236e-01  -9.8921591018033761e-01  -9.8946337053927058e-01  -9.8970962105748495e-01  -9.8995678780032137e-01  -9.9020345309595270e-01  -9.9045136958920654e-01  -9.9069931312031578e-01  -9.9094908355097111e-01  -9.9119945745535720e-01  -9.9145192187702125e-01  -9.9170515705579443e-01  -9.9196051137775954e-01  -9.9221670818111340e-01  -9.9247500199692629e-01  -9.9273409332366158e-01  -9.9299507603051573e-01  -9.9325655075394559e-01  -9.9351937786006927e-01  -9.9378194694517741e-01  -9.9404470569618908e-01  -9.9430552799386251e-01  -9.9456392583260977e-01  -9.9481632371700257e-01  -9.9505960982017305e-01  -9.9528569835758673e-01  -9.9548346260893861e-01  -9.9563101693681599e-01  -9.9569333011471006e-01
  -9.9561900162185457e-01  -9.9496690034179835e-01  -9.9363354848356678e-01  -9.9111576178155747e-01  -9.8654030784480551e-01  -9.7840442361959934e-01  -9.6415225005732830e-01  -9.3953255690586901e-01  -8.9774486049092461e-01  -8.2865435745265481e-01  -7.1902740857617742e-01  -5.5578083381179388e-01  -3.3416460798979625e-01  -6.8162371856401560e-02   2.0784079117866983e-01   4.5425893574725323e-01   6.4653744502337762e-01   7.8148533371618978e-01   8.6938123236808718e-01   9.2394290869274043e-01   9.5686242921755238e-01   9.7643330346718726e-01   9.8800945744488733e-01   9.9487573460447543e-01   9.9899042730217158e-01   1.0015040469524061e+00   1.0030859741760343e+00   1.0041252694099230e+00   1.0048465486205143e+00   1.0053808264072843e+00   1.0058033166138676e+00   1.0061585778522775e+00   1.0064719097691759e+00   1.0067589926796185e+00   1.0070280469092328e+00   1.0072852115773390e+00   1.0075331472197040e+00   1.0077744342855575e+00   1.0080095395992825e+00   1.0082402239362442e+00   1.0084664394132206e+00   1.0086894687569632e+00   1.0089087014818121e+00   1.0091252697935422e+00   1.0093385095923317e+00   1.0095496963402282e+00   1.0097581043562347e+00   1.0099650415341501e+00   1.0101696428673721e+00   1.0103732537969980e+00   1.0105749028860211e+00   1.0107760185390122e+00   1.0109755368314248e+00   1.0111749839473156e+00   1.0113731706344873e+00   1.0115716923691283e+00   1.0117691327391427e+00   1.0119670648281562e+00   1.0121636940026779e+00   1.0123604169713358e+00   1.0125546228514328e+00   1.0127464029516646e+00   1.0129297405348958e+00   1.0130987104785001e+00   1.0132354177991103e+00   1.0133113735155803e+00   1.0132626209542435e+00   1.0129699764080362e+00   1.0121892113206237e+00   1.0104442140804952e+00   1.0067824176052291e+00   9.9933523041691319e-01   9.8444909845949979e-01   9.5518508195383545e-01   8.9899575822044331e-01   7.9553722700855134e-01   6.1877778948778950e-01   3.5222673309341340e-01   1.7530248838648829e-02  -3.1792019657182907e-01  -5.8609248124192015e-01  -7.6432973394641524e-01  -8.6874973614032958e-01  -9.2550612115970443e-01  -9.5515369389869365e-01  -9.7037700598283938e-01  -9.7817684739552435e-01  -9.8222401309764173e-01  -9.8438547520769470e-01  -9.8560556835688029e-01  -9.8635228578083567e-01  -9.8686311799482651e-01  -9.8725266335876027e-01  -9.8758172726385862e-01  -9.8787742029405123e-01  -9.8815664921433188e-01  -9.8842505933009250e-01  -9.8868852576466770e-01  -9.8894752739876646e-01  -9.8920500870035954e-01  -9.8946022996450367e-01  -9.8971538182016272e-01  -9.8996938894792219e-01  -9.9022393945676279e-01  -9.9047813724616607e-01  -9.9073361152181483e-01  -9.9098932508510984e-01  -9.9124652190806295e-01  -9.9150421568935054e-01  -9.9176364148036389e-01  -9.9202393011130174e-01  -9.9228614316734554e-01  -9.9254936246738157e-01  -9.9281442562928479e-01  -9.9308038223278516e-01  -9.9334786686791765e-01  -9.9361586751381414e-01  -9.9388473971948210e-01  -9.9415323917898035e-01  -9.9442115968544353e-01  -9.9468650330364639e-01  -9.9494760696699280e-01  -9.9520015776616422e-01  -9.9543838344477564e-01  -9.9565111624647906e-01  -9.9582060030289832e-01  -9.9591490930407800e-01  -9.9587967416758472e-01
  -9.9540222502697173e-01  -9.9427092925379457e-01  -9.9209864709410100e-01  -9.8811720229817834e-01  -9.8100142812011093e-01  -9.6848884262238466e-01  -9.4678936395288449e-01  -9.0976647705879277e-01  -8.4807537663312804e-01  -7.4901065627857810e-01  -5.9883698172412658e-01  -3.8983797208540544e-01  -1.3100788778455391e-01   1.4701508737837121e-01   4.0359789305330762e-01   6.0936010701262844e-01   7.5663680928690835e-01   8.5375646149419304e-01   9.1444496097185735e-01   9.5115541685690497e-01   9.7297360349671258e-01   9.8584914543692226e-01   9.9345456300518142e-01   9.9798655042199103e-01   1.0007338083563659e+00   1.0024470921353315e+00   1.0035596061233967e+00   1.0043228627127057e+00   1.0048807714970438e+00   1.0053178677869534e+00   1.0056816966929851e+00   1.0060014422156294e+00   1.0062924714140888e+00   1.0065654980224910e+00   1.0068253563037892e+00   1.0070764360706002e+00   1.0073197226330173e+00   1.0075578197528168e+00   1.0077906013189095e+00   1.0080197371238813e+00   1.0082443882739549e+00   1.0084661496264957e+00   1.0086842101699813e+00   1.0089002016090785e+00   1.0091130864777333e+00   1.0093244017981231e+00   1.0095329643961075e+00   1.0097403876213602e+00   1.0099454377637362e+00   1.0101498345357061e+00   1.0103522579420954e+00   1.0105545127227991e+00   1.0107551596210387e+00   1.0109560878136046e+00   1.0111557294258158e+00   1.0113560742023868e+00   1.0115554215466149e+00   1.0117558384411103e+00   1.0119553209898726e+00   1.0121556594919074e+00   1.0123538645542562e+00   1.0125505187334780e+00   1.0127400017150803e+00   1.0129182338312592e+00   1.0130690986983035e+00   1.0131682724377167e+00   1.0131591535711497e+00   1.0129378842104335e+00   1.0122874718994290e+00   1.0107854094635698e+00   1.0075792102355994e+00   1.0009897806927011e+00   9.8770852992721270e-01   9.6139650277028577e-01   9.1042033238521425e-01   8.1543591205670363e-01   6.5035420000259925e-01   3.9536144474661061e-01   6.5330742835030847e-02  -2.7619726288867724e-01  -5.5679150426939272e-01  -7.4681428348731560e-01  -8.5930686998706796e-01  -9.2072616560953391e-01  -9.5284092933929632e-01  -9.6931308407127903e-01  -9.7773386569964615e-01  -9.8208795826698680e-01  -9.8440301848179335e-01  -9.8570136504027916e-01  -9.8649031591338732e-01  -9.8702532396226350e-01  -9.8743074322411983e-01  -9.8777114153906886e-01  -9.8807637522282465e-01  -9.8836382653636556e-01  -9.8864020195999247e-01  -9.8891112821098481e-01  -9.8917766211406444e-01  -9.8944241771455466e-01  -9.8970513322721854e-01  -9.8996741059648874e-01  -9.9022880011686887e-01  -9.9049068321603040e-01  -9.9075238285610845e-01  -9.9101490851215224e-01  -9.9127777053784782e-01  -9.9154200009213334e-01  -9.9180710556465734e-01  -9.9207380149770208e-01  -9.9234151576440643e-01  -9.9261081555507813e-01  -9.9288117665434072e-01  -9.9315304960461059e-01  -9.9342587939077631e-01  -9.9369990820938092e-01  -9.9397442981528628e-01  -9.9424932209681205e-01  -9.9452347212675840e-01  -9.9479595853432834e-01  -9.9506451425740550e-01  -9.9532612307107937e-01  -9.9557508985780074e-01  -9.9580228281518368e-01  -9.9599145659704846e-01  -9.9611488195359710e-01  -9.9612408461664570e-01  -9.9593520989397277e-01
  -9.9483053430372448e-01  -9.9295879940325837e-01  -9.8949568181281478e-01  -9.8327333898088154e-01  -9.7229304438185560e-01  -9.5318628363920266e-01  -9.2044522289023811e-01  -8.6552528640779758e-01  -7.7640604649108502e-01  -6.3911880742937166e-01  -4.4358398203723615e-01  -1.9400355163598226e-01   8.3574655424299427e-02   3.4880046208280069e-01   5.6794993376950631e-01   7.2836590472665974e-01   8.3572836106584369e-01   9.0339831988922592e-01   9.4449920376607011e-01   9.6895091533010258e-01   9.8336060786145640e-01   9.9184597079579173e-01   9.9687634982276485e-01   9.9990555793105862e-01   1.0017767008898804e+00   1.0029789783692538e+00   1.0037922577234608e+00   1.0043797249641302e+00   1.0048333001656602e+00   1.0052081230188221e+00   1.0055340107434851e+00   1.0058303070470689e+00   1.0061063604518683e+00   1.0063697180522027e+00   1.0066226519478623e+00   1.0068689372860984e+00   1.0071087030295010e+00   1.0073441636175717e+00   1.0075744576130308e+00   1.0078016267076504e+00   1.0080247195822198e+00   1.0082455411512194e+00   1.0084627622498068e+00   1.0086781034393271e+00   1.0088902452327062e+00   1.0091010562401181e+00   1.0093091953066271e+00   1.0095165599331719e+00   1.0097217006809154e+00   1.0099265405271218e+00   1.0101295462479192e+00   1.0103327078099880e+00   1.0105344193175914e+00   1.0107367544165970e+00   1.0109380038251241e+00   1.0111403060001345e+00   1.0113417600170402e+00   1.0115445067987774e+00   1.0117463445638051e+00   1.0119493395816004e+00   1.0121506813013670e+00   1.0123515060934523e+00   1.0125463339069769e+00   1.0127316807055000e+00   1.0128927665617267e+00   1.0130084389027798e+00   1.0130271304982221e+00   1.0128548235467802e+00   1.0122935224329479e+00   1.0109570954490497e+00   1.0080619332074794e+00   1.0020596145413485e+00   9.8988216943662433e-01   9.6561429773198615e-01   9.1828733339429391e-01   8.2934033457003575e-01   6.7283698917698842e-01   4.2684218986464506e-01   1.0124133106027666e-01  -2.4397518029263149e-01  -5.3369114866799827e-01  -7.3284117933948167e-01  -8.5174240135976931e-01  -9.1690584792310315e-01  -9.5101105329856594e-01  -9.6849186493924688e-01  -9.7741434029085550e-01  -9.8201622667738164e-01  -9.8445560453861347e-01  -9.8581737495893473e-01  -9.8664102074149462e-01  -9.8719605603168414e-01  -9.8761507136268278e-01  -9.8796528038926690e-01  -9.8827909811245773e-01  -9.8857394605692628e-01  -9.8885771234888775e-01  -9.8913547641183552e-01  -9.8940916479211438e-01  -9.8968066712194780e-01  -9.8995044705092272e-01  -9.9021960986646096e-01  -9.9048817621619312e-01  -9.9075678545610701e-01  -9.9102557016369308e-01  -9.9129512757035965e-01  -9.9156540512943070e-01  -9.9183665883701089e-01  -9.9210885774166524e-01  -9.9238226940960905e-01  -9.9265694225306667e-01  -9.9293298712051892e-01  -9.9321037323222994e-01  -9.9348899402297497e-01  -9.9376873627362217e-01  -9.9404924986778842e-01  -9.9433023531078024e-01  -9.9461088956419463e-01  -9.9489033107016400e-01  -9.9516662677908563e-01  -9.9543711132981638e-01  -9.9569664017353721e-01  -9.9593714100091291e-01  -9.9614400925959101e-01  -9.9629296109082444e-01  -9.9634113838029370e-01  -9.9621512366119147e-01  -9.9578604985516272e-01
  -9.9370703571780861e-01  -9.9069292197864589e-01  -9.8524788420978548e-01  -9.7560547099571404e-01  -9.5877948697184434e-01  -9.2984250672051783e-01  -8.8103542488227637e-01  -8.0111962101206147e-01  -6.7624719806019162e-01  -4.9459395236896875e-01  -2.5600733948765964e-01   1.8596131545086214e-02   2.9050485231511342e-01   5.2248770616421381e-01   6.9659501915686639e-01   8.1514876022080229e-01   8.9066862060750063e-01   9.3679945123718844e-01   9.6430325149512930e-01   9.8050807902755255e-01   9.9002789718984663e-01   9.9564918892762289e-01   9.9901227827410455e-01   1.0010729689608151e+00   1.0023813402080706e+00   1.0032557166065239e+00   1.0038771293897135e+00   1.0043514310069495e+00   1.0047376474478218e+00   1.0050716731151685e+00   1.0053723433409647e+00   1.0056526542231237e+00   1.0059180844355091e+00   1.0061740303581452e+00   1.0064217605141748e+00   1.0066640246676695e+00   1.0069004115736748e+00   1.0071330981468678e+00   1.0073613116239801e+00   1.0075867342802642e+00   1.0078081640670105e+00   1.0080273260937380e+00   1.0082431416474409e+00   1.0084574099272214e+00   1.0086688895685718e+00   1.0088792922388179e+00   1.0090872646822868e+00   1.0092945778882745e+00   1.0094998518245655e+00   1.0097049427866041e+00   1.0099084100350257e+00   1.0101121732904341e+00   1.0103147004047976e+00   1.0105179731438561e+00   1.0107203620183478e+00   1.0109239280393911e+00   1.0111269472733069e+00   1.0113315461933983e+00   1.0115357634018221e+00   1.0117414922492844e+00   1.0119459610741959e+00   1.0121500849595733e+00   1.0123489586652403e+00   1.0125396722561368e+00   1.0127085324247143e+00   1.0128355769042103e+00   1.0128727644292612e+00   1.0127322418164286e+00   1.0122279811689667e+00   1.0109963749881312e+00   1.0082976341751249e+00   1.0026655466334715e+00   9.9118561250626813e-01   9.6821411296385873e-01   9.2321738594808433e-01   8.3817031702638434e-01   6.8732244022575384e-01   4.4749073979325182e-01   1.2529005192107778e-01  -2.2196225621442189e-01  -5.1767546393729758e-01  -7.2307987527632611e-01  -8.4645644723446600e-01  -9.1425755881916682e-01  -9.4977009571109983e-01  -9.6796502724650479e-01  -9.7724301240009059e-01  -9.8202083042269284e-01  -9.8454894036816165e-01  -9.8595650113075006e-01  -9.8680575014117344e-01  -9.8737609870312038e-01  -9.8780596263348930e-01  -9.8816439560700930e-01  -9.8848563291191593e-01  -9.8878710252662705e-01  -9.8907753896453832e-01  -9.8936164915807157e-01  -9.8964189193504071e-01  -9.8991978787916624e-01  -9.9019626367649216e-01  -9.9047183447281284e-01  -9.9074713966137451e-01  -9.9102249647328933e-01  -9.9129825631260093e-01  -9.9157441548107061e-01  -9.9185146401488811e-01  -9.9212943993385105e-01  -9.9240878725327442e-01  -9.9268926038710115e-01  -9.9297119585672966e-01  -9.9325422081216908e-01  -9.9353867706272381e-01  -9.9382406429505865e-01  -9.9411061647042032e-01  -9.9439754520031343e-01  -9.9468474492609160e-01  -9.9497077737470296e-01  -9.9525459348672374e-01  -9.9553305567688233e-01  -9.9580236788592924e-01  -9.9605455680391441e-01  -9.9627761981906671e-01  -9.9644918414700567e-01  -9.9653228714120101e-01  -9.9646089758930279e-01  -9.9612221421204705e-01  -9.9531824128529101e-01
  -9.9172720755100585e-01  -9.8695305767378827e-01  -9.7847185032534212e-01  -9.6363497314502899e-01  -9.3804669791910567e-01  -8.9469235650053236e-01  -8.2316786426963084e-01  -7.1001560764938509e-01  -5.4225883815891884e-01  -3.1598595717460476e-01  -4.6787484879294960e-02   2.2951677899249046e-01   4.7330473701773268e-01   6.6133705611653615e-01   7.9190397257102796e-01   8.7613359073949648e-01   9.2795947066391504e-01   9.5896771029719940e-01   9.7725058323256653e-01   9.8797798617285393e-01   9.9429055479414463e-01   9.9804795696475279e-01   1.0003311048484584e+00   1.0017663670435051e+00   1.0027116649058163e+00   1.0033744972777801e+00   1.0038716504669292e+00   1.0042723283781523e+00   1.0046140725442627e+00   1.0049207634597801e+00   1.0052040133562890e+00   1.0054727526752718e+00   1.0057301573747479e+00   1.0059803018377731e+00   1.0062233359908843e+00   1.0064618659058227e+00   1.0066952637109425e+00   1.0069253736369719e+00   1.0071510594901907e+00   1.0073742268368358e+00   1.0075938190089255e+00   1.0078115983846452e+00   1.0080262184897464e+00   1.0082393716421463e+00   1.0084497502639760e+00   1.0086591816586865e+00   1.0088663638804389e+00   1.0090731410326887e+00   1.0092781300906313e+00   1.0094831826347241e+00   1.0096868557294667e+00   1.0098910453563767e+00   1.0100942598617801e+00   1.0102984546931484e+00   1.0105020616935887e+00   1.0107070784946641e+00   1.0109117810897259e+00   1.0111181563564915e+00   1.0113242346806608e+00   1.0115319360826140e+00   1.0117387824790451e+00   1.0119458629726745e+00   1.0121483399468023e+00   1.0123431716099991e+00   1.0125172294945450e+00   1.0126515819471225e+00   1.0126998613207119e+00   1.0125769819257331e+00   1.0121031122518593e+00   1.0109258143303146e+00   1.0083270851825377e+00   1.0028817270949248e+00   9.9175197790859637e-01   9.6943044235389142e-01   9.2560403289848414e-01   8.4252578468165618e-01   6.9456356399261032e-01   4.5794258069907029e-01   1.3761928343647201e-01  -2.1054992833524633e-01  -5.0931788787452503e-01  -7.1798969093839737e-01  -8.4373071066053618e-01  -9.1293243703829341e-01  -9.4919391367825645e-01  -9.6776950817551033e-01  -9.7723761892924765e-01  -9.8211030159710699e-01  -9.8468712180252715e-01  -9.8612075433058299e-01  -9.8698547241537138e-01  -9.8756594437066114e-01  -9.8800363402465075e-01  -9.8836859691612300e-01  -9.8869599143153286e-01  -9.8900329266824361e-01  -9.8929963782447627e-01  -9.8958956405787013e-01  -9.8987583804442281e-01  -9.9015970753279403e-01  -9.9044233452179276e-01  -9.9072418543243312e-01  -9.9100590356214702e-01  -9.9128753030154482e-01  -9.9156976630738847e-01  -9.9185262886724967e-01  -9.9213659360142170e-01  -9.9242137791946372e-01  -9.9270744913583553e-01  -9.9299455407878778e-01  -9.9328319553067235e-01  -9.9357296995981936e-01  -9.9386424916237159e-01  -9.9415638637525583e-01  -9.9444956069595303e-01  -9.9474274590884226e-01  -9.9503564020404933e-01  -9.9532630858908899e-01  -9.9561302457098833e-01  -9.9589131881038861e-01  -9.9615519948195630e-01  -9.9639274064172112e-01  -9.9658513403577476e-01  -9.9669818961302048e-01  -9.9667460612693004e-01  -9.9641330157079555e-01  -9.9574072142063519e-01  -9.9435349759246272e-01
  -9.8841795025643897e-01  -9.8093739325973583e-01  -9.6782489464187571e-01  -9.4515899019756544e-01  -9.0662155480209383e-01  -8.4264753730443309e-01  -7.4036856524067574e-01  -5.8616917541441371e-01  -3.7306910652211361e-01  -1.1144863570135100e-01   1.6677420976733393e-01   4.2089694523725141e-01   6.2271364647120153e-01   7.6593813431793056e-01   8.5968997765488464e-01   9.1789103745847456e-01   9.5287918253435544e-01   9.7354817721496678e-01   9.8566987853307664e-01   9.9278712279158143e-01   9.9700319986036823e-01   9.9954816589128948e-01   1.0011308278454956e+00   1.0021607710671041e+00   1.0028706454241729e+00   1.0033957949122720e+00   1.0038116007731128e+00   1.0041633968207369e+00   1.0044751301377897e+00   1.0047627351857937e+00   1.0050333059843670e+00   1.0052932684127807e+00   1.0055441013847970e+00   1.0057890651672357e+00   1.0060279974967554e+00   1.0062630024282422e+00   1.0064931173528984e+00   1.0067203434934899e+00   1.0069436577520374e+00   1.0071647487743833e+00   1.0073822826240322e+00   1.0075980261569615e+00   1.0078108019987693e+00   1.0080224647355869e+00   1.0082317070581022e+00   1.0084403004423048e+00   1.0086468410347562e+00   1.0088531496941735e+00   1.0090578052679500e+00   1.0092627034899515e+00   1.0094663740453413e+00   1.0096707664902638e+00   1.0098743318706398e+00   1.0100790715888739e+00   1.0102833530000781e+00   1.0104892453041285e+00   1.0106950353072370e+00   1.0109028452358406e+00   1.0111107437835394e+00   1.0113206225509870e+00   1.0115297922931288e+00   1.0117392136327685e+00   1.0119441761582966e+00   1.0121419697216474e+00   1.0123194634570005e+00   1.0124575668799669e+00   1.0125101036913133e+00   1.0123924932494823e+00   1.0119252533568679e+00   1.0107569537756420e+00   1.0081713619178005e+00   1.0027464962801305e+00   9.9165036271671325e-01   9.6938558347320491e-01   9.2565457347914126e-01   8.4272889685362007e-01   6.9498110416702108e-01   4.5858820958839996e-01   1.3838418437799060e-01  -2.0987368842433307e-01  -5.0887951503385831e-01  -7.1779432850702141e-01  -8.4370624948321504e-01  -9.1300707557446270e-01  -9.4932119110103619e-01  -9.6792416356397659e-01  -9.7740724736265472e-01  -9.8228897720026598e-01  -9.8487224586604438e-01  -9.8631111365859903e-01  -9.8718066524292802e-01  -9.8776577285799783e-01  -9.8820816367663056e-01  -9.8857784966217133e-01  -9.8891014002365996e-01  -9.8922241210513095e-01  -9.8952392829771796e-01  -9.8981912967714203e-01  -9.9011084990127396e-01  -9.9040030698864756e-01  -9.9068873994140938e-01  -9.9097636939559197e-01  -9.9126411467142439e-01  -9.9155199828844254e-01  -9.9184063057536420e-01  -9.9212973731429233e-01  -9.9242004721798560e-01  -9.9271132511604943e-01  -9.9300422867290328e-01  -9.9329824681230261e-01  -9.9359390861794272e-01  -9.9389056227946670e-01  -9.9418868199365895e-01  -9.9448741287621267e-01  -9.9478696452326232e-01  -9.9508595159254365e-01  -9.9538380194610354e-01  -9.9567774112013852e-01  -9.9596495686107311e-01  -9.9623875806502027e-01  -9.9648973886765091e-01  -9.9669974204526757e-01  -9.9683967270875762e-01  -9.9685711012739853e-01  -9.9666357937632044e-01  -9.9610337687475847e-01  -9.9490898106697001e-01  -9.9261459022741205e-01
  -9.8304759363480632e-01  -9.7141959901901087e-01  -9.5128804819033286e-01  -9.1696777408605290e-01  -8.5971383520357092e-01  -7.6736748530826349e-01  -6.2610617014322312e-01  -4.2657662775367811e-01  -1.7433625468161679e-01   1.0330459954504301e-01   3.6591396895589978e-01   5.8097759387385328e-01   7.3726670222121538e-01   8.4127151458463456e-01   9.0651680611977292e-01   9.4597946639521946e-01   9.6935906557833629e-01   9.8307937745630436e-01   9.9112230796399292e-01   9.9587060200311339e-01   9.9871815098350103e-01   1.0004737755574902e+00   1.0016008710433839e+00   1.0023668811688091e+00   1.0029229757628726e+00   1.0033575069058958e+00   1.0037191315147411e+00   1.0040376989574618e+00   1.0043283988656897e+00   1.0046020331162451e+00   1.0048629057530938e+00   1.0051155308335695e+00   1.0053607175233363e+00   1.0056009948291642e+00   1.0058357898393893e+00   1.0060671108697028e+00   1.0062941405820807e+00   1.0065184757795202e+00   1.0067389681797589e+00   1.0069573762311332e+00   1.0071726787716593e+00   1.0073865533776749e+00   1.0075977137394891e+00   1.0078077892711077e+00   1.0080155222142861e+00   1.0082226863906991e+00   1.0084280232410281e+00   1.0086333384387243e+00   1.0088372867496205e+00   1.0090416935976618e+00   1.0092451444763664e+00   1.0094495192573267e+00   1.0096533435272985e+00   1.0098585665729527e+00   1.0100636254194901e+00   1.0102705226628719e+00   1.0104775280471998e+00   1.0106866468052849e+00   1.0108958895885813e+00   1.0111071989937299e+00   1.0113180417248115e+00   1.0115295065344925e+00   1.0117366355851336e+00   1.0119363105027401e+00   1.0121150618967252e+00   1.0122534671535328e+00   1.0123039839601502e+00   1.0121794774959625e+00   1.0116958088739487e+00   1.0104924212497053e+00   1.0078352036589746e+00   1.0022682838481263e+00   9.9089573081125870e-01   9.6810559595218759e-01   9.2341332163091627e-01   8.3885077227242655e-01   6.8867797349083393e-01   4.4955216901303552e-01   1.2770160861924207e-01  -2.1985171855360508e-01  -5.1631552614869269e-01  -7.2247266288442946e-01  -8.4637356997148749e-01  -9.1447731413574429e-01  -9.5015002245103708e-01  -9.6842818880287074e-01  -9.7775147579040744e-01  -9.8255670017611774e-01  -9.8510415721611733e-01  -9.8652751778273251e-01  -9.8739119101078376e-01  -9.8797551107402504e-01  -9.8841938942357555e-01  -9.8879205875283871e-01  -9.8912789311207239e-01  -9.8944435188886826e-01  -9.8975022262732337e-01  -9.9005019479479861e-01  -9.9034679934794789e-01  -9.9064145571688322e-01  -9.9093513064325278e-01  -9.9122844418421807e-01  -9.9152186153077293e-01  -9.9181557011884758e-01  -9.9211010260011068e-01  -9.9240559210259693e-01  -9.9270235620276348e-01  -9.9300022046174963e-01  -9.9329950288063773e-01  -9.9360002620311794e-01  -9.9390212310582504e-01  -9.9420540590229001e-01  -9.9451001077371382e-01  -9.9481516209107845e-01  -9.9512058404107517e-01  -9.9542471114796971e-01  -9.9572611214437101e-01  -9.9602112356779082e-01  -9.9630487686658320e-01  -9.9656768281904606e-01  -9.9679442564385434e-01  -9.9695761467037236e-01  -9.9701148882737733e-01  -9.9687545474886918e-01  -9.9641198599996417e-01  -9.9538154749618080e-01  -9.9337175315998216e-01  -9.8966877771255657e-01
  -9.7448814626554570e-01  -9.5654002964681539e-01  -9.2588616037878146e-01  -8.7455415187241026e-01  -7.9116351408647223e-01  -6.6201180407019822e-01  -4.7603443094615788e-01  -2.3452714378765405e-01   4.0160397778697066e-02   3.0914262322580033e-01   5.3651589419825385e-01   7.0599844613170182e-01   8.2085710466059947e-01   8.9378408117708341e-01   9.3821694784553789e-01   9.6464745529845097e-01   9.8018071651683936e-01   9.8928219875750922e-01   9.9463998142436671e-01   9.9783740014995148e-01   9.9979146195475499e-01   1.0010322476897051e+00   1.0018617936432812e+00   1.0024548633387695e+00   1.0029094091727158e+00   1.0032833973428339e+00   1.0036080510865499e+00   1.0039032600036684e+00   1.0041785291820746e+00   1.0044413744552780e+00   1.0046941779649099e+00   1.0049405306060279e+00   1.0051803963674202e+00   1.0054160454464227e+00   1.0056468363136810e+00   1.0058745169850012e+00   1.0060979909082577e+00   1.0063191007665271e+00   1.0065367950248802e+00   1.0067527043311899e+00   1.0069655005957414e+00   1.0071769172161829e+00   1.0073857730322684e+00   1.0075939144102235e+00   1.0078000302297891e+00   1.0080059079308397e+00   1.0082101268398196e+00   1.0084145387261869e+00   1.0086176874205326e+00   1.0088215164748544e+00   1.0090245029090690e+00   1.0092286636454790e+00   1.0094323782334369e+00   1.0096377359637685e+00   1.0098430109545891e+00   1.0100503797452149e+00   1.0102580068358140e+00   1.0104681344371385e+00   1.0106786645682493e+00   1.0108916066126850e+00   1.0111040260602682e+00   1.0113169296531741e+00   1.0115251156173801e+00   1.0117255315651779e+00   1.0119037318092892e+00   1.0120388205463267e+00   1.0120803421543358e+00   1.0119362475195792e+00   1.0114117164482468e+00   1.0101265613593633e+00   1.0073081110252307e+00   1.0014275580221019e+00   9.8945199487331315e-01   9.6552553306485978e-01   9.1876945022023715e-01   8.3072240619278925e-01   6.7545055709325341e-01   4.3069941876750195e-01   1.0564661108795603e-01  -2.4019437541019811e-01  -5.3128430423193584e-01  -7.3176428518633641e-01  -8.5157570111178449e-01  -9.1725952726899262e-01  -9.5163867797148327e-01  -9.6926128403606215e-01  -9.7826061995629554e-01  -9.8290874720028543e-01  -9.8538059227430053e-01  -9.8676874345609644e-01  -9.8761642426702878e-01  -9.8819469955129058e-01  -9.8863703855178930e-01  -9.8901092701191584e-01  -9.8934905423313579e-01  -9.8966885059331844e-01  -9.8997833423120973e-01  -9.9028254877613187e-01  -9.9058344920892372e-01  -9.9088294162457236e-01  -9.9118150257847815e-01  -9.9148003077528690e-01  -9.9177873940439798e-01  -9.9207828643172136e-01  -9.9237861321952936e-01  -9.9268005956704553e-01  -9.9298270847867065e-01  -9.9328689331145215e-01  -9.9359262970143081e-01  -9.9389993256134879e-01  -9.9420867148139458e-01  -9.9451863156309450e-01  -9.9482951550660992e-01  -9.9514067209507029e-01  -9.9545117983867937e-01  -9.9575921145900836e-01  -9.9606199024475250e-01  -9.9635443638707133e-01  -9.9662836220437800e-01  -9.9686930953614494e-01  -9.9705312689664416e-01  -9.9713775343850752e-01  -9.9705156261223549e-01  -9.9667033658163884e-01  -9.9578054511399328e-01  -9.9401272982680644e-01  -9.9073111830273031e-01  -9.8484311578002204e-01
  -9.6101742843734395e-01  -9.3352937766932609e-01  -8.8737371093431328e-01  -8.1196445593462452e-01  -6.9396064368373889e-01  -5.2116224537985167e-01  -2.9127063771997108e-01  -2.1637914271842029e-02   2.5146479796694188e-01   4.8985209267149021e-01   6.7234264600582616e-01   7.9848889219789898e-01   8.7966893308506300e-01   9.2955720596560842e-01   9.5938174725519643e-01   9.7695331799503049e-01   9.8725152516901049e-01   9.9330390011603542e-01   9.9689985489545974e-01   9.9908252043300383e-01   1.0004526493082453e+00   1.0013563786033988e+00   1.0019905926930250e+00   1.0024691462186126e+00   1.0028557752659688e+00   1.0031883060412905e+00   1.0034870042859496e+00   1.0037649951572352e+00   1.0040283673447352e+00   1.0042822502580078e+00   1.0045281328316065e+00   1.0047684899038944e+00   1.0050033530085651e+00   1.0052344201835446e+00   1.0054610099451309e+00   1.0056846998003648e+00   1.0059047649293058e+00   1.0061225418692787e+00   1.0063370308525448e+00   1.0065497799902474e+00   1.0067599157572997e+00   1.0069689570843541e+00   1.0071757624011415e+00   1.0073818303194404e+00   1.0075860196064459e+00   1.0077899954231855e+00   1.0079925925970823e+00   1.0081955378048306e+00   1.0083975563908423e+00   1.0086004234240404e+00   1.0088027677029627e+00   1.0090064465420074e+00   1.0092099982643776e+00   1.0094153778749773e+00   1.0096210008513953e+00   1.0098289034073491e+00   1.0100372932395953e+00   1.0102482306624900e+00   1.0104596019458505e+00   1.0106733841109163e+00   1.0108867692463752e+00   1.0111007087038664e+00   1.0113095490768162e+00   1.0115093496661960e+00   1.0116844929178144e+00   1.0118120248913383e+00   1.0118369401821161e+00   1.0116584310649959e+00   1.0110651751771358e+00   1.0096449480365666e+00   1.0065635104275596e+00   1.0001750807898389e+00   9.8722924065148898e-01   9.6148468279285160e-01   9.1145099131935048e-01   8.1793045844226597e-01   6.5479678273007969e-01   4.0166597258145764e-01   7.2293761313847071e-02  -2.7038603402181266e-01  -5.5315813790963175e-01  -7.4518927445147809e-01  -8.5902319266062444e-01  -9.2119950039511500e-01  -9.5370996991059043e-01  -9.7038591885032965e-01  -9.7891662761939979e-01  -9.8333640190260563e-01  -9.8569727848515076e-01  -9.8703261091293204e-01  -9.8785518208316614e-01  -9.8842262154683169e-01  -9.8886062157504817e-01  -9.8923407275175979e-01  -9.8957329563148566e-01  -9.8989561278083504e-01  -9.9020799186666741e-01  -9.9051589157650488e-01  -9.9082061391761800e-01  -9.9112449666264091e-01  -9.9142747441607648e-01  -9.9173106383845766e-01  -9.9203478723311778e-01  -9.9233969017597512e-01  -9.9264541744023660e-01  -9.9295289720508362e-01  -9.9326159812509651e-01  -9.9357209541713765e-01  -9.9388387895440489e-01  -9.9419743902351687e-01  -9.9451223869234340e-01  -9.9482840219269564e-01  -9.9514502422474382e-01  -9.9546146559132354e-01  -9.9577584806842712e-01  -9.9608570918710981e-01  -9.9638632626658308e-01  -9.9667018528983342e-01  -9.9692414602488078e-01  -9.9712607634071571e-01  -9.9723792131084088e-01  -9.9719450243489083e-01  -9.9688380500306428e-01  -9.9611305146033735e-01  -9.9455066828448380e-01  -9.9162630680661656e-01  -9.8636244392590111e-01  -9.7709337071852620e-01
  -9.4004394555841775e-01  -8.9837920139392036e-01  -8.3001254849230577e-01  -7.2212246331243435e-01  -5.6185485396159685e-01  -3.4400461397509263e-01  -8.1162331131787613e-02   1.9381423351527777e-01   4.4162652568030658e-01   6.3661946718790108e-01   7.7427882482625343e-01   8.6418981841414211e-01   9.1998459285435918e-01   9.5354262407535573e-01   9.7337940421686553e-01   9.8501930550114003e-01   9.9185379792909556e-01   9.9590193932376836e-01   9.9834358817306401e-01   9.9986198801901993e-01   1.0008494521733851e+00   1.0015314671342967e+00   1.0020363243870882e+00   1.0024380771325094e+00   1.0027783083048862e+00   1.0030816157384943e+00   1.0033613122027452e+00   1.0036259294276002e+00   1.0038795796449616e+00   1.0041256094727042e+00   1.0043650730582956e+00   1.0045997481495144e+00   1.0048295913281453e+00   1.0050558455376231e+00   1.0052782703535619e+00   1.0054978739940041e+00   1.0057140891673912e+00   1.0059281085507659e+00   1.0061394376664736e+00   1.0063491240396536e+00   1.0065563983691805e+00   1.0067624303237901e+00   1.0069665741252938e+00   1.0071701394448500e+00   1.0073723410049364e+00   1.0075744569320360e+00   1.0077755734118301e+00   1.0079770518144953e+00   1.0081779207816755e+00   1.0083796533047069e+00   1.0085811909181372e+00   1.0087841006274065e+00   1.0089872061166609e+00   1.0091921655532283e+00   1.0093976742576580e+00   1.0096054897517763e+00   1.0098141642807639e+00   1.0100255118349903e+00   1.0102377555998308e+00   1.0104524070897272e+00   1.0106666797414228e+00   1.0108807912448232e+00   1.0110890800025050e+00   1.0112865626737038e+00   1.0114561525218748e+00   1.0115708571138913e+00   1.0115695675222485e+00   1.0113386203398049e+00   1.0106427569174286e+00   1.0090227165169479e+00   1.0055557147400518e+00   9.9842668758363495e-01   9.8407453959307978e-01   9.5571213603524297e-01   9.0100498727387246e-01   7.9980045096878771e-01   6.2592524980921793e-01   3.6191857310698405e-01   2.7799596990482289e-02  -3.0964683758560496e-01  -5.8103990493676316e-01  -7.6208124002488864e-01  -8.6831985541145995e-01  -9.2608727654542211e-01  -9.5625897414446726e-01  -9.7175096181062393e-01  -9.7969487705901093e-01  -9.8382770016182108e-01  -9.8604836144426344e-01  -9.8731610005895876e-01  -9.8810585351055102e-01  -9.8865828851139514e-01  -9.8908949686306147e-01  -9.8946098712293529e-01  -9.8980021290251086e-01  -9.9012426049530911e-01  -9.9043885336073678e-01  -9.9074993351423923e-01  -9.9105792257783831e-01  -9.9136585676429179e-01  -9.9167290938364638e-01  -9.9198112056259524e-01  -9.9228949806925404e-01  -9.9259979333183446e-01  -9.9291079756784251e-01  -9.9322390785064596e-01  -9.9353808548320155e-01  -9.9385465288925423e-01  -9.9417249243058725e-01  -9.9449251493181312e-01  -9.9481337477306697e-01  -9.9513553731122950e-01  -9.9545718254405635e-01  -9.9577776178557509e-01  -9.9609390442245016e-01  -9.9640226952039057e-01  -9.9669492645473867e-01  -9.9696063997081441e-01  -9.9717818468308206e-01  -9.9731345053945197e-01  -9.9730618447961417e-01  -9.9705515925034816e-01  -9.9638497401936998e-01  -9.9499641186553234e-01  -9.9237448311826881e-01  -9.8763949449907318e-01  -9.7929280576250766e-01  -9.6481364049053109e-01
  -9.0777034961971625e-01  -8.4556271586888276e-01  -7.4673184688686489e-01  -5.9814894677548192e-01  -3.9235831194085319e-01  -1.3761806985841607e-01   1.3712124931886277e-01   3.9257269100817027e-01   5.9925430225255438e-01   7.4841962489231406e-01   8.4741244742656185e-01   9.0951174749338026e-01   9.4712350435101622e-01   9.6944980437553241e-01   9.8257667633648516e-01   9.9028430790713617e-01   9.9483937742348361e-01   9.9757319014427948e-01   9.9925875679083631e-01   1.0003414781171465e+00   1.0010771712285402e+00   1.0016122133769441e+00   1.0020304099817567e+00   1.0023796351645684e+00   1.0026873054234433e+00   1.0029691736973836e+00   1.0032342552399018e+00   1.0034879039267421e+00   1.0037331144644979e+00   1.0039718965396121e+00   1.0042052975483258e+00   1.0044341935792096e+00   1.0046590331227272e+00   1.0048804151654060e+00   1.0050983675385978e+00   1.0053135213394930e+00   1.0055259528815748e+00   1.0057361232747741e+00   1.0059438676906889e+00   1.0061498618742073e+00   1.0063540761061711e+00   1.0065571744845838e+00   1.0067588754884564e+00   1.0069598214878723e+00   1.0071597293990184e+00   1.0073594013534222e+00   1.0075585364738648e+00   1.0077579963220378e+00   1.0079573800352108e+00   1.0081575912933509e+00   1.0083581415660432e+00   1.0085600053582846e+00   1.0087626133261118e+00   1.0089670202863013e+00   1.0091725435146246e+00   1.0093802902901587e+00   1.0095893727826666e+00   1.0098008637585301e+00   1.0100135173038447e+00   1.0102281603094219e+00   1.0104426462772120e+00   1.0106562672552033e+00   1.0108632291678454e+00   1.0110562391378604e+00   1.0112164987175469e+00   1.0113116088813665e+00   1.0112720275072087e+00   1.0109653423904996e+00   1.0101235742056442e+00   1.0082215786505393e+00   1.0042143896366194e+00   9.9605368856899001e-01   9.7975565208365134e-01   9.4780130434806420e-01   8.8676406417559606e-01   7.7537096152020224e-01   5.8777607270633636e-01   3.1085270026243467e-01  -2.7479070136833261e-02  -3.5688906105909174e-01  -6.1379231009941715e-01  -7.8163316202256428e-01  -8.7899646656696895e-01  -9.3167631148920116e-01  -9.5916284417380693e-01  -9.7329636563982647e-01  -9.8056644093021883e-01  -9.8436842701258198e-01  -9.8642692814600164e-01  -9.8761553011751568e-01  -9.8836654934561030e-01  -9.8890044109722475e-01  -9.8932294231735085e-01  -9.8969099649634085e-01  -9.9002937665830248e-01  -9.9035428668645342e-01  -9.9067059109775146e-01  -9.9098419886145239e-01  -9.9129515467846030e-01  -9.9160659167885912e-01  -9.9191741251808296e-01  -9.9222998976497445e-01  -9.9254287763335436e-01  -9.9285798888301413e-01  -9.9317401513907777e-01  -9.9349272470304784e-01  -9.9381261970136892e-01  -9.9413508452571864e-01  -9.9445858464131853e-01  -9.9478430635447912e-01  -9.9511049530422124e-01  -9.9543765909419002e-01  -9.9576314328008642e-01  -9.9608580799468771e-01  -9.9640051481150815e-01  -9.9670176034944502e-01  -9.9697723246120551e-01  -9.9720904819849543e-01  -9.9736398226876477e-01  -9.9738827210112879e-01  -9.9718746906309497e-01  -9.9660281754971725e-01  -9.9536016832142860e-01  -9.9299320009088632e-01  -9.8870347923791835e-01  -9.8113696962243824e-01  -9.6801302114996102e-01  -9.4556523257532765e-01
  -8.5886740692346120e-01  -7.6806057384705473e-01  -6.3018865039697158e-01  -4.3613648188376808e-01  -1.9037095259230719e-01   8.2263987754141454e-02   3.4348009055097684e-01   5.6076809314180531e-01   7.2118584213453918e-01   8.2945792557352949e-01   8.9818339121193724e-01   9.4013633739045821e-01   9.6516447409507222e-01   9.7992037904520846e-01   9.8859203745888635e-01   9.9370982537391139e-01   9.9676979740730542e-01   9.9864246474983354e-01   9.9983228944147451e-01   1.0006282451742547e+00   1.0011972581895823e+00   1.0016337698200852e+00   1.0019929365352582e+00   1.0023052530567849e+00   1.0025892588300716e+00   1.0028545970688396e+00   1.0031078657205976e+00   1.0033519396352388e+00   1.0035895283371961e+00   1.0038213356896795e+00   1.0040487498267114e+00   1.0042718730644444e+00   1.0044915791723041e+00   1.0047077400884763e+00   1.0049212262822234e+00   1.0051317758691356e+00   1.0053400157061141e+00   1.0055458703018938e+00   1.0057500815720541e+00   1.0059524348978008e+00   1.0061534333123219e+00   1.0063529534381683e+00   1.0065516436262780e+00   1.0067494967109962e+00   1.0069470611720626e+00   1.0071442716673267e+00   1.0073415838263353e+00   1.0075389768208383e+00   1.0077368869376400e+00   1.0079353614218631e+00   1.0081347952401392e+00   1.0083352793822535e+00   1.0085371432663019e+00   1.0087405066988775e+00   1.0089456267391979e+00   1.0091526372917299e+00   1.0093616990688781e+00   1.0095728632606908e+00   1.0097859536103162e+00   1.0100004344790607e+00   1.0102148974724696e+00   1.0104267493709780e+00   1.0106306325376198e+00   1.0108162760663753e+00   1.0109627021402279e+00   1.0110290944951237e+00   1.0109347834163642e+00   1.0105215333132194e+00   1.0094766231008863e+00   1.0071847308716584e+00   1.0024358360176060e+00   9.9286760864967083e-01   9.7393574681209039e-01   9.3717155628297144e-01   8.6779969700827508e-01   7.4336633312826439e-01   5.3907042668771465e-01   2.4794049110533134e-01  -9.2843375366670422e-02  -4.1068786766593490e-01  -6.5008657877745080e-01  -8.0295421566012026e-01  -8.9054894221494174e-01  -9.3770473087868267e-01  -9.6229133252833066e-01  -9.7495842327729298e-01  -9.8150039012303725e-01  -9.8494337607136029e-01  -9.8682541680377245e-01  -9.8792693133493104e-01  -9.8863509762877810e-01  -9.8914772770625448e-01  -9.8956006104636884e-01  -9.8992339584803435e-01  -9.9026022374200495e-01  -9.9058517569002813e-01  -9.9090274524463806e-01  -9.9121828573110693e-01  -9.9153184382038295e-01  -9.9184634490768075e-01  -9.9216075577928209e-01  -9.9247715717949292e-01  -9.9279435750296541e-01  -9.9311420231981806e-01  -9.9343524380049475e-01  -9.9375901014297674e-01  -9.9408414937630996e-01  -9.9441208389258118e-01  -9.9474123290916672e-01  -9.9507246939102512e-01  -9.9540365094556316e-01  -9.9573473804901702e-01  -9.9606222662449662e-01  -9.9638366648364474e-01  -9.9669155681962762e-01  -9.9697662085220540e-01  -9.9721988489977709e-01  -9.9739255423315065e-01  -9.9744254546228783e-01  -9.9728459756115917e-01  -9.9677038085650971e-01  -9.9565029714982656e-01  -9.9349577445123516e-01  -9.8958042662291468e-01  -9.8266968182526881e-01  -9.7069123141169356e-01  -9.5021445311217578e-01  -9.1573373346841180e-01
  -7.8639317513488161e-01  -6.5819372755968242e-01  -4.7529159161355572e-01  -2.3895782575267821e-01   3.0028071159004632e-02   2.9515303750928235e-01   5.2175823313599212e-01   6.9293034704377754e-01   8.1050650488299947e-01   8.8608071143080125e-01   9.3261521786297452e-01   9.6053498147315985e-01   9.7705414571392890e-01   9.8677670839085496e-01   9.9251310726359032e-01   9.9593251785234815e-01   9.9801334744839154e-01   9.9932172658089280e-01   1.0001855112864482e+00   1.0007918094151298e+00   1.0012492667212973e+00   1.0016188075399322e+00   1.0019366554087876e+00   1.0022222658520124e+00   1.0024881436689326e+00   1.0027402088464643e+00   1.0029832280287265e+00   1.0032187330777300e+00   1.0034489641626376e+00   1.0036740302387321e+00   1.0038953896804965e+00   1.0041126161531839e+00   1.0043269754024167e+00   1.0045379288985834e+00   1.0047464984909724e+00   1.0049521868196778e+00   1.0051561543205874e+00   1.0053577192108318e+00   1.0055578703984549e+00   1.0057560792853537e+00   1.0059535305296801e+00   1.0061496384366446e+00   1.0063454095839430e+00   1.0065401716814302e+00   1.0067349920957633e+00   1.0069292850255231e+00   1.0071241749589390e+00   1.0073190615229084e+00   1.0075150526810397e+00   1.0077115059676540e+00   1.0079095307463652e+00   1.0081084583596467e+00   1.0083094135841006e+00   1.0085116942024339e+00   1.0087164123141408e+00   1.0089227745137626e+00   1.0091317777547173e+00   1.0093423808005486e+00   1.0095552365034437e+00   1.0097686331929550e+00   1.0099820131339288e+00   1.0101910213291183e+00   1.0103899702275325e+00   1.0105644875170314e+00   1.0106900894248740e+00   1.0107154915084444e+00   1.0105439363904938e+00   1.0099821550249315e+00   1.0086562026119104e+00   1.0058294279000672e+00   1.0000694095157949e+00   9.8859747563215516e-01   9.6613617457099432e-01   9.2301487609364974e-01   8.4286421675182543e-01   7.0218210729894470e-01   4.7841285368332709e-01   1.7293595387662486e-01  -1.6711142580842020e-01  -4.6928812502546546e-01  -6.8847473541383597e-01  -8.2513334428898855e-01  -9.0247730940667814e-01  -9.4391591397139463e-01  -9.6551708321625251e-01  -9.7667464043004881e-01  -9.8246619516289857e-01  -9.8553738867990159e-01  -9.8723620779483667e-01  -9.8824622065434564e-01  -9.8890923702816935e-01  -9.8939868598886382e-01  -9.8979988793228424e-01  -9.9015738730742398e-01  -9.9049213928697322e-01  -9.9081633355427168e-01  -9.9113483297107718e-01  -9.9145165365519006e-01  -9.9176763280143199e-01  -9.9208462837485911e-01  -9.9240242616985552e-01  -9.9272236379877044e-01  -9.9304380192903419e-01  -9.9336776315303743e-01  -9.9369362412914974e-01  -9.9402233190030476e-01  -9.9435291183380570e-01  -9.9468593214779499e-01  -9.9502011744490670e-01  -9.9535563298531071e-01  -9.9569040148846533e-01  -9.9602317233803683e-01  -9.9634951607472166e-01  -9.9666431455927695e-01  -9.9695671322572244e-01  -9.9721079623851250e-01  -9.9739748038335529e-01  -9.9746998195337899e-01  -9.9734681841198647e-01  -9.9689217267941532e-01  -9.9587309063219909e-01  -9.9389627104948541e-01  -9.9029196562336375e-01  -9.8393016039132997e-01  -9.7291208782145222e-01  -9.5409977905103616e-01  -9.2243733118332039e-01  -8.7016852583759918e-01
  -6.8242667940620549e-01  -5.0989568655489037e-01  -2.8307691068168905e-01  -1.8925191743324410e-02   2.4837313185802523e-01   4.8286995290612378e-01   6.6407717726784943e-01   7.9079536379293691e-01   8.7332603602719860e-01   9.2461742233833477e-01   9.5558841143164186e-01   9.7398851180978863e-01   9.8484364657447787e-01   9.9125028177645302e-01   9.9506284555207181e-01   9.9737121021022423e-01   9.9881102112714037e-01   9.9974892553176420e-01   1.0003972914035293e+00   1.0008770698664260e+00   1.0012587952816967e+00   1.0015817936198979e+00   1.0018697761668769e+00   1.0021352191748345e+00   1.0023865035365971e+00   1.0026273137872244e+00   1.0028610533952866e+00   1.0030885211524587e+00   1.0033115309367944e+00   1.0035299346362641e+00   1.0037450115263635e+00   1.0039563678432666e+00   1.0041650710809704e+00   1.0043705727029897e+00   1.0045740691066940e+00   1.0047748739065425e+00   1.0049740310432713e+00   1.0051709804936571e+00   1.0053669558026628e+00   1.0055612123744202e+00   1.0057548202153233e+00   1.0059470495045841e+00   1.0061391814928127e+00   1.0063305330581898e+00   1.0065223697705736e+00   1.0067138769157680e+00   1.0069063093814159e+00   1.0070988107032204e+00   1.0072927027064522e+00   1.0074871039515736e+00   1.0076833897306030e+00   1.0078806195103978e+00   1.0080802040918118e+00   1.0082811112113967e+00   1.0084847794603284e+00   1.0086900334936242e+00   1.0088982869572511e+00   1.0091080302615991e+00   1.0093202870635831e+00   1.0095324328295299e+00   1.0097437511198817e+00   1.0099481102430288e+00   1.0101386615877279e+00   1.0102969116170319e+00   1.0103922259998439e+00   1.0103594946666763e+00   1.0100787253443966e+00   1.0093103935602414e+00   1.0075955195381052e+00   1.0040351882676128e+00   9.9689766540339619e-01   9.8285614761892182e-01   9.5568412626241761e-01   9.0422528537678137e-01   8.1032912260747236e-01   6.4990715543907718e-01   4.0447605567940492e-01   8.6129267470387294e-02  -2.4851532335444187e-01  -5.3066603730166395e-01  -7.2748279463315302e-01  -8.4730393639842339e-01  -9.1432094810690090e-01  -9.5007656963659859e-01  -9.6872422021631299e-01  -9.7838808526108367e-01  -9.8343560054607704e-01  -9.8613644110572840e-01  -9.8765196082029127e-01  -9.8856954005050546e-01  -9.8918661315969181e-01  -9.8965190490371158e-01  -9.9004131492501923e-01  -9.9039219244345289e-01  -9.9072437669624358e-01  -9.9104717842563872e-01  -9.9136624092808134e-01  -9.9168383926254589e-01  -9.9200192429024459e-01  -9.9232102977946590e-01  -9.9264207029326212e-01  -9.9296502566270761e-01  -9.9329054006293993e-01  -9.9361850870488677e-01  -9.9394916098640618e-01  -9.9428216097746724e-01  -9.9461761385514902e-01  -9.9495501277250742e-01  -9.9529383597604315e-01  -9.9563265359599040e-01  -9.9596949564828208e-01  -9.9630078558031065e-01  -9.9662088870967813e-01  -9.9692019026099299e-01  -9.9718276414052309e-01  -9.9738180214752592e-01  -9.9747226606736406e-01  -9.9737828351544622e-01  -9.9697167666992037e-01  -9.9603583239999127e-01  -9.9420410537406967e-01  -9.9085681890099875e-01  -9.8494916542508637e-01  -9.7473194283544629e-01  -9.5731409322138505e-01  -9.2803247565225533e-01  -8.7968722598296833e-01  -8.0201322439516953e-01
  -5.4010460137296024e-01  -3.2257319016064090e-01  -6.4070239821980068e-02   2.0386057276291436e-01   4.4476955727250084e-01   6.3510334703504367e-01   7.7061721453044996e-01   8.6008037337113852e-01   9.1622791764299483e-01   9.5036630862817750e-01   9.7074472809302270e-01   9.8280202254071869e-01   9.8992673904862039e-01   9.9416248155055142e-01   9.9671809349559304e-01   9.9830048378034597e-01   9.9932002884314597e-01   1.0000138876054379e+00   1.0005187366081576e+00   1.0009131298477290e+00   1.0012422755942103e+00   1.0015320467350703e+00   1.0017974520428978e+00   1.0020470045107024e+00   1.0022858246523858e+00   1.0025167285926306e+00   1.0027416250507302e+00   1.0029614664972502e+00   1.0031771313669620e+00   1.0033889451770601e+00   1.0035975150343028e+00   1.0038028706212265e+00   1.0040056124542207e+00   1.0042057145000503e+00   1.0044036283459166e+00   1.0045993531593580e+00   1.0047935329824722e+00   1.0049859693627428e+00   1.0051771802508374e+00   1.0053670734618234e+00   1.0055564025199528e+00   1.0057449908949827e+00   1.0059334643046425e+00   1.0061215178177934e+00   1.0063098751119568e+00   1.0064982720319298e+00   1.0066875345034778e+00   1.0068773414887562e+00   1.0070685503319727e+00   1.0072607507552807e+00   1.0074548476367886e+00   1.0076503503105902e+00   1.0078482209589850e+00   1.0080478683344209e+00   1.0082502676853853e+00   1.0084546346802956e+00   1.0086617986279318e+00   1.0088705156612354e+00   1.0090810423912464e+00   1.0092908779060266e+00   1.0094981484529693e+00   1.0096958451149460e+00   1.0098736797422174e+00   1.0100083493143781e+00   1.0100591640645566e+00   1.0099439774944319e+00   1.0095087141806802e+00   1.0084518215351126e+00   1.0061965611568600e+00   1.0016264369407009e+00   9.9260672976241837e-01   9.7509190499222032e-01   9.4164063449795266e-01   8.7931216200016138e-01   7.6813617095546849e-01   5.8442141316912533e-01   3.1629292777987827e-01  -1.1384887689029288e-02  -3.3468297497843480e-01  -5.9265192868591976e-01  -7.6571578002109064e-01  -8.6870179450254159e-01  -9.2568686678278822e-01  -9.5599022649497944e-01  -9.7181484555618003e-01  -9.8005048813609730e-01  -9.8438415704462623e-01  -9.8672835794811919e-01  -9.8806599116303861e-01  -9.8889341922256335e-01  -9.8946487924510451e-01  -9.8990606387709090e-01  -9.9028311890483411e-01  -9.9062707070101041e-01  -9.9095605390910446e-01  -9.9127716437444346e-01  -9.9159623469289726e-01  -9.9191435331911904e-01  -9.9223412372048214e-01  -9.9255510620533149e-01  -9.9287895003565052e-01  -9.9320492221860923e-01  -9.9353417298168867e-01  -9.9386575829024382e-01  -9.9420070520231940e-01  -9.9453797455084758e-01  -9.9487799686680134e-01  -9.9521915217003265e-01  -9.9556103893993808e-01  -9.9590091187780971e-01  -9.9623621033118237e-01  -9.9656066784696051e-01  -9.9686573458162797e-01  -9.9713533224043482e-01  -9.9734442810175017e-01  -9.9744940114154768e-01  -9.9737878627919396e-01  -9.9701079914509383e-01  -9.9614198650012931e-01  -9.9442795633546821e-01  -9.9129011832479563e-01  -9.8575497476459928e-01  -9.7619821351239278e-01  -9.5993838348058902e-01  -9.3264941798770828e-01  -8.8762328581088157e-01  -8.1518869396260452e-01  -7.0317203183889754e-01
  -3.5741124015792447e-01  -1.0502154139318348e-01   1.6224968085924130e-01   4.0811138750968728e-01   6.0652173151396283e-01   7.5030924580472236e-01   8.4654351270234041e-01   9.0755715727323372e-01   9.4492795268289909e-01   9.6735328061426684e-01   9.8066788503008417e-01   9.8855032548538080e-01   9.9323597949740283e-01   9.9605612608935234e-01   9.9779195475853888e-01   9.9889967709298566e-01   9.9964291521925008e-01   1.0001748905477716e+00   1.0005830771559874e+00   1.0009186890996784e+00   1.0012103638024887e+00   1.0014754109136168e+00   1.0017230160216584e+00   1.0019593010633987e+00   1.0021870748193760e+00   1.0024087802577901e+00   1.0026251641532049e+00   1.0028374511202951e+00   1.0030457431272222e+00   1.0032508653365599e+00   1.0034526898413854e+00   1.0036519766845859e+00   1.0038484868449702e+00   1.0040428901393963e+00   1.0042350964665623e+00   1.0044256780827496e+00   1.0046143959527669e+00   1.0048019563778068e+00   1.0049883025417821e+00   1.0051739870891101e+00   1.0053587798214929e+00   1.0055432577494452e+00   1.0057273782364629e+00   1.0059117887259559e+00   1.0060964167112556e+00   1.0062818063000534e+00   1.0064678489608299e+00   1.0066550730812249e+00   1.0068434041506109e+00   1.0070333764722097e+00   1.0072249290684288e+00   1.0074185708008347e+00   1.0076142207450902e+00   1.0078123226146449e+00   1.0080127311050173e+00   1.0082157345527081e+00   1.0084209687562362e+00   1.0086282282307044e+00   1.0088362562070410e+00   1.0090430637294496e+00   1.0092441584494758e+00   1.0094316074554046e+00   1.0095899124382273e+00   1.0096901575004278e+00   1.0096765548024176e+00   1.0094433824372633e+00   1.0087883972449010e+00   1.0073255192441350e+00   1.0043150975251947e+00   9.9834614998893001e-01   9.8674298558305273e-01   9.6451965136784934e-01   9.2270556090730582e-01   8.4630492567079041e-01   7.1379506340751908e-01   5.0362116876693330e-01   2.1365706053112454e-01  -1.1749666498216044e-01  -4.2274467335861787e-01  -6.5310285460532858e-01  -8.0195924169278998e-01  -8.8870926414225115e-01  -9.3626848174754607e-01  -9.6150521602660521e-01  -9.7471307511670724e-01  -9.8162392696616452e-01  -9.8529232971964686e-01  -9.8730311002276250e-01  -9.8847267155734919e-01  -9.8921473975041374e-01  -9.8974191620543772e-01  -9.9015981682488430e-01  -9.9052413308103515e-01  -9.9086118083182917e-01  -9.9118631681086367e-01  -9.9150563058446706e-01  -9.9182409167738805e-01  -9.9214265506847643e-01  -9.9246352513214109e-01  -9.9278637146335535e-01  -9.9311258482660447e-01  -9.9344136988466669e-01  -9.9377388332185501e-01  -9.9410919073542570e-01  -9.9444796409660519e-01  -9.9478886563849933e-01  -9.9513218400163783e-01  -9.9547591588131468e-01  -9.9581896765526323e-01  -9.9615711671672846e-01  -9.9648573345625635e-01  -9.9679492166838291e-01  -9.9707058256879511e-01  -9.9728705683627139e-01  -9.9740379506427235e-01  -9.9735088266487226e-01  -9.9701344724715013e-01  -9.9619676447488248e-01  -9.9457619410558662e-01  -9.9160501198137940e-01  -9.8637019333319020e-01  -9.7734975086682263e-01  -9.6203997573803657e-01  -9.3640035761001561e-01  -8.9415276255828025e-01  -8.2616691092089733e-01  -7.2071524214428462e-01  -5.6613023146176911e-01
  -1.4152412063504449e-01   1.2407127868102569e-01   3.7351056921112846e-01   5.7885796456537086e-01   7.3024161439466062e-01   8.3294793434766501e-01   8.9874036848213468e-01   9.3934933907624063e-01   9.6385518882565591e-01   9.7846361169262241e-01   9.8713267830619844e-01   9.9228997231980576e-01   9.9538873837591624e-01   9.9728783058726966e-01   9.9848921190901530e-01   9.9928572357094869e-01   9.9984640974332983e-01   1.0002697477347331e+00   1.0006118366810055e+00   1.0009057776905677e+00   1.0011698992382125e+00   1.0014155575193371e+00   1.0016485563061626e+00   1.0018730819451929e+00   1.0020908081685356e+00   1.0023035848853941e+00   1.0025117225593705e+00   1.0027163336820000e+00   1.0029172705147258e+00   1.0031154175508812e+00   1.0033105098249677e+00   1.0035033039974399e+00   1.0036935407720942e+00   1.0038820139024776e+00   1.0040682922234450e+00   1.0042532529074439e+00   1.0044366103837390e+00   1.0046191182176836e+00   1.0048003110847659e+00   1.0049810991048138e+00   1.0051611912418492e+00   1.0053414880798406e+00   1.0055215137936617e+00   1.0057021080080299e+00   1.0058828171809462e+00   1.0060645929230039e+00   1.0062470076161609e+00   1.0064310385272355e+00   1.0066162054106176e+00   1.0068034831180779e+00   1.0069923393675044e+00   1.0071837568457245e+00   1.0073771358473300e+00   1.0075734362771072e+00   1.0077718918086556e+00   1.0079732910667456e+00   1.0081763957900145e+00   1.0083813450049184e+00   1.0085855577102536e+00   1.0087869792534214e+00   1.0089786882216703e+00   1.0091506356794440e+00   1.0092805015142321e+00   1.0093297511426971e+00   1.0092223883918217e+00   1.0088187046067061e+00   1.0078498649912582e+00   1.0058104146124289e+00   1.0017374874056488e+00   9.9381686846933259e-01   9.7864973498369778e-01   9.5002590174534718e-01   8.9709935556177345e-01   8.0267161293454725e-01   6.4448585618131315e-01   4.0582480709174651e-01   9.7578908125236175e-02  -2.2902725223802745e-01  -5.0957572898175452e-01  -7.1009501590526991e-01  -8.3526005095924072e-01  -9.0688066918709898e-01  -9.4585369851350110e-01  -9.6651727892420980e-01  -9.7736641166587968e-01  -9.8308134936185188e-01  -9.8614595020638529e-01  -9.8785293573854516e-01  -9.8886761258795908e-01  -9.8953074865234902e-01  -9.9001591404770761e-01  -9.9041178483395720e-01  -9.9076328440323824e-01  -9.9109358074540199e-01  -9.9141434452976118e-01  -9.9173181785151032e-01  -9.9204911113280414e-01  -9.9236805190119148e-01  -9.9268954770825513e-01  -9.9301417416915250e-01  -9.9334222244709247e-01  -9.9367391382691972e-01  -9.9400915499005826e-01  -9.9434777215224979e-01  -9.9468949950129870e-01  -9.9503367746569005e-01  -9.9537907666921432e-01  -9.9572360067902421e-01  -9.9606401345552609e-01  -9.9639491103478905e-01  -9.9670752004254770e-01  -9.9698711408717711e-01  -9.9720952923234074e-01  -9.9733441027593850e-01  -9.9729499405614552e-01  -9.9697968450518704e-01  -9.9620263642963447e-01  -9.9465289202142082e-01  -9.9181144596429671e-01  -9.8681242744565167e-01  -9.7821995547263763e-01  -9.6367579643696810e-01  -9.3938187105375448e-01  -8.9942760941934519e-01  -8.3516958178395839e-01  -7.3532911055805739e-01  -5.8821548319445061e-01  -3.8764836146406190e-01
   8.9744249226791473e-02   3.4152095120409948e-01   5.5262668106028712e-01   7.1080311260840678e-01   8.1955005504138179e-01   8.8993474708270370e-01   9.3372123545483177e-01   9.6030233236927576e-01   9.7621737414565524e-01   9.8568993873815058e-01   9.9133280219426245e-01   9.9472126918264836e-01   9.9679069223135186e-01   9.9809093639416668e-01   9.9894333711585626e-01   9.9953480215207791e-01   9.9997378015390426e-01   1.0003230320281040e+00   1.0006188405844527e+00   1.0008821824856331e+00   1.0011251620414927e+00   1.0013548380658768e+00   1.0015752757729157e+00   1.0017889436247753e+00   1.0019972496491316e+00   1.0022011675195013e+00   1.0024012349073443e+00   1.0025979458007728e+00   1.0027915572766612e+00   1.0029824312785596e+00   1.0031706907143694e+00   1.0033567427713210e+00   1.0035406117506416e+00   1.0037226758727948e+00   1.0039030811981409e+00   1.0040821658473122e+00   1.0042598958406206e+00   1.0044367761055992e+00   1.0046129184496495e+00   1.0047887298431277e+00   1.0049641113619656e+00   1.0051395300434602e+00   1.0053150256533763e+00   1.0054911841493139e+00   1.0056679761487313e+00   1.0058459356628204e+00   1.0060249481082530e+00   1.0062055790980402e+00   1.0063876919577011e+00   1.0065719061252234e+00   1.0067580338758373e+00   1.0069467104094265e+00   1.0071376401375265e+00   1.0073314035067225e+00   1.0075274869418536e+00   1.0077262210521587e+00   1.0079265203352410e+00   1.0081277839907172e+00   1.0083270521563616e+00   1.0085203866677219e+00   1.0086985720410027e+00   1.0088464664219607e+00   1.0089340192063683e+00   1.0089073490430260e+00   1.0086632965245934e+00   1.0080110289639137e+00   1.0065899185786054e+00   1.0037248406384895e+00   9.9814531368818649e-01   9.8748295681117626e-01   9.6737612052790001e-01   9.3004272891988038e-01   8.6243163924122279e-01   7.4530055542649309e-01   5.5735087763229885e-01   2.9037647754842677e-01  -2.9334059484306563e-02  -3.4192209699390774e-01  -5.9213961700367967e-01  -7.6209500074095293e-01  -8.6497285790643430e-01  -9.2294747992444481e-01  -9.5432287211614353e-01  -9.7096746279193702e-01  -9.7974482191593748e-01  -9.8440605674180803e-01  -9.8693615948911606e-01  -9.8837221863494440e-01  -9.8924775560329414e-01  -9.8983898252311442e-01  -9.9028548043785580e-01  -9.9066047264415791e-01  -9.9099970516350344e-01  -9.9132312806571488e-01  -9.9163947179614298e-01  -9.9195474915751114e-01  -9.9227071847769799e-01  -9.9258969042923351e-01  -9.9291159786426153e-01  -9.9323770870943096e-01  -9.9356742611654703e-01  -9.9390148220271657e-01  -9.9423909532009258e-01  -9.9458060760979117e-01  -9.9492456473512547e-01  -9.9527036759831966e-01  -9.9561548031786851e-01  -9.9595729014051959e-01  -9.9628984830687073e-01  -9.9660482869440969e-01  -9.9688714311424775e-01  -9.9711339699388724e-01  -9.9724362464845118e-01  -9.9721302464942152e-01  -9.9691276192505651e-01  -9.9616327910551850e-01  -9.9466457135582564e-01  -9.9191885108507150e-01  -9.8709827203935407e-01  -9.7883588423464984e-01  -9.6489312830385632e-01  -9.4167284289553044e-01  -9.0357718002965415e-01  -8.4239027932787303e-01  -7.4726746289067525e-01  -6.0661336391594278e-01  -4.1340895970202296e-01  -1.7343588678032329e-01
   3.1261715215449337e-01   5.2831153598713931e-01   6.9238303516897914e-01   8.0662122109423029e-01   8.8131285571410634e-01   9.2814788554152028e-01   9.5675519479625826e-01   9.7396394012268717e-01   9.8424151056309883e-01   9.9037568735121373e-01   9.9405988766173581e-01   9.9630447103731801e-01   9.9770704677988464e-01   9.9861757421427000e-01   9.9924113667526959e-01   9.9969642183600971e-01   1.0000530385975319e+00   1.0003506603668342e+00   1.0006129399457104e+00   1.0008529094607830e+00   1.0010787955586395e+00   1.0012947341763538e+00   1.0015038173409456e+00   1.0017072403760425e+00   1.0019063998198916e+00   1.0021015367063884e+00   1.0022934884728361e+00   1.0024822048033473e+00   1.0026683364215345e+00   1.0028517439964686e+00   1.0030330581011220e+00   1.0032120534764832e+00   1.0033894030317845e+00   1.0035649266737092e+00   1.0037391548435317e+00   1.0039119755217460e+00   1.0040840835749909e+00   1.0042552424776061e+00   1.0044259864804665e+00   1.0045962087596616e+00   1.0047666367063335e+00   1.0049371443689985e+00   1.0051083037921384e+00   1.0052799040175759e+00   1.0054525592061503e+00   1.0056261408455471e+00   1.0058013172853872e+00   1.0059779548349801e+00   1.0061566997868623e+00   1.0063373725136513e+00   1.0065205914496622e+00   1.0067061158690471e+00   1.0068944968880591e+00   1.0070853404760121e+00   1.0072789469768990e+00   1.0074744462428178e+00   1.0076713050961783e+00   1.0078671696783741e+00   1.0080588967276101e+00   1.0082394245314761e+00   1.0083970295464215e+00   1.0085086952321820e+00   1.0085332595079466e+00   1.0083932911664657e+00   1.0079471545581931e+00   1.0069301755941384e+00   1.0048513499162071e+00   1.0007946529137708e+00   9.9306185524967039e-01   9.7852568962067010e-01   9.5155026113687335e-01   9.0239108992830097e-01   8.1559042763990353e-01   6.7063404035028507e-01   4.5006892168746593e-01   1.5836720740894783e-01  -1.6277055925511374e-01  -4.5171438879185932e-01  -6.6785051607476320e-01  -8.0807266789026888e-01  -8.9076588320892525e-01  -9.3680577302061385e-01  -9.6163808201613721e-01  -9.7483698378359507e-01  -9.8183759720622643e-01  -9.8559088755410273e-01  -9.8765849857158661e-01  -9.8885762781031106e-01  -9.8961094917976233e-01  -9.9013756276592113e-01  -9.9054932749741409e-01  -9.9090456761608225e-01  -9.9123245331694410e-01  -9.9154876346971921e-01  -9.9186091886820149e-01  -9.9217350103985535e-01  -9.9248822590170782e-01  -9.9280668613814693e-01  -9.9312907656044014e-01  -9.9345607217097276e-01  -9.9378735306867272e-01  -9.9412323677959469e-01  -9.9446286502470871e-01  -9.9480591668623819e-01  -9.9515086946974407e-01  -9.9549614765728911e-01  -9.9583795869488834e-01  -9.9617121651958684e-01  -9.9648665767562505e-01  -9.9677025377333806e-01  -9.9699788259480471e-01  -9.9713090806684024e-01  -9.9710455319484237e-01  -9.9681288885435571e-01  -9.9607963154599444e-01  -9.9461385400437130e-01  -9.9193269466472855e-01  -9.8723872764426479e-01  -9.7921830445828362e-01  -9.6572987072507865e-01  -9.4333937053270134e-01  -9.0671096484979730e-01  -8.4799708100879723e-01  -7.5675849854538380e-01  -6.2157272349827120e-01  -4.3485916784214684e-01  -2.0070954009626274e-01   5.9577866101903854e-02
   5.0634623394834166e-01   6.7535453086715913e-01   7.9443539945490349e-01   8.7305623138893851e-01   9.2274275318927579e-01   9.5328156464167746e-01   9.7174327487138379e-01   9.8281025989504645e-01   9.8943201763569577e-01   9.9341213988955457e-01   9.9583386037739907e-01   9.9734024658311038e-01   9.9831044733729013e-01   9.9896667499756964e-01   9.9943889896018145e-01   9.9980271703493317e-01   1.0001022413754095e+00   1.0003629320713556e+00   1.0005997403266069e+00   1.0008211702168506e+00   1.0010323748534555e+00   1.0012361719383274e+00   1.0014344617383071e+00   1.0016281680266423e+00   1.0018181342402368e+00   1.0020046534865803e+00   1.0021882482499442e+00   1.0023689929577853e+00   1.0025473339159905e+00   1.0027232764150988e+00   1.0028972263028155e+00   1.0030692276652839e+00   1.0032396507115968e+00   1.0034084814486386e+00   1.0035762549782232e+00   1.0037428903222114e+00   1.0039087892857541e+00   1.0040739871877062e+00   1.0042390789047979e+00   1.0044039697346099e+00   1.0045690945039951e+00   1.0047343632839905e+00   1.0049003947547810e+00   1.0050671692472377e+00   1.0052352959395343e+00   1.0054046500077940e+00   1.0055758114358617e+00   1.0057486203569213e+00   1.0059236889960574e+00   1.0061008304678944e+00   1.0062806522166430e+00   1.0064628684545034e+00   1.0066479858709922e+00   1.0068354579609420e+00   1.0070254469592936e+00   1.0072166880505322e+00   1.0074082147638230e+00   1.0075965674671890e+00   1.0077769777099945e+00   1.0079389021883340e+00   1.0080649904134054e+00   1.0081217787900301e+00   1.0080504063088302e+00   1.0077408940654173e+00   1.0069933957127994e+00   1.0054374826003873e+00   1.0023929788826678e+00   9.9660406612479346e-01   9.8577236095273602e-01   9.6574016172587784e-01   9.2921131441109328e-01   8.6411095890328193e-01   7.5272858695472478e-01   5.7508751767470123e-01   3.2174617015090295e-01   1.3239352947154059e-02  -2.9706428974787435e-01  -5.5416775770198612e-01  -7.3485897568742709e-01  -8.4753385680524806e-01  -9.1259034450912158e-01  -9.4848995765096855e-01  -9.6782727485304876e-01  -9.7813971114752829e-01  -9.8364934874592269e-01  -9.8663673781491534e-01  -9.8831192059134620e-01  -9.8930797116450042e-01  -9.8995562742684928e-01  -9.9042530135509621e-01  -9.9080609932381236e-01  -9.9114307798289625e-01  -9.9146038018671900e-01  -9.9176963751948721e-01  -9.9207768044392108e-01  -9.9238730709909007e-01  -9.9270070576546077e-01  -9.9301832745555574e-01  -9.9334100067399278e-01  -9.9366849433249937e-01  -9.9400104687237301e-01  -9.9433788815621238e-01  -9.9467872010762381e-01  -9.9502198793769281e-01  -9.9536584692465335e-01  -9.9570658072626650e-01  -9.9603906008328380e-01  -9.9635413296257158e-01  -9.9663749546087588e-01  -9.9686502512491415e-01  -9.9699793898505651e-01  -9.9697199930031954e-01  -9.9668220526010043e-01  -9.9595502961454463e-01  -9.9450482370030813e-01  -9.9186003770463660e-01  -9.8724469438446105e-01  -9.7938633986914791e-01  -9.6621792765070835e-01  -9.4443627766258376e-01  -9.0891897705583435e-01  -8.5213162057641523e-01  -7.6400178691124254e-01  -6.3332850450037337e-01  -4.5218886575380557e-01  -2.2337222522406952e-01   3.3779040936149196e-02   2.8718536172953124e-01
   6.6005904362343149e-01   7.8325642532779183e-01   8.6534765875441488e-01   9.1762342143215325e-01   9.4995431103673256e-01   9.6959890183923125e-01   9.8142215776869191e-01   9.8851676103768771e-01   9.9278708796278536e-01   9.9538400250543435e-01   9.9699397434689119e-01   9.9802392679560592e-01   9.9871309055143231e-01   9.9920221079770632e-01   9.9957321724153725e-01   9.9987430223099938e-01   1.0001331645452596e+00   1.0003662975934551e+00   1.0005829329826881e+00   1.0007888220198198e+00   1.0009869732068013e+00   1.0011795337678215e+00   1.0013674404657282e+00   1.0015516472461257e+00   1.0017324134248993e+00   1.0019103100517768e+00   1.0020853787413171e+00   1.0022580825411351e+00   1.0024283953291029e+00   1.0025967471685628e+00   1.0027631363071281e+00   1.0029279251914933e+00   1.0030911699389153e+00   1.0032532835508332e+00   1.0034141958640994e+00   1.0035743786908000e+00   1.0037339339439957e+00   1.0038932172164687e+00   1.0040521759348726e+00   1.0042112824204061e+00   1.0043706809838582e+00   1.0045308312205852e+00   1.0046917321297961e+00   1.0048537540907083e+00   1.0050169346342490e+00   1.0051817205297158e+00   1.0053482011740926e+00   1.0055168129322589e+00   1.0056876113909263e+00   1.0058609671420071e+00   1.0060368667047306e+00   1.0062155576693350e+00   1.0063968398515113e+00   1.0065806209374017e+00   1.0067661040107454e+00   1.0069521535667920e+00   1.0071361128529013e+00   1.0073136189365375e+00   1.0074762787343439e+00   1.0076095773547453e+00   1.0076867943835666e+00   1.0076602270144381e+00   1.0074427937717527e+00   1.0068771356766626e+00   1.0056762601224103e+00   1.0033172703142270e+00   9.9884458252916852e-01   9.9051980725175515e-01   9.7520647836896601e-01   9.4736371672910868e-01   8.9760603984901066e-01   8.1133425545775406e-01   6.6948859488532420e-01   4.5589608758857292e-01   1.7398265916833933e-01  -1.3908932566293042e-01  -4.2602763226573659e-01  -6.4590896928268826e-01  -7.9218951695920614e-01  -8.8047421882020827e-01  -9.3062490418654498e-01  -9.5813825895912463e-01  -9.7296675626730011e-01  -9.8091318273542327e-01  -9.8519614282379975e-01  -9.8755038338050860e-01  -9.8889813883848798e-01  -9.8972357615744644e-01  -9.9028083538836187e-01  -9.9070143659720644e-01  -9.9105451763136920e-01  -9.9137516009165838e-01  -9.9168227864893443e-01  -9.9198497348419701e-01  -9.9228864606555645e-01  -9.9259544458643001e-01  -9.9290710131132787e-01  -9.9322384649290796e-01  -9.9354631824893447e-01  -9.9387401815995668e-01  -9.9420698835832177e-01  -9.9454415180237077e-01  -9.9488451475948070e-01  -9.9522557868416528e-01  -9.9556433513761800e-01  -9.9589486019939766e-01  -9.9620831696582091e-01  -9.9648951419498044e-01  -9.9671471993973038e-01  -9.9684441780740007e-01  -9.9681483305449703e-01  -9.9652061291781768e-01  -9.9578976444894995e-01  -9.9433899729637432e-01  -9.9170404211964303e-01  -9.8712288923042435e-01  -9.7935261320875155e-01  -9.6638110396261145e-01  -9.4500609951157366e-01  -9.1027481474226901e-01  -8.5491255355322116e-01  -7.6917128844229199e-01  -6.4209654823666507e-01  -4.6559750222194352e-01  -2.4150516734045824e-01   1.2463379458425738e-02   2.6551964553168184e-01   4.8709933039420156e-01
   7.7332626440722740e-01   8.5836196511478302e-01   9.1290663222898549e-01   9.4684779773637484e-01   9.6757658615264863e-01   9.8010489307440596e-01   9.8764642743853281e-01   9.9219462836130368e-01   9.9496081069672271e-01   9.9667191335849969e-01   9.9776035281491859e-01   9.9848202237777839e-01   9.9898755896564650e-01   9.9936554032836034e-01   9.9966770627154211e-01   9.9992445072027603e-01   1.0001533562708389e+00   1.0003648460929944e+00   1.0005648359465518e+00   1.0007569711302577e+00   1.0009432221676091e+00   1.0011249651381391e+00   1.0013028521667322e+00   1.0014775168106329e+00   1.0016491800175906e+00   1.0018182425543620e+00   1.0019847951819540e+00   1.0021491695528044e+00   1.0023114263740551e+00   1.0024718968917941e+00   1.0026306004354306e+00   1.0027879465487914e+00   1.0029439059579994e+00   1.0030988617207262e+00   1.0032529214077790e+00   1.0034064416036379e+00   1.0035593702048295e+00   1.0037122032271655e+00   1.0038650527513333e+00   1.0040183299731997e+00   1.0041719561473177e+00   1.0043263755209959e+00   1.0044816514356190e+00   1.0046383386786759e+00   1.0047964550567590e+00   1.0049564914819309e+00   1.0051183856747725e+00   1.0052826255405158e+00   1.0054491099015033e+00   1.0056183138924468e+00   1.0057900157310993e+00   1.0059645440724394e+00   1.0061413367492351e+00   1.0063202201671997e+00   1.0064996933325727e+00   1.0066780318624649e+00   1.0068509586019356e+00   1.0070119128511279e+00   1.0071479636054912e+00   1.0072372232072635e+00   1.0072393766268828e+00   1.0070837535165078e+00   1.0066422800483521e+00   1.0056858692997819e+00   1.0037992269742311e+00   1.0002334691205332e+00   9.9363515707682837e-01   9.8157768599259276e-01   9.5976853906712556e-01   9.2085312895353899e-01   8.5298507096010168e-01   7.3932852158393492e-01   5.6166923957905390e-01   3.1241695330070052e-01   1.1693287924920914e-02  -2.9089263132735149e-01  -5.4405304391389753e-01  -7.2485021149136220e-01  -8.3971193590989401e-01  -9.0727607108013775e-01  -9.4520857029174132e-01  -9.6595621574956148e-01  -9.7716431276089710e-01  -9.8320954752928047e-01  -9.8650203665319702e-01  -9.8834208028065351e-01  -9.8942120557006574e-01  -9.9010544904951603e-01  -9.9058644619775937e-01  -9.9096517225252567e-01  -9.9129370542940842e-01  -9.9159976465850941e-01  -9.9189720317658203e-01  -9.9219374980511676e-01  -9.9249290115212729e-01  -9.9279692319316215e-01  -9.9310647468884627e-01  -9.9342221692904142e-01  -9.9374385308345992e-01  -9.9407132441629775e-01  -9.9440359689174296e-01  -9.9473954699018774e-01  -9.9507683769258604e-01  -9.9541213033325215e-01  -9.9573935792138579e-01  -9.9604934802622636e-01  -9.9632689849611433e-01  -9.9654776033653181e-01  -9.9667198604393381e-01  -9.9663487719382160e-01  -9.9633054630462858e-01  -9.9558640786119024e-01  -9.9411991467143146e-01  -9.9146942228444013e-01  -9.8688098156012383e-01  -9.7912953034836825e-01  -9.6624085259571812e-01  -9.4508521534958723e-01  -9.1083994159750237e-01  -8.5643875214918264e-01  -7.7241486476415322e-01  -6.4806930556622433e-01  -4.7528249408506063e-01  -2.5522865225256464e-01  -4.3327645769529188e-03   2.4782168514956515e-01   4.7086480788910695e-01   6.4679220415821759e-01
   8.5225747148508968e-01   9.0870265714072929e-01   9.4403431513470415e-01   9.6572222057080837e-01   9.7888671327075416e-01   9.8683841777709502e-01   9.9164516400340874e-01   9.9457076526403232e-01   9.9637793326343127e-01   9.9752235090728147e-01   9.9827509656304936e-01   9.9879628440126411e-01   9.9918058809345722e-01   9.9948339305389111e-01   9.9973747637059973e-01   9.9996174327969600e-01   1.0001675406168020e+00   1.0003612200819738e+00   1.0005467901493867e+00   1.0007263325398492e+00   1.0009013730389162e+00   1.0010725635268960e+00   1.0012406045320328e+00   1.0014056837304171e+00   1.0015682355012028e+00   1.0017283110106536e+00   1.0018862607365249e+00   1.0020421135026325e+00   1.0021961948178606e+00   1.0023485327158419e+00   1.0024994889654131e+00   1.0026490417887111e+00   1.0027976086396706e+00   1.0029452305201636e+00   1.0030922017077946e+00   1.0032386218569456e+00   1.0033849548140907e+00   1.0035312003118868e+00   1.0036776646370131e+00   1.0038244596129426e+00   1.0039720843689164e+00   1.0041206503219884e+00   1.0042705135507148e+00   1.0044216957744254e+00   1.0045745806157567e+00   1.0047292591222892e+00   1.0048861537849938e+00   1.0050453278570237e+00   1.0052071360294097e+00   1.0053715169815729e+00   1.0055386570499403e+00   1.0057082003106628e+00   1.0058798618973506e+00   1.0060524539297644e+00   1.0062242681352029e+00   1.0063916416203380e+00   1.0065485652186776e+00   1.0066839026248535e+00   1.0067785743049318e+00   1.0067984562451489e+00   1.0066837337837420e+00   1.0063276535046262e+00   1.0055406669447060e+00   1.0039838347418091e+00   1.0010518374908488e+00   9.9566137520514619e-01   9.8588315476296962e-01   9.6831588944161451e-01   9.3710467008114318e-01   8.8263110024951374e-01   7.9050175075350015e-01   6.4293735433076415e-01   4.2652043285651464e-01   1.4759059699341925e-01  -1.5693379653302025e-01  -4.3406868140325883e-01  -6.4708618431799070e-01  -7.9029330170736523e-01  -8.7798018063614092e-01  -9.2858083092564925e-01  -9.5677306790810213e-01  -9.7218433413084171e-01  -9.8054353810770456e-01  -9.8508836077579809e-01  -9.8759535221908656e-01  -9.8902404984306669e-01  -9.8988654385489216e-01  -9.9045504969203269e-01  -9.9087284512436502e-01  -9.9121572667300062e-01  -9.9152303464988056e-01  -9.9181572760655090e-01  -9.9210436448721673e-01  -9.9239478156059946e-01  -9.9268962881218048e-01  -9.9299054415354893e-01  -9.9329791632854492e-01  -9.9361204172271589e-01  -9.9393240887682899e-01  -9.9425841148090432e-01  -9.9458851381455493e-01  -9.9492066921480138e-01  -9.9525091110578545e-01  -9.9557345732512903e-01  -9.9587859718439786e-01  -9.9615104074513439e-01  -9.9636543012009415e-01  -9.9648126287781091e-01  -9.9643240218497153e-01  -9.9611192060193832e-01  -9.9534520452315012e-01  -9.9384831162743159e-01  -9.9115829526655819e-01  -9.8652311707757967e-01  -9.7872525640953301e-01  -9.6581207958031756e-01  -9.4470083427759766e-01  -9.1066197796424786e-01  -8.5679035877885223e-01  -7.7385694144433903e-01  -6.5141801100845975e-01  -4.8143576926967274e-01  -2.6469166260309573e-01  -1.6640051001121592e-02   2.3420552191535426e-01   4.5785669830418896e-01   6.3579252736411740e-01   7.6485371736898422e-01
   9.0510945415234811e-01   9.4158051252416819e-01   9.6407935788421850e-01   9.7779531795931329e-01   9.8611004558025317e-01   9.9114936671351428e-01   9.9422048559212306e-01   9.9611615646098894e-01   9.9731257107494509e-01   9.9809408082331319e-01   9.9862965885828681e-01   9.9901933832722178e-01   9.9932218557543073e-01   9.9957297764262543e-01   9.9979215033486024e-01   9.9999169258888032e-01   1.0001786372034964e+00   1.0003571027083165e+00   1.0005295293045702e+00   1.0006973491886462e+00   1.0008614555493531e+00   1.0010223783533143e+00   1.0011805071486990e+00   1.0013360770047508e+00   1.0014893291405405e+00   1.0016404053489132e+00   1.0017895221041422e+00   1.0019367891570057e+00   1.0020824393659358e+00   1.0022265851236489e+00   1.0023694463932018e+00   1.0025112019640876e+00   1.0026520503548153e+00   1.0027921269764901e+00   1.0029317851118700e+00   1.0030711244755623e+00   1.0032103613084189e+00   1.0033497066554120e+00   1.0034895647808602e+00   1.0036300512752581e+00   1.0037714045914794e+00   1.0039137419253776e+00   1.0040574617930174e+00   1.0042027654058503e+00   1.0043500310802882e+00   1.0044993594725811e+00   1.0046510573325178e+00   1.0048051555872295e+00   1.0049618948670498e+00   1.0051211617317821e+00   1.0052829491752919e+00   1.0054466858416045e+00   1.0056116041451584e+00   1.0057758077692374e+00   1.0059363141267494e+00   1.0060873711434202e+00   1.0062194152824260e+00   1.0063151676584248e+00   1.0063450297849643e+00   1.0062565016260323e+00   1.0059581966692379e+00   1.0052886036974691e+00   1.0039635096033535e+00   1.0014790660576227e+00   9.9694372094497830e-01   9.8878146289722813e-01   9.7423113723057064e-01   9.4853864540740340e-01   9.0381560692201668e-01   8.2787932402310993e-01   7.0443411808583090e-01   5.1771032760560043e-01   2.6459783278455135e-01  -3.1196129123936267e-02  -3.2175641736937965e-01  -5.6184200902183601e-01  -7.3312293266959105e-01  -8.4274040919474658e-01  -9.0800438281861118e-01  -9.4516523305222244e-01  -9.6578394445817106e-01  -9.7707251096199443e-01  -9.8323069999503343e-01  -9.8661137576093161e-01  -9.8850517050939990e-01  -9.8960969072397142e-01  -9.9029971852088117e-01  -9.9077449567997478e-01  -9.9114028072506755e-01  -9.9145273350794128e-01  -9.9174164256096864e-01  -9.9202218390416241e-01  -9.9230270383552510e-01  -9.9258710132727557e-01  -9.9287770968631983e-01  -9.9317522097565014e-01  -9.9348011161376615e-01  -9.9379189499847242e-01  -9.9410999647236764e-01  -9.9443283359559054e-01  -9.9475820449638830e-01  -9.9508204908674935e-01  -9.9539844027457924e-01  -9.9569725472397119e-01  -9.9596253752192954e-01  -9.9616823903949014e-01  -9.9627285386491204e-01  -9.9620874216427935e-01  -9.9586663853726953e-01  -9.9506884271333296e-01  -9.9352743341325411e-01  -9.9077499014079384e-01  -9.8605519668718655e-01  -9.7814891597252140e-01  -9.6510944645934060e-01  -9.4387770804033611e-01  -9.0978254251824864e-01  -8.5603620912477174e-01  -7.7360501615816801e-01  -6.5229507406189990e-01  -4.8424039986804440e-01  -2.7006150283341229e-01  -2.4544741972308604e-02   2.2470341678908257e-01   4.4820566069687728e-01   6.2723322867907327e-01   7.5800514263326768e-01   8.4716867670198748e-01
   9.3954387119827887e-01   9.6268705112595010e-01   9.7685642169205011e-01   9.8547768954524761e-01   9.9071766583142340e-01   9.9391648552122414e-01   9.9589076298666857e-01   9.9713363585074033e-01   9.9794079874672836e-01   9.9848889746962177e-01   9.9888278630122296e-01   9.9918482562800315e-01   9.9943168631383839e-01   9.9964517876991765e-01   9.9983796538977987e-01   1.0000176602970718e+00   1.0001885669757975e+00   1.0003533919637102e+00   1.0005135652574570e+00   1.0006701238170375e+00   1.0008235282405888e+00   1.0009742640180903e+00   1.0011224763400035e+00   1.0012684821135580e+00   1.0014123316473025e+00   1.0015543052906857e+00   1.0016944273726858e+00   1.0018329903865943e+00   1.0019700142847447e+00   1.0021058035089283e+00   1.0022404213316327e+00   1.0023741313362535e+00   1.0025070508733183e+00   1.0026395138209692e+00   1.0027715186572193e+00   1.0029034552488858e+00   1.0030354906288008e+00   1.0031679287241710e+00   1.0033007761334094e+00   1.0034344435934557e+00   1.0035691253239869e+00   1.0037052426087469e+00   1.0038428438703970e+00   1.0039822574296844e+00   1.0041235368770260e+00   1.0042670634678703e+00   1.0044128888896788e+00   1.0045613188741891e+00   1.0047122344219295e+00   1.0048656673859899e+00   1.0050210534869464e+00   1.0051776970226423e+00   1.0053338026235350e+00   1.0054866037828536e+00   1.0056307451498829e+00   1.0057574156082003e+00   1.0058508233079000e+00   1.0058842669179795e+00   1.0058109286045465e+00   1.0055502838919732e+00   1.0049613918946183e+00   1.0037987725517747e+00   1.0016316362196052e+00   9.9770571260084318e-01   9.9069975388294651e-01   9.7831536093131588e-01   9.5660789715157968e-01   9.1900650554505903e-01   8.5517351378768369e-01   7.5057585475420252e-01   5.8908219350749247e-01   3.6188572665673363e-01   8.1515667249560886e-02  -2.1277170573152127e-01  -4.7298834695628533e-01  -6.7001491497414256e-01  -8.0213230414514647e-01  -8.8352902756330143e-01  -9.3102327714289801e-01  -9.5783790234468502e-01  -9.7269712923827711e-01  -9.8086047635505669e-01  -9.8534615659064007e-01  -9.8783792662557723e-01  -9.8925952445949750e-01  -9.9011224402804288e-01  -9.9066619579556048e-01  -9.9106605035199202e-01  -9.9138898699650757e-01  -9.9167595123230190e-01  -9.9194861849821270e-01  -9.9221834393147734e-01  -9.9249106606640858e-01  -9.9276975644767518e-01  -9.9305584228989263e-01  -9.9334976664632790e-01  -9.9365138349881987e-01  -9.9395990401186152e-01  -9.9427391895595996e-01  -9.9459089553686142e-01  -9.9490690328591347e-01  -9.9521548808652027e-01  -9.9550625825223504e-01  -9.9576252527927600e-01  -9.9595765647000112e-01  -9.9604850768031694e-01  -9.9596544835137191e-01  -9.9559595496114361e-01  -9.9475829748986522e-01  -9.9315850281717155e-01  -9.9032146231169538e-01  -9.8548082270122328e-01  -9.7740682216039065e-01  -9.6414407836103166e-01  -9.4263508643509386e-01  -9.0823495329196113e-01  -8.5423256893992683e-01  -7.7175009643963621e-01  -6.5083562716865684e-01  -4.8387148985027828e-01  -2.7152140999433200e-01  -2.8183319322358125e-02   2.1927054530913515e-01   4.4195948115141870e-01   6.2121834713395718e-01   7.5289812124254163e-01   8.4319960949912998e-01   9.0220736701850657e-01
   9.6157783240203598e-01   9.7609221113663924e-01   9.8495602563809381e-01   9.9035968055587409e-01   9.9366493710301373e-01   9.9570572720103590e-01   9.9698811858353331e-01   9.9781699374470234e-01   9.9837519999530144e-01   9.9877185013025416e-01   9.9907203601284655e-01   9.9931424763429999e-01   9.9952140689779467e-01   9.9970693192197402e-01   9.9987884035549779e-01   1.0000417509033510e+00   1.0001984821956775e+00   1.0003506048466391e+00   1.0004991514677206e+00   1.0006446587118312e+00   1.0007875612363135e+00   1.0009280598285100e+00   1.0010664008297296e+00   1.0012026875811597e+00   1.0013371188536389e+00   1.0014697779981856e+00   1.0016008674327357e+00   1.0017304707777397e+00   1.0018588104112358e+00   1.0019859918048390e+00   1.0021122205334863e+00   1.0022376805554711e+00   1.0023625532393914e+00   1.0024869895036539e+00   1.0026113138821078e+00   1.0027356613012750e+00   1.0028602105608422e+00   1.0029852112160300e+00   1.0031110207516840e+00   1.0032378144623573e+00   1.0033657721458480e+00   1.0034950721582723e+00   1.0036260301129529e+00   1.0037589119236072e+00   1.0038939838276071e+00   1.0040313933864791e+00   1.0041712623658068e+00   1.0043135864351720e+00   1.0044582451620256e+00   1.0046048432664965e+00   1.0047525591885034e+00   1.0048998327829879e+00   1.0050438526737049e+00   1.0051797261232549e+00   1.0052989991309604e+00   1.0053871943298560e+00   1.0054195169372619e+00   1.0053534279325316e+00   1.0051158262834670e+00   1.0045806277870326e+00   1.0035299728635034e+00   1.0015863439382651e+00   9.9809478305686072e-01   9.9191923930605386e-01   9.8109836376977089e-01   9.6228497133314894e-01   9.2990389425760078e-01   8.7509660873320660e-01   7.8501412016788974e-01   6.4415129163653795e-01   4.4068984601400041e-01   1.7881860268222610e-01  -1.1168048302020761e-01  -3.8465458282814635e-01  -6.0347925422363835e-01  -7.5731072522359821e-01  -8.5556307536541865e-01  -9.1443213451914196e-01  -9.4831932132427299e-01  -9.6736527991271204e-01  -9.7793083213744436e-01  -9.8376490276715534e-01  -9.8699925758021945e-01  -9.8882162860349065e-01  -9.8988447163210502e-01  -9.9054364193416855e-01  -9.9099139054467766e-01  -9.9133155677662832e-01  -9.9161945355759662e-01  -9.9188487121663815e-01  -9.9214330373246973e-01  -9.9240315522221856e-01  -9.9266847568235939e-01  -9.9294147031952695e-01  -9.9322276722178060e-01  -9.9351248984705820e-01  -9.9380977263498060e-01  -9.9411327417993312e-01  -9.9442028083980016e-01  -9.9472679627786365e-01  -9.9502592335772677e-01  -9.9530697241840183e-01  -9.9555256321395635e-01  -9.9573499477856586e-01  -9.9580928462655738e-01  -9.9570346019165612e-01  -9.9530136111282297e-01  -9.9441591550833563e-01  -9.9274509071207206e-01  -9.8980253885724245e-01  -9.8480656702470293e-01  -9.7650800022975570e-01  -9.6292923720806645e-01  -9.4099333986538225e-01  -9.0605192914985055e-01  -8.5143252091304078e-01  -7.6837702886376635e-01  -6.4716760376066285e-01  -4.8050265865647079e-01  -2.6927075714405047e-01  -2.7736042554285412e-02   2.1779299575565103e-01   4.3908737165101119e-01   6.1778115761796071e-01   7.4959659193750028e-01   8.4041848367407468e-01   9.0005523806479171e-01   9.3796981269323643e-01
   9.7552013507522672e-01   9.8455732794069328e-01   9.9008371483483493e-01   9.9347132770623792e-01   9.9556464027066383e-01   9.9687843316004798e-01   9.9772426397669778e-01   9.9828970610064083e-01   9.9868735548763443e-01   9.9898449769536413e-01   9.9922122029567051e-01   9.9942137333037084e-01   9.9959908052620527e-01   9.9976268985636785e-01   9.9991714126840414e-01   1.0000653258197394e+00   1.0002089748450320e+00   1.0003490892113525e+00   1.0004863023544954e+00   1.0006209768053778e+00   1.0007533865024802e+00   1.0008836905538043e+00   1.0010120583487816e+00   1.0011385953449605e+00   1.0012634515961054e+00   1.0013867318604821e+00   1.0015085906044234e+00   1.0016291534970181e+00   1.0017485867437497e+00   1.0018670271922945e+00   1.0019846951715059e+00   1.0021016854053366e+00   1.0022182778420246e+00   1.0023346353985019e+00   1.0024509317623664e+00   1.0025673731937597e+00   1.0026843107588146e+00   1.0028018665466192e+00   1.0029202384388776e+00   1.0030396360334766e+00   1.0031604495071407e+00   1.0032828902164563e+00   1.0034072054770022e+00   1.0035334798309621e+00   1.0036619370256761e+00   1.0037926412695688e+00   1.0039257308326217e+00   1.0040610226272422e+00   1.0041982372021232e+00   1.0043364682039282e+00   1.0044742905398418e+00   1.0046088631253196e+00   1.0047355738496742e+00   1.0048461959025130e+00   1.0049270687863014e+00   1.0049546426604801e+00   1.0048892522771842e+00   1.0046630574564013e+00   1.0041606665104792e+00   1.0031843186717291e+00   1.0013950636578892e+00   9.9820999081065453e-01   9.9262794810654031e-01   9.8293493034222545e-01   9.6622609223811806e-01   9.3767680388417152e-01   8.8958908077934629e-01   8.1058240578245200e-01   6.8617570145171281e-01   5.0324779529100949e-01   2.6028680267071491e-01  -2.1509436844888707e-02  -3.0057993910131031e-01  -5.3635942064128250e-01  -7.0990277407701985e-01  -8.2487537171217140e-01  -8.9570030729688443e-01  -9.3732650764103220e-01  -9.6109128469516503e-01  -9.7442849510881113e-01  -9.8184929102292251e-01  -9.8597360417803237e-01  -9.8828487843927559e-01  -9.8960935943824746e-01  -9.9040285349526580e-01  -9.9091450434597039e-01  -9.9128004941871906e-01  -9.9157268662780795e-01  -9.9183201570253687e-01  -9.9207900499782409e-01  -9.9232495593654857e-01  -9.9257556150481796e-01  -9.9283381739671339e-01  -9.9310083624701595e-01  -9.9337689621391867e-01  -9.9366125621492540e-01  -9.9395250456020601e-01  -9.9424790412006092e-01  -9.9454320494090520e-01  -9.9483126181008164e-01  -9.9510091401899603e-01  -9.9533402007830207e-01  -9.9550154329207308e-01  -9.9555678549005755e-01  -9.9542497453168166e-01  -9.9498556796612481e-01  -9.9404468029238202e-01  -9.9229043173554210e-01  -9.8922210651171105e-01  -9.8403775797986315e-01  -9.7546040425361069e-01  -9.6147720349812893e-01  -9.3897178301481854e-01  -9.0326428399829506e-01  -8.4768574177057043e-01  -7.6356530878019124e-01  -6.4141343428121256e-01  -4.7430744111017947e-01  -2.6352454809427128e-01  -2.3423761209893867e-02   2.2009175553115340e-01   4.3948217516228272e-01   6.1688388666310867e-01   7.4810925224638780e-01   8.3885566589039484e-01   8.9868806626560749e-01   9.3688921676930292e-01   9.6077571098931314e-01
   9.8429077784620267e-01   9.8989624523656028e-01   9.9334014438796980e-01   9.9547058531699917e-01   9.9680668624530855e-01   9.9766401539647342e-01   9.9823343004762854e-01   9.9863003779363047e-01   9.9892280568373981e-01   9.9915309452379997e-01   9.9934554218525740e-01   9.9951483740927427e-01   9.9966965073464975e-01   9.9981516749722321e-01   9.9995438139327697e-01   1.0000891296551810e+00   1.0002204239867285e+00   1.0003489441978253e+00   1.0004750284035684e+00   1.0005989725988305e+00   1.0007208994104289e+00   1.0008409908700189e+00   1.0009593127926009e+00   1.0010760251788779e+00   1.0011911922069854e+00   1.0013049797789879e+00   1.0014174725359264e+00   1.0015288463839158e+00   1.0016392124288278e+00   1.0017487732062282e+00   1.0018576268693875e+00   1.0019660548064349e+00   1.0020741375373863e+00   1.0021821224870799e+00   1.0022902321367946e+00   1.0023987057651298e+00   1.0025076213800861e+00   1.0026173239314045e+00   1.0027280700735302e+00   1.0028401361099086e+00   1.0029535949737733e+00   1.0030687062450434e+00   1.0031856517878168e+00   1.0033047451211263e+00   1.0034260623253675e+00   1.0035497028012825e+00   1.0036754333644631e+00   1.0038029345369324e+00   1.0039312895557093e+00   1.0040590709316748e+00   1.0041834738829347e+00   1.0042999560895212e+00   1.0044004844917214e+00   1.0044718175785521e+00   1.0044913246495752e+00   1.0044212246333220e+00   1.0041974491656371e+00   1.0037119669695964e+00   1.0027812638559586e+00   1.0010937408656859e+00   9.9811871269549957e-01   9.9295340549565592e-01   9.8406579409343875e-01   9.6887859110297381e-01   9.4313185484228601e-01   9.0002696220698075e-01   8.2940455236829147e-01   7.1789175170479846e-01   5.5205856659518326e-01   3.2676153455432322e-01   5.6226244904327982e-02  -2.2367578831131640e-01  -4.7143376247392133e-01  -6.6181058984462926e-01  -7.9253464750600922e-01  -8.7535610321591173e-01  -9.2509527653772394e-01  -9.5396894557845624e-01  -9.7038374541424477e-01  -9.7960405762029867e-01  -9.8475704369507255e-01  -9.8764384295765895e-01  -9.8928237506913064e-01  -9.9024089647736502e-01  -9.9083384623622428e-01  -9.9123407672321973e-01  -9.9153601565011151e-01  -9.9179099184784569e-01  -9.9202669604438853e-01  -9.9225796686800305e-01  -9.9249260205451151e-01  -9.9273457085658956e-01  -9.9298565316492371e-01  -9.9324631274307862e-01  -9.9351601774524889e-01  -9.9379327510832116e-01  -9.9407536049456002e-01  -9.9435774688694067e-01  -9.9463308799712780e-01  -9.9488963308531064e-01  -9.9510843745996058e-01  -9.9525913344208083e-01  -9.9529312145715076e-01  -9.9513223519020677e-01  -9.9465087846324862e-01  -9.9364746934012627e-01  -9.9179869146692068e-01  -9.8858643547114045e-01  -9.8318340461146703e-01  -9.7427667362068560e-01  -9.5980557475100681e-01  -9.3659547824739753e-01  -8.9990876405491471e-01  -8.4304787743231946e-01  -7.5740050828516614e-01  -6.3370305500045865e-01  -4.6547214451009822e-01  -2.5452270299247565e-01  -1.5510803501591619e-02   2.2592624274937345e-01   4.4296685126486396e-01   6.1842339297131088e-01   7.4839213783793967e-01   8.3850323288674489e-01   8.9811489484800233e-01   9.3631647885173930e-01   9.6029499392221163e-01   9.7515223348797708e-01
   9.8980156873986658e-01   9.9327471489277119e-01   9.9542598211265576e-01   9.9677453621462342e-01   9.9763740887732799e-01   9.9820721922238542e-01   9.9860051838697095e-01   9.9888744751445357e-01   9.9911028765627197e-01   9.9929429054591112e-01   9.9945456613973638e-01   9.9960008591082250e-01   9.9973620194699242e-01   9.9986603320409273e-01   9.9999147124314358e-01   1.0001135727398265e+00   1.0002330211718553e+00   1.0003501678000264e+00   1.0004652903379407e+00   1.0005785134237544e+00   1.0006899918231369e+00   1.0007997905577293e+00   1.0009080391874827e+00   1.0010148009401010e+00   1.0011202116626812e+00   1.0012243544734023e+00   1.0013273772604991e+00   1.0014293938438206e+00   1.0015305659708569e+00   1.0016310246058455e+00   1.0017309850678140e+00   1.0018305437112467e+00   1.0019299701681317e+00   1.0020294367566835e+00   1.0021291075748504e+00   1.0022291961506693e+00   1.0023300397837871e+00   1.0024317789490025e+00   1.0025345885715020e+00   1.0026386845889088e+00   1.0027444156337919e+00   1.0028519886584197e+00   1.0029615715617604e+00   1.0030731845087850e+00   1.0031868596060955e+00   1.0033024317014994e+00   1.0034195691661649e+00   1.0035374200249436e+00   1.0036545011166969e+00   1.0037680487188363e+00   1.0038734683784165e+00   1.0039628437342594e+00   1.0040230697398345e+00   1.0040320553790267e+00   1.0039530466912021e+00   1.0037243549173920e+00   1.0032426999401054e+00   1.0023343769158728e+00   1.0007070002996492e+00   9.9786734680235434e-01   9.9298364128747996e-01   9.8465663484203669e-01   9.7055065759909986e-01   9.4682915357854636e-01   9.0738427558925239e-01   8.4304359165456066e-01   7.4147594624641544e-01   5.8947151146240762e-01   3.7972904392036877e-01   1.2120728362109001e-01  -1.5586446363755380e-01  -4.1109116407199059e-01  -6.1497702280065092e-01  -7.5979742080313895e-01  -8.5410855610398417e-01  -9.1199181459638257e-01  -9.4617491071200233e-01  -9.6587598166154054e-01  -9.7706169553055899e-01  -9.8336076341994383e-01  -9.8690097903931440e-01  -9.8890292345072794e-01  -9.9005664935923898e-01  -9.9074861168347539e-01  -9.9119345016514460e-01  -9.9150977827187592e-01  -9.9176260927827720e-01  -9.9198748631580502e-01  -9.9220354938088895e-01  -9.9242108524855843e-01  -9.9264533632816687e-01  -9.9287885639977580e-01  -9.9312242558536545e-01  -9.9337573171513371e-01  -9.9363727350582476e-01  -9.9390431251187461e-01  -9.9417210645895615e-01  -9.9443305803591653e-01  -9.9467482724139977e-01  -9.9487764923806676e-01  -9.9500978915360672e-01  -9.9502040067620823e-01  -9.9482766450717519e-01  -9.9430055208569712e-01  -9.9322891216965725e-01  -9.9127606982598016e-01  -9.8790352743750942e-01  -9.8225390088981168e-01  -9.7297090210288328e-01  -9.5793418001987019e-01  -9.3389306289278751e-01  -8.9602740273426373e-01  -8.3758161683714738e-01  -7.4997709155430270e-01  -6.2417781478382106e-01  -4.5419942379075334e-01  -2.4253088875983220e-01  -4.3013174437345203e-03   2.3500168931886395e-01   4.4930212864713270e-01   6.2223606646856067e-01   7.5035025402195599e-01   8.3931497253400211e-01   8.9831873282779473e-01   9.3624968436689326e-01   9.6014010178501963e-01   9.7499444005141567e-01   9.8416172602464391e-01
   9.9327704679908846e-01   9.9543236229700116e-01   9.9678311091436922e-01   9.9764532519286231e-01   9.9821171593856795e-01   9.9859926758887207e-01   9.9887879789874323e-01   9.9909312714581067e-01   9.9926790733191373e-01   9.9941855631828624e-01   9.9955428210241448e-01   9.9968054952615393e-01   9.9980059536640553e-01   9.9991633892978649e-01   1.0000288869204292e+00   1.0001389116898680e+00   1.0002467855690598e+00   1.0003527571757542e+00   1.0004569614294625e+00   1.0005595165397072e+00   1.0006604945098532e+00   1.0007599858538958e+00   1.0008580602205843e+00   1.0009548147499356e+00   1.0010503383664107e+00   1.0011447431831288e+00   1.0012381480727477e+00   1.0013306779660156e+00   1.0014224834589784e+00   1.0015137171001605e+00   1.0016045212050395e+00   1.0016951246557855e+00   1.0017856601317412e+00   1.0018763183822115e+00   1.0019673746339501e+00   1.0020590146830459e+00   1.0021513709044854e+00   1.0022447188869039e+00   1.0023393667436777e+00   1.0024355125971016e+00   1.0025332618722183e+00   1.0026327449622749e+00   1.0027341106140575e+00   1.0028374341134911e+00   1.0029425937850114e+00   1.0030491653241818e+00   1.0031562624421784e+00   1.0032622865742429e+00   1.0033644532221893e+00   1.0034580600618233e+00   1.0035351875495437e+00   1.0035826782197228e+00   1.0035786252163523e+00   1.0034867162396879e+00   1.0032465853039036e+00   1.0027578357849203e+00   1.0018530790431588e+00   1.0002527174860250e+00   9.9748917064107179e-01   9.9278049438346416e-01   9.8482273584953028e-01   9.7145679874049717e-01   9.4916084040389281e-01   9.1235215113383028e-01   8.5263995945625670e-01   7.5860648803737307e-01   6.1751038267860903e-01   4.2088125576589080e-01   1.7390987358877075e-01  -9.8143867229181780e-02  -3.5714313781100054e-01  -5.7117243418853303e-01  -7.2797012995834853e-01  -8.3277965780462271e-01  -8.9848555657414619e-01  -9.3796047367432223e-01  -9.6103303931282213e-01  -9.7428409857832254e-01  -9.8181303660764296e-01  -9.8606823369694707e-01  -9.8847549879912777e-01  -9.8985153625257150e-01  -9.9065919557754278e-01  -9.9115842797118392e-01  -9.9149442338608673e-01  -9.9174759799417056e-01  -9.9196236725427389e-01  -9.9216291316005867e-01  -9.9236238378620467e-01  -9.9256760756915952e-01  -9.9278202158704132e-01  -9.9300686678346417e-01  -9.9324206462872877e-01  -9.9348618827148272e-01  -9.9373646774405022e-01  -9.9398801031784723e-01  -9.9423292714037537e-01  -9.9445834084798757e-01  -9.9464363652395071e-01  -9.9475563608199136e-01  -9.9474108522695226e-01  -9.9451444646921983e-01  -9.9393874947320904e-01  -9.9279424784129100e-01  -9.9072931855518198e-01  -9.8718272657097450e-01  -9.8126280058112325e-01  -9.7156276736015246e-01  -9.5589112521561637e-01  -9.3090420484897474e-01  -8.9167619980440471e-01  -8.3136680013893138e-01  -7.4141027420911776e-01  -6.1300400607733629e-01  -4.4072228276245456e-01  -2.2785241612570450e-01   9.8538831695786366e-03   2.4696849092464762e-01   4.5819059888031055e-01   6.2810406189286905e-01   7.5384391811148777e-01   8.4121147444250954e-01   8.9925951949420868e-01   9.3667128802067345e-01   9.6030490095968091e-01   9.7504586408020510e-01   9.8417152417926623e-01   9.8980181166361103e-01
   9.9549026826834730e-01   9.9683303901916598e-01   9.9768831618695653e-01   9.9824730104052617e-01   9.9862658500360890e-01   9.9889711536358694e-01   9.9910183283590293e-01   9.9926659136933249e-01   9.9940701541314181e-01   9.9953245005532643e-01   9.9964844056556423e-01   9.9975831335133725e-01   9.9986400261930208e-01   9.9996665410181529e-01   1.0000669289891384e+00   1.0001652125551650e+00   1.0002617291288201e+00   1.0003566163514472e+00   1.0004499622890850e+00   1.0005418381248929e+00   1.0006323024044070e+00   1.0007214230009827e+00   1.0008092655068861e+00   1.0008959165068476e+00   1.0009814591480848e+00   1.0010660082200562e+00   1.0011496632532848e+00   1.0012325736853975e+00   1.0013148554263163e+00   1.0013966772529721e+00   1.0014782097076576e+00   1.0015595910508042e+00   1.0016410426484903e+00   1.0017227827879263e+00   1.0018049286808595e+00   1.0018877326632030e+00   1.0019714794685057e+00   1.0020563497676223e+00   1.0021424482722900e+00   1.0022299989958314e+00   1.0023192361101927e+00   1.0024103151749695e+00   1.0025031803255005e+00   1.0025976185257348e+00   1.0026931367123708e+00   1.0027888592304275e+00   1.0028831535376872e+00   1.0029732060431247e+00   1.0030541913370385e+00   1.0031180675383553e+00   1.0031514801544803e+00   1.0031323887508554e+00   1.0030244280977894e+00   1.0027675900594257e+00   1.0022627062393692e+00   1.0013456778517975e+00   9.9974446592686039e-01   9.9700783748390720e-01   9.9238735120198118e-01   9.8464526206845737e-01   9.7174831613304413e-01   9.5040414374668625e-01   9.1542337264712237e-01   8.5902358448173732e-01   7.7055516714051131e-01   6.3783396789456037e-01   4.5185784902989939e-01   2.1525097502934148e-01  -5.0776615744458853e-02  -3.1077516774359204e-01  -5.3184365229204289e-01  -6.9827563539576387e-01  -8.1222142017111354e-01  -8.8510634891024309e-01  -9.2963225977019570e-01  -9.5602365469105033e-01  -9.7136037044306567e-01  -9.8015912098240832e-01  -9.8516762900858468e-01  -9.8801032483856699e-01  -9.8963006300995127e-01  -9.9056755274911190e-01  -9.9112995682574856e-01  -9.9149063745680288e-01  -9.9174668274747613e-01  -9.9195222961595120e-01  -9.9213712222002670e-01  -9.9231773321430172e-01  -9.9250275062058346e-01  -9.9269662972857342e-01  -9.9290119448485958e-01  -9.9311664422683976e-01  -9.9334169092955282e-01  -9.9357354832268119e-01  -9.9380722023141455e-01  -9.9403453057365754e-01  -9.9424211527043482e-01  -9.9440849672616993e-01  -9.9449903658263472e-01  -9.9445806507832668e-01  -9.9419619226899214e-01  -9.9357001763287689e-01  -9.9234956039826638e-01  -9.9016719815148790e-01  -9.8643676412698689e-01  -9.8022816233267140e-01  -9.7007740845598744e-01  -9.5371140207956806e-01  -9.2767796312601658e-01  -8.8692442530941229e-01  -8.2450163974599111e-01  -7.3183949804546466e-01  -6.0037806173040276e-01  -4.2530917601743212e-01  -2.1083036262684501e-01   2.6560910996206388e-02   2.6143186635208632e-01   4.6928972284474096e-01   6.3576753611254533e-01   7.5869729320844159e-01   8.4408426203213027e-01   9.0087515860210754e-01   9.3754809238712089e-01   9.6077307394817457e-01   9.7529957500566467e-01   9.8431799422209543e-01   9.8989675854730308e-01   9.9334749487328322e-01
   9.9692443303044342e-01   9.9776648522581535e-01   9.9831406925372990e-01   9.9868261186395446e-01   9.9894252558366758e-01   9.9913650218528594e-01   9.9929045006980988e-01   9.9942006429475017e-01   9.9953472093231233e-01   9.9964002850515477e-01   9.9973936177984113e-01   9.9983466049017033e-01   9.9992709594336793e-01   1.0000173189172110e+00   1.0001057176082810e+00   1.0001924985578072e+00   1.0002777926651001e+00   1.0003616660285160e+00   1.0004441796817214e+00   1.0005253687817315e+00   1.0006052900113509e+00   1.0006839859146843e+00   1.0007615314821570e+00   1.0008379887114871e+00   1.0009134595477893e+00   1.0009880263035480e+00   1.0010618240442184e+00   1.0011349510956515e+00   1.0012075754057124e+00   1.0012798256450521e+00   1.0013518624459812e+00   1.0014238903712127e+00   1.0014960640994564e+00   1.0015685471479874e+00   1.0016416315873271e+00   1.0017154777216046e+00   1.0017902257383187e+00   1.0018661019501873e+00   1.0019433972741350e+00   1.0020222250879114e+00   1.0021026023016968e+00   1.0021844497560957e+00   1.0022676328867797e+00   1.0023517110880409e+00   1.0024357856197981e+00   1.0025181124267428e+00   1.0025957245782544e+00   1.0026635920397218e+00   1.0027134288534620e+00   1.0027315483765282e+00   1.0026955001521050e+00   1.0025684285880485e+00   1.0022898779528882e+00   1.0017605621112484e+00   1.0008172721493980e+00   9.9919134386130648e-01   9.9644035393329577e-01   9.9183598816905671e-01   9.8418305574030418e-01   9.7153351431049406e-01   9.5075686637519696e-01   9.1695168043223796e-01   8.6279956238461897e-01   7.7827786587201597e-01   6.5176339966947250e-01   4.7412282426197783e-01   2.4633052456895588e-01  -1.3511202019417246e-02  -2.7260000718527022e-01  -4.9803903639962155e-01  -6.7174812261433003e-01  -7.9323371284905519e-01  -8.7239361860012032e-01  -9.2152468920782216e-01  -9.5104387331767448e-01  -9.6840073550977779e-01  -9.7845884713779774e-01  -9.8423054795735587e-01  -9.8752330635653807e-01  -9.8940000272579998e-01  -9.9047739610946528e-01  -9.9110984190206131e-01  -9.9149944841977655e-01  -9.9176065152290072e-01  -9.9195788612465408e-01  -9.9212710439793850e-01  -9.9228821658133648e-01  -9.9245198936851375e-01  -9.9262403905849705e-01  -9.9280687171618254e-01  -9.9300102959280601e-01  -9.9320541407785889e-01  -9.9341726265221320e-01  -9.9363151504577463e-01  -9.9383974844607259e-01  -9.9402816190474907e-01  -9.9417445156061890e-01  -9.9424257252880088e-01  -9.9417448365157979e-01  -9.9387683756802092e-01  -9.9319962878895085e-01  -9.9190234305472924e-01  -9.8960040892179069e-01  -9.8568069989142182e-01  -9.7917134446296006e-01  -9.6854563485417222e-01  -9.5143969634381853e-01  -9.2427854887611194e-01  -8.8186304462763498e-01  -8.1711336319321037e-01  -7.2144080044472236e-01  -5.8653986566160732e-01  -4.0827667296931608e-01  -1.9185722123645266e-01   4.5378302838901985e-02   2.7795276392290347e-01   4.8221624321016215e-01   6.4493004853252844e-01   7.6470338886994571e-01   8.4780031958051605e-01   9.0308584587832685e-01   9.3883507228698893e-01   9.6152063437102764e-01   9.7574336568249409e-01   9.8459503539943205e-01   9.9008342312961661e-01   9.9348482369124125e-01   9.9559945988311038e-01
   9.9787945763720054e-01   9.9841190521203993e-01   9.9876732544583890e-01   9.9901498339301142e-01   9.9919711066474293e-01   9.9933950074085232e-01   9.9945773123411774e-01   9.9956114299483967e-01   9.9965538967599310e-01   9.9974384116493653e-01   9.9982843839062063e-01   9.9991036545919254e-01   9.9999025917656648e-01   1.0000685046795901e+00   1.0001452933154054e+00   1.0002207432455859e+00   1.0002949034222754e+00   1.0003678188739713e+00   1.0004395065380827e+00   1.0005100061511705e+00   1.0005793422029743e+00   1.0006475725171604e+00   1.0007147422990474e+00   1.0007809357507549e+00   1.0008462213321754e+00   1.0009107144211984e+00   1.0009745030781192e+00   1.0010377383697069e+00   1.0011005275599760e+00   1.0011630408832686e+00   1.0012254418631392e+00   1.0012878713518758e+00   1.0013505400670446e+00   1.0014136682822330e+00   1.0014773608032845e+00   1.0015418555280644e+00   1.0016074089324940e+00   1.0016741666838016e+00   1.0017421578584407e+00   1.0018114862856948e+00   1.0018821866123622e+00   1.0019541001279340e+00   1.0020266522344548e+00   1.0020987896108637e+00   1.0021686529015799e+00   1.0022331621230314e+00   1.0022871228621091e+00   1.0023219684355937e+00   1.0023235723051898e+00   1.0022688388960492e+00   1.0021200282935792e+00   1.0018155395227832e+00   1.0012547657717883e+00   1.0002732597817567e+00   9.9860201636913970e-01   9.9580092131211750e-01   9.9115056555796432e-01   9.8347899016591267e-01   9.7089053244774304e-01   9.5036196352428259e-01   9.1719392671049271e-01   8.6441181928877131e-01   7.8249195914146730e-01   6.6033517717393997e-01   4.8892536364797795e-01   2.6827081074456122e-01   1.4222362320267523e-02  -2.4276386768291924e-01  -4.7040042920205771e-01  -6.4916840845442225e-01  -7.7649641539410230e-01  -8.6084638593521134e-01  -9.1396879580274881e-01  -9.4629943680108608e-01  -9.6552729574741436e-01  -9.7678208416258872e-01  -9.8329568706646764e-01  -9.8703520819052781e-01  -9.8917214209851034e-01  -9.9039417107349370e-01  -9.9110079860948153e-01  -9.9152228309872936e-01  -9.9179040000596330e-01  -9.9198009375941987e-01  -9.9213365825852873e-01  -9.9227475640851659e-01  -9.9241639052012920e-01  -9.9256546291574477e-01  -9.9272524275055074e-01  -9.9289668457996849e-01  -9.9307892526156616e-01  -9.9326927819097310e-01  -9.9346266271651373e-01  -9.9365047264402118e-01  -9.9381853617602733e-01  -9.9394381220396155e-01  -9.9398896004192072e-01  -9.9389367395569062e-01  -9.9356071892586595e-01  -9.9283358456962179e-01  -9.9146107711013653e-01  -9.8904103482680528e-01  -9.8493217527832866e-01  -9.7811858506192784e-01  -9.6700623289002119e-01  -9.4913228518176473e-01  -9.2078622683485845e-01  -8.7660505338164785e-01  -8.0935903987391389e-01  -7.1042899716153995e-01  -5.7177615525310699e-01  -3.8999252338084722e-01  -1.7137503048425728e-01   6.5822078881339341e-02   2.9605846037334371e-01   4.9656045269770172e-01   6.5527359526979301e-01   7.7163729282645233e-01   8.5221190193045804e-01   9.0579983585590595e-01   9.4047751417564518e-01   9.6251581916439821e-01   9.7635919336900545e-01   9.8499278427782633e-01   9.9035682998955066e-01   9.9368676987788818e-01   9.9575887385346440e-01   9.9705664867581545e-01
   9.9854050524072790e-01   9.9888044860901304e-01   9.9911426356956068e-01   9.9928353822781479e-01   9.9941366225235972e-01   9.9951994389035459e-01   9.9961168302679515e-01   9.9969452251990276e-01   9.9977177515158777e-01   9.9984538970226811e-01   9.9991654499626625e-01   9.9998585859427114e-01   1.0000537107679512e+00   1.0001202758186849e+00   1.0001856570706786e+00   1.0002498877153356e+00   1.0003129942828146e+00   1.0003749775057764e+00   1.0004358577527503e+00   1.0004956433239336e+00   1.0005543725868558e+00   1.0006120753317957e+00   1.0006688161876620e+00   1.0007246501095601e+00   1.0007796717219086e+00   1.0008339592630187e+00   1.0008876416847232e+00   1.0009408155633117e+00   1.0009936425981543e+00   1.0010462517478655e+00   1.0010987965922036e+00   1.0011514800562407e+00   1.0012044497825681e+00   1.0012578602601652e+00   1.0013119830489083e+00   1.0013669586968357e+00   1.0014228763848190e+00   1.0014798862923606e+00   1.0015381489056521e+00   1.0015975798988954e+00   1.0016578541497223e+00   1.0017183469638105e+00   1.0017780262793710e+00   1.0018350223775745e+00   1.0018861146578277e+00   1.0019258329343725e+00   1.0019451797833052e+00   1.0019294199110682e+00   1.0018545825323615e+00   1.0016816795750294e+00   1.0013473426892157e+00   1.0007485670848157e+00   9.9971781656800407e-01   9.9798255962260507e-01   9.9509951265975305e-01   9.9034872206873659e-01   9.8256519534958642e-01   9.6987802779417298e-01   9.4932567537032442e-01   9.1633973494023713e-01   8.6418945310528494e-01   7.8373862324297305e-01   6.6435922133810754e-01   4.9730687617173885e-01   2.8213170970938045e-01   3.3165805548850680e-02  -2.2106486707139822e-01  -4.4920076575287327e-01  -6.3103966566471081e-01  -7.6252390570914264e-01  -8.5088173249214316e-01  -9.0726242838028393e-01  -9.4198693113836418e-01  -9.6286301527644302e-01  -9.7520268459339643e-01  -9.8240590459885868e-01  -9.8657011325759580e-01  -9.8895958141814988e-01  -9.9032477491216819e-01  -9.9110636142205544e-01  -9.9156095461889127e-01  -9.9183694077231510e-01  -9.9201956485398002e-01  -9.9215745534439070e-01  -9.9227810959225327e-01  -9.9239684969723929e-01  -9.9252195159053858e-01  -9.9265750984634038e-01  -9.9280495330445806e-01  -9.9296369940098583e-01  -9.9313119358639945e-01  -9.9330238820043104e-01  -9.9346857304990266e-01  -9.9361529820271244e-01  -9.9371892138160156e-01  -9.9374097816958906e-01  -9.9361911071596243e-01  -9.9325246456150118e-01  -9.9247832880796794e-01  -9.9103498663353096e-01  -9.8850272035400599e-01  -9.8421177552908690e-01  -9.7710074435351779e-01  -9.6550483254708375e-01  -9.4685606046418735e-01  -9.1729823583459691e-01  -8.7128963776971124e-01  -8.0143326904711754e-01  -6.9906809321616892e-01  -5.5643187847701558e-01  -3.7088543556435005e-01  -1.4988098825969942e-01   8.7365633447694879e-02   3.1524715347525567e-01   5.1189302299177419e-01   6.6646504454161581e-01   7.7926066046398812e-01   8.5715898583298877e-01   9.0891481192435319e-01   9.4241252020630228e-01   9.6372135195152375e-01   9.7712581430767576e-01   9.8549956936060934e-01   9.9071059499494285e-01   9.9394962138440568e-01   9.9596620719190088e-01   9.9722836699220130e-01   9.9802662512744145e-01
   9.9902142837406949e-01   9.9924004855161486e-01   9.9939557493989506e-01   9.9951272491058640e-01   9.9960653333424632e-01   9.9968623203444418e-01   9.9975734337725530e-01   9.9982310961397625e-01   9.9988549563459239e-01   9.9994564479530657e-01   1.0000041564788529e+00   1.0000614047616043e+00   1.0001175420245461e+00   1.0001726578164618e+00   1.0002267684765005e+00   1.0002798817158032e+00   1.0003319823037369e+00   1.0003830706917451e+00   1.0004331392275763e+00   1.0004822063191459e+00   1.0005302862311032e+00   1.0005774237408267e+00   1.0006236594402891e+00   1.0006690676392034e+00   1.0007137148629937e+00   1.0007577079433672e+00   1.0008011347956507e+00   1.0008441381217010e+00   1.0008868265933988e+00   1.0009293606567731e+00   1.0009719046723160e+00   1.0010145876433862e+00   1.0010576122829340e+00   1.0011011781801722e+00   1.0011453666172394e+00   1.0011903568311746e+00   1.0012363307919503e+00   1.0012832981398374e+00   1.0013310745718806e+00   1.0013793959942745e+00   1.0014277236363422e+00   1.0014749570405119e+00   1.0015190188575742e+00   1.0015564081472550e+00   1.0015813417125803e+00   1.0015844000413467e+00   1.0015502078994110e+00   1.0014537819117872e+00   1.0012545799230426e+00   1.0008869109271883e+00   1.0002444019287164e+00   9.9915476929074343e-01   9.9733908867027954e-01   9.9434599182540884e-01   9.8944656027052669e-01   9.8146852397912632e-01   9.6854202098760978e-01   9.4772876786393745e-01   9.1453197521148488e-01   8.6238124544680206e-01   7.8243225609303790e-01   6.6447270752618437e-01   5.0012962247536730e-01   2.8887711940462135e-01   4.4135910034194925e-02  -2.0705901978586616e-01  -4.3440489238315183e-01  -6.1759561614862357e-01  -7.5164382012558306e-01  -8.4280654952346024e-01  -9.0164609623924008e-01  -9.3827656049892227e-01  -9.6052061906351760e-01  -9.7379180483281869e-01  -9.8160440765403678e-01  -9.8615335203056520e-01  -9.8877666364884709e-01  -9.9027703708791814e-01  -9.9113064873862711e-01  -9.9161756882010454e-01  -9.9190137032560055e-01  -9.9207695876392110e-01  -9.9219903535260423e-01  -9.9229886141409707e-01  -9.9239407929776502e-01  -9.9249437660571560e-01  -9.9260471222959046e-01  -9.9272703708120136e-01  -9.9286109188892679e-01  -9.9300451015652014e-01  -9.9315234012182008e-01  -9.9329586037920192e-01  -9.9342046466240275e-01  -9.9350208986256516e-01  -9.9350139193643527e-01  -9.9335429825762023e-01  -9.9295679209389132e-01  -9.9214051961850513e-01  -9.9063388136925767e-01  -9.8800035343167880e-01  -9.8354220201745934e-01  -9.7615230040093692e-01  -9.6409372560466555e-01  -9.4468975470421346e-01  -9.1393091057460007e-01  -8.6608415144323136e-01  -7.9356937229305025e-01  -6.8767164019779181e-01  -5.4090959292441387e-01  -3.5144270397305077e-01  -1.2792209412776534e-01   1.0944862637158465e-01   3.3499968827400362e-01   5.2777809966574596e-01   6.7816919709632995e-01   7.8733380333340541e-01   8.6247984718234827e-01   9.1232651794955133e-01   9.4457520208189705e-01   9.6509781970423647e-01   9.7801952345422127e-01   9.8610103465235666e-01   9.9113593593719918e-01   9.9426813343535914e-01   9.9621858475129899e-01   9.9743813844282125e-01   9.9820712586412241e-01   9.9869915465651338e-01
   9.9939196217274318e-01   9.9953283686535110e-01   9.9963634453892491e-01   9.9971726351843060e-01   9.9978460109188405e-01   9.9984367972163501e-01   9.9989771622699097e-01   9.9994866505992952e-01   9.9999760183737163e-01   1.0000451225899147e+00   1.0000915867940283e+00   1.0001371206294558e+00   1.0001818030673928e+00   1.0002256305218313e+00   1.0002685931219608e+00   1.0003106590096922e+00   1.0003518090387522e+00   1.0003920192832145e+00   1.0004312884057700e+00   1.0004696145914922e+00   1.0005070230426694e+00   1.0005435389335564e+00   1.0005792169444132e+00   1.0006141098394279e+00   1.0006483036758902e+00   1.0006818758783129e+00   1.0007149472136794e+00   1.0007476143482648e+00   1.0007800294769984e+00   1.0008123212478996e+00   1.0008446298056812e+00   1.0008771502569411e+00   1.0009100083058982e+00   1.0009433288666856e+00   1.0009773257246892e+00   1.0010120618755658e+00   1.0010474788747883e+00   1.0010834968434770e+00   1.0011198949490783e+00   1.0011559878176470e+00   1.0011904571294794e+00   1.0012210855009112e+00   1.0012442589408639e+00   1.0012539714263631e+00   1.0012403318439853e+00   1.0011871595234265e+00   1.0010682139013500e+00   1.0008410539526407e+00   1.0004371379771291e+00   9.9974583983452425e-01   9.9858862281736860e-01   9.9667758014522989e-01   9.9354886547620747e-01   9.8845715499258313e-01   9.8021045180851396e-01   9.6691936120496891e-01   9.4563575021850599e-01   9.1188370374018202e-01   8.5918242979247117e-01   7.7889868710084631e-01   6.6118601958876166e-01   4.9811305849892795e-01   2.8937236542429001e-01   4.7968535075710306e-02  -2.0014356702494612e-01  -4.2573629734281365e-01  -6.0883024307856171e-01  -7.4399733157796466e-01  -8.3680417340289748e-01  -8.9728715465598463e-01  -9.3529886783919791e-01  -9.5859301480075343e-01  -9.7261159063116975e-01  -9.8093084025873045e-01  -9.8580919923150612e-01  -9.8863767808355663e-01  -9.9025902420692258e-01  -9.9117800837482517e-01  -9.9169435524451588e-01  -9.9198479345969837e-01  -9.9215285087070415e-01  -9.9225879200534828e-01  -9.9233741653415608e-01  -9.9240859756814004e-01  -9.9248341692290443e-01  -9.9256770791519999e-01  -9.9266397317547428e-01  -9.9277231351262518e-01  -9.9289060378904304e-01  -9.9301405774467633e-01  -9.9313404700053931e-01  -9.9323595760444494e-01  -9.9329552876076888e-01  -9.9327285748570127e-01  -9.9310262168169727e-01  -9.9267829644968553e-01  -9.9182676482745236e-01  -9.9026772440799005e-01  -9.8754931765554599e-01  -9.8294740620296217e-01  -9.7531071115899493e-01  -9.6283119545163787e-01  -9.4272246515059832e-01  -9.1081727069651319e-01  -8.6118195944894627e-01  -7.8603924748323606e-01  -6.7660549172709883e-01  -5.2567423495327814e-01  -3.3221457296261081e-01  -1.0609656808858264e-01   1.3147952042709765e-01   3.5478513173555104e-01   5.4378003517714502e-01   6.9005490941184444e-01   7.9562002246104524e-01   8.6801312489784599e-01   9.1592876037433602e-01   9.4689742564710222e-01   9.6660232792887790e-01   9.7901380598402188e-01   9.8678121637195293e-01   9.9162361579519631e-01   9.9463714754578791e-01   9.9651301367666845e-01   9.9768391940086998e-01   9.9841939584212147e-01   9.9888678773601136e-01   9.9918967876436071e-01
   9.9969473954791366e-01   9.9978413129692822e-01   9.9985184108790914e-01   9.9990649357852956e-01   9.9995327490637331e-01   9.9999539993487174e-01   1.0000347312086550e+00   1.0000722799760395e+00   1.0001086579600584e+00   1.0001441877092674e+00   1.0001789727838986e+00   1.0002130839559427e+00   1.0002464931963948e+00   1.0002791759254639e+00   1.0003110821810970e+00   1.0003421740950236e+00   1.0003724110398242e+00   1.0004017723698886e+00   1.0004302396828313e+00   1.0004578189925182e+00   1.0004845192024310e+00   1.0005103759086791e+00   1.0005354265526585e+00   1.0005597375904132e+00   1.0005833734702760e+00   1.0006064335819591e+00   1.0006290041488510e+00   1.0006512193240027e+00   1.0006731851755295e+00   1.0006950489339792e+00   1.0007169660109652e+00   1.0007390412767847e+00   1.0007614448744779e+00   1.0007843199545146e+00   1.0008076608668981e+00   1.0008314905456279e+00   1.0008557523032786e+00   1.0008800598479299e+00   1.0009035891398055e+00   1.0009250270744281e+00   1.0009421567267345e+00   1.0009511649012455e+00   1.0009456151390657e+00   1.0009149768748107e+00   1.0008421755575319e+00   1.0006996359772846e+00   1.0004428371951879e+00   9.9999998609997831e-01   9.9925543504960412e-01   9.9802303729759256e-01   9.9600355822944275e-01   9.9271668862223539e-01   9.8739395316895773e-01   9.7881238145137739e-01   9.6504461832943877e-01   9.4310347449408327e-01   9.0849002963268510e-01   8.5475326898802595e-01   7.7340417335660283e-01   6.5492150059355958e-01   4.9187113220663492e-01   2.8439789864550097e-01   4.5491136531529364e-02  -1.9961698087107815e-01  -4.2273938131355465e-01  -6.0453882876569209e-01  -7.3955567729871219e-01  -8.3293480454996827e-01  -8.9427322042681534e-01  -9.3313678271415912e-01  -9.5714644786864489e-01  -9.7171009854091428e-01  -9.8041783339557143e-01  -9.8555867267976072e-01  -9.8855552550873804e-01  -9.9027826775061789e-01  -9.9125259117083353e-01  -9.9179344373828249e-01  -9.9208821255023449e-01  -9.9224768093948590e-01  -9.9233694920475202e-01  -9.9239398633479137e-01  -9.9244071819946222e-01  -9.9248954702190062e-01  -9.9254715845724339e-01  -9.9261661604653373e-01  -9.9269840794833208e-01  -9.9279069862998137e-01  -9.9288893972060832e-01  -9.9298470853879661e-01  -9.9306355403085367e-01  -9.9310127994345243e-01  -9.9305781830101059e-01  -9.9286718752287939e-01  -9.9242121583378817e-01  -9.9154325555112255e-01  -9.8994603551156946e-01  -9.8716467110365635e-01  -9.8245156498987474e-01  -9.7461486544868980e-01  -9.6177903364515327e-01  -9.4105056402122633e-01  -9.0810437059700733e-01  -8.5680086455600524e-01  -7.7915231941550089e-01  -6.6628589609935718e-01  -5.1124893733490173e-01  -3.1380690293337904e-01  -8.5043511584476095e-02   1.5284759757818633e-01   3.7407271558281951e-01   5.5947413256302203e-01   7.0180438587290195e-01   8.0389369470666128e-01   8.7360509214238569e-01   9.1962018675756951e-01   9.4931416985721928e-01   9.6819413171972368e-01   9.8008359657588318e-01   9.8752478817257006e-01   9.9216406852686045e-01   9.9505037619128522e-01   9.9684517268585671e-01   9.9796283085427784e-01   9.9866174734705793e-01   9.9910250898709729e-01   9.9938456642286611e-01   9.9956934812260523e-01
   9.9995568892507136e-01   1.0000098332280458e+00   1.0000514981947306e+00   1.0000858186241368e+00   1.0001158964889223e+00   1.0001434455640006e+00   1.0001694742042178e+00   1.0001945954818396e+00   1.0002190685155798e+00   1.0002429926177738e+00   1.0002664250770572e+00   1.0002893100859707e+00   1.0003116127435627e+00   1.0003332622729433e+00   1.0003542037826916e+00   1.0003743793764026e+00   1.0003937496617936e+00   1.0004122793307999e+00   1.0004299555766236e+00   1.0004467704702402e+00   1.0004627408977929e+00   1.0004778879382163e+00   1.0004922591701162e+00   1.0005059040954654e+00   1.0005189019922787e+00   1.0005313270426313e+00   1.0005432922050657e+00   1.0005548893745733e+00   1.0005662582187789e+00   1.0005775163380826e+00   1.0005887782672112e+00   1.0006002053760410e+00   1.0006118647842701e+00   1.0006237858146014e+00   1.0006360233564009e+00   1.0006483916102868e+00   1.0006604136165729e+00   1.0006713337619995e+00   1.0006798367018352e+00   1.0006834768054653e+00   1.0006780814719582e+00   1.0006568353942287e+00   1.0006087168182307e+00   1.0005158188271075e+00   1.0003491216552154e+00   1.0000617394499569e+00   9.9957815661405336e-01   9.9877695312309778e-01   9.9746312788714253e-01   9.9532399584559039e-01   9.9185916958528397e-01   9.8627090705218301e-01   9.7729512224657822e-01   9.6295003333638174e-01   9.4018362234340591e-01   9.0443585076104260e-01   8.4923463193087090e-01   7.6618022120942053e-01   6.4604616776149326e-01   4.8194594063914720e-01   2.7466923339279642e-01   3.7513061282505478e-02  -2.0471963859357928e-01  -4.2483287647098639e-01  -6.0436271730040780e-01  -7.3814707452783190e-01  -8.3114688065264142e-01  -8.9261413781423149e-01  -9.3182332936964274e-01  -9.5621701557626615e-01  -9.7111804358945275e-01  -9.8008846505394998e-01  -9.8541773831897816e-01  -9.8854053490134208e-01  -9.9034102646653621e-01  -9.9135791421605302e-01  -9.9191661877367099e-01  -9.9221239687167417e-01  -9.9236168754092224e-01  -9.9243352966838927e-01  -9.9246857335131533e-01  -9.9249054032654804e-01  -9.9251302700044108e-01  -9.9254351669147345e-01  -9.9258562167426567e-01  -9.9264023245845456e-01  -9.9270584382627103e-01  -9.9277821617714812e-01  -9.9284924911131156e-01  -9.9290483994577461e-01  -9.9292115055127672e-01  -9.9285840488442900e-01  -9.9265066597390650e-01  -9.9218917909897542e-01  -9.9129534882894954e-01  -9.8967723916299866e-01  -9.8686018067440162e-01  -9.8207756652126499e-01  -9.7410273227673783e-01  -9.6099940565171915e-01  -9.3977398638373344e-01  -9.0594865962276039e-01  -8.5317680586648192e-01  -7.7324764274739366e-01  -6.5717139369272126e-01  -4.9820842946568139e-01  -2.9687673118113761e-01  -6.5440070400349604e-02   1.7292506643278549e-01   3.9233377717740270e-01   5.7444867438180558e-01   7.1311527136346908e-01   8.1194211201854993e-01   8.7911076766928642e-01   9.2330425186322862e-01   9.5176217034971788e-01   9.6983215138191947e-01   9.8120229173697282e-01   9.8831452113725660e-01   9.9274622009794022e-01   9.9550091711396482e-01   9.9721101701941472e-01   9.9827262238371905e-01   9.9893277997599250e-01   9.9934511661537806e-01   9.9960493770699244e-01   9.9977130530006253e-01   9.9988073474581884e-01
   1.0001906343281883e+00   1.0002191765606954e+00   1.0002409594087824e+00   1.0002588453536334e+00   1.0002744826426480e+00   1.0002889189164776e+00   1.0003026973283038e+00   1.0003160209491131e+00   1.0003290086618710e+00   1.0003416844308175e+00   1.0003539692674386e+00   1.0003658214757387e+00   1.0003771454474228e+00   1.0003878724053494e+00   1.0003979260405975e+00   1.0004072491023395e+00   1.0004157891803924e+00   1.0004235150200325e+00   1.0004304015553065e+00   1.0004364472445824e+00   1.0004416561611662e+00   1.0004460574110898e+00   1.0004496842286208e+00   1.0004525967491762e+00   1.0004548549666215e+00   1.0004565508562533e+00   1.0004577641744814e+00   1.0004586170253851e+00   1.0004592021709153e+00   1.0004596407333604e+00   1.0004600529338472e+00   1.0004604813826556e+00   1.0004609961985591e+00   1.0004615790471671e+00   1.0004619607150966e+00   1.0004617262004072e+00   1.0004601172502414e+00   1.0004556070550599e+00   1.0004455210894270e+00   1.0004255473864936e+00   1.0003886388324594e+00   1.0003231973060456e+00   1.0002102583000032e+00   1.0000191391759592e+00   9.9970040278723449e-01   9.9917454969723163e-01   9.9831387092919766e-01   9.9691350093491327e-01   9.9464545711031516e-01   9.9098604493548859e-01   9.8510274881040982e-01   9.7568120522131419e-01   9.6067035415231161e-01   9.3693028255939026e-01   8.9980628121663320e-01   8.4276178269628321e-01   7.5744210148885560e-01   6.3489621035792942e-01   4.6883575209572148e-01   2.6085834769053129e-01   2.4825697904551747e-02  -2.1466102277150584e-01  -4.3135400245681166e-01  -6.0783294198629989e-01  -7.3948878349383540e-01  -8.3129587472750632e-01  -8.9225074847911734e-01  -9.3134442287214503e-01  -9.5581055894889155e-01  -9.7084760611408460e-01  -9.7995489047324491e-01  -9.8539613753078581e-01  -9.8859958728979913e-01  -9.9045168618827317e-01  -9.9149647672501517e-01  -9.9206508806814608e-01  -9.9235775164269602e-01  -9.9249483862845955e-01  -9.9254832060369591e-01  -9.9256095479738327e-01  -9.9255793956928251e-01  -9.9255389505335057e-01  -9.9255701764208704e-01  -9.9257143540403070e-01  -9.9259844232287242e-01  -9.9263689431738567e-01  -9.9268292556917781e-01  -9.9272887269011489e-01  -9.9276117272568165e-01  -9.9275665865383877e-01  -9.9267634927548720e-01  -9.9245514946032531e-01  -9.9198496389280177e-01  -9.9108715553865823e-01  -9.8946798736536801e-01  -9.8664720685329976e-01  -9.8184519777202939e-01  -9.7380864398199063e-01  -9.6055098603292843e-01  -9.3899061970764652e-01  -9.0450803941294988e-01  -8.5055398197289300e-01  -7.6868353816285206e-01  -6.4975324343575136e-01  -4.8717032202637089e-01  -2.8212356212170359e-01  -4.7992194847802927e-02   1.9107629555302552e-01   4.0904997507461488e-01   5.8831160380425696e-01   7.2370592374878062e-01   8.1956974229215795e-01   8.8439759203114932e-01   9.2689271864098499e-01   9.5418361026633469e-01   9.7147907976047732e-01   9.8234621784080722e-01   9.8913566467135394e-01   9.9336099849568904e-01   9.9598310656802425e-01   9.9760672272457174e-01   9.9861035646240914e-01   9.9923007561669031e-01   9.9961276857460069e-01   9.9984963940341187e-01   9.9999719810980603e-01   1.0000903044667082e+00   1.0001503928731490e+00
   1.0004091075349202e+00   1.0004182236494732e+00   1.0004237807886855e+00   1.0004274708597556e+00   1.0004302865518939e+00   1.0004326491768669e+00   1.0004347721071236e+00   1.0004367850463574e+00   1.0004386532938321e+00   1.0004402943391626e+00   1.0004416556599898e+00   1.0004426137856528e+00   1.0004430907944055e+00   1.0004429895657767e+00   1.0004422366920465e+00   1.0004407623372833e+00   1.0004385172882020e+00   1.0004354592279312e+00   1.0004315684560308e+00   1.0004268316769354e+00   1.0004212597791502e+00   1.0004148689004180e+00   1.0004077006085657e+00   1.0003997990001303e+00   1.0003912361005325e+00   1.0003820783383965e+00   1.0003724267818290e+00   1.0003623580989305e+00   1.0003519857821348e+00   1.0003413901309850e+00   1.0003306206426250e+00   1.0003197365074104e+00   1.0003086378867005e+00   1.0002970775865876e+00   1.0002846604638358e+00   1.0002704737131034e+00   1.0002528487224747e+00   1.0002290957348106e+00   1.0001947709081815e+00   1.0001423746914568e+00   1.0000595666696563e+00   9.9992636289323678e-01   9.9971054225068468e-01   9.9936012655940398e-01   9.9879140306379877e-01   9.9786983893312908e-01   9.9637974514320948e-01   9.9397619057975140e-01   9.9010932503189730e-01   9.8390697763027180e-01   9.7399632509350820e-01   9.5824374803820112e-01   9.3340094711408383e-01   8.9468924802893857e-01   8.3547100450266965e-01   7.4740208711820066e-01   6.2179772960044666e-01   4.5301981656715662e-01   2.4361337295444419e-01   8.2053873009038103e-03  -2.2863921307248158e-01  -4.4159440723207677e-01  -6.1440994406817029e-01  -7.4322031479947392e-01  -8.3316706507392468e-01  -8.9306819466872245e-01  -9.3164556762187323e-01  -9.5590545156513917e-01  -9.7089318526588908e-01  -9.8001819050750694e-01  -9.8549693371150582e-01  -9.8873564129376224e-01  -9.9061237159085258e-01  -9.9166948074222983e-01  -9.9223929920554144e-01  -9.9252420704976130e-01  -9.9264676971337984e-01  -9.9268084239999843e-01  -9.9267066812153204e-01  -9.9264256140859475e-01  -9.9261196292214793e-01  -9.9258767288712568e-01  -9.9257428361611044e-01  -9.9257347939229801e-01  -9.9258449631408396e-01  -9.9260389731846765e-01  -9.9262456242732156e-01  -9.9263365511504220e-01  -9.9260899626973931e-01  -9.9251292507766720e-01  -9.9228204614036575e-01  -9.9181030003992188e-01  -9.9092118149996222e-01  -9.8932251760454282e-01  -9.8653357563202682e-01  -9.8176925951493843e-01  -9.7376028645870649e-01  -9.6048421097367020e-01  -9.3878911549835020e-01  -9.0393196110320562e-01  -8.4917241533039978e-01  -7.6582284188767136e-01  -6.4453899371816115e-01  -4.7877903874567085e-01  -2.7027688138128658e-01  -3.3428291671687371e-02   2.0665783851359465e-01   4.2370911619966101e-01   6.0068502443291361e-01   7.3331065547586038e-01   8.2659498597378533e-01   8.8934351519737975e-01   9.3030445913329329e-01   9.5652495102920332e-01   9.7309968950462555e-01   9.8349211388334545e-01   9.8997266614216106e-01   9.9399778494283941e-01   9.9648955067591882e-01   9.9802715872165126e-01   9.9897265230973753e-01   9.9955163554938342e-01   9.9990438520849245e-01   1.0001179339872901e+00   1.0002461889499945e+00   1.0003224736555043e+00   1.0003674050912428e+00   1.0003936978899435e+00
   1.0006169756799888e+00   1.0006102181431209e+00   1.0006020074023334e+00   1.0005931608362935e+00   1.0005840647371547e+00   1.0005749933096266e+00   1.0005660194628803e+00   1.0005570571082296e+00   1.0005480463309877e+00   1.0005389048437818e+00   1.0005294859983198e+00   1.0005197068305751e+00   1.0005094455514700e+00   1.0004986158009626e+00   1.0004871293778190e+00   1.0004749199553804e+00   1.0004619279384070e+00   1.0004481157798748e+00   1.0004334526664318e+00   1.0004179314807964e+00   1.0004015507805089e+00   1.0003843338876026e+00   1.0003663078644427e+00   1.0003475256376055e+00   1.0003280384458217e+00   1.0003079263192112e+00   1.0002872523188537e+00   1.0002661123107177e+00   1.0002445595912219e+00   1.0002226488528090e+00   1.0002003960419321e+00   1.0001776707550269e+00   1.0001542588494348e+00   1.0001296816915359e+00   1.0001029155072729e+00   1.0000723097554041e+00   1.0000351036931121e+00   9.9998651939545735e-01   9.9991860633068208e-01   9.9981851175644498e-01   9.9966540013827543e-01   9.9942544129928690e-01   9.9904387862919530e-01   9.9843250189650778e-01   9.9744960601222021e-01   9.9586807198911931e-01   9.9332482223042007e-01   9.8924156078580117e-01   9.8270232898799814e-01   9.7226873896825183e-01   9.5571295310858462e-01   9.2966027607504864e-01   8.8918261190807524e-01   8.2751047761396712e-01   7.3628393634782818e-01   6.0708386815611870e-01   4.3497577529220832e-01   2.2357154024831111e-01  -1.1584904985403321e-02  -2.4585547430117605e-01  -4.5482912325376001e-01  -6.2351842857835638e-01  -7.4893509856903362e-01  -8.3649924781410068e-01  -8.9491142302415772e-01  -9.3264100719699816e-01  -9.5645748802572550e-01  -9.7123371935391467e-01  -9.8026929809669427e-01  -9.8571675432907324e-01  -9.8894768313177894e-01  -9.9082280494601527e-01  -9.9187668889720582e-01  -9.9243882880716672e-01  -9.9271114399879301e-01  -9.9281674013030152e-01  -9.9283032643737668e-01  -9.9279700187632280e-01  -9.9274381853825999e-01  -9.9268681508067336e-01  -9.9263526874855046e-01  -9.9259416943300627e-01  -9.9256556496060178e-01  -9.9254907771600964e-01  -9.9254174068192347e-01  -9.9253706884538240e-01  -9.9252312283995114e-01  -9.9247901405355965e-01  -9.9236892166852408e-01  -9.9213202563443792e-01  -9.9166574980946831e-01  -9.9079807337483894e-01  -9.8924213895742774e-01  -9.8652259600932468e-01  -9.8185779357301828e-01  -9.7397561659469023e-01  -9.6083614430798736e-01  -9.3924091133427867e-01  -9.0434981019335270e-01  -8.4925193760832585e-01  -7.6501271391669945e-01  -6.4203079456434176e-01  -4.7368745861645356e-01  -2.6208515858594417e-01  -2.2495915451854032e-02   2.1901715205207867e-01   4.3580295908411432e-01   6.1120414805442247e-01   7.4168012219198776e-01   8.3285145192089960e-01   8.9383856275475027e-01   9.3346701774837815e-01   9.5873852086342259e-01   9.7466267884438329e-01   9.8461952204931014e-01   9.9081228860789405e-01   9.9464817109549797e-01   9.9701504658234796e-01   9.9846915364344002e-01   9.9935745677876375e-01   9.9989582438933855e-01   1.0002183355649266e+00   1.0004081575370385e+00   1.0005168439001768e+00   1.0005762910260085e+00   1.0006061822141310e+00   1.0006185425095055e+00   1.0006206661012627e+00
   1.0008177037346631e+00   1.0007975783575638e+00   1.0007770258429394e+00   1.0007565168696408e+00   1.0007362997311346e+00   1.0007163375553882e+00   1.0006965604093412e+00   1.0006769254034886e+00   1.0006572948371533e+00   1.0006375188795387e+00   1.0006175062321572e+00   1.0005971073116333e+00   1.0005762277500572e+00   1.0005547587142745e+00   1.0005326184516481e+00   1.0005097299080368e+00   1.0004860381421286e+00   1.0004614948368755e+00   1.0004360750978880e+00   1.0004097596683463e+00   1.0003825538341922e+00   1.0003544669400619e+00   1.0003255333332355e+00   1.0002957875607610e+00   1.0002652895485920e+00   1.0002340879587488e+00   1.0002022574571954e+00   1.0001698335416165e+00   1.0001368627296625e+00   1.0001033187483723e+00   1.0000690738983755e+00   1.0000338988166830e+00   9.9999722242733891e-01   9.9995802037470027e-01   9.9991463027246752e-01   9.9986407573628155e-01   9.9980131985726706e-01   9.9971819614529112e-01   9.9960138248742680e-01   9.9942900622749309e-01   9.9916548994843057e-01   9.9875336091380296e-01   9.9810004673142672e-01   9.9705664228940194e-01   9.9538420525404481e-01   9.9270055587712880e-01   9.8839709222083250e-01   9.8151068195581015e-01   9.7053144132395142e-01   9.5312740917473160e-01   9.2578204845108758e-01   8.8339613625121194e-01   8.1904298692531197e-01   7.2432758994862012e-01   5.9110267664661142e-01   4.1519025877729698e-01   2.0136864075086403e-01  -3.3794175913410607e-02  -2.6552636300046828e-01  -4.7034113721482051e-01  -6.3457737474735398e-01  -7.5620852177925824e-01  -8.4100693413851502e-01  -8.9760092403360414e-01  -9.3422390771507802e-01  -9.5740593849457245e-01  -9.7183604098467957e-01  -9.8069073394038186e-01  -9.8604660655185250e-01  -9.8923105781938370e-01  -9.9108040598879432e-01  -9.9211642754654150e-01  -9.9266235584326568e-01  -9.9291736683916365e-01  -9.9300361492267075e-01  -9.9299570694305395e-01  -9.9293899482996051e-01  -9.9286089379052478e-01  -9.9277781244756436e-01  -9.9269936866753528e-01  -9.9263087259640637e-01  -9.9257469696184064e-01  -9.9253084335566732e-01  -9.9249683964250179e-01  -9.9246690667918647e-01  -9.9243014600011126e-01  -9.9236722908064734e-01  -9.9224465724623101e-01  -9.9200502871036600e-01  -9.9155068993930762e-01  -9.9071651856657073e-01  -9.8922494017903140e-01  -9.8661237703367699e-01  -9.8211066107448963e-01  -9.7446012403152771e-01  -9.6162558503669160e-01  -9.4039205760483180e-01  -9.0585803560753386e-01  -8.5097352885165867e-01  -7.6656078335888034e-01  -6.4269951109173329e-01  -4.7253405102605595e-01  -2.5830090196588595e-01  -1.5957082315696924e-02   2.2748822925490342e-01   4.4481728530956433e-01   6.1950551366505868e-01   7.4857035618954038e-01   8.3817917855525648e-01   8.9777857878071921e-01   9.3631255167917460e-01   9.6078000642099948e-01   9.7613897983842568e-01   9.8570922889180879e-01   9.9164163934735527e-01   9.9530325756960591e-01   9.9755317332572768e-01   9.9892782733242680e-01   9.9976093222892126e-01   1.0002596746769807e+00   1.0005525250511518e+00   1.0007190591098032e+00   1.0008085148055899e+00   1.0008512702328509e+00   1.0008660277849193e+00   1.0008642554845384e+00   1.0008530205601802e+00   1.0008366463147120e+00
   1.0010135125647417e+00   1.0009813511791119e+00   1.0009495548166065e+00   1.0009182239018093e+00   1.0008872970950740e+00   1.0008567762311371e+00   1.0008265692649982e+00   1.0007964888834395e+00   1.0007664096419182e+00   1.0007362133309670e+00   1.0007057269967130e+00   1.0006748527566236e+00   1.0006434573091183e+00   1.0006114466851621e+00   1.0005787255834897e+00   1.0005452224539106e+00   1.0005108715964526e+00   1.0004756305924551e+00   1.0004394623696771e+00   1.0004023543298977e+00   1.0003642977781824e+00   1.0003253087446984e+00   1.0002854041532372e+00   1.0002446246140559e+00   1.0002030028819922e+00   1.0001605923482315e+00   1.0001174138583160e+00   1.0000734961160986e+00   1.0000287840763162e+00   9.9998315335988786e-01   9.9993632858402803e-01   9.9988769899626007e-01   9.9983625955404787e-01   9.9978024013251643e-01   9.9971649891379166e-01   9.9963992039000771e-01   9.9954210104011598e-01   9.9940908221202518e-01   9.9921799711621895e-01   9.9893181613107318e-01   9.9849061159029784e-01   9.9779748231501042e-01   9.9669617261688992e-01   9.9493565479813362e-01   9.9211416727766388e-01   9.8759173669319944e-01   9.8035577680382269e-01   9.6882046627392482e-01   9.5054184987967072e-01   9.2184888708320378e-01   8.7745328519960752e-01   8.1025064330223506e-01   7.1179712086413427e-01   5.7422733972616058e-01   3.9416858404247868e-01   1.7764387903003670e-01  -5.7687292164437298e-02  -2.8689743922066563e-01  -4.8744235163887412e-01  -6.4702389075387257e-01  -7.6462080187066972e-01  -8.4639969974271567e-01  -9.0094732524344889e-01  -9.3627629207948293e-01  -9.5867985979888193e-01  -9.7265871584001107e-01  -9.8125882322751079e-01  -9.8647308214256824e-01  -9.8957809059661528e-01  -9.9138059304144988e-01  -9.9238572117890911e-01  -9.9290771700915803e-01  -9.9314112545056732e-01  -9.9320587565399221e-01  -9.9317562970790740e-01  -9.9309544527457960e-01  -9.9299274981300079e-01  -9.9288410124626991e-01  -9.9277932003306868e-01  -9.9268395355747630e-01  -9.9260065134182174e-01  -9.9252977466501746e-01  -9.9246935303810258e-01  -9.9241435906731679e-01  -9.9235504240857941e-01  -9.9227385373040145e-01  -9.9214002976658100e-01  -9.9190034393590976e-01  -9.9146340818611223e-01  -9.9067333325532569e-01  -9.8926579410708015e-01  -9.8679558645500198e-01  -9.8251873647527521e-01  -9.7520489290792978e-01  -9.6284907237819806e-01  -9.4225575106720005e-01  -9.0850738711315604e-01  -8.5445967738365436e-01  -7.7070842334942768e-01  -6.4695355176748026e-01  -4.7591395745266124e-01  -2.5966295341678203e-01  -1.4586876805458504e-02   2.3137995293151509e-01   4.5021576459608342e-01   6.2521358363639012e-01   7.5373486705400827e-01   8.4242158209821860e-01   9.0106510409317764e-01   9.3877892041449806e-01   9.6260974492620122e-01   9.7750290792551930e-01   9.8674436135367427e-01   9.9244951241867052e-01   9.9595557929471323e-01   9.9809901556191805e-01   9.9940005118412722e-01   1.0001811969003933e+00   1.0006420915407397e+00   1.0009061961734234e+00   1.0010498105015990e+00   1.0011200653274970e+00   1.0011460324840171e+00   1.0011456509263470e+00   1.0011299420379847e+00   1.0011056432091319e+00   1.0010767527865585e+00   1.0010455952556059e+00
   1.0012056477798701e+00   1.0011626254914650e+00   1.0011202027211628e+00   1.0010784193462361e+00   1.0010372666718137e+00   1.0009965476742611e+00   1.0009560928259316e+00   1.0009157980805554e+00   1.0008754916618601e+00   1.0008349974459556e+00   1.0007942111229071e+00   1.0007529717452808e+00   1.0007111780377851e+00   1.0006687144455568e+00   1.0006254942855861e+00   1.0005814345995927e+00   1.0005364756790303e+00   1.0004905629550240e+00   1.0004436659608464e+00   1.0003957580447220e+00   1.0003468369217285e+00   1.0002969015615508e+00   1.0002459735887372e+00   1.0001940688138182e+00   1.0001412201356326e+00   1.0000874337485981e+00   1.0000327170405203e+00   9.9997699664122908e-01   9.9992013973648275e-01   9.9986182752212072e-01   9.9980144709014118e-01   9.9973797210844040e-01   9.9966952135052733e-01   9.9959291327488886e-01   9.9950295142943246e-01   9.9939088173066259e-01   9.9924222516600203e-01   9.9903343053612592e-01   9.9872617094671479e-01   9.9825802137378972e-01   9.9752778832391276e-01   9.9637214435167576e-01   9.9452835727484157e-01   9.9157527513202226e-01   9.8684122157440490e-01   9.7926287359145026e-01   9.6717552649651795e-01   9.4801755255835540e-01   9.1795375112668576e-01   8.7149263874522642e-01   8.0133593463575992e-01   6.9898109995621316e-01   5.5685541593646759e-01   3.7243230424585994e-01   1.5303516726977789e-01  -8.2552482858846643e-02  -3.0925420636170464e-01  -5.0548840608043455e-01  -6.6033105545830140e-01  -7.7377533743577920e-01  -8.5239818521321242e-01  -9.0476357905401572e-01  -9.3867765703262562e-01  -9.6020399546196933e-01  -9.7365589600207703e-01  -9.8194605452158013e-01  -9.8697974669772848e-01  -9.8997888566470271e-01  -9.9171722338787249e-01  -9.9268052707646226e-01  -9.9317203059095038e-01  -9.9338018163067321e-01  -9.9342165895986256e-01  -9.9336847793466188e-01  -9.9326493111115410e-01  -9.9313814597474770e-01  -9.9300462728287053e-01  -9.9287426555993741e-01  -9.9275276171823224e-01  -9.9264298735557066e-01  -9.9254563318645173e-01  -9.9245921876745991e-01  -9.9237948696161238e-01  -9.9229789932984080e-01  -9.9219884032080685e-01  -9.9205459871000445e-01  -9.9181674380561202e-01  -9.9140131038366563e-01  -9.9066374716109162e-01  -9.8935669702585316e-01  -9.8705975273079416e-01  -9.8306394003856079e-01  -9.7618588060188849e-01  -9.6447850233974564e-01  -9.4480675666036240e-01  -9.1229194959321258e-01  -8.5975553929703774e-01  -7.7760249346288823e-01  -6.5510333901422801e-01  -4.8434454927773285e-01  -2.6687495280564194e-01  -1.9171225008630222e-02   2.2996326319675159e-01   4.5142149978771934e-01   6.2792327085444988e-01   7.5691013385707273e-01   8.4541370534982785e-01   9.0359598080753256e-01   9.4080249811437056e-01   9.6418761066864433e-01   9.7872880446774013e-01   9.8770827961851615e-01   9.9322493184209204e-01   9.9659770571786233e-01   9.9864732047135707e-01   9.9988185430088117e-01   1.0006149886883107e+00   1.0010401999294456e+00   1.0012767626923398e+00   1.0013982031945177e+00   1.0014498426463003e+00   1.0014595748429165e+00   1.0014445442506146e+00   1.0014152012741830e+00   1.0013778865133238e+00   1.0013363954025079e+00   1.0012930427375186e+00   1.0012492076784580e+00
   1.0013950212382858e+00   1.0013416616605069e+00   1.0012892087015171e+00   1.0012375165948162e+00   1.0011863662283131e+00   1.0011356650142820e+00   1.0010852654142299e+00   1.0010349453681506e+00   1.0009845549276810e+00   1.0009339643815764e+00   1.0008829897479825e+00   1.0008315267094277e+00   1.0007794361550086e+00   1.0007266189060613e+00   1.0006729746527538e+00   1.0006184265642313e+00   1.0005629033973824e+00   1.0005063564648649e+00   1.0004487418642560e+00   1.0003900385557938e+00   1.0003302279687416e+00   1.0002693124419599e+00   1.0002072907331527e+00   1.0001441755531679e+00   1.0000799580405475e+00   1.0000146239256120e+00   9.9994808645006628e-01   9.9988019550876717e-01   9.9981060503042407e-01   9.9973870498461970e-01   9.9966342332663305e-01   9.9958282881933624e-01   9.9949374069619257e-01   9.9939081017852494e-01   9.9926501767895881e-01   9.9910160705498408e-01   9.9887642192142567e-01   9.9854980271708604e-01   9.9805705552598711e-01   9.9729326093032566e-01   9.9608866441164434e-01   9.9416935651860450e-01   9.9109523256619547e-01   9.8616327104331314e-01   9.7825944307066370e-01   9.6563921435252564e-01   9.4562033600254203e-01   9.1419725535636609e-01   8.6566519411695020e-01   7.9251969357984497e-01   6.8619170638789828e-01   5.3940897780695685e-01   3.5051935997841455e-01   1.2817752968730844e-01  -1.0770643098779153e-01  -3.3193155874368308e-01  -5.2389180218674336e-01  -6.7402251494728893e-01  -7.8331224037954084e-01  -8.5874524950605868e-01  -9.0887383626471940e-01  -9.4131195907571730e-01  -9.6190392348163278e-01  -9.7478075828180111e-01  -9.8272327284221639e-01  -9.8754853960884259e-01  -9.9042218968117623e-01  -9.9208310067413863e-01  -9.9299603066161257e-01  -9.9345186783047090e-01  -9.9363190900335163e-01  -9.9364881783994019e-01  -9.9357241307028987e-01  -9.9344583983061963e-01  -9.9329566215869791e-01  -9.9313815545325146e-01  -9.9298315908200607e-01  -9.9283644763850010e-01  -9.9270105650519624e-01  -9.9257796731360337e-01  -9.9246616082286088e-01  -9.9236214124172972e-01  -9.9225859902484592e-01  -9.9214193362885950e-01  -9.9198768533160242e-01  -9.9175266255376404e-01  -9.9136121545542011e-01  -9.9068186209226883e-01  -9.8948743213001689e-01  -9.8738813995827202e-01  -9.8372023261651964e-01  -9.7736472260971408e-01  -9.6646100557348202e-01  -9.4797890147014963e-01  -9.1714179116289418e-01  -8.6681329794471651e-01  -7.8726823330807760e-01  -6.6732320693505565e-01  -4.9822430678180596e-01  -2.8057554641740956e-01  -3.0499728204523346e-02   2.2245664640900809e-01   4.4779154264384191e-01   6.2717451467170859e-01   7.5779642457413787e-01   8.4697082992370243e-01   9.0526053000880791e-01   9.4231759291378803e-01   9.6547443661984511e-01   9.7979291331017460e-01   9.8858615741105094e-01   9.9395829803181412e-01   9.9722318022150014e-01   9.9919361383236760e-01   1.0003701045219697e+00   1.0010601644452553e+00   1.0014526335410174e+00   1.0016634583007102e+00   1.0017638510266922e+00   1.0017975459987090e+00   1.0017913678886783e+00   1.0017617616971732e+00   1.0017187603939550e+00   1.0016684994283529e+00   1.0016146786348106e+00   1.0015595038942908e+00   1.0015041650213783e+00   1.0014492500842962e+00
   1.0015820766723138e+00   1.0015190751335863e+00   1.0014569185440969e+00   1.0013954979878712e+00   1.0013347177670198e+00   1.0012743288678279e+00   1.0012141245646935e+00   1.0011539817504591e+00   1.0010937161854234e+00   1.0010331424230254e+00   1.0009721492825845e+00   1.0009105720396778e+00   1.0008483026786739e+00   1.0007852229695895e+00   1.0007212390446518e+00   1.0006562645829786e+00   1.0005902315462287e+00   1.0005230805561691e+00   1.0004547705064442e+00   1.0003852668297535e+00   1.0003145513041307e+00   1.0002426068221482e+00   1.0001694250693196e+00   1.0000949828279533e+00   1.0000192440584073e+00   9.9994211103136688e-01   9.9986341281180924e-01   9.9978279041143159e-01   9.9969962816211577e-01   9.9961281796844648e-01   9.9952042666640739e-01   9.9941925423116840e-01   9.9930381997943007e-01   9.9916501166813509e-01   9.9898786874874057e-01   9.9874762376799242e-01   9.9840355735070818e-01   9.9788926937554434e-01   9.9709664462066683e-01   9.9584998856068452e-01   9.9386497302013688e-01   9.9068379216900737e-01   9.8557369943837436e-01   9.7737160347785879e-01   9.6425427271506592e-01   9.4341867311417693e-01   9.1068629658037747e-01   8.6013300680714200e-01   7.8403914381095774e-01   6.7376139628880016e-01   5.2232892084402405e-01   3.2897521887212489e-01   1.0369133488061411e-01  -1.3250711074916444e-01  -3.5432532590347732e-01  -5.4213097939071542e-01  -6.8767959129344813e-01  -7.9291479140824805e-01  -8.6521264643521567e-01  -9.1312003575853062e-01  -9.4407310721223958e-01  -9.6370994223547934e-01  -9.7598813849597021e-01  -9.8356155768437048e-01  -9.8816107201967240e-01  -9.9089620910993814e-01  -9.9247048010846006e-01  -9.9332696330562231e-01  -9.9374344752994648e-01  -9.9389341244338270e-01  -9.9388499822725196e-01  -9.9378542663244129e-01  -9.9363640626059280e-01  -9.9346372833685215e-01  -9.9328329380466951e-01  -9.9310478537622537e-01  -9.9293397888404455e-01  -9.9277401484604344e-01  -9.9262612173390408e-01  -9.9248969810598742e-01  -9.9236197517689417e-01  -9.9223684342000051e-01  -9.9210272239133390e-01  -9.9193847587593154e-01  -9.9170639013172091e-01  -9.9133969958732715e-01  -9.9072123004602552e-01  -9.8964649068625921e-01  -9.8776113273048294e-01  -9.8445555417416963e-01  -9.7869117801283956e-01  -9.6872149998423585e-01  -9.5166659845167734e-01  -9.2292103091759681e-01  -8.7548260922205012e-01  -7.9958685812312902e-01  -6.8361322594813589e-01  -5.1778441100054440e-01  -3.0129682806563496e-01  -4.9349770767349643e-02   2.0801282596485954e-01   4.3858789589575992e-01   6.2242336709356949e-01   7.5603632988226732e-01   8.4687417444440694e-01   9.0592949716535520e-01   9.4324841915438440e-01   9.6642522667267960e-01   9.8066787930826271e-01   9.8936092719001167e-01   9.9463870079635730e-01   9.9782485839677171e-01   9.9973306456141264e-01   1.0008613634102521e+00   1.0015140705543566e+00   1.0018771157687141e+00   1.0020641219255175e+00   1.0021445868339121e+00   1.0021610303301072e+00   1.0021394618995279e+00   1.0020957871843685e+00   1.0020396817632984e+00   1.0019770077467969e+00   1.0019112254541094e+00   1.0018443456233550e+00   1.0017774798269505e+00   1.0017112812227011e+00   1.0016461039031987e+00
   1.0017672758400893e+00   1.0016948560246390e+00   1.0016234055555406e+00   1.0015526912198327e+00   1.0014824450387394e+00   1.0014125357219101e+00   1.0013428055008213e+00   1.0012730139193584e+00   1.0012030073810636e+00   1.0011326462217842e+00   1.0010617469990748e+00   1.0009901948006741e+00   1.0009178527381026e+00   1.0008446099709629e+00   1.0007703676653814e+00   1.0006950360678544e+00   1.0006185437401109e+00   1.0005408267235416e+00   1.0004618376966554e+00   1.0003815351099732e+00   1.0002998889337846e+00   1.0002168673636362e+00   1.0001324353782475e+00   1.0000465336498823e+00   9.9995905629336779e-01   9.9986981025349864e-01   9.9977843342273842e-01   9.9968429750557575e-01   9.9958628311022046e-01   9.9948247050645966e-01   9.9936963599037154e-01   9.9924225513757658e-01   9.9909121829045855e-01   9.9890136495430659e-01   9.9864752197487383e-01   9.9828834779233055e-01   9.9775612328555929e-01   9.9693994862450364e-01   9.9565908083767096e-01   9.9362031293529562e-01   9.9035017732444963e-01   9.8508862096128136e-01   9.7662636066478170e-01   9.6306471036589025e-01   9.4148291080163771e-01   9.0753109479258587e-01   8.5506416019656850e-01   7.7614115175144915e-01   6.6203491797894221e-01   5.0606632564390353e-01   3.0834443221732333e-01   8.0175343010307543e-02  -1.5635803657948860e-01  -3.7589398329414447e-01  -5.5975137828694999e-01  -7.0094376334986963e-01  -8.0231381810077118e-01  -8.7160607166994253e-01  -9.1736609715297324e-01  -9.4686786918364518e-01  -9.6555927768505923e-01  -9.7723650325499778e-01  -9.8443381966536103e-01  -9.8879968129279350e-01  -9.9138927761253326e-01  -9.9287153049628374e-01  -9.9366791107265673e-01  -9.9404282860164606e-01  -9.9416165295529846e-01  -9.9412772253320902e-01  -9.9400539797231169e-01  -9.9383475513406550e-01  -9.9364065825010672e-01  -9.9343852105463926e-01  -9.9323778339954560e-01  -9.9304415905388865e-01  -9.9286083842037653e-01  -9.9268924921229762e-01  -9.9252915441201706e-01  -9.9237845553239890e-01  -9.9223217411405784e-01  -9.9208068163192409e-01  -9.9190611205462254e-01  -9.9167625368794510e-01  -9.9133344088335007e-01  -9.9077547283446676e-01  -9.8982213491562010e-01  -9.8815797370342962e-01  -9.8523452341062456e-01  -9.8010706706675621e-01  -9.7116794922247152e-01  -9.5573089448741788e-01  -9.2943275319922058e-01  -8.8550999920994988e-01  -8.1428213218326739e-01  -7.0376528197990940e-01  -5.4303465646830151e-01  -3.2940753624260655e-01  -7.6454387514014233e-02   1.8571378690873575e-01   4.2294759684398719e-01   6.1300655420991212e-01   7.5118497998295009e-01   8.4484963751638542e-01   9.0544186679097294e-01   9.4350265554325075e-01   9.6698765612996318e-01   9.8132414135163093e-01   9.9001575113483276e-01   9.9525627034259112e-01   9.9839662809928020e-01   1.0002615855388084e+00   1.0013526830252770e+00   1.0019744705197575e+00   1.0023119407090404e+00   1.0024775143305802e+00   1.0025396155453963e+00   1.0025398912645420e+00   1.0025037078184731e+00   1.0024464839141909e+00   1.0023775555300887e+00   1.0023025467855653e+00   1.0022248045111402e+00   1.0021463191099185e+00   1.0020682355634940e+00   1.0019911741103726e+00   1.0019153550770994e+00   1.0018407581205437e+00
   1.0019507717663791e+00   1.0018694645540145e+00   1.0017889361647583e+00   1.0017090416931149e+00   1.0016296440965435e+00   1.0015504935798922e+00   1.0014713543238338e+00   1.0013921116877555e+00   1.0013125631328994e+00   1.0012325320246460e+00   1.0011518893243103e+00   1.0010704809275897e+00   1.0009881791349360e+00   1.0009048756784393e+00   1.0008204556747962e+00   1.0007348407324608e+00   1.0006479396183723e+00   1.0005596973628557e+00   1.0004700447085957e+00   1.0003789434461516e+00   1.0002863342039547e+00   1.0001921745358351e+00   1.0000963786277168e+00   9.9999883669823897e-01   9.9989933206795378e-01   9.9979750695982639e-01   9.9969271815709260e-01   9.9958385848809228e-01   9.9946902251721925e-01   9.9934499259514997e-01   9.9920627862979494e-01   9.9904380843133944e-01   9.9884232024121611e-01   9.9857654575677346e-01   9.9820481300830854e-01   9.9765841567860047e-01   9.9682445886006377e-01   9.9551852444851641e-01   9.9344027643065036e-01   9.9010285193376613e-01   9.8472216312923377e-01   9.7604741403302597e-01   9.6211046705070080e-01   9.3987954154727205e-01   9.0483939055419060e-01   8.5062673739451133e-01   7.6907554632031738e-01   6.5136151838163414e-01   4.9107329104436104e-01   2.8916035278168373e-01   5.8196391312567486e-02  -1.7871704501809416e-01  -3.9616491888682775e-01  -5.7636928251596831e-01  -7.1351860314006932e-01  -8.1128816331356113e-01  -8.7776480351178576e-01  -9.2149777923032250e-01  -9.4961676355350988e-01  -9.6739781485085419e-01  -9.7848960021547482e-01  -9.8531583253199118e-01  -9.8944805803445801e-01  -9.9189038006743124e-01  -9.9327874903734203e-01  -9.9401357694004688e-01  -9.9434607838359979e-01  -9.9443356802807181e-01  -9.9437447193840145e-01  -9.9423015264563164e-01  -9.9403894531040560e-01  -9.9382468518745937e-01  -9.9360221619804789e-01  -9.9338067213029568e-01  -9.9316564940600216e-01  -9.9296034158055591e-01  -9.9276632454917535e-01  -9.9258366947590093e-01  -9.9241087161207098e-01  -9.9224398559138538e-01  -9.9207520008657568e-01  -9.9188975605044627e-01  -9.9166076040332396e-01  -9.9133951514537366e-01  -9.9083885533589600e-01  -9.9000345562889147e-01  -9.8855862313045617e-01  -9.8602156462103285e-01  -9.8155127178945212e-01  -9.7369888792920833e-01  -9.6000984731340833e-01  -9.3643136268055160e-01  -8.9654945234368566e-01  -8.3092057246875706e-01  -7.2733988716841425e-01  -5.7370834079961175e-01  -3.6503871051437697e-01  -1.1244483183394122e-01   1.5458265210042615e-01   3.9985469349676472e-01   5.9809905454598289e-01   7.4267289079590337e-01   8.4054265492835001e-01   9.0359022457064186e-01   9.4296299655961158e-01   9.6709605514459174e-01   9.8172445397557428e-01   9.9052880307560076e-01   9.9579766054738583e-01   9.9893000395539011e-01   1.0007736057345498e+00   1.0018402949313097e+00   1.0024386982202378e+00   1.0027550787908355e+00   1.0029019089871893e+00   1.0029472780757678e+00   1.0029323785377806e+00   1.0028822075176087e+00   1.0028118706317701e+00   1.0027305178729757e+00   1.0026436305090585e+00   1.0025544795716026e+00   1.0024649457550610e+00   1.0023760582576238e+00   1.0022882987546571e+00   1.0022018596833560e+00   1.0021168002901462e+00   1.0020331374900149e+00
   1.0021328986967077e+00   1.0020427967712899e+00   1.0019535420003967e+00   1.0018648479943393e+00   1.0017764557987239e+00   1.0016881946495144e+00   1.0015999311731996e+00   1.0015113928578070e+00   1.0014224473999018e+00   1.0013329272893599e+00   1.0012426702811994e+00   1.0011515316858137e+00   1.0010593952455187e+00   1.0009661189683872e+00   1.0008716220855420e+00   1.0007757819988925e+00   1.0006785411900048e+00   1.0005797985591858e+00   1.0004795123427284e+00   1.0003775918962288e+00   1.0002739914841601e+00   1.0001685959655364e+00   1.0000612955446442e+00   9.9995184909428037e-01   9.9983990846032000e-01   9.9972481752526732e-01   9.9960549760389550e-01   9.9948006142343471e-01   9.9934533977421269e-01   9.9919592481261787e-01   9.9902282784872054e-01   9.9881085960732574e-01   9.9853489592494427e-01   9.9815316904776608e-01   9.9759655335501018e-01   9.9675118787212125e-01   9.9543029235365921e-01   9.9332822685808875e-01   9.8994774689220910e-01   9.8448540210911517e-01   9.7565535173239315e-01   9.6142832193224126e-01   9.3867149942270678e-01   9.0271469777688462e-01   8.4698402681406537e-01   7.6308697891394106e-01   6.4208398173719050e-01   4.7779058501454291e-01   2.7193373986449321e-01   3.8281803012980953e-02  -1.9909797101070920e-01  -4.1473026732338014e-01  -5.9166416233906283e-01  -7.2516183008150070e-01  -8.1965899286468846e-01  -8.8355933225493988e-01  -9.2542306033159893e-01  -9.5225552763320453e-01  -9.6918114054987858e-01  -9.7971675467787844e-01  -9.8618640472991514e-01  -9.9009169809652997e-01  -9.9238965649921274e-01  -9.9368526229067267e-01  -9.9435895086181514e-01  -9.9464941581818089e-01  -9.9470618168303471e-01  -9.9462275846514436e-01  -9.9445751697205176e-01  -9.9424701289860473e-01  -9.9401399765634757e-01  -9.9377268884396630e-01  -9.9353187797746634e-01  -9.9329699250209691e-01  -9.9307119781807751e-01  -9.9285616080202599e-01  -9.9265221130683545e-01  -9.9245834270986677e-01  -9.9227153138943458e-01  -9.9208559065115631e-01  -9.9188862265654154e-01  -9.9165868345249386e-01  -9.9135560246290044e-01  -9.9090673207772717e-01  -9.9018127439122550e-01  -9.8894547729131255e-01  -9.8678402851472558e-01  -9.8296513938519448e-01  -9.7621231124243946e-01  -9.6433222190010892e-01  -9.4364175250529880e-01  -9.0818505271934491e-01  -8.4892932778487729e-01  -7.5366184022270089e-01  -6.0921519155210890e-01  -4.0799404304175213e-01  -1.5775924185512968e-01   1.1362505390301325e-01   3.6812235866839577e-01   5.7666723425637201e-01   7.2975984763980561e-01   8.3348426014813137e-01   9.0009838682423093e-01   9.4147303732870236e-01   9.6666338096882565e-01   9.8182073393112623e-01   9.9087370512284800e-01   9.9624849457652276e-01   9.9941709838273973e-01   1.0012645925749339e+00   1.0023213120352858e+00   1.0029046387694576e+00   1.0032047999334919e+00   1.0033358241786690e+00   1.0033663355524973e+00   1.0033375390864614e+00   1.0032743409610885e+00   1.0031916532491318e+00   1.0030984979641928e+00   1.0030001874334713e+00   1.0028998992553348e+00   1.0027994054632277e+00   1.0026997357254734e+00   1.0026013962586233e+00   1.0025046736360426e+00   1.0024096092804142e+00   1.0023161218252368e+00   1.0022239536312247e+00
   1.0023136859674882e+00   1.0022152883806335e+00   1.0021174600276452e+00   1.0020200757849311e+00   1.0019229565913452e+00   1.0018258843601868e+00   1.0017285818515484e+00   1.0016309654781645e+00   1.0015327988212532e+00   1.0014339316394478e+00   1.0013342010604602e+00   1.0012334782622969e+00   1.0011316003206499e+00   1.0010284811493788e+00   1.0009239696414018e+00   1.0008180045164683e+00   1.0007104550707742e+00   1.0006012744286337e+00   1.0004903433871308e+00   1.0003776107378071e+00   1.0002629355954398e+00   1.0001462056095505e+00   1.0000271606937288e+00   9.9990546054028384e-01   9.9978044578436798e-01   9.9965107122249308e-01   9.9951548354772113e-01   9.9937059412157370e-01   9.9921111699417764e-01   9.9902821706545741e-01   9.9880695093545357e-01   9.9852250799770359e-01   9.9813336573237044e-01   9.9757066815195783e-01   9.9672052339458306e-01   9.9539511097680167e-01   9.9328585912847933e-01   9.8988894926125481e-01   9.8438701601804202e-01   9.7546676613457062e-01   9.6104838693420136e-01   9.3791185829016566e-01   9.0124767285916951e-01   8.4428414144011654e-01   7.5840328532608980e-01   6.3452637438439830e-01   4.6663595716554823e-01   2.5714341992116896e-01   2.0914132739446867e-02  -2.1707130252371443e-01  -4.3124430895305071e-01  -6.0537519587737321e-01  -7.3568275268121230e-01  -8.2728848921970533e-01  -8.8889048815746374e-01  -9.2907078046365688e-01  -9.5473319868065376e-01  -9.7087291225557837e-01  -9.8089236330563312e-01  -9.8702786686595845e-01  -9.9071851810620470e-01  -9.9287863609743976e-01  -9.9408487731278450e-01  -9.9469943260903848e-01  -9.9494935310333510e-01  -9.9497668650058069e-01  -9.9487017925467458e-01  -9.9468536744206248e-01  -9.9445701102279094e-01  -9.9420677245985112e-01  -9.9394820942033490e-01  -9.9368976229368244e-01  -9.9343663759356426e-01  -9.9319196225121942e-01  -9.9295742829414246e-01  -9.9273358989193761e-01  -9.9251982571926622e-01  -9.9231392439205335e-01  -9.9211108598708608e-01  -9.9190197738211505e-01  -9.9166908460840109e-01  -9.9138008094157992e-01  -9.9097581118952571e-01  -9.9034876683748507e-01  -9.8930470352939082e-01  -9.8749485672863158e-01  -9.8429751331303272e-01  -9.7861468935679019e-01  -9.6853274507952603e-01  -9.5078325122680729e-01  -9.1996443646861514e-01  -8.6763369124703948e-01  -7.8184297369670397e-01  -6.4861634533568724e-01  -4.5765524819952319e-01  -2.1251222484041488e-01   6.1917232241987530e-02   3.2639924498384021e-01   5.4742131536311067e-01   7.1147683736615253e-01   8.2304496525837945e-01   8.9459140421692607e-01   9.3882040076828621e-01   9.6557274726083708e-01   9.8154951881239649e-01   9.9101580261772260e-01   9.9658921197533423e-01   9.9984619923296814e-01   1.0017270653167838e+00   1.0027907154282025e+00   1.0033688246489332e+00   1.0036586433120367e+00   1.0037774336101521e+00   1.0037953102446595e+00   1.0037540231255675e+00   1.0036787088509105e+00   1.0035842646784829e+00   1.0034797182071695e+00   1.0033703079189293e+00   1.0032592251210486e+00   1.0031482071760927e+00   1.0030383100523499e+00   1.0029299729293268e+00   1.0028234186230611e+00   1.0027185569436823e+00   1.0026153014924744e+00   1.0025134688865505e+00   1.0024129997401945e+00
   1.0024934705195006e+00   1.0023867895643435e+00   1.0022807371855165e+00   1.0021750011217230e+00   1.0020693340739246e+00   1.0019635422480904e+00   1.0018575099258729e+00   1.0017509457842539e+00   1.0016437271399234e+00   1.0015356717844059e+00   1.0014266239575911e+00   1.0013164229631095e+00   1.0012049559618863e+00   1.0010920641326015e+00   1.0009776644791186e+00   1.0008616152043579e+00   1.0007438470370771e+00   1.0006242306294524e+00   1.0005026917048703e+00   1.0003790825499776e+00   1.0002532705278742e+00   1.0001249968549561e+00   9.9999391214975997e-01   9.9985937786450496e-01   9.9972037020822258e-01   9.9957510259749549e-01   9.9942057653398708e-01   9.9925168105340056e-01   9.9905980141123762e-01   9.9883039256142314e-01   9.9853911874801082e-01   9.9814513146520312e-01   9.9758045572426490e-01   9.9673207074215453e-01   9.9541270885836242e-01   9.9331361532610130e-01   9.8992836960301167e-01   9.8443165329260629e-01   9.7549182547389823e-01   9.6099186585161600e-01   9.3764213240057104e-01   9.0051416865190759e-01   8.4265633758618086e-01   7.5522886268306788e-01   6.2898454077338273e-01   4.5799358356421732e-01   2.4522785331584551e-01   6.5278773595460748e-03  -2.3226116264473606e-01  -4.4541532913156595e-01  -6.1729041124466844e-01  -7.4493093159372958e-01  -8.3406958994687330e-01  -8.9368133726122867e-01  -9.3238545150272811e-01  -9.5701002086645715e-01  -9.7244507601039987e-01  -9.8199687726899065e-01  -9.8782650068226341e-01  -9.9131857111824129e-01  -9.9334992523747956e-01  -9.9447215427149416e-01  -9.9503104098150175e-01  -9.9524278379941422e-01  -9.9524246563213403e-01  -9.9511446355254574e-01  -9.9491167532475233e-01  -9.9466704292425145e-01  -9.9440120298034018e-01  -9.9412703922888801e-01  -9.9385264696182885e-01  -9.9358296796477708e-01  -9.9332109428166482e-01  -9.9306867737430282e-01  -9.9282647183010453e-01  -9.9259412563990113e-01  -9.9237013314693745e-01  -9.9215082509172858e-01  -9.9192910508672283e-01  -9.9169127964824200e-01  -9.9141200434175147e-01  -9.9104421510285734e-01  -9.9050173540402953e-01  -9.8962702121043455e-01  -9.8813441661978940e-01  -9.8550866052174468e-01  -9.8082876714350897e-01  -9.7246668761991528e-01  -9.5759507238032249e-01  -9.3143933137625590e-01  -8.8631254613321564e-01  -8.1083753017483096e-01  -6.9063853918463081e-01  -5.1290385196796417e-01  -2.7633006690600320e-01  -1.2403664805618608e-03   2.7322239538721504e-01   5.0877715326958906e-01   6.8655622191215793e-01   8.0837384998704787e-01   8.8655455579636766e-01   9.3471204995532542e-01   9.6366265136714202e-01   9.8082291845053715e-01   9.9090723891570875e-01   9.9679374414740396e-01   1.0002032302865913e+00   1.0021535633697254e+00   1.0032445258980587e+00   1.0038289670001237e+00   1.0041150118868298e+00   1.0042253822238318e+00   1.0042329110650086e+00   1.0041806114549694e+00   1.0040942162250830e+00   1.0039888365037588e+00   1.0038735984173668e+00   1.0037537280066069e+00   1.0036324086883261e+00   1.0035113155362678e+00   1.0033914654927085e+00   1.0032732444988910e+00   1.0031568917417824e+00   1.0030423733990703e+00   1.0029297006638904e+00   1.0028186998744808e+00   1.0027092084024145e+00   1.0026008735003344e+00
   1.0026722235009795e+00   1.0025577497253200e+00   1.0024436061596995e+00   1.0023296203788554e+00   1.0022156553741890e+00   1.0021014509396851e+00   1.0019867669594520e+00   1.0018714747600110e+00   1.0017553804436463e+00   1.0016382829795829e+00   1.0015200608530201e+00   1.0014005327952933e+00   1.0012795746278522e+00   1.0011570435440424e+00   1.0010328239992308e+00   1.0009067895065469e+00   1.0007788358903202e+00   1.0006488320780949e+00   1.0005166580632612e+00   1.0003821280984866e+00   1.0002450191975549e+00   1.0001049417823975e+00   9.9996131473140326e-01   9.9981310933330747e-01   9.9965865029822187e-01   9.9949502021464631e-01   9.9931734895714519e-01   9.9911729028014773e-01   9.9888083720051413e-01   9.9858430198885184e-01   9.9818793157236918e-01   9.9762515829174858e-01   9.9678483277105578e-01   9.9548197168826946e-01   9.9341034676814233e-01   9.9006504573331533e-01   9.8461961173740664e-01   9.7573459135928631e-01   9.6127098741795391e-01   9.3789002412879796e-01   9.0056930633278476e-01   8.4220097942940186e-01   7.5373125071712277e-01   6.2571119886119320e-01   4.5220066835387196e-01   2.3657666769837093e-01  -4.4919144085138196e-03  -2.4434018152617976e-01  -4.5699689827533946e-01  -6.2723778536423458e-01  -7.5278948266948131e-01  -8.3992236108679985e-01  -8.9787623082448020e-01  -9.3532772612101234e-01  -9.5905784246968606e-01  -9.7387717683379815e-01  -9.8301512475843722e-01  -9.8857089648360363e-01  -9.9188340539766573e-01  -9.9379748809474866e-01  -9.9484280326817165e-01  -9.9535045167441016e-01  -9.9552689162463937e-01  -9.9550110814261816e-01  -9.9535354117264141e-01  -9.9513453293187903e-01  -9.9487528476035370e-01  -9.9459552363142290e-01  -9.9430745974891033e-01  -9.9401883646457478e-01  -9.9373433000171330e-01  -9.9345697935998101e-01  -9.9318836508103359e-01  -9.9292939591740259e-01  -9.9267991094126806e-01  -9.9243897734927145e-01  -9.9220383756330521e-01  -9.9196925914957057e-01  -9.9172476173773760e-01  -9.9145098141808419e-01  -9.9111135341756063e-01  -9.9063852567752475e-01  -9.8990786187856539e-01  -9.8869129085347307e-01  -9.8657256456034126e-01  -9.8279900141439380e-01  -9.7602153320850205e-01  -9.6385932855308032e-01  -9.4220728713716773e-01  -9.0426542396796428e-01  -8.3952944130749740e-01  -7.3374272254127892e-01  -5.7209184982735872e-01  -3.4817510524000095e-01  -7.6091208670421961e-02   2.0714939982077868e-01   4.5884868787634892e-01   6.5335434175601681e-01   7.8831830958400206e-01   8.7527510101302863e-01   9.2873795488997213e-01   9.6070634874203775e-01   9.7951821664879435e-01   9.9048239932209015e-01   9.9682716138780025e-01   1.0004692032316822e+00   1.0025331340194708e+00   1.0036757782179029e+00   1.0042802660716961e+00   1.0045704253426539e+00   1.0046771345359109e+00   1.0046772502089492e+00   1.0046158633032143e+00   1.0045196420231610e+00   1.0044042135720097e+00   1.0042788758917300e+00   1.0041489902864746e+00   1.0040177398549746e+00   1.0038868635714551e+00   1.0037573654945555e+00   1.0036297049640279e+00   1.0035041034745920e+00   1.0033805489165493e+00   1.0032589333676778e+00   1.0031390228333625e+00   1.0030205837899673e+00   1.0029034027301038e+00   1.0027873450574554e+00
   1.0028502757076065e+00   1.0027280431154559e+00   1.0026060943505299e+00   1.0024842416764210e+00   1.0023621111557777e+00   1.0022396257949744e+00   1.0021165526095823e+00   1.0019927138446156e+00   1.0018678655381630e+00   1.0017419372780427e+00   1.0016146530652557e+00   1.0014859569211270e+00   1.0013556162099002e+00   1.0012235695563629e+00   1.0010896097813831e+00   1.0009536806537596e+00   1.0008155742956018e+00   1.0006752184041612e+00   1.0005323566106141e+00   1.0003868198017094e+00   1.0002381637393301e+00   1.0000858825815049e+00   9.9992893378404402e-01   9.9976577639987629e-01   9.9959358027240253e-01   9.9940775906053336e-01   9.9920029076597672e-01   9.9895781231162328e-01   9.9865747846428976e-01   9.9826097401521685e-01   9.9770366836626889e-01   9.9687730312659395e-01   9.9560084710026875e-01   9.9357321204437776e-01   9.9029545279926201e-01   9.8494729111428048e-01   9.7619261091823151e-01   9.6188696162577325e-01   9.3866598447269922e-01   9.0144333753655181e-01   8.4298493821029619e-01   7.5403561409820741e-01   6.2490941688705504e-01   4.4954134769035159e-01   2.3152785848207263e-01  -1.1806906845426957e-02  -2.5302146244444856e-01  -4.6577689366059716e-01  -6.3507379121527396e-01  -7.5916453220484037e-01  -8.4478464619816052e-01  -9.0143251481527376e-01  -9.3786716224076805e-01  -9.6085436849908479e-01  -9.7515274255739604e-01  -9.8393513622469786e-01  -9.8925260069084886e-01  -9.9240716516666516e-01  -9.9421702959959102e-01  -9.9519331198704886e-01  -9.9565460214362489e-01  -9.9579915209564240e-01  -9.9575055007834812e-01  -9.9558557664174530e-01  -9.9535213632505071e-01  -9.9508000746382907e-01  -9.9478803598143717e-01  -9.9448779508199281e-01  -9.9418663906626614e-01  -9.9388906015532674e-01  -9.9359795252311511e-01  -9.9331488158360082e-01  -9.9304079354338404e-01  -9.9277573085473414e-01  -9.9251912984270840e-01  -9.9226902766351399e-01  -9.9202160812238949e-01  -9.9176909853880613e-01  -9.9149699472528319e-01  -9.9117764831756916e-01  -9.9075964819450357e-01  -9.9014694873012887e-01  -9.8916201062610032e-01  -9.8747736270044095e-01  -9.8449394926454115e-01  -9.7912399887711488e-01  -9.6941791058803695e-01  -9.5194765976439910e-01  -9.2088068135647316e-01  -8.6684175184489620e-01  -7.7625242083492207e-01  -6.3309788940887568e-01  -4.2620901473726114e-01  -1.6212096072927146e-01   1.2700929004649558e-01   3.9550973160576419e-01   6.0977987742614237e-01   7.6132159546106581e-01   8.5976070773547830e-01   9.2031891192727366e-01   9.5638210368814236e-01   9.7746150293007728e-01   9.8964835297239340e-01   9.9663965080358108e-01   1.0006170586023231e+00   1.0028510093619760e+00   1.0040765528227558e+00   1.0047186324235562e+00   1.0050227617970748e+00   1.0051314267259994e+00   1.0051272974474954e+00   1.0050587333501420e+00   1.0049538625663212e+00   1.0048292603442772e+00   1.0046944936257756e+00   1.0045552356048244e+00   1.0044146378898340e+00   1.0042745844532075e+00   1.0041359711713254e+00   1.0039993401820260e+00   1.0038647725573653e+00   1.0037323271277216e+00   1.0036018088313092e+00   1.0034731512371968e+00   1.0033461231329688e+00   1.0032206284876002e+00   1.0030963382425475e+00   1.0029730104201380e+00
   1.0030276588908591e+00   1.0028980503888856e+00   1.0027685308562380e+00   1.0026388037003799e+00   1.0025088501848192e+00   1.0023782984797862e+00   1.0022470101458132e+00   1.0021147503074959e+00   1.0019814223233490e+00   1.0018467213239504e+00   1.0017106123255199e+00   1.0015728161344244e+00   1.0014332822581524e+00   1.0012917712178100e+00   1.0011482250487491e+00   1.0010024119996888e+00   1.0008542545278702e+00   1.0007034809553534e+00   1.0005499211340085e+00   1.0003931339937715e+00   1.0002326333178717e+00   1.0000674250864345e+00   9.9989605060704834e-01   9.9971584137752179e-01   9.9952246012794521e-01   9.9930832316427720e-01   9.9906073424349706e-01   9.9875793262283841e-01   9.9836326015669341e-01   9.9781460877043382e-01   9.9700748953663210e-01   9.9576641603924165e-01   9.9379798703822519e-01   9.9061383849540152e-01   9.8540705519913363e-01   9.7685636389802755e-01   9.6282965810940602e-01   9.3996323553282601e-01   9.0314072721970273e-01   8.4503761431164026e-01   7.5621626086492355e-01   6.2672029240950322e-01   4.5023381333184981e-01   2.3035904987279887e-01  -1.5126845264558986e-02  -2.5805299413792765e-01  -4.7156811693720513e-01  -6.4067363950308809e-01  -7.6397724977834036e-01  -8.4860683853889862e-01  -9.0431816439979007e-01  -9.3998235637103511e-01  -9.6238495015563208e-01  -9.7626153798468751e-01  -9.8474956864961716e-01  -9.8986598159980466e-01  -9.9288518611818111e-01  -9.9460451140969408e-01  -9.9552037284843320e-01  -9.9594099359365063e-01  -9.9605768966983654e-01  -9.9598907974455175e-01  -9.9580883857145897e-01  -9.9556278880535354e-01  -9.9527961773968576e-01  -9.9497713192836790e-01  -9.9466641600129302e-01  -9.9435439742508080e-01  -9.9404550032840777e-01  -9.9374233151568703e-01  -9.9344656672278087e-01  -9.9315902278594681e-01  -9.9288002532403397e-01  -9.9260913716876542e-01  -9.9234515319296790e-01  -9.9208520200277839e-01  -9.9182381349037252e-01  -9.9155020923781367e-01  -9.9124416425791195e-01  -9.9086721848627113e-01  -9.9034742218314520e-01  -9.8954991728476493e-01  -9.8822404477124548e-01  -9.8590553122993907e-01  -9.8174158975650205e-01  -9.7418071680409279e-01  -9.6044561691013575e-01  -9.3569237566424113e-01  -8.9184953226041452e-01  -8.1652957728178166e-01  -6.9349422985542142e-01  -5.0776840005034629e-01  -2.5773774662069177e-01   3.2302488388994965e-02   3.1658647453117594e-01   5.5326057868093104e-01   7.2530153607316961e-01   8.3862720461134277e-01   9.0863026199802355e-01   9.5022783991704107e-01   9.7440214925686375e-01   9.8827131626372666e-01   9.9616024611880261e-01   1.0006094145011013e+00   1.0030874188242618e+00   1.0044360281754841e+00   1.0051374565495199e+00   1.0054674458244390e+00   1.0055847486795437e+00   1.0055803501833505e+00   1.0055071272565175e+00   1.0053953101716395e+00   1.0052627275766985e+00   1.0051194056506776e+00   1.0049714148816471e+00   1.0048219566055625e+00   1.0046730822659888e+00   1.0045256427434821e+00   1.0043802941480526e+00   1.0042370758484125e+00   1.0040961631994707e+00   1.0039573216507693e+00   1.0038205406252294e+00   1.0036854509673492e+00   1.0035519154445476e+00   1.0034195136081803e+00   1.0032881544843875e+00   1.0031575542337390e+00
   1.0032046365077187e+00   1.0030677470148801e+00   1.0029308590611454e+00   1.0027937120635586e+00   1.0026560053138258e+00   1.0025175770685864e+00   1.0023782789035145e+00   1.0022378414609432e+00   1.0020961033202531e+00   1.0019528971912386e+00   1.0018080326927770e+00   1.0016613451244702e+00   1.0015126887222026e+00   1.0013618784855916e+00   1.0012087858517245e+00   1.0010532030137882e+00   1.0008949680905641e+00   1.0007337873401583e+00   1.0005693453787774e+00   1.0004010564147916e+00   1.0002280963508634e+00   1.0000489758864097e+00   9.9986131425676184e-01   9.9966092806267148e-01   9.9944082423772052e-01   9.9918893243896778e-01   9.9888483060853450e-01   9.9849364823503495e-01   9.9795637699828765e-01   9.9717300761849725e-01   9.9597509998393197e-01   9.9407935527865487e-01   9.9101237154201693e-01   9.8598748467451058e-01   9.7770999634974753e-01   9.6407858595825768e-01   9.4175777103657587e-01   9.0563813669637616e-01   8.4834671790760652e-01   7.6029095116622858e-01   6.3121690162811417e-01   4.5442592021868666e-01   2.3328743037589916e-01  -1.4203500782483558e-02  -2.5920667474128622e-01  -4.7419552362828132e-01  -6.4391958039235064e-01  -7.6715433336593752e-01  -8.5134446231677408e-01  -9.0650566118843934e-01  -9.4165541420234944e-01  -9.6363714240214915e-01  -9.7719435745004801e-01  -9.8545129362010830e-01  -9.9040551929553811e-01  -9.9331335484578709e-01  -9.9495711865707026e-01  -9.9582208414108286e-01  -9.9620811240126406e-01  -9.9630088031546160e-01  -9.9621496214750349e-01  -9.9602168123283397e-01  -9.9576505169805507e-01  -9.9547265990502742e-01  -9.9516128888488187e-01  -9.9484173671485809e-01  -9.9452053252313144e-01  -9.9420199757972827e-01  -9.9388845973361206e-01  -9.9358171553076291e-01  -9.9328241545618012e-01  -9.9299112732511108e-01  -9.9270745891723267e-01  -9.9243080315683896e-01  -9.9215896543625370e-01  -9.9188827090741294e-01  -9.9161080520063560e-01  -9.9131221095014910e-01  -9.9096433075852208e-01  -9.9051470933465569e-01  -9.8986345266977804e-01  -9.8882384161601233e-01  -9.8704565968655666e-01  -9.8387898465292623e-01  -9.7812452054318066e-01  -9.6760043015755648e-01  -9.4841500197328354e-01  -9.1387307295032461e-01  -8.5316568832848594e-01  -7.5081815734796764e-01  -5.8952679157346366e-01  -3.6004690894962721e-01  -7.6265252510824166e-02   2.2026017797938996e-01   4.8081429779141172e-01   6.7752904196198793e-01   8.0994922826153681e-01   8.9249069379756907e-01   9.4157255107949789e-01   9.6997442287169999e-01   9.8615643469745673e-01   9.9528617121072349e-01   1.0003921840376429e+00   1.0032133370408156e+00   1.0047383174892330e+00   1.0055278871412321e+00   1.0058998054052344e+00   1.0060347137827250e+00   1.0060352636478722e+00   1.0059602546792927e+00   1.0058432507438853e+00   1.0057036727793072e+00   1.0055525750575900e+00   1.0053963836776036e+00   1.0052386594508176e+00   1.0050814571347177e+00   1.0049258040957676e+00   1.0047722657896212e+00   1.0046209979955363e+00   1.0044720423127644e+00   1.0043252417835906e+00   1.0041804451034830e+00   1.0040374045716225e+00   1.0038959449671103e+00   1.0037558562632594e+00   1.0036169703780879e+00   1.0034790117640511e+00   1.0033416703373990e+00
   1.0033812299142706e+00   1.0032375267324769e+00   1.0030934258770272e+00   1.0029489292230618e+00   1.0028037223106767e+00   1.0026577261511298e+00   1.0025105054510153e+00   1.0023621071588316e+00   1.0022121482542077e+00   1.0020605921686494e+00   1.0019071197521434e+00   1.0017517100745961e+00   1.0015940251076452e+00   1.0014340654951039e+00   1.0012714709541117e+00   1.0011062095782473e+00   1.0009378486514229e+00   1.0007662107123898e+00   1.0005906030364147e+00   1.0004103762650098e+00   1.0002240130164666e+00   1.0000294216013914e+00   9.9982259320728906e-01   9.9959713920496085e-01   9.9934168448836325e-01   9.9903723180497850e-01   9.9865091709342446e-01   9.9812719008505824e-01   9.9737123181235510e-01   9.9622285465510618e-01   9.9441116058149359e-01   9.9148151357330183e-01   9.8667418987016853e-01   9.7873233760833189e-01   9.6560368530148899e-01   9.4400882119723750e-01   9.0888510055321037e-01   8.5285889398654402e-01   7.6621994013998773e-01   6.3839981162792236e-01   4.6218742959856385e-01   2.4046196597744329e-01  -8.8343031459767740e-03  -2.5627646004746441e-01  -4.7349062845895334e-01  -6.4469424966361477e-01  -7.6862200567312144e-01  -8.5295363410359804e-01  -9.0796915060750760e-01  -9.4287092567950537e-01  -9.6460143378487984e-01  -9.7794528958135152e-01  -9.8603654980334554e-01  -9.9086886793072348e-01  -9.9368995974002738e-01  -9.9527333415135766e-01  -9.9609666008793529e-01  -9.9645403603313931e-01  -9.9652685602046320e-01  -9.9642677828495563e-01  -9.9622290785083345e-01  -9.9595773593039039e-01  -9.9565768651931164e-01  -9.9533906713565334e-01  -9.9501226069888049e-01  -9.9468355716037649e-01  -9.9435691665532788e-01  -9.9403472785691460e-01  -9.9371860585030980e-01  -9.9340930006769779e-01  -9.9310729380360518e-01  -9.9281248629032426e-01  -9.9252441577330996e-01  -9.9224167939973396e-01  -9.9196162178782687e-01  -9.9167881495044274e-01  -9.9138302616183704e-01  -9.9105442153152423e-01  -9.9065539633265798e-01  -9.9011417333579366e-01  -9.8929496013830609e-01  -9.8794107624186722e-01  -9.8557056992018555e-01  -9.8128362105974609e-01  -9.7341794087128275e-01  -9.5895023142323976e-01  -9.3253121034950948e-01  -8.8514355753825458e-01  -8.0289754377579325e-01  -6.6787314158278632e-01  -4.6488001191115313e-01  -1.9622923779438683e-01   1.0574400083272784e-01   3.8933708657915367e-01   6.1455855382891977e-01   7.7107603033588312e-01   8.7020345006905697e-01   9.2943259273840306e-01   9.6363794439912998e-01   9.8301518914826946e-01   9.9386543616502721e-01   9.9988553838124150e-01   1.0031868159795803e+00   1.0049614596104557e+00   1.0058783534306763e+00   1.0063133301534886e+00   1.0064770173911164e+00   1.0064886760215521e+00   1.0064153006815411e+00   1.0062953710183196e+00   1.0061502751623190e+00   1.0059926045291496e+00   1.0058290478430703e+00   1.0056638021637645e+00   1.0054987722059707e+00   1.0053353783144781e+00   1.0051739413840142e+00   1.0050149316036461e+00   1.0048581451051803e+00   1.0047037249928508e+00   1.0045513089996774e+00   1.0044009306259636e+00   1.0042521685422050e+00   1.0041049716275863e+00   1.0039588434362721e+00   1.0038136866302700e+00   1.0036690743793037e+00   1.0035250445037880e+00
   1.0035578727026710e+00   1.0034072372395983e+00   1.0032563160148582e+00   1.0031047349856304e+00   1.0029522941315852e+00   1.0027987286904878e+00   1.0026439795249318e+00   1.0024876888407874e+00   1.0023297597353424e+00   1.0021699515470881e+00   1.0020081185113496e+00   1.0018440279021943e+00   1.0016775538302933e+00   1.0015084384223074e+00   1.0013365276072301e+00   1.0011615022819000e+00   1.0009830705407792e+00   1.0008006855073759e+00   1.0006136187612917e+00   1.0004205791649050e+00   1.0002195105888378e+00   1.0000068400485300e+00   9.9977654047787867e-01   9.9951822281630309e-01   9.9921412633955353e-01   9.9883379617805135e-01   9.9832516946930971e-01   9.9759941575464661e-01   9.9650537233292025e-01   9.9478669786940888e-01   9.9201061428463855e-01   9.8745065194242043e-01   9.7989794553450449e-01   9.6736678897570216e-01   9.4666128088994417e-01   9.1280697716772030e-01   8.5848167953824173e-01   7.7390504112482361e-01   6.4819274475464539e-01   4.7350381022415466e-01   2.5195932418026135e-01   1.1395110702632216e-03  -2.4906982964574165e-01  -4.6927944704859204e-01  -6.4286865380472968e-01  -7.6829630695995155e-01  -8.5338390012448095e-01  -9.0867941401085517e-01  -9.4361204643942131e-01  -9.6526776316572016e-01  -9.7850790425531908e-01  -9.8650074030553592e-01  -9.9125238381531411e-01  -9.9401189360960318e-01  -9.9555057402995795e-01  -9.9634213917812142e-01  -9.9667750708812464e-01  -9.9673483385971340e-01  -9.9662378367718607e-01  -9.9641143534806553e-01  -9.9613946801345055e-01  -9.9583332248818368e-01  -9.9550919061895160e-01  -9.9517665424735668e-01  -9.9484199471947443e-01  -9.9450871651978190e-01  -9.9417953789621505e-01  -9.9385558341530955e-01  -9.9353796069130618e-01  -9.9322680351294024e-01  -9.9292249796442289e-01  -9.9262437635248191e-01  -9.9233190990332587e-01  -9.9204285772693002e-01  -9.9175393455393268e-01  -9.9145762105374513e-01  -9.9114065727233158e-01  -9.9077632193430021e-01  -9.9031476269249807e-01  -9.8965933165255504e-01  -9.8862741435700729e-01  -9.8687098826646225e-01  -9.8373489966846095e-01  -9.7799051181733709e-01  -9.6736665677816036e-01  -9.4774500152539209e-01  -9.1192878382893960e-01  -8.4814556100092819e-01  -7.3944808069736445e-01  -5.6721326277762218e-01  -3.2304247390453700e-01  -2.5802205032437631e-02   2.7626057948207045e-01   5.3232504575683115e-01   7.1844084728345103e-01   8.3933849504430269e-01   9.1235579698249203e-01   9.5458429850371396e-01   9.7841365503639754e-01   9.9166976417524744e-01   9.9897016923259052e-01   1.0029459733145860e+00   1.0050728686706853e+00   1.0061713962763665e+00   1.0066980507739329e+00   1.0069061444956509e+00   1.0069375366938120e+00   1.0068709254613277e+00   1.0067509313699678e+00   1.0066021055951011e+00   1.0064387956532175e+00   1.0062686069071163e+00   1.0060962733397223e+00   1.0059239541541956e+00   1.0057532252986070e+00   1.0055844698291168e+00   1.0054181994008502e+00   1.0052542264966202e+00   1.0050926854571185e+00   1.0049332051738509e+00   1.0047757645105724e+00   1.0046199350497695e+00   1.0044656440592687e+00   1.0043125019194916e+00   1.0041604752496618e+00   1.0040092213591203e+00   1.0038586298992591e+00   1.0037082372473058e+00
   1.0037344587299968e+00   1.0035773956477019e+00   1.0034197901749451e+00   1.0032612109270311e+00   1.0031017708290149e+00   1.0029409648464513e+00   1.0027787704900060e+00   1.0026148087748146e+00   1.0024491081149245e+00   1.0022812009054745e+00   1.0021111688939417e+00   1.0019385543908055e+00   1.0017633992193433e+00   1.0015852421844462e+00   1.0014040535591497e+00   1.0012192601788266e+00   1.0010306188477758e+00   1.0008371700912924e+00   1.0006379901220617e+00   1.0004309207711539e+00   1.0002129516242451e+00   9.9997829917898817e-01   9.9971768668179362e-01   9.9941452051396884e-01   9.9904094092858442e-01   9.9854847334583541e-01   9.9785474627185577e-01   9.9681833307150591e-01   9.9519900036120146e-01   9.9258855703565041e-01   9.8829900437877094e-01   9.8117852934420113e-01   9.6932384585327880e-01   9.4964896585382985e-01   9.1730845116757986e-01   8.6508709814867202e-01   7.8319265128919735e-01   6.6044403190241641e-01   4.8827415635500560e-01   2.6777888490250557e-01   1.5827953206573431e-02  -2.3740951331422688e-01  -4.6138135050222995e-01  -6.3829965276581235e-01  -7.6608074449739227e-01  -8.5257625006734394e-01  -9.0860251960020910e-01  -9.4385963219506386e-01  -9.6562552259584489e-01  -9.7887615117214821e-01  -9.8684058457160062e-01  -9.9155423962284561e-01  -9.9427841936036554e-01  -9.9578849638082634e-01  -9.9655840673116414e-01  -9.9687798350288392e-01  -9.9692388740185744e-01  -9.9680450483891103e-01  -9.9658589996244706e-01  -9.9630901852967058e-01  -9.9599867787381025e-01  -9.9567048950223835e-01  -9.9533366010322044e-01  -9.9499433934617720e-01  -9.9465603779706191e-01  -9.9432127860960140e-01  -9.9399111410947227e-01  -9.9366662459069222e-01  -9.9334802357097451e-01  -9.9303565223304890e-01  -9.9272908534230830e-01  -9.9242799374236390e-01  -9.9213085154908898e-01  -9.9183543969040011e-01  -9.9153666870029400e-01  -9.9122553353886567e-01  -9.9088384797005480e-01  -9.9047744359769896e-01  -9.8993969690065164e-01  -9.8914366001639109e-01  -9.8784536372144582e-01  -9.8558083058367574e-01  -9.8146968254726286e-01  -9.7386005446572166e-01  -9.5969532656805123e-01  -9.3347131409147655e-01  -8.8573814790052507e-01  -8.0168673354006670e-01  -6.6196869581372797e-01  -4.5031029913436138e-01  -1.7038009440821228e-01   1.4069480121901440e-01   4.2661354646048466e-01   6.4745373394348982e-01   7.9645836364766576e-01   8.8819261411177941e-01   9.4159075046640728e-01   9.7169002305234264e-01   9.8835030304199989e-01   9.9746434732896971e-01   1.0023966373651250e+00   1.0050233498250849e+00   1.0063813377324724e+00   1.0070404755927826e+00   1.0073150671979820e+00   1.0073776293527172e+00   1.0073241058026430e+00   1.0072071780366820e+00   1.0070567633343639e+00   1.0068890260156025e+00   1.0067134421214374e+00   1.0065347713242701e+00   1.0063560506462426e+00   1.0061784697442886e+00   1.0060030273935487e+00   1.0058297781893162e+00   1.0056590565943520e+00   1.0054905414573845e+00   1.0053243488668961e+00   1.0051600401104703e+00   1.0049976717288227e+00   1.0048367778260188e+00   1.0046773845256545e+00   1.0045189763796818e+00   1.0043615054930639e+00   1.0042044226094911e+00   1.0040477419883991e+00   1.0038910623450863e+00
   1.0039113362751992e+00   1.0037479765468005e+00   1.0035838164720978e+00   1.0034187653520743e+00   1.0032523477220665e+00   1.0030845462634099e+00   1.0029150594415515e+00   1.0027437469429725e+00   1.0025702853731411e+00   1.0023946227039995e+00   1.0022164030554288e+00   1.0020355398280625e+00   1.0018516982909587e+00   1.0016646995666179e+00   1.0014741324978977e+00   1.0012796090473977e+00   1.0010803873446492e+00   1.0008754533359610e+00   1.0006629988203737e+00   1.0004401083093026e+00   1.0002016982119826e+00   9.9993913103799703e-01   9.9963745620810829e-01   9.9927096643606661e-01   9.9879535159357435e-01   9.9813444868494239e-01   9.9715757758574652e-01   9.9564117847299993e-01   9.9320428107634351e-01   9.8920094677177417e-01   9.8254450895651102e-01   9.7142740620622914e-01   9.5289805603079503e-01   9.2227842683310435e-01   8.7251816585967190e-01   7.9388062588881247e-01   6.7493023597707547e-01   5.0630836107256316e-01   2.8783412780930806e-01   3.5284138845695368e-02  -2.2113526694572039e-01  -4.4960336557662206e-01  -6.3082043882944250e-01  -7.6185629204469407e-01  -8.5045494436139546e-01  -9.0769367431782177e-01  -9.4358812307353690e-01  -9.6566048763904999e-01  -9.7904195416265694e-01  -9.8705138497963796e-01  -9.9177128640422874e-01  -9.9448716943882187e-01  -9.9598490799505945e-01  -9.9674345764357841e-01  -9.9705361768513201e-01  -9.9709267060633522e-01  -9.9696807775027096e-01  -9.9674585586777975e-01  -9.9646581411183321e-01  -9.9615282690201157e-01  -9.9582165209183970e-01  -9.9548198966489765e-01  -9.9513933139814370e-01  -9.9479757751196196e-01  -9.9445845051470882e-01  -9.9412365005515568e-01  -9.9379364988888819e-01  -9.9346926757221588e-01  -9.9315019046108655e-01  -9.9283681174641902e-01  -9.9252826298070529e-01  -9.9222418576240201e-01  -9.9192239834342455e-01  -9.9162022438101716e-01  -9.9131091048007558e-01  -9.9098312084863893e-01  -9.9061315772125624e-01  -9.9015708079960829e-01  -9.8952799311385653e-01  -9.8856040734002548e-01  -9.8693385418009916e-01  -9.8403710420098689e-01  -9.7870517404715240e-01  -9.6874921058993368e-01  -9.5012617686273726e-01  -9.1562710883749332e-01  -8.5318611579868253e-01  -7.4497486289360992e-01  -5.7077836649501812e-01  -3.2082491929922624e-01  -1.5060929794558753e-02   2.9417843561752266e-01   5.5268605795889214e-01   7.3683887464686526e-01   8.5377624199989721e-01   9.2279417008619169e-01   9.6182149082550239e-01   9.8336454724974520e-01   9.9508599972843581e-01   1.0013926762645111e+00   1.0047378733648096e+00   1.0064691674664550e+00   1.0073204394024549e+00   1.0076924205134441e+00   1.0078025709549943e+00   1.0077708764735549e+00   1.0076622516529146e+00   1.0075132293866391e+00   1.0073430459052286e+00   1.0071630728559080e+00   1.0069788471225340e+00   1.0067940922554774e+00   1.0066101642082006e+00   1.0064283420906186e+00   1.0062486608828705e+00   1.0060715861226814e+00   1.0058967435847910e+00   1.0057243206655471e+00   1.0055538224460945e+00   1.0053853224020497e+00   1.0052182872433659e+00   1.0050527281698280e+00   1.0048881256930775e+00   1.0047245022534286e+00   1.0045614265107181e+00   1.0043989387310595e+00   1.0042365710165415e+00   1.0040742047339284e+00
   1.0040885683472767e+00   1.0039193303341127e+00   1.0037488477381129e+00   1.0035773263090537e+00   1.0034042382155390e+00   1.0032297134037731e+00   1.0030530807368103e+00   1.0028745878894769e+00   1.0026936177535417e+00   1.0025103143881753e+00   1.0023241017729621e+00   1.0021351121688966e+00   1.0019426915528256e+00   1.0017469045489560e+00   1.0015469155482175e+00   1.0013424851840687e+00   1.0011322306862120e+00   1.0009149453717210e+00   1.0006875515976514e+00   1.0004458803267124e+00   1.0001816944361326e+00   9.9988186579039551e-01   9.9952263155547794e-01   9.9906403028700119e-01   9.9843602784717900e-01   9.9751910001040955e-01   9.9610685797888820e-01   9.9384710331771275e-01   9.9013879238474367e-01   9.8396637088936945e-01   9.7362921228831723e-01   9.5633081418512123e-01   9.2759624914862682e-01   8.8059685335847526e-01   8.0572712411934710e-01   6.9136233476370290e-01   5.2732818904963286e-01   3.1194693908016169e-01   5.9496304335894423e-02  -2.0010941630527362e-01  -4.3374103056118735e-01  -6.2023973417659417e-01  -7.5548061830688518e-01  -8.4692803902931069e-01  -9.0589802053920976e-01  -9.4276669597020535e-01  -9.6535554226877573e-01  -9.7899620114453079e-01  -9.8712803479038191e-01  -9.9190099388479069e-01  -9.9463672013111537e-01  -9.9613947317562523e-01  -9.9689723088356530e-01  -9.9720484844960611e-01  -9.9724126459071805e-01  -9.9711442190776667e-01  -9.9689033991841558e-01  -9.9660871488290670e-01  -9.9629428651764096e-01  -9.9596174908308532e-01  -9.9562057388804215e-01  -9.9527605645903972e-01  -9.9493184117193678e-01  -9.9458979078601928e-01  -9.9425155950058630e-01  -9.9391766098525591e-01  -9.9358869279541673e-01  -9.9326458698054476e-01  -9.9294560894589501e-01  -9.9263120522160986e-01  -9.9232107551552029e-01  -9.9201383329935755e-01  -9.9170761593137269e-01  -9.9139808643397842e-01  -9.9107771327024041e-01  -9.9073109669173598e-01  -9.9032922720759475e-01  -9.8981486251914619e-01  -9.8907784558517886e-01  -9.8790371331335147e-01  -9.8587925129630394e-01  -9.8220880295122948e-01  -9.7537580514705169e-01  -9.6252377678778211e-01  -9.3840345692682092e-01  -8.9377951758277652e-01  -8.1372400432643954e-01  -6.7787301071201511e-01  -4.6764132184979579e-01  -1.8425314889853051e-01   1.3467535378539108e-01   4.2872456812566184e-01   6.5435517889877359e-01   8.0452185221354688e-01   8.9535305592788994e-01   9.4720912149747161e-01   9.7585616694894262e-01   9.9138842114005310e-01   9.9970352377410809e-01   1.0040983957354292e+00   1.0063739475707958e+00   1.0075064750016911e+00   1.0080214850755285e+00   1.0082038494343859e+00   1.0082065410305596e+00   1.0081134011537822e+00   1.0079689996937624e+00   1.0077986016390428e+00   1.0076151724808138e+00   1.0074266467052495e+00   1.0072364593018011e+00   1.0070472188817055e+00   1.0068594556081849e+00   1.0066741552741532e+00   1.0064909864965272e+00   1.0063104234375659e+00   1.0061318772178378e+00   1.0059556406442389e+00   1.0057810560320282e+00   1.0056083534790792e+00   1.0054368771918871e+00   1.0052668407354950e+00   1.0050975879051993e+00   1.0049292784212540e+00   1.0047611955557358e+00   1.0045934521753144e+00   1.0044254006652975e+00   1.0042572967180152e+00
   1.0042666427550171e+00   1.0040913276499985e+00   1.0039149652148134e+00   1.0037371926509187e+00   1.0035577775150815e+00   1.0033764605126938e+00   1.0031931503577527e+00   1.0030074964310665e+00   1.0028193353813357e+00   1.0026284315734733e+00   1.0024345352520814e+00   1.0022373745093895e+00   1.0020366326429078e+00   1.0018318800423502e+00   1.0016225218620050e+00   1.0014076566217511e+00   1.0011858117256893e+00   1.0009545918052583e+00   1.0007098559159622e+00   1.0004445978652137e+00   1.0001465945483239e+00   9.9979483694718407e-01   9.9935276516198934e-01   9.9875729752719766e-01   9.9789919689439421e-01   9.9659035546209862e-01   9.9450717261427302e-01   9.9109618288877921e-01   9.8541606548502669e-01   9.7588246489168595e-01   9.5986965549031433e-01   9.3313792683831998e-01   8.8913302528555427e-01   8.1846155711806556e-01   7.0939674184330859e-01   5.5097259791259168e-01   3.3984260260018245e-01   8.8373956522995289e-02  -1.7422990753892253e-01  -4.1358435314684466e-01  -6.0633969602218296e-01  -7.4678192197229509e-01  -8.4187941419914369e-01  -9.0314355233914934e-01  -9.4135312581011799e-01  -9.6468650901538655e-01  -9.7872541728598150e-01  -9.8706291175908212e-01  -9.9193908123667329e-01  -9.9472435003364779e-01  -9.9625029727221170e-01  -9.9701796929930731e-01  -9.9732997871785967e-01  -9.9736787530371462e-01  -9.9724195657290893e-01  -9.9701810636525168e-01  -9.9673703583602313e-01  -9.9642264652417989e-01  -9.9609029651109537e-01  -9.9574846397187811e-01  -9.9540324561886318e-01  -9.9505751805359011e-01  -9.9471406305972732e-01  -9.9437350704617156e-01  -9.9403714823343414e-01  -9.9370471636181490e-01  -9.9337717089803768e-01  -9.9305377300764519e-01  -9.9273505784867466e-01  -9.9241988824760585e-01  -9.9210829376903376e-01  -9.9179802520972316e-01  -9.9148730794710760e-01  -9.9117018561160619e-01  -9.9083789893085017e-01  -9.9047059414423866e-01  -9.9003260939836346e-01  -9.8945121104963318e-01  -9.8858794318536902e-01  -9.8716974636724764e-01  -9.8467060133535833e-01  -9.8007131601489372e-01  -9.7142713733823094e-01  -9.5507421794761904e-01  -9.2432590708164553e-01  -8.6763592177165749e-01  -7.6716930875355493e-01  -6.0110782115834849e-01  -3.5575716708861205e-01  -4.7000725202490656e-02   2.7216260751284205e-01   5.4193051807349613e-01   7.3405499988932721e-01   8.5497433333552642e-01   9.2533799391700722e-01   9.6445536956441569e-01   9.8565100651281079e-01   9.9695823237667103e-01   1.0029143591239267e+00   1.0059989581563662e+00   1.0075484696531039e+00   1.0082771087077111e+00   1.0085676805007613e+00   1.0086238233744951e+00   1.0085556544815473e+00   1.0084215728250931e+00   1.0082539675091746e+00   1.0080694521691249e+00   1.0078776948564989e+00   1.0076831348182425e+00   1.0074888392037342e+00   1.0072957488586387e+00   1.0071049386670459e+00   1.0069162877047093e+00   1.0067302029758087e+00   1.0065462505292584e+00   1.0063645966022996e+00   1.0061847395144494e+00   1.0060067394353700e+00   1.0058300908202915e+00   1.0056547816227088e+00   1.0054803157749153e+00   1.0053066469367935e+00   1.0051333472720914e+00   1.0049604120269744e+00   1.0047874853676468e+00   1.0046144812376174e+00   1.0044409256322298e+00
   1.0044454127446771e+00   1.0042645162096497e+00   1.0040824568097557e+00   1.0038984822276078e+00   1.0037130028032815e+00   1.0035252130597061e+00   1.0033353456229521e+00   1.0031427243827011e+00   1.0029476129183879e+00   1.0027492274248782e+00   1.0025478256485749e+00   1.0023425808777786e+00   1.0021335694136067e+00   1.0019197638985220e+00   1.0017007848619452e+00   1.0014748607797015e+00   1.0012402578620450e+00   1.0009928604004659e+00   1.0007267974402569e+00   1.0004307563129733e+00   1.0000862842969658e+00   9.9966020572693581e-01   9.9909606748561530e-01   9.9829488618990714e-01   9.9708648113257237e-01   9.9517612042842796e-01   9.9205833404498045e-01   9.8686846098521253e-01   9.7814354265174597e-01   9.6344115045572343e-01   9.3878180176087833e-01   8.9793415120571196e-01   8.3179726630093853e-01   7.2864988123015240e-01   5.7680620084235135e-01   3.7114682437576041e-01   1.2173324345281733e-01  -1.4344480395425163e-01  -3.8892507848194546e-01  -5.8887537188452099e-01  -7.3555683679439543e-01  -8.3516753175261083e-01  -8.9934250264282201e-01  -9.3929597980162727e-01  -9.6362510848789296e-01  -9.7821391011602910e-01  -9.8684798764771497e-01  -9.9188090813935426e-01  -9.9474797374085178e-01  -9.9631597134508343e-01  -9.9710547181924869e-01  -9.9742880564384295e-01  -9.9747313372297741e-01  -9.9735092274828252e-01  -9.9712973568714258e-01  -9.9685034380993465e-01  -9.9653736847902152e-01  -9.9620574798038120e-01  -9.9586462049047131e-01  -9.9551955747176368e-01  -9.9517399517528859e-01  -9.9482989316340076e-01  -9.9448845263249042e-01  -9.9415035560208875e-01  -9.9381618093302204e-01  -9.9348603652970424e-01  -9.9315996556891395e-01  -9.9283775367179228e-01  -9.9251928506873366e-01  -9.9220384295197395e-01  -9.9189065930190268e-01  -9.9157781697041358e-01  -9.9126228812893113e-01  -9.9093769205565796e-01  -9.9059237298477520e-01  -9.9020289162075126e-01  -9.8972419663763167e-01  -9.8906719316604752e-01  -9.8805829802286482e-01  -9.8635724615942588e-01  -9.8330209834401394e-01  -9.7761017243389248e-01  -9.6682529097804815e-01  -9.4633357568441978e-01  -9.0778589435434576e-01  -8.3711946127903081e-01  -7.1383345317543523e-01  -5.1635366641768143e-01  -2.3939720457097885e-01   8.4797705962890213e-02   3.9323339957769726e-01   6.3422280311388857e-01   7.9534782934482140e-01   8.9226662337908680e-01   9.4694760362309438e-01   9.7669475703922104e-01   9.9254611712805585e-01   1.0008733734752044e+00   1.0051854634256423e+00   1.0073656234385049e+00   1.0084180901717144e+00   1.0088724851854449e+00   1.0090114713046194e+00   1.0089830474826333e+00   1.0088678638399724e+00   1.0087069588901998e+00   1.0085239321957156e+00   1.0083297922065841e+00   1.0081320397321165e+00   1.0079331510914318e+00   1.0077357951261698e+00   1.0075399177986100e+00   1.0073467005466632e+00   1.0071554039099040e+00   1.0069667537717277e+00   1.0067798432010600e+00   1.0065952325838976e+00   1.0064119816525532e+00   1.0062305786451844e+00   1.0060501001336037e+00   1.0058710069464558e+00   1.0056924129032776e+00   1.0055147446584820e+00   1.0053371025440265e+00   1.0051598160085502e+00   1.0049819665956643e+00   1.0048039181659902e+00   1.0046249271974153e+00
   1.0046252565736613e+00   1.0044389124588828e+00   1.0042512578745855e+00   1.0040616417623955e+00   1.0038701233130864e+00   1.0036761112017787e+00   1.0034798420143121e+00   1.0032805905152304e+00   1.0030785313376225e+00   1.0028730001910300e+00   1.0026640739959962e+00   1.0024509425001944e+00   1.0022335189022380e+00   1.0020105751158308e+00   1.0017813795863884e+00   1.0015435034230937e+00   1.0012941456806792e+00   1.0010272091672969e+00   1.0007335029693862e+00   1.0003957204564593e+00   9.9998514592747523e-01   9.9945041836412685e-01   9.9870366520578768e-01   9.9759090453082699e-01   9.9584695230020659e-01   9.9301274236515091e-01   9.8830184714257641e-01   9.8037396568939972e-01   9.6697871658025913e-01   9.4441433834798172e-01   9.0681408682064235e-01   8.4544556223825063e-01   7.4871427087110731e-01   6.0433336880941058e-01   4.0538748984190820e-01   1.5928484864108705e-01  -1.0777230416397898e-01  -3.5957108350216715e-01  -5.6758185689485474e-01  -7.2157020286017670e-01  -8.2662278221830954e-01  -8.9438559832387787e-01  -9.3652923260433774e-01  -9.6213259287249597e-01  -9.7743943164181779e-01  -9.8647042388287187e-01  -9.9171924511507581e-01  -9.9470328600800306e-01  -9.9633402078908073e-01  -9.9715789153560952e-01  -9.9749996566197785e-01  -9.9755545166611492e-01  -9.9743982350069416e-01  -9.9722341185812047e-01  -9.9694721528197938e-01  -9.9663714672069736e-01  -9.9630759693384274e-01  -9.9596852810760550e-01  -9.9562467109769914e-01  -9.9528014978957402e-01  -9.9493618691326646e-01  -9.9459488852151023e-01  -9.9425625654979433e-01  -9.9392151158316844e-01  -9.9358990638060107e-01  -9.9326232795626401e-01  -9.9293790482499844e-01  -9.9261728689239437e-01  -9.9229914482736059e-01  -9.9198379214689847e-01  -9.9166910857525437e-01  -9.9135401284556501e-01  -9.9103360806047402e-01  -9.9070155590336617e-01  -9.9034238727538382e-01  -9.8992918930640972e-01  -9.8940559335377642e-01  -9.8866443479830102e-01  -9.8749103384503922e-01  -9.8546820273283708e-01  -9.8177564018555197e-01  -9.7482529892467251e-01  -9.6156712274957878e-01  -9.3629710933574040e-01  -8.8880952445108419e-01  -8.0243790692739458e-01  -6.5459876080062251e-01  -4.2613953419920009e-01  -1.2326326311920377e-01   2.0627151259836929e-01   4.9626836609230540e-01   7.0775721814238479e-01   8.4193095335109081e-01   9.1974577678165714e-01   9.6256636185680455e-01   9.8544384324538747e-01   9.9745243194726652e-01   1.0036666236456091e+00   1.0068241138436855e+00   1.0083753849851833e+00   1.0090841909922781e+00   1.0093510278237958e+00   1.0093867551923574e+00   1.0093017382988696e+00   1.0091545556174859e+00   1.0089758740914669e+00   1.0087823474496491e+00   1.0085823284898257e+00   1.0083805151289824e+00   1.0081789248580513e+00   1.0079789747331169e+00   1.0077809352044433e+00   1.0075852938329635e+00   1.0073917665538406e+00   1.0072005430563553e+00   1.0070111527890793e+00   1.0068236976019960e+00   1.0066376477675512e+00   1.0064530805750058e+00   1.0062694341915370e+00   1.0060867690673831e+00   1.0059044929082142e+00   1.0057226760693163e+00   1.0055407533300333e+00   1.0053588797866770e+00   1.0051765267581267e+00   1.0049938086060122e+00   1.0048100348821971e+00
   1.0048061236342050e+00   1.0046149603905137e+00   1.0044217791401664e+00   1.0042266958853689e+00   1.0040292668649506e+00   1.0038294998013413e+00   1.0036268074882435e+00   1.0034212609722564e+00   1.0032123385961911e+00   1.0029999112262915e+00   1.0027834334447829e+00   1.0025625740955055e+00   1.0023364518842124e+00   1.0021041417265495e+00   1.0018637411591969e+00   1.0016124642831594e+00   1.0013452178652000e+00   1.0010535273430867e+00   1.0007224191540371e+00   1.0003260429265963e+00   9.9981915767045315e-01   9.9912305333453100e-01   9.9810061463923549e-01   9.9651368763108705e-01   9.9394981523422055e-01   9.8969802593181833e-01   9.8254191086851450e-01   9.7042450091206733e-01   9.4993498183180991e-01   9.1560080644507780e-01   8.5912927043628051e-01   7.6917641275418880e-01   6.3301733188042864e-01   4.4200280481021087e-01   2.0062365345110988e-01  -6.7324323711087375e-02  -3.2536616926793593e-01  -5.4218248702220140e-01  -7.0455399274991037e-01  -8.1604364356445225e-01  -8.8813948615569305e-01  -9.3297247400626970e-01  -9.6016223472763473e-01  -9.7637671455126052e-01  -9.8591621981231947e-01  -9.9144725955782098e-01  -9.9458626905723713e-01  -9.9630284539521874e-01  -9.9717394919853419e-01  -9.9754335510412973e-01  -9.9761450209902358e-01  -9.9750926403308260e-01  -9.9729936017494347e-01  -9.9702853690158066e-01  -9.9672203581814078e-01  -9.9639597696196147e-01  -9.9605906252005494e-01  -9.9571760264262787e-01  -9.9537436942770074e-01  -9.9503220462515929e-01  -9.9469162238384701e-01  -9.9435407423063271e-01  -9.9401905720124439e-01  -9.9368763751820333e-01  -9.9335907651770083e-01  -9.9303424646149008e-01  -9.9271192673923714e-01  -9.9239286549083494e-01  -9.9207556870275537e-01  -9.9176032536547221e-01  -9.9144464194490078e-01  -9.9112729320383697e-01  -9.9080243121254030e-01  -9.9046263504901000e-01  -9.9008942051975257e-01  -9.8965077729999618e-01  -9.8907905435515875e-01  -9.8824547029853327e-01  -9.8689065981760382e-01  -9.8450902346420133e-01  -9.8010275875945962e-01  -9.7173584718374273e-01  -9.5568953421950920e-01  -9.2504182392728163e-01  -8.6759096166104521e-01  -7.6413109530262446e-01  -5.9091409269028672e-01  -3.3357841350804462e-01  -1.1771988384671805e-02   3.1431762279167852e-01   5.8164037495378917e-01   7.6542552990208834e-01   8.7711105004884582e-01   9.4000591079433016e-01   9.7391582100404528e-01   9.9175446610637730e-01   1.0009875782826489e+00   1.0056933576610474e+00   1.0080336466022499e+00   1.0091437858845809e+00   1.0096131273076179e+00   1.0097507289418990e+00   1.0097153508358556e+00   1.0095920490179624e+00   1.0094233544235498e+00   1.0092332674543982e+00   1.0090325460891985e+00   1.0088285146580602e+00   1.0086234482387328e+00   1.0084199837130787e+00   1.0082179595525151e+00   1.0080185394540648e+00   1.0078209066221417e+00   1.0076257767078953e+00   1.0074322210281375e+00   1.0072407836218606e+00   1.0070505514550741e+00   1.0068619646914541e+00   1.0066741601748412e+00   1.0064875110099183e+00   1.0063012240735232e+00   1.0061156283656612e+00   1.0059299813513292e+00   1.0057445211774738e+00   1.0055584797586941e+00   1.0053719990183494e+00   1.0051844097064064e+00   1.0049959655725211e+00
   1.0049885841991848e+00   1.0047925178092354e+00   1.0045941075231175e+00   1.0043939355482341e+00   1.0041908135735713e+00   1.0039853592489123e+00   1.0037765692586451e+00   1.0035648984062870e+00   1.0033492482556803e+00   1.0031300745545124e+00   1.0029060879494380e+00   1.0026774165996661e+00   1.0024423102847289e+00   1.0021999418777974e+00   1.0019469832024492e+00   1.0016797601226408e+00   1.0013899855193515e+00   1.0010652417377501e+00   1.0006819426272942e+00   1.0002008490732841e+00   9.9955151575159007e-01   9.9861291657938889e-01   9.9717230754438846e-01   9.9486191247292843e-01   9.9104349948623760e-01   9.8462177718001886e-01   9.7373184756022457e-01   9.5525832860845128e-01   9.2414395199366628e-01   8.7259347779846086e-01   7.8963659071335790e-01   6.6230155492351950e-01   4.8035777330734331e-01   2.4522275988258124e-01  -2.2328138964322175e-02  -2.8621526986133838e-01  -5.1240132761258472e-01  -6.8421300273001617e-01  -8.0319620389421287e-01  -8.8044690624639133e-01  -9.2852761070269740e-01  -9.5765659069275166e-01  -9.7499159409564395e-01  -9.8516613113944373e-01  -9.9105291904328907e-01  -9.9439048644796058e-01  -9.9621784395146673e-01  -9.9715155366139052e-01  -9.9755679248123741e-01  -9.9764944214560913e-01  -9.9755747931227412e-01  -9.9735668666908028e-01  -9.9709220483154581e-01  -9.9679088584299169e-01  -9.9646881182094704e-01  -9.9613564987358205e-01  -9.9579717071855811e-01  -9.9545691396238167e-01  -9.9511687025593987e-01  -9.9477832348509343e-01  -9.9444189299844787e-01  -9.9410817300035481e-01  -9.9377733079478425e-01  -9.9344956314206545e-01  -9.9312455581191617e-01  -9.9280236452860615e-01  -9.9248263009062621e-01  -9.9216520731720759e-01  -9.9184924245213624e-01  -9.9153415903030173e-01  -9.9121806558415571e-01  -9.9089848561787675e-01  -9.9056973736973908e-01  -9.9022200058781129e-01  -9.8983485860628506e-01  -9.8936939482255226e-01  -9.8874718458916089e-01  -9.8781426827475061e-01  -9.8626401930071628e-01  -9.8349176643318237e-01  -9.7830595613984239e-01  -9.6838457746170847e-01  -9.4927697209077611e-01  -9.1274222176941444e-01  -8.4451462057677884e-01  -7.2308208159596821e-01  -5.2469866113882802e-01  -2.4198267734794099e-01   9.1510690187082910e-02   4.0758468692744865e-01   6.5095360880701292e-01   8.1018166277387771e-01   9.0361168868030395e-01   9.5498722842813788e-01   9.8222001385573543e-01   9.9635253300626636e-01   1.0035705535539172e+00   1.0071914431911719e+00   1.0089491696456956e+00   1.0097470796769539e+00   1.0100484460582213e+00   1.0100959003306207e+00   1.0100118528186135e+00   1.0098624392308428e+00   1.0096792011006068e+00   1.0094812102834556e+00   1.0092759239432576e+00   1.0090694630446801e+00   1.0088626147123478e+00   1.0086578552428209e+00   1.0084543258083909e+00   1.0082535064487990e+00   1.0080541471402062e+00   1.0078573566872031e+00   1.0076617898257321e+00   1.0074683913902129e+00   1.0072758231137318e+00   1.0070849499713774e+00   1.0068944647430038e+00   1.0067051700476608e+00   1.0065157795574102e+00   1.0063270344790456e+00   1.0061376860040614e+00   1.0059484755675718e+00   1.0057582650169530e+00   1.0055678143609237e+00   1.0053759665246829e+00   1.0051832947933566e+00
   1.0051726123281446e+00   1.0049719819936340e+00   1.0047687234615292e+00   1.0045633309885025e+00   1.0043549412077268e+00   1.0041439746336065e+00   1.0039293562188178e+00   1.0037115791102504e+00   1.0034895521010985e+00   1.0032635143473241e+00   1.0030321611729203e+00   1.0027953054866099e+00   1.0025508027362884e+00   1.0022970946408707e+00   1.0020295442250124e+00   1.0017422467097004e+00   1.0014229024530925e+00   1.0010521586937660e+00   1.0005941093484545e+00   9.9998805185157136e-01   9.9912573846285779e-01   9.9782023149131505e-01   9.9574366696508199e-01   9.9232890526161732e-01   9.8659477308022880e-01   9.7686535522527318e-01   9.6031653984106002e-01   9.3231873753638628e-01   8.8561581339743867e-01   8.0972556461611667e-01   6.9163520147473567e-01   5.1976610687432423e-01   2.9243885534087333e-01   2.6852525225701029e-02  -2.4211263386719861e-01  -4.7798520449047865e-01  -6.6023178837408791e-01  -7.8781497142060575e-01  -8.7112158234254744e-01  -9.2307633443836878e-01  -9.5454469248104112e-01  -9.7324342792734198e-01  -9.8419761380118298e-01  -9.9052444688988850e-01  -9.9410983404838160e-01  -9.9607623305698345e-01  -9.9708920799108625e-01  -9.9753980247730500e-01  -9.9765986625044700e-01  -9.9758464864609853e-01  -9.9739543496849614e-01  -9.9713888552021013e-01  -9.9684411294256781e-01  -9.9652698674578355e-01  -9.9619842213832333e-01  -9.9586347782017692e-01  -9.9552665679426655e-01  -9.9518920137937295e-01  -9.9485336622435472e-01  -9.9451905025888843e-01  -9.9418762288612328e-01  -9.9385831649355694e-01  -9.9353203631170239e-01  -9.9320784975446785e-01  -9.9288668322780727e-01  -9.9256740797915399e-01  -9.9225060876208193e-01  -9.9193493559596269e-01  -9.9162077252805847e-01  -9.9130605477595179e-01  -9.9099005248754590e-01  -9.9066849257148226e-01  -9.9033638548649916e-01  -9.8998086108553440e-01  -9.8958005484253087e-01  -9.8908716739610758e-01  -9.8841301804732262e-01  -9.8737624226620113e-01  -9.8562053387317206e-01  -9.8243455934661805e-01  -9.7641987600702951e-01  -9.6484025661407580e-01  -9.4246641751759852e-01  -8.9967806911786941e-01  -8.2015991952903611e-01  -6.8048340308736721e-01  -4.5816998851961510e-01  -1.5447029170822568e-01   1.8415099922674727e-01   4.8611108339337561e-01   7.0636799186826560e-01   8.4468131932837387e-01   9.2356695861246885e-01   9.6611028717432934e-01   9.8834184450178331e-01   9.9973882571306638e-01   1.0054860356524666e+00   1.0083211577277300e+00   1.0096608741750768e+00   1.0102358033286487e+00   1.0104189100294394e+00   1.0104030111544033e+00   1.0102854631886933e+00   1.0101178795442476e+00   1.0099254361118912e+00   1.0097222679458515e+00   1.0095142885143338e+00   1.0093057802166319e+00   1.0090977354278394e+00   1.0088917743786050e+00   1.0086874402776791e+00   1.0084855243704498e+00   1.0082851656036174e+00   1.0080869473030865e+00   1.0078899306148743e+00   1.0076946418115005e+00   1.0075001272544561e+00   1.0073068830608622e+00   1.0071139576084307e+00   1.0069218393771364e+00   1.0067295964368403e+00   1.0065377272443721e+00   1.0063453017544994e+00   1.0061527764929465e+00   1.0059591443470230e+00   1.0057648057597572e+00   1.0055688022401630e+00   1.0053716938639790e+00
   1.0053586696851569e+00   1.0051533440566931e+00   1.0049455694918130e+00   1.0047353000673889e+00   1.0045219116456827e+00   1.0043054360043158e+00   1.0040853566539631e+00   1.0038615593055580e+00   1.0036332883163963e+00   1.0034003627189221e+00   1.0031615473926008e+00   1.0029159843524378e+00   1.0026612134731467e+00   1.0023942285410257e+00   1.0021087392064760e+00   1.0017950829076891e+00   1.0014351534863137e+00   1.0009986425607904e+00   1.0004310815410342e+00   9.9963854701105159e-01   9.9845515255357742e-01   9.9659272077538896e-01   9.9354774813997748e-01   9.8844950804681753e-01   9.7979979394405170e-01   9.6506073911162460e-01   9.4002748719645135e-01   8.9801403021872939e-01   8.2911838643833757e-01   7.2049880156066881e-01   5.5951873330763835e-01   3.4152798367988213e-01   7.9703152667779109e-02  -1.9317312036813394e-01  -4.3873021244691257e-01  -6.3228627585735997e-01  -7.6960522848268864e-01  -8.5994770703714285e-01  -9.1648002321410127e-01  -9.5074212045466799e-01  -9.7108392782350217e-01  -9.8298207533504778e-01  -9.8984585961708516e-01  -9.9373389323353312e-01  -9.9587225181505801e-01  -9.9698248356716168e-01  -9.9749023512488022e-01  -9.9764358623091998e-01  -9.9758989814180343e-01  -9.9741404423001279e-01  -9.9716779717379700e-01  -9.9687992991800933e-01  -9.9656931222018685e-01  -9.9624531088466695e-01  -9.9591539466757784e-01  -9.9558213492782077e-01  -9.9524901047846359e-01  -9.9491610998803504e-01  -9.9458545318377323e-01  -9.9425612260413421e-01  -9.9392967482841810e-01  -9.9360488996923579e-01  -9.9328327024938701e-01  -9.9296324767295419e-01  -9.9264606350488704e-01  -9.9232994065275748e-01  -9.9201623843802222e-01  -9.9170280854127801e-01  -9.9139062002690737e-01  -9.9107679453412112e-01  -9.9076117941257114e-01  -9.9043824283599180e-01  -9.9010314737980809e-01  -9.8974050190772511e-01  -9.8932636766049920e-01  -9.8880651772582873e-01  -9.8808006055188946e-01  -9.8693812027578565e-01  -9.8497226689482975e-01  -9.8136146747977793e-01  -9.7449155086893469e-01  -9.6119779823718732e-01  -9.3544790816878842e-01  -8.8623192603014789e-01  -7.9528425120943047e-01  -6.3776153336246910e-01  -3.9363349815418447e-01  -7.3662843061823469e-02   2.6484270710899926e-01   5.5083912064515084e-01   7.5012799800967644e-01   8.7114252347179644e-01   9.3859751645386735e-01   9.7440196287079250e-01   9.9288731958968746e-01   1.0022593075609034e+00   1.0069281813237745e+00   1.0091911180576025e+00   1.0102291712972784e+00   1.0106441092590297e+00   1.0107434200470147e+00   1.0106827625013695e+00   1.0105424750202225e+00   1.0103624935416124e+00   1.0101640168158634e+00   1.0099571808127517e+00   1.0097478769452857e+00   1.0095383188402414e+00   1.0093300863234731e+00   1.0091233283711467e+00   1.0089185486375263e+00   1.0087154727123868e+00   1.0085142742498103e+00   1.0083145717802777e+00   1.0081163704281386e+00   1.0079192896644154e+00   1.0077232397546434e+00   1.0075278867932393e+00   1.0073330691240447e+00   1.0071384972555335e+00   1.0069439322340499e+00   1.0067491164715683e+00   1.0065537560933362e+00   1.0063576794388354e+00   1.0061606216697609e+00   1.0059625142824664e+00   1.0057629973903834e+00   1.0055618835924722e+00
   1.0055466383809906e+00   1.0053370662598307e+00   1.0051250749120300e+00   1.0049098722521006e+00   1.0046918198366550e+00   1.0044700813283609e+00   1.0042447103953849e+00   1.0040149209861187e+00   1.0037806005765275e+00   1.0035405440856122e+00   1.0032940329335389e+00   1.0030388607284679e+00   1.0027723422081229e+00   1.0024890281644803e+00   1.0021803411835282e+00   1.0018306007696924e+00   1.0014131141879528e+00   1.0008804637326145e+00   1.0001501312374077e+00   9.9907693836361799e-01   9.9740730085538964e-01   9.9469804431737607e-01   9.9017919920659470e-01   9.8252144896776406e-01   9.6945818183091592e-01   9.4720219265121552e-01   9.0964731114013442e-01   8.4754740867436018e-01   7.4842464692211519e-01   5.9891932423192562e-01   3.9166961226905594e-01   1.3555784723121889e-01  -1.3966439264400576e-01  -3.9451147719888957e-01  -6.0006447566095578e-01  -7.4824802285030567e-01  -8.4668257600119357e-01  -9.0857565748519264e-01  -9.4614936321882248e-01  -9.6845254494625266e-01  -9.8148574934106858e-01  -9.8899693134305400e-01  -9.9325318817914432e-01  -9.9560000718474573e-01  -9.9683002816907174e-01  -9.9740646379318054e-01  -9.9760129066947334e-01  -9.9757243717147093e-01  -9.9741354985085873e-01  -9.9717833288798929e-01  -9.9689963433883044e-01  -9.9659549194417740e-01  -9.9627795656849405e-01  -9.9595272746557140e-01  -9.9562469834678247e-01  -9.9529520256381465e-01  -9.9496666806855194e-01  -9.9463885146689213e-01  -9.9431338838251593e-01  -9.9398944002454925e-01  -9.9366832574040398e-01  -9.9334874929355010e-01  -9.9303182943751689e-01  -9.9271613041768436e-01  -9.9240294514916849e-01  -9.9209056629807835e-01  -9.9178004419444377e-01  -9.9146933304864682e-01  -9.9115933031109171e-01  -9.9084702726633278e-01  -9.9053205886697093e-01  -9.9020853708397005e-01  -9.8987085098518957e-01  -9.8950210420962392e-01  -9.8907529801650163e-01  -9.8852993880911222e-01  -9.8775237597268073e-01  -9.8650758331310973e-01  -9.8433379702393986e-01  -9.8030167511443589e-01  -9.7257943956754267e-01  -9.5757563351222141e-01  -9.2845940730676790e-01  -8.7287504254549775e-01  -7.7078407317694153e-01  -5.9647227512227075e-01  -3.3328122064476373e-01  -1.5306086225060356e-03   3.3320552043619822e-01   6.0316835954210124e-01   7.8429284077470784e-01   8.9133286848456672e-01   9.4990936557488359e-01   9.8059869179007786e-01   9.9628153206689318e-01   1.0041534834230470e+00   1.0080299709819722e+00   1.0098753119968229e+00   1.0106949515228840e+00   1.0109948144070247e+00   1.0110347521836924e+00   1.0109427295788398e+00   1.0107867727498054e+00   1.0105983963029441e+00   1.0103964776515264e+00   1.0101876567864370e+00   1.0099778034424753e+00   1.0097674030849850e+00   1.0095590370964704e+00   1.0093516945861580e+00   1.0091468552728906e+00   1.0089431167538998e+00   1.0087415642257924e+00   1.0085408048694067e+00   1.0083417696757193e+00   1.0081431478615377e+00   1.0079457623596408e+00   1.0077483785388068e+00   1.0075517312572955e+00   1.0073546679092082e+00   1.0071578614614149e+00   1.0069602491097829e+00   1.0067624327050295e+00   1.0065633774987619e+00   1.0063635370100406e+00   1.0061618772394136e+00   1.0059588341975008e+00   1.0057535953640317e+00
   1.0057369668387968e+00   1.0055231748251423e+00   1.0053071204495565e+00   1.0050874974354431e+00   1.0048648808541263e+00   1.0046380086831792e+00   1.0044075117852351e+00   1.0041718853197990e+00   1.0039313330951953e+00   1.0036839854370685e+00   1.0034290270829218e+00   1.0031629641020547e+00   1.0028820976599775e+00   1.0025778586258378e+00   1.0022375724707457e+00   1.0018369477886213e+00   1.0013355504608357e+00   1.0006603959670501e+00   9.9968545673538367e-01   9.9818787198102454e-01   9.9577969821864609e-01   9.9178289994526314e-01   9.8502470181225243e-01   9.7349288234669751e-01   9.5380080696849490e-01   9.2041903533835034e-01   8.6480598398834374e-01   7.7501763510853794e-01   6.3731530113164125e-01   4.4200619619963427e-01   1.9360794946671156e-01  -8.2027795193964970e-02  -3.4532275619000458e-01  -5.6328909625464352e-01  -7.2341376697162585e-01  -8.3105519335033762e-01  -8.9917737958371480e-01  -9.4064822813911897e-01  -9.6528009089512179e-01  -9.7966776929118826e-01  -9.8795574654401452e-01  -9.9265389551779681e-01  -9.9525233257385504e-01  -9.9662581617814949e-01  -9.9728568344948676e-01  -9.9752956073607790e-01  -9.9753127054087876e-01  -9.9739169927314886e-01  -9.9717027374168032e-01  -9.9690124343843900e-01  -9.9660529823515231e-01  -9.9629400865620421e-01  -9.9597487459958634e-01  -9.9565165820512935e-01  -9.9532734165907111e-01  -9.9500293704837806e-01  -9.9467986553453835e-01  -9.9435806986714581e-01  -9.9403838186182902e-01  -9.9372023102995011e-01  -9.9340431161369991e-01  -9.9308992097121906e-01  -9.9277781953080724e-01  -9.9246699428459462e-01  -9.9215798879423822e-01  -9.9184959123055216e-01  -9.9154247479788826e-01  -9.9123501451867391e-01  -9.9092743890583213e-01  -9.9061726836275432e-01  -9.9030334809907350e-01  -9.8998002633486404e-01  -9.8964037554371043e-01  -9.8926671066461946e-01  -9.8882845706991118e-01  -9.8825989807926684e-01  -9.8743444372118006e-01  -9.8609293247986307e-01  -9.8372160859932556e-01  -9.7928818963004682e-01  -9.7075084737041895e-01  -9.5411030730007651e-01  -9.2177535592188420e-01  -8.6014204535921102e-01  -7.4763810689983534e-01  -5.5818607955261812e-01  -2.7903929550104078e-01   6.0615937234341000e-02   3.8949945897593569e-01   6.4462187326915854e-01   8.1061469838923395e-01   9.0661590842537165e-01   9.5838701775765833e-01   9.8522555218503272e-01   9.9882246100734418e-01   1.0055873658315768e+00   1.0088828754359005e+00   1.0104242840912314e+00   1.0110859375139720e+00   1.0113036204923511e+00   1.0113013955109953e+00   1.0111876917338392e+00   1.0110213161576740e+00   1.0108277888708279e+00   1.0106236498070673e+00   1.0104137668906985e+00   1.0102039393523177e+00   1.0099937152387146e+00   1.0097857828092389e+00   1.0095784248096751e+00   1.0093735475596100e+00   1.0091692866192357e+00   1.0089672582671549e+00   1.0087656054531693e+00   1.0085657534428321e+00   1.0083659094691548e+00   1.0081673713944714e+00   1.0079684360790726e+00   1.0077702984492181e+00   1.0075713314905297e+00   1.0073726247146282e+00   1.0071726062485706e+00   1.0069722854575853e+00   1.0067701957911934e+00   1.0065673588033657e+00   1.0063624324966365e+00   1.0061563291600151e+00   1.0059475933596249e+00
   1.0059295292039614e+00   1.0057121047594213e+00   1.0054921610665062e+00   1.0052681710473599e+00   1.0050411635225218e+00   1.0048095051924970e+00   1.0045738310990531e+00   1.0043323887596243e+00   1.0040854033329920e+00   1.0038302113168860e+00   1.0035656237032915e+00   1.0032865162923221e+00   1.0029872012330896e+00   1.0026548202922703e+00   1.0022699280353453e+00   1.0017955511779266e+00   1.0011697491575837e+00   1.0002809282143639e+00   9.9893614945692499e-01   9.9679459482669264e-01   9.9326375081978480e-01   9.8731132985764236e-01   9.7716246908248250e-01   9.5980542780879174e-01   9.3027335651742527e-01   8.8075109092108406e-01   7.9996612224120511e-01   6.7412986186105628e-01   4.9168516582681887e-01   2.5293176275262869e-01  -2.0893104691798059e-02  -2.9131152539877175e-01  -5.2175192959799832e-01  -6.9477583403871124e-01  -8.1277418564773063e-01  -8.8807520402643458e-01  -9.3410408974242332e-01  -9.6148448076479576e-01  -9.7748018629088118e-01  -9.8669370451099903e-01  -9.9192006403835564e-01  -9.9481983500925253e-01  -9.9636579005143178e-01  -9.9712568789852374e-01  -9.9742852324396369e-01  -9.9746621427071991e-01  -9.9734948214935426e-01  -9.9714355900841500e-01  -9.9688576109255145e-01  -9.9659860834955472e-01  -9.9629466069362271e-01  -9.9598191682945136e-01  -9.9566454593925702e-01  -9.9534552063410653e-01  -9.9502614559222036e-01  -9.9470758342501409e-01  -9.9439016290812932e-01  -9.9407438138389859e-01  -9.9376028684780748e-01  -9.9344811705721137e-01  -9.9313776040053581e-01  -9.9282913012268703e-01  -9.9252194918601899e-01  -9.9221607359216435e-01  -9.9191138240590382e-01  -9.9160750174730472e-01  -9.9130400454990275e-01  -9.9100022014891209e-01  -9.9069544671796272e-01  -9.9038800660592829e-01  -9.9007561364415808e-01  -9.8975332868286348e-01  -9.8941251195997260e-01  -9.8903531974255410e-01  -9.8858738535480239e-01  -9.8799885843038004e-01  -9.8713080677776821e-01  -9.8570278215776796e-01  -9.8315302331449606e-01  -9.7835608417427544e-01  -9.6907778757714680e-01  -9.5094841018703880e-01  -9.1568941335312504e-01  -8.4859635492366314e-01  -7.2683999112381437e-01  -5.2438223435349218e-01  -2.3248417555545264e-01   1.1202791974166887e-01   4.3434309644844493e-01   6.7663269013084215e-01   8.3050725396438430e-01   9.1801641366453901e-01   9.6467081429962787e-01   9.8865430574577817e-01   1.0007184647323411e+00   1.0066758219383707e+00   1.0095498917444681e+00   1.0108725439557076e+00   1.0114211959706676e+00   1.0115808750516417e+00   1.0115493611785162e+00   1.0114211975464635e+00   1.0112478871043216e+00   1.0110514070797845e+00   1.0108464857856638e+00   1.0106367332324506e+00   1.0104272507004639e+00   1.0102173016779938e+00   1.0100096412566677e+00   1.0098025280739029e+00   1.0095978776430583e+00   1.0093936869217073e+00   1.0091915632326647e+00   1.0089895435189333e+00   1.0087891172180499e+00   1.0085884012441906e+00   1.0083887977664756e+00   1.0081884872552880e+00   1.0079888005913418e+00   1.0077879848334756e+00   1.0075873258566845e+00   1.0073851453459006e+00   1.0071826756602471e+00   1.0069782492032959e+00   1.0067729619112697e+00   1.0065651223030272e+00   1.0063558197763451e+00   1.0061435706214670e+00
   1.0061248804244909e+00   1.0059037835455367e+00   1.0056801288784969e+00   1.0054522277785223e+00   1.0052209385344688e+00   1.0049844944076136e+00   1.0047437251938087e+00   1.0044963469069061e+00   1.0042423789705630e+00   1.0039784209307328e+00   1.0037022478963338e+00   1.0034065742658216e+00   1.0030824347178153e+00   1.0027105686178528e+00   1.0022610132722973e+00   1.0016775266184383e+00   1.0008651391237449e+00   9.9965342022115666e-01   9.9774728564544679e-01   9.9462676708586906e-01   9.8939000909555286e-01   9.8047450974049366e-01   9.6521958924376849e-01   9.3918976762238016e-01   8.9530136398694049e-01   8.2304639742410068e-01   7.0888660019058469e-01   5.3990408428509584e-01   3.1253783607354957e-01   4.2925722296160207e-02  -2.3281247702462948e-01  -4.7535087747311122e-01  -6.6203439320377755e-01  -7.9153671123023472e-01  -8.7503829220077567e-01  -9.2636401189205975e-01  -9.5697048367248150e-01  -9.7486677110057851e-01  -9.8517814959525341e-01  -9.9103382803871320e-01  -9.9429236795778420e-01  -9.9604425479604930e-01  -9.9692245864267814e-01  -9.9729531227703527e-01  -9.9737480741202922e-01  -9.9728503516609102e-01  -9.9709666118210194e-01  -9.9685198953828613e-01  -9.9657441456329687e-01  -9.9627883080322133e-01  -9.9597276905156196e-01  -9.9566186721749961e-01  -9.9534828051232616e-01  -9.9503447601093675e-01  -9.9472076235924467e-01  -9.9440848881215094e-01  -9.9409730127055906e-01  -9.9378807718357209e-01  -9.9348015216215924e-01  -9.9317413671090693e-01  -9.9286929400810209e-01  -9.9256623493373186e-01  -9.9226426219402608e-01  -9.9196375660909542e-01  -9.9166373622078630e-01  -9.9136447492587731e-01  -9.9106502936103991e-01  -9.9076532591382016e-01  -9.9046382200443372e-01  -9.9015961058503588e-01  -9.8984942983009083e-01  -9.8952892352959376e-01  -9.8918803311911818e-01  -9.8880877261175992e-01  -9.8835356616614034e-01  -9.8774907883366825e-01  -9.8684587648113331e-01  -9.8534544760622433e-01  -9.8264510489371837e-01  -9.7754001925878986e-01  -9.6763194610490766e-01  -9.4823600981151723e-01  -9.1049319745881896e-01  -8.3878933961729352e-01  -7.0932922911518226e-01  -4.9636506037064454e-01  -1.9482587547671221e-01   1.5236598242697191e-01   4.6848206647616186e-01   7.0042593719035273e-01   8.4505990884198945e-01   9.2628434564871343e-01   9.6921635939232287e-01   9.9114505454503687e-01   1.0021138353363113e+00   1.0074977647303045e+00   1.0100741328217779e+00   1.0112435415544141e+00   1.0117136116905641e+00   1.0118338305763728e+00   1.0117825948028576e+00   1.0116453031060926e+00   1.0114681055322783e+00   1.0112705253222714e+00   1.0110654168268638e+00   1.0108562248290924e+00   1.0106475527058598e+00   1.0104387057837703e+00   1.0102319028725948e+00   1.0100254705445684e+00   1.0098211015255503e+00   1.0096170132588760e+00   1.0094147195507375e+00   1.0092124127920974e+00   1.0090114852643697e+00   1.0088101468730930e+00   1.0086097195409287e+00   1.0084084544629135e+00   1.0082076215413063e+00   1.0080055002800421e+00   1.0078033009476000e+00   1.0075993104108727e+00   1.0073947003604902e+00   1.0071878182388510e+00   1.0069798922193096e+00   1.0067693571872351e+00   1.0065573731545672e+00   1.0063422107563107e+00
   1.0063228223200444e+00   1.0060986599288573e+00   1.0058714366797228e+00   1.0056396491894988e+00   1.0054041518914485e+00   1.0051631851629517e+00   1.0049170214678562e+00   1.0046633858002023e+00   1.0044015513653026e+00   1.0041271837169037e+00   1.0038362341702731e+00   1.0035184731815145e+00   1.0031594008296083e+00   1.0027305144924885e+00   1.0021851166835478e+00   1.0014381077102998e+00   1.0003433645437341e+00   9.9864136642874324e-01   9.9588093747098350e-01   9.9127168653148867e-01   9.8344680806088414e-01   9.7006111093549063e-01   9.4718014486428648e-01   9.0842787599868791e-01   8.4412410480436306e-01   7.4122155691754543e-01   5.8595528771650884e-01   3.7141680532764476e-01   1.0845733214697539e-01  -1.7037222672776853e-01  -4.2412884834629683e-01  -6.2494794938074316e-01  -7.6704158756381779e-01  -8.5982096948441900e-01  -9.1725684565370225e-01  -9.5163126374869966e-01  -9.7176230190489454e-01  -9.8337215852247439e-01  -9.8997251835481981e-01  -9.9365756401595107e-01  -9.9565289178411265e-01  -9.9667250186181300e-01  -9.9712760214973661e-01  -9.9725745782384256e-01  -9.9719839339222227e-01  -9.9703102633854435e-01  -9.9680026436535962e-01  -9.9653399279949073e-01  -9.9624667883383000e-01  -9.9594856411266308e-01  -9.9564389641517603e-01  -9.9533694301721620e-01  -9.9502848595200799e-01  -9.9472071964363229e-01  -9.9441322007544153e-01  -9.9410742156081755e-01  -9.9380246435377495e-01  -9.9349951835994543e-01  -9.9319759529832918e-01  -9.9289778114651428e-01  -9.9259893367669738e-01  -9.9230191175122728e-01  -9.9200536701063557e-01  -9.9171019500781576e-01  -9.9141513796425718e-01  -9.9112093250638467e-01  -9.9082591593504621e-01  -9.9053061325063019e-01  -9.9023294767203818e-01  -9.8993246449736638e-01  -9.8962521873826415e-01  -9.8930729114972993e-01  -9.8896753629066225e-01  -9.8858785746020716e-01  -9.8812822602966222e-01  -9.8751261122993705e-01  -9.8658351614821826e-01  -9.8502847252752013e-01  -9.8221324720401681e-01  -9.7687165454165403e-01  -9.6647883095619691e-01  -9.4610696864519728e-01  -9.0645274714589352e-01  -8.3121789744101926e-01  -6.9592736968064783e-01  -4.7520783435339498e-01  -1.6693998622314277e-01   1.8153870218093882e-01   4.9262105975624293e-01   7.1696387445093268e-01   8.5506965666469226e-01   9.3194830619174640e-01   9.7233821176663882e-01   9.9287508241155487e-01   1.0031061550454328e+00   1.0081062364222546e+00   1.0104844376653697e+00   1.0115529435085682e+00   1.0119718592872133e+00   1.0120670809693355e+00   1.0120039242515044e+00   1.0118617891660828e+00   1.0116827290567709e+00   1.0114853183956742e+00   1.0112810955710989e+00   1.0110733277478554e+00   1.0108656886562648e+00   1.0106578773383608e+00   1.0104517726154614e+00   1.0102462132301941e+00   1.0100424386701317e+00   1.0098390107228743e+00   1.0096369707202839e+00   1.0094348711058541e+00   1.0092337134625526e+00   1.0090320725991586e+00   1.0088309256645438e+00   1.0086288542050046e+00   1.0084268192190589e+00   1.0082234159682628e+00   1.0080196116840714e+00   1.0078140284132728e+00   1.0076076281546464e+00   1.0073989968293235e+00   1.0071889987230991e+00   1.0069761434474913e+00   1.0067613233087656e+00   1.0065432161200425e+00
   1.0065239677545397e+00   1.0062965823316423e+00   1.0060659974412449e+00   1.0058306488331181e+00   1.0055910162382851e+00   1.0053452431615300e+00   1.0050934961522882e+00   1.0048328193852334e+00   1.0045616028519115e+00   1.0042740563578276e+00   1.0039633580394374e+00   1.0036145755220278e+00   1.0032049866602695e+00   1.0026915478216520e+00   1.0020022710829459e+00   1.0010074900821868e+00   9.9948330964077248e-01   9.9703408843242669e-01   9.9297238559890766e-01   9.8610053708785461e-01   9.7436215056567443e-01   9.5427783699183399e-01   9.2014985549942052e-01   8.6314258267179500e-01   7.7089256672278683e-01   6.2925421448231045e-01   4.2860508605459013e-01   1.7461367838915565e-01  -1.0475100086074141e-01  -3.6831627014911794e-01  -5.8336592901555751e-01  -7.3901304317324679e-01  -8.4216851792033931e-01  -9.0659950294849423e-01  -9.4534609242255396e-01  -9.6809450102281980e-01  -9.8123093645805148e-01  -9.8871163737404599e-01  -9.9290004304998858e-01  -9.9518506011433194e-01  -9.9637079998189371e-01  -9.9692393997748618e-01  -9.9711123571716198e-01  -9.9708864454666579e-01  -9.9694392429845791e-01  -9.9672993745654959e-01  -9.9647508761187698e-01  -9.9619801291425925e-01  -9.9590740633642405e-01  -9.9561051886772123e-01  -9.9530946283846422e-01  -9.9500766670595753e-01  -9.9470500151052310e-01  -9.9440359127696798e-01  -9.9410251278591533e-01  -9.9380342966205504e-01  -9.9350509476929694e-01  -9.9320894520360958e-01  -9.9291351391187577e-01  -9.9262008235691446e-01  -9.9232712059820372e-01  -9.9203598418851235e-01  -9.9174514982114292e-01  -9.9145578869742690e-01  -9.9116603995608721e-01  -9.9087703484840695e-01  -9.9058689154151280e-01  -9.9029643977984505e-01  -9.9000310018005944e-01  -9.8970689754833463e-01  -9.8940333055838536e-01  -9.8908882905208861e-01  -9.8875149602310752e-01  -9.8837321867945405e-01  -9.8791232992199007e-01  -9.8729111675612624e-01  -9.8634681425759285e-01  -9.8475798683185412e-01  -9.8186994826618790e-01  -9.7637688855557248e-01  -9.6567208535024196e-01  -9.4467110978669189e-01  -9.0378559580209195e-01  -8.2628451832749761e-01  -6.8728469132037306e-01  -4.6172141962263868e-01  -1.4942451300922971e-01   1.9956085970868531e-01   5.0731220744751804e-01   7.2692620758804571e-01   8.6107410818135521e-01   9.3535587755454253e-01   9.7424023885266575e-01   9.9395815900372775e-01   1.0037577205094286e+00   1.0085348595255526e+00   1.0107991420321787e+00   1.0118105808178464e+00   1.0122014088547464e+00   1.0122837577139503e+00   1.0122150577694660e+00   1.0120714198944927e+00   1.0118927358923329e+00   1.0116966438852053e+00   1.0114937379270981e+00   1.0112875115712783e+00   1.0110814416247753e+00   1.0108753288340757e+00   1.0106706169254391e+00   1.0104662100872448e+00   1.0102631762275820e+00   1.0100602934758074e+00   1.0098585281937249e+00   1.0096565892221510e+00   1.0094553760129894e+00   1.0092535702421810e+00   1.0090520477289793e+00   1.0088494902063974e+00   1.0086467625672426e+00   1.0084425362148690e+00   1.0082376517031344e+00   1.0080307501673795e+00   1.0078226637396623e+00   1.0076120603315586e+00   1.0073998607661427e+00   1.0071847946446133e+00   1.0069677410440290e+00   1.0067472223927316e+00
   1.0067280498490951e+00   1.0064979555737246e+00   1.0062641684274110e+00   1.0060250840355383e+00   1.0057812693752675e+00   1.0055305608599234e+00   1.0052724496605285e+00   1.0050033703043584e+00   1.0047203386383448e+00   1.0044150647458308e+00   1.0040766627288613e+00   1.0036828707785048e+00   1.0031982596171347e+00   1.0025575398424196e+00   1.0016497773871829e+00   1.0002772092619527e+00   9.9809706530709719e-01   9.9450699278855159e-01   9.8846288844679497e-01   9.7816019239497820e-01   9.6053610573091930e-01   9.3051968083480940e-01   8.8011662912180366e-01   7.9776926040974327e-01   6.6936501383676084e-01   4.8323527534730126e-01   2.4025734508587615e-01  -3.6911490323476182e-02  -3.0835645349719965e-01  -5.3727354405227834e-01  -7.0722310934292199e-01  -8.2183515772215621e-01  -8.9419793835773465e-01  -9.3798614142920322e-01  -9.6378039183083686e-01  -9.7870669523831921e-01  -9.8722141722202739e-01  -9.9200470508958849e-01  -9.9462988372828287e-01  -9.9601259315844515e-01  -9.9667944074929227e-01  -9.9693549577960838e-01  -9.9695419070192515e-01  -9.9683716773171005e-01  -9.9664095568286926e-01  -9.9640015058456710e-01  -9.9613281628061290e-01  -9.9585146938025915e-01  -9.9556142980394147e-01  -9.9526785307652188e-01  -9.9497176484042227e-01  -9.9467582259287046e-01  -9.9437956971754071e-01  -9.9408478328332683e-01  -9.9379045634889152e-01  -9.9349802827158284e-01  -9.9320626310815974e-01  -9.9291649946559768e-01  -9.9262742656932135e-01  -9.9234037140359799e-01  -9.9205386101360749e-01  -9.9176903330703181e-01  -9.9148418911411895e-01  -9.9120055209950986e-01  -9.9091648733732485e-01  -9.9063308654092219e-01  -9.9034826537954368e-01  -9.9006294955410434e-01  -9.8977458652280448e-01  -9.8948313651303610e-01  -9.8918407032443456e-01  -9.8887381062979030e-01  -9.8854029798421061e-01  -9.8816528207086551e-01  -9.8770658570198122e-01  -9.8708569593375006e-01  -9.8613790935531320e-01  -9.8453812483359648e-01  -9.8162377065585105e-01  -9.7607340097917905e-01  -9.6524852886448298e-01  -9.4400378903529469e-01  -9.0264096632047519e-01  -8.2426380623426443e-01  -6.8383957300011333e-01  -4.5643974600208681e-01  -1.4265839916949258e-01   2.0644598757683119e-01   5.1288584738295495e-01   7.3070575116061964e-01   8.6337703568441415e-01   9.3670074472127018e-01   9.7503485357074393e-01   9.9445665606582156e-01   1.0041024002654264e+00   1.0088019426710537e+00   1.0110280736244779e+00   1.0120218676292188e+00   1.0124052529064054e+00   1.0124854219512023e+00   1.0124170923939337e+00   1.0122750953038495e+00   1.0120982958678730e+00   1.0119044182865375e+00   1.0117038217632468e+00   1.0114998466056166e+00   1.0112955590570587e+00   1.0110909613027772e+00   1.0108875187556088e+00   1.0106843954584410e+00   1.0104824891401469e+00   1.0102806636721331e+00   1.0100796672957399e+00   1.0098783272933143e+00   1.0096773901095257e+00   1.0094756758412451e+00   1.0092739370005255e+00   1.0090709713771959e+00   1.0088675421774427e+00   1.0086624341170647e+00   1.0084564423565709e+00   1.0082483546823429e+00   1.0080389857230085e+00   1.0078270617793763e+00   1.0076133152585938e+00   1.0073963613792836e+00   1.0071769714373040e+00   1.0069539027220551e+00
   1.0069356028908940e+00   1.0067026097195957e+00   1.0064656500263989e+00   1.0062230413777746e+00   1.0059747477772381e+00   1.0057183427733696e+00   1.0054527157000368e+00   1.0051729972377652e+00   1.0048739445819563e+00   1.0045437938202626e+00   1.0041649728456636e+00   1.0037041571716829e+00   1.0031061528242826e+00   1.0022715494880670e+00   1.0010294873669940e+00   9.9907810625514559e-01   9.9589329325780940e-01   9.9055994940901992e-01   9.8149973075817609e-01   9.6601663641874491e-01   9.3961824004706540e-01   8.9511302154309502e-01   8.2182635347204080e-01   7.0600067763459173e-01   5.3458724918326050e-01   3.0426629360844859e-01   3.2028041856752731e-02  -2.4492660231223606e-01  -4.8682596690806318e-01  -6.7153005488484907e-01  -7.9859729627517029e-01  -8.7986089648894050e-01  -9.2941307638681647e-01  -9.5873301983915926e-01  -9.7574412159703261e-01  -9.8547105423045012e-01  -9.9095116585989251e-01  -9.9397756010807037e-01  -9.9559052442325469e-01  -9.9639256049240232e-01  -9.9672770399246302e-01  -9.9679553947453503e-01  -9.9670846651132661e-01  -9.9653330646469396e-01  -9.9630642483392395e-01  -9.9605097699561229e-01  -9.9577822960951590e-01  -9.9549687297073342e-01  -9.9520986100451381e-01  -9.9492108721747030e-01  -9.9463073444218530e-01  -9.9434108370363739e-01  -9.9405135604477335e-01  -9.9376327252636454e-01  -9.9347569066504060e-01  -9.9319012158323350e-01  -9.9290524155953153e-01  -9.9262241674074980e-01  -9.9234014794266590e-01  -9.9205967516326221e-01  -9.9177945700079739e-01  -9.9150082569552622e-01  -9.9122224882594234e-01  -9.9094486847836982e-01  -9.9066681126252210e-01  -9.9038919568165018e-01  -9.9011013468316200e-01  -9.8983044182291990e-01  -9.8954753181254351e-01  -9.8926142318042753e-01  -9.8896760148787766e-01  -9.8866248281502722e-01  -9.8833412704247536e-01  -9.8796434857350712e-01  -9.8751129918573910e-01  -9.8689692280487085e-01  -9.8595770935933968e-01  -9.8437076663880818e-01  -9.8147842542911190e-01  -9.7596902915887840e-01  -9.6522436460606020e-01  -9.4413844951090975e-01  -9.0308519871129433e-01  -8.2527875262711070e-01  -6.8579062736920415e-01  -4.5961297054269296e-01  -1.4684346232579393e-01   2.0213797809735895e-01   5.0941066766306731e-01   7.2840634737473264e-01   8.6206250401257223e-01   9.3603675165491596e-01   9.7475310955784056e-01   9.9438749037415053e-01   1.0041492831478360e+00   1.0089122469561911e+00   1.0111738602020732e+00   1.0121881665053207e+00   1.0125841983021542e+00   1.0126727214806952e+00   1.0126103016996466e+00   1.0124728423693179e+00   1.0122999504516013e+00   1.0121093077507954e+00   1.0119113601764527e+00   1.0117097185778601e+00   1.0115077449451422e+00   1.0113053495577047e+00   1.0111038615138159e+00   1.0109022981905942e+00   1.0107016243993190e+00   1.0105007328780145e+00   1.0103004877129780e+00   1.0100997080170608e+00   1.0098991905036141e+00   1.0096977250843981e+00   1.0094960861143940e+00   1.0092930628506966e+00   1.0090894197541465e+00   1.0088839343979001e+00   1.0086773456088003e+00   1.0084683969737480e+00   1.0082578148345109e+00   1.0080443666234036e+00   1.0078288670158222e+00   1.0076101464675824e+00   1.0073889692334157e+00   1.0071639323668329e+00
   1.0071463054272274e+00   1.0069107537127420e+00   1.0066706896835695e+00   1.0064239741454386e+00   1.0061707230616181e+00   1.0059075539269147e+00   1.0056322661509691e+00   1.0053379919882777e+00   1.0050164221737772e+00   1.0046496421006954e+00   1.0042104294247987e+00   1.0036477254525911e+00   1.0028762912646980e+00   1.0017436776824686e+00   9.9998744282493968e-01   9.9714602938581975e-01   9.9242028276197647e-01   9.8442405794613697e-01   9.7078945765615821e-01   9.4754005300042354e-01   9.0824135584884902e-01   8.4312021019973526e-01   7.3902178077480962e-01   5.8211056828942120e-01   3.6561012283976557e-01   1.0084973967655825e-01  -1.7892490787807636e-01  -4.3238829570395876e-01  -6.3190940541735885e-01  -7.7228329842529375e-01  -8.6340695595466843e-01  -9.1949051172261964e-01  -9.5285851790701770e-01  -9.7228641162751306e-01  -9.8342385543398758e-01  -9.8971991324194364e-01  -9.9321493033120367e-01  -9.9509929592594026e-01  -9.9605796837732496e-01  -9.9648642441661683e-01  -9.9660957004394346e-01  -9.9655835604023746e-01  -9.9640596024960404e-01  -9.9619628945225724e-01  -9.9595268443192109e-01  -9.9569055162575471e-01  -9.9541697230655435e-01  -9.9513802377387028e-01  -9.9485541861762861e-01  -9.9457209577700356e-01  -9.9428793919652447e-01  -9.9400478481143528e-01  -9.9372186835850362e-01  -9.9344059855801770e-01  -9.9315995048674388e-01  -9.9288113361436181e-01  -9.9260300384106936e-01  -9.9232670454027516e-01  -9.9205106865378168e-01  -9.9177722268342472e-01  -9.9150386244919264e-01  -9.9123190066189804e-01  -9.9095983709193014e-01  -9.9068866101495257e-01  -9.9041697278561114e-01  -9.9014559559925841e-01  -9.8987271155756629e-01  -9.8959896683005222e-01  -9.8932212901290262e-01  -9.8904186741460010e-01  -9.8875407173974417e-01  -9.8845494072747675e-01  -9.8813309704888308e-01  -9.8777045765415150e-01  -9.8732649315555099e-01  -9.8672467969257616e-01  -9.8580594517889852e-01  -9.8425523279936444e-01  -9.8143251563937894e-01  -9.7606079551984515e-01  -9.6559350490740159e-01  -9.4506275675049245e-01  -9.0509465084151342e-01  -8.2928843064254099e-01  -6.9308175813610795e-01  -4.7120021611702767e-01  -1.6201849133078650e-01   1.8648373767968274e-01   4.9667385930870195e-01   7.1983637483295715e-01   8.5699486553587267e-01   9.3327958437571956e-01   9.7334593782530654e-01   9.9372300945273040e-01   1.0038830040656181e+00   1.0088573181369960e+00   1.0112318395240543e+00   1.0123069897958421e+00   1.0127369625493834e+00   1.0128448273833406e+00   1.0127945239846974e+00   1.0126648181581583e+00   1.0124974706187158e+00   1.0123109546696207e+00   1.0121167662997679e+00   1.0119181309793310e+00   1.0117187344863248e+00   1.0115182736266768e+00   1.0113186720428911e+00   1.0111187484867137e+00   1.0109197795959377e+00   1.0107202905152479e+00   1.0105213699636468e+00   1.0103215301881656e+00   1.0101218315161133e+00   1.0099208018107586e+00   1.0097194832964773e+00   1.0095164017539888e+00   1.0093125880825344e+00   1.0091065738387970e+00   1.0088994027708367e+00   1.0086896279244639e+00   1.0084782948264255e+00   1.0082639073982733e+00   1.0080474014927365e+00   1.0078271660770945e+00   1.0076041398343800e+00   1.0073768479251777e+00
   1.0073605220201491e+00   1.0071220629189439e+00   1.0068785515855991e+00   1.0066274995154636e+00   1.0063681041389074e+00   1.0060960421774348e+00   1.0058075419068488e+00   1.0054925744805652e+00   1.0051375383481256e+00   1.0047157077168842e+00   1.0041840655750944e+00   1.0034646570666610e+00   1.0024252126082995e+00   1.0008319654249640e+00   9.9828133345161174e-01   9.9406856848231784e-01   9.8697810713003176e-01   9.7492315600565305e-01   9.5439038421426292e-01   9.1963434403392796e-01   8.6177421473784643e-01   7.6841286148429366e-01   6.2544038226609189e-01   4.2340245123414599e-01   1.6831890784333114e-01  -1.1144506585946379e-01  -3.7455043723213433e-01  -5.8849729753217705e-01  -7.4279677881353101e-01  -8.4468714858210281e-01  -9.0808707571393910e-01  -9.4606553900262380e-01  -9.6827186947310673e-01  -9.8104378543968984e-01  -9.8828737940519429e-01  -9.9233011461383880e-01  -9.9452973378576481e-01  -9.9567227571107708e-01  -9.9620813286384813e-01  -9.9639690539617431e-01  -9.9638573539428543e-01  -9.9626021174385371e-01  -9.9606806593379649e-01  -9.9583818561579251e-01  -9.9558595555886564e-01  -9.9532165713012766e-01  -9.9504997294096786e-01  -9.9477496848893110e-01  -9.9449777546021412e-01  -9.9422037955483133e-01  -9.9394273196700766e-01  -9.9366609393896022e-01  -9.9338999752401069e-01  -9.9311542207929748e-01  -9.9284173219931926e-01  -9.9256976894150040e-01  -9.9229879692505218e-01  -9.9202951050538579e-01  -9.9176104425794032e-01  -9.9149394313583783e-01  -9.9122734742256535e-01  -9.9096186814274390e-01  -9.9069669721486486e-01  -9.9043220274491728e-01  -9.9016728266110288e-01  -9.8990224983384567e-01  -9.8963606248367175e-01  -9.8936867731413292e-01  -9.8909845062793866e-01  -9.8882453783051505e-01  -9.8854355541145189e-01  -9.8825119358866609e-01  -9.8793719194973184e-01  -9.8758345935207625e-01  -9.8715185371766156e-01  -9.8656823460474419e-01  -9.8568113679130143e-01  -9.8418838915955731e-01  -9.8147957158913990e-01  -9.7633514125050769e-01  -9.6632787375745577e-01  -9.4671930231156110e-01  -9.0855665645993955e-01  -8.3608880814531206e-01  -7.0539993151299674e-01  -4.9085898566808278e-01  -1.8803936937313015e-01   1.5924838722525403e-01   4.7417901186662814e-01   7.0449473382394467e-01   8.4780351049447833e-01   9.2819523244168578e-01   9.7067660770678954e-01   9.9238642153441736e-01   1.0032610380701272e+00   1.0086138685886854e+00   1.0111892208472291e+00   1.0123713778395547e+00   1.0128596675814052e+00   1.0129999167769492e+00   1.0129685297144844e+00   1.0128503115529339e+00   1.0126909041585415e+00   1.0125098464573203e+00   1.0123198003698153e+00   1.0121243970901330e+00   1.0119281123187136e+00   1.0117303963159916e+00   1.0115333268527720e+00   1.0113353799320768e+00   1.0111381369422203e+00   1.0109399663643057e+00   1.0107422716830792e+00   1.0105433814564388e+00   1.0103445765174677e+00   1.0101441949407359e+00   1.0099434523593132e+00   1.0097407236685549e+00   1.0095371776099462e+00   1.0093312102203402e+00   1.0091239291275249e+00   1.0089137222542930e+00   1.0087016487373681e+00   1.0084861418816471e+00   1.0082683171486009e+00   1.0080466882994130e+00   1.0078222718458041e+00   1.0075933153689764e+00
   1.0075776407033630e+00   1.0073363939450881e+00   1.0070889219640391e+00   1.0068321671354503e+00   1.0065646730357760e+00   1.0062804478226066e+00   1.0059726695567874e+00   1.0056267695284427e+00   1.0052209246035226e+00   1.0047142239597346e+00   1.0040393535326040e+00   1.0030763135565102e+00   1.0016200146653824e+00   9.9931119033681104e-01   9.9552982238080223e-01   9.8920146351412119e-01   9.7848659370232494e-01   9.6027301505143547e-01   9.2944060972208842e-01   8.7795256283350454e-01   7.9426362246463589e-01   6.6438346180986019e-01   4.7694665842242373e-01   2.3325690008717070e-01  -4.3714259641798980e-02  -3.1413486940919377e-01  -5.4161761600174341e-01  -7.1015455588531595e-01  -8.2360080340994513e-01  -8.9509349625851375e-01  -9.3826611731021237e-01  -9.6364217795763241e-01  -9.7829173321432872e-01  -9.8663128827937219e-01  -9.9130783655751153e-01  -9.9387466695215387e-01  -9.9522998612175595e-01  -9.9589164280757847e-01  -9.9615505677657612e-01  -9.9619042198534025e-01  -9.9609411691119198e-01  -9.9592256948092850e-01  -9.9570713386085807e-01  -9.9546684733717872e-01  -9.9521171628325700e-01  -9.9494854172665215e-01  -9.9468044971662595e-01  -9.9441023579166565e-01  -9.9413877160534558e-01  -9.9386744124613291e-01  -9.9359634002031139e-01  -9.9332628806800027e-01  -9.9305710566710603e-01  -9.9278933050116902e-01  -9.9252267315226517e-01  -9.9225748506808209e-01  -9.9199344045715410e-01  -9.9173079448999990e-01  -9.9146926443216654e-01  -9.9120903667212834e-01  -9.9094974708000838e-01  -9.9069129946527024e-01  -9.9043320530387924e-01  -9.9017539193150583e-01  -9.8991755986127183e-01  -9.8965938699289069e-01  -9.8940025074780658e-01  -9.8913959451620015e-01  -9.8887653018885868e-01  -9.8860949288978273e-01  -9.8833600446113412e-01  -9.8805122667341627e-01  -9.8774622541982104e-01  -9.8740308421902778e-01  -9.8698671059322118e-01  -9.8642635993586636e-01  -9.8558066331602279e-01  -9.8416497450257334e-01  -9.8160854963486677e-01  -9.7676918872368035e-01  -9.6737983341785827e-01  -9.4901071823189820e-01  -9.1327875880098941e-01  -8.4532696216919412e-01  -7.2218711414077807e-01  -5.1793343126692748e-01  -2.2452575743703723e-01   1.2017704145980823e-01   4.4116639258120538e-01   6.8155073023330848e-01   8.3385143444400578e-01   9.2037364495654683e-01   9.6650315303438417e-01   9.9024085205256929e-01   1.0022073688371054e+00   1.0081400147432116e+00   1.0110229135525277e+00   1.0123686579629620e+00   1.0129453678739229e+00   1.0131339756215074e+00   1.0131303815601571e+00   1.0130284623058123e+00   1.0128794065219495e+00   1.0127052585179606e+00   1.0125207096717728e+00   1.0123294418346165e+00   1.0121365396499258e+00   1.0119413827986434e+00   1.0117467373019671e+00   1.0115509349315357e+00   1.0113558663455366e+00   1.0111595704728071e+00   1.0109636373304884e+00   1.0107661447378800e+00   1.0105685775199178e+00   1.0103690871780044e+00   1.0101690747938870e+00   1.0099667453334860e+00   1.0097634291083173e+00   1.0095573893079997e+00   1.0093499145572802e+00   1.0091393388948622e+00   1.0089268992020430e+00   1.0087109182373619e+00   1.0084924540256794e+00   1.0082697238817206e+00   1.0080436952993868e+00   1.0078127028134343e+00
   1.0077977072184192e+00   1.0075527338414016e+00   1.0073001103138144e+00   1.0070360006330958e+00   1.0067569667449001e+00   1.0064546056583521e+00   1.0061177929285079e+00   1.0057243572043697e+00   1.0052393992046733e+00   1.0046001293151425e+00   1.0037008617669871e+00   1.0023562153573755e+00   1.0002481163090964e+00   9.9682369226295808e-01   9.9113212835713738e-01   9.8154109396529299e-01   9.6529000983536584e-01   9.3780874923766833e-01   8.9184650665090537e-01   8.1673574942998939e-01   6.9890169538087421e-01   5.2574664802822069e-01   2.9461670749240920e-01   2.2974428927178825e-02  -2.5216949737682820e-01  -4.9180975474232264e-01  -6.7451425475193372e-01  -8.0012533284965726e-01  -8.8043302514716115e-01  -9.2938862636220021e-01  -9.5834215622599916e-01  -9.7513200780952514e-01  -9.8472744701198900e-01  -9.9013465870938000e-01  -9.9312494174681487e-01  -9.9472704205988827e-01  -9.9553317279481301e-01  -9.9588303541728285e-01  -9.9597113926736414e-01  -9.9590888844321024e-01  -9.9575997033098262e-01  -9.9556081251440176e-01  -9.9533245928040037e-01  -9.9508708207068497e-01  -9.9483197784626598e-01  -9.9457130988746711e-01  -9.9430777461697828e-01  -9.9404276651920431e-01  -9.9377744792797451e-01  -9.9351224192317877e-01  -9.9324781306544041e-01  -9.9298419892121403e-01  -9.9272189099570629e-01  -9.9246072734424506e-01  -9.9220113690325851e-01  -9.9194281365429315e-01  -9.9168614688686607e-01  -9.9143064377247769e-01  -9.9117661331580320e-01  -9.9092336432481531e-01  -9.9067127576887726e-01  -9.9041967467573444e-01  -9.9016905682014489e-01  -9.8991842881008629e-01  -9.8966806739445812e-01  -9.8941686825504549e-01  -9.8916528282428828e-01  -9.8891177609419822e-01  -9.8865635797428986e-01  -9.8839669000967945e-01  -9.8813137794528139e-01  -9.8785489198379128e-01  -9.8755997149560204e-01  -9.8722886072982063e-01  -9.8683019939574623e-01  -9.8629732890897526e-01  -9.8550108650962287e-01  -9.8417794741721432e-01  -9.8180490504847484e-01  -9.7733269429931668e-01  -9.6868662140116812e-01  -9.5180840114264820e-01  -9.1900552443252093e-01  -8.5652785333165160e-01  -7.4266877614204896e-01  -5.5144914145374380e-01  -2.7078254132742308e-01   6.9108512145595880e-02   3.9666799027711214e-01   6.4982508354815727e-01   8.1418729891691333e-01   9.0918534795066253e-01   9.6044787498246198e-01   9.8707047212106691e-01   1.0006010640241145e+00   1.0073687295657849e+00   1.0106956768338062e+00   1.0122782145549818e+00   1.0129824575282382e+00   1.0132408319583477e+00   1.0132763100305231e+00   1.0131971041280008e+00   1.0130621905678114e+00   1.0128971930385802e+00   1.0127189020492613e+00   1.0125323333960030e+00   1.0123434773712134e+00   1.0121518771502360e+00   1.0119603210246446e+00   1.0117670683973852e+00   1.0115741459767660e+00   1.0113796627897214e+00   1.0111853424497568e+00   1.0109892766424888e+00   1.0107929875620374e+00   1.0105946196217617e+00   1.0103955708130150e+00   1.0101940692822287e+00   1.0099914145747761e+00   1.0097858989944228e+00   1.0095787098972626e+00   1.0093681655281415e+00   1.0091553494966929e+00   1.0089386495809360e+00   1.0087191455048075e+00   1.0084953096956131e+00   1.0082680177264915e+00   1.0080353803244633e+00
   1.0080192723077961e+00   1.0077699386694223e+00   1.0075100710675491e+00   1.0072349987182261e+00   1.0069385082714304e+00   1.0066086421588472e+00   1.0062262992426441e+00   1.0057582086067280e+00   1.0051483778600456e+00   1.0042996487852076e+00   1.0030459716583886e+00   1.0011002585792135e+00   9.9796861126633352e-01   9.9280091550206029e-01   9.8414312941588800e-01   9.6953290894632060e-01   9.4488351242713375e-01   9.0365295773788490e-01   8.3604016454937080e-01   7.2907575082156717e-01   5.6950585536025988e-01   3.5152817333124092e-01   8.7346759993443768e-02  -1.8984720161911450e-01  -4.3983071975493621e-01  -6.3620706512028968e-01  -7.7433937293017507e-01  -8.6408331697200391e-01  -9.1938489039642113e-01  -9.5232898991394432e-01  -9.7153209733453927e-01  -9.8255476267136099e-01  -9.8879652763171821e-01  -9.9227257557132698e-01  -9.9415795414695485e-01  -9.9513023929385691e-01  -9.9557935318755697e-01  -9.9572795260107227e-01  -9.9570404751298791e-01  -9.9558009044323881e-01  -9.9539855420846191e-01  -9.9518315499271370e-01  -9.9494850386387568e-01  -9.9470214848649907e-01  -9.9444946224946718e-01  -9.9419267238989406e-01  -9.9393423095460776e-01  -9.9367461761796427e-01  -9.9341533010200134e-01  -9.9315616499231041e-01  -9.9289827157682597e-01  -9.9264110592971666e-01  -9.9238568631651947e-01  -9.9213124249952833e-01  -9.9187873731234277e-01  -9.9162721487659589e-01  -9.9137763301231763e-01  -9.9112892338798120e-01  -9.9088211752087529e-01  -9.9063604945309336e-01  -9.9039169431486052e-01  -9.9014756030775175e-01  -9.8990454222951363e-01  -9.8966114889794088e-01  -9.8941852845295442e-01  -9.8917488695451894e-01  -9.8893112275874784e-01  -9.8868518876715472e-01  -9.8843786204911988e-01  -9.8818612072666123e-01  -9.8792949576890299e-01  -9.8766207170341069e-01  -9.8737804066279267e-01  -9.8706029048115296e-01  -9.8668119202987226e-01  -9.8617918548492178e-01  -9.8543829422323514e-01  -9.8421920597596269e-01  -9.8205170474016090e-01  -9.7799083940001397e-01  -9.7017581878640946e-01  -9.5496416345525104e-01  -9.2544065547269483e-01  -8.6913218468247533e-01  -7.6590027274122163e-01  -5.9012698559637555e-01  -3.2571286428778246e-01   6.1420092858839315e-03   3.3961854424263976e-01   6.0778672757320695e-01   7.8748420763090854e-01   8.9371732716254126e-01   9.5195034033161807e-01   9.8255012168427169e-01   9.9825801468792386e-01   1.0061969783148399e+00   1.0101497329225959e+00   1.0120678035585695e+00   1.0129527115314960e+00   1.0133100641349142e+00   1.0134005694170998e+00   1.0133532365622697e+00   1.0132369938812882e+00   1.0130841630327441e+00   1.0129141064123117e+00   1.0127338034525351e+00   1.0125493261193312e+00   1.0123614032674777e+00   1.0121727381670458e+00   1.0119824445339485e+00   1.0117920156145868e+00   1.0116001119394484e+00   1.0114078163558586e+00   1.0112137976504598e+00   1.0110189870464141e+00   1.0108221310008596e+00   1.0106240453159971e+00   1.0104235434160813e+00   1.0102213420193915e+00   1.0100163288060799e+00   1.0098091501039133e+00   1.0095987783019829e+00   1.0093857709586631e+00   1.0091690839006866e+00   1.0089490223464972e+00   1.0087243767446676e+00   1.0084952170629262e+00   1.0082602921438482e+00
   1.0082412626470736e+00   1.0079850084431148e+00   1.0077142583752983e+00   1.0074225952744336e+00   1.0070988647024846e+00   1.0067250721137428e+00   1.0062705161613206e+00   1.0056831914750428e+00   1.0048740701042520e+00   1.0036915368429851e+00   1.0018748806672428e+00   9.9897770067936853e-01   9.9423438418690613e-01   9.8633921941021985e-01   9.7308328148010492e-01   9.5079557550008409e-01   9.1356439254853505e-01   8.5240806742208985e-01   7.5507303228036049e-01   6.0809914278710964e-01   4.0332616340539484e-01   1.4821784026633977e-01  -1.2845956262267116e-01  -3.8664416182230854e-01  -5.9575530523771236e-01  -7.4645137361389058e-01  -8.4609468321793446e-01  -9.0824500138431496e-01  -9.4557780342873166e-01  -9.6746857427891098e-01  -9.8009573454149024e-01  -9.8728137430752272e-01  -9.9130993166794223e-01  -9.9351793404524358e-01  -9.9468051539858227e-01  -9.9524255662362648e-01  -9.9546022938200107e-01  -9.9547897557864840e-01  -9.9538350493951466e-01  -9.9522121726269863e-01  -9.9502058899605239e-01  -9.9479666697842239e-01  -9.9455959020767959e-01  -9.9431404548069924e-01  -9.9406433915159098e-01  -9.9381168591938851e-01  -9.9355835376030899e-01  -9.9330426712153652e-01  -9.9305097828140398e-01  -9.9279792648702070e-01  -9.9254641886785877e-01  -9.9229567215757797e-01  -9.9204688817564202e-01  -9.9179914120253732e-01  -9.9155357836396540e-01  -9.9130915217228688e-01  -9.9106695774335174e-01  -9.9082577000828320e-01  -9.9058658568795066e-01  -9.9034799370980586e-01  -9.9011105657903187e-01  -9.8987440544656780e-01  -9.8963921082123718e-01  -9.8940378416697383e-01  -9.8916906980788943e-01  -9.8893330467515039e-01  -9.8869763582114989e-01  -9.8845990158889707e-01  -9.8822087900416078e-01  -9.8797774430658458e-01  -9.8773014765879974e-01  -9.8747259611361393e-01  -9.8719999084258669e-01  -9.8689680406937252e-01  -9.8653845206648838e-01  -9.8606981552609452e-01  -9.8538788468843275e-01  -9.8428015946713199e-01  -9.8233107276965526e-01  -9.7870707516838884e-01  -9.7177157961661342e-01  -9.5832291073696518e-01  -9.3227225043814888e-01  -8.8254145843527509e-01  -7.9083121118115096e-01  -6.3242830919119553e-01  -3.8775085935983078e-01  -6.8152776883300459e-02   2.6904784878921562e-01   5.5359333964693547e-01   7.5197404544395707e-01   8.7268579529538925e-01   9.4019798068871996e-01   9.7619878733931986e-01   9.9490227191400427e-01   1.0044683250159012e+00   1.0092967384905354e+00   1.0116872862127599e+00   1.0128275840437029e+00   1.0133254916632501e+00   1.0134935898777742e+00   1.0134910940609196e+00   1.0134010147594978e+00   1.0132648057527935e+00   1.0131049404186527e+00   1.0129322509966341e+00   1.0127532673540498e+00   1.0125703645626540e+00   1.0123854192521624e+00   1.0121986026800036e+00   1.0120106590480991e+00   1.0118212944414360e+00   1.0116308657980180e+00   1.0114389267598582e+00   1.0112456296838648e+00   1.0110505124888816e+00   1.0108536224781559e+00   1.0106545384597712e+00   1.0104532284408676e+00   1.0102492996677794e+00   1.0100426155563433e+00   1.0098327673771985e+00   1.0096195000724004e+00   1.0094024135482702e+00   1.0091811957513288e+00   1.0089554119002295e+00   1.0087243651401236e+00   1.0084869170786053e+00
   1.0084600134838275e+00   1.0081934367308016e+00   1.0079056512793065e+00   1.0075869277273000e+00   1.0072194382762154e+00   1.0067748839310240e+00   1.0062035730175192e+00   1.0054236720129359e+00   1.0042940092451298e+00   1.0025759101979590e+00   9.9986045100686094e-01   9.9545213457621262e-01   9.8816673967612279e-01   9.7600842409316257e-01   9.5565835905868035e-01   9.2175604322315752e-01   8.6607078503470247e-01   7.7711009582709145e-01   6.4153724507782228e-01   4.4954753133194120e-01   2.0454933589376967e-01  -6.9325569097186068e-02  -3.3338571608688078e-01  -5.5387940312339246e-01  -7.1682164697484407e-01  -8.2661101777140533e-01  -8.9601180015895610e-01  -9.3809051404477206e-01  -9.6293234343139467e-01  -9.7733903052252435e-01  -9.8558096325653033e-01  -9.9023034299110890e-01  -9.9280369090434706e-01  -9.9418115639691196e-01  -9.9487187676019573e-01  -9.9516687430442952e-01  -9.9523462200269575e-01  -9.9517034629347778e-01  -9.9502994264587297e-01  -9.9484412558644597e-01  -9.9463215279982775e-01  -9.9440401067682893e-01  -9.9416698077759980e-01  -9.9392401311887080e-01  -9.9367826064161702e-01  -9.9343035178830363e-01  -9.9318214104882296e-01  -9.9293352397886880e-01  -9.9268588606733332e-01  -9.9243880268814677e-01  -9.9219341924790905e-01  -9.9194912084326292e-01  -9.9170690590276656e-01  -9.9146601723672911e-01  -9.9122734094864351e-01  -9.9099000167037410e-01  -9.9075481248468189e-01  -9.9052085608699292e-01  -9.9028894916734056e-01  -9.9005814830037031e-01  -9.8982912907140963e-01  -9.8960069123895666e-01  -9.8937335384382541e-01  -9.8914602514321448e-01  -9.8891940896609065e-01  -9.8869220417665293e-01  -9.8846478537786597e-01  -9.8823575436835642e-01  -9.8800534090886216e-01  -9.8777142080973235e-01  -9.8753315094446803e-01  -9.8728620315746862e-01  -9.8702541507275432e-01  -9.8673772753701094e-01  -9.8640079057240260e-01  -9.8596700784674729e-01  -9.8534556481052371e-01  -9.8435226011276389e-01  -9.8262563577469997e-01  -9.7944582871548369e-01  -9.7340071811148210e-01  -9.6173491480582407e-01  -9.3919807805733224e-01  -8.9616550290103580e-01  -8.1638365811488134e-01  -6.7663986809498122e-01  -4.5484906613619713e-01  -1.5251425773960947e-01   1.8437519807863872e-01   4.8521946481562606e-01   7.0539950890519854e-01   8.4432684998237195e-01   9.2402737497137433e-01   9.6730993612488481e-01   9.9012146335551732e-01   1.0019458032763728e+00   1.0080012119010644e+00   1.0110589877974359e+00   1.0125623915610882e+00   1.0132608797419906e+00   1.0135403328383756e+00   1.0136019172763890e+00   1.0135485240855560e+00   1.0134353416942454e+00   1.0132898427922761e+00   1.0131274979803562e+00   1.0129551592001445e+00   1.0127777292929210e+00   1.0125966701386149e+00   1.0124138429298093e+00   1.0122289733719181e+00   1.0120429254681211e+00   1.0118549428339119e+00   1.0116656467003402e+00   1.0114741821986586e+00   1.0112810931952352e+00   1.0110854871285442e+00   1.0108878559593923e+00   1.0106872830295091e+00   1.0104842300182182e+00   1.0102777708096335e+00   1.0100683447399663e+00   1.0098549642545374e+00   1.0096379036769401e+00   1.0094158586425324e+00   1.0091886627939894e+00   1.0089545112947598e+00   1.0087126254228038e+00
   1.0086705590537615e+00   1.0083863459807356e+00   1.0080707714036550e+00   1.0077078900011256e+00   1.0072688131033032e+00   1.0067078471692570e+00   1.0059461893542296e+00   1.0048527337861328e+00   1.0032037004882330e+00   1.0006220421642527e+00   9.9646610523224100e-01   9.8965276245005152e-01   9.7835925199415141e-01   9.5956407979700842e-01   9.2837691755820473e-01   8.7724167910062312e-01   7.9541884519311823e-01   6.6992353150451622e-01   4.8990598700759930e-01   2.5548116827819822e-01  -1.3723726267157788e-02  -2.8131079912380513e-01  -5.1148957406331619e-01  -6.8597504500762008e-01  -8.0589036279188642e-01  -8.8279423812059898e-01  -9.2990750673123845e-01  -9.5793287301581376e-01  -9.7428474696271938e-01  -9.8369103944505176e-01  -9.8903104458929503e-01  -9.9201191759175622e-01  -9.9363117109534749e-01  -9.9446577036815642e-01  -9.9484857962877316e-01  -9.9497056338878420e-01  -9.9494155950823904e-01  -9.9482428588027116e-01  -9.9465536405743882e-01  -9.9445577082616821e-01  -9.9423794574196722e-01  -9.9400885239458170e-01  -9.9377296023687467e-01  -9.9353287403190693e-01  -9.9329057068595927e-01  -9.9304717003119569e-01  -9.9280364461713844e-01  -9.9256049641268684e-01  -9.9231826448561167e-01  -9.9207721810130645e-01  -9.9183769014289402e-01  -9.9159984745734642e-01  -9.9136387461442343e-01  -9.9112987678915065e-01  -9.9089791148533113e-01  -9.9066803491159616e-01  -9.9044016566185433e-01  -9.9021425633560933e-01  -9.8999003089660986e-01  -9.8976734544345779e-01  -9.8954590153215505e-01  -9.8932571320284513e-01  -9.8910648568745430e-01  -9.8888801722488451e-01  -9.8866966766938880e-01  -9.8845132227838417e-01  -9.8823244411155298e-01  -9.8801269957724280e-01  -9.8779110093413236e-01  -9.8756698087297745e-01  -9.8733832876743655e-01  -9.8710258296721576e-01  -9.8685392789907045e-01  -9.8658235617168399e-01  -9.8626709832373272e-01  -9.8586862216966464e-01  -9.8530738785536209e-01  -9.8442758508460271e-01  -9.8291965658016955e-01  -9.8017494175466091e-01  -9.7499779097466099e-01  -9.6506645973866623e-01  -9.4594768766692505e-01  -9.0946703850995503e-01  -8.4153565557409193e-01  -7.2099723005108485e-01  -5.2455313548973170e-01  -2.4481760956481008e-01   8.5802132826176103e-02   4.0073040944430538e-01   6.4502928768011403e-01   8.0627598001316014e-01   9.0179025717480932e-01   9.5484875044426565e-01   9.8329855324561999e-01   9.9826882531985317e-01   1.0060545144171782e+00   1.0100614412993854e+00   1.0120865129434948e+00   1.0130746116839819e+00   1.0135160156210583e+00   1.0136703717742879e+00   1.0136709975835128e+00   1.0135905905750355e+00   1.0134650655212065e+00   1.0133161648742872e+00   1.0131531686139137e+00   1.0129831313804005e+00   1.0128075669255432e+00   1.0126293149603680e+00   1.0124479195614253e+00   1.0122650228533343e+00   1.0120795999616461e+00   1.0118928047011388e+00   1.0117034225231070e+00   1.0115123974389726e+00   1.0113184815576437e+00   1.0111225176828631e+00   1.0109232550063587e+00   1.0107214347673079e+00   1.0105157544345005e+00   1.0103067899470279e+00   1.0100931175497632e+00   1.0098751089235447e+00   1.0096511612160468e+00   1.0094212156174078e+00   1.0091828209654030e+00   1.0089342522997904e+00
   1.0088621421381594e+00   1.0085487465333982e+00   1.0081870177417116e+00   1.0077497909527520e+00   1.0071919634127031e+00   1.0064384607623806e+00   1.0053633245233036e+00   1.0037558234910784e+00   1.0012609854568557e+00   9.9728104864756262e-01   9.9081100495382102e-01   9.8016977704231611e-01   9.6257829734639511e-01   9.3354414686332299e-01   8.8609887036514157e-01   8.1021865615282496e-01   6.9340643274740765e-01   5.2425316470479522e-01   3.0033206090254605e-01   3.7165184621131164e-02  -2.3173724583041272e-01  -4.6965644152877811e-01  -6.5460625943984929e-01  -7.8431647827672357e-01  -8.6878380158536994e-01  -9.2111536562695551e-01  -9.5250722681987865e-01  -9.7094591823932053e-01  -9.8161609048955512e-01  -9.8771194677123386e-01  -9.9114251834563005e-01  -9.9302949181676070e-01  -9.9402457527834931e-01  -9.9450500269133402e-01  -9.9468752199232779e-01  -9.9469724124746939e-01  -9.9460582640697526e-01  -9.9445519958848427e-01  -9.9426894142256672e-01  -9.9406131271802423e-01  -9.9384027104512029e-01  -9.9361137108593101e-01  -9.9337741924909628e-01  -9.9314083594859293e-01  -9.9290247842168744e-01  -9.9266371617881344e-01  -9.9242479570835229e-01  -9.9218678119457537e-01  -9.9194964740827263e-01  -9.9171428606078471e-01  -9.9148046164140324e-01  -9.9124893327543628e-01  -9.9101929183868753e-01  -9.9079218744363107e-01  -9.9056705287089530e-01  -9.9034445248723935e-01  -9.9012369631146102e-01  -9.8990535030792692e-01  -9.8968867860756238e-01  -9.8947427023395895e-01  -9.8926118187358969e-01  -9.8904979481274402e-01  -9.8883895005128841e-01  -9.8862923408110959e-01  -9.8841961985335058e-01  -9.8821056889649117e-01  -9.8800065180717855e-01  -9.8779039097706134e-01  -9.8757818845852519e-01  -9.8736410051689916e-01  -9.8714561371589205e-01  -9.8692129565616415e-01  -9.8668528139580480e-01  -9.8642988729680836e-01  -9.8613650067195979e-01  -9.8577259909192771e-01  -9.8527006119176674e-01  -9.8449916734698983e-01  -9.8320000135016805e-01  -9.8086737200484697e-01  -9.7650893049167153e-01  -9.6820756236280470e-01  -9.5229917529479402e-01  -9.2199759356422450e-01  -8.6539886395983956e-01  -7.6383195845239282e-01  -5.9417934465964384e-01  -3.4203712616298643e-01  -2.5255429290418741e-02   2.9875804863615768e-01   5.6781511737337997e-01   7.5547113747004158e-01   8.7118347815439146e-01   9.3730521984187576e-01   9.7350753118503919e-01   9.9288602886375488e-01   1.0031321970686846e+00   1.0085036202333044e+00   1.0112871773142977e+00   1.0126989909400894e+00   1.0133802856668237e+00   1.0136718301435210e+00   1.0137527189601789e+00   1.0137202208870777e+00   1.0136249126071810e+00   1.0134952402549844e+00   1.0133452530061871e+00   1.0131839999952117e+00   1.0130153105562190e+00   1.0128423823778507e+00   1.0126657911029575e+00   1.0124867844171186e+00   1.0123049960541122e+00   1.0121210793560635e+00   1.0119344445288578e+00   1.0117455043999994e+00   1.0115536071415967e+00   1.0113590073174434e+00   1.0111610272926193e+00   1.0109597902148879e+00   1.0107545888592677e+00   1.0105453843836949e+00   1.0103313103041340e+00   1.0101118911540847e+00   1.0098856222053507e+00   1.0096509647089844e+00   1.0094050461597781e+00   1.0091442289274735e+00
   1.0090169138196898e+00   1.0086531912526941e+00   1.0082128648036490e+00   1.0076508625166121e+00   1.0068936385450187e+00   1.0058188139786308e+00   1.0042239349782573e+00   1.0017698028583013e+00   9.9789081120208589e-01   9.9164175729225368e-01   9.8145219802785921e-01   9.6473781432495875e-01   9.3733373718275470e-01   8.9277372634465468e-01   8.2168772854540695e-01   7.1213748208508021e-01   5.5252493922611934e-01   3.3857927463056980e-01   8.2287986227377208e-02  -1.8598369185105257e-01  -4.2957215546657745e-01  -6.2356659768149769e-01  -7.6240705920655383e-01  -8.5426320798101196e-01  -9.1185808488682685e-01  -9.4672473069201724e-01  -9.6735456211507553e-01  -9.7937004507679626e-01  -9.8627891289654723e-01  -9.9019774828277174e-01  -9.9237718212382819e-01  -9.9354888789695750e-01  -9.9413668520174348e-01  -9.9438619432949271e-01  -9.9443844842351070e-01  -9.9437566470900618e-01  -9.9424440826329918e-01  -9.9407241630621068e-01  -9.9387530718785322e-01  -9.9366320743705172e-01  -9.9344134556137087e-01  -9.9321364180246474e-01  -9.9298183604705570e-01  -9.9274801731629059e-01  -9.9251291403313535e-01  -9.9227793133417763e-01  -9.9204327383465429e-01  -9.9180995381143822e-01  -9.9157789822562248e-01  -9.9134793003801325e-01  -9.9111982509725816e-01  -9.9089428939452084e-01  -9.9067097370930735e-01  -9.9045048934274438e-01  -9.9023237515201978e-01  -9.9001715559758796e-01  -9.8980424387960364e-01  -9.8959402033922717e-01  -9.8938571813265430e-01  -9.8917959036522052e-01  -9.8897488419274793e-01  -9.8877200004523547e-01  -9.8857022117094417e-01  -9.8836969412750297e-01  -9.8816938583880343e-01  -9.8796953908285412e-01  -9.8776929248153555e-01  -9.8756867548943994e-01  -9.8736647657534049e-01  -9.8716252067923960e-01  -9.8695486885121975e-01  -9.8674197081831816e-01  -9.8651917929363409e-01  -9.8627965411229501e-01  -9.8600817991926748e-01  -9.8567726209172135e-01  -9.8523084921785198e-01  -9.8456151555182858e-01  -9.8345641123433714e-01  -9.8150252884222799e-01  -9.7789368881952710e-01  -9.7107672683782442e-01  -9.5808861961020741e-01  -9.3342122570340813e-01  -8.8727794279197592e-01  -8.0371766143491441e-01  -6.6107696628696078e-01  -4.4042020193254194e-01  -1.4583137545568559e-01   1.7918473857990069e-01   4.7080559908092778e-01   6.8815664111334374e-01   8.2906185497120344e-01   9.1249262568259348e-01   9.5935772288273502e-01   9.8494974248267619e-01   9.9872589291778291e-01   1.0060819873763551e+00   1.0099821146094505e+00   1.0120242064560949e+00   1.0130654534974419e+00   1.0135642865885137e+00   1.0137677124943754e+00   1.0138080440775581e+00   1.0137578372251697e+00   1.0136563281166477e+00   1.0135257507164146e+00   1.0133776648562820e+00   1.0132189919036465e+00   1.0130530238946267e+00   1.0128822216021791e+00   1.0127074017994930e+00   1.0125295547890238e+00   1.0123486004928093e+00   1.0121649694855459e+00   1.0119782487240516e+00   1.0117886508742708e+00   1.0115956199945948e+00   1.0113992314602926e+00   1.0111987770884394e+00   1.0109941167415974e+00   1.0107842394588238e+00   1.0105685917473968e+00   1.0103456014766388e+00   1.0101139091431557e+00   1.0098705933063641e+00   1.0096118931992086e+00   1.0093307622008409e+00
   1.0091007500961207e+00   1.0086510683161825e+00   1.0080759966188939e+00   1.0073013377582813e+00   1.0062069090151164e+00   1.0045932316971355e+00   1.0021315870495047e+00   9.9827688063400000e-01   9.9212733584621104e-01   9.8219389334851281e-01   9.6604391213330154e-01   9.3977358750165318e-01   8.9733616166721675e-01   8.2993980661286870e-01   7.2622829355938556e-01   5.7468630893977490e-01   3.6981478019716973e-01   1.2072635268156173e-01  -1.4532116725831323e-01  -3.9249971319666138e-01  -5.9383924260121113e-01  -7.4080874757252269e-01  -8.3961195024692881e-01  -9.0234339075506609e-01  -9.4069310462458855e-01  -9.6356523582373443e-01  -9.7697922077403221e-01  -9.8474499148216721e-01  -9.8918348330864925e-01  -9.9167762712518570e-01  -9.9304016582824517e-01  -9.9374516159397863e-01  -9.9406749788491588e-01  -9.9416662351405272e-01  -9.9413449010239474e-01  -9.9402443122402706e-01  -9.9386748434055783e-01  -9.9368202963092556e-01  -9.9347867351700681e-01  -9.9326384549311775e-01  -9.9304157850426589e-01  -9.9281470808970973e-01  -9.9258510063989480e-01  -9.9235406823330174e-01  -9.9212250338935482e-01  -9.9189114316769977e-01  -9.9166061364466807e-01  -9.9143146164670137e-01  -9.9120417636262437e-01  -9.9097911791286519e-01  -9.9075662646349394e-01  -9.9053686937073016e-01  -9.9032005349094265e-01  -9.9010616242947669e-01  -9.8989528423426842e-01  -9.8968723987899421e-01  -9.8948204457364530e-01  -9.8927945020868824e-01  -9.8907949151491037e-01  -9.8888186939482203e-01  -9.8868647327205550e-01  -9.8849270733490791e-01  -9.8830033308721255e-01  -9.8810890716397259e-01  -9.8791844053709910e-01  -9.8772827322908574e-01  -9.8753812995992840e-01  -9.8734736622956154e-01  -9.8715573272767854e-01  -9.8696212534383021e-01  -9.8676577037410895e-01  -9.8656444077741223e-01  -9.8635515707145238e-01  -9.8613127543942314e-01  -9.8588125699426810e-01  -9.8558150931928290e-01  -9.8518747496590586e-01  -9.8461090548701935e-01  -9.8368149650508174e-01  -9.8206681269841001e-01  -9.7912534248010841e-01  -9.7362227017971692e-01  -9.6321236918035225e-01  -9.4352371679828284e-01  -9.0670338015916863e-01  -8.3958506313315873e-01  -7.2292256274806099e-01  -5.3589428496535452e-01  -2.7136775815497372e-01   4.3917673677125069e-02   3.5193166873270049e-01   6.0013262568245995e-01   7.7129684126753584e-01   8.7729388223347748e-01   9.3876888699932304e-01   9.7315249662827563e-01   9.9203382908534488e-01   1.0023097549280227e+00   1.0078744749863386e+00   1.0108682582371202e+00   1.0124585482069364e+00   1.0132771983935387e+00   1.0136698510397000e+00   1.0138240265815741e+00   1.0138444619739466e+00   1.0137874237864410e+00   1.0136857871924345e+00   1.0135568341121162e+00   1.0134118054862404e+00   1.0132558266374532e+00   1.0130929752576814e+00   1.0129243631103053e+00   1.0127516978541453e+00   1.0125748374204453e+00   1.0123946734114273e+00   1.0122106185154041e+00   1.0120231882011077e+00   1.0118315628874410e+00   1.0116359903309509e+00   1.0114354362865652e+00   1.0112298275505973e+00   1.0110177486438645e+00   1.0107984545730684e+00   1.0105694851886744e+00   1.0103283303185724e+00   1.0100698694479249e+00   1.0097875555377620e+00   1.0094700986220138e+00
   1.0090535688762390e+00   1.0084537319139071e+00   1.0076457308913633e+00   1.0065074911369167e+00   1.0048395387646143e+00   1.0023164067770800e+00   9.9840413329449185e-01   9.9222665822842193e-01   9.8235100706068135e-01   9.6645397034695457e-01   9.4083285144017714e-01   8.9977891447603275e-01   8.3499976296146472e-01   7.3570992504599309e-01   5.9067399473794924e-01   3.9368839784501652e-01   1.5167895595723402e-01  -1.1094123522151900e-01  -3.5972041089171058e-01  -5.6650189568513198e-01  -7.2027980373592537e-01  -8.2530399055247039e-01  -8.9284463126328950e-01  -9.3456285409784434e-01  -9.5965748888089308e-01  -9.7448531100421942e-01  -9.8313119741638422e-01  -9.8811088652163392e-01  -9.9093634884718895e-01  -9.9250189517556042e-01  -9.9333235337841896e-01  -9.9373330508130553e-01  -9.9388289759410764e-01  -9.9388390478152966e-01  -9.9379666420049340e-01  -9.9365592874934916e-01  -9.9348243482247089e-01  -9.9328790708889969e-01  -9.9308016551807632e-01  -9.9286365228285778e-01  -9.9264168981274947e-01  -9.9241584697400187e-01  -9.9218786385045710e-01  -9.9195856877698318e-01  -9.9172932687993443e-01  -9.9150062609969059e-01  -9.9127349910253937e-01  -9.9104812139997300e-01  -9.9082529418535814e-01  -9.9060500261797113e-01  -9.9038790045143887e-01  -9.9017382759508243e-01  -9.8996330402797295e-01  -9.8975603763766651e-01  -9.8955242855925640e-01  -9.8935205950799565e-01  -9.8915520171103033e-01  -9.8896125459641315e-01  -9.8877031369821022e-01  -9.8858162399998473e-01  -9.8839533105700106e-01  -9.8821082329218402e-01  -9.8802832057319678e-01  -9.8784691751080833e-01  -9.8766655506927037e-01  -9.8748642948502652e-01  -9.8730674122300655e-01  -9.8712645805655552e-01  -9.8694554878970187e-01  -9.8676285916819229e-01  -9.8657792787219811e-01  -9.8638861058569949e-01  -9.8619271996673841e-01  -9.8598452171555695e-01  -9.8575494650713136e-01  -9.8548466306848470e-01  -9.8513828484567312e-01  -9.8464517213927816e-01  -9.8387081267329102e-01  -9.8255309519284229e-01  -9.8019028028092392e-01  -9.7582021983469303e-01  -9.6762352909266114e-01  -9.5220733600021856e-01  -9.2343532537953821e-01  -8.7078225242012020e-01  -7.7797301401525198e-01  -6.2463156974292033e-01  -3.9613804000185748e-01  -1.0254896286885640e-01   2.1117153758633123e-01   4.8746296173231385e-01   6.9282931480428833e-01   8.2739813718947786e-01   9.0866611298535682e-01   9.5548002236655616e-01   9.8178714671824907e-01   9.9639974850488577e-01   1.0044765194581982e+00   1.0089277438323767e+00   1.0113679816642602e+00   1.0126882003056243e+00   1.0133802729906802e+00   1.0137164810484860e+00   1.0138488143545827e+00   1.0138629025074857e+00   1.0138073689477005e+00   1.0137098075921172e+00   1.0135860867425870e+00   1.0134454242198450e+00   1.0132933254592076e+00   1.0131330380119576e+00   1.0129664814966690e+00   1.0127947205235741e+00   1.0126182915280344e+00   1.0124374074668623e+00   1.0122520039229395e+00   1.0120618732100470e+00   1.0118665298788807e+00   1.0116653286129871e+00   1.0114571706910667e+00   1.0112405874380381e+00   1.0110132686172104e+00   1.0107720234506397e+00   1.0105119196596135e+00   1.0102256227908064e+00   1.0099013368411902e+00   1.0095205321110299e+00
   1.0087635000658810e+00   1.0079013151448544e+00   1.0066891679669732e+00   1.0049238255809789e+00   1.0022762702441070e+00   9.9821306568672497e-01   9.9186747564024713e-01   9.8183735905784286e-01   9.6586957051273981e-01   9.4040550753689323e-01   8.9999813168507536e-01   8.3677487823514496e-01   7.4049255357332799e-01   6.0033749728602859e-01   4.0984445910844125e-01   1.7442267599284483e-01  -8.3942047489162563e-02  -3.3248704251617245e-01  -5.4267867467309361e-01  -7.0166167456131345e-01  -8.1189416083287758e-01  -8.8369813407436637e-01  -9.2852697345734581e-01  -9.5573820681484167e-01  -9.7194618344430450e-01  -9.8146845403457572e-01  -9.8699649029655689e-01  -9.9016229486217244e-01  -9.9193920521250867e-01  -9.9290143271651088e-01  -9.9338586252760586e-01  -9.9358905058618663e-01  -9.9362569418111624e-01  -9.9356269931838537e-01  -9.9343918509136775e-01  -9.9327795695916077e-01  -9.9309287821732872e-01  -9.9289233722794590e-01  -9.9268147770466209e-01  -9.9246346135033048e-01  -9.9224068059018955e-01  -9.9201495423129338e-01  -9.9178775225025617e-01  -9.9156010067157441e-01  -9.9133285415912686e-01  -9.9110670336152684e-01  -9.9088232758849981e-01  -9.9066031368617136e-01  -9.9044119561997901e-01  -9.9022539400611309e-01  -9.9001324041842254e-01  -9.8980495796115575e-01  -9.8960067619415337e-01  -9.8940042602277933e-01  -9.8920414914783095e-01  -9.8901171463571957e-01  -9.8882293433959734e-01  -9.8863763022489104e-01  -9.8845559406321903e-01  -9.8827663042942016e-01  -9.8810033850468981e-01  -9.8792625601106776e-01  -9.8775382732751305e-01  -9.8758282877954273e-01  -9.8741295011725527e-01  -9.8724380505632992e-01  -9.8707476750516610e-01  -9.8690558097800063e-01  -9.8673566993468265e-01  -9.8656448088827586e-01  -9.8639107343087196e-01  -9.8621424143547110e-01  -9.8603156702326045e-01  -9.8583906592024595e-01  -9.8562881198977892e-01  -9.8538616550807356e-01  -9.8508249487858457e-01  -9.8466323708977777e-01  -9.8402287334840055e-01  -9.8295952220363247e-01  -9.8108660453217755e-01  -9.7766979345348048e-01  -9.7132404768904190e-01  -9.5947426741966424e-01  -9.3744135733120437e-01  -8.9707169772633155e-01  -8.2521199848107174e-01  -7.0360956878804481e-01  -5.1413649840850950e-01  -2.5321480684682218e-01   5.1818224455184025e-02   3.4783486643776840e-01   5.8819150292556333e-01   7.5716445794067133e-01   8.6461634713736579e-01   9.2885806247763636e-01   9.6597852725267630e-01   9.8707387533557511e-01   9.9898145741170574e-01   1.0056907506251354e+00   1.0094673246159498e+00   1.0115855933170081e+00   1.0127592123855143e+00   1.0133909240526775e+00   1.0137075154071147e+00   1.0138389229130618e+00   1.0138589828274618e+00   1.0138116075945502e+00   1.0137218609075749e+00   1.0136053455894529e+00   1.0134705465297462e+00   1.0133232404013257e+00   1.0131661660111233e+00   1.0130016223491927e+00   1.0128302491568395e+00   1.0126529269506261e+00   1.0124693391457329e+00   1.0122795561293831e+00   1.0120825648420650e+00   1.0118776331519259e+00   1.0116627987836537e+00   1.0114359654559373e+00   1.0111931715998987e+00   1.0109291676851153e+00   1.0106350912374289e+00   1.0102980862797892e+00   1.0098976425288564e+00   1.0094026951060571e+00
   1.0080271035681443e+00   1.0067021485167529e+00   1.0047847505289182e+00   1.0019351423777261e+00   9.9760877548519056e-01   9.9093233903239808e-01   9.8050838672758589e-01   9.6411639726696963e-01   9.3828713083911053e-01   8.9776458338697052e-01   8.3502008472295586e-01   7.4031972573092708e-01   6.0338025890981495e-01   4.1785419101328436e-01   1.8826275607555276e-01  -6.5332642282505238e-02  -3.1198398981266739e-01  -5.2348778920244499e-01  -6.8583801896311514e-01  -7.9999479862889333e-01  -8.7529217316242736e-01  -9.2281713584233827e-01  -9.5194066642238906e-01  -9.6943632486176967e-01  -9.7979809245095129e-01  -9.8586284642477606e-01  -9.8936818318237307e-01  -9.9135921416948813e-01  -9.9245693889593734e-01  -9.9302802188231409e-01  -9.9328751449198827e-01  -9.9336170667744506e-01  -9.9332436246160871e-01  -9.9321884852653486e-01  -9.9307064880159446e-01  -9.9289530580286667e-01  -9.9270183541610324e-01  -9.9249604227757082e-01  -9.9228167179223636e-01  -9.9206167289324731e-01  -9.9183780468209237e-01  -9.9161157093617691e-01  -9.9138395416980252e-01  -9.9115621237140439e-01  -9.9092922868238487e-01  -9.9070408441032831e-01  -9.9048138556765486e-01  -9.9026192756838571e-01  -9.9004605835117077e-01  -9.8983436382024648e-01  -9.8962698738046473e-01  -9.8942433182508183e-01  -9.8922633638009649e-01  -9.8903323094897044e-01  -9.8884476664835019e-01  -9.8866101818033547e-01  -9.8848155020000283e-01  -9.8830623966152109e-01  -9.8813443327530914e-01  -9.8796587087260390e-01  -9.8779994848636909e-01  -9.8763661161189908e-01  -9.8747533158100742e-01  -9.8731579151182880e-01  -9.8715717044034679e-01  -9.8699934444683712e-01  -9.8684177914744553e-01  -9.8668419320372924e-01  -9.8652584345531524e-01  -9.8636649253480924e-01  -9.8620510650617210e-01  -9.8604086436431737e-01  -9.8587163542156353e-01  -9.8569441903649913e-01  -9.8550278877195074e-01  -9.8528549523289199e-01  -9.8502012898508484e-01  -9.8466485552772787e-01  -9.8413868710059171e-01  -9.8328837974287941e-01  -9.8182173967293496e-01  -9.7918807760959425e-01  -9.7435359671746735e-01  -9.6540381386540364e-01  -9.4885499696401265e-01  -9.1857331624185279e-01  -8.6435947764221566e-01  -7.7099039056263297e-01  -6.2018064064043710e-01  -3.9959500868003450e-01  -1.1882165393364807e-01   1.8248410435990403e-01   4.5286879974348349e-01   6.5992285576873488e-01   8.0052496019521868e-01   8.8869838517154143e-01   9.4145760411474677e-01   9.7225888267594673e-01   9.9004783549084430e-01   1.0002910155427867e+00   1.0061933010214061e+00   1.0095983909092587e+00   1.0115598423878378e+00   1.0126795060232163e+00   1.0133030776509080e+00   1.0136307583382638e+00   1.0137793982350816e+00   1.0138176255518723e+00   1.0137862144143961e+00   1.0137096880543430e+00   1.0136030708453776e+00   1.0134755479595328e+00   1.0133328126607100e+00   1.0131782253113257e+00   1.0130137803465042e+00   1.0128403957709176e+00   1.0126583505875644e+00   1.0124672024674679e+00   1.0122659593678820e+00   1.0120527537448951e+00   1.0118247736698271e+00   1.0115776191292285e+00   1.0113048424149609e+00   1.0109966694018648e+00   1.0106385433105547e+00   1.0102080569268650e+00   1.0096706234074984e+00   1.0089719538719839e+00
   1.0064668614385093e+00   1.0043251638026871e+00   1.0011728417042300e+00   9.9644251812596984e-01   9.8923638538226766e-01   9.7813506995616817e-01   9.6091319105002082e-01   9.3413900053511079e-01   8.9268198620599137e-01   8.2929089767121855e-01   7.3471421149192584e-01   5.9929784280351905e-01   4.1714879004454125e-01   1.9247924582147585e-01  -5.6047541480780838e-02  -2.9929518732525295e-01  -5.0998718537354437e-01  -6.7368425792175080e-01  -7.9024195636237993e-01  -8.6804758042240926e-01  -9.1769464871813233e-01  -9.4842029189500021e-01  -9.6704571182372279e-01  -9.7817127515317182e-01  -9.8473890030114730e-01  -9.8857042308543697e-01  -9.9077148269169690e-01  -9.9200465486169997e-01  -9.9266362123455820e-01  -9.9298108066950719e-01  -9.9309418485846201e-01  -9.9308362914913217e-01  -9.9299691413890034e-01  -9.9286236006866946e-01  -9.9269675435251448e-01  -9.9251022536441647e-01  -9.9230929778887322e-01  -9.9209833223649457e-01  -9.9188011525994502e-01  -9.9165660901791353e-01  -9.9142952675923923e-01  -9.9120047198562411e-01  -9.9097083032974875e-01  -9.9074171695612101e-01  -9.9051408584493994e-01  -9.9028879615320209e-01  -9.9006668880992177e-01  -9.8984851479876212e-01  -9.8963495972882187e-01  -9.8942653846320816e-01  -9.8922367213956441e-01  -9.8902657035773223e-01  -9.8883536879907274e-01  -9.8864996944904759e-01  -9.8847024430544983e-01  -9.8829583865386061e-01  -9.8812645470025573e-01  -9.8796164099794437e-01  -9.8780108959152546e-01  -9.8764431730990909e-01  -9.8749085001939740e-01  -9.8733992995929154e-01  -9.8719099306778224e-01  -9.8704357961012923e-01  -9.8689747061510147e-01  -9.8675205394949195e-01  -9.8660685662326741e-01  -9.8646145093612769e-01  -9.8631552328995786e-01  -9.8616841093452234e-01  -9.8601963684981953e-01  -9.8586816157282120e-01  -9.8571263984119550e-01  -9.8555034878123404e-01  -9.8537668522095090e-01  -9.8518259401509456e-01  -9.8495138584438080e-01  -9.8465089839782105e-01  -9.8422062012541023e-01  -9.8354549122377710e-01  -9.8240914281138969e-01  -9.8040510623525767e-01  -9.7677681532175531e-01  -9.7012822195930182e-01  -9.5792434826718886e-01  -9.3567423739389066e-01  -8.9575932786273094e-01  -8.2621539001145206e-01  -7.1081378014414254e-01  -5.3350271069058963e-01  -2.9011450767019475e-01  -2.0496974877722840e-03   2.8570314962021148e-01   5.2923306496867273e-01   7.0872381983136967e-01   8.2844793917638915e-01   9.0338330619974849e-01   9.4862029901449008e-01   9.7544835552358333e-01   9.9125613515563793e-01   1.0005705314900757e+00   1.0060750197339288e+00   1.0093390088537222e+00   1.0112763357888073e+00   1.0124208314794252e+00   1.0130851231163149e+00   1.0134547077705642e+00   1.0136402390379442e+00   1.0137090770007127e+00   1.0137019232566367e+00   1.0136441348173015e+00   1.0135510661283780e+00   1.0134325773067894e+00   1.0132944449565979e+00   1.0131403739580171e+00   1.0129720257278769e+00   1.0127900987885179e+00   1.0125938256018938e+00   1.0123815983636311e+00   1.0121501267171342e+00   1.0118946214542157e+00   1.0116074408984637e+00   1.0112774308643822e+00   1.0108873812280155e+00   1.0104114914883646e+00   1.0098101284790320e+00   1.0090229954292878e+00   1.0079568663420224e+00
   1.0033882942491634e+00   9.9979872198368280e-01   9.9448077557549097e-01   9.8649145097618196e-01   9.7436175733994634e-01   9.5582344143027587e-01   9.2743262372988244e-01   8.8412588691470462e-01   8.1887773586470503e-01   7.2291107480758765e-01   5.8731139268153798e-01   4.0695745171341879e-01   1.8627928974573199e-01  -5.6960726869445089e-02  -2.9537597431667961e-01  -5.0311897690373719e-01  -6.6601077960639909e-01  -7.8325206126309643e-01  -8.6239070548739716e-01  -9.1343522268866795e-01  -9.4534715048723272e-01  -9.6487612901150199e-01  -9.7664761475211814e-01  -9.8365932397813105e-01  -9.8778908882319549e-01  -9.9018791477908974e-01  -9.9155177855258170e-01  -9.9229741388830717e-01  -9.9267303179221189e-01  -9.9282575306924969e-01  -9.9284271166629945e-01  -9.9277547356822105e-01  -9.9265485344487669e-01  -9.9249904761902974e-01  -9.9231939657242585e-01  -9.9212299763451584e-01  -9.9191439306803586e-01  -9.9169651452653274e-01  -9.9147190343178182e-01  -9.9124257240701052e-01  -9.9101020367168002e-01  -9.9077600855430259e-01  -9.9054129838808369e-01  -9.9030731442986120e-01  -9.9007545832339794e-01  -9.8984689459399711e-01  -9.8962278239684531e-01  -9.8940397396168689e-01  -9.8919130760505281e-01  -9.8898532013982587e-01  -9.8878651547082397e-01  -9.8859508588207801e-01  -9.8841116476048108e-01  -9.8823459587358919e-01  -9.8806517099977043e-01  -9.8790243788641385e-01  -9.8774590192415046e-01  -9.8759483509899781e-01  -9.8744849747199370e-01  -9.8730602990056382e-01  -9.8716681264653616e-01  -9.8703028397562353e-01  -9.8689600182822756e-01  -9.8676320076727220e-01  -9.8663123171503009e-01  -9.8649963153935838e-01  -9.8636816092987356e-01  -9.8623624998801063e-01  -9.8610353911694992e-01  -9.8596960279623491e-01  -9.8583395222056636e-01  -9.8569581231927805e-01  -9.8555409742815980e-01  -9.8540675119622845e-01  -9.8525022074701984e-01  -9.8507770333253697e-01  -9.8487660482684602e-01  -9.8462298338101972e-01  -9.8427194383398098e-01  -9.8373892477635305e-01  -9.8286590957617970e-01  -9.8135845719686043e-01  -9.7867221481078137e-01  -9.7380894172280152e-01  -9.6496221249541503e-01  -9.4892642066692789e-01  -9.2019594599626264e-01  -8.6982734276841644e-01  -7.8468180293126533e-01  -6.4886950449139769e-01  -4.5042583179209389e-01  -1.9373481493324873e-01   9.1753293852310125e-02   3.6161385612571656e-01   5.8110760953849327e-01   7.3949424059609981e-01   8.4463357273479667e-01   9.1090984461195357e-01   9.5152173958202868e-01   9.7609099407349653e-01   9.9090693430468701e-01   9.9986235960936487e-01   1.0053026902161644e+00   1.0086256999135994e+00   1.0106626732747761e+00   1.0119104201738134e+00   1.0126673025574344e+00   1.0131141973735622e+00   1.0133615319084548e+00   1.0134778532114388e+00   1.0135059129687751e+00   1.0134728403121922e+00   1.0133956028441946e+00   1.0132849180937034e+00   1.0131470549008066e+00   1.0129854514574685e+00   1.0128010640689218e+00   1.0125929860020142e+00   1.0123580336417064e+00   1.0120906863699921e+00   1.0117819302168320e+00   1.0114182651587746e+00   1.0109792606655050e+00   1.0104346295029691e+00   1.0097387540500535e+00   1.0088228403434127e+00   1.0075816276349554e+00   1.0058534318626480e+00
   9.9750661679805441e-01   9.9135328285768687e-01   9.8224671662552987e-01   9.6863869507122058e-01   9.4817909384478227e-01   9.1736513631178196e-01   8.7115347999187187e-01   8.0271511036551035e-01   7.0377374249179248e-01   5.6629792894863251e-01   3.8625658136112845e-01   1.6876821529226732e-01  -6.8885888412687390e-02  -3.0102001263104466e-01  -5.0365221878469790e-01  -6.6350184302754744e-01  -7.7957204267032021e-01  -8.5871954192407840e-01  -9.1030840301883076e-01  -9.4289464250005184e-01  -9.6303518310150404e-01  -9.7529233345813260e-01  -9.8266309718448708e-01  -9.8704740746816966e-01  -9.8962246344190441e-01  -9.9110692396700428e-01  -9.9193497412113207e-01  -9.9236723880957345e-01  -9.9255935426733288e-01  -9.9260406394104639e-01  -9.9255664012321643e-01  -9.9245007534154084e-01  -9.9230411835604948e-01  -9.9213104761772508e-01  -9.9193833633256268e-01  -9.9173078168871609e-01  -9.9151184270779691e-01  -9.9128424297857909e-01  -9.9104984643486815e-01  -9.9081025709570625e-01  -9.9056708813928274e-01  -9.9032217683153034e-01  -9.9007720420486711e-01  -9.8983378865981519e-01  -9.8959334837341006e-01  -9.8935737177990568e-01  -9.8912721886511989e-01  -9.8890426567527612e-01  -9.8868961455068216e-01  -9.8848423433950638e-01  -9.8828870557185811e-01  -9.8810339695778793e-01  -9.8792826430686898e-01  -9.8776304326198583e-01  -9.8760710862750078e-01  -9.8745968984400467e-01  -9.8731979622040511e-01  -9.8718646816460964e-01  -9.8705867769595756e-01  -9.8693549289849858e-01  -9.8681580181517514e-01  -9.8669853533919682e-01  -9.8658265879696860e-01  -9.8646764036144585e-01  -9.8635299424281198e-01  -9.8623819483419217e-01  -9.8612261190036332e-01  -9.8600606585918660e-01  -9.8588819092056101e-01  -9.8576867862135054e-01  -9.8564711731097998e-01  -9.8552304928244672e-01  -9.8539555095374598e-01  -9.8526323205288402e-01  -9.8512331751488103e-01  -9.8497090024990563e-01  -9.8479653606953155e-01  -9.8458279563438844e-01  -9.8429678648615115e-01  -9.8387746087249783e-01  -9.8321114661712394e-01  -9.8208819034514749e-01  -9.8012344426381559e-01  -9.7661611981974206e-01  -9.7030412501845831e-01  -9.5895188805475706e-01  -9.3869587034663893e-01  -9.0312705758148204e-01  -8.4233007501503987e-01  -7.4278489721119501e-01  -5.9018939243499169e-01  -3.7752463201836206e-01  -1.1625653147023435e-01   1.6044723612697931e-01   4.1214602842120951e-01   6.1222827812075709e-01   7.5556929727910527e-01   8.5123493082711799e-01   9.1239533548411500e-01   9.5061708087514318e-01   9.7428333997093919e-01   9.8892488257426914e-01   9.9802047232714652e-01   1.0037087288436828e+00   1.0072921575454099e+00   1.0095631009249011e+00   1.0110057324017587e+00   1.0119183631136006e+00   1.0124863702610070e+00   1.0128259915841653e+00   1.0130106336303777e+00   1.0130870525579252e+00   1.0130850233976263e+00   1.0130233925080998e+00   1.0129135466181243e+00   1.0127616175655336e+00   1.0125695382634416e+00   1.0123355650534656e+00   1.0120540990719151e+00   1.0117150311919334e+00   1.0113023182121281e+00   1.0107916584517633e+00   1.0101467202649486e+00   1.0093132823762863e+00   1.0082101687932323e+00   1.0067153628692442e+00   1.0046445717051966e+00   1.0017177526580738e+00
   9.8646469241180479e-01   9.7579071279046481e-01   9.6011311726377524e-01   9.3696048880614580e-01   9.0273112601369698e-01   8.5237299405760802e-01   7.7925904398487389e-01   6.7569331684208700e-01   5.3472484833405676e-01   3.5374373015913063e-01   1.3895634093708986e-01  -9.2546570662301875e-02  -3.1681072938163257e-01  -5.1212140227537495e-01  -6.6665258727404642e-01  -7.7962643879820503e-01  -8.5736550561976799e-01  -9.0855302954698991e-01  -9.4122486480012024e-01  -9.6162818812241369e-01  -9.7417187448300124e-01  -9.8179132241663114e-01  -9.8637062641075723e-01  -9.8909065426922860e-01  -9.9067985045715812e-01  -9.9158263520282697e-01  -9.9206809313264144e-01  -9.9229824754793650e-01  -9.9237032507843215e-01  -9.9234264089101565e-01  -9.9225009311831358e-01  -9.9211379593989690e-01  -9.9194665469283894e-01  -9.9175649954915945e-01  -9.9154851111498910e-01  -9.9132632225746797e-01  -9.9109235862322709e-01  -9.9084847686222821e-01  -9.9059662985809083e-01  -9.9033879455500173e-01  -9.9007678431025392e-01  -9.8981230430106382e-01  -9.8954726601768173e-01  -9.8928383856835822e-01  -9.8902439498987493e-01  -9.8877128110957213e-01  -9.8852674592594836e-01  -9.8829278771946827e-01  -9.8807114938793883e-01  -9.8786317203171281e-01  -9.8766978820182794e-01  -9.8749140668013491e-01  -9.8732794401815571e-01  -9.8717880384166889e-01  -9.8704295917403884e-01  -9.8691901070137833e-01  -9.8680527889921099e-01  -9.8669987318468322e-01  -9.8660082092536383e-01  -9.8650621013666995e-01  -9.8641445135270533e-01  -9.8632429214993400e-01  -9.8623471153888964e-01  -9.8614460615969257e-01  -9.8605309036770517e-01  -9.8595971672010307e-01  -9.8586431323836188e-01  -9.8576651210332078e-01  -9.8566616867525791e-01  -9.8556319574270590e-01  -9.8545743179479306e-01  -9.8534858796973623e-01  -9.8523618591605366e-01  -9.8511919673579129e-01  -9.8499576180973103e-01  -9.8486224837406056e-01  -9.8471193903106136e-01  -9.8453215121406223e-01  -9.8429940443561648e-01  -9.8397007861019703e-01  -9.8346392956847750e-01  -9.8263377998748047e-01  -9.8121184492669600e-01  -9.7871425856518257e-01  -9.7427581190050683e-01  -9.6636973898151846e-01  -9.5235484509390234e-01  -9.2779836766404622e-01  -8.8562004984579734e-01  -8.1542502106315395e-01  -7.0412283174866919e-01  -5.3980859323915475e-01  -3.2013298211969410e-01  -6.1143077487583353e-02   2.0380956300660286e-01   4.3942633245231577e-01   6.2513825916519139e-01   7.5873655566631726e-01   8.4911362560828607e-01   9.0804095454263556e-01   9.4574195285429441e-01   9.6969677164977319e-01   9.8492913286621531e-01   9.9466669301737309e-01   1.0009397897791850e+00   1.0050152615833299e+00   1.0076830965846559e+00   1.0094375603394972e+00   1.0105902126329300e+00   1.0113390645212579e+00   1.0118112220489355e+00   1.0120886043117712e+00   1.0122241512610071e+00   1.0122514820441966e+00   1.0121911970621154e+00   1.0120543065963687e+00   1.0118444026467568e+00   1.0115582501377567e+00   1.0111856852849617e+00   1.0107081782762044e+00   1.0100964442628149e+00   1.0093061623155943e+00   1.0082715941029785e+00   1.0068954722291450e+00   1.0050337141387027e+00   1.0024715518853875e+00   9.9888706868150501e-01   9.9379537738795665e-01
   9.6598859491364353e-01   9.4745283340259234e-01   9.2060944929106425e-01   8.8173199166938321e-01   8.2576105733577287e-01   7.4633114068851403e-01   6.3648176723883110e-01   4.9060918465768083e-01   3.0786182185941779e-01   9.5825013583342167e-02  -1.2849825548186239e-01  -3.4304731675508515e-01  -5.2875817764836575e-01  -6.7570715953826188e-01  -7.8366577266339166e-01  -8.5855469025149433e-01  -9.0835091513800759e-01  -9.4047201190788809e-01  -9.6074834617529414e-01  -9.7334830656818627e-01  -9.8108419761339449e-01  -9.8578438232555876e-01  -9.8860877651150225e-01  -9.9028102723230127e-01  -9.9124730865766564e-01  -9.9178038679263436e-01  -9.9204597009085127e-01  -9.9214428957485223e-01  -9.9213583066855793e-01  -9.9205698325446179e-01  -9.9192982434468735e-01  -9.9176765765744057e-01  -9.9157861862238084e-01  -9.9136798859232600e-01  -9.9113907544235902e-01  -9.9089404829685668e-01  -9.9063487304769648e-01  -9.9036337834595434e-01  -9.9008110319876297e-01  -9.8978965727014945e-01  -9.8949119136653574e-01  -9.8918842192307288e-01  -9.8888440058452209e-01  -9.8858237452735465e-01  -9.8828578488288077e-01  -9.8799826249094558e-01  -9.8772349712936691e-01  -9.8746502846596973e-01  -9.8722597871043072e-01  -9.8700882716738736e-01  -9.8681521553834550e-01  -9.8664582586354266e-01  -9.8650034410181675e-01  -9.8637746881056665e-01  -9.8627506132481291e-01  -9.8619028484284765e-01  -9.8611991058328508e-01  -9.8606053822879292e-01  -9.8600888388492791e-01  -9.8596186234833216e-01  -9.8591662524472989e-01  -9.8587062367469680e-01  -9.8582187890272022e-01  -9.8576922727535599e-01  -9.8571202831763283e-01  -9.8564973816413060e-01  -9.8558205361899220e-01  -9.8550917635660451e-01  -9.8543133749443446e-01  -9.8534874051632904e-01  -9.8526166705184648e-01  -9.8517025310643436e-01  -9.8507441929207307e-01  -9.8497371077167328e-01  -9.8486695800121060e-01  -9.8475174794784404e-01  -9.8462335827541725e-01  -9.8447288963215696e-01  -9.8428375959885039e-01  -9.8402543038119739e-01  -9.8364199710174494e-01  -9.8303186916106888e-01  -9.8201162645952567e-01  -9.8025274552811892e-01  -9.7717216526486506e-01  -9.7174734553544684e-01  -9.6221361868109245e-01  -9.4559603531158976e-01  -9.1705594921026556e-01  -8.6916576046290894e-01  -7.9158856565540026e-01  -6.7230691536076415e-01  -5.0203291642751979e-01  -2.8196627151053361e-01  -3.0103028607987081e-02   2.2229691483409891e-01   4.4485699510717536e-01   6.2093191467778241e-01   7.4932428288388131e-01   8.3795533062635119e-01   8.9716656934413785e-01   9.3607190365221060e-01   9.6149212448919175e-01   9.7812680509543926e-01   9.8907613617445522e-01   9.9634152140147192e-01   1.0012040228435926e+00   1.0044832213704944e+00   1.0067051688105437e+00   1.0082094240808479e+00   1.0092163400401002e+00   1.0098696716150859e+00   1.0102630279023699e+00   1.0104566661216481e+00   1.0104876025166516e+00   1.0103759239210870e+00   1.0101280092257654e+00   1.0097379421027954e+00   1.0091869155623363e+00   1.0084410553942802e+00   1.0074469079310415e+00   1.0061242248697821e+00   1.0043544624268526e+00   1.0019633812861994e+00   9.9869454133751923e-01   9.9416969813418044e-01   9.8782940045496648e-01   9.7884482761514913e-01
   9.2856439741657482e-01   8.9674531097017185e-01   8.5170328912046667e-01   7.8842406778245377e-01   7.0094471070343756e-01   5.8329267143350461e-01   4.3154619287685952e-01   2.4691633631497567e-01   3.8482044032080220e-02  -1.7698676528022617e-01  -3.7964000017770316e-01  -5.5341735138658799e-01  -6.9060250180429850e-01  -7.9172171569643057e-01  -8.6237328227105903e-01  -9.0980196262453794e-01  -9.4072573170003515e-01  -9.6046624173710360e-01  -9.7287302119524277e-01  -9.8057735854428385e-01  -9.8531266061965606e-01  -9.8819275828251640e-01  -9.8992104177121298e-01  -9.9093616552215680e-01  -9.9150915203004519e-01  -9.9180624699310616e-01  -9.9192887683068109e-01  -9.9193864465389026e-01  -9.9187281394562343e-01  -9.9175393543377899e-01  -9.9159545882299038e-01  -9.9140553149920130e-01  -9.9118904039374134e-01  -9.9094870382559297e-01  -9.9068631341022950e-01  -9.9040322077478427e-01  -9.9010025436675941e-01  -9.8977828466314621e-01  -9.8943887309777190e-01  -9.8908427421172251e-01  -9.8871723060383565e-01  -9.8834114773111492e-01  -9.8796042157340935e-01  -9.8758053201540674e-01  -9.8720782050716238e-01  -9.8684911150064747e-01  -9.8651130874982684e-01  -9.8620097457417111e-01  -9.8592390643994587e-01  -9.8568470719369050e-01  -9.8548641197559972e-01  -9.8533023387421159e-01  -9.8521543587708882e-01  -9.8513943092526746e-01  -9.8509796515312642e-01  -9.8508553567102608e-01  -9.8509575319499332e-01  -9.8512186635628107e-01  -9.8515716785340346e-01  -9.8519553757927558e-01  -9.8523185739454888e-01  -9.8526224575695454e-01  -9.8528386155460934e-01  -9.8529461346067515e-01  -9.8529328586303644e-01  -9.8527976747633061e-01  -9.8525459378159519e-01  -9.8521840783863202e-01  -9.8517217763940101e-01  -9.8511704888185070e-01  -9.8505400688506417e-01  -9.8498394825711932e-01  -9.8490750468803168e-01  -9.8482492313827996e-01  -9.8473584980215456e-01  -9.8463894352130976e-01  -9.8453116508525573e-01  -9.8440648152422872e-01  -9.8425349593302958e-01  -9.8405118425074245e-01  -9.8376125414960502e-01  -9.8331460879478705e-01  -9.8258754695017703e-01  -9.8136041355229731e-01  -9.7924667329715032e-01  -9.7557348070445138e-01  -9.6918567946313328e-01  -9.5813695129837628e-01  -9.3923524213910459e-01  -9.0745548115588481e-01  -8.5538634052881668e-01  -7.7323221224927585e-01  -6.5042064454966098e-01  -4.7999019188848180e-01  -2.6520559643413072e-01  -2.3815882051558046e-02   2.1622085935654578e-01   4.2870015641463632e-01   5.9919067639514090e-01   7.2621711481251949e-01   8.1621861045468802e-01   8.7807581443313953e-01   9.1993139792134437e-01   9.4810195596615876e-01   9.6708784376275991e-01   9.7995347276583600e-01   9.8873714462038731e-01   9.9478025545193716e-01   9.9896329038495879e-01   1.0018652518590698e+00   1.0038682936849486e+00   1.0052250970951269e+00   1.0061022554017955e+00   1.0066077749844085e+00   1.0068085652568179e+00   1.0067409029541476e+00   1.0064163155904999e+00   1.0058236968004302e+00   1.0049284403501719e+00   1.0036682972703450e+00   1.0019455933426922e+00   9.9961447118309743e-01   9.9646138552100139e-01   9.9217571912993452e-01   9.8630618016253857e-01   9.7819650878585240e-01   9.6689245008071911e-01   9.5101086387613065e-01
   8.6175431946414327e-01   8.0875530866692968e-01   7.3633002473292741e-01   6.3917036011526274e-01   5.1264821682124062e-01   3.5488805250222633e-01   1.6934600277891587e-01  -3.3563853703967805e-02  -2.3773804707384272e-01  -4.2598053789763118e-01  -5.8550531605091904e-01  -7.1092544071606611e-01  -8.0357579470826035e-01  -8.6874246955828749e-01  -9.1290455979536067e-01  -9.4201683828024507e-01  -9.6082009761446274e-01  -9.7278046471098856e-01  -9.8029800999438210e-01  -9.8497550426208258e-01  -9.8785683516330369e-01  -9.8960985661335710e-01  -9.9065621632435019e-01  -9.9125943777579106e-01  -9.9158286518670824e-01  -9.9172707005743688e-01  -9.9175355251959640e-01  -9.9169966321784631e-01  -9.9158787179307839e-01  -9.9143138261055186e-01  -9.9123784531479475e-01  -9.9101124198841617e-01  -9.9075332378039460e-01  -9.9046471683468396e-01  -9.9014506840958560e-01  -9.8979357354645869e-01  -9.8940987171036987e-01  -9.8899417198888229e-01  -9.8854722040254384e-01  -9.8807092762186222e-01  -9.8756912639884886e-01  -9.8704780178476947e-01  -9.8651493342085916e-01  -9.8598032250125778e-01  -9.8545540871685333e-01  -9.8495290927730872e-01  -9.8448613907783256e-01  -9.8406810394925570e-01  -9.8371045886617625e-01  -9.8342251992515273e-01  -9.8321042183480367e-01  -9.8307653821619190e-01  -9.8301925751333852e-01  -9.8303308493807684e-01  -9.8310917938968601e-01  -9.8323609890789787e-01  -9.8340087980180080e-01  -9.8359006891613288e-01  -9.8379078725814073e-01  -9.8399142905966475e-01  -9.8418214004571536e-01  -9.8435511091608285e-01  -9.8450494062071880e-01  -9.8462878101527185e-01  -9.8472578367226959e-01  -9.8479629403665969e-01  -9.8484171655939856e-01  -9.8486448482645073e-01  -9.8486729239351412e-01  -9.8485280929307717e-01  -9.8482369269592163e-01  -9.8478224692680238e-01  -9.8473038366552601e-01  -9.8466950063246927e-01  -9.8460034003832153e-01  -9.8452274426830932e-01  -9.8443520142255736e-01  -9.8433398631186475e-01  -9.8421159862337571e-01  -9.8405392764398913e-01  -9.8383522377483845e-01  -9.8350922918664585e-01  -9.8299375553477564e-01  -9.8214410681046815e-01  -9.8070792515926430e-01  -9.7824962721894826e-01  -9.7402670072677511e-01  -9.6679328001727138e-01  -9.5450297201273471e-01  -9.3389459354851512e-01  -9.0000068670622080e-01  -8.4577218778862484e-01  -7.6231675124412246e-01  -6.4061338960957515e-01  -4.7545209084735440e-01  -2.7074654177795959e-01  -4.2430724364591499e-02   1.8540023371395831e-01   3.8999879121997333e-01   5.5798838775288351e-01   6.8677421982562414e-01   7.8092217966800825e-01   8.4774182422824174e-01   8.9441956918686039e-01   9.2682684661557468e-01   9.4933121460055236e-01   9.6502068436602406e-01   9.7602004031014045e-01   9.8377133204311995e-01   9.8924736920553424e-01   9.9310292401453881e-01   9.9577795917002898e-01   9.9756625581247294e-01   9.9866043887017764e-01   9.9918069372719409e-01   9.9919253765532356e-01   9.9871655018942329e-01   9.9773209718395983e-01   9.9617563784549690e-01   9.9393367419890355e-01   9.9082932852528138e-01   9.8660079580252813e-01   9.8086870145203631e-01   9.7308823991796145e-01   9.6248059767075156e-01   9.4793735987542749e-01   9.2789216367541760e-01   9.0015915907269106e-01
   7.4738451930687555e-01   6.6411888972171396e-01   5.5618502534343828e-01   4.2072355995480670e-01   2.5819294687637306e-01   7.4209909246143235e-02  -1.2000107499338519e-01  -3.0969979353638261e-01  -4.8081263770149746e-01  -6.2392901260558609e-01  -7.3589459324074846e-01  -8.1874930189794504e-01  -8.7740830436446782e-01  -9.1754513739639698e-01  -9.4430798773515878e-01  -9.6180843158575302e-01  -9.7308286512520970e-01  -9.8026138478148694e-01  -9.8478675191577048e-01  -9.8761215851527928e-01  -9.8935597825343979e-01  -9.9041382453928706e-01  -9.9103603015086705e-01  -9.9137951588233308e-01  -9.9154182758703169e-01  -9.9158301822385109e-01  -9.9153962483726787e-01  -9.9143339589083268e-01  -9.9127673269974381e-01  -9.9107614241070885e-01  -9.9083408737747303e-01  -9.9055053251731673e-01  -9.9022367195086658e-01  -9.8985025729039067e-01  -9.8942658823808383e-01  -9.8894896350314798e-01  -9.8841375863619219e-01  -9.8781839568103769e-01  -9.8716257660027018e-01  -9.8644882894360708e-01  -9.8568284343358847e-01  -9.8487413987494299e-01  -9.8403675284851910e-01  -9.8318934399682112e-01  -9.8235461790780743e-01  -9.8155814648947071e-01  -9.8082681063462207e-01  -9.8018690446908607e-01  -9.7966208843303515e-01  -9.7927133165332880e-01  -9.7902714965001658e-01  -9.7893435994975597e-01  -9.7898954209220745e-01  -9.7918134095388898e-01  -9.7949147646435142e-01  -9.7989646780045525e-01  -9.8036963379613096e-01  -9.8088333897326963e-01  -9.8141103416022646e-01  -9.8192914284971167e-01  -9.8241844458142724e-01  -9.8286478746760086e-01  -9.8325891002105581e-01  -9.8359579217947224e-01  -9.8387426759004981e-01  -9.8409661539290638e-01  -9.8426735227630735e-01  -9.8439197438610826e-01  -9.8447667330111788e-01  -9.8452775711929030e-01  -9.8455100662703521e-01  -9.8455160387653917e-01  -9.8453390724826506e-01  -9.8450138388437280e-01  -9.8445655227651951e-01  -9.8440086972852714e-01  -9.8433449272259699e-01  -9.8425577288682975e-01  -9.8416027556281804e-01  -9.8403897164902221e-01  -9.8387499253874089e-01  -9.8363794146327055e-01  -9.8327404920841588e-01  -9.8268938236609449e-01  -9.8172155483384493e-01  -9.8009281067818166e-01  -9.7733362706298332e-01  -9.7266141656263605e-01  -9.6479471106878933e-01  -9.5168402859110079e-01  -9.3015776471464817e-01  -8.9553904715614130e-01  -8.4142420631059212e-01  -7.6004545821593905e-01  -6.4386045929750746e-01  -4.8880049088114252e-01  -2.9835215783135755e-01  -8.5669720030862928e-02   1.2927507578423925e-01   3.2679940337277047e-01   4.9400973185509012e-01   6.2672865440362047e-01   7.2732508178468847e-01   8.0132072134682431e-01   8.5481528010951502e-01   8.9317472835607048e-01   9.2062289852021151e-01   9.4028731836202506e-01   9.5440525625293449e-01   9.6454645766972180e-01   9.7180000116087695e-01   9.7691497182444564e-01   9.8040074825907797e-01   9.8259576118594993e-01   9.8371323596548343e-01   9.8386991883245067e-01   9.8310227349495749e-01   9.8137252579616363e-01   9.7856584904071597e-01   9.7447852162909299e-01   9.6879591426204514e-01   9.6105796512209729e-01   9.5060880047205032e-01   9.3652639514698743e-01   9.1752849084216703e-01   8.9185422733910991e-01   8.5713090070066911e-01   8.1025809154747552e-01
   5.6527106909182201e-01   4.4678988630136873e-01   3.0411835185152025e-01   1.4006872403277348e-01  -3.8093467390539371e-02  -2.1923556928852939e-01  -3.9079833717337509e-01  -5.4215001204681668e-01  -6.6709296958222197e-01  -7.6438111192191249e-01  -8.3652179709796903e-01  -8.8795111322690079e-01  -9.2350010974811747e-01  -9.4749161754985378e-01  -9.6338667045133364e-01  -9.7376695697100213e-01  -9.8046813068805960e-01  -9.8475215707068631e-01  -9.8746553068026999e-01  -9.8916564271140861e-01  -9.9021420054809228e-01  -9.9084314381558847e-01  -9.9119961189034045e-01  -9.9137597596729687e-01  -9.9142945172106423e-01  -9.9139479906464256e-01  -9.9129231797047790e-01  -9.9113290970928025e-01  -9.9092117390182932e-01  -9.9065718328931007e-01  -9.9033783653489416e-01  -9.8995729180029157e-01  -9.8950759649554620e-01  -9.8897947957708443e-01  -9.8836245135173773e-01  -9.8764569130988367e-01  -9.8681965951688455e-01  -9.8587712685585194e-01  -9.8481424179131360e-01  -9.8363251469371682e-01  -9.8234093838466163e-01  -9.8095733120499462e-01  -9.7950883832084989e-01  -9.7803185040502316e-01  -9.7657115086691082e-01  -9.7517802462726544e-01  -9.7390716816957923e-01  -9.7281268960167044e-01  -9.7194357923074115e-01  -9.7133927277710408e-01  -9.7102582174771435e-01  -9.7101322276850921e-01  -9.7129428655037153e-01  -9.7184518479133675e-01  -9.7262771888995236e-01  -9.7359287352320423e-01  -9.7468537715973858e-01  -9.7584844942451565e-01  -9.7702831282726832e-01  -9.7817770163464901e-01  -9.7925822715534849e-01  -9.8024161095470297e-01  -9.8111009971778040e-01  -9.8185593169108476e-01  -9.8247948493971371e-01  -9.8298689233642589e-01  -9.8338839412841850e-01  -9.8369696835213871e-01  -9.8392634428459824e-01  -9.8408986704391899e-01  -9.8419996645422614e-01  -9.8426749790190515e-01  -9.8430161174810460e-01  -9.8430970729007317e-01  -9.8429748131522188e-01  -9.8426900278824425e-01  -9.8422670239972287e-01  -9.8417119104087103e-01  -9.8410075040308453e-01  -9.8401027096742255e-01  -9.8388925634229230e-01  -9.8371826845887200e-01  -9.8346277624012135e-01  -9.8306271860406669e-01  -9.8241507651966598e-01  -9.8134522352518938e-01  -9.7956065101844358e-01  -9.7657782388114911e-01  -9.7160984520122184e-01  -9.6340087595020507e-01  -9.4999715233764914e-01  -9.2846340121520055e-01  -8.9460470271978965e-01  -8.4285876343366328e-01  -7.6668168072430332e-01  -6.5986559772683406e-01  -5.1902038175321441e-01  -3.4658707187412918e-01  -1.5250389046134116e-01   4.7499037933477428e-02   2.3679853012513202e-01   4.0300317804731423e-01   5.4030893205369857e-01   6.4869576954378094e-01   7.3161292253634957e-01   7.9379830648128546e-01   8.3990711704983489e-01   8.7389460843342293e-01   8.9886686096261847e-01   9.1715247105320041e-01   9.3044702672324608e-01   9.3995973076548744e-01   9.4653548024286582e-01   9.5074723435233865e-01   9.5296116174287127e-01   9.5337953787610052e-01   9.5206542201944933e-01   9.4895220896214405e-01   9.4383941920962766e-01   9.3637494861387727e-01   9.2602275658831790e-01   9.1201432779248393e-01   8.9328248204374872e-01   8.6837840416845746e-01   8.3537928415864315e-01   7.9180790385909017e-01   7.3461115763140195e-01   6.6028405593285522e-01
   3.0681906339627291e-01   1.6133235372152710e-01   1.4176431873034190e-03  -1.6499951576577571e-01  -3.2798419459511374e-01  -4.7782384203315631e-01  -6.0730638345442234e-01  -7.1297444511527930e-01  -7.9498040135541892e-01  -8.5598292913772323e-01  -8.9981679055858022e-01  -9.3045188889904140e-01  -9.5139656417778040e-01  -9.6546884732636951e-01  -9.7479352987029655e-01  -9.8090318087532580e-01  -9.8486824212153878e-01  -9.8741847729439924e-01  -9.8904214047980199e-01  -9.9006094133347911e-01  -9.9068411998710981e-01  -9.9104609575879155e-01  -9.9123209209673024e-01  -9.9129514700661503e-01  -9.9126727260846925e-01  -9.9116653270004540e-01  -9.9100153090296317e-01  -9.9077405423841380e-01  -9.9048060757238332e-01  -9.9011334709349152e-01  -9.8966027847884552e-01  -9.8910582282095105e-01  -9.8843101685271506e-01  -9.8761373669845320e-01  -9.8663015843549462e-01  -9.8545611048997828e-01  -9.8406855243953273e-01  -9.8244861825599450e-01  -9.8058542730737608e-01  -9.7847938223639208e-01  -9.7614526360167952e-01  -9.7361536312195929e-01  -9.7094184546834450e-01  -9.6819718428419932e-01  -9.6547218682463787e-01  -9.6287155452051221e-01  -9.6050729649437405e-01  -9.5849039095008093e-01  -9.5692152204644831e-01  -9.5588185864048847e-01  -9.5542511063958013e-01  -9.5557192836447302e-01  -9.5630747532690974e-01  -9.5758261349142393e-01  -9.5931848895928951e-01  -9.6141405046232065e-01  -9.6375529147956496e-01  -9.6622521395428351e-01  -9.6871310803821831e-01  -9.7112236481042791e-01  -9.7337593256664223e-01  -9.7541896403970296e-01  -9.7721852286279576e-01  -9.7876117771937321e-01  -9.8004988974033491e-01  -9.8110040370796081e-01  -9.8193669980336518e-01  -9.8258670879576204e-01  -9.8307971414753414e-01  -9.8344404767036064e-01  -9.8370532008917699e-01  -9.8388581344091341e-01  -9.8400411188061843e-01  -9.8407518806641248e-01  -9.8411070085580266e-01  -9.8411935489061864e-01  -9.8410724236373381e-01  -9.8407804019608003e-01  -9.8403296541363305e-01  -9.8397032581866550e-01  -9.8388444168000133e-01  -9.8376355281755878e-01  -9.8358610120846635e-01  -9.8331438558518491e-01  -9.8288401355121391e-01  -9.8218669438790995e-01  -9.8104269177847681e-01  -9.7915759855844697e-01  -9.7605618099469493e-01  -9.7098437117002212e-01  -9.6277065255802063e-01  -9.4964354307094734e-01  -9.2901945882253023e-01  -8.9731551557590372e-01  -8.4991469194908087e-01  -7.8150713229732527e-01  -6.8708241248714463e-01  -5.6369190015488213e-01  -4.1257197549477970e-01  -2.4048557889445810e-01  -5.8979187531762456e-02   1.1862605048858554e-01   2.8097236610241827e-01   4.2109110959747598e-01   5.3668849173277555e-01   6.2893197800764433e-01   7.0084383483780011e-01   7.5602260126566134e-01   7.9788599022321161e-01   8.2933562166070307e-01   8.5267664118020725e-01   8.6965968882893219e-01   8.8156558669740603e-01   8.8929225258030287e-01   8.9342712217797837e-01   8.9429958865712256e-01   8.9201334266004395e-01   8.8645967037882067e-01   8.7731309635859389e-01   8.6401032769889030e-01   8.4571380469548840e-01   8.2126280564998200e-01   7.8911940657533330e-01   7.4732555995476257e-01   6.9350310940177895e-01   6.2495180109532344e-01   5.3892608110866003e-01   4.3318010533444423e-01
  -5.1540594365984682e-03  -1.5324624305279944e-01  -3.0119648623922868e-01  -4.4119360678969199e-01  -5.6657858696494745e-01  -6.7309373414948737e-01  -7.5929475188270490e-01  -8.2613799849482994e-01  -8.7611645062100396e-01  -9.1236855746685408e-01  -9.3801830634531158e-01  -9.5580336411019906e-01  -9.6793472914823897e-01  -9.7610022793278506e-01  -9.8153648297727414e-01  -9.8512216794754037e-01  -9.8746684757786252e-01  -9.8898540166636728e-01  -9.8995568871496897e-01  -9.9056117242739206e-01  -9.9092126126316171e-01  -9.9111238340082619e-01  -9.9118220828927739e-01  -9.9115908552141163e-01  -9.9105804175385948e-01  -9.9088452558850715e-01  -9.9063646794944682e-01  -9.9030534829565298e-01  -9.8987651951576394e-01  -9.8932899420082565e-01  -9.8863540752353007e-01  -9.8776148471068781e-01  -9.8666626332252216e-01  -9.8530312777011941e-01  -9.8362083151484303e-01  -9.8156638009395214e-01  -9.7908981360423997e-01  -9.7614941717757719e-01  -9.7271797824298489e-01  -9.6879077166093763e-01  -9.6439372268989576e-01  -9.5958985527903784e-01  -9.5448303350628416e-01  -9.4921839343638137e-01  -9.4397852500507007e-01  -9.3897477563246046e-01  -9.3443373958760134e-01  -9.3058009554996701e-01  -9.2761755315867833e-01  -9.2571022473851206e-01  -9.2496667781371045e-01  -9.2542877136358392e-01  -9.2706679384203872e-01  -9.2978160761734152e-01  -9.3341374516498610e-01  -9.3775824166106891e-01  -9.4258354180202619e-01  -9.4765185373529937e-01  -9.5273854778778433e-01  -9.5764803728911641e-01  -9.6222468899435509e-01  -9.6635823869978754e-01  -9.6998421375324062e-01  -9.7307995006742576e-01  -9.7565680470780092e-01  -9.7775065166544639e-01  -9.7941325036351912e-01  -9.8070475380907141e-01  -9.8168672162098447e-01  -9.8241748657872652e-01  -9.8294952811584735e-01  -9.8332778452912228e-01  -9.8358937145138525e-01  -9.8376394409654533e-01  -9.8387448129681165e-01  -9.8393826148366759e-01  -9.8396780808864759e-01  -9.8397169710067955e-01  -9.8395510282608201e-01  -9.8391999180308787e-01  -9.8386481576375373e-01  -9.8378349985437974e-01  -9.8366336589508352e-01  -9.8348143281847789e-01  -9.8319818560594818e-01  -9.8274743689198552e-01  -9.8202020025746417e-01  -9.8083960303930440e-01  -9.7892274434832516e-01  -9.7582433235128896e-01  -9.7085639023560222e-01  -9.6297965668311847e-01  -9.5066794777646746e-01  -9.3176096086007165e-01  -9.0334920473694091e-01  -8.6177987983597737e-01  -8.0292454915404499e-01  -7.2286626209363636e-01  -6.1906335888261388e-01  -4.9175812305165245e-01  -3.4500163996660660e-01  -1.8652587434875023e-01  -2.6170059106589039e-02   1.2651900019275697e-01   2.6434289099824732e-01   3.8334258788976316e-01   4.8252373406095156e-01   5.6295319709605218e-01   6.2678212873872852e-01   6.7649850380977838e-01   7.1447213299595813e-01   7.4273315310818044e-01   7.6289713353009869e-01   7.7616623192038015e-01   7.8336029518198802e-01   7.8495247387579414e-01   7.8109659607914739e-01   7.7164151100661527e-01   7.5613187543290072e-01   7.3379845388731657e-01   7.0354501306756845e-01   6.6394510921427441e-01   6.1327159738195092e-01   5.4959427194253507e-01   4.7099326931037844e-01   3.7593654058597042e-01   2.6383868102837649e-01   1.3573248750633515e-01
