   2.4509125900290434e-03   2.2401643042820841e-03   2.0246050500946642e-03   1.8047098854939230e-03   1.5809602479388300e-03   1.3538433466365515e-03   1.1238514738323613e-03   8.9148128700270324e-04   6.5723302015355744e-04   4.2160968057915063e-04   1.8511618901127599e-04  -5.1741476300945988e-05  -2.8845717522293137e-04  -5.2452547709240180e-04  -7.5944255397595510e-04  -9.9270702893061355e-04  -1.2238208290195471e-03  -1.4522899737646157e-03  -1.6776253533931941e-03  -1.8993434257374294e-03  -2.1169668921930005e-03  -2.3300252797224465e-03  -2.5380554944932840e-03  -2.7406022708328301e-03  -2.9372185896549283e-03  -3.1274659886375215e-03  -3.3109148424890649e-03  -3.4871445295071349e-03  -3.6557435738248600e-03  -3.8163096733318186e-03  -3.9684497086650812e-03  -4.1117796368703250e-03  -4.2459243755829136e-03  -4.3705175716544824e-03  -4.4852013749674107e-03  -4.5896261043116907e-03  -4.6834499540580653e-03  -4.7663386364551821e-03  -4.8379651821888626e-03  -4.8980098690892468e-03  -4.9461607359385026e-03  -4.9821149783677741e-03  -5.0055824259624257e-03  -5.0162923934908583e-03  -5.0140066352367821e-03  -4.9985400907727306e-03  -4.9697892303818166e-03  -4.9277593209737540e-03  -4.8725774315097822e-03  -4.8044826764919689e-03  -4.7238002303051242e-03  -4.6309130758625128e-03  -4.5262397829616474e-03  -4.4102203975420109e-03  -4.2833081412612635e-03  -4.1459650184363945e-03  -3.9986594231930499e-03  -3.8418649739592561e-03  -3.6760598517956485e-03  -3.5017264888491583e-03  -3.3193513352362683e-03  -3.1294247233278534e-03  -2.9324407042180343e-03  -2.7288969107972941e-03  -2.5192943702355931e-03  -2.3041373213669751e-03  -2.0839329861351190e-03  -1.8591913371405536e-03  -1.6304248241656605e-03  -1.3981480965609898e-03  -1.1628776939336780e-03  -9.2513173210639725e-04  -6.8542956484932518e-04  -4.4429144227141728e-04  -2.0223815343433182e-04   4.0209332218344957e-05   2.8253023125444926e-04   5.2420431139955654e-04   7.6471225672450891e-04   1.0035360288891467e-03   1.2401592208992414e-03   1.4740674042122612e-03   1.7047484610132081e-03   1.9316929070005925e-03   2.1543941922291471e-03   2.3723489906152116e-03   2.5850574618067833e-03   2.7920234998707249e-03   2.9927549469091529e-03   3.1867637930949387e-03   3.3735663394460526e-03   3.5526833499091763e-03   3.7236401643836094e-03   3.8859668153210024e-03   4.0391981247281097e-03   4.1828738531725328e-03   4.3165389138982158e-03   4.4397438207658289e-03   4.5520455306268057e-03   4.6530091666888741e-03   4.7422113098220435e-03   4.8192462495197028e-03   4.8837371129353321e-03   4.9353540943513977e-03   4.9738402223447123e-03   4.9990390193670612e-03   5.0109123824377102e-03   5.0095369876239984e-03   4.9950822751993638e-03   4.9677818562003598e-03   4.9279098369195661e-03   4.8757650717113155e-03   4.8116621697154747e-03   4.7359268399285864e-03   4.6488936942462589e-03   4.5509053766851293e-03   4.4423123275638644e-03   4.3234728729089345e-03   4.1947534193341011e-03   4.0565286983169141e-03   3.9091819757984207e-03   3.7531052386295190e-03   3.5886993090127359e-03   3.4163739162149866e-03   3.2365476851501734e-03   3.0496480759258709e-03   2.8561112348567761e-03   2.6563817958526028e-03
   2.4485329678035146e-03   2.2379039684986531e-03   2.0224533124709922e-03   1.8026561722660796e-03   1.5789945317798118e-03   1.3519565384230870e-03   1.1220357795678939e-03   8.8973051213897818e-04   6.5554283075004965e-04   4.1997780300196059e-04   1.8354256116514400e-04  -5.3254621571217025e-05  -2.8990527768453950e-04  -5.2590168730858445e-04  -7.6073782091730412e-04  -9.9391025688302373e-04  -1.2249190784299512e-03  -1.4532687266401276e-03  -1.6784688144301785e-03  -1.9000348809538189e-03  -2.1174890920270138e-03  -2.3303608691672005e-03  -2.5381874555629918e-03  -2.7405144055377825e-03  -2.9368960055260588e-03  -3.1268956139802809e-03  -3.3100859327066775e-03  -3.4860492004838823e-03  -3.6543773187945197e-03  -3.8146719021493946e-03  -3.9665442657025951e-03  -4.1096153418922086e-03  -4.2435155391577651e-03  -4.3678845360988145e-03  -4.4823710261550154e-03  -4.5866324103324748e-03  -4.6803344633424586e-03  -4.7631509897597107e-03  -4.8347635364832404e-03  -4.8948612560598005e-03  -4.9431411439539840e-03  -4.9793090352520481e-03  -5.0030821339638694e-03  -5.0141943592096764e-03  -5.0124066278057098e-03  -4.9975243415621359e-03  -4.9694230156924375e-03  -4.9280766645719773e-03  -4.8735772429406906e-03  -4.8061329447592798e-03  -4.7260472167006337e-03  -4.6336903587030440e-03  -4.5294750997070810e-03  -4.4138399004371807e-03  -4.2872389107502188e-03  -4.1501364239619545e-03  -4.0030038752920738e-03  -3.8463183022655052e-03  -3.6805615036678459e-03  -3.5062196085038242e-03  -3.3237827897929619e-03  -3.1337450876473731e-03  -2.9366042292060068e-03  -2.7328614741969960e-03  -2.5230214237401409e-03  -2.3075918336164574e-03  -2.0870833814777608e-03  -1.8620094365773363e-03  -1.6328857873682103e-03  -1.4002303712624935e-03  -1.1645629649189072e-03  -9.2640488080635692e-04  -6.8627862956646614e-04  -4.4470759282767283e-04  -2.0221566613347683e-04   4.0673082984207988e-05   2.8343478217029370e-04   5.2554610102513552e-04   7.6648461863615977e-04   1.0057291652844978e-03   1.2427601806686563e-03   1.4770600407187353e-03   1.7081133971900732e-03   1.9354074805244131e-03   2.1584324124334468e-03   2.3766814758676559e-03   2.5896513913784393e-03   2.7968425457805630e-03   2.9977592275313440e-03   3.1919098101281427e-03   3.3788069413433893e-03   3.5579676789852504e-03   3.7289136435967839e-03   3.8911711268843890e-03   4.0442712490203307e-03   4.1877501262523927e-03   4.3211492084076850e-03   4.4440158392235326e-03   4.5559044220262164e-03   4.6563785851080168e-03   4.7450154182601930e-03   4.8214131200342552e-03   4.8852044249370046e-03   4.9360772684278742e-03   4.9738018786336744e-03   4.9982557396401799e-03   5.0094342000648424e-03   5.0074393818733296e-03   4.9924546626992248e-03   4.9647177287376228e-03   4.9245000485593771e-03   4.8720941721470158e-03   4.8078066339709239e-03   4.7319544711365812e-03   4.6448636012859281e-03   4.5468682806491583e-03   4.4383110019129502e-03   4.3195426672193518e-03   4.1909228034835676e-03   4.0528198277324946e-03   3.9056112537130187e-03   3.7496838839387427e-03   3.5854339187491781e-03   3.4132670286621601e-03   3.2335983373883662e-03   3.0468523575894104e-03   2.8534628358511289e-03   2.6538725419465829e-03
   2.4464697690425403e-03   2.2359361105066286e-03   2.0205665618912402e-03   1.8008366930533039e-03   1.5772293525046219e-03   1.3502339691135845e-03   1.1203457972726782e-03   8.8806508601531624e-04   6.5389620643560077e-04   4.1834671629051979e-04   1.8192640332931432e-04  -5.4853715811043921e-05  -2.9148239385006701e-04  -5.2744917459244482e-04  -7.6224538618925987e-04  -9.9536513655153419e-04  -1.2263062554208949e-03  -1.4545712191245763e-03  -1.6796679999367479e-03  -1.9011108828005479e-03  -2.1184211898901987e-03  -2.3311279630751931e-03  -2.5387685417113193e-03  -2.7408890925568570e-03  -2.9370450289389100e-03  -3.1268013853179046e-03  -3.3097330778001002e-03  -3.4854251229446912e-03  -3.6534727445722659e-03  -3.8134814478653447e-03  -3.9650669820936613e-03  -4.1078552808058574e-03  -4.2414822932867425e-03  -4.3655938051989918e-03  -4.4798451538501345e-03  -4.5839009508280241e-03  -4.6774347112459947e-03  -4.7601285327731778e-03  -4.8316727356953653e-03  -4.8917656900063482e-03  -4.9401138318456847e-03  -4.9764323593456117e-03  -5.0004469900235922e-03  -5.0118980792782835e-03  -5.0105485540650361e-03  -4.9961983248495634e-03  -4.9687064464948617e-03  -4.9280190420538644e-03  -4.8741930777194617e-03  -4.8074030393783773e-03  -4.7279265586488445e-03  -4.6361176304776193e-03  -4.5323805852565523e-03  -4.4171506595793554e-03  -4.2908819632392053e-03  -4.1540404865264965e-03  -4.0071003639287972e-03  -3.8505418329795806e-03  -3.6848501872823441e-03  -3.5105151721706962e-03  -3.3280306519243835e-03  -3.1378943614323524e-03  -2.9406077224106426e-03  -2.7366756548701048e-03  -2.5266063915809671e-03  -2.3109112696298299e-03  -2.0901045108109978e-03  -1.8647029782020250e-03  -1.6352259140119841e-03  -1.4021946615159623e-03  -1.1661323681581689e-03  -9.2756367925251086e-04  -6.8701441221563349e-04  -4.4501122911044035e-04  -2.0208129097378292e-04   4.1248081733321177e-05   2.8444976561076938e-04   5.2699717705545403e-04   7.6836463046853936e-04   1.0080276750823272e-03   1.2454634458434330e-03   1.4801509853669041e-03   1.7115715786604577e-03   1.9392090511496497e-03   2.1625500784776749e-03   2.3810844525432081e-03   2.5943053601485155e-03   2.8017096105751472e-03   3.0027978755658869e-03   3.1970748716625337e-03   3.3840495619548890e-03   3.5632352977138528e-03   3.7341499913405348e-03   3.8963162414534522e-03   4.0492615372855530e-03   4.1925184794986510e-03   4.3256252391480577e-03   4.4481263005625021e-03   4.5595739932661706e-03   4.6595312701277220e-03   4.7475770508063767e-03   4.8233156216186584e-03   4.8863924780488946e-03   4.9365173418690414e-03   4.9734911045352008e-03   4.9972263910986019e-03   5.0077497653155884e-03   5.0051844778286952e-03   4.9897234965091087e-03   4.9616052195694442e-03   4.9210963119858120e-03   4.8684816437559886e-03   4.8040588508457670e-03   4.7281357519854527e-03   4.6410292195878597e-03   4.5430648592535480e-03   4.4345770338923675e-03   4.3159090739974182e-03   4.1874135256771989e-03   4.0494524112629944e-03   3.9023974486067339e-03   3.7466302314953801e-03   3.5825423481690068e-03   3.4105354410585492e-03   3.2310211984495148e-03   3.0444212754250160e-03   2.8511671430578077e-03   2.6516998598434577e-03
   2.4447478028179186e-03   2.2342838282473367e-03   2.0189660660968789e-03   1.7992707758803625e-03   1.5756819905482966e-03   1.3486907760137540e-03   1.1187944342889388e-03   8.8649561734956031e-04   6.5230139965908110e-04   4.1672227828949503e-04   1.8027115218490928e-04  -5.6537749541257319e-05  -2.9318993526997460e-04  -5.2917174476322282e-04  -7.6397141196656514e-04  -9.9708012887236614e-04  -1.2279930521245255e-03  -1.4562102881216373e-03  -1.6812377983191772e-03  -1.9025882651600569e-03  -2.1197818603290435e-03  -2.3323469615001524e-03  -2.5398207609495507e-03  -2.7417498191972429e-03  -2.9376905046529216e-03  -3.1272093769682918e-03  -3.3098834571724492e-03  -3.4853004495394645e-03  -3.6530588515380534e-03  -3.8127680236340489e-03  -3.9640481530142822e-03  -4.1065301876945853e-03  -4.2398556689855083e-03  -4.3636765468685829e-03  -4.4776548990795766e-03  -4.5814626494518045e-03  -4.6747812016406619e-03  -4.7573011062688299e-03  -4.8287216867415736e-03  -4.8887508039672728e-03  -4.9371047545149586e-03  -4.9735086839824980e-03  -4.9976978026672727e-03  -5.0094204315262944e-03  -5.0084440578256782e-03  -4.9945668111038713e-03  -4.9676360448933140e-03  -4.9275742306476829e-03  -4.8744049567485837e-03  -4.8082672208784290e-03  -4.7294088159673883e-03  -4.6381634242093680e-03  -4.5349238370611042e-03  -4.4201200558746023e-03  -4.2942048935024320e-03  -4.1576453135319632e-03  -4.0109177071276404e-03  -3.8545052596826246e-03  -3.6888966003362643e-03  -3.5145850063047677e-03  -3.3320679835509986e-03  -3.1418469504800404e-03  -2.9444270325945251e-03  -2.7403168408079654e-03  -2.5300282866971384e-03  -2.3140763561882876e-03  -2.0929788937751235e-03  -1.8672563463342407e-03  -1.6374315127432447e-03  -1.4040292563981197e-03  -1.1675762203709481e-03  -9.2860051288262886e-04  -6.8763139648592934e-04  -4.4519895419802019e-04  -2.0183376028940153e-04   4.1933465497655721e-05   2.8557219713058903e-04   5.2855245156855821e-04   7.7034512915094588e-04   1.0104223578899219e-03   1.2482578263725583e-03   1.4833271146107755e-03   1.7151080110734897e-03   1.9430808223313569e-03   2.1667286667820208e-03   2.3855377554909451e-03   2.5989976543335088e-03   2.8066015288939769e-03   3.0078463715153300e-03   3.2022332088557830e-03   3.3892672918190204e-03   3.5684582686224338e-03   3.7393203564228756e-03   3.9013725184025858e-03   4.0541386901092116e-03   4.1971481084009908e-03   4.3299358811321725e-03   4.4520440153740766e-03   4.5630233605216388e-03   4.6624372324863498e-03   4.7498680398341039e-03   4.8249288290255791e-03   4.8872815361927892e-03   4.9366618301068211e-03   4.9729041586289643e-03   4.9959559736434357e-03   5.0058716781377676e-03   5.0027908052410232e-03   4.9869117442480739e-03   4.9584705971369080e-03   4.9177273667465361e-03   4.8649580966536989e-03   4.8004508374581145e-03   4.7245037436345156e-03   4.6374243491540523e-03   4.5395293952309110e-03   4.4311449605565325e-03   4.3126066841776625e-03   4.1842600442819370e-03   4.0464606056111792e-03   3.8995742530534856e-03   3.7439773582444318e-03   3.5800569091269147e-03   3.4082105586691288e-03   3.2288466245729078e-03   3.0423839995563058e-03   2.8492520048275433e-03   2.6498901452860005e-03
   2.4433912707260020e-03   2.2329696433687658e-03   2.0176725531221135e-03   1.7979772492725120e-03   1.5743692780845933e-03   1.3473417091501665e-03   1.1173942810773210e-03   8.8503247084466318e-04   6.5076649503357890e-04   4.1511025415886475e-04   1.7858022911419036e-04  -5.8305653121617544e-05  -2.9502917615867736e-04  -5.3107299192578267e-04  -7.6592177308411888e-04  -9.9906333630943507e-04  -1.2299897335516176e-03  -1.4581982865930789e-03  -1.6831925668774482e-03  -1.9044832967067846e-03  -2.1215891801567299e-03  -2.3340376410610707e-03  -2.5413654813036470e-03  -2.7431194372324144e-03  -2.9388566556945999e-03  -3.1281450697409926e-03  -3.3105636971460656e-03  -3.4857028403669772e-03  -3.6531642196638938e-03  -3.8125610153352399e-03  -3.9635178525734161e-03  -4.1056707038270353e-03  -4.2386667458419484e-03  -4.3621641421865238e-03  -4.4758317932340405e-03  -4.5793490215495286e-03  -4.6724052429778567e-03  -4.7546995939204591e-03  -4.8259405882761898e-03  -4.8858458007736113e-03  -4.9341417267704975e-03  -4.9705639349719201e-03  -4.9948579270877131e-03  -5.0067812641946810e-03  -5.0061081771221342e-03  -4.9926383526748041e-03  -4.9662121612540928e-03  -4.9267332901522009e-03  -4.8741951165555157e-03  -4.8087006620095157e-03  -4.7304644243076881e-03  -4.6397954432583696e-03  -4.5370712511889977e-03  -4.4227141041377769e-03  -4.2971739027820553e-03  -4.1609176607623477e-03  -4.0144234545937017e-03  -3.8581771064542620e-03  -3.6926703794050160e-03  -3.5183999823661790e-03  -3.3358669980695877e-03  -3.1455765133468995e-03  -2.9480373546352653e-03  -2.7437618567826062e-03  -2.5332656488418325e-03  -2.3170674267393157e-03  -2.0956887262977126e-03  -1.8696536692960975e-03  -1.6394887052612551e-03  -1.4057223264097153e-03  -1.1688847826896906e-03  -9.2950777010280877e-04  -6.8812412288231373e-04  -4.4526748100771375e-04  -2.0147196714792175e-04   4.2728158657087849e-05   2.8679882941594711e-04   5.3020652158882928e-04   7.7241858492214813e-04   1.0129035900382133e-03   1.2511316496899825e-03   1.4865747558171583e-03   1.7187070843428958e-03   1.9470053139297417e-03   2.1709489063469608e-03   2.3900204002031003e-03   2.6037056614651457e-03   2.8114941476740799e-03   3.0128791223696947e-03   3.2073578859609462e-03   3.3944319575502659e-03   3.5736072855131005e-03   3.7443944174360864e-03   3.9063087391061979e-03   4.0588707336588134e-03   4.2016064452268902e-03   4.3340481953634104e-03   4.4557359796033808e-03   4.5662199435014018e-03   4.6650650715566915e-03   4.7518593913701912e-03   4.8262279070824341e-03   4.8878531970120527e-03   4.9365008068724967e-03   4.9720406051646203e-03   4.9944529614228544e-03   5.0038156826524597e-03   5.0002796099610268e-03   4.9840446509219318e-03   4.9553420356088012e-03   4.9144235290019701e-03   4.8615554295690254e-03   4.7970156369272522e-03   4.7210922956684815e-03   4.6340833598216367e-03   4.5362965431957562e-03   4.4280495108847059e-03   4.3096701198929391e-03   4.1814967063465184e-03   4.0438783321515587e-03   3.8971750181367878e-03   3.7417579111435491e-03   3.5780094125934065e-03   3.4063232304594525e-03   3.2271043771414441e-03   3.0407690828906072e-03   2.8477446415133795e-03   2.6484691670040600e-03
   2.4424234407329449e-03   2.2320151838397936e-03   2.0167059190041481e-03   1.7969741859513956e-03   1.5733073789069496e-03   1.3462009405131566e-03   1.1161574483838223e-03   8.8368563467176918e-04   6.4929931296922193e-04   4.1351625997819712e-04   1.7685702665890020e-04  -6.0156267466121772e-05  -2.9700118243010740e-04  -5.3315618969108295e-04  -7.6810191556583971e-04  -1.0013223345270903e-03  -1.2323059446189572e-03  -1.4605468621426713e-03  -1.6855458742280588e-03  -1.9068113862354915e-03  -2.1238603097062962e-03  -2.3362188283517684e-03  -2.5434230974118051e-03  -2.7450198147657414e-03  -2.9405667248601271e-03  -3.1296329913678427e-03  -3.3117995112602627e-03  -3.4866591045743930e-03  -3.6538166555631518e-03  -3.8128891365479065e-03  -3.9635055991129233e-03  -4.1053070560608121e-03  -4.2379463461545246e-03  -4.3610878977283210e-03  -4.4744074918180981e-03  -4.5775919318336890e-03  -4.6703387340801209e-03  -4.7523557389231733e-03  -4.8233607838657567e-03  -4.8830813456196692e-03  -4.9312543632313247e-03  -4.9676262198260421e-03  -4.9919533156640552e-03  -5.0040035123393722e-03  -5.0035595586374691e-03  -4.9904256591238984e-03  -4.9644395655928635e-03  -4.9254914671671380e-03  -4.8735489757633088e-03  -4.8086802994712352e-03  -4.7310642643035149e-03  -4.6409808461556727e-03  -4.5387881097770236e-03  -4.4248974030429667e-03  -4.2997536793930799e-03  -4.1638227686605018e-03  -4.0175837095241390e-03  -3.8615245416192701e-03  -3.6961399170760811e-03  -3.5219298396834240e-03  -3.3393988923245440e-03  -3.1490557998477119e-03  -2.9514130864516765e-03  -2.7469868306008415e-03  -2.5362964147336497e-03  -2.3198643028188026e-03  -2.0982157872451901e-03  -1.8718787440289903e-03  -1.6413833600518002e-03  -1.4072618590792829e-03  -1.1700482040530543e-03  -9.3027779641043030e-04  -6.8848715947092203e-04  -4.4521361792006903e-04  -2.0099496804383687e-04   4.3630856000346330e-05   2.8812611817210365e-04   5.3195361989548655e-04   7.7457703485532873e-04   1.0154612463752033e-03   1.2540726735736389e-03   1.4898795992693149e-03   1.7223524802395431e-03   1.9509642588962720e-03   2.1751906513118886e-03   2.3945104362997566e-03   2.6084057140735358e-03   2.8163621671029567e-03   3.0178692876862388e-03   3.2124206130013872e-03   3.3995139246187365e-03   3.5786514700425986e-03   3.7493401690181570e-03   3.9110918926578029e-03   4.0634238058746214e-03   4.2058589604813679e-03   4.3379272588755444e-03   4.4591672684638891e-03   4.5691294626955745e-03   4.6673821569691749e-03   4.7535217065360225e-03   4.8271888500670363e-03   4.8880912994560032e-03   4.9360278310797753e-03   4.9709039873322407e-03   4.9927296897046974e-03   5.0016008895183697e-03   4.9976749457210281e-03   4.9811497711708830e-03   4.9522495808381655e-03   4.9112166127253578e-03   4.8583067014783760e-03   4.7937871531737340e-03   4.7179358425365218e-03   4.6310409588579196e-03   4.5334010678285790e-03   4.4253253219213567e-03   4.3071337287966908e-03   4.1791574257999215e-03   4.0417389395479607e-03   3.8952324059003084e-03   3.7400037501603895e-03   3.5764308066194594e-03   3.4049033849612121e-03   3.2258232601778650e-03   3.0396040987043073e-03   2.8466712947827107e-03   2.6474617314063034e-03
   2.4418662565284686e-03   2.2314408239499676e-03   2.0160848886678867e-03   1.7962785822665966e-03   1.5725114924402231e-03   1.3452818080289725e-03   1.1150953571614664e-03   8.8246456096220671e-04   6.4790729690853506e-04   4.1194569799665444e-04   1.7510488815252224e-04  -6.2088317063484794e-05  -2.9910673989571798e-04  -5.3542416994186294e-04  -7.7051668732806182e-04  -1.0038639505086952e-03  -1.2349504426882379e-03  -1.4632666508793879e-03  -1.6883101742538804e-03  -1.9095867407293427e-03  -2.1266111331706959e-03  -2.3389080094465423e-03  -2.5460126209684423e-03  -2.7474714183730749e-03  -2.9428425559531748e-03  -3.1316962890793275e-03  -3.3136152755286656e-03  -3.4881947769834919e-03  -3.6550427782338357e-03  -3.8137800199546392e-03  -3.9640399618453368e-03  -4.1054686738018608e-03  -4.2377246721971825e-03  -4.3604786976639319e-03  -4.4734134522023900e-03  -4.5762232916634936e-03  -4.6686138934447603e-03  -4.7503018984862292e-03  -4.8210145569637045e-03  -4.8804893933458863e-03  -4.9284739577911685e-03  -4.9647257478774099e-03  -4.9890125075733047e-03  -5.0011132394550475e-03  -5.0008206140768957e-03  -4.9879458709379022e-03  -4.9623280061228464e-03  -4.9238490781078415e-03  -4.8724562501236404e-03  -4.8081859702990152e-03  -4.7311804928263220e-03  -4.6416867711432993e-03  -4.5400388131108431e-03  -4.4266331885112120e-03  -4.3019073306639830e-03  -4.1663242351503114e-03  -4.0203629648444643e-03  -3.8645132023618985e-03  -3.6992721821366313e-03  -3.5251430089809155e-03  -3.3426336770303253e-03  -3.1522564941378227e-03  -2.9545276755369582e-03  -2.7499670526010041e-03  -2.5390977986379506e-03  -2.3224461869950164e-03  -2.1005413315987142e-03  -1.8739149351539070e-03  -1.6431010090116852e-03  -1.4086355981573007e-03  -1.1710564797460098e-03  -9.3090286634384904e-04  -6.8871508449179985e-04  -4.4503426048491822e-04  -2.0040198514731933e-04   4.4640010900702642e-05   2.8955019965359180e-04   5.3378758417560825e-04   7.7681204147423506e-04   1.0180846476774313e-03   1.2570680145884191e-03   1.4932266047217302e-03   1.7260270549128182e-03   1.9549384742653204e-03   2.1794327481426705e-03   2.3989848131066175e-03   2.6130729376019671e-03   2.8211789709728110e-03   3.0227885977586635e-03   3.2173915602126467e-03   3.4044818972997666e-03   3.5835581659705426e-03   3.7541237097590786e-03   3.9156869676422335e-03   4.0677619537578986e-03   4.2098689912281745e-03   4.3415360378214396e-03   4.4623010121253798e-03   4.5717160639147268e-03   4.6693550113880702e-03   4.7548258680501802e-03   4.8277894916094006e-03   4.8879830594728887e-03   4.9352408771305293e-03   4.9695024699231392e-03   4.9908026510174187e-03   4.9992499181841224e-03   4.9950037010435770e-03   4.9782569310474903e-03   4.9492250532342432e-03   4.9081397841231516e-03   4.8552459413817800e-03   4.7907999220269375e-03   4.7150691397899198e-03   4.6283318967034592e-03   4.5308775225182448e-03   4.4230065936671260e-03   4.3050312179323180e-03   4.1772752993603241e-03   4.0400748045632817e-03   3.8937779773650307e-03   3.7387455270553997e-03   3.5753507488232254e-03   3.4039795988540750e-03   3.2250306886893532e-03   3.0389152170687355e-03   2.8460568075367666e-03   2.6468912702019582e-03
   2.4417398709515219e-03   2.2312652323611452e-03   2.0158265942496322e-03   1.7959059838295547e-03   1.5719955252218685e-03   1.3445965309888972e-03   1.1142184949153203e-03   8.8137797058636901e-04   6.4659737083521351e-04   4.1040367512372943e-04   1.7332708761991840e-04  -6.4100365482074956e-05  -3.0134624993815456e-04  -5.3787916053985832e-04  -7.7317012765940594e-04  -1.0066940082580809e-03  -1.2379308062942130e-03  -1.4663669435401234e-03  -1.6914964266022924e-03  -1.9128219388615249e-03  -2.1298558046962011e-03  -2.3421208638911123e-03  -2.5491512074281159e-03  -2.7504928223480883e-03  -2.9457040954591930e-03  -3.1343562306067147e-03  -3.3160335333552340e-03  -3.4903336255929802e-03  -3.6568675370648473e-03  -3.8152597445645616e-03  -3.9651481033215258e-03  -4.1061837451662978e-03  -4.2380308822244075e-03  -4.3603665971963064e-03  -4.4728805512614187e-03  -4.5752746981189835e-03  -4.6672629275025176e-03  -4.7485707385707208e-03  -4.8189348614094477e-03  -4.8781029524920276e-03  -4.9258332926470569e-03  -4.9618946825875348e-03  -4.9860665394699114e-03  -4.9981396061927830e-03  -4.9979175822216643e-03  -4.9852207381743787e-03  -4.9598926637066968e-03  -4.9218122904266639e-03  -4.8709121872291218e-03  -4.8072017742848659e-03  -4.7307877190246438e-03  -4.6418811672628846e-03  -4.5407873321267021e-03  -4.4278835375746676e-03  -4.3035964026917600e-03  -4.1683839438235604e-03  -4.0227239679971015e-03  -3.8671070385934616e-03  -3.7020325457613403e-03  -3.5280064437054432e-03  -3.3455400069960814e-03  -3.1551490538005008e-03  -2.9573534710765378e-03  -2.7526768409592817e-03  -2.5416461566286483e-03  -2.3247915420690547e-03  -2.1026459923885032e-03  -1.8757450988762634e-03  -1.6446267774004933e-03  -1.4098309782731575e-03  -1.1718993911845896e-03  -9.3137513726205678e-04  -6.8880245480228944e-04  -4.4472637797069435e-04  -1.9969240803137465e-04   4.5753816359055246e-05   2.9106685632454457e-04   5.3570180458670387e-04   7.7911462448198676e-04   1.0207624774516888e-03   1.2601040573943041e-03   1.4965999073495071e-03   1.7297127429545108e-03   1.9589077525161759e-03   2.1836529045344321e-03   2.4034192259274564e-03   2.6176810883545842e-03   2.8259164605588401e-03   3.0276071755478435e-03   3.2222391646922685e-03   3.4093027195334059e-03   3.5882927355374373e-03   3.7587090362809568e-03   3.9200567545397570e-03   4.0718469568423654e-03   4.2135976090330448e-03   4.3448353385582275e-03   4.4650984899637517e-03   4.5739426441570499e-03   4.6709499576795023e-03   4.7557440828487098e-03   4.8280107788928796e-03   4.8875203699605269e-03   4.9341432305592100e-03   4.9678493436790330e-03   4.9886927041393695e-03   4.9967889317564388e-03   4.9922955540102837e-03   4.9753981092381730e-03   4.9463018825549000e-03   4.9052273446379352e-03   4.8524078937752018e-03   4.7880888162818141e-03   4.7125269387325343e-03   4.6259906094186136e-03   4.5287598671593255e-03   4.4211266806687601e-03   4.3033952258003105e-03   4.1758821574057140e-03   4.0389168679277210e-03   3.8928417126466424e-03   3.7380121957240218e-03   3.5747971062064132e-03   3.4035785945365146e-03   3.2247521834377359e-03   3.0387267002464028e-03   2.8459241291908196e-03   2.6467793644566751e-03
   2.4420620953280732e-03   2.2315048551213770e-03   2.0159460865895136e-03   1.7958700220046455e-03   1.5717716654259726e-03   1.3441558375770089e-03   1.1135361094862669e-03   8.8043361556888722e-04   6.4537577303681176e-04   4.0889490543266329e-04   1.7152680353098440e-04  -6.6190772874658995e-05  -3.0371961516688557e-04  -5.4052260164629278e-04  -7.7606521044715953e-04  -1.0098170033625857e-03  -1.2412530438886682e-03  -1.4698552464517405e-03  -1.6951136244105606e-03  -1.9165274398754543e-03  -2.1336062294285410e-03  -2.3458707156318865e-03  -2.5528535829375805e-03  -2.7541001341991229e-03  -2.9491688146152861e-03  -3.1376316263971270e-03  -3.3190744198153856e-03  -3.4930970878557506e-03  -3.6593136563355523e-03  -3.8173522970894277e-03  -3.9668552539646176e-03  -4.1074787127030410e-03  -4.2388926022586971e-03  -4.3607803592025460e-03  -4.4728386404408018e-03  -4.5747770175127668e-03  -4.6663176351581384e-03  -4.7471948715879777e-03  -4.8171549838499196e-03  -4.8759557879798632e-03  -4.9233663710686725e-03  -4.9591669257058706e-03  -4.9831487667638666e-03  -4.9951147624610987e-03  -4.9948804749668455e-03  -4.9822767043115673e-03  -4.9571544218441127e-03  -4.9193937893169427e-03  -4.8689187648022735e-03  -4.8057176009952199e-03  -4.7298645769159918e-03  -4.6415339908443586e-03  -4.5409979951676104e-03  -4.4286097829322928e-03  -4.3047810483555562e-03  -4.1699620734152523e-03  -4.0246276413731909e-03  -3.8692681824648500e-03  -3.7043846293904987e-03  -3.5304854558916364e-03  -3.3480850189673266e-03  -3.1577025549617633e-03  -2.9598615707961281e-03  -2.7550893990504694e-03  -2.5439168659405283e-03  -2.3268779823232607e-03  -2.1045096713313742e-03  -1.8773514794204460e-03  -1.6459452979626977e-03  -1.4108350633371726e-03  -1.1725664633414627e-03  -9.3168662175310423e-04  -6.8874378767971433e-04  -4.4428700618634416e-04  -1.9886579545672463e-04   4.6970191119134820e-05   2.9267149430389316e-04   5.3768918997617698e-04   7.8147521912215944e-04   1.0234827260361160e-03   1.2631663829707021e-03   1.4999827198882488e-03   1.7333904379934512e-03   1.9628507253490546e-03   2.1878275535730666e-03   2.4077879749571538e-03   2.6222024003331405e-03   2.8305448780525924e-03   3.0322933542299008e-03   3.2269299405643945e-03   3.4139411807500098e-03   3.5928183576462778e-03   3.7630578539813459e-03   3.9241616682175661e-03   4.0756381954713053e-03   4.2170035552227900e-03   4.3477838825439589e-03   4.4675194073851895e-03   4.5757714691927751e-03   4.6721341273655145e-03   4.7562513153608125e-03   4.8278383266279297e-03   4.8867010896581761e-03   4.9327443041528168e-03   4.9659633364695557e-03   4.9864251629551208e-03   4.9942475648634488e-03   4.9895828376664295e-03   4.9726072377886590e-03   4.9435148666022418e-03   4.9025144435157165e-03   4.8498276960445997e-03   4.7856886862244208e-03   4.7103435974066386e-03   4.6240507991118741e-03   4.5270810233014472e-03   4.4197176214041027e-03   4.3022568295663956e-03   4.1750080496726315e-03   4.0382941014730249e-03   3.8924514608157899e-03   3.7378304479277914e-03   3.5747953801184423e-03   3.4037246558442035e-03   3.2250107830000267e-03   3.0390603190340207e-03   2.8462937339682297e-03   2.6471451686472859e-03
   2.4428477474596807e-03   2.2321732770473218e-03   2.0164557362835822e-03   1.7961818697724698e-03   1.5718499014905896e-03   1.3439685410952906e-03   1.1130558494407857e-03   8.7963798818533104e-04   6.4424784774984897e-04   4.0742358829133879e-04   1.6970709181791428e-04  -6.8357631495793005e-05  -3.0622608217890522e-04  -5.4335490656646113e-04  -7.7920352835897215e-04  -1.0132357254566046e-03  -1.2449211568802626e-03  -1.4737367899432820e-03  -1.6991682402366171e-03  -1.9207109780400911e-03  -2.1378714228235231e-03  -2.3501678845464021e-03  -2.5571313854035327e-03  -2.7583063257122387e-03  -2.9532510337756191e-03  -3.1415381650077871e-03  -3.3227550028704657e-03  -3.4965036273445944e-03  -3.6624010044443173e-03  -3.8200789631102254e-03  -3.9691841190537223e-03  -4.1093777057401052e-03  -4.2403353763754929e-03  -4.3617469318650371e-03  -4.4733160424390702e-03  -4.5747599112771712e-03  -4.6658089537907560e-03  -4.7462064342567688e-03  -4.8157081437020990e-03  -4.8740820575545376e-03  -4.9211080796986786e-03  -4.9565778238036652e-03  -4.9802946017206730e-03  -4.9920736435229828e-03  -4.9917429168662691e-03  -4.9791448560769242e-03  -4.9541399515846581e-03  -4.9166132604968960e-03  -4.8664856782225556e-03  -4.8037307609628994e-03  -4.7283956105557837e-03  -4.6406188629227064e-03  -4.5406367152709577e-03  -4.4287732420563893e-03  -4.3054204228833767e-03  -4.1710172385382048e-03  -4.0260330923110573e-03  -3.8709568655593699e-03  -3.7062901841169054e-03  -3.5325435696784081e-03  -3.3502341816891994e-03  -3.1598845351243181e-03  -2.9620216808548027e-03  -2.7571766797637397e-03  -2.5458841916392696e-03  -2.3286821490011186e-03  -2.1061114424549433e-03  -1.8787156307675931e-03  -1.6470406422431905e-03  -1.4116344783907061e-03  -1.1730469047926504e-03  -9.3182913897840226e-04  -6.8853353002636315e-04  -4.4371323281058351e-04  -1.9792187852677665e-04   4.8286760954752096e-05   2.9435910705235375e-04   5.3974211461046528e-04   7.8388360495372674e-04   1.0262326049874095e-03   1.2662396738456413e-03   1.5033572354842422e-03   1.7370398936305083e-03   1.9667447533277976e-03   2.1919317203176452e-03   2.4120638083830154e-03   2.6266074199101717e-03   2.8350326389818140e-03   3.0368135005648059e-03   3.2314282888833857e-03   3.4183598270793336e-03   3.5970958434596756e-03   3.7671294089723080e-03   3.9279596137541057e-03   4.0790925881077364e-03   4.2200432940127678e-03   4.3503385656797743e-03   4.4695224639492341e-03   4.5771651759998590e-03   4.6728769581915342e-03   4.7563270772400653e-03   4.8272641722693146e-03   4.8855301975171406e-03   4.9310602296238192e-03   4.9638687498644966e-03   4.9840297220085884e-03   4.9916587518972228e-03   4.9869003027037239e-03   4.9699199242673204e-03   4.9408998490089433e-03   4.9000367223644044e-03   4.8475404862740124e-03   4.7836339384207324e-03   4.7085526275743514e-03   4.6225449549259752e-03   4.5258723663923438e-03   4.4188096064756615e-03   4.3016449870733209e-03   4.1746806650444241e-03   4.0382329041621385e-03   3.8926323169236922e-03   3.7382240704601603e-03   3.5753680484951560e-03   3.4044389579181182e-03   3.2258263668940822e-03   3.0399346671870463e-03   2.8471829441571741e-03   2.6480047473965199e-03
   2.4441078832344687e-03   2.2332804892669124e-03   2.0173645328572794e-03   1.7968495751295465e-03   1.5722374059242118e-03   1.3440409980647789e-03   1.1127833118607399e-03   8.7899596863917043e-04   6.4321779493257578e-04   4.0599326428921947e-04   1.6787084743116553e-04  -7.0598695788370473e-05  -3.0886406609031112e-04  -5.4637517956326051e-04  -7.8258490884179058e-04  -1.0169507746690535e-03  -1.2489365710401667e-03  -1.4780138921216760e-03  -1.7036635497915697e-03  -1.9253768575015926e-03  -2.1426567781001118e-03  -2.3550189194423811e-03  -2.5619923824212864e-03  -2.7631204526679192e-03  -2.9579611519432955e-03  -3.1460876475056876e-03  -3.3270885359647129e-03  -3.5005680035779226e-03  -3.6661458880817509e-03  -3.8234576419066686e-03  -3.9721542217423834e-03  -4.1119019054882498e-03  -4.2423820609500049e-03  -4.3632908648715048e-03  -4.4743389965324525e-03  -4.5752513022035510e-03  -4.6657664547276349e-03  -4.7456366031383510e-03  -4.8146270392467059e-03  -4.8725158780090283e-03  -4.9190937890025198e-03  -4.9541637900904550e-03  -4.9775411766383223e-03  -4.9890536564107602e-03  -4.9885418884215204e-03  -4.9758607081448738e-03  -4.9508816387189691e-03  -4.9134975734544352e-03  -4.8636310643692055e-03  -4.8012475028342489e-03  -4.7263733253715776e-03  -4.6391152469727436e-03  -4.5396727356178616e-03  -4.4283364269796979e-03  -4.3054733979042041e-03  -4.1715068580514287e-03  -4.0268977551181978e-03  -3.8721314247448031e-03  -3.7077090206240125e-03  -3.5341424063783417e-03  -3.3519511630011986e-03  -3.1616608562309600e-03  -2.9638019726552630e-03  -2.7589092477298279e-03  -2.5475211702398839e-03  -2.3301796034311904e-03  -2.1074294437870944e-03  -1.8798183115082833e-03  -1.6478962350958304e-03  -1.4122153472110606e-03  -1.1733295670104311e-03  -9.3179428659772505e-04  -6.8816604222121604e-04  -4.4300218932385554e-04  -1.9686056474294537e-04   4.9700845723430125e-05   2.9612425005965694e-04   5.4185238545788371e-04   7.8632886136717364e-04   1.0289984929381256e-03   1.2693076395530586e-03   1.5067045314810137e-03   1.7406395993752087e-03   1.9705657895684099e-03   2.1959388804848601e-03   2.4162177840946365e-03   2.6308648506327454e-03   2.8393461617798794e-03   3.0411318339615811e-03   3.2356963246567946e-03   3.4225187850786616e-03   3.6010834788087437e-03   3.7708803602041316e-03   3.9314059288816545e-03   4.0821646385155227e-03   4.2226712624871075e-03   4.3524549960874993e-03   4.4710663529638588e-03   4.5780882885221195e-03   4.6731522287565188e-03   4.7559575412613507e-03   4.8262884635624798e-03   4.8840207424977336e-03   4.9291141151674598e-03   4.9615954102552933e-03   4.9815402204416237e-03   4.9890584453084145e-03   4.9842847816645745e-03   4.9673730910182691e-03   4.9384933206339078e-03   4.8978298910726109e-03   4.8455809462678414e-03   4.7819580536228937e-03   4.7071861823438947e-03   4.6215038154663463e-03   4.5251631590308662e-03   4.4184303862531953e-03   4.3015859154832336e-03   4.1749246845525501e-03   4.0387564272489178e-03   3.8934059223822933e-03   3.7392132204939789e-03   3.5765338208882109e-03   3.4057388016251857e-03   3.2272148763445650e-03   3.0413643773695626e-03   2.8486051392044133e-03   2.6493702844250658e-03
   2.4458488878139890e-03   2.2348319940187376e-03   2.0186772290469329e-03   1.7978772744687652e-03   1.5729378237107179e-03   1.3443764800829940e-03   1.1127215022273835e-03   8.7851039225550975e-04   6.4228835565966348e-04   4.0460663582522592e-04   1.6602076186406935e-04  -7.2911281614908131e-05  -3.1163091637077860e-04  -5.4958085279065323e-04  -7.8620694248485146e-04  -1.0209599918495256e-03  -1.2532974873766163e-03  -1.4826852296988316e-03  -1.7085988317914586e-03  -1.9305250875949816e-03  -2.1479631728980632e-03  -2.3604256966028381e-03  -2.5674395738964064e-03  -2.7685467512013999e-03  -2.9633047569099457e-03  -3.1512871164206175e-03  -3.3320836147415502e-03  -3.5053004514419587e-03  -3.6705602661303341e-03  -3.8275020869844535e-03  -3.9757811794214597e-03  -4.1150688476271364e-03  -4.2450521624884090e-03  -4.3654336707280349e-03  -4.4759310531588253e-03  -4.5762767890323271e-03  -4.6662177889110245e-03  -4.7455150568942416e-03  -4.8139433396250219e-03  -4.8712908311358211e-03  -4.9173588893385804e-03  -4.9519618526106595e-03  -4.9749269246864378e-03  -4.9860942704091438e-03  -4.9853173560444729e-03  -4.9724638445093816e-03  -4.9474173231839414e-03  -4.9100806604696502e-03  -4.8603818892252112e-03  -4.7982841355540141e-03  -4.7238002545954109e-03  -4.6370109975358998e-03  -4.5380809943980950e-03  -4.4272648853223564e-03  -4.3048997517047124e-03  -4.1713878744993257e-03  -4.0271777470893928e-03  -3.8727484575778138e-03  -3.7085990187729055e-03  -3.5352416323937356e-03  -3.3531977265543918e-03  -3.1629955851314919e-03  -2.9651689586951270e-03  -2.7602561612102955e-03  -2.5487994798002035e-03  -2.3313447097717630e-03  -2.1084407816580508e-03  -1.8806394123714373e-03  -1.6484947857433000e-03  -1.4125632267918675e-03  -1.1734028825180075e-03  -9.3157339342924675e-04  -6.8763556599692980e-04  -4.4215103776394470e-04  -1.9568194066148508e-04   5.1209439250069088e-05   2.9796100439022404e-04   5.4401118738017177e-04   7.8879929516277613e-04   1.0317658478054771e-03   1.2723529196397778e-03   1.5100044707352382e-03   1.7441666810281858e-03   1.9742882712563197e-03   2.1998208284086051e-03   2.4202191156296269e-03   2.6349413905168637e-03   2.8434497104831789e-03   3.0452102643524063e-03   3.2396937144254520e-03   3.4263756137280841e-03   3.6047369148815892e-03   3.7742647258120401e-03   3.9344534462552438e-03   4.0848066778393435e-03   4.2248404143110504e-03   4.3540884772352729e-03   4.4721113303182762e-03   4.5785094054586958e-03   4.6729405448358600e-03   4.7551378237501189e-03   4.8249208394790036e-03   4.8821944079154734e-03   4.9269359989675592e-03   4.9591783882488583e-03   4.9789942731112780e-03   4.9864852108039859e-03   4.9817747663582377e-03   4.9650045282005981e-03   4.9363319531516474e-03   4.8959292357056419e-03   4.8439827874694717e-03   4.7806930459621862e-03   4.7062744912245262e-03   4.6209557753230258e-03   4.5249799307266903e-03   4.4186046194827936e-03   4.3021024108898468e-03   4.1757610674001567e-03   4.0398838296894467e-03   3.8947896863649532e-03   3.7408136172062257e-03   3.5783067975217798e-03   3.4076367489715240e-03   3.2291874247001502e-03   3.0433592116848604e-03   2.8505688397405375e-03   2.6512491739645386e-03
   2.4480714092020134e-03   2.2368277679061799e-03   2.0203933355545226e-03   1.7992642260996950e-03   1.5739503728955861e-03   1.3449743729220551e-03   1.1128701603571190e-03   8.7818151670476330e-04   6.4146043356760830e-04   4.0326534707250765e-04   1.6415926909964742e-04  -7.5292156324751480e-05  -3.1452264140396002e-04  -5.5296725412469678e-04  -7.9006439799734736e-04  -1.0252577374870828e-03  -1.2579980414202253e-03  -1.4877449134252907e-03  -1.7139683890487162e-03  -1.9361503767598592e-03  -2.1537859335352769e-03  -2.3663843618963137e-03  -2.5734701282273988e-03  -2.7745835991439291e-03  -2.9692816099660848e-03  -3.1571378707844753e-03  -3.3377432250854778e-03  -3.5107057720397176e-03  -3.6756508767936858e-03  -3.8322210771465888e-03  -3.9800759105330773e-03  -4.1188916709315737e-03  -4.2483611175839946e-03  -4.3681931424848618e-03  -4.4781124170585962e-03  -4.5778590223890143e-03  -4.6671880819676680e-03  -4.7458693995141611e-03  -4.8136871211733783e-03  -4.8704394247062735e-03  -4.9159382593872243e-03  -4.9500091453236359e-03  -4.9724910719217341e-03  -4.9832365305469946e-03  -4.9821117756864179e-03  -4.9689974460074386e-03  -4.9437898209931221e-03  -4.9064031559986404e-03  -4.8567738679961767e-03  -4.7948676559497593e-03  -4.7206906941424532e-03  -4.6343050018490956e-03  -4.5358451191183629e-03  -4.4255297657697151e-03  -4.3036620675688062e-03  -4.1706179747600944e-03  -4.0268285920185502e-03  -3.8727631997947276e-03  -3.7089162957940716e-03  -3.5357989917665553e-03  -3.3539336927699004e-03  -3.1638509163060820e-03  -2.9660873863365670e-03  -2.7611848576822172e-03  -2.5496893398097684e-03  -2.3321505400990695e-03  -2.1091214281807459e-03  -1.8811578552006378e-03  -1.6488182038287744e-03  -1.4126630487709265e-03  -1.1732548256262519e-03  -9.3115749507112434e-04  -6.8693620840909518e-04  -4.4115696553984421e-04  -1.9438627492617702e-04   5.2809193760857723e-05   2.9986295316177891e-04   5.4620904810216860e-04   7.9128239915511557e-04   1.0345191513256048e-03   1.2753570138569748e-03   1.5132356042608197e-03   1.7475967811706405e-03   1.9778849811263447e-03   2.2035475427708449e-03   2.4240350378953333e-03   2.6388015944954803e-03   2.8473052389272062e-03   3.0490082463794045e-03   3.2433775477188087e-03   3.4298852141113122e-03   3.6080091304773383e-03   3.7772339670496188e-03   3.9370527493070035e-03   4.0869694282185259e-03   4.2265032146662617e-03   4.3551956403424354e-03   4.4726215241837047e-03   4.5784040759032319e-03   4.6722321450805536e-03   4.7538740141743977e-03   4.8231813759586472e-03   4.8800815477808525e-03   4.9245625226400193e-03   4.9566574998096942e-03   4.9764327723194760e-03   4.9839797115308069e-03   4.9794099001137593e-03   4.9628523702646499e-03   4.9344520685784769e-03   4.8943690673271369e-03   4.8427781846165042e-03   4.7798688718894596e-03   4.7058452476269677e-03   4.6209262433015569e-03   4.5253458085337296e-03   4.4193531698019104e-03   4.3032131109062436e-03   4.1772062750976800e-03   4.0416294635856964e-03   3.8967959296804899e-03   3.7430356447273713e-03   3.5806955322329548e-03   3.4101396459492958e-03   3.2317492858529927e-03   3.0459230260500014e-03   2.8530766457251669e-03   2.6536429419042771e-03
   2.4507691004200119e-03   2.2392609995680809e-03   2.0225058986142754e-03   1.8010036605525317e-03   1.5752687916527001e-03   1.3458292307755985e-03   1.1132249462855539e-03   8.7800636185454445e-04   6.4073261891595948e-04   4.0196970800053034e-04   1.6228848520262720e-04  -7.7737386040090090e-05  -3.1753354558411570e-04  -5.5652705506554394e-04  -7.9414850012437188e-04  -1.0298340315560506e-03  -1.2630273238743201e-03  -1.4931814103688000e-03  -1.7197603801577569e-03  -1.9422409034093235e-03  -2.1601135804889537e-03  -2.3728840921546980e-03  -2.5800741621244479e-03  -2.7812223200224077e-03  -2.9758844838521214e-03  -3.1636343579617304e-03  -3.3440636816417075e-03  -3.5167823272102862e-03  -3.6814182817955575e-03  -3.8376175164835913e-03  -3.9850437796562620e-03  -4.1233783127704012e-03  -4.2523195262917117e-03  -4.3715826296929329e-03  -4.4808992523282113e-03  -4.5800170441823267e-03  -4.6686992935397126e-03  -4.7467245460955532e-03  -4.8138862643162918e-03  -4.8699925087176922e-03  -4.9148656850232708e-03  -4.9483423397274056e-03  -4.9702730619186159e-03  -4.9805224868026948e-03  -4.9789694993269242e-03  -4.9655076887510710e-03  -4.9400462793782783e-03  -4.9025117814497704e-03  -4.8528509525652200e-03  -4.7910357932591935e-03  -4.7170717259329550e-03  -4.6310095857818720e-03  -4.5329607343975791e-03  -4.4231111784973466e-03  -4.3017285241580073e-03  -4.1691575528309986e-03  -4.0258065057108237e-03  -3.8721302752101924e-03  -3.7086156255449845e-03  -3.5357704989897351e-03  -3.3541170072776084e-03  -3.1641871484242141e-03  -2.9665201882709972e-03  -2.7616610755604510e-03  -2.5501594140500414e-03  -2.3325687712578373e-03  -2.1094461431209852e-03  -1.8813515282604626e-03  -1.6488475408538582e-03  -1.4124990557631369e-03  -1.1728728551440931e-03  -9.3053728602744592e-04  -6.8606191252369329e-04  -4.4001717163593085e-04  -1.9297402291793434e-04   5.4496400367738353e-05   3.0182314396545859e-04   5.4843578394652521e-04   7.9376477907070213e-04   1.0372418214430177e-03   1.2783001854160037e-03   1.5163750745888608e-03   1.7509039649502066e-03   1.9813269474831217e-03   2.2070870674141272e-03   2.4276306679061627e-03   2.6424077360355193e-03   2.8508722698799933e-03   3.0524826784730907e-03   3.2467022626509732e-03   3.4329998253350342e-03   3.6108505421043086e-03   3.7797372851252715e-03   3.9391527669218347e-03   4.0886030564590394e-03   4.2276133375431235e-03   4.3557369206923590e-03   4.4725681379488161e-03   4.5777581580707062e-03   4.6710296730447971e-03   4.7521845942097704e-03   4.8211008686614848e-03   4.8777207668590618e-03   4.9220362955860594e-03   4.9540766490070243e-03   4.9738992533441568e-03   4.9815841054112629e-03   4.9772303853321473e-03   4.9609545116696902e-03   4.9328890485917549e-03   4.8931821250063406e-03   4.8419971624877852e-03   4.7795128007699170e-03   4.7059229547357917e-03   4.6214369631542495e-03   4.5262798043214682e-03   4.4206923586951608e-03   4.3049317057580506e-03   4.1792714393902074e-03   4.0440019924120642e-03   3.8994309532837685e-03   3.7458833659384703e-03   3.5837019926445372e-03   3.4132475298734068e-03   3.2348987525929640e-03   3.0490525770434551e-03   2.8561240150143143e-03   2.6565460052100352e-03
   2.4539271439913304e-03   2.2421166264068805e-03   2.0250000542391335e-03   1.8030813746753626e-03   1.5768800120897724e-03   1.3469295842825967e-03   1.1137764220089756e-03   8.7797790042506930e-04   6.4010060628782246e-04   4.0071835986285484e-04   1.6041012657311030e-04  -8.0242156763967647e-05  -3.2065580032304290e-04  -5.6024959774135616e-04  -7.9844603720322723e-04  -1.0346734614098186e-03  -1.2683681329220186e-03  -1.4989761828971876e-03  -1.7259554037336164e-03  -1.9487768726360890e-03  -2.1669263763734676e-03  -2.3799056363222708e-03  -2.5872333138708811e-03  -2.7884458099684730e-03  -2.9830978564074359e-03  -3.1707629253065936e-03  -3.3510334556805842e-03  -3.5235209335648505e-03  -3.6878558344950346e-03  -3.8436874625040916e-03  -3.9906836926833300e-03  -4.1285306538392224e-03  -4.2569323530103941e-03  -4.3756102765948870e-03  -4.4843029650891370e-03  -4.5827655946646334e-03  -4.6707695576662786e-03  -4.7481020749976562e-03  -4.8145658288063463e-03  -4.8699786500407292e-03  -4.9141732476196140e-03  -4.9469970193163973e-03  -4.9683119339415053e-03  -4.9779945403044474e-03  -4.9759361098521936e-03  -4.9620430140357641e-03  -4.9362374102445532e-03  -4.8984584779982552e-03  -4.8486644966889174e-03  -4.7868363801203111e-03  -4.7129834114701466e-03  -4.6271521370161162e-03  -4.5294385856293855e-03  -4.4200021691679532e-03  -4.2990766405106278e-03  -4.1669727177695015e-03  -4.0240704856224331e-03  -3.8708050632695894e-03  -3.7076512604019437e-03  -3.5351109105706013e-03  -3.3537039804797967e-03  -3.1639627959993638e-03  -2.9664284932037800e-03  -2.7616488201455186e-03  -2.5501767636185936e-03  -2.3325696288361889e-03  -2.1093883947815683e-03  -1.8811972008553951e-03  -1.6485629171837475e-03  -1.4120547516765336e-03  -1.1722438831458795e-03  -9.2970310033600788e-04  -6.8500644639679967e-04  -4.3872886268052656e-04  -1.9144583263408589e-04   5.6266974876521597e-05   3.0383406397193794e-04   5.5068046884675602e-04   7.9623211301763758e-04   1.0399161647882222e-03   1.2811613952195041e-03   1.5193985303014019e-03   1.7540606069579340e-03   1.9845833225992011e-03   2.2104053927735883e-03   2.4309689076355313e-03   2.6457197131462039e-03   2.8541078153598389e-03   3.0555878559242180e-03   3.2496196880016826e-03   3.4356691764487472e-03   3.6132093591469496e-03   3.7817222794311149e-03   3.9407019191883847e-03   4.0896589776607184e-03   4.2281283476394782e-03   4.3556800718216335e-03   4.4719334094855149e-03   4.5765713115245290e-03   4.6693502734132123e-03   4.7501010404695900e-03   4.8187203537150072e-03   4.8751581112470455e-03   4.9194050066280687e-03   4.9514830309865887e-03   4.9714391522408564e-03   4.9793413627535355e-03   4.9752763246076566e-03   4.9593479692731021e-03   4.9316766987691643e-03   4.8923989411343242e-03   4.8416669496117431e-03   4.7796487555497764e-03   4.7065282429616818e-03   4.6225053049269932e-03   4.5277960711428440e-03   4.4226331827470029e-03   4.3072661080103807e-03   4.1819614802136480e-03   4.0470034498104089e-03   3.9026940336335603e-03   3.7493534493773339e-03   3.5873204173283999e-03   3.4169524127091243e-03   3.2386258498862280e-03   3.0527361759367239e-03   2.8596978533037831e-03   2.6599442117449697e-03
   2.4575205217107579e-03   2.2453695702086864e-03   2.0278512846593762e-03   1.8054740651871663e-03   1.5787626054605615e-03   1.3482565306218778e-03   1.1145088244479608e-03   8.7808406159116284e-04   6.3955647133931382e-04   3.9950785963941809e-04   1.5852542003375506e-04  -8.2800534463779881e-05  -3.2387888743892410e-04  -5.6412004833485976e-04  -8.0293826471854147e-04  -1.0397538805825711e-03  -1.2739955111922233e-03  -1.5051020967438158e-03  -1.7325248079951131e-03  -1.9557287696919216e-03  -2.1741945825462378e-03  -2.3874196222324015e-03  -2.5949191133804359e-03  -2.7962269729453638e-03  -2.9908964307665889e-03  -3.1785004371695019e-03  -3.3586318852769428e-03  -3.5309036643709438e-03  -3.6949485702977318e-03  -3.8504190982093225e-03  -3.9969871434891949e-03  -4.1343436312143000e-03  -4.2621980981473410e-03  -4.3802782433327676e-03  -4.4883294669813365e-03  -4.5861144093970766e-03  -4.6734125064425589e-03  -4.7500195700069326e-03  -4.8157474080138306e-03  -4.8704234911028680e-03  -4.9138906805602485e-03  -4.9460070259254342e-03  -4.9666456507647993e-03  -4.9756947421342604e-03  -4.9730576762424799e-03  -4.9586533205243071e-03  -4.9324165905940852e-03  -4.8942993839637345e-03  -4.8442721128981233e-03  -4.7823261964433303e-03  -4.7084780814482035e-03  -4.6227755376234006e-03  -4.5253068553580827e-03  -4.4162126521121135e-03  -4.2956978782117258e-03  -4.1640394793188186e-03  -4.0215855620637821e-03  -3.8687459843577627e-03  -3.7059784175919883e-03  -3.5337746621599891e-03  -3.3526498368567212e-03  -3.1631348948501646e-03  -2.9657717869339410e-03  -2.7611104354965882e-03  -2.5497068403880778e-03  -2.3321218518038188e-03  -2.1089203248247737e-03  -1.8806704961702896e-03  -1.6479434846638410e-03  -1.4113128563351333e-03  -1.1713542252569642e-03  -9.2864487252931828e-04  -6.8376337622464605e-04  -4.3728924409671641e-04  -1.8980254915646418e-04   5.8116436307566726e-05   3.0588760498300067e-04   5.5293138089027916e-04   7.9866908337574512e-04   1.0425232930364001e-03   1.2839182144849862e-03   1.5222800414195976e-03   1.7570373191629499e-03   1.9876213131477033e-03   2.2134663810099509e-03   2.4340103630655354e-03   2.6486949961532055e-03   2.8569663846250391e-03   3.0582755654214415e-03   3.2520792580801568e-03   3.4378409199465471e-03   3.6150323509920850e-03   3.7831362184864133e-03   3.9416500986323268e-03   4.0900927789662683e-03   4.2280135857187557e-03   4.3550047212931649e-03   4.4707148542791229e-03   4.5748599004822969e-03   4.6672265756980960e-03   4.7476673826434236e-03   4.8160900369381291e-03   4.8724458955662726e-03   4.9167203790933508e-03   4.9489262058946366e-03   4.9690989915832859e-03   4.9772945125552597e-03   4.9735870172550869e-03   4.9580682006852179e-03   4.9308465854360217e-03   4.8920471791212257e-03   4.8418113148418060e-03   4.7802966343378061e-03   4.7076771738245437e-03   4.6241435385547518e-03   4.5299031425359137e-03   4.4251805063426448e-03   4.3102175941497362e-03   4.1852741834184663e-03   4.0506282489539153e-03   3.9065763521060701e-03   3.7534340152117910e-03   3.5915360679382212e-03   3.4212369426117719e-03   3.2429108994456507e-03   3.0569521569420730e-03   2.8637749054420407e-03   2.6638131718686388e-03
   2.4615120202328357e-03   2.2489827164550117e-03   2.0310233921133802e-03   1.8081473293945277e-03   1.5808848809422331e-03   1.3497820051891478e-03   1.1153985825539956e-03   8.7830654143813448e-04   6.3908781843061081e-04   3.9833218855282162e-04   1.5663499471091355e-04  -8.5405190733625738e-05  -3.2718894571726477e-04  -5.6811839196868987e-04  -8.0759957563128872e-04  -1.0450448070142351e-03  -1.2798749272954634e-03  -1.5115214693587611e-03  -1.7394286760078503e-03  -1.9630553430136340e-03  -2.1818764558358900e-03  -2.3953845960317916e-03  -2.6030910991500181e-03  -2.8045269592100854e-03  -2.9992434894601447e-03  -3.1868127516263877e-03  -3.3668277715024932e-03  -3.5389025680877114e-03  -3.7026720298166979e-03  -3.8577916600907253e-03  -4.0039372263172661e-03  -4.1408043341716883e-03  -4.2681079554339032e-03  -4.3855819255453881e-03  -4.4929784344128112e-03  -4.5900675210867404e-03  -4.6766365916654463e-03  -4.7524899669362129e-03  -4.8174484769956940e-03  -4.8713491067068418e-03  -4.9140447094106841e-03  -4.9454037922437161e-03  -4.9653103936856237e-03  -4.9736640600587688e-03  -4.9703799514996044e-03  -4.9553890979846579e-03  -4.9286388656018167e-03  -4.8900937009061264e-03  -4.8397363041003099e-03  -4.7775694431596207e-03  -4.7036187981064296e-03  -4.6179373489557635e-03  -4.5206119610790721e-03  -4.4117724577258698e-03  -4.2916024293656596e-03  -4.1603489992845756e-03  -4.0183274740062721e-03  -3.8659180769795849e-03  -3.7035558254679695e-03  -3.5317175416735899e-03  -3.3509098035893223e-03  -3.1616596745136687e-03  -2.9645083107663599e-03  -2.7600068212454113e-03  -2.5487136234337549e-03  -2.3311927562447744e-03  -2.1080127554484510e-03  -1.8797458591253368e-03  -1.6469673956597238e-03  -1.4102552843335565e-03  -1.1701895935463734e-03  -9.2735213408221689e-04  -6.8232606704175000e-04  -4.3569552288858524e-04  -1.8804522348594112e-04   6.0039892197731485e-05   3.0797504264914327e-04   5.5517597703633929e-04   8.0105934904168468e-04   1.0450430901783807e-03   1.2865467839417058e-03   1.5249920412595520e-03   1.7598028793421793e-03   1.9904061076420985e-03   2.2162317269858369e-03   2.4367133554637488e-03   2.6512887030134108e-03   2.8594001353564324e-03   3.0604953903856798e-03   3.2540285627014752e-03   3.4394615523263444e-03   3.6162662990496383e-03   3.7839282774017441e-03   3.9419519077236271e-03   4.0898685620539572e-03   4.2272473352689618e-03   4.3537074281533679e-03   4.4689289945579035e-03   4.5726584772197761e-03   4.6647063240069968e-03   4.7449388113208852e-03   4.8132677570264749e-03   4.8696413046152047e-03   4.9140370005245348e-03   4.9464570970217010e-03   4.9669255046086956e-03   4.9754858474144433e-03   4.9722002209241769e-03   4.9571484012603468e-03   4.9304273554675957e-03   4.8921509632791748e-03   4.8424498980083608e-03   4.7814716315918090e-03   4.7093805425017675e-03   4.6263581078638139e-03   4.5326031679057202e-03   4.4283322482316662e-03   4.3137799303884401e-03   4.1891992560282093e-03   4.0548621539521698e-03   3.9110598730952963e-03   3.7581034071548476e-03   3.5963238896092502e-03   3.4260729395840760e-03   3.2477229331029866e-03   3.0616671733977594e-03   2.8683199297272980e-03   2.6681163231947269e-03
   2.4658499704244899e-03   2.2529045762263535e-03   2.0344661652475335e-03   1.8110534169654166e-03   1.5832027786680653e-03   1.3514668672225750e-03   1.1164126524396299e-03   8.7861945577872550e-04   6.3867680831249877e-04   3.9718220314051292e-04   1.5473877714667538e-04  -8.8047054824474922e-05  -3.3056799229574100e-04  -5.7221825446437838e-04  -8.1239598249292799e-04  -1.0505056217573053e-03  -1.2859602588491618e-03  -1.5181838819990773e-03  -1.7466135250223495e-03  -1.9707012517569738e-03  -2.1899159368871019e-03  -2.4037448088452167e-03  -2.6116947298136109e-03  -2.8132932007475268e-03  -3.0080890851163925e-03  -3.1956530687258797e-03  -3.3755778816515975e-03  -3.5474783119805353e-03  -3.7109910396682004e-03  -3.8657743339049985e-03  -4.0115076402889227e-03  -4.1478910941994337e-03  -4.2746449823869107e-03  -4.3915091818918532e-03  -4.4982425908426139e-03  -4.5946225739520504e-03  -4.6804444314985476e-03  -4.7555209103565177e-03  -4.8196817618104768e-03  -4.8727733630567214e-03  -4.9146584049362414e-03  -4.9452156634531667e-03  -4.9643398577141435e-03  -4.9719416156155972e-03  -4.9679475540244100e-03  -4.9523005055653437e-03  -4.9249599139186634e-03  -4.8859024611329002e-03  -4.8351229983039480e-03  -4.7726359347386631e-03  -4.6984772975970377e-03  -4.6127078334369190e-03  -4.5154176016073749e-03  -4.4067325445698493e-03  -4.2868230257635496e-03  -4.1559132287920866e-03  -4.0142886392857385e-03  -3.8622982351918223e-03  -3.7003497429728568e-03  -3.5288995809458820e-03  -3.3484410631839535e-03  -3.1594938458953340e-03  -2.9625959030092305e-03  -2.7582979735414036e-03  -2.5471599303142937e-03  -2.3297484194679456e-03  -2.1066353118222567e-03  -1.8783966427192477e-03  -1.6456118467482333e-03  -1.4088631540645816e-03  -1.1687350851523840e-03  -9.2581399886129483e-04  -6.8068767424402283e-04  -4.3394490820032128e-04  -1.8617512354686692e-04   6.2032018894085859e-05   3.1008700520050438e-04   5.5740085237521620e-04   8.0338549225611694e-04   1.0474541557806410e-03   1.2890217597127298e-03   1.5275052963447579e-03   1.7623242318910584e-03   1.9929009177817401e-03   2.2186610298571430e-03   2.4390340514613140e-03   2.6534538380194026e-03   2.8613593163584151e-03   3.0621954267596140e-03   3.2554144702936333e-03   3.4404781328065790e-03   3.6168605817558574e-03   3.7840532032430412e-03   3.9415715581528838e-03   4.0889647935370855e-03   4.2258267326822987e-03   4.3518062338783678e-03   4.4666134191351159e-03   4.5700194573153607e-03   4.6618506334138426e-03   4.7419796456437627e-03   4.8103171286592314e-03   4.8668048853781083e-03   4.9114110732712156e-03   4.9441269501029218e-03   4.9649647216307088e-03   4.9739561093052687e-03   4.9711513969620258e-03   4.9566187980930685e-03   4.9304440560050010e-03   4.8927302180286200e-03   4.8435975515116712e-03   4.7831835760797315e-03   4.7116431967608357e-03   4.6291489230608687e-03   4.5358911629994570e-03   4.4320785803424016e-03   4.3179385039698011e-03   4.1937173773232105e-03   4.0596812346316066e-03   3.9161161885463104e-03   3.7633289115601397e-03   3.6016470902285420e-03   3.4314198283569926e-03   3.2530179696915228e-03   3.0668343113148728e-03   2.8732836736223336e-03   2.6728027866511610e-03
   2.4704658325935707e-03   2.2570668453547747e-03   2.0381129409196646e-03   1.8141288492001272e-03   1.5856576343913913e-03   1.3532589096790677e-03   1.1175068472054537e-03   8.7898803772222382e-04   6.3829925024062113e-04   3.9604513676855637e-04   1.5283591227647567e-04  -9.0714972131863058e-05  -3.3399316098923040e-04  -5.7638573388629321e-04  -8.1728356016294785e-04  -1.0560836664529932e-03  -1.2921916070944446e-03  -1.5250238075607673e-03  -1.7540098409873123e-03  -1.9785945821347729e-03  -2.1982401831252074e-03  -2.4124278110525680e-03  -2.6206591025339427e-03  -2.8224573062736059e-03  -3.0173681138614340e-03  -3.2049601842386714e-03  -3.3848253849434449e-03  -3.5565787887501307e-03  -3.7198584724932185e-03  -3.8743251526290380e-03  -4.0196617051727447e-03  -4.1555726019617623e-03  -4.2817832991180436e-03  -4.3980396007229717e-03  -4.5041070239061785e-03  -4.5997701800547380e-03  -4.6848321909777552e-03  -4.7591141491075536e-03  -4.8224546364928414e-03  -4.8747093082315944e-03  -4.9157505536813664e-03  -4.9454672397995338e-03  -4.9637645507277037e-03  -4.9705639289747130e-03  -4.9658031361054338e-03  -4.9494364434067720e-03  -4.9214349812065211e-03  -4.8817872737799469e-03  -4.8305000195940240e-03  -4.7675991938526769e-03  -4.6931316195611677e-03  -4.6071672129664558e-03  -4.5098022271626119e-03  -4.4011638593658229e-03  -4.2814165122985479e-03  -4.1507694597443072e-03  -4.0094846277570441e-03  -3.8578819772780550e-03  -3.6963398765997462e-03  -3.5252896553593614e-03  -3.3452061069510152e-03  -3.1565969482635309e-03  -2.9599935744027165e-03  -2.7559440378885657e-03  -2.5450081394472967e-03  -2.3277541621301349e-03  -2.1047567145749822e-03  -1.8765952792660946e-03  -1.6438531899198462e-03  -1.4071168745054051e-03  -1.1669752513794865e-03  -9.2401921637534612e-04  -6.7884118029571598e-04  -4.3203463763540973e-04  -1.8419375215451803e-04   6.4087047230129745e-05   3.1221346560567737e-04   5.5959173889417590e-04   8.0562903027856967e-04   1.0497338287180657e-03   1.2913163512077522e-03   1.5297889540605032e-03   1.7645665579810840e-03   1.9950670997022999e-03   2.2207120258318546e-03   2.4409268635253792e-03   2.6551419191104550e-03   2.8627931984181857e-03   3.0633236879285550e-03   3.2561852297321846e-03   3.4408413354585104e-03   3.6167714152655038e-03   3.7834769034604224e-03   3.9404895162676382e-03   4.0873810886269341e-03   4.2237731249961663e-03   4.3493432617180954e-03   4.4638264497382689e-03   4.5670109504160868e-03   4.6587313091290827e-03   4.7388608966225853e-03   4.8073055788212847e-03   4.8639989818969141e-03   4.9088991542118061e-03   4.9419862718897267e-03   4.9632610550858795e-03   4.9727436704640627e-03   4.9704729664684462e-03   4.9565059546051813e-03   4.9309174773194660e-03   4.8938000305704561e-03   4.8452637150027348e-03   4.7854363013862377e-03   4.7144633950248205e-03   4.6325086898189836e-03   4.5397542999905394e-03   4.4364011607059255e-03   4.3226694857318249e-03   4.1987992715576909e-03   4.0650508332777426e-03   3.9217053578478019e-03   3.7690654538815632e-03   3.6074556766907948e-03   3.4372229982111875e-03   3.2587371928074057e-03   3.0723910961701147e-03   2.8786006989858356e-03   2.6778050376039934e-03
   2.4752719039914882e-03   2.2613821182039320e-03   2.0418784521861692e-03   1.8172925044427728e-03   1.5881745537496324e-03   1.3550915285519827e-03   1.1186248016939150e-03   8.7936789068508454e-04   6.3792413409071748e-04   3.9490439361984024e-04   1.5092480568208678e-04  -9.3395419440353173e-05  -3.3743616960967742e-04  -5.8057860698117148e-04  -8.2220737920215073e-04  -1.0617128935022713e-03  -1.2984936594024562e-03  -1.5319586881839659e-03  -1.7615299039038176e-03  -1.9866445025581436e-03  -2.2067571738486336e-03  -2.4213421060171603e-03  -2.6298946989539371e-03  -2.8319329332867544e-03  -3.0269983618118066e-03  -3.2146567341327105e-03  -3.3944982862589542e-03  -3.5661377360773554e-03  -3.7292140343812190e-03  -3.8833899346285596e-03  -4.0283514262034175e-03  -4.1638070808596491e-03  -4.2894873475131197e-03  -4.4051438292074981e-03  -4.5105485647136253e-03  -4.6054933367107326e-03  -4.6897890203415589e-03  -4.7632649867072894e-03  -4.8257685698872010e-03  -4.8771646085694802e-03  -4.9173350682900508e-03  -4.9461787543405239e-03  -4.9636111208810766e-03  -4.9695641872790908e-03  -4.9639865689103981e-03  -4.9468436372095007e-03  -4.9181178219455928e-03  -4.8778090809741973e-03  -4.8259355672524273e-03  -4.7625345478233341e-03  -4.6876636519707342e-03  -4.6014025796469486e-03  -4.5038554552645814e-03  -4.3951540870589998e-03  -4.2754623935290963e-03  -4.1449821072575745e-03  -4.0039593421986918e-03  -3.8526907299398479e-03  -3.6915270199950924e-03  -3.5208722346605835e-03  -3.3411780867489316e-03  -3.1529353164110869e-03  -2.9566643781662448e-03  -2.7529073162314253e-03  -2.5422215526685857e-03  -2.3251754779635755e-03  -2.1023454477763709e-03  -1.8743137590466264e-03  -1.6416672605485301e-03  -1.4049963526148036e-03  -1.1648942273219012e-03  -9.2195625387141676e-04  -6.7677945225883777e-04  -4.2996201783788144e-04  -1.8210287626435574e-04   6.6198744591899767e-05   3.1434373306525381e-04   5.6173350782036521e-04   8.0777043161237017e-04   1.0518582282627133e-03   1.2934024078861176e-03   1.5318107065456091e-03   1.7664935521012420e-03   1.9968645735157472e-03   2.2223411852217772e-03   2.4423452944242353e-03   2.6563042125045326e-03   2.8636518973047358e-03   3.0638307330290572e-03   3.2562941465749265e-03   3.4405104496813450e-03   3.6159683037319513e-03   3.7821840077116053e-03   3.9387101715039965e-03   4.0851443024666964e-03   4.2211350562203782e-03   4.3463842482695013e-03   4.4606443900891812e-03   4.5637132706896196e-03   4.6554276766637166e-03   4.7356577228562088e-03   4.8043023833596347e-03   4.8612861974086131e-03   4.9065569110496856e-03   4.9400837890919893e-03   4.9618564006136462e-03   4.9718837388286639e-03   4.9701935922079402e-03   4.9568321104381322e-03   4.9318635336581531e-03   4.8953700602365289e-03   4.8474518391737114e-03   4.7882270729317691e-03   4.7178322222069403e-03   4.6364223017391808e-03   4.5441712598193219e-03   4.4412724309883262e-03   4.3279390534333257e-03   4.2044048385109127e-03   4.0709245806686296e-03   3.9277747893291144e-03   3.7752543243927167e-03   3.6136850065288393e-03   3.4434121730890633e-03   3.2648051341744901e-03   3.0782574885924452e-03   2.8841872430804133e-03   2.6830366757654642e-03
   2.4801598536045933e-03   2.2657427606567276e-03   2.0456580854548304e-03   1.8204452817442585e-03   1.5906624959545976e-03   1.3568842023139562e-03   1.1196987439874712e-03   8.7970588736420614e-04   6.3751446722471719e-04   3.9374016359985795e-04   1.4900341557285771e-04  -9.6072552988527959e-05  -3.4086364461170365e-04  -5.8474679525268535e-04  -8.2710194146108759e-04  -1.0673141000772401e-03  -1.3047755989905655e-03  -1.5388884639811950e-03  -1.7690669362736319e-03  -1.9947400506753997e-03  -2.2153541747733439e-03  -2.4303753805823970e-03  -2.6392915272371508e-03  -2.8416139580142779e-03  -3.0368787622927552e-03  -3.2246475812817256e-03  -3.4045079816544710e-03  -3.5760734602314761e-03  -3.7389831535040875e-03  -3.8929013181974201e-03  -4.0375166587817528e-03  -4.1725415562346591e-03  -4.2977112480323864e-03  -4.4127829941484446e-03  -4.5175352587444803e-03  -4.6117669272625660e-03  -4.6952965758733705e-03  -4.7679618045627439e-03  -4.8296186444827952e-03  -4.8801410465188844e-03  -4.9194204591648154e-03  -4.9473655010082961e-03  -4.9639017354612845e-03  -4.9689715532315716e-03  -4.9625341713937562e-03  -4.9445657566521261e-03  -4.9150596853950318e-03  -4.8740269539930088e-03  -4.8214967618537526e-03  -4.7575172966664372e-03  -4.6821567708948087e-03  -4.5955047803817525e-03  -4.4976740963129204e-03  -4.3888030413433586e-03  -4.2690586387123860e-03  -4.1386406867593420e-03  -3.9977867254207874e-03  -3.8467774016026982e-03  -3.6859410639072700e-03  -3.5156559384768278e-03  -3.3363485544990511e-03  -3.1484883965955143e-03  -2.9525802008930784e-03  -2.7491558034872269e-03  -2.5387669797991719e-03  -2.3219798855294523e-03  -2.0993710391759637e-03  -1.8715245168527709e-03  -1.6390300104597532e-03  -1.4024814647801865e-03  -1.1624760812170686e-03  -9.1961354863140561e-04  -6.7449541282425427e-04  -4.2772453159412781e-04  -1.7990458115361342e-04   6.8360406821269600e-05   3.1646649142580598e-04   5.6381026092274498e-04   8.0978927046791596e-04   1.0538024859161107e-03   1.2952507419439735e-03   1.5335372265416728e-03   1.7680680098873674e-03   1.9982526468189281e-03   2.2235048987838705e-03   2.4432436507810787e-03   2.6568941421690312e-03   2.8638896930533522e-03   3.0636741790759565e-03   3.2557055743962730e-03   3.4394608863086411e-03   3.6144426207143981e-03   3.7801863887822040e-03   3.9362684778783278e-03   4.0823116204761669e-03   4.2179874036457560e-03   4.3430149698574306e-03   4.4571570404097725e-03   4.5602148597512701e-03   4.6520233330039065e-03   4.7324469782127976e-03   4.8013767963982681e-03   4.8587279319184306e-03   4.9044379329252910e-03   4.9384654537715468e-03   4.9607892810681030e-03   4.9714076084435817e-03   4.9703375088944587e-03   4.9576145747997919e-03   4.9332927031228799e-03   4.8974440126303680e-03   4.8501588806460867e-03   4.7915460916654684e-03   4.7217330885958170e-03   4.6408663204650378e-03   4.5491116780499380e-03   4.4466550108107038e-03   4.3337027154213472e-03   4.2104823868193723e-03   4.0772435174718930e-03   3.9342582300658912e-03   3.7818220189041766e-03   3.6202544728972399e-03   3.4498999364217979e-03   3.2711280633729552e-03   3.0843341941957747e-03   2.8899394888090269e-03   2.6883907490558774e-03
   2.4850014410015553e-03   2.2700224471285035e-03   2.0493303700450374e-03   1.8234735494619667e-03   1.5930184839602034e-03   1.3585470992179666e-03   1.1206540614080995e-03   8.7994425510748528e-04   6.3703049353094974e-04   3.9253147597806003e-04   1.4706996417861471e-04  -9.8728879959685312e-05  -3.4423906760086472e-04  -5.8883534847740070e-04  -8.3189484947444772e-04  -1.0727988655419298e-03  -1.3109348677132452e-03  -1.5456987727350345e-03  -1.7764974770260204e-03  -2.0027516093285439e-03  -2.2238983956914884e-03  -2.4393944864782558e-03  -2.6487185632145917e-03  -2.8513735495069256e-03  -3.0468882931308640e-03  -3.2348186733139727e-03  -3.4147481511978823e-03  -3.5862878237993348e-03  -3.7490760812794758e-03  -3.9027779820725436e-03  -4.0470844354248640e-03  -4.1817112766104753e-03  -4.3063982938693754e-03  -4.4209082537592700e-03  -4.5250259552791963e-03  -4.6185573356476257e-03  -4.7013286424571173e-03  -4.7731856835167719e-03  -4.8339931619503056e-03  -4.8836341034083196e-03  -4.9220093800468618e-03  -4.9490373367684672e-03  -4.9646535236934171e-03  -4.9688105405327225e-03  -4.9614779975260207e-03  -4.9426426000859182e-03  -4.9123083640626192e-03  -4.8704969723911981e-03  -4.8172482855821947e-03  -4.7526210257918082e-03  -4.6766936609941093e-03  -4.5895655312496175e-03  -4.4913582762868363e-03  -4.3822176514744593e-03  -4.2623158406029562e-03  -4.1318543820880703e-03  -3.9910677628175609e-03  -3.8402275474085637e-03  -3.6796465458742906e-03  -3.5096820467243259e-03  -3.3307369014744263e-03  -3.1432575752745099e-03  -2.9477292461705489e-03  -2.7446690831474801e-03  -2.5346191746884166e-03  -2.3181402220476795e-03  -2.0958065219945764e-03  -1.8682022538676220e-03  -1.6359188251161608e-03  -1.3995529844344151e-03  -1.1597054620525351e-03  -9.1697995703691061e-04  -6.7198234620203482e-04  -4.2532003060025017e-04  -1.7760136679734320e-04   7.0564851121015054e-05   3.1856988048579912e-04   5.6580550553611650e-04   8.1166451153686704e-04   1.0555411694880624e-03   1.2968317454575642e-03   1.5349350541066754e-03   1.7692530859574891e-03   1.9991917544393807e-03   2.2241618346370584e-03   2.4435802024431025e-03   2.6568715321513303e-03   2.8634706683373055e-03   3.0628259368742422e-03   3.2544036422901094e-03   3.4376938129789323e-03   3.6122168292979026e-03   3.7775299944013234e-03   3.9332326847874534e-03   4.0789688678905568e-03   4.2144266504532558e-03   4.3393355350155030e-03   4.4534625416599635e-03   4.5566082186741831e-03   4.6486031243101857e-03   4.7293049622139675e-03   4.7985963390550015e-03   4.8563830284708773e-03   4.9025926283460218e-03   4.9371735187997631e-03   4.9600940583968862e-03   4.9713419747584317e-03   4.9709239228903296e-03   4.9588651916170536e-03   4.9352095463340859e-03   4.9000191975873096e-03   4.8533748889239550e-03   4.7953760966701411e-03   4.7261413367707212e-03   4.6458085723177353e-03   4.5545357170893412e-03   4.4525012284619388e-03   4.3399047836684083e-03   4.2169680301228935e-03   4.0839353995745448e-03   3.9410749680465320e-03   3.7886793397126544e-03   3.6270665165292122e-03   3.4565807073674570e-03   3.2775930005736354e-03   3.0905018204238129e-03   2.8957330624643164e-03   2.6937397928888489e-03
   2.4896536062767238e-03   2.2740830256611543e-03   2.0527654268363438e-03   1.8262587308834463e-03   1.5951377507275584e-03   1.3599911408562501e-03   1.1214186109262598e-03   8.8002849347299536e-04   6.3643567606986174e-04   3.9125985600269915e-04   1.4512404818642276e-04  -1.0134673288280365e-04  -3.4752669943774434e-04  -5.9279050641936960e-04  -8.3651454009195120e-04  -1.0780783627280808e-03  -1.3168663984213147e-03  -1.5522699376120063e-03  -1.7836895188876720e-03  -2.0105377007561863e-03  -2.2322421651907857e-03  -2.4482490020608094e-03  -2.6580259469407000e-03  -2.8610653089954658e-03  -3.0568863473912993e-03  -3.2450369235249590e-03  -3.4250943849453955e-03  -3.5966657591653324e-03  -3.7593873907558199e-03  -3.9129241755122271e-03  -4.0569685501489041e-03  -4.1912393518604438e-03  -4.3154806375560444e-03  -4.4294605190663763e-03  -4.5329700519771872e-03  -4.6258221995662142e-03  -4.7078508852256675e-03  -4.7789101411101530e-03  -4.8388733581605538e-03  -4.8876326406966705e-03  -4.9250982687351523e-03  -4.9511982701332322e-03  -4.9658781056375681e-03  -4.9691004691868454e-03  -4.9608452073168097e-03  -4.9411093610858626e-03  -4.9099073359952722e-03  -4.8672712055419405e-03  -4.8132511572030389e-03  -4.7479160913534600e-03  -4.6713543894682397e-03  -4.5836748733248779e-03  -4.4850079883398458e-03  -4.3755072549705332e-03  -4.2553510482768904e-03  -4.1247447698319019e-03  -3.9839234625294552e-03  -3.8331548460416478e-03  -3.6727425856565624e-03  -3.5030293470096059e-03  -3.3243988804409564e-03  -3.1372762896164962e-03  -2.9421259340492363e-03  -2.7394470696847080e-03  -2.5297680668756829e-03  -2.3136403225515146e-03  -2.0916327303096482e-03  -1.8643271475221911e-03  -1.6323149314686643e-03  -1.3961943931603573e-03  -1.1565689427101855e-03  -9.1404572035398387e-04  -6.6923455485548924e-04  -4.2274713703575607e-04  -1.7519633028750893e-04   7.2804434369482145e-05   3.2064171482419835e-04   5.6770259141541350e-04   8.1337519830701477e-04   1.0570492726035786e-03   1.2981167449818223e-03   1.5359724038125180e-03   1.7700146792208598e-03   1.9996466152939199e-03   2.2242771299383650e-03   2.4433227026446442e-03   2.6562096749492845e-03   2.8623773727776119e-03   3.0612822163035096e-03   3.2524028091864680e-03   3.4352456718225312e-03   3.6093508716377866e-03   3.7742965158989988e-03   3.9297012101379833e-03   4.0752242130091283e-03   4.2105637111824138e-03   4.3354540085650591e-03   4.4496624052956582e-03   4.5529862652955617e-03   4.6452504910865170e-03   4.7263054463882138e-03   4.7960252767320034e-03   4.8543065612928656e-03   4.9010672314663394e-03   4.9362457094016881e-03   4.9598002317391976e-03   4.9717083366175256e-03   4.9719664978062185e-03   4.9605898961983062e-03   4.9376123203606443e-03   4.9030861910594149e-03   4.8570827043974141e-03   4.7996920902078060e-03   4.7310239815425773e-03   4.6512078926191592e-03   4.5603938016547966e-03   4.4587528359766905e-03   4.3464780554123899e-03   4.2237853294662658e-03   4.0909142990829565e-03   3.9481294098360703e-03   3.7957209885956353e-03   3.6340063227328777e-03   3.4633306673246722e-03   3.2840680860320632e-03   3.0966219812381011e-03   2.9014251563503467e-03   2.6989392757200822e-03
   2.4939701489168518e-03   2.2777882467210435e-03   2.0558401185733792e-03   1.8286930537194843e-03   1.5969291260205052e-03   1.3611420876084377e-03   1.1219347557262518e-03   8.7991688083504185e-04   6.3570342900591949e-04   3.8991318931684630e-04   1.4316761546956437e-04  -1.0391018188537877e-04  -3.5069636593550413e-04  -5.9656729580782203e-04  -8.4090050728902719e-04  -1.0830758254422763e-03  -1.3224766919118383e-03  -1.5584918008629345e-03  -1.7905171411910612e-03  -2.0179585296829193e-03  -2.2402346740647964e-03  -2.4567807141494691e-03  -2.6670520527905541e-03  -2.8705281479890817e-03  -3.0667158691298291e-03  -3.2551520715304832e-03  -3.4354051777032465e-03  -3.6070757409241566e-03  -3.7697961541038514e-03  -3.9232297497118276e-03  -4.0670695252603339e-03  -4.2010366994033070e-03  -4.3248792320716312e-03  -4.4383703939770000e-03  -4.5413074293371115e-03  -4.6335103333030063e-03  -4.7148207520340381e-03  -4.7851010070355656e-03  -4.8442332430668469e-03  -4.8921186983310752e-03  -4.9286770955850575e-03  -4.9538461537370921e-03  -4.9675812194775980e-03  -4.9698550197143313e-03  -4.9606575354479215e-03  -4.9399959991232173e-03  -4.9078950174148515e-03  -4.8643968231404325e-03  -4.8095616602836216e-03  -4.7434683086412001e-03  -4.6662147559155872e-03  -4.5779190294324311e-03  -4.4787202029430854e-03  -4.3687796013039317e-03  -4.2482822297971968e-03  -4.1174384607361499e-03  -3.9764860010645334e-03  -3.8256921372880966e-03  -3.6653561850364712e-03  -3.4958119369314410e-03  -3.3174297392082291e-03  -3.1306176447086706e-03  -2.9358210799621700e-03  -2.7335207196975959e-03  -2.5242286761584598e-03  -2.3084835807125879e-03  -2.0868453737984049e-03  -1.8598904786490747e-03  -1.6282077258974203e-03  -1.3923951253495997e-03  -1.1530574080915101e-03  -9.1080418266783938e-04  -6.6624854070696340e-04  -4.2000597343290496e-04  -1.7269349536605991e-04   7.5071099846581835e-05   3.2266990515843647e-04   5.6948552823071405e-04   8.1490171561487436e-04   1.0583040061306393e-03   1.2990804511244173e-03   1.5366224506469001e-03   1.7703257725464228e-03   1.9995918474586720e-03   2.2238294632108083e-03   2.4424570089921784e-03   2.6549054203408974e-03   2.8606219197798632e-03   3.0590744995916642e-03   3.2497568465965298e-03   3.4321931184556160e-03   3.6059418085543230e-03   3.7705980739452991e-03   3.9257943252715890e-03   4.0711993183476600e-03   4.2065162654406629e-03   4.3314805231889162e-03   4.4458572542848259e-03   4.5494392852676929e-03   4.6420452464060414e-03   4.7235179968040135e-03   4.7937233098770413e-03   4.8525487826924967e-03   4.8999029398607260e-03   4.9357145076081499e-03   4.9599318421110396e-03   4.9725225000354888e-03   4.9734729441032518e-03   4.9627883777714375e-03   4.9404927057101807e-03   4.9066286167583923e-03   4.8612577876963447e-03   4.8044612058620517e-03   4.7363396100862107e-03   4.6570140493416706e-03   4.5666265600192990e-03   4.4653409630614881e-03   4.3533437831566072e-03   4.2308452911073730e-03   4.0980806682068176e-03   3.9553112805371729e-03   3.8028260363886586e-03   3.6409427626813242e-03   3.4700094967554593e-03   3.2904055146116841e-03   3.1025418782914729e-03   2.9068612603332482e-03   2.7038368288657697e-03
   2.4978194317331623e-03   2.2810224230513311e-03   2.0584562805882733e-03   1.8306960467536822e-03   1.5983289360025101e-03   1.3619515250260191e-03   1.1221675469388116e-03   8.7958618497294605e-04   6.3482074449807411e-04   3.8848759314908868e-04   1.4120527965689279e-04  -1.0640623793338293e-04  -3.5372630993876845e-04  -6.0013430631485661e-04  -8.4501036881807329e-04  -1.0877362572675547e-03  -1.3276963564410038e-03  -1.5642789294907792e-03  -1.7968777268818428e-03  -2.0248940777371069e-03  -2.2477395874960487e-03  -2.4648395209392526e-03  -2.6756368407505797e-03  -2.8795966896317674e-03  -3.0762108794962599e-03  -3.2650018040183675e-03  -3.4455252540787035e-03  -3.6173718654153972e-03  -3.7801672299293456e-03  -3.9335709648405832e-03  -4.0772751410630050e-03  -4.2110024135699337e-03  -4.3345041057734519e-03  -4.4475583877721971e-03  -4.5499686152042163e-03  -4.6415618485571670e-03  -4.7221875508909441e-03  -4.7917164541740271e-03  -4.8500395825590934e-03  -4.8970674228006128e-03  -4.9327292341455227e-03  -4.9569724919635441e-03  -4.9697624613276193e-03  -4.9710818976771770e-03  -4.9609308731437861e-03  -4.9393267274715560e-03  -4.9063041437406620e-03  -4.8619153492798842e-03  -4.8062304435336689e-03  -4.7393378549345777e-03  -4.6613449306493211e-03  -4.5723786637564701e-03  -4.4725865651584476e-03  -4.3621376884100073e-03  -4.2412238191278477e-03  -4.1100608386034675e-03  -3.9688902687672481e-03  -3.8179809895164270e-03  -3.6576310854782136e-03  -3.4881697241613595e-03  -3.3099588655407016e-03  -3.1233945174034940e-03  -2.9289071609075049e-03  -2.7269609846533619e-03  -2.5180517795055290e-03  -2.3027036163563003e-03  -2.0814646903411461e-03  -1.8549028879881447e-03  -1.6236015902062891e-03  -1.3881560244890236e-03  -1.1491702742094064e-03  -9.0725491442294472e-04  -6.6302517293626506e-04  -4.1709949431994938e-04  -1.7009839201549134e-04   7.7356506391343567e-05   3.2464329592688071e-04   5.7114057291463548e-04   8.1622820762651906e-04   1.0592881615260363e-03   1.2997054058218329e-03   1.5368690101436916e-03   1.7701734879475930e-03   1.9990205033680397e-03   2.2228210548958082e-03   2.4409982374006692e-03   2.6529906259753970e-03   2.8582562017698473e-03   3.0562765559391356e-03   3.2465609177155879e-03   3.4286494719786963e-03   3.6021155491114181e-03   3.7665665271412810e-03   3.9216435586403777e-03   4.0670204462519488e-03   4.2024020451229480e-03   4.3275224892834509e-03   4.4421434474363596e-03   4.5460525152369253e-03   4.6390617846832983e-03   4.7210065995546046e-03   4.7917444857576976e-03   4.8511542448499475e-03   4.8991351973175180e-03   4.9356065666587880e-03   4.9605069968640609e-03   4.9737941991841086e-03   4.9754447248685921e-03   4.9654538625493105e-03   4.9438356590342063e-03   4.9106230636641462e-03   4.8658681963979333e-03   4.8096427412238490e-03   4.7420384670879921e-03   4.6631678806595186e-03   4.5731650171477595e-03   4.4721863784750729e-03   4.3604120308990925e-03   4.2380468757755056e-03   4.1053221027794497e-03   3.9624968224515941e-03   3.8098598365852937e-03   3.6477314468394500e-03   3.4764650949247740e-03   3.2964485348303783e-03   3.1081041487930139e-03   2.9118880558134403e-03   2.7082878941528709e-03
   2.5011024249814995e-03   2.2837059734600496e-03   2.0605527058266807e-03   1.8322227677783360e-03   1.5993058953504276e-03   1.3623991464209396e-03   1.1221052064354724e-03   8.7903110792606290e-04   6.3378723460557989e-04   3.8698651490709940e-04   1.3924373682107209e-04  -1.0882506514599689e-04  -3.5660318793073297e-04  -6.0347383377692596e-04  -8.4882071024149476e-04  -1.0920286916325174e-03  -1.3324845879427838e-03  -1.5695780854956653e-03  -1.8027029495955018e-03  -2.0312586135740347e-03  -2.2546523141725007e-03  -2.4723019495318096e-03  -2.6836397983375669e-03  -2.8881171075576628e-03  -3.0852093178061497e-03  -3.2744213757413300e-03  -3.4552923236614904e-03  -3.6273983959496710e-03  -3.7903542502422602e-03  -3.9438124608062366e-03  -4.0874617707537600e-03  -4.2210247122209379e-03  -4.3442550675051542e-03  -4.4569354627878050e-03  -4.5588752208879516e-03  -4.6499085029970038e-03  -4.7298927229442941e-03  -4.7987072021234232e-03  -4.8562520345836390e-03  -4.9024471367581897e-03  -4.9372314630883813e-03  -4.9605623739288332e-03  -4.9724151460764174e-03  -4.9727826191141994e-03  -4.9616749725345001e-03  -4.9391196301728363e-03  -4.9051612892633935e-03  -4.8598620725003750e-03  -4.8033018018750111e-03  -4.7355783939924080e-03  -4.6568083767828828e-03  -4.5671275285082847e-03  -4.4666916398973461e-03  -4.3556774013751905e-03  -4.2342834158318578e-03  -4.1027313374478102e-03  -3.9612671309235022e-03  -3.8101624367178548e-03  -3.6497160104495543e-03  -3.4802551692078732e-03  -3.3021371420583153e-03  -3.1157501477875049e-03  -2.9215139866860026e-03  -2.7198799149520756e-03  -2.5113295825199573e-03  -2.2963729692301606e-03  -2.0755454530381879e-03  -1.8494042832841969e-03  -1.6185248207290317e-03  -1.3834969029130255e-03  -1.1449215890495796e-03  -9.0340839804636623e-04  -6.5957304132108999e-04  -4.1403558706300329e-04  -1.6741896571445688e-04   7.9652277630840669e-05   3.2655307130225874e-04   5.7265882404722583e-04   8.1734642299268899e-04   1.0599952935000704e-03   1.2999885957628982e-03   1.5367146405247513e-03   1.7695686128179756e-03   1.9979546906175164e-03   2.2212886228279135e-03   2.4390007741781944e-03   2.6505395459426014e-03   2.8553749538577367e-03   3.0530020360392935e-03   3.2429437333808468e-03   3.4247529595006236e-03   3.5980137195872576e-03   3.7623413167201737e-03   3.9173818389386800e-03   4.0628111651773218e-03   4.1983337022735660e-03   4.3236810307346399e-03   4.4386105678693253e-03   4.5429043115939012e-03   4.6363676975030724e-03   4.7188285791007045e-03   4.7901363354367517e-03   4.8501611034095166e-03   4.8987931333182846e-03   4.9359422652614079e-03   4.9615375257549181e-03   4.9755268440286205e-03   4.9778768888330740e-03   4.9685730266234157e-03   4.9476194031390884e-03   4.9150391506014935e-03   4.8708747242055192e-03   4.8151883726612445e-03   4.7480627502671929e-03   4.6696016812907571e-03   4.5799310928544956e-03   4.4792001393277351e-03   4.3675825486515669e-03   4.2452782255902105e-03   4.1125151417623507e-03   3.9695515086230612e-03   3.8166781570730330e-03   3.6542209008932069e-03   3.4825424877249411e-03   3.3020435655389630e-03   3.1131621163298447e-03   2.9163711023567152e-03   2.7121745088839041e-03
   2.5037619955538097e-03   2.2858000265749728e-03   2.0621056108522258e-03   1.8332611116131134e-03   1.5998563881514764e-03   1.3624871037849901e-03   1.1217534759075543e-03   8.7825932416975836e-04   6.3261131400160374e-04   3.8541832425718041e-04   1.3729089108250133e-04  -1.1115930427573330e-04  -3.5931992667424058e-04  -6.0657847578565781e-04  -8.5232279050019523e-04  -1.0959415905551439e-03  -1.3368250851925815e-03  -1.5743656926168032e-03  -1.8079589360257666e-03  -2.0370046131639279e-03  -2.2609083780016064e-03  -2.4790839235101949e-03  -2.6909559964026332e-03  -2.8959644608542129e-03  -3.0935694824424272e-03  -3.2832575880180556e-03  -3.4645479139829498e-03  -3.6369975629306260e-03  -3.8002049850526026e-03  -3.9538108725298282e-03  -4.0974968366367425e-03  -4.2309826547349272e-03  -4.3540229603953092e-03  -4.4664039894996956e-03  -4.5679406932964493e-03  -4.6584743045183846e-03  -4.7378703299611373e-03  -4.8060169057449111e-03  -4.8628234494997981e-03  -4.9082195572847367e-03  -4.9421541063926289e-03  -4.9645945372544789e-03  -4.9755262956527532e-03  -4.9749524222941210e-03  -4.9628932803282809e-03  -4.9393864139250241e-03  -4.9044865325687430e-03  -4.8582656169014913e-03  -4.8008131427051213e-03  -4.7322364201898030e-03  -4.6526610461290890e-03  -4.5622314664811488e-03  -4.4611116472074285e-03  -4.3494858501005951e-03  -4.2275595100831629e-03  -4.0955602069795271e-03  -3.9537387218101837e-03  -3.8023701599264517e-03  -3.6417551102204859e-03  -3.4722207958830559e-03  -3.2941221377829778e-03  -3.1078426364323846e-03  -2.9137949305023760e-03  -2.7124208724118417e-03  -2.5041909923590828e-03  -2.2896032421102371e-03  -2.0691809924437451e-03  -1.8434704022428877e-03  -1.6130373708442914e-03  -1.3784643201096005e-03  -1.1403470422136621e-03  -8.9929179625971320e-04  -6.5591275345014974e-04  -4.1082981071931859e-04  -1.6466673543589339e-04   8.1950427428269983e-05   3.2839476722968839e-04   5.7403982355570425e-04   8.1826089030738328e-04   1.0604363918186631e-03   1.2999494135840462e-03   1.5361894672672165e-03   1.7685545569849550e-03   1.9964535868789053e-03   2.2193090984036958e-03   2.4365602548873403e-03   2.6476659098273458e-03   2.8521075365469987e-03   3.0493917779616762e-03   3.2390524123213334e-03   3.4206516143613325e-03   3.5937805159021222e-03   3.7580591669897079e-03   3.9131360328032933e-03   4.0586871759406354e-03   4.1944152680880907e-03   4.3200485279760188e-03   4.4353396595827104e-03   4.5400648365160213e-03   4.6340227582828590e-03   4.7170337956199777e-03   4.7889392318769246e-03   4.8496006065858526e-03   4.8988991638700659e-03   4.9367354088607407e-03   4.9630287744845568e-03   4.9777174017279335e-03   4.9807580363297414e-03   4.9721260457796755e-03   4.9518155607829904e-03   4.9198397468392082e-03   4.8762312129893405e-03   4.8210425680449212e-03   4.7543471390470923e-03   4.6762398743665718e-03   4.5868384645828594e-03   4.4862847287027736e-03   4.3747463285597737e-03   4.2524188819974846e-03   4.1195285240505667e-03   3.9763348865979155e-03   3.8231342786768990e-03   3.6602625743616655e-03   3.4880970146367483e-03   3.3070560955573104e-03   3.1175970890221835e-03   2.9202114414175495e-03   2.7154189774680187e-03
   2.5057803477678124e-03   2.2873001214816779e-03   2.0631200554853961e-03   1.8338223775783795e-03   1.5999953106438408e-03   1.3622318421181551e-03   1.1211288064947394e-03   8.7728616547697556e-04   6.3130641064023459e-04   3.8379404157826391e-04   1.3535508975425455e-04  -1.1340333148629487e-04  -3.6187346448241967e-04  -6.0944734341233865e-04  -8.5551723965922636e-04  -1.0994761293234110e-03  -1.3407182007838952e-03  -1.5786394296382819e-03  -1.8126382638660973e-03  -2.0421164875421933e-03  -2.2664803694973862e-03  -2.4851422543891851e-03  -2.6975228152363185e-03  -2.9030542473746134e-03  -3.1011847010907661e-03  -3.2913841108578169e-03  -3.4731511791685869e-03  -3.6460206592511092e-03  -3.8095695221191861e-03  -3.9634205557248555e-03  -4.1072427373659882e-03  -4.2407488623241747e-03  -4.3636916041621173e-03  -4.4758591898482998e-03  -4.5770714299214147e-03  -4.6671763977049188e-03  -4.7460477713604250e-03  -4.8135827377456366e-03  -4.8697003397486305e-03  -4.9143401665154799e-03  -4.9474613139688130e-03  -4.9690415650530820e-03  -4.9790767563690679e-03  -4.9775803082129930e-03  -4.9645829025530622e-03  -4.9401322973612076e-03  -4.9042932689528449e-03  -4.8571476753007450e-03  -4.7987946348855550e-03  -4.7293508159153381e-03  -4.6489508315596308e-03  -4.5577477364963266e-03  -4.4559136200797191e-03  -4.3436402905592131e-03  -4.2211400431234206e-03  -4.0886465027751917e-03  -3.9464155287216194e-03  -3.7947261611556544e-03  -3.6338815846986899e-03  -3.4642100666813715e-03  -3.2860658222097060e-03  -3.0998297256852330e-03  -2.9059097873560509e-03  -2.7047412950920850e-03  -2.4967865044794465e-03  -2.2825338041014831e-03  -2.0624963275854154e-03  -1.8372100193210807e-03  -1.6072312414643465e-03  -1.3731340780504845e-03  -1.1355075154626795e-03  -8.9495265904555258e-04  -6.5208010830929120e-04  -4.0750756076213794e-04  -1.6185766266912062e-04   8.4243919156923560e-05   3.3017026027540942e-04   5.7529484849156462e-04   8.1899324086639699e-04   1.0606447866699342e-03   1.2996344896193414e-03   1.5353550648936596e-03   1.7672092214427199e-03   1.9946121573201836e-03   2.2169942089529321e-03   2.4338035410374462e-03   2.6445087272475246e-03   2.8486010522958682e-03   3.0455963878027008e-03   3.2350365478350080e-03   3.4164901080553853e-03   3.5895527226733307e-03   3.7538470108913514e-03   3.9090221189100769e-03   4.0547530638125736e-03   4.1907399391012956e-03   4.3167070578438316e-03   4.4324020833875566e-03   4.5375951839909997e-03   4.6320782375203406e-03   4.7156641015629816e-03   4.7881859619137756e-03   4.8494967669177975e-03   4.8994687547778415e-03   4.9379930791422846e-03   4.9649795383823669e-03   4.9803564135848565e-03   4.9840704208995714e-03   4.9760867842190779e-03   4.9563894356105956e-03   4.9249813525832874e-03   4.8818850449077363e-03   4.8271432090408297e-03   4.7608195777458619e-03   4.6830000068064223e-03   4.5937938622456001e-03   4.4933357984352634e-03   4.3817880428972909e-03   4.2593433026880132e-03   4.1262283350861437e-03   3.9827080026218036e-03   3.8290892425995623e-03   3.6657239091546718e-03   3.4930092948644610e-03   3.3113856054656525e-03   3.1213306931244882e-03   2.9233532972935722e-03   2.7179862103188773e-03
   2.5071687376772905e-03   2.2882250895162630e-03   2.0636192993055899e-03   1.8339318007746575e-03   1.5997480216677230e-03   1.3616574868294405e-03   1.1202531213059656e-03   8.7613067686613858e-04   6.2988823445261162e-04   3.8212575228337489e-04   1.3344464063705353e-04  -1.1555264862554831e-04  -3.6426302574864934e-04  -6.1208316598201755e-04  -8.5840991771702919e-04  -1.1026407230791905e-03  -1.3441740619460590e-03  -1.5824099362521781e-03  -1.8167504220939657e-03  -2.0466003331894118e-03  -2.2713680663444258e-03  -2.4904667430581235e-03  -2.7033158267741816e-03  -2.9093434750975425e-03  -3.1079899627760267e-03  -3.2987125465446807e-03  -3.4809920157319436e-03  -3.6543406937939752e-03  -3.8183108302530357e-03  -3.9725015530755574e-03  -4.1165625138484098e-03  -4.2501934641386661e-03  -4.3731405741877999e-03  -4.4851911567107159e-03  -4.5861683033411134e-03  -4.6759262564877863e-03  -4.7543467416046063e-03  -4.8213361692968238e-03  -4.8768235194563180e-03  -4.9207587333943512e-03  -4.9531114810777068e-03  -4.9738702139716226e-03  -4.9830414435745526e-03  -4.9806492077491271e-03  -4.9667346986676936e-03  -4.9413560353197741e-03  -4.9045881671980866e-03  -4.8565228998598640e-03  -4.7972690337614171e-03  -4.7269526099644882e-03  -4.6457172557865167e-03  -4.5537246246839143e-03  -4.4511549233664360e-03  -4.3382075191774122e-03  -4.2151016188858815e-03  -4.0820770080518222e-03  -3.9393948367009365e-03  -3.7873384334181229e-03  -3.6262141213350262e-03  -3.4563520064420485e-03  -3.2781066899327219e-03  -3.0918578593254454e-03  -2.8980106863101718e-03  -2.6969959595564887e-03  -2.4892698907346402e-03  -2.2753135212829163e-03  -2.0556316803188408e-03  -1.8307515024786917e-03  -1.6012205424274502e-03  -1.3676045573498643e-03  -1.1304850616437657e-03  -8.9045677829935007e-04  -6.4812509654001203e-04  -4.0410361741146609e-04  -1.5901183004559034e-04   8.6527073965422227e-05   3.3188827151047065e-04   5.7644730986444812e-04   8.1958209489360265e-04   1.0606749237756907e-03   1.2991146073188229e-03   1.5342987107709516e-03   1.7656359084629069e-03   1.9925484175641866e-03   2.2144744349676822e-03   2.4308704780546205e-03   2.6412135120447615e-03   2.8450027633384082e-03   3.0417611445204026e-03   3.2310362585147813e-03   3.4124009778664505e-03   3.5854536405059570e-03   3.7498179319743201e-03   3.9051425236076962e-03   4.0511005315085041e-03   4.1873888674680186e-03   4.3137275285080661e-03   4.4298588678383594e-03   4.5355468780308309e-03   4.6305765085955311e-03   4.7147530361748092e-03   4.7879014993895217e-03   4.8498662091608748e-03   4.9005103427925221e-03   4.9397156293779273e-03   4.9673821337263063e-03   4.9834281459184351e-03   4.9877901842911437e-03   4.9804231206236928e-03   4.9613004385065784e-03   4.9304146393443181e-03   4.8877778168117478e-03   4.8334224310957897e-03   4.7674023319027444e-03   4.6897941065597564e-03   4.6006988684996761e-03   4.5002446466080922e-03   4.3885895632682203e-03   4.2659259393103451e-03   4.1324852266334091e-03   3.9885431674384006e-03   3.8344238926560576e-03   3.6705013266489146e-03   3.4971967951666931e-03   3.3149731433549084e-03   3.1243269534029991e-03   2.9257806917972577e-03   2.7198760258229861e-03
   2.5079564006694798e-03   2.2886071731504920e-03   2.0636363612498644e-03   1.8336215663510100e-03   1.5991447371183907e-03   1.3607914871754593e-03   1.1191505414418388e-03   8.7481325878397504e-04   6.2837319854123987e-04   3.8042571272884116e-04   1.3156755293794808e-04  -1.1760351467726636e-04  -3.6648909066477008e-04  -6.1449052333421275e-04  -8.6100929254723474e-04  -1.1054474007109836e-03  -1.3472077765220140e-03  -1.5856947018856465e-03  -1.8203142779318366e-03  -2.0504749593799713e-03  -2.2755882040129101e-03  -2.4950693151262154e-03  -2.7083385990345488e-03  -2.9148230371872528e-03  -3.1139587764888467e-03  -3.3051948481997813e-03  -3.4879985669816456e-03  -3.6618629243977156e-03  -3.8263157192977189e-03  -3.9809290982002841e-03  -4.1253271684697371e-03  -4.2591893807581351e-03  -4.3822489369821352e-03  -4.4942875287394537e-03  -4.5951286395225464e-03  -4.6846312019266827e-03  -4.7626844338502384e-03  -4.8292039471357594e-03  -4.8841289094148010e-03  -4.9274199805699886e-03  -4.9590578003249853e-03  -4.9790418671691655e-03  -4.9873897077115622e-03  -4.9841362697791358e-03  -4.9693334992494224e-03  -4.9430500720297633e-03  -4.9053712636777354e-03  -4.8563989416826438e-03  -4.7962516707864685e-03  -4.7250649212000218e-03  -4.6429913727360954e-03  -4.5502013061352459e-03  -4.4468830747207630e-03  -4.3332436470966858e-03  -4.2095092118230072e-03  -4.0759258319978276e-03  -3.9327601361047902e-03  -3.7803000260636472e-03  -3.6188553819201225e-03  -3.4487587312448651e-03  -3.2703658536651524e-03  -3.0840562701382555e-03  -2.8902335756700055e-03  -2.6893255605113984e-03  -2.4817840570869080e-03  -2.2680844713781848e-03  -2.0487249691752119e-03  -1.8242252882549105e-03  -1.5951251895518521e-03  -1.3619825915145651e-03  -1.1253714539476609e-03  -8.8587948407399921e-04  -6.4410574582332721e-04  -4.0065824225046554e-04  -1.5615152360512032e-04   8.8795653027363676e-05   3.3356261032220426e-04   5.7752899885389500e-04   8.2007703438789531e-04   1.0605937492418193e-03   1.2984732783798598e-03   1.5331191783025954e-03   1.7639467605479393e-03   1.9903853906972271e-03   2.2118806917769229e-03   2.4278965737819904e-03   2.6379170212338849e-03   2.8414475753170032e-03   3.0380164733778050e-03   3.2271754303139187e-03   3.4085000868335331e-03   3.5815901599714713e-03   3.7460693393152568e-03   3.9015849832424133e-03   4.0478076749160125e-03   4.1844306776961165e-03   4.3111693363273298e-03   4.4277604549673453e-03   4.5339616797275238e-03   4.6295509069348593e-03   4.7143257336339350e-03   4.7881029639679287e-03   4.8507181829036830e-03   4.9020254064891487e-03   4.9418968184062337e-03   4.9702226006817550e-03   4.9869108685986372e-03   4.9918877190043573e-03   4.9850974052421185e-03   4.9665026536249001e-03   4.9360851450662513e-03   4.8938461947409207e-03   4.8398076845716032e-03   4.7740133330582829e-03   4.6965304386264745e-03   4.6074522949859729e-03   4.5069015400717102e-03   4.3950346869914003e-03   4.2720478662486346e-03   4.1381832183914093e-03   3.9937344564257970e-03   3.8390494786850887e-03   3.6745284136671039e-03   3.5006172734337142e-03   3.3177991347391952e-03   3.1265851785208217e-03   2.9275071447743490e-03   2.7211116844161154e-03
   2.5081820382620509e-03   2.2884850625251325e-03   2.0632085409575470e-03   1.8329266169487676e-03   1.5982173610215298e-03   1.3596622312005470e-03   1.1178456103873094e-03   8.7335438707325768e-04   6.2677756238925975e-04   3.7870587121876934e-04   1.2973141122570026e-04  -1.1955272436721275e-04  -3.6855281255937782e-04  -6.1667486606223907e-04  -8.6332500065273944e-04  -1.1079098054517342e-03  -1.3498367208474419e-03  -1.5885144284095161e-03  -1.8233532647754828e-03  -2.0537656741682442e-03  -2.2791667311171313e-03  -2.4989747815841019e-03  -2.7126122934426136e-03  -2.9195070539371039e-03  -3.1190939407974940e-03  -3.3108176115378028e-03  -3.4941366092240056e-03  -3.6685294323696898e-03  -3.8335029392308896e-03  -3.9886027369120843e-03  -4.1334238527149124e-03  -4.2676187446608078e-03  -4.3908999489809713e-03  -4.5030368652877592e-03  -4.6038486784145813e-03  -4.6931962572267132e-03  -4.7709749883592181e-03  -4.8371092602513335e-03  -4.8915484969814038e-03  -4.9342643859155069e-03  -4.9652489353057593e-03  -4.9845131023202038e-03  -4.9920858119156964e-03  -4.9880132611586497e-03  -4.9723584377993615e-03  -4.9452008137758222e-03  -4.9066361830877210e-03  -4.8567766274039657e-03  -4.7957505928292324e-03  -4.7237030686210274e-03  -4.6407958561141601e-03  -4.5472079206870762e-03  -4.4431358162620770e-03  -4.3287941744578123e-03  -4.2044162469892735e-03  -4.0702544904008455e-03  -3.9265811780827354e-03  -3.7736890239738036e-03  -3.6118917950808595e-03  -3.4415248912201290e-03  -3.2629458567607632e-03  -3.0765347968552265e-03  -2.8826946516574310e-03  -2.6818512876615199e-03  -2.4744533704237001e-03  -2.2609719722743362e-03  -2.0418998793534115e-03  -1.8177505912180267e-03  -1.5890570096955023e-03  -1.3563698306094613e-03  -1.1202556728644839e-03  -8.8129499885788488e-04  -6.4007988226371672e-04  -3.9721167812746940e-04  -1.5329864087768134e-04   9.1046476044256473e-05   3.3520881851671614e-04   5.7857382136122576e-04   8.2052958693565976e-04   1.0604692550209901e-03   1.2977933555134047e-03   1.5319121305579161e-03   1.7622477929064896e-03   1.9882366825585674e-03   2.2093312677671593e-03   2.4250019421395330e-03   2.6347385661450460e-03   2.8380517231906340e-03   3.0344736731580876e-03   3.2235590124278751e-03   3.4048850507407717e-03   3.5780519375768895e-03   3.7426825807870411e-03   3.8984224015459305e-03   4.0449389593283924e-03   4.1819214941086098e-03   4.3090804131189564e-03   4.4261467545982343e-03   4.5328716499542917e-03   4.6290258056524486e-03   4.7143990195012402e-03   4.7887997467260194e-03   4.8520547254246272e-03   4.9040086747027256e-03   4.9445240726781114e-03   4.9734810278298722e-03   4.9907772515141394e-03   4.9963281483873384e-03   4.9900670378089087e-03   4.9719455337854683e-03   4.9419341143898191e-03   4.9000229413208862e-03   4.8462230154811938e-03   4.7805678218882175e-03   4.7031156872209016e-03   4.6139531804085566e-03   4.5131999142059209e-03   4.4010149506659791e-03   4.2776043771856039e-03   4.1432284947039320e-03   3.9982060186484836e-03   3.8429130052024824e-03   3.6777763298064519e-03   3.5032638901610234e-03   3.3198744426932571e-03   3.1281290389124812e-03   2.9285646759404553e-03   2.7217299234732458e-03
   2.5078884160210538e-03   2.2878998167044974e-03   2.0623743354679833e-03   1.8318823054697768e-03   1.5969977103694030e-03   1.3582977339005979e-03   1.1163623544926046e-03   8.7177396749325581e-04   6.2511701901073527e-04   3.7697764727454171e-04   1.2794332642576003e-04  -1.2139748802436715e-04  -3.7045571334611867e-04  -6.1864199423539168e-04  -8.6536705750527140e-04  -1.1100420692178642e-03  -1.3520789936107653e-03  -1.5908909596916404e-03  -1.8258926378692045e-03  -2.0565006417993864e-03  -2.2821339698095812e-03  -2.5022145236781122e-03  -2.7161677525907668e-03  -2.9234235265700658e-03  -3.1234173973902746e-03  -3.3155925199823207e-03  -3.4994026273922922e-03  -3.6743166525841447e-03  -3.8398256486360119e-03  -3.9954524123759980e-03  -4.1407632621170065e-03  -4.2753797228571016e-03  -4.3989864841235951e-03  -4.5113326694961849e-03  -4.6122265144863716e-03  -4.7015263348464788e-03  -4.7791311773741551e-03  -4.8449730810532134e-03  -4.8990114362541162e-03  -4.9412291022210520e-03  -4.9716298018024716e-03  -4.9902363600664648e-03  -4.9970895087362074e-03  -4.9922470654822117e-03  -4.9757833849207412e-03  -4.9477890079115466e-03  -4.9083704729011492e-03  -4.8576502573143320e-03  -4.7957668342309724e-03  -4.7228748263540244e-03  -4.6391452489131894e-03  -4.5447658283284389e-03  -4.4399413893616299e-03  -4.3248942987821658e-03  -4.1998649565305676e-03  -4.0651123212768273e-03  -3.9209144577905418e-03  -3.7675690887384707e-03  -3.6053941338700024e-03  -3.4347282113820366e-03  -3.2559310799743094e-03  -3.0693839858863155e-03  -2.8754898879813570e-03  -2.6746735256057957e-03  -2.4673812871704695e-03  -2.2540808546352210e-03  -2.0352605987799493e-03  -1.8114286989221247e-03  -1.5831119810714950e-03  -1.3508544865736922e-03  -1.1152157900293845e-03  -8.7676909602148623e-04  -6.3609915219196595e-04  -3.9380002285710491e-04  -1.5047276319142005e-04   9.3276968734920995e-05   3.3684133463334891e-04   5.7961274857317054e-04   8.2098630224945528e-04   1.0603621621210048e-03   1.2971479194321405e-03   1.5307608640001433e-03   1.7606301519814097e-03   1.9861988272222367e-03   2.2069256603663269e-03   2.4222867669022254e-03   2.6317769809083985e-03   2.8349109645386577e-03   3.0312240506098968e-03   3.2202728196577520e-03   3.4016354391190832e-03   3.5749117906997497e-03   3.7397234173335986e-03   3.8957133206556360e-03   4.0425456526565554e-03   4.1799053231419076e-03   4.3074975598044333e-03   4.4250474397428225e-03   4.5322994188683853e-03   4.6290168727620767e-03   4.7149816692925459e-03   4.7899937813620265e-03   4.8538709577872208e-03   4.9064484571429571e-03   4.9475788629913513e-03   4.9771319847656710e-03   4.9949948663007109e-03   5.0010719104171680e-03   4.9952851528335855e-03   4.9775747103173460e-03   4.9478994705281221e-03   4.9062381030407385e-03   4.8525905587381889e-03   4.7869802882929482e-03   4.7094575687163980e-03   4.6201043869318701e-03   4.5190412885380742e-03   4.4064359702734642e-03   4.2825121573634032e-03   4.1475557747399274e-03   4.0019153373261705e-03   3.8459957222717798e-03   3.6802475639896755e-03   3.5051558038758468e-03   3.3212299139852904e-03   3.1289966707590479e-03   2.9289952391181604e-03   2.7217739862919299e-03
   2.5071192562054864e-03   2.2868925476884150e-03   2.0611717555055588e-03   1.8305232040841557e-03   1.5955166809312419e-03   1.3567250439181547e-03   1.1147238570051645e-03   8.7009103544162547e-04   6.2340649961498097e-04   3.7525182936725521e-04   1.2620992014193789e-04  -1.2313536226491576e-04  -3.7219952695819635e-04  -6.2039780363839180e-04  -8.6714548875143119e-04  -1.1118582910796219e-03  -1.3539526792730142e-03  -1.5928462302355333e-03  -1.8279579852091964e-03  -2.0587088149943548e-03  -2.2845218108550024e-03  -2.5048227160312650e-03  -2.7190404439755298e-03  -2.9266077384813597e-03  -3.1269620937073267e-03  -3.3195471143648713e-03  -3.5038146478962059e-03  -3.6792281576095605e-03  -3.8452680340832573e-03  -4.0014396002359320e-03  -4.1472841933394098e-03  -4.2823924207033032e-03  -4.4064165729033869e-03  -4.5190778430282781e-03  -4.6201654389752111e-03  -4.7095287296746681e-03  -4.7870663008216787e-03  -4.8527156623330656e-03  -4.9064452650365194e-03  -4.9482489769692431e-03  -4.9781424361592186e-03  -4.9961606972637037e-03  -5.0023566985788071e-03  -4.9968002667181675e-03  -4.9795774688671047e-03  -4.9507902143836350e-03  -4.9105560348522946e-03  -4.8590080090043187e-03  -4.7962948015649052e-03  -4.7225808021379868e-03  -4.6380463464527674e-03  -4.5428880113800507e-03  -4.4373189705317322e-03  -4.3215694019677325e-03  -4.1958869358545894e-03  -4.0605371310974640e-03  -3.9158039671977913e-03  -3.7619903367804718e-03  -3.5994185203765817e-03  -3.4284306250888840e-03  -3.2493889612664802e-03  -3.0626763359374552e-03  -2.8686962313110324e-03  -2.6678728378625761e-03  -2.4606509208203934e-03  -2.2474954831748781e-03  -2.0288912022748485e-03  -1.8053416267589321e-03  -1.5773681261728833e-03  -1.3455085861874150e-03  -1.1103158639070416e-03  -8.7235602202168755e-04  -6.3220637346162541e-04  -3.9045336541000008e-04  -1.4769034093699629e-04   9.5484789387335008e-05   3.3847192926728852e-04   5.8067120261708950e-04   8.2148535153862335e-04   1.0603220986452318e-03   1.2965964418283316e-03   1.5297328511818637e-03   1.7591673339319802e-03   1.9843493365646059e-03   2.2047434530226688e-03   2.4198309160281652e-03   2.6291108508540288e-03   2.8321012848514034e-03   3.0283399128657640e-03   3.2173846358611951e-03   3.3988138842735529e-03   3.5722267522869016e-03   3.7372429712624585e-03   3.8935027567718579e-03   4.0406665479021317e-03   4.1784146774004960e-03   4.3064469880522383e-03   4.4244824254354468e-03   4.5322586192928938e-03   4.6295314776809435e-03   4.7160748013547462e-03   4.7916799400163582e-03   4.8561554936704821e-03   4.9093270813074059e-03   4.9510371783126035e-03   4.9811450486252533e-03   4.9995267758416295e-03   5.0060754306104349e-03   5.0007013930649840e-03   4.9833329015188362e-03   4.9539168978280888e-03   4.9124203422831096e-03   4.8588322238989901e-03   4.7931666919852700e-03   4.7154678235646714e-03   4.6258166383239419e-03   4.5243404201390095e-03   4.4112231895810095e-03   4.2867141464969132e-03   4.1511302032533537e-03   4.0048507290305112e-03   3.8483064834798071e-03   3.6819668498475591e-03   3.5063286337637927e-03   3.3219077343596376e-03   3.1292335082130154e-03   2.9288451618299472e-03   2.7212894570096398e-03
   2.5059175699518742e-03   2.2855032805193243e-03   2.0596375231697675e-03   1.8288825177358945e-03   1.5938038137449260e-03   1.3549699383453818e-03   1.1129520552252787e-03   8.6832363186329080e-04   6.2166010505400261e-04   3.7353854750440772e-04   1.2453733092444139e-04  -1.2476421066844634e-04  -3.7378612009929051e-04  -6.2194815545870146e-04  -8.6867012938963951e-04  -1.1133722470027551e-03  -1.3554754435629991e-03  -1.5944017213803128e-03  -1.8295744880887925e-03  -2.0604189000534546e-03  -2.2863622181619287e-03  -2.5068341891902293e-03  -2.7212674742537902e-03  -2.9290981692457006e-03  -3.1297664947213689e-03  -3.3227177879776530e-03  -3.5074040182697295e-03  -3.6832862106391312e-03  -3.8498383665484860e-03  -4.0065536871736543e-03  -4.1529539592349840e-03  -4.2886023418832178e-03  -4.4131180769412127e-03  -4.5261890887301360e-03  -4.6275775113947685e-03  -4.7171158324297718e-03  -4.7946962599932546e-03  -4.8602581532576732e-03  -4.9137772168182225e-03  -4.9552576440148486e-03  -4.9847269323776795e-03  -5.0022326021477029e-03  -5.0078401540994775e-03  -5.0016317981020934e-03  -4.9837056678385255e-03  -4.9541753511838189e-03  -4.9131696380155269e-03  -4.8608324266435051e-03  -4.7973227524755972e-03  -4.7228149153400794e-03  -4.6374986878064614e-03  -4.5415795917995404e-03  -4.4352792309056812e-03  -4.3188356687753381e-03  -4.1925038410040956e-03  -4.0565559908405206e-03  -3.9112821139546672e-03  -3.7569903998099334e-03  -3.5940076522070234e-03  -3.4226796712230178e-03  -3.2433715769653437e-03  -3.0564680504027351e-03  -2.8623734687824344e-03  -2.6615119130483935e-03  -2.4543270127453270e-03  -2.2412816143610815e-03  -2.0228572494222262e-03  -1.7995533835696558e-03  -1.5718864335285644e-03  -1.3403885570713681e-03  -1.1056062165921057e-03  -8.6809853215991182e-04  -6.2843544080931515e-04  -3.8719569320741764e-04  -1.4496471598889860e-04   9.7667623905176043e-05   3.4010932013038423e-04   5.8176855654403187e-04   8.2205603122132082e-04   1.0603872401242936e-03   1.2961846858443179e-03   1.5288799791255882e-03   1.7579158003741572e-03   1.9827476936760792e-03   2.2028456671631721e-03   2.4176955824720299e-03   2.6268003218515327e-03   2.8296807314779379e-03   3.0258763439536583e-03   3.2149458888450135e-03   3.3964676119342474e-03   3.5700394269043666e-03   3.7352789206997411e-03   3.8918232361524921e-03   4.0393288635513546e-03   4.1774713578420350e-03   4.3059450091364627e-03   4.4244624824165361e-03   4.5327544476949184e-03   4.6305692133654583e-03   4.7176723805962368e-03   4.7938465279591183e-03   4.8588909438061281e-03   4.9126214135838718e-03   4.9548700824738100e-03   4.9854854030405736e-03   5.0043321978717227e-03   5.0112918607097623e-03   5.0062627564380173e-03   4.9891608926802703e-03   4.9599210190543483e-03   4.9184983817250729e-03   4.8648715518226793e-03   4.7990468984773077e-03   4.7210654609772008e-03   4.6310126196729279e-03   4.5290298638030399e-03   4.4153256277612322e-03   4.2901806392937839e-03   4.1539445286139049e-03   4.0070249034737495e-03   3.8498733598203074e-03   3.6829726579767218e-03   3.5068270054177857e-03   3.3219554750476611e-03   3.1288878188574453e-03   2.9281618617444808e-03   2.7203218846606047e-03
   2.5043248275562506e-03   2.2837703632161473e-03   2.0578066785717285e-03   1.8269918435986970e-03   1.5918871615669804e-03   1.3530568448380921e-03   1.1110676932011964e-03   8.6648877237817856e-04   6.1989109048971741e-04   3.7184727142042890e-04   1.2293122619648714e-04  -1.2628217919731044e-04  -3.7521745591809663e-04  -6.2329882697575295e-04  -8.6995055919204551e-04  -1.1145972968106923e-03  -1.3566643901341412e-03  -1.5955782260034322e-03  -1.8307665527428707e-03  -2.0616588099888911e-03  -2.2876864571697115e-03  -2.5082833206908533e-03  -2.7228859638248112e-03  -2.9309341212839604e-03  -3.1318712305299042e-03  -3.3251451721376573e-03  -3.5102093629390562e-03  -3.6865245000870291e-03  -3.8535613899526302e-03  -4.0108056163258949e-03  -4.1577649603306462e-03  -4.2939805138360442e-03  -4.4190413811257120e-03  -4.5326005903116012e-03  -4.6343869990215537e-03  -4.7242079396697121e-03  -4.8019417269768256e-03  -4.8675243028814272e-03  -4.9209355874028108e-03  -4.9621886657732301e-03  -4.9913224183956422e-03  -5.0083968537536269e-03  -5.0134902867764626e-03  -5.0066976407482158e-03  -4.9881294531839183e-03  -4.9579112984998279e-03  -4.9161834931738925e-03  -4.8631009790057970e-03  -4.7988333465422729e-03  -4.7235649537072984e-03  -4.6374951293395349e-03  -4.5408384356068225e-03  -4.4338249858392612e-03  -4.3167007976989127e-03  -4.1897281787239057e-03  -4.0531861252837871e-03  -3.9073707296063704e-03  -3.7525955754803705e-03  -3.5891921124954576e-03  -3.4175099888116988e-03  -3.2379173256173494e-03  -3.0508009135814169e-03  -2.8565663095209454e-03  -2.6556378079533767e-03  -2.4484582741530680e-03  -2.2354888087782682e-03  -2.0172082271975350e-03  -1.7941123417156311e-03  -1.5667130376088453e-03  -1.3355371340139008e-03  -1.1011250344677872e-03  -8.6402917753732099e-04  -6.2481230476932835e-04  -3.8404556820683658e-04  -1.4230650422116607e-04   9.9823093257529367e-05   3.4175936795022700e-04   5.8291862618976159e-04   8.2271955906139047e-04   1.0605854213173074e-03   1.2959461373196050e-03   1.5282402952722744e-03   1.7569170061729660e-03   1.9814375949207532e-03   2.2012771105935887e-03   2.4159256340080719e-03   2.6248893819729190e-03   2.8276915980894207e-03   3.0238732448291815e-03   3.2129935024132702e-03   3.3946300969526521e-03   3.5683794655701861e-03   3.7338567929681740e-03   3.8906959327212492e-03   4.0385492406988452e-03   4.1770873362945923e-03   4.3059988189485055e-03   4.4249899482768258e-03   4.5337843155927298e-03   4.6321225095922293e-03   4.7197618029677273e-03   4.7964758597137417e-03   4.8620544898116446e-03   4.9163034510058936e-03   4.9590443285050644e-03   4.9901144976345849e-03   5.0093672157537870e-03   5.0166718712039062e-03   5.0119144851101353e-03   4.9949985746532560e-03   4.9658466276378413e-03   4.9244025431856211e-03   4.8706356719156810e-03   4.8045472435537893e-03   4.7261799643335935e-03   4.6356305695425502e-03   4.5330629083468891e-03   4.4187166030552104e-03   4.2929065810394093e-03   4.1560132107283793e-03   4.0084674209515305e-03   3.8507361229303391e-03   3.6833107719088779e-03   3.5066995597399092e-03   3.3214224387726242e-03   3.1280080883687501e-03   2.9269920523558638e-03   2.7189155748259045e-03
   2.5023805789097056e-03   2.2817302619273514e-03   2.0557124634807997e-03   1.8248810956061512e-03   1.5897932360403335e-03   1.3510088168592631e-03   1.1090903197971767e-03   8.6460246291792124e-04   6.1811188683946164e-04   3.7018683316746058e-04   1.2139682124392874e-04  -1.2768767920748938e-04  -3.7649557693582113e-04  -6.2445548815751018e-04  -8.7099606657035423e-04  -1.1155463295287346e-03  -1.3575359849144642e-03  -1.5963957505991707e-03  -1.8315576755823322e-03  -2.0624554525189376e-03  -2.2885247375291685e-03  -2.5092034659897696e-03  -2.7239321914221339e-03  -2.9321544457938907e-03  -3.1333171828665757e-03  -3.3268713371060830e-03  -3.5122726411484541e-03  -3.6889828699387100e-03  -3.8564719022891989e-03  -4.0142211208544628e-03  -4.1617290837085274e-03  -4.2985205118648787e-03  -4.4241594888075409e-03  -4.5382661671530605e-03  -4.6405332466577390e-03  -4.7307359083070769e-03  -4.8087303211123995e-03  -4.8744421839200507e-03  -4.9278511251185054e-03  -4.9689766898365576e-03  -4.9978680495661818e-03  -5.0145973988950203e-03  -5.0192559374800383e-03  -5.0119515499339549e-03  -4.9928074670032947e-03  -4.9619615415032996e-03  -4.9195658717381806e-03  -4.8657866660427101e-03  -4.8008042493430051e-03  -4.7248131865842017e-03  -4.6380224774281954e-03  -4.5406558184860300e-03  -4.4329519049210227e-03  -4.3151647716199327e-03  -4.1875641516275416e-03  -4.0504358506151953e-03  -3.9040821170174709e-03  -3.7488220023905545e-03  -3.5849916926280387e-03  -3.4129447984503790e-03  -3.2330525872310638e-03  -3.0457041373275458e-03  -2.8513063975821379e-03  -2.6502841339564481e-03  -2.4430797379364605e-03  -2.2301528842077556e-03  -2.0119800224512288e-03  -1.7890536837075384e-03  -1.5618815950449796e-03  -1.3309855987701082e-03  -1.0969003803647597e-03  -8.6017200778111676e-04  -6.2135630038538735e-04  -3.8101704283572497e-04  -1.3972407477457553e-04   1.0194872077716893e-04   3.4342549112472142e-04   5.8413052280521295e-04   8.2349034222152311e-04   1.0609357816171105e-03   1.2959039672761651e-03   1.5278402086756823e-03   1.7561997501836580e-03   1.9804493732080708e-03   2.2000688184691769e-03   2.4145520286298610e-03   2.6234081923615731e-03   2.8261626050237691e-03   3.0223573360069851e-03   3.2115517263442634e-03   3.3933227160997431e-03   3.5672650388242034e-03   3.7329912798745543e-03   3.8901318369847643e-03   4.0383347862819443e-03   4.1772656899663526e-03   4.3066073431343452e-03   4.4260594994873616e-03   4.5353385657366666e-03   4.6341773062574618e-03   4.7223245422429727e-03   4.7995448890774898e-03   4.8656185131468925e-03   4.9203409574559986e-03   4.9635230185914349e-03   4.9949907408031076e-03   5.0145855250093331e-03   5.0221644665960387e-03   5.0176009843982310e-03   5.0007860017286573e-03   4.9716299589594570e-03   4.9300663163799269e-03   4.8760573030790962e-03   4.8096030114124144e-03   4.7307540958019664e-03   4.6396266216484914e-03   4.5364141793109991e-03   4.4213914040308498e-03   4.2949064114684932e-03   4.1573657486438037e-03   4.0092180713896235e-03   3.8509406616200267e-03   3.6830300346750982e-03   3.5059959054864354e-03   3.3203575575066024e-03   3.1266416344231337e-03   2.9253808188997137e-03   2.7171129758736946e-03
   2.5001223299942281e-03   2.2794174892745095e-03   2.0533862995819716e-03   1.8225785309710194e-03   1.5875470623859446e-03   1.3488475926063666e-03   1.1070383396980664e-03   8.6267973929094876e-04   6.1633413220669065e-04   3.6856545100819293e-04   1.1993889810537441e-04  -1.2897937608233429e-04  -3.7762260033292989e-04  -6.2542370778038427e-04  -8.7181566311474081e-04  -1.1162317856777864e-03  -1.3581060715740418e-03  -1.5968735101337937e-03  -1.8319703971391194e-03  -2.0628346419003479e-03  -2.2889060708367395e-03  -2.5096267295929816e-03  -2.7244411914836611e-03  -2.9327968838146080e-03  -3.1341444523568093e-03  -3.3279382111099896e-03  -3.5136367567879462e-03  -3.6907038902042441e-03  -3.8586100970942547e-03  -4.0168350371035935e-03  -4.1648717559759473e-03  -4.3022336815852196e-03  -4.4284656407695593e-03  -4.5431594535975221e-03  -4.6459724461057261e-03  -4.7366433587129140e-03  -4.8149986436946714e-03  -4.8809458600078317e-03  -4.9344584026400143e-03  -4.9755585841724896e-03  -5.0043039945261679e-03  -5.0207782209604349e-03  -5.0250851714469819e-03  -5.0173457878090995e-03  -4.9976962168869314e-03  -4.9662868323480901e-03  -4.9232817524546514e-03  -4.8688586544292957e-03  -4.8032087719537776e-03  -4.7265370132177935e-03  -4.6390621603643236e-03  -4.5410171275101245e-03  -4.4326492594139975e-03  -4.3142206587457096e-03  -4.1860085295386358e-03  -4.0483055268309429e-03  -3.9014201001120537e-03  -3.7456768204542894e-03  -3.5814166760245437e-03  -3.4089973256886475e-03  -3.2287932906225380e-03  -3.0411960745687959e-03  -2.8466141893471902e-03  -2.6454730717565579e-03  -2.4382148766360222e-03  -2.2252981280764805e-03  -2.0071972104448560e-03  -1.7844016958811285e-03  -1.5574154953763590e-03  -1.3267558309842690e-03  -1.0929520269962133e-03  -8.5654413214252326e-04  -6.1808138101529769e-04  -3.7812051616036452e-04  -1.3722398899856884e-04   1.0404192932871800e-04   3.4510910127635283e-04   5.8540950391173065e-04   8.2437720858105114e-04   1.0614503220311051e-03   1.2960728614794421e-03   1.5276965302106699e-03   1.7557823722788592e-03   1.9798022806859937e-03   2.1992403476429334e-03   2.4135940416476400e-03   2.6223752107699459e-03   2.8251109059264749e-03   3.0213440352040316e-03   3.2106338547446579e-03   3.3925563136399345e-03   3.5667042581221838e-03   3.7326875221608746e-03   3.8901329144945904e-03   4.0386841238073366e-03   4.1780015538439227e-03   4.3077621118568559e-03   4.4276589560038257e-03   4.5374012268740759e-03   4.6367137643284866e-03   4.7253368356228315e-03   4.8030258741868417e-03   4.8695512576433890e-03   4.9246981272992769e-03   4.9682662883999557e-03   5.0000702088854312e-03   5.0199391927128623e-03   5.0277178046658618e-03   5.0232667441802090e-03   5.0064644446871330e-03   4.9772099581533421e-03   4.9354279058505812e-03   4.8810766642436391e-03   4.8141605917458152e-03   4.7347457962338430e-03   4.6429754037381199e-03   4.5390778199465159e-03   4.4233629565323040e-03   4.2962082425435028e-03   4.1580408519979297e-03   4.0093219565931395e-03   3.8505352932286224e-03   3.6821797522055642e-03   3.5047648934976275e-03   3.3188082768456865e-03   3.1248338934143100e-03   2.9233711928642503e-03   2.7149544545471260e-03
   2.4975855514383833e-03   2.2768646634728005e-03   2.0508578656842835e-03   1.8201108133511724e-03   1.5851722338659981e-03   1.3465936459028276e-03   1.1049290674026171e-03   8.6073471891216118e-04   6.1456871739089616e-04   3.6699076412864017e-04   1.1856182765296772e-04  -1.3015617850922786e-04  -3.7860071817123379e-04  -6.2620895904210892e-04  -8.7241809446048069e-04  -1.1166656683596721e-03  -1.3583898904734016e-03  -1.5970299540413672e-03  -1.8320263392683526e-03  -2.0628211201011871e-03  -2.2888582542486698e-03  -2.5095838802413166e-03  -2.7244465986595045e-03  -2.9328977752243633e-03  -3.1343918509673554e-03  -3.3283867238085296e-03  -3.5143442136118985e-03  -3.6917307647764863e-03  -3.8600185166377532e-03  -4.0186871323951330e-03  -4.1672268846968986e-03  -4.3051439917943949e-03  -4.4319693700880921e-03  -4.5472721651869368e-03  -4.6506779201453997e-03  -4.7418881383130100e-03  -4.8206939466725468e-03  -4.8869769328023565e-03  -4.9406970959606049e-03  -4.9818745329610328e-03  -5.0105723731067057e-03  -5.0268841875442003e-03  -5.0309260482106592e-03  -5.0228318506535504e-03  -5.0027507632900573e-03  -4.9708458595747471e-03  -4.9272934735281300e-03  -4.8722829294011337e-03  -4.8060165238136849e-03  -4.7287096317563740e-03  -4.6405909162763872e-03  -4.5419025826679300e-03  -4.4329006815819836e-03  -4.3138554247506098e-03  -4.1850515205474458e-03  -4.0467885016661053e-03  -3.8993810493334231e-03  -3.7431592892438552e-03  -3.5784690602026800e-03  -3.4056721306641802e-03  -3.2251463617418152e-03  -3.0372857902685375e-03  -2.8425006278078365e-03  -2.6412171543942495e-03  -2.4338774924567174e-03  -2.2209392484386840e-03  -2.0028750130206560e-03  -1.7801717040490351e-03  -1.5533297470119269e-03  -1.3228620927468210e-03  -1.0892930720108013e-03  -8.5315709408722922e-04  -6.1499719745251771e-04  -3.7536347284667829e-04  -1.3481137462770831e-04   1.0610004951893861e-04   3.4680998966884802e-04   5.8675772851133343e-04   8.2538449771184610e-04   1.0621352960906269e-03   1.2964606506048412e-03   1.5278182823587861e-03   1.7556746661686069e-03   1.9795064514376358e-03   2.1988017431459534e-03   2.4130612181152587e-03   2.6217990876355938e-03   2.8245438906098256e-03   3.0208391386803927e-03   3.2102438001942991e-03   3.3923326546056510e-03   3.5666965121587688e-03   3.7329423320206726e-03   3.8906932300597596e-03   4.0395884196253052e-03   4.1792830710121040e-03   4.3094481331196971e-03   4.4297701019094197e-03   4.5399507787281679e-03   4.6397069997021617e-03   4.7287703821082064e-03   4.8068870652489522e-03   4.8738175001090470e-03   4.9293362659119143e-03   4.9732319891477141e-03   5.0053073622873890e-03   5.0253793994275240e-03   5.0332800105954917e-03   5.0288572238931907e-03   5.0119774268202492e-03   4.9825294795914831e-03   4.9404317036489476e-03   4.8856431092153844e-03   4.8181790358680218e-03   4.7381287982960051e-03   4.6456687794528655e-03   4.5410639910503422e-03   4.4246568339501606e-03   4.2968487257652246e-03   4.1580820538664204e-03   4.0088262310113143e-03   3.8495684954604923e-03   3.6808082353488483e-03   3.5030536913560110e-03   3.3168200123948888e-03   3.1226281249656339e-03   2.9210040089586498e-03   2.7124782268171917e-03
   2.4948037591569945e-03   2.2741025874110244e-03   2.0481551802687360e-03   1.8175031138223249e-03   1.5826910147854827e-03   1.3442662811856511e-03   1.1027788021684653e-03   8.5878065958406062e-04   6.1282582845122017e-04   3.6546986416399432e-04   1.1726958894929423e-04  -1.3121723009390298e-04  -3.7943220255377223e-04  -6.2681663950747441e-04  -8.7281187642433277e-04  -1.1168595942145716e-03  -1.3584021369993631e-03  -1.5968828232356626e-03  -1.8317462525742473e-03  -2.0624386015550022e-03  -2.2884079150215031e-03  -2.5091043844579250e-03  -2.7239806278961730e-03  -2.9324919612682527e-03  -3.1340966869746389e-03  -3.3282564023240802e-03  -3.5144363922494279e-03  -3.6921061478546076e-03  -3.8607401791589456e-03  -4.0198193328093599e-03  -4.1688330882972326e-03  -4.3072835240741091e-03  -4.4346921440476909e-03  -4.5506109717639168e-03  -4.6546389855811384e-03  -4.7464427069848015e-03  -4.8257753047561752e-03  -4.8924858113387143e-03  -4.9465131437332619e-03  -4.9878690355858509e-03  -5.0166181353678355e-03  -5.0328618425550227e-03  -5.0367273567666409e-03  -5.0283611641616715e-03  -5.0079253898752995e-03  -4.9755959020057654e-03  -4.9315613799285002e-03  -4.8760229415670247e-03  -4.8091940675631505e-03  -4.7313007080021178e-03  -4.6425814842200302e-03  -4.5432879565289221e-03  -4.4336849219592947e-03  -4.3140507342047489e-03  -4.1846776255383541e-03  -4.0458720261155271e-03  -3.8979548652027631e-03  -3.7412618485662334e-03  -3.5761436970834599e-03  -3.4029663391848632e-03  -3.2221110406466945e-03  -3.0339744638055634e-03  -2.8389686393562063e-03  -2.6375208372469345e-03  -2.4300733297200764e-03  -2.2170830274609536e-03  -1.9990209810480603e-03  -1.7763717396295966e-03  -1.5496325648765889e-03  -1.3193124905275888e-03  -1.0859312356367493e-03  -8.5001797188095690e-04  -6.1210996246741068e-04  -3.7275107906149335e-04  -1.3249022359446158e-04   1.0812033179578288e-04   3.4852665215438609e-04   5.8817487759462231e-04   8.2651295325540913e-04   1.0629923348951810e-03   1.2970696317936661e-03   1.5282081750507056e-03   1.7558794767004629e-03   1.9795645758218200e-03   2.1987552435851314e-03   2.4129550538280588e-03   2.6216802977202889e-03   2.8244607582724669e-03   3.0208403296605900e-03   3.2103775092617560e-03   3.3926457500182113e-03   3.5672337030021400e-03   3.7337453425483921e-03   3.8918000120096788e-03   4.0410323744611686e-03   4.1810923119341807e-03   4.3116447559064415e-03   4.4323694920157765e-03   4.5429609195760789e-03   4.6431278108909129e-03   4.7325930475714617e-03   4.8110933855420876e-03   4.8783792252106812e-03   4.9342144560715114e-03   4.9783763658224969e-03   5.0106557336818463e-03   5.0308571644658790e-03   5.0387999428014385e-03   5.0343197044672152e-03   5.0172716776888905e-03   4.9875364120770009e-03   4.9450295356767340e-03   4.8897163749500863e-03   4.8216306768583432e-03   4.7408918928388936e-03   4.6477131419000676e-03   4.5423947134709246e-03   4.4253067348028812e-03   4.2968691115535373e-03   4.1575347652510293e-03   4.0077780753517032e-03   3.8480876312826746e-03   3.6789620179954676e-03   3.5009073598786487e-03   3.3144359360952722e-03   3.1200653291688441e-03   2.9183179066380308e-03   2.7097204289776673e-03
   2.4918086317715633e-03   2.2711603840184706e-03   2.0453047287176808e-03   1.8147792140139932e-03   1.5801244238188546e-03   1.3418837069464255e-03   1.1006028969788859e-03   8.5683002104055617e-04   6.1111499838584064e-04   3.6400933220650503e-04   1.1606579261096339e-04  -1.3216190178224566e-04  -3.8011940937840373e-04  -6.2725208719897332e-04  -8.7300531787509706e-04  -1.1168248272909282e-03  -1.3581570059376766e-03  -1.5964492154629014e-03  -1.8311500977160212e-03  -2.0617098641842998e-03  -2.2875805882205660e-03  -2.5082164735625093e-03  -2.7230741277138220e-03  -2.9316128126578717e-03  -3.1332947160525983e-03  -3.3275852165369937e-03  -3.5139532121925923e-03  -3.6918715202304748e-03  -3.8608174991465031e-03  -4.0202740095417943e-03  -4.1697311193161467e-03  -4.3086890425579599e-03  -4.4366633735927474e-03  -4.5531938934356645e-03  -4.6578586374689309e-03  -4.7502934545489289e-03  -4.8302140860537997e-03  -4.8974326039920813e-03  -4.9518597207819795e-03  -4.9934917727055168e-03  -5.0223898574640290e-03  -5.0386601222007343e-03  -5.0424392982235128e-03  -5.0338857306101003e-03  -5.0131742409091152e-03  -4.9804934527785585e-03  -4.9360444506968632e-03  -4.8800402348869298e-03  -4.8127055607762757e-03  -4.7342770299955653e-03  -4.6450032830163811e-03  -4.5451452782307054e-03  -4.4349765884921163e-03  -4.3147837273435725e-03  -4.1848664618454158e-03  -4.0455381270981701e-03  -3.8971259092136961e-03  -3.7399711077704284e-03  -3.5744293499812051e-03  -3.4008707614613001e-03  -3.2196800706180283e-03  -3.0312566447378390e-03  -2.8360144384262285e-03  -2.6343818526005751e-03  -2.4268014802730658e-03  -2.2137297410082849e-03  -1.9956363895693306e-03  -1.7730038930499714e-03  -1.5463266692715442e-03  -1.3161101898597090e-03  -1.0828699480007226e-03  -8.4713029612511605e-04  -6.0942316369605952e-04  -3.7028666712589592e-04  -1.3026363173461436e-04   1.1009995815375576e-04   3.5025655351007367e-04   5.8965866118759714e-04   8.2776045855499321e-04   1.0640193854803545e-03   1.2978976804030448e-03   1.5288638488917211e-03   1.7563940338836729e-03   1.9799732839773402e-03   2.1990966935408070e-03   2.4132704202718871e-03   2.6220125598937008e-03   2.8248538944269401e-03   3.0213384983760506e-03   3.2110242247519855e-03   3.3934830590413110e-03   3.5683013743517283e-03   3.7350800730801517e-03   3.8934346493599654e-03   4.0429951621232980e-03   4.1834061541403305e-03   4.3143265016282115e-03   4.4354292357944875e-03   4.5464013145506514e-03   4.6469433912961437e-03   4.7367695549536742e-03   4.8156070970968206e-03   4.8831962825686337e-03   4.9392902022729543e-03   4.9836547082289916e-03   5.0160685805076197e-03   5.0363240282182385e-03   5.0442279017200737e-03   5.0396040722087585e-03   5.0222979883221483e-03   4.9921846508369097e-03   4.9491816157278025e-03   4.8932672129968196e-03   4.8245007841315425e-03   4.7430369794263395e-03   4.6491260649057812e-03   4.5430999098961715e-03   4.4253509392749727e-03   4.2963125246742798e-03   4.1564444308159502e-03   4.0062235363892990e-03   3.8461382769032965e-03   3.6766855073350675e-03   3.4983687024394794e-03   3.3116969459738182e-03   3.1171843031679893e-03   2.9153494199179310e-03   2.7067152158155817e-03
   2.4886301543472857e-03   2.2680656143302166e-03   2.0423315791841530e-03   1.8119616235792591e-03   1.5774923511839695e-03   1.3394631363547191e-03   1.0984158405852216e-03   8.5489452653353013e-04   6.0944515347569647e-04   3.6261527105905183e-04   1.1495370049047420e-04  -1.3298978506385672e-04  -3.8066478648715742e-04  -6.2752060401203354e-04  -8.7300656271425481e-04  -1.1165723357139099e-03  -1.3576682614957259e-03  -1.5957456575663458e-03  -1.8302571222671110e-03  -2.0606568317619563e-03  -2.2864008194012210e-03  -2.5069472510972075e-03  -2.7217566803847348e-03  -2.9302923039324995e-03  -3.1320201970354783e-03  -3.3264095681403609e-03  -3.5129330213262782e-03  -3.6910668976844426e-03  -3.8602917259948602e-03  -4.0200929687179317e-03  -4.1699622491805982e-03  -4.3093995766253701e-03  -4.4379172646957813e-03  -4.5550468596563826e-03  -4.6603506447777596e-03  -4.7534391366426667e-03  -4.8339935995584463e-03  -4.9017875913669367e-03  -4.9566979186204492e-03  -4.9986983364961055e-03  -5.0278404101446929e-03  -5.0442309930643888e-03  -5.0480140889078238e-03  -5.0393587229393862e-03  -5.0184519046598056e-03  -4.9854948067564542e-03  -4.9407008880098663e-03  -4.8842950478720877e-03  -4.8165133679033256e-03  -4.7376031395259359e-03  -4.6478230623529619e-03  -4.5474435118197307e-03  -4.4367468537111834e-03  -4.3160277624277226e-03  -4.1855935428758264e-03  -4.0457644303532533e-03  -3.8968738707574574e-03  -3.7392687622214925e-03  -3.5733096570037056e-03  -3.3993709090001717e-03  -3.2178407602179221e-03  -3.0291213561256833e-03  -2.8336286790568077e-03  -2.6317923889359828e-03  -2.4240555661066243e-03  -2.2108743442474741e-03  -1.9927174237663659e-03  -1.7700654670317897e-03  -1.5434103671080454e-03  -1.3132543926873243e-03  -1.0801092058050348e-03  -8.4449476622277858e-04  -6.0693812319660549e-04  -3.6797211599091879e-04  -1.2813398802039684e-04   1.1203605580490879e-04   3.5199634065810381e-04   5.9120522701760255e-04   8.2912262161862849e-04   1.0652114561336243e-03   1.2989391287956992e-03   1.5297788712774643e-03   1.7572110421461627e-03   1.9807243120102680e-03   2.1998167501670143e-03   2.4139967822827142e-03   2.6227840378749397e-03   2.8257100599924823e-03   3.0223189047847558e-03   3.2121676088765505e-03   3.3948265594098627e-03   3.5698797406809972e-03   3.7369249014513875e-03   3.8955736190086064e-03   4.0454513032098611e-03   4.1861971150697680e-03   4.3174638495905799e-03   4.4389177496343933e-03   4.5502383079925011e-03   4.6511180182117950e-03   4.7412621408966307e-03   4.8203884442606154e-03   4.8882270057362407e-03   4.9445200476607191e-03   4.9890219517749104e-03   5.0214994987235221e-03   5.0417326628066830e-03   5.0495162819455593e-03   5.0446634910814268e-03   5.0270119653245083e-03   4.9964348221582279e-03   4.9528571452971100e-03   4.8962772890630418e-03   4.8267863166303084e-03   4.7445764482585973e-03   4.6499329354011106e-03   4.5432142066194683e-03   4.4248297615248761e-03   4.2952222435334829e-03   4.1548554406166671e-03   4.0042069286111799e-03   3.8437639184638597e-03   3.6740208823399160e-03   3.4954782738998509e-03   3.3086417536225469e-03   3.1140217472765100e-03   2.9121331145284856e-03   2.7034949112702427e-03
   2.4852967662978777e-03   2.2648444320925820e-03   2.0392595214075715e-03   1.8090716936394620e-03   1.5748136491731378e-03   1.3370208674648063e-03   1.0962313293786238e-03   8.5298522738072873e-04   6.0782466475592725e-04   3.6129334349879527e-04   1.1393624745817876e-04  -1.3370068394770419e-04  -3.8107088044953219e-04  -6.2762747318879074e-04  -8.7282361909288948e-04  -1.1161128308713087e-03  -1.3569492926943257e-03  -1.5947881796813757e-03  -1.8290859567333805e-03  -2.0593006801471777e-03  -2.2848922728010241e-03  -2.5053228017317937e-03  -2.7200567234593707e-03  -2.9285611351990036e-03  -3.1303059954072422e-03  -3.3247643626457182e-03  -3.5114126163812605e-03  -3.6897307448716613e-03  -3.8592026899107504e-03  -4.0193169150293060e-03  -4.1695673079245382e-03  -4.3094548490318152e-03  -4.4384905494747719e-03  -4.5562008227487145e-03  -4.6621366727249355e-03  -4.7558886706167243e-03  -4.8371080918291386e-03  -4.9055311474291343e-03  -4.9609971248668209e-03  -5.0034507704160534e-03  -5.0329274946770619e-03  -5.0495299895779670e-03  -5.0534064781342656e-03  -5.0447350090209540e-03  -5.0237139359168449e-03  -4.9905565965337444e-03  -4.9454886604433793e-03  -4.8887468743699118e-03  -4.8205786343283475e-03  -4.7412419279124545e-03  -4.6510055175929535e-03  -4.5501491978526950e-03  -4.4389641210555945e-03  -4.3177531140882238e-03  -4.1868310070232884e-03  -4.0465249252205826e-03  -3.8971745672351740e-03  -3.7391324310176522e-03  -3.5727640068652301e-03  -3.3984479044100930e-03  -3.2165759285187369e-03  -3.0275530735172176e-03  -2.8317974470489279e-03  -2.6297401003829630e-03  -2.4218247659831588e-03  -2.2085074890114101e-03  -1.9902561561341275e-03  -1.7675499066617784e-03  -1.5408784303185968e-03  -1.3107411495055174e-03  -1.0776462909916169e-03  -8.4210985055837065e-04  -6.0465445884511776e-04  -3.6580816164401856e-04  -1.2610312587502158e-04   1.1392570818373243e-04   3.5374201581800071e-04   5.9280949160417709e-04   8.3059325599214547e-04   1.0665612352069717e-03   1.3001855059657853e-03   1.5309435750397277e-03   1.7583195912445222e-03   1.9818054616155675e-03   2.2009018770856349e-03   2.4151192219426885e-03   2.6239783812409324e-03   2.8270114243460600e-03   3.0237621872997067e-03   3.2137867312237263e-03   3.3966537071659568e-03   3.5719446092134844e-03   3.7392539498219838e-03   3.8981893335706922e-03   4.0483714741200005e-03   4.1894341252144921e-03   4.3210239735085232e-03   4.4428004621047974e-03   4.5544355967225766e-03   4.6556137000846572e-03   4.7460311767515946e-03   4.8253962546204905e-03   4.8934287922490520e-03   4.9498601407429021e-03   4.9944332292375495e-03   5.0269029712237973e-03   5.0470374158526959e-03   5.0546201321169364e-03   5.0494549732363527e-03   5.0313746132759716e-03   5.0002547679671985e-03   4.9560344056061743e-03   4.8987384630958591e-03   4.8284939829363943e-03   4.7455304391566507e-03   4.6501640610596348e-03   4.5427745657999228e-03   4.4237838880256146e-03   4.2936406663664868e-03   4.1528105620990746e-03   4.0017705681050291e-03   3.8410058776638945e-03   3.6710081339104139e-03   3.4922744845460483e-03   3.3053070185617996e-03   3.1106124276676092e-03   2.9087017472397779e-03   2.7000901550801874e-03
   2.4818355160542253e-03   2.2615217158202536e-03   2.0361111871414917e-03   1.8061297397600129e-03   1.5721062482686656e-03   1.3345723849474320e-03   1.0940623480070416e-03   8.5111256508721357e-04   6.0626139378149263e-04   3.6004880430586948e-04   1.1301606068249796e-04  -1.3429460951831960e-04  -3.8134034488454798e-04  -6.2757798469029093e-04  -8.7246440052882071e-04  -1.1154568262160269e-03  -1.3560131824844519e-03  -1.5935923935567263e-03  -1.8276546963206951e-03  -2.0576619349204710e-03  -2.2830778460618808e-03  -2.5033683243668816e-03  -2.7180016791081233e-03  -2.9264488667129574e-03  -3.1281837166747834e-03  -3.3226831364540142e-03  -3.5094273298444060e-03  -3.6879000170318174e-03  -3.8575887296461225e-03  -4.0179852180070906e-03  -4.1685861528903759e-03  -4.3088943336000232e-03  -4.4384209416603055e-03  -4.5566896078938091e-03  -4.6632437251043560e-03  -4.7576587736174658e-03  -4.8395612420899792e-03  -4.9086531145369275e-03  -4.9647350996930295e-03  -5.0077178646686397e-03  -5.0376140540151276e-03  -5.0545166257874611e-03  -5.0585741829151133e-03  -5.0499715892770580e-03  -5.0289173154222161e-03  -4.9956362629848556e-03  -4.9503659961406578e-03  -4.8933549712740724e-03  -4.8248618173659377e-03  -4.7451551843827686e-03  -4.6545138631043700e-03  -4.5532270472473683e-03  -4.4415946461962988e-03  -4.3199276184612088e-03  -4.1885482921006209e-03  -4.0477906660652055e-03  -3.8980006751244078e-03  -3.7395364164617942e-03  -3.5727683250891444e-03  -3.3980792959133212e-03  -3.2158647403124929e-03  -3.0265325749450891e-03  -2.8305031317779105e-03  -2.6282089821853621e-03  -2.4200946740272353e-03  -2.2066163689956212e-03  -1.9882413791910691e-03  -1.7654475983703137e-03  -1.5387228313916538e-03  -1.3085640140931428e-03  -1.0754763346762636e-03  -8.3997225436527215e-04  -6.0257044482241813e-04  -3.6379464218678072e-04  -1.2417244160679221e-04   1.1576596502063747e-04   3.5548907868894475e-04   5.9446540671113067e-04   8.3216476712679528e-04   1.0680595819219994e-03   1.3016261250459917e-03   1.5323457268691183e-03   1.7597059018490833e-03   1.9832014069070709e-03   2.2023351996014358e-03   2.4166193111130282e-03   2.6255756056019095e-03   2.8287364474548901e-03   3.0256452497940561e-03   3.2158569355450321e-03   3.3989382851085190e-03   3.5744682038125557e-03   3.7420378845845971e-03   3.9012509083238287e-03   4.0517232493647625e-03   4.1930832351298186e-03   4.3249714253342404e-03   4.4470404627431227e-03   4.5589548585332172e-03   4.6603907719636054e-03   4.7510357470865079e-03   4.8305884862408759e-03   4.8987586380938395e-03   4.9552667396324289e-03   4.9998443681193829e-03   5.0322348364645808e-03   5.0521947847484115e-03   5.0594976021383319e-03   5.0539398455946892e-03   5.0353527054494539e-03   5.0036197566559904e-03   4.9587003546146327e-03   4.9006515175080692e-03   4.8296380706119805e-03   4.7459243067497579e-03   4.6498524718549678e-03   4.5418186538765289e-03   4.4222533750254960e-03   4.2916087438528237e-03   4.1503506985483274e-03   3.9989547086195631e-03   3.8379033753595782e-03   3.6676851803250391e-03   3.4887937604312319e-03   3.3017275194201275e-03   3.1069893471998128e-03   2.9050864348501432e-03   2.6965300795780672e-03
   2.4782722163873960e-03   2.2581212235386868e-03   2.0329081902644708e-03   1.8031551543801353e-03   1.5693872494750348e-03   1.3321324394707252e-03   1.0919212421219686e-03   8.4928643401930703e-04   6.0476274422158335e-04   3.5888653653101145e-04   1.1219548176185166e-04  -1.3477177354092790e-04  -3.8147594674467424e-04  -6.2737745464488514e-04  -8.7193675562796625e-04  -1.1146146799449156e-03  -1.3548727649123288e-03  -1.5921735703600033e-03  -1.8259809976357776e-03  -2.0557605812633328e-03  -2.2809797836430565e-03  -2.5011082544916770e-03  -2.7156180931842229e-03  -2.9239840697234763e-03  -3.1256838546277681e-03  -3.3201982043068209e-03  -3.5070111677331928e-03  -3.6856102652133502e-03  -3.8554867399678548e-03  -4.0161358533983300e-03  -4.1670574277409243e-03  -4.3077567260123278e-03  -4.4377461690859868e-03  -4.5565484118193405e-03  -4.6637020980786871e-03  -4.7587717962130063e-03  -4.8413643347330693e-03  -4.9111518203877819e-03  -4.9678976723667428e-03  -5.0114752384948650e-03  -5.0418685261567290e-03  -5.0591546910345574e-03  -5.0634782246834617e-03  -5.0550279498972790e-03  -5.0340208340601423e-03  -5.0006924592781773e-03  -4.9552918146013678e-03  -4.8980788105822569e-03  -4.8293231636948684e-03  -4.7493040938968011e-03  -4.6583103544871269e-03  -4.5566404847740306e-03  -4.4446031047628582e-03  -4.3225172631458347e-03  -4.1907127499995235e-03  -4.0495304088523738e-03  -3.8993223910530695e-03  -3.7404523850567786e-03  -3.5732957781242987e-03  -3.3982397751111059e-03  -3.2156834419004403e-03  -3.0260376890957718e-03  -2.8297251712307192e-03  -2.6271801143893520e-03  -2.4188480469267172e-03  -2.2051854468426160e-03  -1.9866592909860200e-03  -1.7637465098462690e-03  -1.5369333412380522e-03  -1.3067145905649958e-03  -1.0735927978577154e-03  -8.3807731674346252e-04  -6.0068331438347560e-04  -3.6193069883538452e-04  -1.2234299111943829e-04   1.1755385216473502e-04   3.5723264154809554e-04   5.9616617850318063e-04   8.3382847087591855e-04   1.0696959391905448e-03   1.3032485810188397e-03   1.5339710981948748e-03   1.7613539526027601e-03   1.9848943625794249e-03   2.2040972052612185e-03   2.4184758448859639e-03   2.6275528525384483e-03   2.8308606470429051e-03   3.0279420224422890e-03   3.2183505976916718e-03   3.4016511523014708e-03   3.5774198958262722e-03   3.7452446297045177e-03   3.9047248529026526e-03   4.0554717701238828e-03   4.1971082601846713e-03   4.3292687548388007e-03   4.4515990973356479e-03   4.5637563222039974e-03   4.6654084407941774e-03   4.7562341705715229e-03   4.8359227234144641e-03   4.9041736095681420e-03   4.9606966580128973e-03   5.0052123140238696e-03   5.0374526859675896e-03   5.0571637963445432e-03   5.0641102957695062e-03   5.0580840661871625e-03   5.0389189787962783e-03   5.0065123302216689e-03   4.9608498653168171e-03   4.9020245158962489e-03   4.8302383579685824e-03   4.7457865617789724e-03   4.6490323458884741e-03   4.5403838227196913e-03   4.4202770795570868e-03   4.2891657322428715e-03   4.1475148346284485e-03   3.9957976119417418e-03   3.8344936617911549e-03   3.6640880395030209e-03   3.4850707246302610e-03   3.2979363399329629e-03   3.1031839348740144e-03   2.9013168330488223e-03   2.6928424662354318e-03
   2.4746316016648730e-03   2.2546657225266859e-03   2.0296712480485667e-03   1.8001665258267196e-03   1.5666730383354895e-03   1.3297151452301653e-03   1.0898197969736996e-03   8.4751624111456916e-04   6.0333570627680373e-04   3.5781108246703128e-04   1.1147658475506954e-04  -1.3513258308729955e-04  -3.8148057573127544e-04  -6.2703124932852723e-04  -8.7124850940218843e-04  -1.1135966503614692e-03  -1.3535406940671272e-03  -1.5905467158221344e-03  -1.8240821637176578e-03  -2.0536161611666012e-03  -2.2786197972427336e-03  -2.4985663970323274e-03  -2.7129317759233130e-03  -2.9211944713168811e-03  -3.1228359541062918e-03  -3.3173408205290720e-03  -3.5041969706678393e-03  -3.6828957805974038e-03  -3.8529322898751706e-03  -4.0138054500534568e-03  -4.1650185072560509e-03  -4.3060796820558874e-03  -4.4365034269479488e-03  -4.5558128029789457e-03  -4.6635439075383093e-03  -4.7592538656160664e-03  -4.8425344500085867e-03  -4.9130328329437456e-03  -4.9704780974617275e-03  -5.0147052307383116e-03  -5.0456649173076448e-03  -5.0634124440105920e-03  -5.0680831571822838e-03  -5.0598663366030732e-03  -5.0389853936337724e-03  -5.0056853882011780e-03  -4.9602260896554947e-03  -4.9028784734330561e-03  -4.8339231264050630e-03  -4.7536496812423295e-03  -4.6623567538774313e-03  -4.5603521387021610e-03  -4.4479531023814169e-03  -4.3254867197072078e-03  -4.1932901982817839e-03  -4.0517111837615159e-03  -3.9011080211780401e-03  -3.7418499754313006e-03  -3.5743173932796190e-03  -3.3989018127137381e-03  -3.2160060023103667e-03  -3.0260439384886678e-03  -2.8294407029806614e-03  -2.6266323057246672e-03  -2.4180654233209335e-03  -2.2041970545712054e-03  -1.9854940814213371e-03  -1.7624327460547770e-03  -1.5354980343533363e-03  -1.3051829747739183e-03  -1.0719878473529792e-03  -8.3641931806038383e-04  -5.9898949634521067e-04  -3.6021493405608327e-04  -1.2061556663585862e-04   1.1928638143916889e-04   3.5896752370352469e-04   5.9790444689423441e-04   8.3557485035664855e-04   1.0714586645070318e-03   1.3050391454696474e-03   1.5358039214742084e-03   1.7632459907774307e-03   1.9868646487128860e-03   2.2061663476409922e-03   2.4206654705570064e-03   2.6298850266455484e-03   2.8333572514325847e-03   3.0306241238943249e-03   3.2212377879281208e-03   3.4047608948931979e-03   3.5807668517076345e-03   3.7488399962950399e-03   3.9085756890784870e-03   4.0595803400139451e-03   4.2014713604890163e-03   4.3338770643807003e-03   4.4564365046111084e-03   4.5687992763133404e-03   4.6706252753998083e-03   4.7615844587942501e-03   4.8413566158339088e-03   4.9096312473577630e-03   4.9661076488900259e-03   5.0104954743298170e-03   5.0425161899522591e-03   5.0619062849862149e-03   5.0684235324382366e-03   5.0618583778017645e-03   5.0420521465335778e-03   5.0089218366460488e-03   4.9624846496054247e-03   4.9028711270599100e-03   4.8303182630977893e-03   4.7451473632718049e-03   4.6477379535281391e-03   4.5385065299339816e-03   4.4178923845478559e-03   4.2863491435375205e-03   4.1443401013463261e-03   3.9923356914369941e-03   3.8308121920536961e-03   3.6602510235439335e-03   3.4811383941976016e-03   3.2939650689737783e-03   3.0992262266110711e-03   2.8974213155636111e-03   2.6890539209583854e-03
   2.4709374786580319e-03   2.2511771402332383e-03   2.0264203153478343e-03   1.7971817479181180e-03   1.5639793734451024e-03   1.3273340578101827e-03   1.0877693068832182e-03   8.4581096719900644e-04   6.0198690541032212e-04   3.5682667928488163e-04   1.1086119645401412e-04  -1.3537763371359221e-04  -3.8135725154344712e-04  -6.2654480364985276e-04  -8.7040749392098616e-04  -1.1124129378240835e-03  -1.3520295021055835e-03  -1.5887266460398110e-03  -1.8219752391436383e-03  -2.0512478792842044e-03  -2.2760191785407549e-03  -2.4957660485521735e-03  -2.7099679443081874e-03  -2.9181071089310483e-03  -3.1196687709487301e-03  -3.3141413464756403e-03  -3.5010165887648880e-03  -3.6797897618796819e-03  -3.8499597772756336e-03  -4.0110294076076370e-03  -4.1625055470293163e-03  -4.3038997427059470e-03  -4.4347290986729987e-03  -4.5545181200531987e-03  -4.6628020832315794e-03  -4.7591334322007314e-03  -4.8430928766828212e-03  -4.9143075540232836e-03  -4.9724762266470214e-03  -5.0173965590124877e-03  -5.0489827307934739e-03  -5.0672626942659029e-03  -5.0723571976880469e-03  -5.0644519442989040e-03  -5.0437742283965343e-03  -5.0105770676251975e-03  -4.9651301443299194e-03  -4.9077149806483903e-03  -4.8386227208506195e-03  -4.7581531963177322e-03  -4.6666147368922438e-03  -4.5643242729220251e-03  -4.4516076254727116e-03  -4.3287998163120912e-03  -4.1962454093258080e-03  -4.0542988023268087e-03  -3.9033245023873163e-03  -3.7436973329279914e-03  -3.5758026045391842e-03  -3.4000362100620046e-03  -3.2168046708815267e-03  -3.0265251014480851e-03  -2.8296251133440153e-03  -2.6265426359696580e-03  -2.4177256628468615e-03  -2.2036319124126413e-03  -1.9847284114413101e-03  -1.7614909903869143e-03  -1.5344036964774156e-03  -1.3039581262541335e-03  -1.0706526801322501e-03  -8.3499174634955008e-04  -5.9748481576573742e-04  -3.5864554365362108e-04  -1.1899075850806025e-04   1.2096055909312373e-04   3.6068832995578466e-04   5.9967243289734047e-04   8.3739377033985980e-04   1.0733353088764979e-03   1.3069831055810498e-03   1.5378272825884208e-03   1.7653629672269549e-03   1.9890911577984862e-03   2.2085195398881680e-03   2.4231632109211780e-03   2.6325453462558977e-03   2.8361977632417497e-03   3.0336614258533014e-03   3.2244868409115690e-03   3.4082343968348141e-03   3.5844745957140794e-03   3.7527882370127896e-03   3.9127664936028598e-03   4.0640109525931205e-03   4.2061335528737831e-03   4.3387565007261299e-03   4.4615120894250081e-03   4.5740425183856950e-03   4.6759996334794851e-03   4.7670447154177223e-03   4.8468482519549178e-03   4.9150899068742182e-03   4.9714587156854430e-03   5.0156539901989828e-03   5.0473873387235062e-03   5.0663870861307912e-03   5.0724064962202591e-03   5.0652383384038749e-03   5.0447366777749778e-03   5.0108437708919883e-03   4.9636119822298154e-03   4.9032090915718321e-03   4.8299033802290513e-03   4.7440374631855823e-03   4.6460030268078234e-03   4.5362220402375879e-03   4.4151351291345066e-03   4.2831948080441409e-03   4.1408619188389988e-03   3.9886036940520947e-03   3.8268928266388808e-03   3.6562069462865135e-03   3.4770283839848336e-03   3.2898439947921469e-03   3.0951450590597685e-03   2.8934271513634865e-03   2.6851900303976614e-03
   2.4672128756254783e-03   2.2476766904741641e-03   2.0231746993098921e-03   1.7942181346754489e-03   1.5613214939069761e-03   1.3250022674306449e-03   1.0857806491061869e-03   8.4417922383481659e-04   6.0072264415320879e-04   3.5593728825324513e-04   1.1035091344056135e-04  -1.3550770498701081e-04  -3.8110913257957468e-04  -6.2592364478120479e-04  -8.6942158658478194e-04  -1.1110737380270843e-03  -1.3503516631487825e-03  -1.5867280606369646e-03  -1.8196770907456920e-03  -2.0486746998827597e-03  -2.2731989142995108e-03  -2.4927301285735479e-03  -2.7067513571861759e-03  -2.9147484783509855e-03  -3.1162104339733385e-03  -3.3106294237778139e-03  -3.4975010559526441e-03  -3.6763244988833707e-03  -3.8466026015521681e-03  -4.0078420567455702e-03  -4.1595535970098615e-03  -4.3012523775146083e-03  -4.4324586529551147e-03  -4.5526991582609073e-03  -4.6615097135757223e-03  -4.7584402434475573e-03  -4.8430637787418010e-03  -4.9149918715986817e-03  -4.9738975669896546e-03  -5.0195437687255672e-03  -5.0518067902127145e-03  -5.0706827608353816e-03  -5.0762722815244909e-03  -5.0687530183660002e-03  -5.0483530560288580e-03  -5.0153315200951679e-03  -4.9699668810997159e-03  -4.9125505555551218e-03  -4.8433838206507901e-03  -4.7627764365376132e-03  -4.6710462420628948e-03  -4.5685191576960915e-03  -4.4555294343480260e-03  -4.3324199481386402e-03  -4.1995425384744652e-03  -4.0572582997273725e-03  -3.9059378574607521e-03  -3.7459615753220312e-03  -3.5777197247951042e-03  -3.4016125790402589e-03  -3.2180504567225366e-03  -3.0274536869150351e-03  -2.8302525148119801e-03  -2.6268869225022310e-03  -2.4178063871519353e-03  -2.2034695516102315e-03  -1.9843438237848810e-03  -1.7609048921537226e-03  -1.5336361714633514e-03  -1.3030281672158088e-03  -1.0695777735184615e-03  -8.3378750096350582e-04  -5.9616464848302308e-04  -3.5722042057669391e-04  -1.1746900343358100e-04   1.2257339330111103e-04   3.6238951631308237e-04   6.0146205911614284e-04   8.3927465231702178e-04   1.0753128399481140e-03   1.3090650338961440e-03   1.5400234310847870e-03   1.7676848894590932e-03   1.9915517467493154e-03   2.2111325830297948e-03   2.4259429113811003e-03   2.6355058031309027e-03   2.8393524311428734e-03   3.0370225424432829e-03   3.2280648455939613e-03   3.4120373300077899e-03   3.5885074973873283e-03   3.7570525287117006e-03   3.9172593689476322e-03   4.0687247532152325e-03   4.2110551546350574e-03   4.3438666858741969e-03   4.4667849298958623e-03   4.5794447449977044e-03   4.6814900229176495e-03   4.7725734756501386e-03   4.8523564634915918e-03   4.9205090360558423e-03   4.9767103476437077e-03   5.0206499418928496e-03   5.0520305969185249e-03   5.0705741584962764e-03   5.0760322666599123e-03   5.0682042474889466e-03   5.0469623766870482e-03   5.0122789585974681e-03   4.9642434509904474e-03   4.9030588906792127e-03   4.8290204328059715e-03   4.7424875140927945e-03   4.6438604299294181e-03   4.5335643195829126e-03   4.4120396649010209e-03   4.2797370077422986e-03   4.1371141837488121e-03   3.9846349020888532e-03   3.8227680474872076e-03   3.6519873306845702e-03   3.4727711142891970e-03   3.2856023019559688e-03   3.0909682510520805e-03   2.8893606763439020e-03   2.6812755330382480e-03
   2.4634801853512852e-03   2.2441850153990975e-03   2.0199531861170837e-03   1.7912925229274645e-03   1.5587142030053008e-03   1.3227324717484475e-03   1.0838643498705081e-03   8.4262931058388610e-04   5.9954894866785530e-04   3.5514662766567251e-04   1.0994712188130894e-04  -1.3552375481658206e-04  -3.8073952206204290e-04  -6.2517341068140872e-04  -8.6829873871788199e-04  -1.1095892834594801e-03  -1.3485196481628537e-03  -1.5845656161738802e-03  -1.8172044963533551e-03  -2.0459154476331291e-03  -2.2701797920418642e-03  -2.4894812983251914e-03  -2.7033064513036146e-03  -2.9111446846686235e-03  -3.1124886003617014e-03  -3.3068341440442191e-03  -3.4936807689434986e-03  -3.6725315575881290e-03  -3.8428933487713339e-03  -4.0042768398323922e-03  -4.1561967565378428e-03  -4.2981720972589121e-03  -4.4297266616101852e-03  -4.5503900420880193e-03  -4.6596996664461706e-03  -4.7572046611580911e-03  -4.8424731526700744e-03  -4.9151050117578771e-03  -4.9747522574360385e-03  -5.0211465868419273e-03  -5.0541269435271461e-03  -5.0736543350353696e-03  -5.0798040439863782e-03  -5.0727408787273245e-03  -5.0526901603124529e-03  -5.0199148917090160e-03  -4.9747009470498373e-03  -4.9173488216027374e-03  -4.8481693921539094e-03  -4.7674820078502603e-03  -4.6756137607570792e-03  -4.5728993808380721e-03  -4.4596813967921070e-03  -4.3363104275524035e-03  -4.2031454916597131e-03  -4.0605543140875633e-03  -3.9089135872848778e-03  -3.7486091915885935e-03  -3.5800363534991384e-03  -3.4035997488630564e-03  -3.2197135392164847e-03  -3.0288013438441591e-03  -2.8312961418715562e-03  -2.6276401065353965e-03  -2.4182843637653093e-03  -2.2036886793828877e-03  -1.9843210747612695e-03  -1.7606573668049474e-03  -1.5331806377917045e-03  -1.3023806342631163e-03  -1.0687531045571244e-03  -8.3279907135952794e-04  -5.9502405461758171e-04  -3.5593724144931011e-04  -1.1605062366711128e-04   1.2412190176996801e-04   3.6406544428320826e-04   6.0326504969660140e-04   8.4120661983189213e-04   1.0773778310582899e-03   1.3112690200053907e-03   1.5423740498440217e-03   1.7701911233569034e-03   1.9942235613160759e-03   2.2139805108481571e-03   2.4289776077710207e-03   2.6387375560505094e-03   2.8427906555182321e-03   3.0406752399386693e-03   3.2319380608564446e-03   3.4161345758962299e-03   3.5928291875600275e-03   3.7615953864746088e-03   3.9220158478370324e-03   4.0736824347529735e-03   4.2161961644084220e-03   4.3491670835773249e-03   4.4722141236683459e-03   4.5849648785753691e-03   4.6870554016364176e-03   4.7781299816091072e-03   4.8578410661157066e-03   4.9258493862428740e-03   4.9818246874862122e-03   5.0254474837811026e-03   5.0564129854946231e-03   5.0744386295888443e-03   5.0792777637877640e-03   5.0707409429256705e-03   5.0487238638293359e-03   5.0132326237344671e-03   4.9643938555523470e-03   4.9024426960804987e-03   4.8276965597367667e-03   4.7405276731380067e-03   4.6413420237876070e-03   4.5305660634528027e-03   4.4086389841105347e-03   4.2760086568540542e-03   4.1331294758408157e-03   3.9804613497796430e-03   3.8184691732506470e-03   3.6476226211088953e-03   3.4683960124974019e-03   3.2812682607822634e-03   3.0867227893224421e-03   2.8852474627946486e-03   2.6773344674121476e-03
   2.4597613055498731e-03   2.2407223015108065e-03   2.0167741486016187e-03   1.7884213780437433e-03   1.5561719689438679e-03   1.3205370617243274e-03   1.0820306532493336e-03   8.4116926702008997e-04   5.9847160756624628e-04   3.5445819953429283e-04   1.0965101329067773e-04  -1.3542691539442187e-04  -3.8025187627415422e-04  -6.2429987169211197e-04  -8.6704701109163967e-04  -1.1079698917975318e-03  -1.3465459841527712e-03  -1.5822539930821855e-03  -1.8145742211547065e-03  -2.0429888981030914e-03  -2.2669825094713747e-03  -2.4860420823938877e-03  -2.6996574697134438e-03  -2.9073215813076574e-03  -3.1085306128051356e-03  -3.3027842143500273e-03  -3.4895856624122088e-03  -3.6684419646993258e-03  -3.8388639823833557e-03  -4.0003664992119686e-03  -4.1524683560896971e-03  -4.2946926039986498e-03  -4.4265668996727302e-03  -4.5476242159006239e-03  -4.6574044164985826e-03  -4.7554572285031611e-03  -4.8413480962419186e-03  -4.9146685916483584e-03  -4.9750540861987535e-03  -5.0222092495487312e-03  -5.0559376444301854e-03  -5.0761632890123625e-03  -5.0829317273642588e-03  -5.0763898861044205e-03  -5.0567564065029137e-03  -5.0242955095216122e-03  -4.9792988339119361e-03  -4.9220749394909089e-03  -4.8529436667197907e-03  -4.7722335271037312e-03  -4.6802805671754362e-03  -4.5774281009409914e-03  -4.4640267626948468e-03  -4.3404347761688711e-03  -4.2070182329898113e-03  -4.0641514068266611e-03  -3.9122170011350998e-03  -3.7516063803922982e-03  -3.5827197186741543e-03  -3.4059661132332221e-03  -3.2217636124093618e-03  -3.0305391993660428e-03  -2.8327286909025583e-03  -2.6287765821922104e-03  -2.4191358122600520e-03  -2.2042674695553557e-03  -1.9846404177612000e-03  -1.7607308622709357e-03  -1.5330218447956055e-03  -1.3020026777551409e-03  -1.0681683150744216e-03  -8.3201866933196281e-04  -5.9405787920243757e-04  -3.5479353276374203e-04  -1.1473585774950846e-04   1.2560311906758840e-04   3.6571042556133400e-04   6.0507301300991088e-04   8.4317861638393107e-04   1.0795166131868448e-03   1.3135788523585741e-03   1.5448604662008244e-03   1.7728606325179404e-03   1.9970833066964518e-03   2.2170378870536639e-03   2.4322398411176609e-03   2.6422112524314072e-03   2.8464813228485197e-03   3.0445867847210344e-03   3.2360722686411857e-03   3.4204905768068527e-03   3.5974029127438106e-03   3.7663790116472060e-03   3.9269972361634367e-03   4.0788445694388119e-03   4.2215165828096545e-03   4.3546173034510662e-03   4.4777590747171643e-03   4.5905623314719535e-03   4.6926554184499739e-03   4.7836743931137871e-03   4.8632630403950298e-03   4.9310731557361690e-03   4.9867656392283992e-03   5.0300129092063850e-03   5.0605041082328970e-03   5.0779547626124124e-03   5.0821236397999925e-03   5.0728374730949349e-03   5.0500200015260333e-03   5.0137134788895612e-03   4.9640802655867913e-03   4.9013836291573968e-03   4.8259588569635366e-03   4.7381874236419172e-03   4.6384786586082596e-03   4.5272588124783070e-03   4.4049648898242012e-03   4.2720415093930571e-03   4.1289392737201133e-03   3.9761140437885355e-03   3.8140265738977534e-03   3.6431423901154155e-03   3.4639317099445896e-03   3.2768694169141984e-03   3.0824349975729975e-03   2.8811124821951145e-03   2.6733903303438568e-03
   2.4560777703100238e-03   2.2373084097191947e-03   2.0136556625279015e-03   1.7856208873505118e-03   1.5537090008139836e-03   1.3184281879512056e-03   1.0802895814068490e-03   8.3980692557010246e-04   5.9749621446933887e-04   3.5387532036627970e-04   1.0946360239871105e-04  -1.3521848725178218e-04  -3.7964981062699838e-04  -6.2330894671964608e-04  -8.6567460103938914e-04  -1.1062260034041887e-03  -1.3444433059726086e-03  -1.5798079622320348e-03  -1.8118030999472964e-03  -2.0399138681666514e-03  -2.2636277724301561e-03  -2.4824349770212941e-03  -2.6958285897575891e-03  -2.9033049083729097e-03  -3.1043636465504995e-03  -3.2985081155992749e-03  -3.4852453826378772e-03  -3.6640863861233772e-03  -3.8345460338586974e-03  -3.9961432685484436e-03  -4.1484011498152803e-03  -4.2908469662474389e-03  -4.4230124914454751e-03  -4.5444345169839227e-03  -4.6546560087585512e-03  -4.7532284311284810e-03  -4.8397163373522407e-03  -4.9137058711562686e-03  -4.9748196635724254e-03  -5.0227398033320146e-03  -5.0572374743596384e-03  -5.0781994425851650e-03  -5.0856380262337096e-03  -5.0796773649382041e-03  -5.0605251966781813e-03  -5.0284438853484834e-03  -4.9837289168024835e-03  -4.9266956879219356e-03  -4.8576722529067593e-03  -4.7769957683266983e-03  -4.6850108896508806e-03  -4.5820692452695454e-03  -4.4685293805917991e-03  -4.3447569613256926e-03  -4.2111250347732967e-03  -4.0680143261899769e-03  -3.9158134892012869e-03  -3.7549193301208805e-03  -3.5857369623102714e-03  -3.4086799156123710e-03  -3.2241701715697854e-03  -3.0326381453580215e-03  -2.8345225926761186e-03  -2.6302704620362535e-03  -2.4203366686768118e-03  -2.2051838128866220e-03  -1.9852818258068203e-03  -1.7611075575172240e-03  -1.5331442950945906e-03  -1.3018812289396682e-03  -1.0678128576157876e-03  -8.3143834723713183e-04  -5.9326083963948421e-04  -3.5378672616048318e-04  -1.1352488464272513e-04   1.2701410398344986e-04   3.6731875933495922e-04   6.0687750970576297e-04   8.4517950247882520e-04   1.0817154023162890e-03   1.3159781737554837e-03   1.5474638355895362e-03   1.7756721833185013e-03   2.0001074695749814e-03   2.2202790389973916e-03   2.4357019099209977e-03   2.6458972996465133e-03   2.8503930894158091e-03   3.0487242272333056e-03   3.2404330654846607e-03   3.4250696305793893e-03   3.6021918281549442e-03   3.7713655803114175e-03   3.9321648968588469e-03   4.0841718810421153e-03   4.2269766750858435e-03   4.3601773452000107e-03   4.4833797228107878e-03   4.5961972099954236e-03   4.6982505959771203e-03   4.7891679377132408e-03   4.8685846545938041e-03   4.9361440717122255e-03   4.9914989201209807e-03   5.0343146551119896e-03   5.0642761305929353e-03   5.0810998634950484e-03   5.0845541179054318e-03   5.0744867109022681e-03   5.0508532614835502e-03   5.0137329434390360e-03   4.9633212669378821e-03   4.8999052734979547e-03   4.8238341277951277e-03   4.7354955377557559e-03   4.6353002583934058e-03   4.5236731158041091e-03   4.4010481942827664e-03   4.2678663770666508e-03   4.1245741738923708e-03   3.9716231822114366e-03   3.8094698788786363e-03   3.6385755414819827e-03   3.4594062305736760e-03   3.2724327684517905e-03   3.0781307077868119e-03   2.8769802620653507e-03   2.6694662125218514e-03
   2.4524508757763352e-03   2.2339629797644002e-03   2.0106156021559821e-03   1.7829070559007777e-03   1.5513393390491556e-03   1.3164178385504440e-03   1.0786509958794718e-03   8.3854995829123538e-04   5.9662820215751272e-04   3.5340114527421322e-04   1.0938574096524845e-04  -1.3489993524251915e-04  -3.7893710706232166e-04  -6.2220672203625840e-04  -8.6418987392274376e-04  -1.1043682237819416e-03  -1.3422244085749746e-03  -1.5772424441676653e-03  -1.8089081056367254e-03  -2.0367092979440360e-03  -2.2601363939098945e-03  -2.4786825597241892e-03  -2.6918440386266658e-03  -2.8991204194396885e-03  -3.1000148531286904e-03  -3.2940342552601220e-03  -3.4806894501622342e-03  -3.6594953023166362e-03  -3.8299707865468049e-03  -3.9916390638389965e-03  -4.1440275100103575e-03  -4.2866678077474497e-03  -4.4190960817398917e-03  -4.5408533041984382e-03  -4.6514861076252878e-03  -4.7505486088593243e-03  -4.8376059499788560e-03  -4.9122412210994629e-03  -4.9740677602901299e-03  -5.0227494179404955e-03  -5.0580286774191477e-03  -5.0797562763920901e-03  -5.0879089041161382e-03  -5.0825834874601208e-03  -5.0639723813470814e-03  -5.0323326701046528e-03  -4.9879614406912994e-03  -4.9311794900171544e-03  -4.8623221943894426e-03  -4.7817347538995020e-03  -4.6897700278796528e-03  -4.5867876526044238e-03  -4.4731538606348140e-03  -4.3492415779729371e-03  -4.2154306734753927e-03  -4.0721082167822810e-03  -3.9196687405437759e-03  -3.7585144455720217e-03  -3.5890553693410676e-03  -3.4117094841468456e-03  -3.2269027447553137e-03  -3.0350690655983632e-03  -2.8366502417442726e-03  -2.6320957987485414e-03  -2.4218627871155701e-03  -2.2064155081148403e-03  -1.9862251795150633e-03  -1.7617695405061687e-03  -1.5335323998885634e-03  -1.3020031286921651e-03  -1.0676760993976069e-03  -8.3105008086107907e-04  -5.9262758787445525e-04  -3.5291419941643423e-04  -1.1241784149564142e-04   1.2835194565016857e-04   3.6888476325802025e-04   6.0867010789017960e-04   8.4719813458459376e-04   1.0839604000992930e-03   1.3184506019818898e-03   1.5501652802812245e-03   1.7786045029002096e-03   2.0032724976632747e-03   2.2236782580872328e-03   2.4393360826755208e-03   2.6497660815591470e-03   2.8544946056470490e-03   3.0530546382289861e-03   3.2449861016578944e-03   3.4298361279257263e-03   3.6071592364881897e-03   3.7765174768688114e-03   3.9374804772695244e-03   4.0896254625831319e-03   4.2325371766260928e-03   4.3658077888805071e-03   4.4890367151861343e-03   4.6018304642421641e-03   4.7038024558069720e-03   4.7945730064123740e-03   4.8737695301388096e-03   4.9410274199828668e-03   4.9959920588293827e-03   5.0383232631479175e-03   5.0677037127273014e-03   5.0838541604166423e-03   5.0865567678430069e-03   5.0756849672332913e-03   5.0512290900413814e-03   5.0133044955349869e-03   4.9621364264823189e-03   4.8980313745226964e-03   4.8213487942917674e-03   4.7324801300318471e-03   4.6318359661580884e-03   4.5198387211129142e-03   4.3969189325019555e-03   4.2635133481871458e-03   4.1200641096845242e-03   3.9670183650974888e-03   3.8048281812632910e-03   3.6339505006711377e-03   3.4548471732584510e-03   3.2679849379066294e-03   3.0738354147131341e-03   2.8728750321630600e-03   2.6655849424960898e-03
   2.4489017950269257e-03   2.2307055458380613e-03   2.0076717423441843e-03   1.7802957883343716e-03   1.5490769207822512e-03   1.3145178969232981e-03   1.0771246502593252e-03   8.3740592370476832e-04   5.9587288050519502e-04   3.5303869545485079e-04   1.0941813414928359e-04  -1.3447288307987472e-04  -3.7811771857487541e-04  -6.2099946543776158e-04  -8.6260138612565668e-04  -1.1024073569142429e-03  -1.3399022919044379e-03  -1.5745725682520680e-03  -1.8059064201500386e-03  -2.0333943300661229e-03  -2.2565293782417150e-03  -2.4748075858363650e-03  -2.6877282057452155e-03  -2.8947940055822456e-03  -3.0955114896650624e-03  -3.2893911114989364e-03  -3.4759474153762127e-03  -3.6546991742191638e-03  -3.8251694514790302e-03  -3.9868856701033044e-03  -4.1393796172398880e-03  -4.2821875025209786e-03  -4.4148500181837667e-03  -4.5369126211379160e-03  -4.6479261013996371e-03  -4.7474479730666586e-03  -4.8350452086923781e-03  -4.9102997909867066e-03  -4.9728187842898088e-03  -5.0222517960937232e-03  -5.0583167169703002e-03  -5.0808306068552394e-03  -5.0897334088881576e-03  -5.0850911253293458e-03  -5.0670761442835827e-03  -5.0359365647133026e-03  -4.9919684638124132e-03  -4.9354963894039667e-03  -4.8668619790873443e-03  -4.7864177935863055e-03  -4.6945244197350916e-03  -4.5915491641316643e-03  -4.4778656866990771e-03  -4.3538539787492444e-03  -4.2199005754263398e-03  -4.0763987771893226e-03  -3.9237489113734918e-03  -3.7623585226836459e-03  -3.5926425493108555e-03  -3.4150234129231623e-03  -3.2299310773595134e-03  -3.0378030210539675e-03  -2.8390841705465356e-03  -2.6342267546635716e-03  -2.4236901117720192e-03  -2.2079404241748001e-03  -1.9874504074275092e-03  -1.7626989309179283e-03  -1.5341705921400211e-03  -1.3023552331456550e-03  -1.0677474150248018e-03  -8.3084584459400257e-04  -5.9215276467125598e-04  -3.5217331012399756e-04  -1.1141483651797632e-04   1.2961376999034402e-04   3.7040279956383439e-04   6.1044242759428669e-04   8.4922342874296103e-04   1.0862378756746787e-03   1.3209798312647841e-03   1.5529460086714151e-03   1.7816364143697198e-03   2.0065549437417235e-03   2.2272099512379000e-03   2.4431147594739916e-03   2.6537881364685802e-03   2.8587547009169762e-03   3.0575452937903996e-03   3.2496972683408523e-03   3.4347547440836080e-03   3.6122687736392942e-03   3.7817974776300635e-03   3.9429060839715688e-03   4.0951669429123575e-03   4.2381594455185951e-03   4.3714699332704741e-03   4.4946915250569409e-03   4.6074239863506620e-03   4.7092735899083079e-03   4.7998531994523771e-03   4.8787826545542215e-03   4.9456900300489711e-03   5.0002143468367852e-03   5.0420113111792715e-03   5.0707639059341184e-03   5.0862006757921340e-03   5.0881222422338428e-03   5.0764316019476985e-03   5.0511553598509224e-03   5.0124431468978412e-03   4.9605459552142586e-03   4.8957856862265432e-03   4.8185289189243054e-03   4.7291687730685239e-03   4.6281143250348818e-03   4.5157847783254866e-03   4.3926065811352132e-03   4.2590120030974940e-03   4.1154385638016554e-03   3.9623287968548896e-03   3.8001302305425339e-03   3.6292953973704094e-03   3.4502818827663868e-03   3.2635523290054378e-03   3.0695744293646899e-03   2.8688208625113924e-03   2.6617692065040209e-03
   2.4454516858832508e-03   2.2275556245997079e-03   2.0048418394119881e-03   1.7778029708540425e-03   1.5469356582658918e-03   1.3127402087487225e-03   1.0757202427787930e-03   8.3638230612078160e-04   5.9523546553521341e-04   3.5279087831239966e-04   1.0956135274972283e-04  -1.3393910989399179e-04  -3.7719577458198534e-04  -6.1969364195059234e-04  -8.6091791050517429e-04  -1.1003544407313757e-03  -1.3374902035114481e-03  -1.5718137223216138e-03  -1.8028154914486571e-03  -2.0299883801883187e-03  -2.2528280052457445e-03  -2.4708330825023001e-03  -2.6835057402734186e-03  -2.8903518052631519e-03  -3.0908810429265076e-03  -3.2846073671244530e-03  -3.4710490007033071e-03  -3.6497286004595966e-03  -3.8201733325223643e-03  -3.9819149189146991e-03  -4.1344896447476319e-03  -4.2774383661023469e-03  -4.4103065397450136e-03  -4.5326443746674583e-03  -4.6440072450246459e-03  -4.7439566902416075e-03  -4.8320625527243106e-03  -4.9079073262870542e-03  -4.9710943975768184e-03  -5.0212627179996548e-03  -5.0581098414227230e-03  -5.0814222744127394e-03  -5.0911034900828133e-03  -5.0871856864352447e-03  -5.0698168728448983e-03  -5.0392321979601208e-03  -4.9957237659387314e-03  -4.9396179822631479e-03  -4.8712615045410921e-03  -4.7910134757266562e-03  -4.6992416616278765e-03  -4.5963206653310863e-03  -4.4826312814880637e-03  -4.3585603553749647e-03  -4.2245009150352888e-03  -4.0808523699575024e-03  -3.9280207460287691e-03  -3.7664188771179014e-03  -3.5964665698948535e-03  -3.4185907011890179e-03  -3.2332252709061909e-03  -3.0408113851968896e-03  -2.8417971905343432e-03  -2.6366377372689957e-03  -2.4257947972726856e-03  -2.2097366135427005e-03  -1.9889376016827432e-03  -1.7638779908892711e-03  -1.5350434220661447e-03  -1.3029244898003019e-03  -1.0680162461833957e-03  -8.3081765800508463e-04  -5.9183103438797155e-04  -3.5156141820799288e-04  -1.1051595780863566e-04   1.3079674516936285e-04   3.7186729581532971e-04   6.1218617625125244e-04   8.5124441108080375e-04   1.0885342291934508e-03   1.3235497080103210e-03   1.5557874006942574e-03   1.7847469339096964e-03   2.0099315763124075e-03   2.2308487671161984e-03   2.4470106053172077e-03   2.6579342911968321e-03   2.8631425201512007e-03   3.0621638213372895e-03   3.2545328431478867e-03   3.4397905815598232e-03   3.6174845496983019e-03   3.7871688868287758e-03   3.9484044098491485e-03   4.1007586051276376e-03   4.2438055661394832e-03   4.3771258860845919e-03   4.5003065204731003e-03   4.6129406607462011e-03   4.7146276834633873e-03   4.8049733259481892e-03   4.8835903492539124e-03   4.9501002213140173e-03   5.0041367551236209e-03   5.0453533239980652e-03   5.0734360336927731e-03   5.0881250893066972e-03   5.0892440247240229e-03   5.0767286280078462e-03   5.0506419380550527e-03   5.0111650588436068e-03   4.9585705183709441e-03   4.8931919373289036e-03   4.8154002953111940e-03   4.7255886564849638e-03   4.6241634755184672e-03   4.5115400509227691e-03   4.3881402730353881e-03   4.2543916235593913e-03   4.1107267707547104e-03   3.9575834770987249e-03   3.7954046149291311e-03   3.6246382336982594e-03   3.4457376094239938e-03   3.2591612765415423e-03   3.0653730122852975e-03   2.8648417892147230e-03   2.6580416727750395e-03
   2.4421217860451567e-03   2.2245328112308962e-03   2.0021437164213997e-03   1.7754445373456709e-03   1.5449294912729874e-03   1.3110966280037001e-03   1.0744474597237813e-03   8.3548655453353072e-04   5.9472111170592163e-04   3.5266051084753650e-04   1.0981584767313769e-04  -1.3330054494468493e-04  -3.7617558367347698e-04  -6.1829592451937668e-04  -8.5914845433949713e-04  -1.0982207736260953e-03  -1.3350016748902476e-03  -1.5689816005832534e-03  -1.7996530909582631e-03  -2.0265112002597428e-03  -2.2490538979723315e-03  -2.4667824273093982e-03  -2.6792016446291838e-03  -2.8858203066591480e-03  -3.0861513371248854e-03  -3.2797120304565138e-03  -3.4660242335416190e-03  -3.6446144591462497e-03  -3.8150139807133195e-03  -3.9767588533064779e-03  -4.1293899333557371e-03  -4.2724528389638736e-03  -4.4054979638076365e-03  -4.5280805182298109e-03  -4.6397608263343965e-03  -4.7401050053611556e-03  -4.8286866324588340e-03  -4.9050900907027083e-03  -4.9689172778116025e-03  -5.0197996984518139e-03  -5.0574186900305971e-03  -5.0815338808209371e-03  -5.0920138099121480e-03  -5.0888549643209498e-03  -5.0721770202109863e-03  -5.0421979867615206e-03  -4.9992027272266152e-03  -4.9435173145434752e-03  -4.8754920031826837e-03  -4.7954916170254453e-03  -4.7038904848456017e-03  -4.6010700845365536e-03  -4.4874180264125978e-03  -4.3633277760048743e-03  -4.2291986684661444e-03  -4.0854360873666846e-03  -3.9324516544854502e-03  -3.7706634289642279e-03  -3.6004960501013002e-03  -3.4223808474368378e-03  -3.2367558827525755e-03  -3.0440659463737787e-03  -2.8447624865650264e-03  -2.6393034919880787e-03  -2.4281533079096138e-03  -2.2117824056131661e-03  -1.9906670951441541e-03  -1.7652891895878922e-03  -1.5361356182735919e-03  -1.3036979966705910e-03  -1.0684721551826510e-03  -8.3095762871306989e-04  -5.9165711538318206e-04  -3.5107590318865072e-04  -1.0972127862737284e-04   1.3189808809885748e-04   3.7327276210966017e-04   6.1389317671273528e-04   8.5325025591101097e-04   1.0908360407846033e-03   1.3261442908470986e-03   1.5586710797416276e-03   1.7879153519078468e-03   2.0133794653755793e-03   2.2345696828711637e-03   2.4509966422966286e-03   2.6621757636752217e-03   2.8676276311157042e-03   3.0668783028400992e-03   3.2594595935299636e-03   3.4449092743131043e-03   3.6227712466787663e-03   3.7925956290348925e-03   3.9539388179416976e-03   4.1063634596052974e-03   4.2494384090674435e-03   4.3827386076557102e-03   4.5058449899505843e-03   4.6183443684407050e-03   4.7198294958280471e-03   4.8098993607904802e-03   4.8881602014043523e-03   4.9542277156830990e-03   5.0077318314498773e-03   5.0483256694654659e-03   5.0757015835837310e-03   5.0896155884436129e-03   5.0899182161412999e-03   5.0765803510718181e-03   5.0497003503178076e-03   5.0094873064798762e-03   4.9562311536379142e-03   4.8902738856764997e-03   4.8119885828809134e-03   4.7217667718664411e-03   4.6200113586651968e-03   4.5071331264181606e-03   4.3835490035087727e-03   4.2496813924605614e-03   4.1059579053434984e-03   3.9528113798770479e-03   3.7906799270639958e-03   3.6200070417169447e-03   3.4412416532591172e-03   3.2548381789456243e-03   3.0612565017211113e-03   2.8609619301566973e-03   2.6544250891590783e-03
   2.4389334984132372e-03   2.2216568462905557e-03   1.9995953252734742e-03   1.7732365339501431e-03   1.5430724503154704e-03   1.3095990705671453e-03   1.0733160168385149e-03   8.3472611297952487e-04   5.9433493410898576e-04   3.5265033538253108e-04   1.1018195967633040e-04  -1.3255926399327483e-04  -3.7506163702384708e-04  -6.1681320470876894e-04  -8.5730227805293137e-04  -1.0960179399325540e-03  -1.3324505530119283e-03  -1.5660922395451314e-03  -1.7964373567973904e-03  -2.0229829321998616e-03  -2.2452290889313688e-03  -2.4626794201857978e-03  -2.6748413502470938e-03  -2.8812264329614130e-03  -3.0813506338944873e-03  -3.2747345415235505e-03  -3.4609035627195402e-03  -3.6393880361459932e-03  -3.8097233337970999e-03  -3.9714498774980223e-03  -4.1241131544270081e-03  -4.2672636568830335e-03  -4.4004568674076488e-03  -4.5232532319672185e-03  -4.6352183428639386e-03  -4.7359233893347376e-03  -4.8249464108285475e-03  -4.9018748668870392e-03  -4.9663110035885758e-03  -5.0178817337526464e-03  -5.0562559889847794e-03  -5.0811705639313585e-03  -5.0924615622351642e-03  -5.0900890200703515e-03  -5.0741409683176617e-03  -5.0448139939154339e-03  -5.0023821851219027e-03  -4.9471687530191896e-03  -4.8795259327229301e-03  -4.7998231764548697e-03  -4.7084406921944887e-03  -4.6057663518265773e-03  -4.4921942404011050e-03  -4.3681241821413169e-03  -4.2339616256275364e-03  -4.0901177774257443e-03  -3.9370097486955908e-03  -3.7750607491745651e-03  -3.6047002119251196e-03  -3.4263639096285127e-03  -3.2404939870031759e-03  -3.0475389686453348e-03  -2.8479536856877699e-03  -2.6421991691663628e-03  -2.4307424728471608e-03  -2.2140564594104028e-03  -1.9926195204407909e-03  -1.7669152624558658e-03  -1.5374321373540242e-03  -1.3046630386495130e-03  -1.0691048512460693e-03  -8.3125797177267574e-04  -5.9162579442658357e-04  -3.5071417283091567e-04  -1.0903085982840526e-04   1.3291506962455896e-04   3.7461380382621250e-04   6.1555538843764430e-04   8.5523031451861526e-04   1.0931301068774716e-03   1.3287478920350527e-03   1.5615789584843142e-03   1.7911212827721166e-03   2.0168760407353729e-03   2.2383480715723702e-03   2.4550463217130414e-03   2.6664842304944575e-03   2.8721800918774343e-03   3.0716573462738158e-03   3.2644448471341602e-03   3.4500770506495550e-03   3.6280941796720903e-03   3.7980423011860533e-03   3.9594733857220296e-03   4.1119452756956786e-03   4.2550216504010085e-03   4.3882719132968253e-03   4.5112711276443533e-03   4.6235999508070780e-03   4.7248448043392521e-03   4.8145983648150816e-03   4.8924609674646487e-03   4.9580435250668646e-03   5.0109735914697527e-03   5.0509064515983108e-03   5.0775441255983727e-03   5.0906627277460918e-03   5.0901433432099579e-03   5.0759930951044859e-03   5.0483435296819453e-03   5.0074277666284474e-03   4.9535492750534286e-03   4.8870554304866875e-03   4.8083194701092451e-03   4.7177301092016146e-03   4.6156859179624435e-03   4.5025926203195663e-03   4.3788618242081440e-03   4.2449105800693339e-03   4.1011612560634455e-03   3.9480416163380078e-03   3.7859849153135360e-03   3.6154300226852155e-03   3.4368214933997074e-03   3.2506096202271095e-03   3.0572504190543538e-03   2.8572055852009786e-03   2.6509423822063997e-03
   2.4359084603939605e-03   2.2189476880424405e-03   1.9972148101457940e-03   1.7711951659686014e-03   1.5413786919061733e-03   1.3082595458725234e-03   1.0723356904218002e-03   8.3410844991943023e-04   5.9408203322570117e-04   3.5276303830067185e-04   1.1065993114835856e-04  -1.3171748375236355e-04  -3.7385860904693774e-04  -6.1525259844158215e-04  -8.5538890663396669e-04  -1.0937578270362217e-03  -1.3298510254363249e-03  -1.5631620510466128e-03  -1.7931868340178088e-03  -2.0194241506728515e-03  -2.2413760666476759e-03  -2.4585483386269790e-03  -2.6704507864133472e-03  -2.8765976166626101e-03  -3.0765077117334517e-03  -3.2697048624288245e-03  -3.4557179607411200e-03  -3.6340811344416253e-03  -3.8043338392094533e-03  -3.9660208897979079e-03  -4.1186924557557129e-03  -4.2619040074806120e-03  -4.3952162549403852e-03  -4.5181950961157005e-03  -4.6304116777400083e-03  -4.7314427002345706e-03  -4.8208712958017763e-03  -4.8982890186426986e-03  -4.9633000275782343e-03  -5.0155291406305622e-03  -5.0546363479667738e-03  -5.0803397927632766e-03  -5.0924463355045604e-03  -5.0908800980587034e-03  -5.0756949078145349e-03  -5.0470617955778400e-03  -5.0052402795991808e-03  -4.9505478382691932e-03  -4.8833368379542531e-03  -4.8039801386740959e-03  -4.7128630592328316e-03  -4.6103793229826402e-03  -4.4969291208598900e-03  -4.3729183488154287e-03  -4.2387583645256705e-03  -4.0948660326349667e-03  -3.9416638422138123e-03  -3.7795800691197401e-03  -3.6090488985243054e-03  -3.4305105273309739e-03  -3.2444112033959403e-03  -3.0512032268085530e-03  -2.8513448861284337e-03  -2.6453003555797286e-03  -2.4335395267730724e-03  -2.2165378030332356e-03  -1.9947758370396597e-03  -1.7687392309312130e-03  -1.5389181843418398e-03  -1.3058071113430060e-03  -1.0699042137580625e-03  -8.3171102836433026e-04  -5.9173193869278980e-04  -3.5047366832909705e-04  -1.0844474904601224e-04   1.3384502084202920e-04   3.7588513249943147e-04   6.1716492290590948e-04   8.5717413427251145e-04   1.0954034639348452e-03   1.3313451060441013e-03   1.5644932740909122e-03   1.7943447045134218e-03   2.0203991323727430e-03   2.2421597385658574e-03   2.4591335612219843e-03   2.6708318695671165e-03   2.8767704956408004e-03   3.0764701227302335e-03   3.2694565265905255e-03   3.4552607655085350e-03   3.6334193215349308e-03   3.8034741890652112e-03   3.9649729127855526e-03   4.1174685763021206e-03   4.2605197542100164e-03   4.3936904378933071e-03   4.5165499828726729e-03   4.6286731374397616e-03   4.7296403158749601e-03   4.8190383753339283e-03   4.8964624554030667e-03   4.9615198253596315e-03   5.0138374140258953e-03   5.0530754198703657e-03   5.0789492564626733e-03   5.0912593327330606e-03   5.0899201804690862e-03   5.0749750183018477e-03   5.0465856617118113e-03   5.0050050934938124e-03   4.9505467455992561e-03   4.8835607581469258e-03   4.8044188552848399e-03   4.7135058531881970e-03   4.6112152957407662e-03   4.4979473665106851e-03   4.3741080231343137e-03   4.2401087127185259e-03   4.0963663808603846e-03   3.9433035797485265e-03   3.7813486153985190e-03   3.6109356704184586e-03   3.4325048991821414e-03   3.2465024703063508e-03   3.0533805660835057e-03   2.8535973225478706e-03   2.6476167275436939e-03
   2.4330686000842393e-03   2.2164255533061064e-03   1.9950205452370900e-03   1.7693368410918527e-03   1.5398625423720842e-03   1.3070901941061057e-03   1.0715163445453716e-03   8.3364107747034848e-04   5.9396750851629454e-04   3.5300126021369182e-04   1.1124991297796071e-04  -1.3077755815486499e-04  -3.7257135782934074e-04  -6.1362145071838195e-04  -8.5341813926161200e-04  -1.0914526389046862e-03  -1.3272176370934996e-03  -1.5602078415326507e-03  -1.7899204989987058e-03  -2.0158558959710708e-03  -2.2375178175825985e-03  -2.4544139827353210e-03  -2.6660564266694784e-03  -2.8719618547175412e-03  -3.0716519330232558e-03  -3.2646535495830546e-03  -3.4504990042563250e-03  -3.6287261665290532e-03  -3.7988785559665652e-03  -3.9605053963578177e-03  -4.1131615878509352e-03  -4.2564076684431977e-03  -4.3898097091776807e-03  -4.5129392520906310e-03  -4.6253732667954498e-03  -4.7266943489328696e-03  -4.8164912875305436e-03  -4.8943605973976291e-03  -4.9599097088395237e-03  -5.0127634887604210e-03  -5.0525761309667952e-03  -5.0790512015808737e-03  -5.0919700396786132e-03  -5.0912225675269615e-03  -5.0768267592515969e-03  -5.0489243664254470e-03  -5.0077563013627346e-03  -4.9536311258866778e-03  -4.8868991926349688e-03  -4.8079353709048946e-03  -4.7171292064090032e-03  -4.6148796709364684e-03  -4.5015926522487234e-03  -4.3776798106673186e-03  -4.2435581916990582e-03  -4.0996501450098382e-03  -3.9463834160225119e-03  -3.7841912578590411e-03  -3.6135125579731401e-03  -3.4347919161292579e-03  -3.2484796942278717e-03  -3.0550320060282773e-03  -2.8549106674259491e-03  -2.6485830860414946e-03  -2.4365221129102341e-03  -2.2192058381106162e-03  -1.9971173455171094e-03  -1.7707444214544632e-03  -1.5405792264329928e-03  -1.3071179268524268e-03  -1.0708602925556527e-03  -8.3230926456574305e-04  -5.9197049422906158e-04  -3.5035186271783803e-04  -1.0796297782645812e-04   1.3468533761466751e-04   3.7708157296018367e-04   6.1871405334337846e-04   8.5907147143897292e-04   1.0976434033729966e-03   1.3339208254293060e-03   1.5673966028631745e-03   1.7975659726807067e-03   2.0239269868550002e-03   2.2459809434428862e-03   2.4632327674643469e-03   2.6751913757211985e-03   2.8813699814844895e-03   3.0812863787238369e-03   3.2744631573717376e-03   3.4604278993543699e-03   3.6387132968533423e-03   3.8088572515790602e-03   3.9704028949647443e-03   4.1228985997257151e-03   4.2658979206023594e-03   4.3989595686919286e-03   4.5216473760505650e-03   4.6335304449300957e-03   4.7341835499741533e-03   4.8231882758376504e-03   4.9001353917624531e-03   4.9646298316346725e-03   5.0162999488405705e-03   5.0548139186464653e-03   5.0799045666265830e-03   5.0914004621953014e-03   5.0892516123668624e-03   5.0735359946652327e-03   5.0444421275783486e-03   5.0022387572013971e-03   4.9472459986806428e-03   4.8798145062440993e-03   4.8003130338251784e-03   4.7091215722695886e-03   4.6066280180840011e-03   4.4932265910185018e-03   4.3693172864839166e-03   4.2353057211106425e-03   4.0916032434181182e-03   3.9386270683277377e-03   3.7768004637018359e-03   3.6065528715604031e-03   3.4283200228388709e-03   3.2425439702349914e-03   3.0496730966065155e-03   2.8501620455606128e-03   2.6444716183804803e-03
   2.4304361731049746e-03   2.2141109602461049e-03   1.9930311709030826e-03   1.7676781920896538e-03   1.5385385115658716e-03   1.3061032994858947e-03   1.0708679468013748e-03   8.3333156849897064e-04   5.9399647405789847e-04   3.5336760848068120e-04   1.1195197347533231e-04  -1.2974197291333971e-04  -3.7120492242866262e-04  -6.1192733554919104e-04  -8.5140005145004874e-04  -1.0891149016692752e-03  -1.3245652999245578e-03  -1.5572468268926726e-03  -1.7866577768889398e-03  -2.0122996919558515e-03  -2.2336778446092969e-03  -2.4503017016783328e-03  -2.6616853247728436e-03  -2.8673477485510069e-03  -3.0668132857244912e-03  -3.2596118064952880e-03  -3.4452789350167805e-03  -3.6233562234279293e-03  -3.7933912342704851e-03  -3.9549376029696720e-03  -4.1075550065311764e-03  -4.2508091254792445e-03  -4.3842715202566766e-03  -4.5075195470854739e-03  -4.6201362510425769e-03  -4.7217104598317790e-03  -4.8118371294355389e-03  -4.8901184748376863e-03  -4.9561663870874443e-03  -5.0096076107595758e-03  -5.0500933812425144e-03  -5.0773164961371532e-03  -5.0910368784758374e-03  -5.0911128990055437e-03  -5.0775261544039919e-03  -5.0503859922192791e-03  -5.0099105583458958e-03  -4.9563960237777004e-03  -4.8901882299124668e-03  -4.8116624584208312e-03  -4.7212114471380700e-03  -4.6192387492046023e-03  -4.5061554857564936e-03  -4.3823787573308744e-03  -4.2483310528628887e-03  -4.1044400296008452e-03  -3.9511385548533558e-03  -3.7888647681714660e-03  -3.6180622003968528e-03  -3.4391798294163547e-03  -3.2526721359250983e-03  -3.0589990810597225e-03  -2.8586260668641778e-03  -2.6520238247804916e-03  -2.4396682771620488e-03  -2.2220403357864600e-03  -1.9996256752379416e-03  -1.7729144494146997e-03  -1.5424009816592675e-03  -1.3085834097833131e-03  -1.0719633076743057e-03  -8.3304527121028440e-04  -5.9233648367122238e-04  -3.5034625674252776e-04  -1.0758555591773321e-04   1.3543348668861778e-04   3.7819806970652186e-04   6.2019522027317322e-04   8.6091229607811258e-04   1.0998374753764736e-03   1.3364602453729872e-03   1.5702718662313402e-03   1.8007658280196684e-03   2.0274382714899381e-03   2.2497883974726351e-03   2.4673188286995808e-03   2.6795359563121617e-03   2.8859502280952844e-03   3.0860764210519235e-03   3.2794338457705014e-03   3.4655465332026174e-03   3.6439433456380427e-03   3.8141580766883707e-03   3.9757294681604279e-03   4.1282012322448047e-03   4.2711220035879472e-03   4.4040453492072557e-03   4.5265297865166865e-03   4.6381390508724420e-03   4.7384426994184596e-03   4.8270176527023022e-03   4.9034512823003676e-03   4.9673476887736800e-03   5.0183390487494890e-03   5.0561048929114753e-03   5.0803996455863832e-03   5.0910834078579312e-03   5.0881425685582512e-03   5.0716875490917010e-03   5.0419295262564721e-03   4.9991491307324028e-03   4.9436701886739105e-03   4.8758419355986182e-03   4.7960288821210827e-03   4.7046053949879778e-03   4.6019531634091844e-03   4.4884600648024391e-03   4.3645198395163782e-03   4.2305320653723477e-03   4.0869023261622213e-03   3.9340423854389807e-03   3.7723703859814297e-03   3.6023109853090358e-03   3.4242954694664717e-03   3.2387617917012763e-03   3.0461545754086445e-03   2.8469250421467914e-03   2.6415309018457149e-03
   2.4280337829665944e-03   2.2120247360554539e-03   1.9912656012892990e-03   1.7662360928244597e-03   1.5374213128219790e-03   1.3053113065171883e-03   1.0704005780910078e-03   8.3318756149604160e-04   5.9417406161834914e-04   3.5386466006946443e-04   1.1276610195517215e-04  -1.2861334185808256e-04  -3.6976451919824279e-04  -6.1017805329785751e-04  -8.4934499295675028e-04  -1.0867574623372313e-03  -1.3219092908991427e-03  -1.5542966307976987e-03  -1.7834185417720714e-03  -2.0087775524460279e-03  -2.2298801779269076e-03  -2.4462374049344024e-03  -2.6573651239401907e-03  -2.8627845209959878e-03  -3.0620224086118884e-03  -3.2546115128937519e-03  -3.4400906945854081e-03  -3.6180051209433253e-03  -3.7879063689861677e-03  -3.9493524811634977e-03  -4.1019079503469957e-03  -4.2451436641388115e-03  -4.3786367912398930e-03  -4.5019706556603881e-03  -4.6147346104828749e-03  -4.7165240177483615e-03  -4.8069404557594736e-03  -4.8855924846071749e-03  -4.9520974878079832e-03  -5.0060856630799819e-03  -5.0472078017386960e-03  -5.0751494341725748e-03  -5.0896533433099460e-03  -5.0905497034400612e-03  -5.0777844803158315e-03  -5.0514322262604104e-03  -5.0116842748828289e-03  -4.9588206359852680e-03  -4.8931797699692794e-03  -4.8151355244589701e-03  -4.7250826174212533e-03  -4.6234284307177390e-03  -4.5105887946129252e-03  -4.3869859014581706e-03  -4.2530474165228919e-03  -4.1092061204414830e-03  -3.9558998560820765e-03  -3.7935715561066815e-03  -3.6226693266810592e-03  -3.4436464981205291e-03  -3.2569616642334634e-03  -3.0630786653532264e-03  -2.8624665425769349e-03  -2.6555994317829729e-03  -2.4429564295379252e-03  -2.2250214020311594e-03  -2.0022827633627712e-03  -1.7752332059037194e-03  -1.5443694046693491e-03  -1.3101916786405596e-03  -1.0732036295321135e-03  -8.3391174619730491e-04  -5.9282499248038524e-04  -3.5045436898988871e-04  -1.0731246446007791e-04   1.3608700993807788e-04   3.7922968952064682e-04   6.2160103254375290e-04   8.6268679234676826e-04   1.1019734874407306e-03   1.3389488597280541e-03   1.5731023213238664e-03   1.8039253822530470e-03   2.0309120577329262e-03   2.2535592494325619e-03   2.4713670981751255e-03   2.6838393054404615e-03   2.8904834190532289e-03   3.0908110815422120e-03   3.2843382363128290e-03   3.4705852958933931e-03   3.6490772627809573e-03   3.8193438111323204e-03   3.9809193256429851e-03   4.1333429144213701e-03   4.2761584022912988e-03   4.4089143588006263e-03   4.5311642158191150e-03   4.6424666486075961e-03   4.7423864747053717e-03   4.8304966467904451e-03   4.9063822778395282e-03   4.9696483904141412e-03   5.0199337460123030e-03   5.0569329517543265e-03   5.0804261545219836e-03   5.0903077142888872e-03   5.0866000292049147e-03   5.0694428539263771e-03   5.0390657488856268e-03   4.9957576143576671e-03   4.9398433532746302e-03   4.8716691025911382e-03   4.7915940288753697e-03   4.6999861696388357e-03   4.5972205085970195e-03   4.4836782337654823e-03   4.3597465613464201e-03   4.2258188347183813e-03   4.0822947171303336e-03   3.9295804130351376e-03   3.7680888617751427e-03   3.5982398958294918e-03   3.4204603430605714e-03   3.2351840773089894e-03   3.0428520069034392e-03   2.8439120106748508e-03   2.6388188088649640e-03
   2.4258843780954787e-03   2.2101880223821171e-03   1.9897430268353100e-03   1.7650276501062702e-03   1.5365258497645454e-03   1.3047268097417556e-03   1.0701244290717031e-03   8.3321676198208031e-04   5.9450542475605970e-04   3.5449496623359542e-04   1.1369221392458065e-04  -1.2739440142566064e-04  -3.6825553501982570e-04  -6.0838162279247597e-04  -8.4726357834018055e-04  -1.0843934789815956e-03  -1.3192652422906025e-03  -1.5513752757139658e-03  -1.7802231060205914e-03  -2.0053119671501560e-03  -2.2261493589876918e-03  -2.4422475513611328e-03  -2.6531240523920193e-03  -2.8583020120819275e-03  -3.0573105868041011e-03  -3.2496852287717615e-03  -3.4349679348389000e-03  -3.6127074159120263e-03  -3.7824592259761824e-03  -3.9437858049806446e-03  -4.0962564889994967e-03  -4.2394474328773029e-03  -4.3729415154529997e-03  -4.4963281740925979e-03  -4.6092032746750866e-03  -4.7111689935188262e-03  -4.8018339282115312e-03  -4.8808135600422941e-03  -4.9477316463284694e-03  -5.0022232155381863e-03  -5.0439407934026043e-03  -5.0725658526573668e-03  -5.0878282373966873e-03  -5.0895338482574671e-03  -5.0775949769706454e-03  -5.0520499157493629e-03  -5.0130595343836851e-03  -4.9608836290088772e-03  -4.8958500521791440e-03  -4.8183290432353386e-03  -4.7287158906638696e-03  -4.6274209282368885e-03  -4.5148641071849913e-03  -4.3914723236853151e-03  -4.2576781335361153e-03  -4.1139192417389350e-03  -3.9606383143840273e-03  -3.7982829755123025e-03  -3.6273058356004130e-03  -3.4481645434364470e-03  -3.2613217989724006e-03  -3.0672453450617549e-03  -2.8664079072520865e-03  -2.6592871036912832e-03  -2.4463653009078007e-03  -2.2281294387923633e-03  -2.0050708110728346e-03  -1.7776848129849544e-03  -1.5464706502080936e-03  -1.3119310195917964e-03  -1.0745717602865645e-03  -8.3490147926367885e-04  -5.9343115565245550e-04  -3.5067372407272444e-04  -1.0714364664471134e-04   1.3664353085393138e-04   3.8017162411437173e-04   6.2292426579888969e-04   8.6438535195312502e-04   1.1040394931576473e-03   1.3413724461144843e-03   1.5758715445072075e-03   1.8070260999739471e-03   2.0343277975769201e-03   2.2572710516788035e-03   2.4753533522095012e-03   2.6880755612079276e-03   2.8949421966626039e-03   3.0954616592300125e-03   3.2891464451838119e-03   3.4755132921651054e-03   3.6540833140168982e-03   3.8243820668234013e-03   3.9859396124188222e-03   4.1382905236614694e-03   4.2809739303112564e-03   4.4135335697821788e-03   4.5355180333109630e-03   4.6464812859603371e-03   4.7459839414709572e-03   4.8335958069913232e-03   4.9089010616536416e-03   4.9715077371319466e-03   5.0210642992257037e-03   5.0572844851672731e-03   5.0799779757018009e-03   5.0890752348377944e-03   5.0846330730045875e-03   5.0668167892276720e-03   5.0358700859123046e-03   4.9920867839102611e-03   4.9357905756585770e-03   4.8673230233806193e-03   4.7870370073331107e-03   4.6952936021549038e-03   4.5924606487892962e-03   4.4789123214119247e-03   4.3550290709651130e-03   4.2211978184108368e-03   4.0778121668125639e-03   3.9252726573968562e-03   3.7639869581074662e-03   3.5943700392278770e-03   3.4168442642728094e-03   3.2318394505891201e-03   3.0397928457593171e-03   2.8411490643146945e-03   2.6363599473250249e-03
   2.4240112278060863e-03   2.2086222413384973e-03   1.9884828841604247e-03   1.7640701854710478e-03   1.5358672061908608e-03   1.3043625436695346e-03   1.0700497877148627e-03   8.3342692935774870e-04   5.9499572821442254e-04   3.5526104638581679e-04   1.1473015007893441e-04  -1.2608800662118958e-04  -3.6668351889976514e-04  -6.0654626872375821e-04  -8.4516667067599603e-04  -1.0820364000582480e-03  -1.3166491167739694e-03  -1.5485011538825184e-03  -1.7770921905300749e-03  -2.0019258733821842e-03  -2.2225104133048569e-03  -2.4383591169451621e-03  -2.6489908872524069e-03  -2.8539306467546756e-03  -3.0527097261472680e-03  -3.2448661682356167e-03  -3.4299449971059905e-03  -3.6074983930505030e-03  -3.7770858366448115e-03  -3.9382741548494799e-03  -4.0906375404335255e-03  -4.2337574719984649e-03  -4.3672226232502036e-03  -4.4906286822045749e-03  -4.6035782051993017e-03  -4.7056804425112198e-03  -4.7965513537794264e-03  -4.8758138585739668e-03  -4.9430988369481305e-03  -4.9980473555299113e-03  -5.0403155394089637e-03  -5.0695837195720225e-03  -5.0855727553973974e-03  -5.0880686255115699e-03  -5.0769528939633860e-03  -5.0522273209703686e-03  -5.0140192780831448e-03  -4.9625641395671747e-03  -4.8981755809913863e-03  -4.8212176554930462e-03  -4.7320845829712591e-03  -4.6311886009928072e-03  -4.5189531217208929e-03  -4.3958092983352477e-03  -4.2621942746392059e-03  -4.1185504583502982e-03  -3.9653251836147575e-03  -3.8029706522002592e-03  -3.6319439068901007e-03  -3.4527068732191925e-03  -3.2657263464178450e-03  -3.0714739879710426e-03  -2.8704262526037037e-03  -2.6630643042441092e-03  -2.4498738703807210e-03  -2.2313450782507818e-03  -2.0079722339982026e-03  -1.7802535850648562e-03  -1.5486910364793445e-03  -1.3137898486609160e-03  -1.0760582979269546e-03  -8.3600732123349786e-04  -5.9415013421509064e-04  -3.5100183606352341e-04  -1.0707899784775548e-04   1.3710075883479909e-04   3.8101918900221348e-04   6.2415785704670874e-04   8.6599856437455825e-04   1.1060237785072758e-03   1.3437170461589737e-03   1.5785634038580400e-03   1.8100497617805581e-03   2.0376652815696224e-03   2.2609017165526706e-03   2.4792537433481719e-03   2.6922192463063013e-03   2.8992995921420825e-03   3.0999998461423012e-03   3.2938289787609399e-03   3.4803000076021441e-03   3.6589301336387796e-03   3.8292408059942169e-03   3.9907577999180885e-03   4.1430112358892702e-03   4.2855356665318324e-03   4.4178701866433873e-03   4.5395588080053345e-03   4.6501511940775760e-03   4.7492043596807461e-03   4.8362859556083026e-03   4.9109807763718007e-03   4.9729023488288195e-03   5.0217123315608701e-03   5.0571478470105742e-03   5.0790514113198196e-03   5.0873902490851837e-03   5.0822529517740864e-03   5.0638260521665588e-03   5.0323633555498020e-03   4.9881605476266699e-03   4.9315381378485963e-03   4.8628318214876355e-03   4.7823873830585154e-03   4.6905583670648482e-03   4.5877050863834022e-03   4.4741944011238164e-03   4.3503997802127698e-03   4.2167015448489244e-03   4.0734871125057501e-03   3.9211512621779368e-03   3.7600963329057703e-03   3.5907323976502870e-03   3.4134773585122028e-03   3.2287570014092773e-03   3.0370049720895688e-03   2.8386627066863124e-03   2.6341792838332381e-03
   2.4224378693860735e-03   2.2073490546634521e-03   1.9875048160147208e-03   1.7633811884554015e-03   1.5354605983606540e-03   1.3042313428428317e-03   1.0701870107136171e-03   8.3382585850455603e-04   5.9565013685539776e-04   3.5616538297690781e-04   1.1587967632368787e-04  -1.2469712514481807e-04  -3.6505417030936027e-04  -6.0468040336199096e-04  -8.4306535745158346e-04  -1.0796999343928120e-03  -1.3140771730980928e-03  -1.5456929876160297e-03  -1.7740468788583264e-03  -1.9986426013856914e-03  -2.2189887912054561e-03  -2.4345995364818884e-03  -2.6449948997791040e-03  -2.8497013752828426e-03  -3.0482522916753575e-03  -3.2401881427457525e-03  -3.4250568604916320e-03  -3.6024140155848420e-03  -3.7718229584487038e-03  -3.9328548856384354e-03  -4.0850888514053357e-03  -4.2281117068771199e-03  -4.3615179919821159e-03  -4.4849097700153219e-03  -4.5978964439677642e-03  -4.7000945715645840e-03  -4.7911277750551703e-03  -4.8706268661998587e-03  -4.9382304921534882e-03  -4.9935867984083771e-03  -5.0363571120507610e-03  -5.0662232098083945e-03  -5.0829006162644991e-03  -5.0861599381696650e-03  -5.0758557314059686e-03  -5.0519543319163702e-03  -5.0145473808559538e-03  -4.9638417438002862e-03  -4.9001329985180258e-03  -4.8237759974769394e-03  -4.7351619547960043e-03  -4.6347037538552469e-03  -4.5228275057491571e-03  -4.3999681034610286e-03  -4.2665669493566231e-03  -4.1230709075399533e-03  -3.9699318192471687e-03  -3.8076063384654955e-03  -3.6365558672216409e-03  -3.4572465561101199e-03  -3.2701492855208903e-03  -3.0757396418407434e-03  -2.8744978479066973e-03  -2.6669086731907305e-03  -2.4534612915209047e-03  -2.2346491166107397e-03  -2.0109695927518208e-03  -1.7829239615529493e-03  -1.5510169880242504e-03  -1.3157566680438112e-03  -1.0776539026554376e-03  -8.3722215704531663e-04  -5.9497709290332176e-04  -3.5143619069313896e-04  -1.0711835307962728e-04   1.3745649603460515e-04   3.8176782356930827e-04   6.2529489771465997e-04   8.6751720156057817e-04   1.1079148388924967e-03   1.3459689352601030e-03   1.5811620249998135e-03   1.8129784258285723e-03   2.0409045936239500e-03   2.2644294577828326e-03   2.4830447314078165e-03   2.6962451946820768e-03   2.9035289482524382e-03   3.1043976355044204e-03   3.2983566322923280e-03   3.4849151993196071e-03   3.6635866036829859e-03   3.8338882084848051e-03   3.9953415433149394e-03   4.1474723697519896e-03   4.2898107909503337e-03   4.4218914706990855e-03   4.5432541328965298e-03   4.6534446126482790e-03   4.7520170346394466e-03   4.8385380797787789e-03   4.9125950086683938e-03   4.9738097559569334e-03   5.0218610639834616e-03   5.0565136318280659e-03   5.0776454040033364e-03   5.0852596336598468e-03   5.0794731970973273e-03   5.0604892913921106e-03   5.0285680456079764e-03   4.9840042963476810e-03   4.9271136587080771e-03   4.8582248500013431e-03   4.7776758530592399e-03   4.6858121855272716e-03   4.5829862865331026e-03   4.4695574324461682e-03   4.3458919117741563e-03   4.2123632844063676e-03   4.0693526668444148e-03   3.9172489867766828e-03   3.7564492021222497e-03   3.5873584612863612e-03   3.4103902103575314e-03   3.2259662348295731e-03   3.0345166431185585e-03   2.8364797801751981e-03   2.6323020837059194e-03
   2.4211880281134338e-03   2.2063902779627421e-03   1.9868285930488110e-03   1.7629782553907265e-03   1.5353213262912981e-03   1.3043460983878175e-03   1.0705464823029559e-03   8.3442134351195403e-04   5.9647378727077595e-04   3.5721040367316087e-04   1.1714047682769956e-04  -1.2322483306730263e-04  -3.6337332455283145e-04  -6.0279260147712255e-04  -8.4097091583370837e-04  -1.0773980061531165e-03  -1.3115659115389066e-03  -1.5429697658980010e-03  -1.7711085486514652e-03  -1.9954858025664690e-03  -2.2156102917804733e-03  -2.4309966176332639e-03  -2.6411657617730804e-03  -2.8456455806752001e-03  -3.0439712179433126e-03  -3.2356854680041305e-03  -3.4203390513777893e-03  -3.5974908406139474e-03  -3.7667079955869447e-03  -3.9275660558383864e-03  -4.0796489381604252e-03  -4.2225489008368977e-03  -4.3558664158078542e-03  -4.4792100249518374e-03  -4.5921961217859101e-03  -4.6944487700546775e-03  -4.7855995252642060e-03  -4.8652874754397321e-03  -4.9331595992321764e-03  -4.9888719946840883e-03  -5.0320925807842655e-03  -5.0625068088297519e-03  -5.0798282155127116e-03  -5.0838165042539638e-03  -5.0743035742125270e-03  -5.0512227707458059e-03  -5.0146288384093161e-03  -4.9646965046549743e-03  -4.9016990054996240e-03  -4.8259785534778207e-03  -4.7379210196607088e-03  -4.6379384328035702e-03  -4.5264586863793844e-03  -4.4039198177084514e-03  -4.2707671094798002e-03  -4.1274516147092495e-03  -3.9744295036029846e-03  -3.8121617513552303e-03  -3.6411140370025750e-03  -3.4617566832925140e-03  -3.2745646360007059e-03  -3.0800174110652122e-03  -2.8785990335315811e-03  -2.6707979279957210e-03  -2.4571067922864237e-03  -2.2380224234728706e-03  -2.0140455204002662e-03  -1.7856804481714036e-03  -1.5534349811010468e-03  -1.3178200131827964e-03  -1.0793492478837310e-03  -8.3853886474893739e-04  -5.9590716852507607e-04  -3.5197422364930119e-04  -1.0726147425745805e-04   1.3770864142842186e-04   3.8241308746032567e-04   6.2632862279669540e-04   8.6893220079224144e-04   1.1097013555351441e-03   1.3481145912441809e-03   1.5836517491484802e-03   1.8157943739659486e-03   2.0440260484583615e-03   2.2678327243605980e-03   2.4867030122762311e-03   2.7001284666236377e-03   2.9076038212051685e-03   3.1086272178073022e-03   3.3027003772578877e-03   3.4893287689433902e-03   3.6680217185180845e-03   3.8382925239429265e-03   3.9996585234814098e-03   4.1516412172620618e-03   4.2937664075824522e-03   4.4255645569753503e-03   4.5465714448766374e-03   4.6563296228364507e-03   4.7543911893014315e-03   4.8403232710540695e-03   4.9137178483121373e-03   4.9742086050255556e-03   5.0214956376063531e-03   5.0553750501243335e-03   5.0757617863583194e-03   5.0826930515346491e-03   5.0763097623386906e-03   5.0568272473101878e-03   5.0245084577433949e-03   4.9796450354519257e-03   4.9225462090419858e-03   4.8535327813871154e-03   4.7729343113530531e-03   4.6810878655234606e-03   4.5783376949076844e-03   4.4650352581471989e-03   4.3415394779945018e-03   4.2082170125822566e-03   4.0654425679661644e-03   3.9135991447084156e-03   3.7530782707120881e-03   3.5842801505324598e-03   3.4076137823644591e-03   3.2234969885765741e-03   3.0323564036969113e-03   2.8346273788546353e-03   2.6307538338861585e-03
   2.4202855016791061e-03   2.2057677819789789e-03   1.9864740197693275e-03   1.7628789935453682e-03   1.5354646816985139e-03   1.3047196796292422e-03   1.0711385532681573e-03   8.3522113319932541e-04   5.9747175711031349e-04   3.5839846295169939e-04   1.1851214759114808e-04  -1.2167430910517416e-04  -3.6164693422934804e-04  -6.0089156916883608e-04  -8.3889476869769997e-04  -1.0751446992831027e-03  -1.3091320067650926e-03  -1.5403506660826164e-03  -1.7682987798195021e-03  -1.9924793444312510e-03  -2.2124009478580631e-03  -2.4275784241820420e-03  -2.6375334264935875e-03  -2.8417949518422859e-03  -3.0398997754646716e-03  -3.2313928342003486e-03  -3.4158275139838470e-03  -3.5927658918237927e-03  -3.7617788775158646e-03  -3.9224463144994677e-03  -4.0743569821115114e-03  -4.2171085656776113e-03  -4.3503075295896858e-03  -4.4735689764996960e-03  -4.5865164221432185e-03  -4.6887816000341781e-03  -4.7800042417237018e-03  -4.8598320292413243e-03  -4.9279207649462206e-03  -4.9839352215094767e-03  -5.0275511078145844e-03  -5.0584594332500309e-03  -5.0763747682135343e-03  -5.0810500990294341e-03  -5.0722994798526643e-03  -5.0500267840074995e-03  -5.0142500962726431e-03  -4.9651091169990846e-03  -4.9028503589860044e-03  -4.8277995454615152e-03  -4.7403343729229891e-03  -4.6408642233065475e-03  -4.5298176372781940e-03  -4.4076351068049408e-03  -4.2747653417102675e-03  -4.1316632941308549e-03  -3.9787892576786726e-03  -3.8166083945345040e-03  -3.6455905653151707e-03  -3.4662102107829058e-03  -3.2789463150065222e-03  -3.0842823256589024e-03  -2.8827060921551234e-03  -2.6747097464236958e-03  -2.4607895775680126e-03  -2.2414458533140599e-03  -2.0171826328906294e-03  -1.7885075310654628e-03  -1.5559314702749245e-03  -1.3199683948840232e-03  -1.0811349747665816e-03  -8.3995027909313132e-04  -5.9693544035552075e-04  -3.5261329799108086e-04  -1.0750803474875417e-04   1.3785519794846937e-04   3.8295065922001761e-04   6.2725239954642483e-04   8.7023464321416856e-04   1.1113721628703114e-03   1.3501406527218858e-03   1.5860170843121123e-03   1.8184800581943121e-03   2.0470101288895164e-03   2.2710901239066453e-03   2.4902054268559773e-03   2.7038442526999573e-03   2.9114978777954655e-03   3.1126608641854642e-03   3.3068312316874024e-03   3.4935106263737302e-03   3.6722044343782912e-03   3.8424219121545953e-03   4.0036762755526357e-03   4.1554848647317672e-03   4.2973693579744588e-03   4.4288562684157168e-03   4.5494778476739915e-03   4.6587739998381703e-03   4.7562958721040216e-03   4.8416127400836102e-03   4.9143240442731193e-03   4.9740790064484930e-03   5.0206035389321500e-03   5.0537283595228468e-03   5.0734055794010961e-03   5.0797031365149362e-03   5.0727811858346551e-03   5.0528628872860025e-03   5.0202108399084984e-03   4.9751114901224721e-03   4.9178663954015534e-03   4.8487876592592256e-03   4.7681958755844099e-03   4.6764192998180500e-03   4.5737937140625795e-03   4.4606625574455782e-03   4.3373772178307672e-03   4.2042973296456624e-03   4.0617910873175520e-03   3.9102355002673455e-03   3.7500166207996449e-03   3.5815296990057920e-03   3.4051792936192877e-03   3.2213793069229796e-03   3.0305529664504801e-03   2.8331327273460384e-03   2.6295601173186101e-03
   2.4197540104425900e-03   2.2055033409980962e-03   1.9864607953126770e-03   1.7631009043684559e-03   1.5359058497716113e-03   1.3053648468418734e-03   1.0719734625149883e-03   8.3623286401423799e-04   5.9864901353658129e-04   3.5973180830270029e-04   1.1999418189983518e-04  -1.2004883048459509e-04  -3.5988104612135987e-04  -5.9898610297227288e-04  -8.3684842545159849e-04  -1.0729541813335691e-03  -1.3067922144216699e-03  -1.5378549464903147e-03  -1.7656392353522306e-03  -1.9896471834920451e-03  -2.2093868872904163e-03  -2.4243731230084277e-03  -2.6341279626000058e-03  -2.8381813166277986e-03  -3.0360714015022425e-03  -3.2273451316166481e-03  -3.4115584346159269e-03  -3.5882764891329751e-03  -3.7570738902053410e-03  -3.9175347415172619e-03  -4.0692526783624346e-03  -4.2118308238389638e-03  -4.3448816851870227e-03  -4.4680269925355086e-03  -4.5808974970015541e-03  -4.6831327393562052e-03  -4.7743808335870839e-03  -4.8542983218203732e-03  -4.9225502423641994e-03  -4.9788106431227072e-03  -5.0227640243340789e-03  -5.0541085431976664e-03  -5.0725624411064917e-03  -5.0778758224570971e-03  -5.0698498684241871e-03  -5.0483633490601126e-03  -5.0133995232044103e-03  -4.9650611836944405e-03  -4.9035639778270169e-03  -4.8292128806499213e-03  -4.7423740573136223e-03  -4.6434520597614069e-03  -4.5328746701437297e-03  -4.4110840038581803e-03  -4.2785316524477186e-03  -4.1356761380712580e-03  -3.9829816411939426e-03  -3.8209173674285386e-03  -3.6499572500644059e-03  -3.4705797927030557e-03  -3.2832679793368892e-03  -3.0885091912160848e-03  -2.8867951188051837e-03  -2.6786216445547515e-03  -2.4644887079851548e-03  -2.2449001342210399e-03  -2.0203634389136687e-03  -1.7913896016818213e-03  -1.5584928200922709e-03  -1.3221902339133761e-03  -1.0830016330988913e-03  -8.4144914190271535e-04  -5.9805689218855006e-04  -3.5335067799548836e-04  -1.0785760443635483e-04   1.3789427662097331e-04   3.8337633073277547e-04   6.2805971250321066e-04   8.7141573108671174e-04   1.1129162173966602e-03   1.3520338791915632e-03   1.5882426523325815e-03   1.8210180340531255e-03   2.0498374070060887e-03   2.2741803393407029e-03   2.4935288706936488e-03   2.7073677698549051e-03   2.9151847750178979e-03   3.1164708003815380e-03   3.3107201231234551e-03   3.4974305397022817e-03   3.6761035084895569e-03   3.8462442730692755e-03   4.0073620074405122e-03   4.1589700069332323e-03   4.3005860298249658e-03   4.4317329347259406e-03   4.5519399463606735e-03   4.6607451005574460e-03   4.7576999225134248e-03   4.8423779350175037e-03   4.9143892961288167e-03   4.9734030272730705e-03   5.0191751555940444e-03   5.0515733082111512e-03   5.0705853192418290e-03   5.0763056770897199e-03   5.0689087484236247e-03   5.0486215293996705e-03   5.0157034911921753e-03   4.9704341779794829e-03   4.9131064033620811e-03   4.8440229081406078e-03   4.7634948684474841e-03   4.6718414187620887e-03   4.5693896330690383e-03   4.4564747536130819e-03   4.3334404867177937e-03   4.2006393344584574e-03   4.0584328915352604e-03   3.9071921188997749e-03   3.7472975561128716e-03   3.5791394901308511e-03   3.4031180548432247e-03   3.2196432762413543e-03   3.0291350429230632e-03   2.8320230168681804e-03   2.6287464624894221e-03
   2.4196170037409813e-03   2.2056184599588916e-03   1.9868083506873967e-03   1.7636612235230865e-03   1.5366597595287653e-03   1.3062941219005948e-03   1.0730612332922910e-03   8.3746398057024478e-04   6.0001035625774715e-04   3.6121254386194525e-04   1.2158595494436419e-04  -1.1835176744172092e-04  -3.5808177385274052e-04  -5.9708504123912119e-04  -8.3484341201191378e-04  -1.0708406134666106e-03  -1.3045632612154357e-03  -1.5355018169433843e-03  -1.7631515106118509e-03  -1.9870131946235800e-03  -2.2065941475097263e-03  -2.4214087922222790e-03  -2.6309793553088347e-03  -2.8348364302529035e-03  -3.0325194790442270e-03  -3.2235772304057050e-03  -3.4075680196512664e-03  -3.5840600263077477e-03  -3.7526314587070834e-03  -3.9128706365105896e-03  -4.0643760332554528e-03  -4.2067562189531836e-03  -4.3396297761404074e-03  -4.4626251230471554e-03  -4.5753803317487426e-03  -4.6775428717067951e-03  -4.7687694003434476e-03  -4.8487255482193075e-03  -4.9170859143165754e-03  -4.9735343268445904e-03  -5.0177648797788696e-03  -5.0494842224312279e-03  -5.0684164789168490e-03  -5.0743123419888141e-03  -5.0669649082454053e-03  -5.0462328855906376e-03  -5.0120680100865815e-03  -4.9645356735486361e-03  -4.9038171829976114e-03  -4.8301921933885730e-03  -4.7440114819532137e-03  -4.6456720632663366e-03  -4.5355992366263405e-03  -4.4142356909689495e-03  -4.2820352480337290e-03  -4.1394595977439106e-03  -3.9869765429791241e-03  -3.8250591629760207e-03  -3.6541853492715066e-03  -3.4748375989755594e-03  -3.2875028590087941e-03  -3.0926724349385629e-03  -2.8908418704192041e-03  -2.6825108385022905e-03  -2.4681829838487405e-03  -2.2483657617407265e-03  -2.0235702344538376e-03  -1.7943108558567790e-03  -1.5611052187629365e-03  -1.3244737915397294e-03  -1.0849396266629291e-03  -8.4302805785735878e-04  -5.9926637721478468e-04  -3.5418350228179558e-04  -1.0830963215869981e-04   1.3782410465563346e-04   3.8368600459221463e-04   6.2874414963949587e-04   8.7246676122453319e-04   1.1143225583330116e-03   1.3537810998836273e-03   1.5903131293741367e-03   1.8233908947303155e-03   2.0524884690354193e-03   2.2770820378756928e-03   2.4966501869765402e-03   2.7106741470000625e-03   2.9186380389243233e-03   3.1200290705151153e-03   3.3143377389273682e-03   3.5010579782407559e-03   3.6796873288596778e-03   3.8497270681031081e-03   4.0106824125352583e-03   4.1620627570790334e-03   4.3033821687501837e-03   4.4341602209952537e-03   4.5539237111560955e-03   4.6622098018543846e-03   4.7585720308800528e-03   4.8425907909416159e-03   4.9138907328686457e-03   4.9721653197513319e-03   5.0172044475208745e-03   5.0489135921215301e-03   5.0673133599579319e-03   5.0725198029697898e-03   5.0647166038061573e-03   5.0441309447018497e-03   5.0110168268157869e-03   4.9656454420654922e-03   4.9082999928933349e-03   4.8392732967679078e-03   4.7588667487835105e-03   4.6673900945964535e-03   4.5651615066956888e-03   4.4525078722256143e-03   4.3297650964939103e-03   4.1972784492064737e-03   4.0554028541276502e-03   3.9045031698095242e-03   3.7449543955605123e-03   3.5771418477870218e-03   3.4014612548726947e-03   3.2183188094255847e-03   3.0281311354802107e-03   2.8313251993904247e-03   2.6283381352111097e-03
   2.4198974222199403e-03   2.2061341382921900e-03   1.9875356307210591e-03   1.7645767314304374e-03   1.5377409201694958e-03   1.3075196428503682e-03   1.0744115445377558e-03   8.3892162722726184e-04   6.0156033406180286e-04   3.6284257526721987e-04   1.2328669810804556e-04  -1.1658657886099984e-04  -3.5625526433304681e-04  -5.9519720120764809e-04  -8.3289117998826766e-04  -1.0688180317263570e-03  -1.3024617011283938e-03  -1.5333102718833385e-03  -1.7608569489773892e-03  -1.9846009702704972e-03  -2.2040484576456836e-03  -2.4187131809709104e-03  -2.6281172508335780e-03  -2.8317917135562368e-03  -3.0292770716304463e-03  -3.2201237049293259e-03  -3.4038922194072653e-03  -3.5801536958290307e-03  -3.7484898754480220e-03  -3.9084932520064364e-03  -4.0597671086416969e-03  -4.2019254693592455e-03  -4.3345930090610430e-03  -4.4574048866432691e-03  -4.5700065560968298e-03  -4.6720535193683103e-03  -4.7632110966825264e-03  -4.8431541969934013e-03  -4.9115672262950456e-03  -4.9681442061847575e-03  -5.0125894512865051e-03  -5.0446192136496112e-03  -5.0639653107891584e-03  -5.0703820748002823e-03  -5.0636589083870474e-03  -5.0436398941311276e-03  -5.0102496990306932e-03  -4.9635175949810529e-03  -4.9035881072332435e-03  -4.8307110290526688e-03  -4.7452174195620010e-03  -4.6474934300412864e-03  -4.5379597510529805e-03  -4.4170582923336596e-03  -4.2852443132374582e-03  -4.1429821620563622e-03  -3.9907429624709764e-03  -3.8290034589057533e-03  -3.6582453793868150e-03  -3.4789551291211471e-03  -3.2916235777770684e-03  -3.0967459363999451e-03  -2.8948216162729295e-03  -2.6863541051585821e-03  -2.4718508061476411e-03  -2.2518228721507268e-03  -2.0267849980390709e-03  -1.7972552065395682e-03  -1.5637545986354941e-03  -1.3268070946892772e-03  -1.0869391457923362e-03  -8.4467943807452108e-04  -6.0055857489067755e-04  -3.5510875392540694e-04  -1.0886342908770012e-04   1.3764303004718697e-04   3.8387568670680280e-04   6.2929938480238868e-04   8.7337909743125824e-04   1.1155802716841083e-03   1.3553691668533741e-03   1.5922131860052269e-03   1.8255811938810082e-03   2.0549438253914072e-03   2.2797737731302123e-03   2.4995460633609060e-03   2.7137383053806312e-03   2.9218309296055959e-03   3.1233073926803055e-03   3.3176543740830703e-03   3.5043619438986828e-03   3.6829237395603373e-03   3.8528371343698252e-03   4.0136034813903375e-03   4.1647284564501497e-03   4.3057227020900073e-03   4.4361029773400621e-03   4.5553943907377346e-03   4.6631345153950090e-03   4.7588809373594792e-03   4.8422241508215419e-03   4.9128076099117426e-03   4.9703539041082261e-03   5.0146896538438603e-03   5.0457573331326106e-03   5.0636061229231708e-03   5.0683681546829160e-03   5.0602318719587362e-03   5.0394214224964854e-03   5.0061833957907014e-03   4.9607794355048728e-03   4.9034824409465837e-03   4.8345748497461791e-03   4.7543479888232298e-03   4.6631019936330103e-03   4.5611459807370783e-03   4.4487983477479870e-03   4.3263871015286606e-03   4.1942501922620171e-03   4.0527358142425493e-03   3.9022026756032288e-03   3.7430202154204190e-03   3.5755687729579393e-03   3.4002396951073859e-03   3.2174353834583513e-03   3.0275692709100088e-03   2.8310657293141176e-03   2.6283598960272301e-03
   2.4206174041479711e-03   2.2070706019146204e-03   1.9886608410116693e-03   1.7658635090578348e-03   1.5391631939414589e-03   1.3090529662549313e-03   1.0760335682968533e-03   8.4061252107105612e-04   6.0330315096061393e-04   3.6462354874320112e-04   1.2509547045340302e-04  -1.1475680685349408e-04  -3.5440765896977599e-04  -5.9333130600693214e-04  -8.3100300147371153e-04  -1.0669002095720695e-03  -1.3005037480530149e-03  -1.5312988917950895e-03  -1.7587764135663681e-03  -1.9824335632326775e-03  -2.2017749620510127e-03  -2.4163134203995271e-03  -2.6255706568373391e-03  -2.8290779348965813e-03  -3.0263765948746004e-03  -3.2170185027425580e-03  -3.4005663954288609e-03  -3.5765941531037924e-03  -3.7446869708842624e-03  -3.9044414680336750e-03  -4.0554657071740531e-03  -4.1973791639980194e-03  -4.3298126158854717e-03  -4.4524079990477215e-03  -4.5648181960899568e-03  -4.6667068172179683e-03  -4.7577479376835685e-03  -4.8376258841646667e-03  -4.9060350594367710e-03  -4.9626799879231307e-03  -5.0072756964204494e-03  -5.0395489062763114e-03  -5.0592406048084364e-03  -5.0661113136586545e-03  -5.0599506762754338e-03  -5.0405935487881151e-03  -5.0079428539326317e-03  -4.9619948684886932e-03  -4.9028563334875229e-03  -4.8307432185944396e-03  -4.7459621233487568e-03  -4.6488843995816792e-03  -4.5399234513697293e-03  -4.4195186900939888e-03  -4.2881257962779987e-03  -4.1462111378758595e-03  -3.9942487867401033e-03  -3.8327189030734881e-03  -3.6621069081028668e-03  -3.4829030139796307e-03  -3.2956019677308022e-03  -3.1007028577344563e-03  -2.8987089693619842e-03  -2.6901276289446581e-03  -2.4754700450951243e-03  -2.2552511237479323e-03  -2.0299892719140987e-03  -1.8002061717498023e-03  -1.5664265388218661e-03  -1.3291778579819303e-03  -1.0889901048901584e-03  -8.4639545027516340e-04  -6.0192795096772442e-04  -3.5612323048227510e-04  -1.0951814896020054e-04   1.3734953044527838e-04   3.8394148327862643e-04   6.2971916213733063e-04   8.7414414045367211e-04   1.1166784458906448e-03   1.3567848965344439e-03   1.5939274195638144e-03   1.8275713702980269e-03   2.0571838267965346e-03   2.2822338834691345e-03   2.5021929136884464e-03   2.7165348301009086e-03   2.9247363075864197e-03   3.1262770082405703e-03   3.3206397688439627e-03   3.5073107999006180e-03   3.6857798610475632e-03   3.8555404965482584e-03   4.0160903157766400e-03   4.1669314922006279e-03   4.3075715849004888e-03   4.4375251274517344e-03   4.5563165018347694e-03   4.6634853220703376e-03   4.7585958154644920e-03   4.8412524243540414e-03   4.9111222122802042e-03   4.9679611170093708e-03   5.0116339741582321e-03   5.0421175241723449e-03   5.0594843011603366e-03   5.0638770020791984e-03   5.0554846920330410e-03   5.0345257812142215e-03   5.0012378471172673e-03   4.9558720482817563e-03   4.8986904289327147e-03   4.8299647015290891e-03   4.7499758961741644e-03   4.6590143717834195e-03   4.5573800626862258e-03   4.4453827737238527e-03   4.3233425304863692e-03   4.1915898948562211e-03   4.0504662799322935e-03   3.9003242063518008e-03   3.7415275340404418e-03   3.5744516254641204e-03   3.3994834672623833e-03   3.2170217155304028e-03   3.0274766851981563e-03   2.8312702521462135e-03   2.6288356887754524e-03
   2.4217979340215388e-03   2.2084469577089644e-03   1.9902011251198715e-03   1.7675366517107007e-03   1.5409395435144724e-03   1.3109048423834667e-03   1.0779357715711914e-03   8.4254278595279032e-04   6.0524253810031569e-04   3.6655676553382283e-04   1.2701111745234316e-04  -1.1286607290526448e-04  -3.5254504513178547e-04  -5.9149589204688063e-04  -8.2918983366225981e-04  -1.0651004816879140e-03  -1.2987050619724270e-03  -1.5294855967776396e-03  -1.7569300135631364e-03  -1.9805331891422414e-03  -2.1997978966475568e-03  -2.4142356723967358e-03  -2.6233675706065422e-03  -2.8267248311772400e-03  -3.0238494301594535e-03  -3.2142945479548871e-03  -3.3976249213352296e-03  -3.5734171203807828e-03  -3.7412597189970778e-03  -3.9007534056105892e-03  -4.0515109948688639e-03  -4.1931573977150652e-03  -4.3253295041258862e-03  -4.4476760421288848e-03  -4.5598573630550449e-03  -4.6615452275390592e-03  -4.7524225393195995e-03  -4.8321831272364569e-03  -4.9005315363985233e-03  -4.9571829999154639e-03  -5.0018636366868218e-03  -5.0343112710585008e-03  -5.0542772460060682e-03  -5.0615303029391840e-03  -5.0558637656055814e-03  -5.0371082378273492e-03  -5.0051507988055650e-03  -4.9599593651809800e-03  -4.9016038298722048e-03  -4.8302634873135415e-03  -4.7462156329980340e-03  -4.6498123340562858e-03  -4.5414563320794812e-03  -4.4215823755762431e-03  -4.2906452139315314e-03  -4.1491124366235636e-03  -3.9974605693796324e-03  -3.8361728956019373e-03  -3.6657383405272908e-03  -3.4866508155265894e-03  -3.2994088752009566e-03  -3.1045154593560939e-03  -2.9024777229773799e-03  -2.6938068489270918e-03  -2.4790178878093165e-03  -2.2586295576575146e-03  -2.0331640463461028e-03  -1.8031467779444691e-03  -1.5691061772479423e-03  -1.3315734016328268e-03  -1.0910820682928143e-03  -8.4816795716417413e-04  -6.0336870982532185e-04  -3.5722351148632730e-04  -1.1027276948031308e-04   1.3694221757852597e-04   3.8387959282298629e-04   6.2999727580580916e-04   8.7475329787646224e-04   1.1176061315675177e-03   1.3580150192656969e-03   1.5954402883718221e-03   1.8293436646761930e-03   2.0591885646448799e-03   2.2844403850216144e-03   2.5045667639978591e-03   2.7190378416010962e-03   2.9273264867977844e-03   3.1289085274330995e-03   3.3232629452383451e-03   3.5098720948255678e-03   3.6882219085009348e-03   3.8578021828775491e-03   4.0181069492488250e-03   4.1686351368606881e-03   4.3088916799294205e-03   4.4383896289533521e-03   4.5566539256204283e-03   4.6632282938633071e-03   4.7576868882105031e-03   4.8396525514001242e-03   4.9088209509169757e-03   4.9649846428055323e-03   5.0080462221927264e-03   5.0380123655499685e-03   5.0549730185147851e-03   5.0590762908079125e-03   5.0505082242838732e-03   5.0294793140843574e-03   4.9962168383437871e-03   4.9509607701598707e-03   4.8939618720333757e-03   4.8254808890270508e-03   4.7457883788478358e-03   4.6551648107454437e-03   4.5539008359861376e-03   4.4422975948380482e-03   4.3206670611052340e-03   4.1893323591203867e-03   4.0486280739360659e-03   3.8989005128299958e-03   3.7405079387042637e-03   3.5738207422918366e-03   3.3992215704099437e-03   3.2171053812457650e-03   3.0278794392200768e-03   2.8319632277102936e-03   2.6297882827484840e-03
   2.4234584195106275e-03   2.2102808004796884e-03   1.9921721910761245e-03   1.7696099104433038e-03   1.5430816988391855e-03   1.3130849222227142e-03   1.0801256717338174e-03   8.4471775735861640e-04   6.0738160796862308e-04   3.6864308472248981e-04   1.2903222437469499e-04  -1.1091807398863141e-04  -3.5067339999798560e-04  -5.8969920277636889e-04  -8.2746216231524236e-04  -1.0634315411810751e-03  -1.2970804996358530e-03  -1.5278873543233317e-03  -1.7553367682615025e-03  -1.9789208547668783e-03  -2.1981401892872503e-03  -2.4125047155026291e-03  -2.6215345473323518e-03  -2.8247606575084417e-03  -3.0217254598896926e-03  -3.2119832778248997e-03  -3.3951007145171185e-03  -3.5706569207693138e-03  -3.7382437753334490e-03  -3.8974659750778892e-03  -4.0479410571088370e-03  -4.1892993445813518e-03  -4.3211838421015145e-03  -4.4432500719030791e-03  -4.5551658785454568e-03  -4.6566111931872637e-03  -4.7472777935740522e-03  -4.8268690556814925e-03  -4.8950997588199686e-03  -4.9516959724305214e-03  -4.9963951691689261e-03  -5.0289467261968651e-03  -5.0491132349980046e-03  -5.0566732388175042e-03  -5.0514265899237274e-03  -5.0332040314816700e-03  -5.0018827791094636e-03  -4.9574081088861310e-03  -4.8998161814914204e-03  -4.8292483662077043e-03  -4.7459483479575975e-03  -4.6502439636173822e-03  -4.5425231927535776e-03  -4.4232133586939162e-03  -4.2927664963546283e-03  -4.1516503747742323e-03  -4.0003433200639735e-03  -3.8393313693442584e-03  -3.6691067082995766e-03  -3.4901668158376386e-03  -3.3030139664880194e-03  -3.1081549163611884e-03  -2.9061006714862399e-03  -2.6973662921229717e-03  -2.4824706976444037e-03  -2.2619364680907228e-03  -2.0362896321770448e-03  -1.8060594379013537e-03  -1.5717781057212902e-03  -1.3339805659403888e-03  -1.0932041825202697e-03  -8.4998846175905448e-04  -6.0487475111190361e-04  -3.5840592577711876e-04  -1.1112607063508275e-04   1.3641984690879226e-04   3.8368630361974745e-04   6.3012755306850155e-04   8.7519795255481549e-04   1.1183522927816784e-03   1.3590461165003116e-03   1.5967360367863217e-03   1.8308800389753657e-03   2.0609377796666486e-03   2.2863708649867682e-03   2.5066431245312072e-03   2.7212208601553314e-03   2.9295730906420633e-03   3.1311717737109281e-03   3.3254920355791566e-03   3.5120123910233401e-03   3.6902150105036957e-03   3.8595860522111884e-03   4.0196161833544967e-03   4.1698014262686626e-03   4.3096446958580123e-03   4.4386585445466056e-03   4.5563701685615863e-03   4.6623300754104601e-03   4.7561263574449142e-03   4.8374052704840921e-03   4.9058956624144457e-03   4.9614284875545162e-03   5.0039414151610865e-03   5.0334654753300401e-03   5.0501019093349810e-03   5.0539996156166271e-03   5.0453385823764569e-03   5.0243196669929411e-03   4.9911588774131732e-03   4.9460844886235478e-03   4.8893356857184645e-03   4.8211620825940344e-03   4.7418236505879369e-03   4.6515908947097964e-03   4.5507451160981399e-03   4.4395787395616060e-03   4.3183956366243245e-03   4.1875114557138405e-03   4.0472539185118714e-03   3.8979630980518140e-03   3.7399916473674429e-03   3.5737049924398578e-03   3.3994814611609269e-03   3.2177123600391254e-03   3.0288019727903962e-03   2.8331674868831464e-03   2.6312388302758925e-03
   2.4256161928390835e-03   2.2125877211548834e-03   1.9945878479289149e-03   1.7720952722016536e-03   1.5455997812707767e-03   1.3156014200193774e-03   1.0826095397841093e-03   8.4714173318460150e-04   6.0972266192499066e-04   3.7088279294673790e-04   1.3115705222889581e-04  -1.0891657987471693e-04  -3.4879852058746771e-04  -5.8794905333455470e-04  -8.2582980268627697e-04  -1.0619051812393340e-03  -1.2956438019683524e-03  -1.5265198208237964e-03  -1.7540142098785554e-03  -1.9776159274297097e-03  -2.1968229943751371e-03  -2.4111434460595731e-03  -2.6200961781182239e-03  -2.8232116578933188e-03  -3.0200325309591674e-03  -3.2101140971443334e-03  -3.3930246909733026e-03  -3.5683459392046079e-03  -3.7356729431367898e-03  -3.8946143535556945e-03  -4.0447923887681012e-03  -4.1858427631868474e-03  -4.3174145819017433e-03  -4.4391701609654980e-03  -4.5507848379863908e-03  -4.6519467252721779e-03  -4.7423564816083258e-03  -4.8217270526355761e-03  -4.8897834800350941e-03  -4.9462627442557524e-03  -4.9909138096442254e-03  -5.0234979178744319e-03  -5.0437895136857787e-03  -5.0515781557181659e-03  -5.0466724269756756e-03  -5.0289069783434129e-03  -4.9981546764217982e-03  -4.9543445656874720e-03  -4.8974840500716401e-03  -4.8276774986138523e-03  -4.7451319366370748e-03  -4.6501458906723844e-03  -4.5430878545846846e-03  -4.4243741814381492e-03  -4.2944518916984385e-03  -4.1537875089108153e-03  -4.0028603111425115e-03  -3.8421585796334199e-03  -3.6721774579257446e-03  -3.4934178111565898e-03  -3.3063855274024318e-03  -3.1115911240456743e-03  -2.9095494389247182e-03  -2.7007794105398863e-03  -2.4858038529146521e-03  -2.2651492531399345e-03  -2.0393455378722538e-03  -1.8089258467942570e-03  -1.5744262766556024e-03  -1.3363856231704495e-03  -1.0953450976938445e-03  -8.5184804099946749e-04  -6.0643961916744579e-04  -3.5966651616679596e-04  -1.1207661521093050e-04   1.3578132273478095e-04   3.8335798460556670e-04   6.3010383283295258e-04   8.7546943005934689e-04   1.1189057648703696e-03   1.3598645676619779e-03   1.5977986268972892e-03   1.8321620886882005e-03   2.0624107565917560e-03   2.2880023676977715e-03   2.5083968700350058e-03   2.7230566719992884e-03   2.9314468997226513e-03   3.1330356250675313e-03   3.3272941179366606e-03   3.5136970926179061e-03   3.6917230393373047e-03   3.8608546378075884e-03   4.0205794595509761e-03   4.1703910945932168e-03   4.3097912286434456e-03   4.4382932738235804e-03   4.5554288802607196e-03   4.6607587961979714e-03   4.7538897436249679e-03   4.8344966456443494e-03   4.9023450239863067e-03   4.9573038379756946e-03   4.9993411854776602e-03   5.0285059953480990e-03   5.0449050815952181e-03   5.0486841214905523e-03   5.0400146801736793e-03   5.0190866481464903e-03   4.9861040900479273e-03   4.9412832231318440e-03   4.8848514853071651e-03   4.8170472574705098e-03   4.7381198738789933e-03   4.6483298296538886e-03   4.5479490458604733e-03   4.4372611955267854e-03   4.3165620204543842e-03   4.1861596616814970e-03   4.0463749564032259e-03   3.8975417239855872e-03   3.7400070037103671e-03   3.5741312609063464e-03   3.4002885311181889e-03   3.2188665115686016e-03   3.0302665742600599e-03   2.8349037076736906e-03   2.6332063603491424e-03
   2.4282859183883967e-03   2.2153807453623624e-03   1.9974594678723871e-03   1.7750024419340249e-03   1.5485018206041277e-03   1.3184606839718397e-03   1.0853920363267757e-03   8.4981767940149058e-04   6.1226696665962321e-04   3.7327545425580306e-04   1.3338346261682825e-04  -1.0686543029351573e-04  -3.4692594376859370e-04  -5.8625267327811934e-04  -8.2430166960474778e-04  -1.0605319944981316e-03  -1.2944072287797411e-03  -1.5253969129154592e-03  -1.7529778991416157e-03  -1.9766356015749383e-03  -2.1958651287375440e-03  -2.4101722930496192e-03  -2.6190744887492597e-03  -2.8221014412118843e-03  -3.0187958233912492e-03  -3.2087137481374437e-03  -3.3914251397412650e-03  -3.5665139996182808e-03  -3.7335785658871917e-03  -3.8922313874499527e-03  -4.0420993159360026e-03  -4.1828234333870879e-03  -4.3140589189775346e-03  -4.4354748753800011e-03  -4.5467541143499567e-03  -4.6475929253647604e-03  -4.7377008266072376e-03  -4.8168003280818598e-03  -4.8846267136400615e-03  -4.9409278931318770e-03  -4.9854643646730645e-03  -5.0180094128493506e-03  -5.0383497097729437e-03  -5.0462866932665766e-03  -5.0416393083810556e-03  -5.0242491653064965e-03  -4.9939895572779155e-03  -4.9507798058416258e-03  -4.8946048077402621e-03  -4.8255353590552236e-03  -4.7437406614079629e-03  -4.6494854760555076e-03  -4.5431136185716346e-03  -4.4250261058343216e-03  -4.2956619641825672e-03  -4.1554845355872881e-03  -4.0049729135218197e-03  -3.8446169155373030e-03  -3.6749142479640985e-03  -3.4963689066693105e-03  -3.3094902643102924e-03  -3.1147925121325507e-03  -2.9127942907286168e-03  -2.7040184089651494e-03  -2.4889915981271223e-03  -2.2682442800858764e-03  -2.0423103341934280e-03  -1.8117268541170710e-03  -1.5770338911696620e-03  -1.3387741874089044e-03  -1.0974928953230874e-03  -8.5373728801320500e-04  -6.0805645705705718e-04  -3.6100100454693218e-04  -1.1312272583220816e-04   1.3502570946860384e-04   3.8289108279443565e-04   6.2991994951807088e-04   8.7555896512152211e-04   1.1192552046340074e-03   1.3604564823927118e-03   1.5986116607526596e-03   1.8331709563810547e-03   2.0635862317220409e-03   2.2893112828724343e-03   2.5098021104791902e-03   2.7245171872776002e-03   2.9329177094622881e-03   3.1344678564668529e-03   3.3286350542663661e-03   3.5148902838115295e-03   3.6927084631502276e-03   3.8615690206404794e-03   4.0209567943043133e-03   4.1703636003783120e-03   4.3092909710122224e-03   4.4372550217541646e-03   4.5537947441483574e-03   4.6584854103981933e-03   4.7509576516737593e-03   4.8309198233859188e-03   4.8981758633127627e-03   4.9526297685726552e-03   4.9942739556988885e-03   5.0231685725435245e-03   5.0394209625086468e-03   5.0431703172999940e-03   5.0345779923346504e-03   5.0138219629135578e-03   4.9810939134671368e-03   4.9365977936382428e-03   4.8805492202738379e-03   4.8131753055404344e-03   4.7347147425385681e-03   4.6454180055572622e-03   4.5455476320050694e-03   4.4353785268462292e-03   4.3151982906469650e-03   4.1853075369784071e-03   4.0460202066704325e-03   3.8976638523639377e-03   3.7405798995052905e-03   3.5751238608048978e-03   3.4016655058772133e-03   3.2205889659992536e-03   3.0322927724995277e-03   2.8371898071251019e-03   2.6357071665690556e-03
   2.4314788978258822e-03   2.2186696441819451e-03   2.0007953272278165e-03   1.7783382351450974e-03   1.5517932014387946e-03   1.3216666956023676e-03   1.0884757685422335e-03   8.5274685763825830e-04   6.1501446410009699e-04   3.7581971299529589e-04   1.3570881804206210e-04  -1.0476853349333329e-04  -3.4506084507587940e-04  -5.8461650639309904e-04  -8.2288548425401068e-04  -1.0593209922225193e-03  -1.2933811020449952e-03  -1.5245302854654983e-03  -1.7522408519865551e-03  -1.9759942799110822e-03  -2.1952824113286792e-03  -2.4096085188575495e-03  -2.6184882198820618e-03  -2.8214502567710381e-03  -3.0180371254083186e-03  -3.2078055812660039e-03  -3.3903270043644474e-03  -3.5651876592360824e-03  -3.7319888372275372e-03  -3.8903469200257091e-03  -4.0398933457921312e-03  -4.1802745257563815e-03  -4.3111516868206898e-03  -4.4322006904193162e-03  -4.5431117996871644e-03  -4.6435894491622214e-03  -4.7333519838323396e-03  -4.8121314316093020e-03  -4.8796732738230972e-03  -4.9357362997404907e-03  -4.9800925241510587e-03  -5.0125273144827273e-03  -5.0328397811084764e-03  -5.0408437654865948e-03  -5.0363697517109710e-03  -5.0192685784147652e-03  -4.9894179459933959e-03  -4.9467333781917072e-03  -4.8911842258606538e-03  -4.8228132639606437e-03  -4.7417532327751113e-03  -4.6482322071575814e-03  -4.5425641014402267e-03  -4.4251295591968909e-03  -4.2963557536750642e-03  -4.1567002930391955e-03  -4.0066404911978043e-03  -3.8466667477646608e-03  -3.6772787622296856e-03  -3.4989833286783100e-03  -3.3122931062267735e-03  -3.1177258529667849e-03  -2.9158039584211465e-03  -2.7070540803505404e-03  -2.4920068755292383e-03  -2.2711967318976437e-03  -2.0451615251337518e-03  -1.8144423571652044e-03  -1.5795833012697937e-03  -1.3411311238462063e-03  -1.0996350053882943e-03  -8.5564624327972910e-04  -6.0971795279050238e-04  -3.6240475525551203e-04  -1.1426246400416441e-04   1.3415223662710299e-04   3.8228211395963715e-04   6.2956971043973554e-04   8.7545766801924989e-04   1.1193890472866877e-03   1.3608076468810293e-03   1.5991583118397130e-03   1.8338872422315154e-03   2.0644422852239760e-03   2.2902732282205083e-03   2.5108320712441028e-03   2.7255733067830905e-03   2.9339541824637992e-03   3.1354349878065157e-03   3.3294793446605581e-03   3.5155545854363996e-03   3.6931322327635342e-03   3.8616887621030715e-03   4.0207068101027190e-03   4.1696773116953268e-03   4.3081031667443663e-03   4.4355056416951581e-03   4.5514348418061977e-03   4.6554855898290268e-03   4.7473178685848629e-03   4.8266768887686188e-03   4.8934042151423428e-03   4.9474336578308326e-03   4.9887749131619710e-03   5.0174931694542567e-03   5.0336920430248764e-03   5.0375017835061946e-03   5.0290722357287316e-03   5.0085688661281871e-03   4.9761707227381118e-03   4.9320694203118815e-03   4.8764687494725050e-03   4.8095845863757297e-03   4.7316450095591439e-03   4.6428905012752021e-03   4.5435742271767807e-03   4.4339623337139493e-03   4.3143342763562881e-03   4.1849831388273400e-03   4.0462159568354292e-03   3.8983540149097346e-03   3.7417331258110865e-03   3.5767038642734363e-03   3.4036317610210195e-03   3.2228974296017996e-03   3.0348966276890301e-03   2.8400402305775547e-03   2.6387541093548057e-03
   2.4352022501095698e-03   2.2224601431871218e-03   2.0045998376497991e-03   1.7821058328963710e-03   1.5554759621486528e-03   1.3252204389370529e-03   1.0918607475262801e-03   8.5592837971574349e-04   6.1796342970136132e-04   3.7851306071475969e-04   1.3812986392463069e-04  -1.0262986703224938e-04  -3.4320792004588837e-04  -5.8304597736028398e-04  -8.2158742950827382e-04  -1.0582791583263244e-03  -1.2925732638271975e-03  -1.5239287050213398e-03  -1.7518128360517681e-03  -1.9757028133994166e-03  -2.1950868649073287e-03  -2.4094654045120440e-03  -2.6183519948038119e-03  -2.8212741495402070e-03  -3.0177739861594762e-03  -3.2074087260688115e-03  -3.3897510643699376e-03  -3.5643894111904821e-03  -3.7309280248728118e-03  -3.8889870435342834e-03  -4.0382024410836603e-03  -4.1782259079503406e-03  -4.3087246851295207e-03  -4.4293813506557133e-03  -4.5398935856978137e-03  -4.6399739176975017e-03  -4.7293494697380591e-03  -4.8077617116281260e-03  -4.8749662492023347e-03  -4.9307326518246734e-03  -4.9748443752273717e-03  -5.0070988071434890e-03  -5.0273075589505594e-03  -5.0352971369109845e-03  -5.0309103295230776e-03  -5.0140087908925011e-03  -4.9844777267199778e-03  -4.9422338548444876e-03  -4.8872379045633591e-03  -4.8195115347561858e-03  -4.7391551903273087e-03  -4.6463596506645648e-03  -4.5414046241471859e-03  -4.4246449520431302e-03  -4.2964912087940779e-03  -4.1573919184782725e-03  -4.0078204063764321e-03  -3.8482663318865438e-03  -3.6792305692084255e-03  -3.5012222478370942e-03  -3.3147570275354212e-03  -3.1203560822073073e-03  -2.9185454566623041e-03  -2.7098556312685463e-03  -2.4948211775354784e-03  -2.2739804693802232e-03  -2.0478754106742080e-03  -1.8170511677080270e-03  -1.5820558946964905e-03  -1.3434404548061812e-03  -1.1017581320518269e-03  -8.5756433487388665e-04  -6.1141629169514725e-04  -3.6387273900882273e-04  -1.1549360530515424e-04   1.3316031071109979e-04   3.8152766209522277e-04   6.2904687941161912e-04   8.7515649254343777e-04   1.1192954543070514e-03   1.3609034560138774e-03   1.5994212430772699e-03   1.8342909187194069e-03   2.0649562471278218e-03   2.2908629430282070e-03   2.5114589636306478e-03   2.7261947887030485e-03   2.9345237135877896e-03   3.1359021513361470e-03   3.3297899942801960e-03   3.5156510565601427e-03   3.6929537226338574e-03   3.8611719428416160e-03   4.0197869168622702e-03   4.1682899533949207e-03   4.3061874291300262e-03   4.4330090181553435e-03   4.5483206192105897e-03   4.6517421684255161e-03   4.7429676895331101e-03   4.8217804891796763e-03   4.8880560604161382e-03   4.9417512183003538e-03   4.9828857909946242e-03   5.0115247056827265e-03   5.0277645156771127e-03   5.0317247763834120e-03   5.0235429704974513e-03   5.0033717350640968e-03   4.9713773922545335e-03   4.9277392583401561e-03   4.8726493613276828e-03   4.8063124216215902e-03   4.7289459645862460e-03   4.6407805357854921e-03   4.5420599617022762e-03   4.4330416563901267e-03   4.3139969400142683e-03   4.1852113747007482e-03   4.0469850917392866e-03   3.8996331136526932e-03   3.7434856477345214e-03   3.5788883519556175e-03   3.4062025490094001e-03   3.2258053875192493e-03   3.0380899260177099e-03   2.8434651328826952e-03   2.6423557844705166e-03
   2.4394579533693049e-03   2.2267529596940766e-03   2.0088726114849426e-03   1.7863039022951884e-03   1.5595479802450914e-03   1.3291191541311732e-03   1.0955437239029290e-03   8.5935864444005824e-04   6.2111003195763274e-04   3.8135153312405140e-04   1.4064257416440887e-04  -1.0045348005131460e-04  -3.4137123291632141e-04  -5.8154519226616928e-04  -8.2041170941858784e-04  -1.0574108823629145e-03  -1.2919883990516749e-03  -1.5235972846844512e-03  -1.7516995358559768e-03  -1.9757676120980639e-03  -2.1952857781560205e-03  -2.4097512760760638e-03  -2.6186753315912965e-03  -2.8215839829080682e-03  -3.0180187498515198e-03  -3.2075371392393439e-03  -3.3897130090779488e-03  -3.5641367910589881e-03  -3.7304156064065837e-03  -3.8881732710525176e-03  -4.0370502249252073e-03  -4.1767033841886361e-03  -4.3068059508479008e-03  -4.4270471730668047e-03  -4.5371320938779091e-03  -4.6367812759917811e-03  -4.7257305427375190e-03  -4.8037307200707712e-03  -4.8705474248215558e-03  -4.9259608852607320e-03  -4.9697658549359225e-03  -5.0017716207420813e-03  -5.0218022134556790e-03  -5.0296968865785243e-03  -5.0253111202304777e-03  -5.0085184407657321e-03  -4.9792137388895760e-03  -4.9373189203907484e-03  -4.8827921928885094e-03  -4.8156415737897152e-03  -4.7359415945472791e-03  -4.6438480981819061e-03  -4.5396042930475004e-03  -4.4235340690401657e-03  -4.2960260260024924e-03  -4.1575152746453573e-03  -4.0084681979713167e-03  -3.8493718198564114e-03  -3.6807270457279119e-03  -3.5030446506584692e-03  -3.3168428921993912e-03  -3.1226461254459602e-03  -2.9209839248000580e-03  -2.7123905220324570e-03  -2.4974043828558889e-03  -2.2765678754647968e-03  -2.0504269594972214e-03  -1.8195309040484281e-03  -1.5844319982642090e-03  -1.3456852666541095e-03  -1.1038481700748185e-03  -8.5948030679849961e-04  -6.1314310175130207e-04  -3.6539949439985225e-04  -1.1681361823218942e-04   1.3204952077520244e-04   3.8062436965541894e-04   6.2834515390978833e-04   8.7464620240121740e-04   1.1189622711382796e-03   1.3607288621630175e-03   1.5993825408199434e-03   1.8343612445965421e-03   2.0651045911674326e-03   2.2910541758285417e-03   2.5116538728660381e-03   2.7263501327788368e-03   2.9345923044218018e-03   3.1358329803777801e-03   3.3295284282434403e-03   3.5151391565419222e-03   3.6921307780986125e-03   3.8599753648041251e-03   4.0181537551060836e-03   4.1661594417810952e-03   4.3035051248262249e-03   4.4297331353787342e-03   4.5444305817464959e-03   4.6472479592708669e-03   4.7379162146324039e-03   4.8162549813140706e-03   4.8821675776128028e-03   4.9356262044014006e-03   4.9766544119332406e-03   5.0053125700486685e-03   5.0216877877042355e-03   5.0258877468599451e-03   5.0180371139071905e-03   4.9982755766538271e-03   4.9667567905927129e-03   4.9236478797892533e-03   4.8691292395781809e-03   4.8033945435557619e-03   4.7266508626572536e-03   4.6391188754286742e-03   4.5410331265759571e-03   4.4326423323421300e-03   4.3142097053038217e-03   4.1860133002962806e-03   4.0483463588751496e-03   3.9015176523795321e-03   3.7458518025896975e-03   3.5816895756356315e-03   3.4093881298268638e-03   3.2293212072759059e-03   3.0418792502076761e-03   2.8474694313913064e-03   2.6465155742357821e-03
   2.4442417191738201e-03   2.2315426919154498e-03   2.0136073648064716e-03   1.7909255198048412e-03   1.5640019471596413e-03   1.3333554016008642e-03   1.0995173700099319e-03   8.6303065746616385e-04   6.2444780356895387e-04   3.8432934688308794e-04   1.4324196296914334e-04  -9.8243497929191600e-05  -3.3955403916543521e-04  -5.8011658207922183e-04  -8.1936002727707143e-04  -1.0567172835867437e-03  -1.2916272252881855e-03  -1.5235365536807033e-03  -1.7519015278828424e-03  -1.9761895501457759e-03  -2.1958805786086435e-03  -2.4104683654547726e-03  -2.6194615044903943e-03  -2.8223842989969598e-03  -3.0187774413172577e-03  -3.2081985259513860e-03  -3.3902223993365456e-03  -3.5644413758142849e-03  -3.7304653189362898e-03  -3.8879216262174459e-03  -4.0364551190029598e-03  -4.1757278713125878e-03  -4.3054189780302203e-03  -4.4252242978449190e-03  -4.5348561646204408e-03  -4.6340431042299780e-03  -4.7225295461582701e-03  -4.8000755684397666e-03  -4.8664566633066092e-03  -4.9214635682608993e-03  -4.9649021524938042e-03  -4.9965934218852608e-03  -5.0163736520690196e-03  -5.0240947679367357e-03  -5.0196250579962551e-03  -5.0028505119315532e-03  -4.9736771277360294e-03  -4.9320349240119443e-03  -4.8778845230514015e-03  -4.8112273915553450e-03  -4.7321197377155908e-03  -4.6406878034416180e-03  -4.5371388843523808e-03  -4.4217622722240880e-03  -4.2949190829598373e-03  -4.1570258222328790e-03  -4.0085380337748187e-03  -3.8499374652402685e-03  -3.6817234143468112e-03  -3.5044072844809004e-03  -3.3185093447222775e-03  -3.1245567696562941e-03  -2.9230824676067745e-03  -2.7146243123600060e-03  -2.4997246182144805e-03  -2.2789297274629083e-03  -2.0527896732274171e-03  -1.8218578597268766e-03  -1.5866907609562659e-03  -1.3478476163982858e-03  -1.1058901298685070e-03  -8.6138215956657691e-04  -6.1488940565521631e-04  -3.6697909096096388e-04  -1.1821963877627593e-04   1.3081965261790211e-04   3.7956893792267225e-04   6.2745815213227478e-04   8.7391733959775334e-04   1.1183769784358286e-03   1.3602683061757451e-03   1.5990236370824397e-03   1.8340766812105899e-03   2.0648628532964190e-03   2.2908195883785888e-03   2.5113866517726797e-03   2.7260064704387752e-03   2.9341244793824775e-03   3.1351895426836771e-03   3.3286544776936948e-03   3.5139768159021417e-03   3.6906199464807579e-03   3.8580550163867791e-03   4.0157640648295755e-03   4.1632452999182702e-03   4.3000215535478042e-03   4.4256529804835220e-03   4.5397536268446843e-03   4.6420086909042656e-03   4.7321861262503030e-03   4.8101369850356091e-03   4.8757848203863762e-03   4.9291098357974461e-03   4.9701340194960395e-03   4.9989100088431264e-03   5.0155138826696579e-03   5.0200407775761926e-03   5.0126023767704904e-03   4.9933254749921531e-03   4.9623512176367136e-03   4.9198347097715953e-03   4.8659448830387407e-03   4.8008645054026912e-03   4.7247903122426167e-03   4.6379332044346293e-03   4.5405185153199693e-03   4.4327863121716221e-03   4.3149917380444752e-03   4.1874053665205014e-03   4.0503135737822186e-03   3.9040189025733416e-03   3.7488404186451804e-03   3.5851140353155035e-03   3.4131928006028295e-03   3.2334471237460802e-03   3.0462649307783614e-03   2.8520517224015990e-03   2.6512305268947228e-03
   2.4495416783881885e-03   2.2368164770058098e-03   2.0187905883645215e-03   1.7959568951397512e-03   1.5688241627907487e-03   1.3379159430836531e-03   1.1037692723862072e-03   8.6693317095812826e-04   6.2796696202662805e-04   3.8743842930722501e-04   1.4592184125375871e-04  -9.6004129460532610e-05  -3.3775855626637922e-04  -5.7876044431984914e-04  -8.1843091478232387e-04  -1.0561953516859139e-03  -1.2914854770778640e-03  -1.5237413208023412e-03  -1.7524130567710611e-03  -1.9769626791235296e-03  -2.1968655000570016e-03  -2.4116114532493934e-03  -2.6207061962379612e-03  -2.8236720092414745e-03  -3.0200484988829133e-03  -3.2093931164034455e-03  -3.3912815030501531e-03  -3.5653076809884368e-03  -3.7310841145769794e-03  -3.8882416585498251e-03  -4.0364294150863891e-03  -4.1753145219562042e-03  -4.3045818890246534e-03  -4.4239339016195686e-03  -4.5330901070952043e-03  -4.6317868993295350e-03  -4.7197772148827328e-03  -4.7968302549843134e-03  -4.8627312454920862e-03  -4.9172812510710050e-03  -4.9602970591316967e-03  -4.9916111584680034e-03  -5.0110718438721403e-03  -5.0185435023402608e-03  -5.0139071668136997e-03  -4.9970614949890937e-03  -4.9679244339247801e-03  -4.9264360249856708e-03  -4.8725630281126467e-03  -4.8063062768552382e-03  -4.7277114069744801e-03  -4.6368823924570280e-03  -4.5339945638722141e-03  -4.4193016682344899e-03  -4.2931327625047224e-03  -4.1558801515757804e-03  -4.0079836330663837e-03  -3.8499161367299656e-03  -3.6821729825216513e-03  -3.5052647412273171e-03  -3.3197127830116328e-03  -3.1260465781841689e-03  -2.9248020510555138e-03  -2.7165205411318126e-03  -2.5017481146842259e-03  -2.2810350573262538e-03  -2.0549354681399217e-03  -1.8240069056648224e-03  -1.5888100619662194e-03  -1.3499084432327547e-03  -1.1078680542559976e-03  -8.6325707980730571e-04  -6.1664556510791281e-04  -3.6860509114160017e-04  -1.1970844830213118e-04   1.2947069404767414e-04   3.7835811821447491e-04   6.2637939077557167e-04   8.7296019348565880e-04   1.1175266540688689e-03   1.3595056737967289e-03   1.5983252538927153e-03   1.8334148189918635e-03   2.0642055411555149e-03   2.2901306653590968e-03   2.5106258455295802e-03   2.7251295041684875e-03   2.9330832442278597e-03   3.1339323546719583e-03   3.3271264941025923e-03   3.5121207022277387e-03   3.6883769986123713e-03   3.8553669905071830e-03   4.0125761865681189e-03   4.1595109501043762e-03   4.2957090971084948e-03   4.4207543387014903e-03   4.5342926500725727e-03   4.6360455568911132e-03   4.7258146256524188e-03   4.8034751571186095e-03   4.8689629473121117e-03   4.9222599193413331e-03   4.9633824660165506e-03   4.9923733804898996e-03   5.0092967610054660e-03   5.0142349354932803e-03   5.0072866435428636e-03   4.9885659804733227e-03   4.9582018017265417e-03   4.9163374202941673e-03   4.8631304952844057e-03   4.7987530579641658e-03   4.7233916371160617e-03   4.6372474639605719e-03   4.5405367375330420e-03   4.4334909403194993e-03   4.3163571901677945e-03   4.1893986204126045e-03   4.0528947741716942e-03   3.9071420041140647e-03   3.7524538617734974e-03   3.5891614644146964e-03   3.4176138220818339e-03   3.2381781078251455e-03   3.0512398508216539e-03   2.8572030360043575e-03   2.6564900812287642e-03
   2.4553368459858077e-03   2.2425524409448745e-03   2.0243999855330628e-03   1.8013758139774896e-03   1.5739930304835474e-03   1.3427803460975079e-03   1.1082806945190836e-03   8.7104963975655528e-04   6.3165359051509324e-04   3.9066784877056168e-04   1.4867451966999652e-04  -9.3739681268329786e-05  -3.3598569166921188e-04  -5.7747439811617991e-04  -8.1761893108632999e-04  -1.0558369208839762e-03  -1.2915526822960075e-03  -1.5241992919804328e-03  -1.7532205297942428e-03  -1.9780726531637245e-03  -2.1982259841077478e-03  -2.4131662887367138e-03  -2.6223959434964125e-03  -2.8254348807986700e-03  -3.0218213212176359e-03  -3.2111122981078248e-03  -3.3928840008423996e-03  -3.5667319494659348e-03  -3.7322710267913232e-03  -3.8891353890262571e-03  -4.0369782862958430e-03  -4.1754718052009528e-03  -4.3043065661791287e-03  -4.4231913843988989e-03  -4.5318529221995167e-03  -4.6300353381185239e-03  -4.7174999588626620e-03  -4.7940249744985296e-03  -4.8594051844966131e-03  -4.9134517923888517e-03  -4.9559922809798889e-03  -4.9868703683029333e-03  -5.0059460889819787e-03  -5.0130960163520576e-03  -5.0082137083824734e-03  -4.9912104495321193e-03  -4.9620164891255782e-03  -4.9205830280983701e-03  -4.8668854647310788e-03  -4.8009285217944474e-03  -4.7227540765560627e-03  -4.6324518911110826e-03  -4.5301720528537169e-03  -4.4161352973895529e-03  -4.2906364370685658e-03  -4.1540384801522110e-03  -4.0067599381029863e-03  -3.8492603344177038e-03  -3.6820277435454097e-03  -3.5055697544300033e-03  -3.3204074968725857e-03  -3.1270719133068628e-03  -2.9261014512830257e-03  -2.7180406355245515e-03  -2.5034391223029127e-03  -2.2828510541606801e-03  -2.0568345639076571e-03  -1.8259513693377073e-03  -1.5907664044163990e-03  -1.3518474800514107e-03  -1.1097649500329072e-03  -8.6509138391444051e-04  -6.1840123578963324e-04  -3.7027051406010320e-04  -1.2127644719503653e-04   1.2800285080157183e-04   3.7698871693456556e-04   6.2510227605153687e-04   8.7176477713324764e-04   1.1163979297637448e-03   1.3584242379879180e-03   1.5972673353887553e-03   1.8323523175744914e-03   2.0631060814748593e-03   2.2889576705680064e-03   2.5093386472137252e-03   2.7236835012247984e-03   2.9314301447153196e-03   3.1320205498633091e-03   3.3249016696072341e-03   3.5095268248871154e-03   3.6853579330568573e-03   3.8518691166009511e-03   4.0085525103998494e-03   4.1549271529358707e-03   4.2905514526978125e-03   4.4150381224458898e-03   4.5280678850771064e-03   4.6293967121905722e-03   4.7188533690366175e-03   4.7963292041114077e-03   4.8617650784283425e-03   4.9151397499723019e-03   4.9564612714195246e-03   4.9857613112037026e-03   5.0030915653584652e-03   5.0085215614876048e-03   5.0021373036556243e-03   4.9840404575552007e-03   4.9543478655458724e-03   4.9131912967990219e-03   4.8607173536358763e-03   4.7970875065781746e-03   4.7224782218465780e-03   4.6370811729797498e-03   4.5411035143097652e-03   4.4347682122935807e-03   4.3183144172018201e-03   4.1919978702654615e-03   4.0560913301352364e-03   3.9108850103802724e-03   3.7566870107101171e-03   3.5938237300305381e-03   3.4226402397889155e-03   3.2435006025005762e-03   3.0567881105679835e-03   2.8629054221676743e-03   2.6622745745695591e-03
   2.4615953458519031e-03   2.2487178472883544e-03   2.0304026029533935e-03   1.8071498049388750e-03   1.5794772957403113e-03   1.3479193251419107e-03   1.1130250680472372e-03   8.7535692102841043e-04   6.3548860343679264e-04   3.9400309309335846e-04   1.5149043051674633e-04  -9.1454574700975986e-05  -3.3423469931684818e-04  -5.7625269180970064e-04  -8.1691365299335378e-04  -1.0556273823085949e-03  -1.2918106547384798e-03  -1.5248893990102033e-03  -1.7543007411496001e-03  -1.9794948863905396e-03  -2.1999368072604143e-03  -2.4151077192247398e-03  -2.6245063226606608e-03  -2.8276498102059468e-03  -3.0240746384145585e-03  -3.2133370799231190e-03  -3.3950135636749371e-03  -3.5687008346282157e-03  -3.7340159568247321e-03  -3.8905961893876788e-03  -4.0380987567867664e-03  -4.1762005490790345e-03  -4.3045977661190140e-03  -4.4230055363255541e-03  -4.5311575208502866e-03  -4.6288055284611765e-03  -4.7157191470535665e-03  -4.7916854156284704e-03  -4.8565085384270189e-03  -4.9100096658618673e-03  -4.9520267428598873e-03  -4.9824144534352504e-03  -5.0010442661233149e-03  -5.0078046224120622e-03  -5.0026012907955697e-03  -4.9853579691357189e-03  -4.9560172208528821e-03  -4.9145419491349891e-03  -4.8609176800520843e-03  -4.7951561489473892e-03  -4.7173007677624810e-03  -4.6274345724672070e-03  -4.5256904703123617e-03  -4.4122620541708060e-03  -4.2874111862955047e-03  -4.1514684930974840e-03  -4.0048258730389545e-03  -3.8479240487447638e-03  -3.6812395444117373e-03  -3.5052739167540925e-03  -3.3205460616306682e-03  -3.1275871344596585e-03  -2.9269373427680367e-03  -2.7191439220703795e-03  -2.5047598524385439e-03  -2.2843429836660449e-03  -2.0584554086351013e-03  -1.8276629698352877e-03  -1.5925348473285871e-03  -1.3536431808214874e-03  -1.1115627152319851e-03  -8.6687045348570184e-04  -6.2014531587277065e-04  -3.7196779876305961e-04  -1.2291963390304532e-04   1.2641655372233216e-04   3.7545758871247319e-04   6.2362008800890948e-04   8.7032080460713857e-04   1.1149769697127131e-03   1.3570066370287915e-03   1.5958290261235983e-03   1.8308648732459139e-03   2.0615367883610783e-03   2.2872696357695522e-03   2.5074909471935513e-03   2.7216314125380306e-03   2.9291254956090064e-03   3.1294122874809716e-03   3.3219367520653542e-03   3.5061516792873624e-03   3.6815207854694826e-03   3.8475236469545111e-03   4.0036632497678932e-03   4.1494767265837732e-03   4.2845486927995478e-03   4.4085245246104163e-03   4.5211191017258054e-03   4.6221174010740605e-03   4.7113672984647184e-03   4.7887683630411801e-03   4.8542608328982538e-03   4.9078168857737397e-03   4.9494345661652093e-03   4.9791337899269634e-03   4.9969537985202726e-03   5.0029515228285576e-03   4.9972005417523724e-03   4.9797904127270145e-03   4.9508262687536289e-03   4.9104285968502850e-03   4.8587331661068180e-03   4.7958910667531907e-03   4.7220688504543869e-03   4.6374487487502664e-03   4.5422289656009071e-03   4.4366240262848911e-03   4.3208651788029439e-03   4.1952008315093367e-03   4.0598970204259142e-03   3.9152378892089307e-03   3.7615261711308984e-03   3.5990836521821870e-03   3.4282516009500729e-03   3.2493911380822240e-03   3.0628835255656793e-03   2.8691303483199039e-03   2.6685535567992375e-03
   2.4682723776933177e-03   2.2552669996860810e-03   2.0367526775583920e-03   1.8132339628157753e-03   1.5852339158842913e-03   1.3532927465893566e-03   1.1179662069097645e-03   8.7982375827348931e-04   6.3944654823458837e-04   3.9742523260959594e-04   1.5435768414061050e-04  -8.9153376690831920e-05  -3.3250279645167732e-04  -5.7508542161081465e-04  -8.1629852644545886e-04  -1.0555442108758841e-03  -1.2922317456262374e-03  -1.5257798329468494e-03  -1.7556187537950067e-03  -1.9811923618798287e-03  -2.2019598938030640e-03  -2.4173975599347708e-03  -2.6269998974262220e-03  -2.8302808654655127e-03  -3.0267746822673480e-03  -3.2160364087069388e-03  -3.3976423061287571e-03  -3.5711899873557291e-03  -3.7362983912702860e-03  -3.8926076152042922e-03  -4.0397786396582543e-03  -4.1774929697360472e-03  -4.3054522266655010e-03  -4.4233777090731240e-03  -4.5310099482724171e-03  -4.6281082727417239e-03  -4.7144504007212594e-03  -4.7898320709896924e-03  -4.8540667287032165e-03  -4.9069852737077700e-03  -4.9484358880754146e-03  -4.9782839510127633e-03  -4.9964120613874910e-03  -5.0027201820881653e-03  -4.9971259391505159e-03  -4.9795651111168415e-03  -4.9499923817372593e-03  -4.9083824594825225e-03  -4.8547317550190431e-03  -4.7890609022372774e-03  -4.7114185620775809e-03  -4.6218870135881903e-03  -4.5205898660002561e-03  -4.4077013965316070e-03  -4.2834554786817967e-03  -4.1481506735675912e-03  -4.0021486241374271e-03  -3.8458658788615850e-03  -3.6797622111752032e-03  -3.5043290629502939e-03  -3.3200802142579200e-03  -3.1275451367170524e-03  -2.9272645867605297e-03  -2.7197877778344605e-03  -2.5056705572913244e-03  -2.2854742129614775e-03  -2.0597646459460319e-03  -1.8291117544050647e-03  -1.5940889361088575e-03  -1.3552726626411726e-03  -1.1132420909983909e-03  -8.6857869571767179e-04  -6.2186591025939367e-04  -3.7368877352185253e-04  -1.2463357835646146e-04   1.2471247929130626e-04   3.7376165093903468e-04   6.2192598684845566e-04   8.6861768719946044e-04   1.1132494552063921e-03   1.3552348515840471e-03   1.5939886551248792e-03   1.8289272315621132e-03   2.0594689231782197e-03   2.2850344728287367e-03   2.5050475161517084e-03   2.7189351861489140e-03   2.9261289206270703e-03   3.1260656171392242e-03   3.3181893904670767e-03   3.5019543044352967e-03   3.6768286481524363e-03   3.8423014442558051e-03   3.9978917311167929e-03   4.1431603431116024e-03   4.2777222714628022e-03   4.4012559514708541e-03   4.5135059809139986e-03   4.6142786049812512e-03   4.7034326339978668e-03   4.7808694804200884e-03   4.8465247087529414e-03   4.9003618181424971e-03   4.9423679803905383e-03   4.9725512081641599e-03   4.9909384707028919e-03   4.9975744348522474e-03   4.9925206147131132e-03   4.9758548100073824e-03   4.9476707510957198e-03   4.9080779093479592e-03   4.8572014380839235e-03   4.7951822281934184e-03   4.7221770592643852e-03   4.6383588381244036e-03   4.5439169107319693e-03   4.4390574411112636e-03   4.3240038443486551e-03   4.1989972661072485e-03   4.0642970946512154e-03   3.9201814942852646e-03   3.7669479425941053e-03   3.6049137561269488e-03   3.4344165794812217e-03   3.2558148179907698e-03   3.0694879819575379e-03   2.8758369124268135e-03   2.6752838595960450e-03
   2.4753079584908613e-03   2.2621388537032387e-03   2.0433891988726315e-03   1.8195685434472847e-03   1.5912057420353794e-03   1.3588474451733138e-03   1.1230563241301993e-03   8.8440907517423008e-04   6.4349425099518838e-04   4.0090997306803437e-04   1.5726156733178250e-04  -8.6840839365555334e-05  -3.3078473843493162e-04  -5.7395765889102013e-04  -8.1574957769440604e-04  -1.0555553146415122e-03  -1.2927768980640847e-03  -1.5268258838960868e-03  -1.7571255948505336e-03  -1.9831132438209642e-03  -2.2042418920852937e-03  -2.4199821997180249e-03  -2.6298239241900325e-03  -2.8332771449506434e-03  -3.0298732009470747e-03  -3.2191653466301920e-03  -3.4007291368750095e-03  -3.5741625762239389e-03  -3.7390860708054977e-03  -3.8951422172207768e-03  -4.0419954674735083e-03  -4.1793317092394993e-03  -4.3068577898935497e-03  -4.4243010135952303e-03  -4.5314086343988206e-03  -4.6279473645525092e-03  -4.7137029145737277e-03  -4.7884795792637064e-03  -4.8520998815499922e-03  -4.9044042859138076e-03  -4.9452509919796868e-03  -4.9745158196277516e-03  -4.9920921980158156e-03  -4.9978912731445026e-03  -4.9918421535933956e-03  -4.9738923213656300e-03  -4.9440082503508362e-03  -4.9021762985786196e-03  -4.8484039853470134e-03  -4.7827218293998771e-03  -4.7051860240416897e-03  -4.6158823185784787e-03  -4.5149314959075952e-03  -4.4024965382307166e-03  -4.2787907530946320e-03  -4.1440847924075321e-03  -3.9987096797035222e-03  -3.8430538861394300e-03  -3.6775551401525418e-03  -3.5026897750221734e-03  -3.3189625361226866e-03  -3.1268984425924309e-03  -2.9270369577760495e-03  -2.7199280780140708e-03  -2.5061297800861985e-03  -2.2862063409489382e-03  -2.0607271989437001e-03  -1.8302661472123431e-03  -1.5954007202647561e-03  -1.3567116908980736e-03  -1.1147826302228276e-03  -8.7019950515211718e-04  -6.2355029644777253e-04  -3.7542462824961326e-04  -1.2641340294950969e-04   1.2289156095099087e-04   3.7189789023010035e-04   6.2001301817445639e-04   8.6664454725147164e-04   1.1112006143564517e-03   1.3530902618680133e-03   1.5917238192092111e-03   1.8265133042668503e-03   2.0568728595421297e-03   2.2822192488149316e-03   2.5019724585385239e-03   2.7155564825920315e-03   2.9224004214046563e-03   3.1219401021940233e-03   3.3136205438816808e-03   3.4968997471933939e-03   3.6712543957025802e-03   3.8361879422262380e-03   3.9912409678180558e-03   4.1360023963476376e-03   4.2701186548078102e-03   4.3932976668170547e-03   4.5053065109742991e-03   4.6059644503919188e-03   4.6951343537693464e-03   4.7727148807992243e-03   4.8386343943799658e-03   4.8928465970107882e-03   4.9353275074632032e-03   4.9660733763653578e-03   4.9850992350979218e-03   4.9924378751452989e-03   4.9881391317447982e-03   4.9722693936172574e-03   4.9449112913073729e-03   4.9061635325139069e-03   4.8561408642145715e-03   4.7949741455586819e-03   4.7228105204938330e-03   4.6398136791731305e-03   4.5461642000067578e-03   4.4420599624686030e-03   4.3277166224546214e-03   4.2033681392184882e-03   4.0692673430012356e-03   3.9256865292138059e-03   3.7729180635871539e-03   3.6112749770662598e-03   3.4410915295717132e-03   3.2627237105872708e-03   3.0765496474697293e-03   2.8829698850177414e-03   2.6824074919654219e-03
   2.4826245543500026e-03   2.2692545810535508e-03   2.0502334339980591e-03   1.8260764958878016e-03   1.5973191571145575e-03   1.3645150761240725e-03   1.1282341787380683e-03   8.8906045921108528e-04   6.4758965466199037e-04   4.0442685566128574e-04   1.6018410702000631e-04  -8.4521970499551219e-05  -3.2907252494094794e-04  -5.7284879033500560e-04  -8.1523439168281234e-04  -1.0556176539536321e-03  -1.2933939257495253e-03  -1.5279679110948190e-03  -1.7587559872027348e-03  -1.9851884625824334e-03  -2.2067117197745421e-03  -2.4227901755764138e-03  -2.6329079988785505e-03  -2.8365705316292845e-03  -3.0333053826385524e-03  -3.2226631887068919e-03  -3.4042180657034363e-03  -3.5775677768211797e-03  -3.7423336588942842e-03  -3.8981603626519882e-03  -4.0447154527405637e-03  -4.1816889095579023e-03  -4.3087925738693900e-03  -4.4257595654582970e-03  -4.5323437011293519e-03  -4.6283189346146229e-03  -4.7134788340697717e-03  -4.7876361121658101e-03  -4.8506222199469259e-03  -4.9022870156543415e-03  -4.9424985174358850e-03  -4.9711427506570292e-03  -4.9881236986716393e-03  -4.9933633699775033e-03  -4.9868019940324509e-03  -4.9683983661566429e-03  -4.9381303659487459e-03  -4.8959956923571449e-03  -4.8420128773708137e-03  -4.7762226857051213e-03  -4.6986900596954649e-03  -4.6095068520509465e-03  -4.5087956370835113e-03  -4.3967148541784662e-03  -4.2734651851929978e-03  -4.1392963162419586e-03  -3.9945121907696158e-03  -3.8394724637329939e-03  -3.6745888970342792e-03  -3.5003175947623216e-03  -3.3171494768456339e-03  -3.1256013104821261e-03  -2.9262085491723305e-03  -2.7195201467802724e-03  -2.5060950103735994e-03  -2.2864996368571842e-03  -2.0613065290454374e-03  -1.8310930928253631e-03  -1.5964408332383724e-03  -1.3579347315302664e-03  -1.1161627305305093e-03  -8.7171528131284770e-04  -6.2518492631990412e-04  -3.7716590292327770e-04  -1.2825375931046275e-04   1.2095502355131862e-04   3.6986340698583382e-04   6.1787416973176437e-04   8.6439028555601800e-04   1.1088153067828270e-03   1.3505537591088545e-03   1.5890115558737986e-03   1.8235964465943269e-03   2.0537185237426091e-03   2.2787908312496708e-03   2.4982301439923872e-03   2.7114580323114360e-03   2.9179023899668977e-03   3.1169997128059190e-03   3.3081985323863659e-03   3.4909644879550180e-03   3.6647874378567227e-03   3.8291905598715980e-03   3.9837403512132811e-03   4.1280552345506908e-03   4.2618101476192220e-03   4.3847358142299533e-03   4.4966136906230162e-03   4.5972689204623329e-03   4.6865634274805019e-03   4.7643902134343295e-03   4.8306690689334094e-03   4.8853434715066674e-03   4.9283783644959800e-03   4.9597585521308678e-03   4.9794875282893215e-03   4.9875866172009271e-03   4.9840943517795869e-03   4.9690660408648561e-03   4.9425734954206954e-03   4.9047048921291997e-03   4.8555647599337467e-03   4.7952740775947487e-03   4.7239704730823720e-03   4.6418085162968654e-03   4.5489600973452754e-03   4.4456148825034172e-03   4.3319808393647279e-03   4.2082848215364808e-03   4.0747732017984845e-03   3.9317125394823767e-03   3.7793902650337247e-03   3.6181153609099043e-03   3.4482190100842578e-03   3.2700551826532372e-03   3.0840011188329676e-03   2.8904576619437992e-03   2.6898493991395515e-03
   2.4901249256919660e-03   2.2765154010522008e-03   2.0571868796842975e-03   1.8326616649939154e-03   1.6034825828601137e-03   1.3702109326566322e-03   1.1334241864048270e-03   8.9371354005118712e-04   6.5168141815738630e-04   4.0793901570489269e-04   1.6310392698106998e-04  -8.2202119533574157e-05  -3.2735543224170801e-04  -5.7173246590979537e-04  -8.1471191484836869e-04  -1.0556768362631002e-03  -1.2940168411899101e-03  -1.5291303720758392e-03  -1.7604270583924488e-03  -1.9873301113095074e-03  -2.2092786863843498e-03  -2.4257301228668717e-03  -2.6361619609308450e-03  -2.8400736533414298e-03  -3.0369879116776614e-03  -3.2264516567152794e-03  -3.4080365755747022e-03  -3.5813393293826451e-03  -3.7459814711814383e-03  -3.9016091290731453e-03  -4.0478925221348007e-03  -4.1845253675840402e-03  -4.3112242247525375e-03  -4.4277278149584664e-03  -4.5337963482936965e-03  -4.6292108784976270e-03  -4.7137727050999825e-03  -4.7873028354412884e-03  -4.8496415184833518e-03  -4.9006478591331051e-03  -4.9401995223823884e-03  -4.9681925343452345e-03  -4.9845411895279709e-03  -4.9891780718498710e-03  -4.9820542010410281e-03  -4.9631393155037534e-03  -4.9324223104873699e-03  -4.8899118544230343e-03  -4.8356372234825817e-03  -4.7696494115369321e-03  -4.6920226114813583e-03  -4.6028562046628464e-03  -4.5022774529602603e-03  -4.3904450993042972e-03  -4.2675539992756929e-03  -4.1338405559505223e-03  -3.9895880990568275e-03  -3.8351306078275725e-03  -3.6708530511553009e-03  -3.4971875695376515e-03  -3.3146063916506259e-03  -3.1236134421546153e-03  -2.9247364607800337e-03  -2.7185206439850297e-03  -2.5055239696068449e-03  -2.2863139264035119e-03  -2.0614652757813016e-03  -1.8315585189900556e-03  -1.5971788114846662e-03  -1.3589151544318497e-03  -1.1173597557252299e-03  -8.7310749636873466e-04  -6.2675545950506768e-04  -3.7890249708037027e-04  -1.3014881761084498e-04   1.1890441404406922e-04   3.6765547174135251e-04   6.1550246265731207e-04   8.6184372647751838e-04   1.1060782453849970e-03   1.3476060738730456e-03   1.5858288035524380e-03   1.8201500867401764e-03   2.0499762589371601e-03   2.2747171224753188e-03   2.4937869948003940e-03   2.7066061845925212e-03   2.9126031465724392e-03   3.1112176495201914e-03   3.3019053532180108e-03   3.4841441219107708e-03   3.6574420202568430e-03   3.8213461161729031e-03   3.9754502917037464e-03   4.1193999412612731e-03   4.2528923433609016e-03   4.3756732340154226e-03   4.4875312937264870e-03   4.5882923143296265e-03   4.6778140883997205e-03   4.7559823622443922e-03   4.8227077737137041e-03   4.8779235693799002e-03   4.9215838937208796e-03   4.9536624961986023e-03   4.9741517475612972e-03   4.9830618970689586e-03   4.9804205243919241e-03   4.9662721578439912e-03   4.9406780379904688e-03   4.9037160132200984e-03   4.8554805557375225e-03   4.7960828899687412e-03   4.7256512254329188e-03   4.6443310878768809e-03   4.5522857418000707e-03   4.4496966980264894e-03   4.3367642985378931e-03   4.2137083703418649e-03   4.0807689368254577e-03   3.9382069737746838e-03   3.7863051913550223e-03   3.6253688185354568e-03   3.4557263608078806e-03   3.2777302894533115e-03   3.0917576157212501e-03   2.8982102953184329e-03   2.6975153897323481e-03
   2.4976908972970772e-03   2.2838017360951937e-03   2.0641308898375049e-03   1.8392089349110209e-03   1.6095871834009656e-03   1.3758351903085360e-03   1.1385380758820193e-03   8.9829381440104366e-04   6.5571061295982319e-04   4.1140446030470302e-04   1.6599688044428111e-04  -7.9887118067144185e-05  -3.2562093813823354e-04  -5.7057819847489610e-04  -8.1413451842563011e-04  -1.0556693574175114e-03  -1.2945679739600226e-03  -1.5302235524446779e-03  -1.7620395163037441e-03  -1.9894320082251542e-03  -2.2118324723701798e-03  -2.4286902309826820e-03  -2.6394749160513105e-03  -2.8436786099471896e-03  -3.0408175746738176e-03  -3.2304335039482000e-03  -3.4120942873529163e-03  -3.5853943150008947e-03  -3.7499543911305683e-03  -3.9054213555852020e-03  -4.0514674955284989e-03  -4.1877898247489201e-03  -4.3141092964555320e-03  -4.4301699970190241e-03  -4.5357383547158176e-03  -4.6306023902555112e-03  -4.7145710252193595e-03  -4.7874734623021492e-03  -4.8491586464154317e-03  -4.8994948149963516e-03  -4.9383691437151298e-03  -4.9656874945909367e-03  -4.9813742719159232e-03  -4.9853723934393315e-03  -4.9776433830458957e-03  -4.9581675946283720e-03  -4.9269445769260702e-03  -4.8839935956773925e-03  -4.8293543337100224e-03  -4.7630878040135008e-03  -4.6852775257429403e-03  -4.5960310428643739e-03  -4.4954818935614704e-03  -4.3837921703698580e-03  -4.2611557927747382e-03  -4.1278025064992703e-03  -3.9840023125324231e-03  -3.8300695438187645e-03  -3.6663653229255461e-03  -3.4932971617354473e-03  -3.3113152371450783e-03  -3.1209061089493709e-03  -2.9225854204888639e-03  -2.7168909944664411e-03  -2.5043771492613345e-03  -2.2856104282905545e-03  -2.0611665448844393e-03  -1.8316282330251355e-03  -1.5975837332184667e-03  -1.3596256992592193e-03  -1.1183503734517278e-03  -8.7435692740938601e-04  -6.2824690585354371e-04  -3.8062373313697823e-04  -1.3209225795450056e-04   1.1674168082452642e-04   3.6527167831441865e-04   6.1289118717453505e-04   8.5899394935858952e-04   1.1029744471537269e-03   1.3442283892504518e-03   1.5821532556498639e-03   1.8161489395143032e-03   2.0456185461890626e-03   2.2699694468616472e-03   2.4886147344178522e-03   2.7009752946285347e-03   2.9064827713354323e-03   3.1045837502029286e-03   3.2947454062439438e-03   3.4764625219076920e-03   3.6492651513949717e-03   3.8127255290324267e-03   3.9664625630263578e-03   4.1101428991514484e-03   4.2434788088746046e-03   4.3662240985391024e-03   4.4781694113612061e-03   4.5791378455489673e-03   4.6689812892642419e-03   4.7475775097760914e-03   4.8148278884211611e-03   4.8706556582344849e-03   4.9150045257185240e-03   4.9478375873803458e-03   4.9691364820772148e-03   4.9789007380614788e-03   4.9771472890146641e-03   4.9639101399121376e-03   4.9392401705811977e-03   4.9032050664971436e-03   4.8558893699519566e-03   4.7973946446906758e-03   4.7278397492267078e-03   4.6473612133148337e-03   4.5561137132513743e-03   4.4542706403410733e-03   4.3420247571792428e-03   4.2195889336932571e-03   4.0871969544287083e-03   3.9451043827124326e-03   3.7935894646302921e-03   3.6329540468877492e-03   3.4635244718680047e-03   3.2856524039378975e-03   3.0997155226224664e-03   2.9061180000854885e-03   2.7052906854956025e-03
   2.5051844243121862e-03   2.2909752469873479e-03   2.0709298879231499e-03   1.8455887024611244e-03   1.6155124252910141e-03   1.3812791512997486e-03   1.1434812820542294e-03   9.0272262126956174e-04   6.5961574127331834e-04   4.1477967158751010e-04   1.6883789871100638e-04  -7.7583373889271302e-05  -3.2385677925633163e-04  -5.6935523582529670e-04  -8.1345337748278690e-04  -1.0555290489793622e-03  -1.2949649495516205e-03  -1.5311504982157475e-03  -1.7634839781156516e-03  -1.9913749817618894e-03  -2.2142471284071425e-03  -2.4315409569210470e-03  -2.6427168349576250e-03  -2.8472576809559151e-03  -3.0446712917253736e-03  -3.2344921074251879e-03  -3.4162823342192106e-03  -3.5896324476145736e-03  -3.7541611640174379e-03  -3.9095149930417098e-03  -4.0553675101414922e-03  -4.1914184652994011e-03  -4.3173928155248870e-03  -4.4330397468481612e-03  -4.5381317298482937e-03  -4.6324636342914127e-03  -4.7158519214284622e-03  -4.7881339235724477e-03  -4.8491672185355834e-03  -4.8988291037504990e-03  -4.9370161748066646e-03  -4.9636440119153477e-03  -4.9786469789398899e-03  -4.9819781385785330e-03  -4.9736092891396882e-03  -4.9535311275751056e-03  -4.9217535463359522e-03  -4.8783060720144697e-03  -4.8232384591751463e-03  -4.7566214567139123e-03  -4.6785477754694264e-03  -4.5891332972093331e-03  -4.4885185854599908e-03  -4.3768707737682410e-03  -4.2543859171038966e-03  -4.1212918533989236e-03  -3.9778515113397060e-03  -3.8243663497525872e-03  -3.6611792729562284e-03  -3.4886760753058453e-03  -3.3072845711241239e-03  -3.1174711379617767e-03  -2.9197352615042281e-03  -2.7146032551926503e-03  -2.5026222456764279e-03  -2.2843550887340237e-03  -2.0603764313756644e-03  -1.8312698193767812e-03  -1.5976256119364621e-03  -1.3600394722168266e-03  -1.1191112503879702e-03  -8.7544412696597285e-04  -6.2964392225361911e-04  -3.8231851001323518e-04  -1.3407729397325015e-04   1.1446927933770279e-04   3.6271019102313668e-04   6.1003431878489211e-04   8.5583092010054352e-04   1.0994901480214144e-03   1.3404036255578542e-03   1.5779651174766627e-03   1.8115713589328219e-03   2.0406231310649576e-03   2.2645267143083974e-03   2.4826959026760672e-03   2.6945548145350575e-03   2.8995417543150343e-03   3.0971142788399765e-03   3.2867553338146701e-03   3.4679798601054673e-03   3.6403407850377810e-03   3.8034331414749955e-03   3.9568955324121727e-03   4.1004090456551240e-03   4.2336944128138852e-03   4.3565084170423662e-03   4.4686403042581025e-03   4.5699085985472423e-03   4.6601584370341148e-03   4.7392593990072786e-03   4.8071037489389006e-03   4.8636050142920814e-03   4.9086968319957567e-03   4.9423320171716363e-03   4.9644818202614306e-03   4.9751353508429878e-03   4.9742991516767724e-03   4.9619969126671135e-03   4.9382693158158911e-03   4.9031740056657358e-03   4.8567856796346114e-03   4.7991962949096613e-03   4.7305153878938648e-03   4.6508705038255183e-03   4.5604077331143382e-03   4.4592923519631887e-03   4.3477095629723215e-03   4.2258653317558629e-03   4.0939873111736132e-03   3.9523258436443987e-03   3.8011550225871982e-03   3.6407737858655215e-03   3.4715069995838099e-03   3.2937064668257256e-03   3.1077517739521695e-03   2.9140508672828649e-03   2.7130402140692843e-03
   2.5124530008857073e-03   2.2978863089467422e-03   2.0774408143911793e-03   1.8516678644790010e-03   1.6211379809742284e-03   1.3864373300774904e-03   1.1481644315024849e-03   9.0692727078583828e-04   6.6334086625950900e-04   4.1802526104342660e-04   1.7160386851024874e-04  -7.5297916590422886e-05  -3.2205392897347290e-04  -5.6803834925210953e-04  -8.1262680390482703e-04  -1.0551975265453697e-03  -1.2951326593109655e-03  -1.5318197787822464e-03  -1.7646537302788937e-03  -1.9930388459545403e-03  -2.2163915874327945e-03  -2.4341435901721804e-03  -2.6457449866426792e-03  -2.8506677804185383e-03  -3.0484089694087914e-03  -3.2384931201198098e-03  -3.4204741694414875e-03  -3.5939363637878187e-03  -3.7584944033050849e-03  -3.9137929708530457e-03  -4.0595058369192472e-03  -4.1953347278330831e-03  -4.3210081030694352e-03  -4.4362799364190235e-03  -4.5409285577915227e-03  -4.6347555882793471e-03  -4.7175849814258871e-03  -4.7892621776624011e-03  -4.8496533734145629e-03  -4.8986449057964107e-03  -4.9361427530497971e-03  -4.9620721519528337e-03  -4.9763773329792871e-03  -4.9790213755112724e-03  -4.9699861847180039e-03  -4.9492725934971440e-03  -4.9169005922827325e-03  -4.8729096920385028e-03  -4.8173594261100182e-03  -4.7503300010458384e-03  -4.6719231094526359e-03  -4.5822629262588458e-03  -4.4814973167338849e-03  -4.3697992962416195e-03  -4.2473687842866847e-03  -4.1144346899424158e-03  -3.9712573168780175e-03  -3.8181309765117702e-03  -3.6553865132576305e-03  -3.4833932297079892e-03  -3.3025595381733037e-03  -3.1133317964223508e-03  -2.9161911875398932e-03  -2.7116490562854485e-03  -2.5002415527121268e-03  -2.2825244243482555e-03  -2.0590684923375239e-03  -1.8304560208709944e-03  -1.5972779561034718e-03  -1.3601318786497455e-03  -1.1196204853787641e-03  -8.7635044009055658e-04  -6.3093147400513294e-04  -3.8397564956206261e-04  -1.3609672765258407e-04   1.1209040513723392e-04   3.5997028058194856e-04   6.0692739090621403e-04   8.5234675457493989e-04   1.0956145368340975e-03   1.3361187660290545e-03   1.5732502042529930e-03   1.8064034560916771e-03   2.0349784336932976e-03   2.2583823374503500e-03   2.4760323432097748e-03   2.6873591751587289e-03   2.8918116372457399e-03   3.0888619481090301e-03   3.2780113857341754e-03   3.4587954101201785e-03   3.6307873463632435e-03   3.7936000649694450e-03   3.9468856794481061e-03   4.0903337561019508e-03   4.2236687324659636e-03   4.3466471202090904e-03   4.4590548535370211e-03   4.5607049397442014e-03   4.6514354492221384e-03   4.7311078192520395e-03   4.7996054314177299e-03   4.8568324212715256e-03   4.9027126886309648e-03   4.9371890835627156e-03   4.9602227516512450e-03   4.9717926255876867e-03   4.9718950551909868e-03   4.9605435688345849e-03   4.9377687624217259e-03   4.9036183117926535e-03   4.8581571067949619e-03   4.8014675045821983e-03   4.7336497016801492e-03   4.6548222235207395e-03   4.5651225318841925e-03   4.4647077496013203e-03   4.3537555033138870e-03   4.2324648826609513e-03   4.1010575148666926e-03   3.9597787463539072e-03   3.8088989180314523e-03   3.6487147035943060e-03   3.4795504553076320e-03   3.3017594692661967e-03   3.1157250347785040e-03   2.9218610783677515e-03   2.7206122129927574e-03
   2.5193414344447029e-03   2.3043881879000624e-03   2.0835290607552266e-03   1.8573266047231635e-03   1.6263602760518004e-03   1.3912226929642269e-03   1.1525164586926489e-03   9.1085158218164204e-04   6.6684343384085817e-04   4.2111113356526968e-04   1.7427626055824274e-04  -7.3038213726734865e-05  -3.2020885269430150e-04  -5.6661260988001441e-04  -8.1162767283071192e-04  -1.0546343534143297e-03  -1.2950160884850604e-03  -1.5321606249034986e-03  -1.7654614786882003e-03  -1.9943197695177052e-03  -2.2181465339052697e-03  -2.4363655918347889e-03  -2.6484169697241532e-03  -2.8537607487012740e-03  -3.0518810384675449e-03  -3.2422896366094633e-03  -3.4245289248438018e-03  -3.5981736947363176e-03  -3.7628318200286334e-03  -3.9181439184385403e-03  -4.0637823088291152e-03  -4.1994495702627243e-03  -4.3248769512835693e-03  -4.4398227964180846e-03  -4.5440710810376326e-03  -4.6374300919665825e-03  -4.7197312659194805e-03  -4.7908281815560189e-03  -4.8505956981921040e-03  -4.8989292333261377e-03  -4.9357441733021102e-03  -4.9609754125838727e-03  -4.9745770195435803e-03  -4.9765220268692435e-03  -4.9668023466370543e-03  -4.9454288095901007e-03  -4.9124313299654526e-03  -4.8678591966113292e-03  -4.8117814933697697e-03  -4.7442876517372282e-03  -4.6654881422828771e-03  -4.5755153128458747e-03  -4.4745243868431778e-03  -4.3626946372379415e-03  -4.2402307561972517e-03  -4.1073644329320423e-03  -3.9643561373565277e-03  -3.8114970579054669e-03  -3.6491110610422034e-03  -3.4775564147462037e-03  -3.2972269017591503e-03  -3.1085518649203777e-03  -2.9119948540134318e-03  -2.7080508329168419e-03  -2.4972422288793020e-03  -2.2801143987253489e-03  -2.0572311411652523e-03  -1.8291706947716243e-03  -1.5965224153067102e-03  -1.3598841494136251e-03  -1.1198602152252292e-03  -8.7705985954438404e-04  -6.3209606061498510e-04  -3.8558456933132765e-04  -1.3814310579185636e-04   1.0960935013744984e-04   3.5705322330464921e-04   6.0356900409566162e-04   8.4853794753034651e-04   1.0913428578616360e-03   1.3313690196173514e-03   1.5680053556607764e-03   1.8006459193248630e-03   2.0286918529334695e-03   2.2515539551418778e-03   2.4686559702566105e-03   2.6794386181673057e-03   2.8833642066994161e-03   3.0799214215905478e-03   3.2686296713013607e-03   3.4490423497364640e-03   3.6207486262915208e-03   3.7833737280675694e-03   3.9365779993980853e-03   4.0800551967690238e-03   4.2135304311929963e-03   4.3367580598007941e-03   4.4495196948401367e-03   4.5516224070602579e-03   4.6428971402682944e-03   4.7231973313073775e-03   4.7923977178414550e-03   4.8503933180443562e-03   4.8970985671866248e-03   4.9324466010621766e-03   4.9563886774813045e-03   4.9688937309273649e-03   4.9699480555749440e-03   4.9595551147233715e-03   4.9377354741447404e-03   4.9045268592378885e-03   4.8599843351292528e-03   4.8041806111335829e-03   4.7372064703009604e-03   4.6591713271903487e-03   4.5702039165941488e-03   4.4704531187471459e-03   4.3600889261863332e-03   4.2393035604579715e-03   4.1083127435576948e-03   3.9673571283646673e-03   3.8167038767535724e-03   3.6566483514940146e-03   3.4875158431575863e-03   3.3096631811743884e-03   3.1234799941486794e-03   2.9293893259277615e-03   2.7278472736674180e-03
   2.5257092141324831e-03   2.3103556121557836e-03   2.0890867022464081e-03   1.8624747669648643e-03   1.6311059851137780e-03   1.3955769439800037e-03   1.1564919084915766e-03   9.1446073763160550e-04   6.7009730069491128e-04   4.2401825203443143e-04   1.7684205074702380e-04  -7.0811860684191096e-05  -3.1832378150047064e-04  -5.6507443005863003e-04  -8.1044561345686703e-04  -1.0538209285794466e-03  -1.2945865379779711e-03  -1.5321320762069057e-03  -1.7658517601867225e-03  -1.9951458026528750e-03  -2.2194222530660425e-03  -2.4380994063609458e-03  -2.6506089012911477e-03  -2.8563995521831797e-03  -3.0549417914867458e-03  -3.2457323592233575e-03  -3.4282986359115146e-03  -3.6022019516988761e-03  -3.7670394197721101e-03  -3.9224442292149584e-03  -4.0680846723285518e-03  -4.2036623881310650e-03  -4.3289102768934900e-03  -4.4435904052931539e-03  -4.5474920770028895e-03  -4.6404301388493167e-03  -4.7222435280732224e-03  -4.7927940435046395e-03  -4.8519653151826913e-03  -4.8996619503672003e-03  -4.9358088383234470e-03  -4.9603506019695529e-03  -4.9732511874903667e-03  -4.9744935867665494e-03  -4.9640796881821299e-03  -4.9420302536981172e-03  -4.9083850196495228e-03  -4.8632029205624748e-03  -4.8065624345689185e-03  -4.7385620509655009e-03  -4.6593208600070489e-03  -4.5689792674944475e-03  -4.4676998366147986e-03  -4.3556682621366857e-03  -4.2330944797425493e-03  -4.1002139126301834e-03  -3.9572888435346794e-03  -3.8046098811747309e-03  -3.6424974475247596e-03  -3.4713031536010939e-03  -3.2914108501896039e-03  -3.1032370973905756e-03  -2.9072307611824402e-03  -2.7038715399174259e-03  -2.4936674435659793e-03  -2.2771514390533812e-03  -2.0548776312420032e-03  -1.8274174149438389e-03  -1.5953559479947412e-03  -1.3592891279311551e-03  -1.1198211130810363e-03  -8.7756233990227421e-04  -6.3312794843037323e-04  -3.8713651528011437e-04  -1.4020900171948352e-04   1.0703216407637221e-04   3.5396393821831451e-04   5.9996350788084330e-04   8.4440919431656952e-04   1.0866814803776935e-03   1.3261642418469517e-03   1.5622462776169925e-03   1.7943232435925136e-03   2.0218000917881090e-03   2.2440940807679569e-03   2.4606383425697345e-03   2.6708858524050784e-03   2.8743134787833986e-03   3.0704256718183834e-03   3.2587573669369150e-03   3.4388758253216666e-03   3.6103813400389624e-03   3.7729069583084898e-03   3.9261175031205025e-03   4.0697081705816365e-03   4.2034029416232205e-03   4.3269529663868917e-03   4.4401350171184815e-03   4.5427500550964473e-03   4.6346219328202137e-03   4.7155962344762022e-03   4.7855392540275743e-03   4.8443371060698627e-03   4.8918949663872948e-03   4.9281364381452471e-03   4.9530030422695066e-03   4.9664538297117082e-03   4.9684651157949873e-03   4.9590303358461674e-03   4.9381600237371525e-03   4.9058819140086959e-03   4.8622411707943082e-03   4.8073007461004510e-03   4.7411418730337928e-03   4.6638646996600757e-03   4.5755890734120817e-03   4.4764554874899744e-03   4.3666262068555858e-03   4.2462865932374888e-03   4.1156466540740715e-03   3.9749428315998571e-03   3.8244400320915765e-03   3.6644338422860494e-03   3.4952527862038979e-03   3.3172603406025737e-03   3.1308562823122912e-03   2.9364768517743641e-03   2.7345933638360724e-03
   2.5314480847093636e-03   2.3156998829258228e-03   2.0940438028602976e-03   1.8670590255411364e-03   1.6353355322822783e-03   1.3994712302399742e-03   1.1600698337731732e-03   9.1773929984936332e-04   6.7309064609917600e-04   4.2673702527183205e-04   1.7929296597303073e-04  -6.8626282009194578e-05  -3.1640534137430325e-04  -5.6342927099449957e-04  -8.0908412514167768e-04  -1.0527575322102425e-03  -1.2938393210720702e-03  -1.5317222318282861e-03  -1.7658027633826662e-03  -1.9954822331481482e-03  -2.2201681567903427e-03  -2.4392760951474609e-03  -2.6522321508300156e-03  -2.8584762975189014e-03  -3.0574666455285330e-03  -3.2486845416025154e-03  -3.4316400734515622e-03  -3.6058771912861006e-03  -3.7709775051027786e-03  -3.9265620942921624e-03  -4.0722912810963151e-03  -4.2078628465689119e-03  -4.3330094155457684e-03  -4.4474956426040786e-03  -4.5511155884395849e-03  -4.6436904491558208e-03  -4.7250666657778825e-03  -4.7951143743989143e-03  -4.8537261436907460e-03  -4.9008159503598752e-03  -4.9363183554340670e-03  -4.9601878544290184e-03  -4.9723983838939551e-03  -4.9729429715744487e-03  -4.9618335223139158e-03  -4.9391007329163969e-03  -4.9047941318234988e-03  -4.8589822390486077e-03  -4.8017528436564011e-03  -4.7332133951886258e-03  -4.6534915070849366e-03  -4.5627355691183254e-03  -4.4611154673188762e-03  -4.3488234080357588e-03  -4.2260748433873519e-03  -4.0931094892942641e-03  -3.9501924233509931e-03  -3.7976152335660643e-03  -3.6356971692823618e-03  -3.4647862126848394e-03  -3.2852599542083968e-03  -3.0975261008203249e-03  -2.9020224491909884e-03  -2.6992161596590672e-03  -2.4896022178135832e-03  -2.2737011268969187e-03  -2.0520560108104931e-03  -1.8252293784792599e-03  -1.5937998313599563e-03  -1.3583589648544661e-03  -1.1195086222319745e-03  -8.7785855755135255e-04  -6.3402448751802309e-04  -3.8862647139101633e-04  -1.4228753916180440e-04   1.0436751421818435e-04   3.5071325044094413e-04   5.9612470338615711e-04   8.3997856865891197e-04   1.0816545486778692e-03   1.3205369403580399e-03   1.5560165499885791e-03   1.7874930082008224e-03   2.0143775191379795e-03   2.2360960097586977e-03   2.4520925430176624e-03   2.6618327581542007e-03   2.8648070412395591e-03   3.0605331427929049e-03   3.2485580287716941e-03   3.4284588824022950e-03   3.5998433269014670e-03   3.7623490265878473e-03   3.9156428403159292e-03   4.0594197083594101e-03   4.1934014076423992e-03   4.3173352740479669e-03   4.4309929530728879e-03   4.5341692182529498e-03   4.6266808765446036e-03   4.7083657734833390e-03   4.7790819027352105e-03   4.8387066241725677e-03   4.8871359913521123e-03   4.9242841907451004e-03   4.9500830931064055e-03   4.9644819195139240e-03   4.9674470230211647e-03   4.9589617893328356e-03   4.9390266586022509e-03   4.9076592732970725e-03   4.8648947562512481e-03   4.8107861266747549e-03   4.7454048622291196e-03   4.6688416209049472e-03   4.5812071394974773e-03   4.4826333351735579e-03   4.3732746437866133e-03   4.2533096422470024e-03   4.1229430048115570e-03   3.9824078388874034e-03   3.8319683939656195e-03   3.6719230265120587e-03   3.5026071018886139e-03   3.3243952586085534e-03   3.1377022823789839e-03   2.9429819732316844e-03   2.7407238376956793e-03
   2.5364913146538864e-03   2.3203732005532079e-03   2.0983682634109781e-03   1.8710593113410324e-03   1.6390373641201128e-03   1.4028994853583689e-03   1.1632472194192569e-03   9.2068543634531575e-04   6.7582144442007459e-04   4.2926427228109958e-04   1.8162405680663098e-04  -6.6488505295144178e-05  -3.1446266905000322e-04  -5.6168813521340890e-04  -8.0755554146392313e-04  -1.0514569652780952e-03  -1.2927864551802329e-03  -1.5309406134522061e-03  -1.7653192646482484e-03  -1.9953262624785887e-03  -2.2203705150240496e-03  -2.4398673461071114e-03  -2.6532403602702501e-03  -2.8599240324328023e-03  -3.0593672720529729e-03  -3.2510381461652803e-03  -3.4344297001568649e-03  -3.6090663725747880e-03  -3.7745099920206302e-03  -3.9303640888347759e-03  -4.0762756004118720e-03  -4.2119339489221910e-03  -4.3370682538222257e-03  -4.4514437267850152e-03  -4.5548580765966580e-03  -4.6471383643145597e-03  -4.7281384299938216e-03  -4.7977368524169603e-03  -4.8558353454182896e-03  -4.9023574978300111e-03  -4.9372477832371033e-03  -4.9604707885535209e-03  -4.9720106263168844e-03  -4.9718705084799246e-03  -4.9600724656938154e-03  -4.9366572018269489e-03  -4.9016840748801211e-03  -4.8552311982527734e-03  -4.7973956559573504e-03  -4.7282938271037550e-03  -4.6480618139694051e-03  -4.5568559691422615e-03  -4.4548535156687195e-03  -4.3422532546163600e-03  -4.2192763510322771e-03  -4.0861671884547170e-03  -3.9431942738922905e-03  -3.7906511691189640e-03  -3.6288574093953879e-03  -3.4581593533979309e-03  -3.2789308833480525e-03  -3.0915738629235332e-03  -2.8965182235590166e-03  -2.6942215657951418e-03  -2.4851682017143781e-03  -2.2698675909724893e-03  -2.0488522079973441e-03  -1.8226749817596343e-03  -1.5919064957975394e-03  -1.3571321376817476e-03  -1.1189493626619061e-03  -8.7796518714714303e-04  -6.3479396497722555e-04  -3.9005544163062507e-04  -1.4437304242467683e-04   1.0162767335065824e-04   3.4732047011147685e-04   5.9207988960445447e-04   8.3528278368307017e-04   1.0763100092400022e-03   1.3145483575347620e-03   1.5493927732284530e-03   1.7802488798995483e-03   2.0065357771414712e-03   2.2276890060606612e-03   2.4431635231005272e-03   2.6524364827358246e-03   2.8550096279797814e-03   3.0504111237932246e-03   3.2381967598752825e-03   3.4179505408582236e-03   3.5892847342094809e-03   3.7518394813467787e-03   3.9052821037591553e-03   4.0493062088459136e-03   4.1836306872314157e-03   4.3079986676215669e-03   4.4221764783232021e-03   4.5259526458155154e-03   4.6191369538444976e-03   4.7015595757115385e-03   4.7730702908206912e-03   4.8335377911571326e-03   4.8828490840448248e-03   4.9209089943052396e-03   4.9476397708581952e-03   4.9629808003886534e-03   4.9668884333410011e-03   4.9593359255753798e-03   4.9403135023086174e-03   4.9098285496624906e-03   4.8679059435348584e-03   4.8145885256650972e-03   4.7499377438230198e-03   4.6740344770145803e-03   4.5869800799473179e-03   4.4888976929257796e-03   4.3799338867256312e-03   4.2602607285181192e-03   4.1300783691652354e-03   3.9896182131066958e-03   3.8391466144237526e-03   3.6789687704980503e-03   3.5094320938966065e-03   3.3309280128808634e-03   3.1438912356413209e-03   2.9487961521437512e-03   2.7461510317172751e-03
   2.5408116650449284e-03   2.3243625439729430e-03   2.1020571611443041e-03   1.8744791820723265e-03   1.6422185884270555e-03   1.4058701003024914e-03   1.1660320371318954e-03   9.2330545650680276e-04   6.7829346368498088e-04   4.3160062672275911e-04   1.8383245561267916e-04  -6.4405079809680231e-05  -3.1250601034180770e-04  -5.5986481741046937e-04  -8.0587688159317722e-04  -1.0499389379619954e-03  -1.2914495482013362e-03  -1.5298096035336393e-03  -1.7644228793093455e-03  -1.9946966747418152e-03  -2.2200425907256418e-03  -2.4398775315450888e-03  -2.6536250618452478e-03  -2.8607173117123981e-03  -3.0605976893352802e-03  -3.2527247130587997e-03  -3.4365772329866076e-03  -3.6116610406003568e-03  -3.7775162832847566e-03  -3.9337243898300229e-03  -4.0799128492702164e-03  -4.2157566470897197e-03  -4.3409764198583303e-03  -4.4553344698014807e-03  -4.5586300738109263e-03  -4.6506951039963764e-03  -4.7313904105792280e-03  -4.8006030106905219e-03  -4.8582439583302415e-03  -4.9042467350477823e-03  -4.9385660290113698e-03  -4.9611768063859323e-03  -4.9720736123657506e-03  -4.9712700603274955e-03  -4.9587984831278541e-03  -4.9347097280488120e-03  -4.8990730830644740e-03  -4.8519763239411734e-03  -4.7935258743201387e-03  -4.7238470708498691e-03  -4.6430845267038303e-03  -4.5514025859623294e-03  -4.4489858616965500e-03  -4.3360398487737534e-03  -4.2127916018804296e-03  -4.0794904648217296e-03  -3.9364088350044690e-03  -3.7838429388639861e-03  -3.6221135862549818e-03  -3.4515668608116473e-03  -3.2725746913412289e-03  -3.0855352285510534e-03  -2.8908729580241271e-03  -2.6890384640752231e-03  -2.4805077632448110e-03  -2.2657811796280691e-03  -2.0453817667152332e-03  -1.8198533143155859e-03  -1.5897580369741975e-03  -1.3556740797517539e-03  -1.1181929765389676e-03  -8.7791717113806116e-04  -6.3545767513044024e-04  -3.9143189656928819e-04  -1.4646163371694274e-04   9.8828802483707032e-05   3.4381439602302748e-04   5.8787123163432480e-04   8.3037837030227918e-04   1.0707198560678279e-03   1.3082868999598856e-03   1.5424802553317004e-03   1.7727127627160768e-03   1.9984119962958543e-03   2.2190229058533582e-03   2.4340103156385452e-03   2.6428611370203979e-03   2.8450861764296358e-03   3.0402214754774296e-03   3.2278291634535192e-03   3.4074978419921338e-03   3.5788425668315119e-03   3.7415045147451607e-03   3.8951504101767485e-03   4.0394717920444268e-03   4.1741841830809350e-03   4.2990262136125331e-03   4.4137587365608785e-03   4.5181639643757316e-03   4.6120446467449406e-03   4.6952233063552598e-03   4.7675415425878723e-03   4.8288594135639327e-03   4.8790549022370896e-03   4.9180234742575660e-03   4.9456777317264866e-03   4.9619471700790199e-03   4.9667780423512603e-03   4.9601333391639819e-03   4.9419928904570328e-03   4.9123536005110362e-03   4.8712298270731161e-03   4.8186539241857878e-03   4.7546769721397968e-03   4.6793697350797497e-03   4.5928239019815357e-03   4.4951537006615791e-03   4.3864980051936224e-03   4.2670230963479557e-03   4.1369262202015349e-03   3.9964399836052321e-03   3.8458372945047222e-03   3.6854360136896283e-03   3.5156019299600267e-03   3.3367486456805590e-03   3.1493338056851174e-03   2.9538524849075597e-03   2.7508294219084363e-03
   2.5444117587735144e-03   2.3276788729440397e-03   2.1051262799305181e-03   1.8773364994491646e-03   1.6448970823086631e-03   1.4083994690306861e-03   1.1684381388999169e-03   9.2560993554646862e-04   6.8051350161494792e-04   4.3374877801134824e-04   1.8591654198111214e-04  -6.2382032900394675e-05  -3.1054580422938672e-04  -5.5797408258166452e-04  -8.0406705239105308e-04  -1.0482261965280024e-03  -1.2898547303800243e-03  -1.5283580533063466e-03  -1.7631442309726298e-03  -1.9936245292083953e-03  -2.2192140345171189e-03  -2.4393324156804616e-03  -2.6534049172984180e-03  -2.8608637292730256e-03  -3.0611499565112435e-03  -3.2537164985335021e-03  -3.4380322172467750e-03  -3.6135877399333166e-03  -3.7799029481848691e-03  -3.9365354725770310e-03  -4.0830885480789064e-03  -4.2192161124744859e-03  -4.3446236977788474e-03  -4.4590653784670449e-03  -4.5623384117107592e-03  -4.6542774257778531e-03  -4.7347493169097310e-03  -4.8036492540030505e-03  -4.8608977178640298e-03  -4.9064383507541783e-03  -4.9402363915683409e-03  -4.9622775292901189e-03  -4.9725670609188288e-03  -4.9711292823718198e-03  -4.9580070665785304e-03  -4.9332615998874639e-03  -4.8969722567736287e-03  -4.8492365986050221e-03  -4.7901704849755379e-03  -4.7199082878889281e-03  -4.6386031998764433e-03  -4.5464276272142246e-03  -4.4435736593553491e-03  -4.3302536046094867e-03  -4.2067005806740295e-03  -4.0731691466612740e-03  -3.9299359592717253e-03  -3.7773004315038252e-03  -3.6155853668605113e-03  -3.4451375328226497e-03  -3.2663281301164144e-03  -3.0795531101898868e-03  -2.8852332756801363e-03  -2.6838141082811524e-03  -2.4757652796807798e-03  -2.2615797934775281e-03  -2.0417727437007827e-03  -1.8168797163821671e-03  -1.5874548838981060e-03  -1.3540688595260523e-03  -1.1173064015146865e-03  -8.7776405677988402e-04  -6.3604781881512686e-04  -3.9277084543940237e-04  -1.4855125378189518e-04   9.5990017562002980e-05   3.4023130843231612e-04   5.8355234053260947e-04   8.2533636662092803e-04   1.0649723995683480e-03   1.3018575365116199e-03   1.5353993678799336e-03   1.7650184301754349e-03   1.9901506322330892e-03   2.2102495627085521e-03   2.4247885826064190e-03   2.6332626193983958e-03   2.8351896020538600e-03   3.0301114988257657e-03   3.2175949583723540e-03   3.3972315919691986e-03   3.5686379459503341e-03   3.7314552159528106e-03   3.8853487706062635e-03   4.0300075373216945e-03   4.1651433003818111e-03   4.2904899502738108e-03   4.4058027187607951e-03   4.5108574227036040e-03   4.6054497389429799e-03   4.6893945234232192e-03   4.7625251889676984e-03   4.8246931495847020e-03   4.8757673418766464e-03   4.9156338288496217e-03   4.9441954955306610e-03   4.9613718411376075e-03   4.9670988779827209e-03   4.9613291432351785e-03   4.9440318369140656e-03   4.9151930969178166e-03   4.8748164330080250e-03   4.8229233439068958e-03   4.7595541628266697e-03   4.6847691928228932e-03   4.5986502379425677e-03   4.5013026785945499e-03   4.3928583084901357e-03   4.2734791692902703e-03   4.1433625486551303e-03   4.0027469466236290e-03   3.8519181311289239e-03   3.6912135595571164e-03   3.5210232127705510e-03   3.3417858880776556e-03   3.1539818402374180e-03   2.9581238949650734e-03   2.7547490594403042e-03
   2.5473133198842110e-03   2.3303474264687670e-03   2.1076018305304376e-03   1.8796566206048225e-03   1.6470960769089072e-03   1.4105078179599026e-03   1.1704821367709746e-03   9.2761145079926473e-04   6.8248981616289420e-04   4.3571248053485734e-04   1.8787545765126259e-04  -6.0424884921375702e-05  -3.0859223134123106e-04  -5.5603071957673078e-04  -8.0214534307942228e-04  -1.0463423544747848e-03  -1.2880296743780595e-03  -1.5266173102544494e-03  -1.7615177923647463e-03  -1.9921466398532019e-03  -2.2179228777233244e-03  -2.4382696426506548e-03  -2.6526149380426698e-03  -2.8603926385064446e-03  -3.0610439011436864e-03  -3.2540192377092159e-03  -3.4387816177268650e-03  -3.6148110650985250e-03  -3.7816111713652721e-03  -3.9387175930066685e-03  -4.0857076971548729e-03  -4.2222092685694872e-03  -4.3479056452889559e-03  -4.4625356650555489e-03  -4.5658890842761252e-03  -4.6577997193575690e-03  -4.7381385658726034e-03  -4.8068081040298968e-03  -4.8637380600992158e-03  -4.9088824018706512e-03  -4.9422172408353296e-03  -4.9637393606092855e-03  -4.9734651765165842e-03  -4.9714300014229596e-03  -4.9576875402466613e-03  -4.9323095658031823e-03  -4.8953857447016254e-03  -4.8470235930759614e-03  -4.7873485458949563e-03  -4.7165041282737743e-03  -4.6346522169448644e-03  -4.5419733827457218e-03  -4.4386673028010085e-03  -4.3249532327757478e-03  -4.2010705262412367e-03  -4.0672791882097386e-03  -3.9238604455396793e-03  -3.7711173154370238e-03  -3.6093751457659546e-03  -3.4389820999755323e-03  -3.2603095498969187e-03  -3.0737523343950038e-03  -2.8797288443354442e-03  -2.6786808867024429e-03  -2.4710732773368998e-03  -2.2573931423197900e-03  -2.0381489065771363e-03  -1.8138689645531313e-03  -1.5851000537818129e-03  -1.3524053813012658e-03  -1.1163625567531031e-03  -8.7756139316622463e-04  -6.3660163038148333e-04  -3.9409062842761414e-04  -1.5064105919978166e-04   9.3131392434342550e-05   3.3661032210679343e-04   5.7918090744515818e-04   8.2023223034728438e-04   1.0591596278933517e-03   1.2953670628841618e-03   1.5282694897254222e-03   1.7572951694906009e-03   1.9818878773595538e-03   2.2015089365142399e-03   2.4156390164359639e-03   2.6237796395491555e-03   2.8254543613430876e-03   3.0202096177637631e-03   3.2076152534051185e-03   3.3872647517619228e-03   3.5587752066640896e-03   3.7217870870549599e-03   3.8759638355642745e-03   4.0209913473493921e-03   4.1565773668669238e-03   4.2824508377226041e-03   4.3983612310962619e-03   4.5040778783591679e-03   4.5993893235644016e-03   4.6841027136979383e-03   4.7580432364208638e-03   4.8210536185753503e-03   4.8729936918087812e-03   4.9137400368066374e-03   4.9431857112015882e-03   4.9612400730565751e-03   4.9678287058211642e-03   4.9628934597027692e-03   4.9463926196422143e-03   4.9183012235000691e-03   4.8786115539736280e-03   4.8273338524847404e-03   4.7644973183458231e-03   4.6901515100650397e-03   4.6043683163193164e-03   4.5072447628721202e-03   4.3989069783109932e-03   4.2795156322000443e-03   4.1492728119180925e-03   4.0084295204819327e-03   3.8572918082051305e-03   3.6962229822772356e-03   3.5256403494478435e-03   3.3460072906132256e-03   3.1578232383599955e-03   2.9616141342732561e-03   2.7579247840007403e-03
   2.5495486970920156e-03   2.3324007874566252e-03   2.1095150292786092e-03   1.8814682913048135e-03   1.6488410856493466e-03   1.4122169064671303e-03   1.1721816873930919e-03   9.2932332591446959e-04   6.8423124867670031e-04   4.3749599866083722e-04   1.8970883576659611e-04  -5.8538656625192073e-05  -3.0665496092708395e-04  -5.5404901361714510e-04  -8.0013059260529841e-04  -1.0443107059176925e-03  -1.2860019822739418e-03  -1.5246190670142653e-03  -1.7595790271229819e-03  -1.9903017740303544e-03  -2.2162105167202765e-03  -2.4367322679411819e-03  -2.6512984413624473e-03  -2.8593456083831148e-03  -3.0603165287495246e-03  -3.2536616390928786e-03  -3.4388412853986741e-03  -3.6153291342245885e-03  -3.7826173208582660e-03  -3.9402238430118596e-03  -4.0877022310807426e-03  -4.2246523916679782e-03  -4.3507299706641621e-03  -4.4656510719392282e-03  -4.5691907432036574e-03  -4.6611765472595800e-03  -4.7414801783574167e-03  -4.8100096669865134e-03  -4.8667032946251871e-03  -4.9115252751566882e-03  -4.9444628198307477e-03  -4.9655241621711192e-03  -4.9747372235951614e-03  -4.9721487053308181e-03  -4.9578234788208442e-03  -4.9318441930764744e-03  -4.8943110531943605e-03  -4.8453417364664707e-03  -4.7850714271863819e-03  -4.7136529516610950e-03  -4.6312570027217609e-03  -4.5380724395430519e-03  -4.4343066540241029e-03  -4.3201859898494210e-03  -4.1959562042586810e-03  -4.0618829566881785e-03  -3.9182523106080815e-03  -3.7653712276194905e-03  -3.6035680350506500e-03  -3.4331928378880106e-03  -3.2546178483853915e-03  -3.0682375998863712e-03  -2.8744690065832385e-03  -2.6737512330078429e-03  -2.4665453471746845e-03  -2.2533337160038922e-03  -2.0346191282694963e-03  -1.8109236416398410e-03  -1.5827871637683494e-03  -1.3507657819822061e-03  -1.1154298790716172e-03  -8.7736207627663000e-04  -6.3715504929129797e-04  -3.9540925498483939e-04  -1.5273060079665031e-04   9.0271920274501830e-05   3.3298861555711720e-04   5.7481148799905896e-04   8.1513663409132843e-04   1.0533666276898957e-03   1.2889128713446400e-03   1.5211978799464692e-03   1.7496574598826087e-03   1.9737427331871886e-03   2.1929219617010547e-03   2.4066821260085602e-03   2.6145302338557129e-03   2.8159943422745538e-03   3.0106242907551321e-03   3.1979921544674733e-03   3.3776924491576263e-03   3.5493421204462385e-03   3.7125803490143058e-03   3.8670682129482515e-03   4.0124882414587087e-03   4.1485438927833362e-03   4.2749589837654109e-03   4.3914770971690605e-03   4.4978609852656202e-03   4.5938919891312371e-03   4.6793694860356554e-03   4.7541103793888127e-03   4.8179486398314559e-03   4.8707349095128702e-03   4.9123361762871695e-03   4.9426355297484733e-03   4.9615320061676127e-03   4.9689405368475081e-03   4.9647920108106952e-03   4.9490334745580494e-03   4.9216284927068275e-03   4.8825577166328061e-03   4.8318197252854760e-03   4.7694322573449289e-03   4.6954340138486098e-03   4.6098873286758860e-03   4.5128821042113290e-03   4.4045414724088626e-03   4.2850293656281381e-03   4.1545593701260318e-03   4.0134027664415865e-03   3.8618926080251632e-03   3.7004214692647388e-03   3.5294332993195676e-03   3.3494123167376430e-03   3.1608721778533700e-03   2.9643472593911544e-03   2.7603863981445374e-03
   2.5511553234853750e-03   2.3338747299237808e-03   2.1108989951304901e-03   1.8828013122563149e-03   1.6501581575762289e-03   1.4135487488260107e-03   1.1735545793687197e-03   9.3075899506603235e-04   6.8574679309981389e-04   4.3910383346693532e-04   1.9141665594069380e-04  -5.6727898603513608e-05  -3.0474306638303975e-04  -5.5204253685265194e-04  -7.9804083002301047e-04  -1.0421536723875596e-03  -1.2837983753821857e-03  -1.5223942140423197e-03  -1.7573628119620776e-03  -1.9881285326117902e-03  -2.2141188897507047e-03  -2.4347649871031231e-03  -2.6495020185628220e-03  -2.8577698656674175e-03  -3.0590138724632511e-03  -3.2526859214005847e-03  -3.4382460374935446e-03  -3.6151648529733596e-03  -3.7829274471584940e-03  -3.9410392140567761e-03  -4.0890343494030049e-03  -4.2264868768151602e-03  -4.3530226689550188e-03  -4.4683291021306972e-03  -4.5721587039312898e-03  -4.6643255944648970e-03  -4.7446969682378801e-03  -4.8131833067196267e-03  -4.8697299294217199e-03  -4.9143107700422729e-03  -4.9469241511434520e-03  -4.9675900274276010e-03  -4.9763481944692612e-03  -4.9732571272308691e-03  -4.9583932235843448e-03  -4.9318503299903482e-03  -4.8937394660122377e-03  -4.8441887058453250e-03  -4.7833431816515989e-03  -4.7113651918743353e-03  -4.6284343943618651e-03  -4.5347480744950099e-03  -4.4305214725239069e-03  -4.3159881612698878e-03  -4.1914004588469566e-03  -4.0570298653874477e-03  -3.9131675063312958e-03  -3.7601245675198216e-03  -3.5982326994337750e-03  -3.4278443711696742e-03  -3.2493331461210420e-03  -3.0630938513694279e-03  -2.8695426132733580e-03  -2.6691167280529495e-03  -2.4622743320726163e-03  -2.2494938566968714e-03  -2.0312732455110942e-03  -1.8081289202603276e-03  -1.5805944951909426e-03  -1.3492192559083872e-03  -1.1145664217730481e-03  -8.7721121908484339e-04  -6.3773879724311354e-04  -3.9674202163407724e-04  -1.5481917714815701e-04   8.7428390759723207e-05   3.2939866893598940e-04   5.7049138333184891e-04   8.1011039173473835e-04   1.0476660413110824e-03   1.2825774558312606e-03   1.5142747239993140e-03   1.7422009460355847e-03   1.9658141073821351e-03   2.1845887412757069e-03   2.3980173594176884e-03   2.6056116259711294e-03   2.8069032707718094e-03   3.0014447446861177e-03   3.1888096393179175e-03   3.3685928847226577e-03   3.5404107556724776e-03   3.7039007180361149e-03   3.8587211465636096e-03   4.0045509411900963e-03   4.1410890728631241e-03   4.2680540806078063e-03   4.3851835439228893e-03   4.4922335469959832e-03   4.5889781530866489e-03   4.6752089004903248e-03   4.7507343348050677e-03   4.8153795856123970e-03   4.8689860004204714e-03   4.9114108428713384e-03   4.9425270683369337e-03   4.9622231853924783e-03   4.9704032201401552e-03   4.9669867986368394e-03   4.9519093771520544e-03   4.9251226576340406e-03   4.8865952582144894e-03   4.8363137460938222e-03   4.7742842227470935e-03   4.7005347613598659e-03   4.6151191557861470e-03   4.5181225544630513e-03   4.4096694224961559e-03   4.2899335084063076e-03   4.1591478530974097e-03   4.0176112217677829e-03   3.8656875772069420e-03   3.7037982753920671e-03   3.5324100502119355e-03   3.3520227742522631e-03   3.1631594412044567e-03   2.9663589895627071e-03   2.7621715380699808e-03
   2.5521724570298113e-03   2.3348058158444811e-03   2.1117870196907295e-03   1.8836853278370840e-03   1.6510730343251867e-03   1.4145250106555719e-03   1.1746182897419911e-03   9.3193167543611740e-04   6.8704536367919251e-04   4.4054057069645424e-04   1.9299916391109814e-04  -5.4996706670005241e-05  -3.0286497589341081e-04  -5.5002403215105697e-04  -7.9589308402067919e-04  -1.0398925287280134e-03  -1.2814443175505556e-03  -1.5199723243114562e-03  -1.7549027116877032e-03  -1.9856643054913161e-03  -2.2116889732303260e-03  -2.4324120245694872e-03  -2.6472726388137293e-03  -2.8557143609780527e-03  -3.0571857058775457e-03  -3.2511409708940132e-03  -3.4370413902064575e-03  -3.6143569067265844e-03  -3.7825689596548708e-03  -3.9411749090329656e-03  -4.0896948482398504e-03  -4.2276814398396522e-03  -4.3547324690189843e-03  -4.4705038814628765e-03  -4.5747191305563961e-03  -4.6671709067820592e-03  -4.7477149737662691e-03  -4.8162594920009997e-03  -4.8727541230861602e-03  -4.9171812782398084e-03  -4.9495500269478576e-03  -4.9698921301514964e-03  -4.9782595529637846e-03  -4.9747229058140705e-03  -4.9593704796196013e-03  -4.9323076530677096e-03  -4.8936565567863763e-03  -4.8435559147429717e-03  -4.7821610237509015e-03  -4.7096438377900226e-03  -4.6261931402311884e-03  -4.5320147852127863e-03  -4.4273319967629557e-03  -4.3123857113520582e-03  -4.1874349521693662e-03  -4.0527572214853810e-03  -3.9086488964786403e-03  -3.7554256127061056e-03  -3.5934226169700516e-03  -3.4229950694744712e-03  -3.2445182717783985e-03  -3.0583877995472974e-03  -2.8650195084242757e-03  -2.6648493917031200e-03  -2.4583332658009399e-03  -2.2459462570604913e-03  -2.0281820704206146e-03  -1.8055520363505306e-03  -1.5785839275715822e-03  -1.3478205508476984e-03  -1.1138181230682298e-03  -8.7714445748138747e-04  -6.3837698118070826e-04  -3.9810061782835805e-04  -1.5690556080582532e-04   8.4615025651238758e-05   3.2586735220333852e-04   5.6625935891430892e-04   8.0520305399484147e-04   1.0421167968537163e-03   1.2764274999411856e-03   1.5075727077751462e-03   1.7350025290338278e-03   1.9581813829743274e-03   2.1765895427921095e-03   2.3897244475598305e-03   2.5971017833126904e-03   2.7982563247494941e-03   2.9927425518790169e-03   3.1801350430576540e-03   3.3600286785169663e-03   3.5320386694445080e-03   3.6958004448776919e-03   3.8509694147458298e-03   3.9972206453274513e-03   4.1342484595582405e-03   4.2617659953639803e-03   4.3795047301350533e-03   4.4872139999419846e-03   4.5846605165007406e-03   4.6716279076554398e-03   4.7479162799534845e-03   4.8133418279136730e-03   4.8677364858886732e-03   4.9109476480091972e-03   4.9428379516997063e-03   4.9632851547776607e-03   4.9721821057776231e-03   4.9694368507957132e-03   4.9549728942810244e-03   4.9287296969118136e-03   4.8906634904738733e-03   4.8407486139589572e-03   4.7789796410932072e-03   4.7053748083480656e-03   4.6199813707308440e-03   4.5228835996148345e-03   4.4142134623565048e-03   4.2941624494121991e-03   4.1629907141115651e-03   4.0210291010968867e-03   3.8686725012597343e-03   3.7063673061466310e-03   3.5345977143380987e-03   3.3538741601264461e-03   3.1647249701127786e-03   2.9676908263517590e-03   2.7633212633755228e-03
   2.5526393672665312e-03   2.3352301595999676e-03   2.1122117076995809e-03   1.8841491991267918e-03   1.6516106875861113e-03   1.4151666806792517e-03   1.1753897620464544e-03   9.3285422211221523e-04   6.8813569870402496e-04   4.4181081599129759e-04   1.9445682628536979e-04  -5.3348750523757364e-05  -3.0102848655803155e-04  -5.4800540651956373e-04  -7.9370334774240279e-04  -1.0375473193108070e-03  -1.2789638608858083e-03  -1.5173813990987316e-03  -1.7522306046826735e-03  -1.9829447474208240e-03  -2.2089600567229942e-03  -2.4297160879761174e-03  -2.6446561122828666e-03  -2.8532275388572130e-03  -3.0548824113360005e-03  -3.2490780293330359e-03  -3.4352778151737597e-03  -3.6129525931738473e-03  -3.7815826014619179e-03  -3.9406607309918950e-03  -4.0896977320723279e-03  -4.2282302626967579e-03  -4.3558323579639541e-03  -4.4721296108188582e-03  -4.5768128295214892e-03  -4.6696461758528847e-03  -4.7504660224259197e-03  -4.8191717711169270e-03  -4.8757132251917735e-03  -4.9200790351338862e-03  -4.9522880543229290e-03  -4.9723836285451529e-03  -4.9804300303913987e-03  -4.9765103040073106e-03  -4.9607249731072828e-03  -4.9331912822126751e-03  -4.8940427728842708e-03  -4.8434290814246706e-03  -4.7815158925928036e-03  -4.7084850066530523e-03  -4.6245344954593520e-03  -4.5298789252819320e-03  -4.4247496344580611e-03  -4.3093950483853467e-03  -4.1840810234748359e-03  -4.0490912018480082e-03  -3.9047273684205963e-03  -3.7513097895496218e-03  -3.5891775222377902e-03  -3.4186886698584873e-03  -3.2402205709252036e-03  -3.0541698906113761e-03  -2.8609526036350841e-03  -2.6610038355604979e-03  -2.4547775457583534e-03  -2.2427460296554572e-03  -2.0253992316035577e-03  -1.8032438438690119e-03  -1.5768021965676957e-03  -1.3466109331811487e-03  -1.1132194889536106e-03  -8.7718837658624493e-04  -6.3908730944941628e-04  -3.9949317913777168e-04  -1.5898792635057646e-04   8.1843672233979564e-05   3.2241625864732324e-04   5.6214616464083668e-04   8.0045365534839709e-04   1.0367651199920480e-03   1.2705151665358399e-03   1.5011485970840689e-03   1.7281222245101779e-03   1.9509065148815047e-03   2.1689870261573621e-03   2.3818656416660180e-03   2.5890615794944790e-03   2.7901121888691039e-03   2.9845735305622668e-03   3.1720207712481702e-03   3.3520483925481284e-03   3.5242702488954849e-03   3.6883194854068686e-03   3.8438483524148668e-03   3.9905279226926148e-03   4.1280477498416967e-03   4.2561154696464168e-03   4.3744563798234102e-03   4.4828129953529919e-03   4.5809446127191749e-03   4.6686268752310503e-03   4.7456513722174886e-03   4.8118252603407217e-03   4.8669709411392325e-03   4.9109257810209493e-03   4.9435419125982991e-03   4.9646861053901231e-03   4.9742397578386704e-03   4.9720990121667587e-03   4.9581750818205698e-03   4.9323948463782493e-03   4.8947019194751033e-03   4.8450584216871819e-03   4.7834479818175133e-03   4.7098806038221195e-03   4.6244003310181615e-03   4.5270961274767561e-03   4.4181151139255550e-03   4.2976745021132351e-03   4.1660669893453985e-03   4.0236563371752630e-03   3.8708649951016442e-03   3.7081590529198447e-03   3.5360348774747942e-03   3.3550092850307758e-03   3.1656129826396584e-03   2.9683864651322178e-03   2.7638774647223466e-03
   2.5525943921125907e-03   2.3351827684519586e-03   2.1122045281480825e-03   1.8842207259080329e-03   1.6517951513755596e-03   1.4154939620491186e-03   1.1758853234857204e-03   9.3353906090093864e-04   6.8902630692457085e-04   4.4291915449616522e-04   1.9579030329763402e-04  -5.1787290231153859e-05  -2.9924076884988419e-04  -5.4599772611820397e-04  -7.9148656242961947e-04  -1.0351368353218151e-03  -1.2763796127235119e-03  -1.5146478193425823e-03  -1.7493765855228160e-03  -1.9800035896548242e-03  -2.2059694050277912e-03  -2.4267178437995954e-03  -2.6416963143719987e-03  -2.8503561948253096e-03  -3.0521532572429866e-03  -3.2465481693258044e-03  -3.4330071567905914e-03  -3.6110029446506488e-03  -3.7800162227417753e-03  -3.9395379929045441e-03  -4.0890734401273464e-03  -4.2281481789038407e-03  -4.3563178903183236e-03  -4.4731817116220596e-03  -4.5783979557475849e-03  -4.6716976587334045e-03  -4.7528902718691817e-03  -4.8218587774644644e-03  -4.8785473679956257e-03  -4.9229474011588219e-03  -4.9550857337097506e-03  -4.9750165953516261e-03  -4.9828164554480223e-03  -4.9785809619250455e-03  -4.9624231517273612e-03  -4.9344724415666119e-03  -4.8948740731268679e-03  -4.8437888540473215e-03  -4.7813930786957289e-03  -4.7078785836221588e-03  -4.6234528887832554e-03  -4.5283394118044466e-03  -4.4227777266835138e-03  -4.3070238623702951e-03  -4.1813506182429442e-03  -4.0460478929464274e-03  -3.9014230041387334e-03  -3.7478009935030402e-03  -3.5855248937337425e-03  -3.4149559481960511e-03  -3.2364737575626421e-03  -3.0504763435010985e-03  -2.8573800986666084e-03  -2.6576196126157701e-03  -2.4516473496645165e-03  -2.2399331630968649e-03  -2.0229636248233385e-03  -1.8012411701872871e-03  -1.5752830444244312e-03  -1.3456200547143100e-03  -1.1127951281858959e-03  -8.7736169478459618e-04  -6.3988190798973789e-04  -4.0092473096585397e-04  -1.6106391116041646e-04   7.9124122148561634e-05   3.1906240736087073e-04   5.5817560984204606e-04   7.9589215829356172e-04   1.0316463217374212e-03   1.2648801958443623e-03   1.4950455667432328e-03   1.7216056273807192e-03   1.9440365228016920e-03   2.1618287089078354e-03   2.3744881115231979e-03   2.5815370850794375e-03   2.7825151725026811e-03   2.9769796754584720e-03   3.1645060412112177e-03   3.3446880885733498e-03   3.5171380888676844e-03   3.6814867225426640e-03   3.8373829286059073e-03   3.9844936715857397e-03   4.1225036391559786e-03   4.2511148932547248e-03   4.3700464852465572e-03   4.4790340551204150e-03   4.5778294217519956e-03   4.6662001825767347e-03   4.7439293266789227e-03   4.8108148793563361e-03   4.8666695809651134e-03   4.9113206204327783e-03   4.9446094287584254e-03   4.9663915619737511e-03   4.9765366921142229e-03   4.9749287656207673e-03   4.9614663969162823e-03   4.9360636553490121e-03   4.8986514787473503e-03   4.8491801694634847e-03   4.7876236375402380e-03   4.7139863854636557e-03   4.6283140624726630e-03   4.5307074394678893e-03   4.4213368593900562e-03   4.3004515665669785e-03   4.1683787370065013e-03   4.0255123825545950e-03   3.8722973142096013e-03   3.7092138462332413e-03   3.5367661031862211e-03   3.3554741399677351e-03   3.1658690067428046e-03   2.9684897328075763e-03   2.7638814846373929e-03
   2.5520744705360850e-03   2.3346972646526585e-03   2.1117956492777436e-03   1.8839265245447865e-03   1.6516494326568655e-03   1.4155262116166461e-03   1.1761206552082114e-03   9.3399817497775376e-04   6.8972546136185820e-04   4.4387014052109765e-04   1.9700043114186607e-04  -5.0315204077023504e-05  -2.9750840419736220e-04  -5.4401126116821906e-04  -7.8925666507502620e-04  -1.0326786544606970e-03  -1.2737127575768714e-03  -1.5117963385681242e-03  -1.7463689315785277e-03  -1.9768725803968362e-03  -2.2027521646671702e-03  -2.4234557364588138e-03  -2.6384348478365564e-03  -2.8471449016663672e-03  -3.0490455111441077e-03  -3.2436009284143997e-03  -3.4302805601400294e-03  -3.6085596955351988e-03  -3.7779205653281078e-03  -3.9378540694805690e-03  -4.0878626001412911e-03  -4.2274647771693387e-03  -4.3562030857952159e-03  -4.4736554873536036e-03  -4.5794509585979125e-03  -4.6732863038984771e-03  -4.7549384364832144e-03  -4.8242661696046895e-03  -4.8812010315783510e-03  -4.9257321429510299e-03  -4.9578915331808995e-03  -4.9777429528184069e-03  -4.9853745914512915e-03  -4.9808946656449814e-03  -4.9644289058717265e-03  -4.9361191482466980e-03  -4.8961225982856954e-03  -4.8446114736799091e-03  -4.7817728924309565e-03  -4.7078089056356211e-03  -4.6229366355354448e-03  -4.5273884782216067e-03  -4.4214123564761095e-03  -4.3052720009276579e-03  -4.1792472498233544e-03  -4.0436343514499888e-03  -3.8987462582744750e-03  -3.7449128987374117e-03  -3.5824814117947920e-03  -3.4118163308224088e-03  -3.2332996983718406e-03  -3.0473310962150415e-03  -2.8543275724104847e-03  -2.6547234502302007e-03  -2.4489699945152489e-03  -2.2375349305091535e-03  -2.0209017949201044e-03  -1.7995691133921145e-03  -1.5740493919838491e-03  -1.3448679326949259e-03  -1.1125614683658738e-03  -8.7767663635626020e-04  -6.4076829617455851e-04  -4.0239772367561344e-04  -1.6313069545978635e-04   7.6464494828844178e-05   3.1581907018762167e-04   5.5436580677211073e-04   7.9154105450994191e-04   1.0267866935842378e-03   1.2595520118040872e-03   1.4892954579132978e-03   1.7154862634988876e-03   1.9376058960004980e-03   2.1551493474760638e-03   2.3676262323406279e-03   2.5745617096109103e-03   2.7754972101092356e-03   2.9699909974192358e-03   3.1576185552042676e-03   3.3379728341090872e-03   3.5106643504834926e-03   3.6753211802491807e-03   3.8315888405165040e-03   3.9791301005798474e-03   4.1176247140863745e-03   4.2467691142591604e-03   4.3662760591102728e-03   4.4758742684920935e-03   4.5753080354510164e-03   4.6643368537987347e-03   4.7427350405223603e-03   4.8102913969347415e-03   4.8668088846162260e-03   4.9121043661870447e-03   4.9460083887760175e-03   4.9683650770191400e-03   4.9790321307062475e-03   4.9778810441812177e-03   4.9647976150170000e-03   4.9396830178068700e-03   4.9024557590787157e-03   4.8530552324026937e-03   4.7914477600815176e-03   4.7176363506395442e-03   4.6316745801139869e-03   4.5336828887760031e-03   4.4238619058611294e-03   4.3024961384997128e-03   4.1699456522126845e-03   4.0266298678224653e-03   3.8730103884892200e-03   3.7095770531655335e-03   3.5368383644942217e-03   3.3553154083147260e-03   3.1655382037770259e-03   2.9680434880179182e-03   2.7633733744801665e-03
   2.5511149477326104e-03   2.3338057634996814e-03   2.1110138698392763e-03   1.8832920177784022e-03   1.6511955296382276e-03   1.4152819663471579e-03   1.1761108058359830e-03   9.3424310944059230e-04   6.9024119327243882e-04   4.4466828906243155e-04   1.9808820793555481e-04  -4.8935003717731585e-05  -2.9583740562729398e-04  -5.4205550943607769e-04  -7.8702662107674062e-04  -1.0301891840150078e-03  -1.2709831182280058e-03  -1.5088501568256256e-03  -1.7432341780028930e-03  -1.9735815323547968e-03  -2.1993413660273305e-03  -2.4199659379508026e-03  -2.6349109363286369e-03  -2.8436357960951973e-03  -3.0456040337085424e-03  -3.2402836088603381e-03  -3.4271473545960012e-03  -3.6056735328868104e-03  -3.7753466442531792e-03  -3.9356586829057761e-03  -4.0861112190150777e-03  -4.2262189124042089e-03  -4.3555154031073295e-03  -4.4735628006283851e-03  -4.5799656446052477e-03  -4.6743886022632443e-03  -4.7565734331146553e-03  -4.8263483275200652e-03  -4.8836245099350773e-03  -4.9283826648253426e-03  -4.9606559261410410e-03  -4.9805153866139895e-03  -4.9880599569076698e-03  -4.9834101120547342e-03  -4.9667042896804408e-03  -4.9380969113088343e-03  -4.8977573540428714e-03  -4.8458694575954676e-03  -4.7826313528059206e-03  -4.7082554705814234e-03  -4.6229686731418911e-03  -4.5270124512603290e-03  -4.4206431741205358e-03  -4.3041323594123710e-03  -4.1777669621962908e-03  -4.0418496561992878e-03  -3.8966991085315193e-03  -3.7426502213879884e-03  -3.5800543420248065e-03  -3.4092794121842692e-03  -3.2307100571642637e-03  -3.0447475855846866e-03  -2.8518098967929909e-03  -2.6523312666033873e-03  -2.4467620146933688e-03  -2.2355680197064720e-03  -2.0192300879445756e-03  -1.7982431534057733e-03  -1.5731153208692387e-03  -1.3443667322364107e-03  -1.1125282786434278e-03  -8.7814015055263331e-04  -6.4175025881683023e-04  -4.0391252698121846e-04  -1.6518509691785323e-04   7.3871544557077258e-05   3.1269646920784055e-04   5.5073022990368337e-04   7.8741675074117700e-04   1.0222051746753100e-03   1.2545516190377777e-03   1.4839208345611102e-03   1.7097877241535496e-03   1.9316387262745484e-03   2.1489730265094832e-03   2.3613036125946446e-03   2.5681581464788461e-03   2.7690796822956928e-03   2.9636272093519242e-03   3.1513760538216299e-03   3.3319181257924417e-03   3.5048620557825770e-03   3.6698332034818758e-03   3.8264735858665575e-03   3.9744417087713823e-03   4.1134123491995325e-03   4.2430762682782001e-03   4.3631399037575083e-03   4.4733250168534303e-03   4.5733683434717141e-03   4.6630212198824315e-03   4.7420492353510675e-03   4.8102318777284098e-03   4.8673622306763774e-03   4.9132466874796136e-03   4.9477047555868603e-03   4.9705689276206078e-03   4.9816847370919085e-03   4.9809110294759653e-03   4.9681207052345395e-03   4.9432021704169425e-03   4.9060621639886344e-03   4.8566307515663081e-03   4.7948698851715535e-03   4.7207864167683987e-03   4.6344491979901127e-03   4.5360058263848478e-03   4.4256918232554497e-03   4.3038267894088267e-03   4.1707995168596551e-03   4.0270493122935820e-03   3.8730495537542169e-03   3.7092959419592238e-03   3.5362989056604765e-03   3.3545790574272235e-03   3.1646644646989444e-03   2.9670890512785300e-03   2.7623915716904254e-03
   2.5497495198690996e-03   2.3325388819337924e-03   2.1098866507539751e-03   1.8823414582689244e-03   1.6504544472822481e-03   1.4147789593268979e-03   1.1758702144509454e-03   9.3428499384677881e-04   6.9058130993101489e-04   4.4531807948702931e-04   1.9905478429795587e-04  -4.7648862129677315e-05  -2.9423325926812761e-04  -5.4013925486779552e-04  -7.8480849049529706e-04  -1.0276837341820346e-03  -1.2682092221734389e-03  -1.5058309842183090e-03  -1.7399971769857397e-03  -1.9701583974899113e-03  -2.1957680048796009e-03  -2.4162824208396770e-03  -2.6311614420383624e-03  -2.8398685321420801e-03  -3.0418711356187574e-03  -3.2366409885445052e-03  -3.4236544942683263e-03  -3.6023931596192295e-03  -3.7723442248948436e-03  -3.9330015875330719e-03  -4.0838673531188542e-03  -4.2244544180871689e-03  -4.3542909571712409e-03  -4.4729278758397582e-03  -4.5799506574435937e-03  -4.6749960047156860e-03  -4.7577711758842707e-03  -4.8280696026493236e-03  -4.8857751999029581e-03  -4.9308531214555381e-03  -4.9633323702738983e-03  -4.9832882028073948e-03  -4.9908286147191706e-03  -4.9860856433730670e-03  -4.9692102285858403e-03  -4.9403694182032897e-03  -4.8997448930229778e-03  -4.8475322812520268e-03  -4.7839408822166751e-03  -4.7091936499342908e-03  -4.6235273031319350e-03  -4.5271925287374368e-03  -4.4204542221553235e-03  -4.3035917602918285e-03  -4.1768992750122894e-03  -4.0406859272281359e-03  -3.8952761577955523e-03  -3.7410099135371049e-03  -3.5782428272317932e-03  -3.4073463468883161e-03  -3.2287077948712950e-03  -3.0427303471631004e-03  -2.8498329176270586e-03  -2.6504499350963012e-03  -2.4450309963648664e-03  -2.2340403885856195e-03  -2.0179564706471762e-03  -1.7972709031563539e-03  -1.5724877253024600e-03  -1.3441222783055261e-03  -1.1126999823263038e-03  -8.7875497119222108e-04  -6.4282860236770326e-04  -4.0546785489508898e-04  -1.6722364264512424e-04   7.1350939045901530e-05   3.0970239929690551e-04   5.4727864975004630e-04   7.8353077765340689e-04   1.0179147751863441e-03   1.2498931891002333e-03   1.4789366773503170e-03   1.7045254415141268e-03   1.9261505302143142e-03   2.1433149904262960e-03   2.3555348726280838e-03   2.5623400735265960e-03   2.7632750294416955e-03   2.9578992523028036e-03   3.1457877330822626e-03   3.3265312063048601e-03   3.4997363014396708e-03   3.6650255809340727e-03   3.8220374940125946e-03   3.9704262423736272e-03   4.1098615889615664e-03   4.2400286042400129e-03   4.3606273803421455e-03   4.4713727048636496e-03   4.5719937248081309e-03   4.6622335893790412e-03   4.7418491037290213e-03   4.8106103808467143e-03   4.8683005290007355e-03   4.9147153659196618e-03   4.9496632142341946e-03   4.9729647929550591e-03   4.9844533164482363e-03   4.9839749099715924e-03   4.9713896439475772e-03   4.9465736191950261e-03   4.9094229546858444e-03   4.8598608580813140e-03   4.7978492283013239e-03   4.7234052840906086e-03   4.6366206274535242e-03   4.5376758687756726e-03   4.4268428920693397e-03   4.3044733625798399e-03   4.1709795122819764e-03   4.0268152637996692e-03   3.8724617503332792e-03   3.7084177842813741e-03   3.5351940281217694e-03   3.3533095805013090e-03   3.1632899720723559e-03   2.9656659602614651e-03   2.7609727624745175e-03
   2.5480102703260483e-03   2.3309257716910311e-03   2.1084401622512646e-03   1.8810979907046381e-03   1.6494462698365103e-03   1.4140341796947465e-03   1.1754127532396005e-03   9.3413456478209000e-04   6.9075340460564337e-04   4.4582395469067247e-04   1.9990145503112085e-04  -4.6458629737951979e-05  -2.9270094837695684e-04  -5.3827060051062135e-04  -7.8261347389285078e-04  -1.0251765804969589e-03  -1.2654083877002139e-03  -1.5027591477097470e-03  -1.7366812178411970e-03  -1.9666293789690524e-03  -2.1920611409385242e-03  -2.4124370461929743e-03  -2.6272209576317083e-03  -2.8358803498836176e-03  -3.0378865900484000e-03  -3.2327152356818110e-03  -3.4198463418043997e-03  -3.5987648385365782e-03  -3.7689610093453348e-03  -3.9299312106275339e-03  -4.0811790011422164e-03  -4.2222170862380014e-03  -4.3525706610575941e-03  -4.4717832029347229e-03  -4.5794260668413304e-03  -4.6751131475537347e-03  -4.7585202948266878e-03  -4.8294050173157766e-03  -4.8876185599139848e-03  -4.9331033821340842e-03  -4.9658781747258084e-03  -4.9860181139163582e-03  -4.9936379011343629e-03  -4.9888799386173964e-03  -4.9719071915183318e-03  -4.9428991959206414e-03  -4.9020499767596388e-03  -4.8495670455185663e-03  -4.7856709890406086e-03  -4.7105953903385112e-03  -4.6245869218233693e-03  -4.5279055429604132e-03  -4.4208247416831874e-03  -4.3036318063852819e-03  -4.1766280939262226e-03  -4.0401292960416703e-03  -3.8944656749121181e-03  -3.7399822743570737e-03  -3.5770390774500010e-03  -3.4060111177087004e-03  -3.2272885125500840e-03  -3.0412764285897005e-03  -2.8483949432577399e-03  -2.6490788143448533e-03  -2.4437771258343515e-03  -2.2329528198606710e-03  -2.0170820831988102e-03  -1.7966536099381369e-03  -1.5721677115063477e-03  -1.3441352990665415e-03  -1.1130767160689632e-03  -8.7952045746567261e-04  -6.4400175984853257e-04  -4.0706110721878107e-04  -1.6924264212804101e-04   6.8907465171440425e-05   3.0684269615585669e-04   5.4401785450454638e-04   7.7989073424442241e-04   1.0139237267546197e-03   1.2455853771683348e-03   1.4743518336626836e-03   1.6997082077210041e-03   1.9211497936035781e-03   2.1381831739792139e-03   2.3503271649195595e-03   2.5571136383022099e-03   2.7580881822527178e-03   2.9528106457510040e-03   3.1408555274043968e-03   3.3218122643822699e-03   3.4952853862771104e-03   3.6608945915024005e-03   3.8182747083107386e-03   3.9670756049409225e-03   4.1069620060927518e-03   4.2376132829485009e-03   4.3587231692873759e-03   4.4699994741911522e-03   4.5711637374810481e-03   4.6619509036675433e-03   4.7421089539948511e-03   4.8113985815508350e-03   4.8695928452081507e-03   4.9164769074501059e-03   4.9518478007168206e-03   4.9755143819004708e-03   4.9872974792465894e-03   4.9870305605324520e-03   4.9745611651847814e-03   4.9497539374363572e-03   4.9124961703787976e-03   4.8627076121398275e-03   4.8003555408591640e-03   4.7254746116977874e-03   4.6381858388375163e-03   4.5387060479704280e-03   4.4273420463654869e-03   4.3044728207887626e-03   4.1705286916210145e-03   4.0259737449580722e-03   3.8712937895843112e-03   3.7069887811446841e-03   3.5335684363559795e-03   3.3515496462325003e-03   3.1614550082547928e-03   2.9638118972585220e-03   2.7591518814560467e-03
   2.5459277385074838e-03   2.3289942126794600e-03   2.1066993703558923e-03   1.8795837193395458e-03   1.6481902061516493e-03   1.4130639137372052e-03   1.1747517639441138e-03   9.3380220075716021e-04   6.9076487854715404e-04   4.4619033125234571e-04   2.0062964958153910e-04  -4.5365858904625262e-05  -2.9124499802505671e-04  -5.3645702644535367e-04  -7.8045198566372863e-04  -1.0226810414221950e-03  -1.2625968056854786e-03  -1.4996536703852489e-03  -1.7333081175468753e-03  -1.9630190397856018e-03  -2.1882480334374193e-03  -2.4084597026361957e-03  -2.6231219336911695e-03  -2.8317061819473073e-03  -3.0336877281056710e-03  -3.2285459592780131e-03  -3.4157646363567520e-03  -3.5948322223201411e-03  -3.7652422552149852e-03  -3.9264939152963956e-03  -4.0780928619931550e-03  -4.2195526979020778e-03  -4.3503974592038813e-03  -4.4701660723678672e-03  -4.5784199211495137e-03  -4.6747552299833345e-03  -4.7588209416525298e-03  -4.8303402455802998e-03  -4.8891286647560050e-03  -4.9350997801379951e-03  -4.9682552203158380e-03  -4.9886649329946350e-03  -4.9964470725129342e-03  -4.9917526483806724e-03  -4.9747558096767380e-03  -4.9456482347229186e-03  -4.9046362009165052e-03  -4.8519391174606120e-03  -4.7877889217799461e-03  -4.7124298926095763e-03  -4.6261187233971436e-03  -4.5291246981386396e-03  -4.4217299447300382e-03  -4.3042296969996556e-03  -4.1769325717149674e-03  -4.0401608197244317e-03  -3.8942505614571162e-03  -3.7395519764044948e-03  -3.5764294534114728e-03  -3.4052616766713380e-03  -3.2264416504768343e-03  -3.0403766392937382e-03  -2.8474880253956292e-03  -2.6482110635811960e-03  -2.4429945295723833e-03  -2.2323002506979828e-03  -2.0166025174352151e-03  -1.7963873644291173e-03  -1.5721517231316736e-03  -1.3444024463082484e-03  -1.1136552101313035e-03  -8.8043330045532795e-04  -6.4526629422673024e-04  -4.0868865209787921e-04  -1.7123823817610575e-04   6.6545210134736767e-05   3.0412164367995615e-04   5.4095226714047351e-04   7.7650109022728601e-04   1.0102364360718532e-03   1.2416323916708738e-03   1.4701701740942182e-03   1.6953394031186718e-03   1.9166392586437689e-03   2.1335795218096645e-03   2.3456814847790425e-03   2.5524787352093495e-03   2.7535178038134464e-03   2.9483586890635474e-03   3.1365752554593633e-03   3.3177555227511487e-03   3.4915018410191065e-03   3.6574309759979363e-03   3.8151741011422176e-03   3.9643767198963564e-03   4.1046985144426460e-03   4.2358131457887150e-03   4.3574079987414799e-03   4.4691838972964132e-03   4.5708547819170052e-03   4.6621473753498824e-03   4.7428008277890909e-03   4.8125663728815094e-03   4.8712069904248692e-03   4.9184971247247574e-03   4.9542224815580845e-03   4.9781800145166678e-03   4.9901782319553036e-03   4.9900381498335540e-03   4.9775953982605821e-03   4.9527044430776870e-03   4.9152463305207426e-03   4.8651416426690811e-03   4.8023693364810096e-03   4.7269883478633897e-03   4.6391539284813110e-03   4.5391195222409721e-03   4.4272231967945486e-03   4.3038660310249005e-03   4.1694915891749536e-03   4.0245706430091207e-03   3.8695913648205908e-03   3.7050534853174848e-03   3.5314649403024273e-03   3.3493399575954762e-03   3.1591979296108560e-03   2.9615627163509400e-03   2.7569621631360480e-03
   2.5435310197890124e-03   2.3267706980953724e-03   2.1046881153524008e-03   1.8778197943007317e-03   1.6467046743466557e-03   1.4118838158954517e-03   1.1739001072749939e-03   9.3329795176073840e-04   6.9062295555468226e-04   4.4642160195249204e-04   2.0124092581698283e-04  -4.4371820282565972e-05  -2.8986949943945767e-04  -5.3470542646595935e-04  -7.7833370269846363e-04  -1.0202095479823628e-03  -1.2597896304755599e-03  -1.4965323883963674e-03  -1.7298983488824940e-03  -1.9593504340231173e-03  -2.1843542633824186e-03  -2.4043784385722605e-03  -2.6188948244070679e-03  -2.8273788103555667e-03  -3.0293095739906527e-03  -3.2241703257899611e-03  -3.4114485680732734e-03  -3.5906363583465685e-03  -3.7612306404241134e-03  -3.9227336638407205e-03  -4.0746536470560720e-03  -4.2165058472937045e-03  -4.3478144651527030e-03  -4.4681160010711530e-03  -4.5769652076396404e-03  -4.6739451562551240e-03  -4.7586829329727071e-03  -4.8308708499314700e-03  -4.8902883342582968e-03  -4.9368155540826259e-03  -4.9704305280299944e-03  -4.9911921366566532e-03  -4.9992178664903762e-03  -4.9946649495825795e-03  -4.9777174360269155e-03  -4.9485785560641005e-03  -4.9074665765279600e-03  -4.8546127284020925e-03  -4.7902602867395038e-03  -4.7146642530705206e-03  -4.6280913670705068e-03  -4.5308202682256896e-03  -4.4231417440729268e-03  -4.3053589954625444e-03  -4.1777879137369503e-03  -4.0407573293576382e-03  -3.8946092426282585e-03  -3.7396990019551994e-03  -3.5763954452829897e-03  -3.4050809695667273e-03  -3.2261515455503809e-03  -3.0400166427568438e-03  -2.8470990814519225e-03  -2.6478347757822071e-03  -2.4426723913689927e-03  -2.2320728773420613e-03  -2.0165088987913358e-03  -1.7964641369973395e-03  -1.5724324884533135e-03  -1.3449171294269340e-03  -1.1144294850474515e-03  -8.8148807601580535e-04  -6.4661728973470980e-04  -4.1034605220568397e-04  -1.7320645452076802e-04   6.4267686627011501e-05   3.0154227473201494e-04   5.3808440555030664e-04   7.7336380260299101e-04   1.0068542384793549e-03   1.2380348786244918e-03   1.4663915753512565e-03   1.6914180508089355e-03   1.9126170042011853e-03   2.1295010846068651e-03   2.3415937726139965e-03   2.5484301161348118e-03   2.7495573743974685e-03   2.9445355168983213e-03   3.1329376356226831e-03   3.3143502194474912e-03   3.4883733595947627e-03   3.6546208301401675e-03   3.8127201168307511e-03   3.9623123370295657e-03   4.1030521284701037e-03   4.2346074433008783e-03   4.3566593311134601e-03   4.4689016402054658e-03   4.5710407274345277e-03   4.6627950984411892e-03   4.7438950793074093e-03   4.8140824359451844e-03   4.8731100648554369e-03   4.9207416788560141e-03   4.9567516716726504e-03   4.9809251465607295e-03   4.9930584800891272e-03   4.9929606644929080e-03   4.9804563717855332e-03   4.9553917349445913e-03   4.9176448798799446e-03   4.8671424086620492e-03   4.8038814987419170e-03   4.7279512680223996e-03   4.6395435413611394e-03   4.5389463836021686e-03   4.4265243164484606e-03   4.3026954822889636e-03   4.1679127027633425e-03   4.0226507598816524e-03   3.8673985292559214e-03   3.7026545324102839e-03   3.5289243584530673e-03   3.3467192495161787e-03   3.1565552180001077e-03   2.9589525204189501e-03   2.7544352469862461e-03
   2.5408478772202987e-03   2.3242805480306926e-03   2.1024292178733498e-03   1.8758264885294601e-03   1.6450073607326605e-03   1.4105089545867664e-03   1.1728702072640517e-03   9.3263157440884911e-04   6.9033470855192505e-04   4.4652214464208285e-04   2.0173696415470274e-04  -4.3477528870093706e-05  -2.8857815132036835e-04  -5.3302216774868459e-04  -7.7626763485619959e-04  -1.0177737242751364e-03  -1.2570010614317282e-03  -1.4934120375978577e-03  -1.7264711364604465e-03  -1.9556452285695329e-03  -2.1804038795654001e-03  -2.4002196220284551e-03  -2.6145682418177406e-03  -2.8229290228657011e-03  -3.0247850081910380e-03  -3.2196232203004029e-03  -3.4069349117712214e-03  -3.5862157858815419e-03  -3.7569662848663302e-03  -3.9186919120502194e-03  -4.0709037575701818e-03  -4.2131192880259689e-03  -4.3448638041722071e-03  -4.4656729665605984e-03  -4.5750974466389300e-03  -4.6727109388630698e-03  -4.7581235016990230e-03  -4.8310010141478206e-03  -4.8910887439808136e-03  -4.9382309848574682e-03  -4.9723766315810068e-03  -4.9935672873625443e-03  -5.0019149622290340e-03  -4.9975800101442628e-03  -4.9807546349449955e-03  -4.9516527143610468e-03  -4.9105040576963403e-03  -4.8575515188561871e-03  -4.7930496202847912e-03  -4.7172640569626756e-03  -4.6304716002239380e-03  -4.5329602451434923e-03  -4.4250294344816317e-03  -4.3069903390700621e-03  -4.1791661235560376e-03  -4.0418922073919708e-03  -3.8955164809143863e-03  -3.7403994889250803e-03  -3.5769145531517111e-03  -3.4054478424521413e-03  -3.2263983687265629e-03  -3.0401779114348280e-03  -2.8472108557201061e-03  -2.6479339432724314e-03  -2.4427959222972796e-03  -2.2322570979856583e-03  -2.0167887771364206e-03  -1.7968726028888722e-03  -1.5729997807453482e-03  -1.3456701970590715e-03  -1.1153914380950926e-03  -8.8267771131977761e-04  -6.4804868483778232e-04  -4.1202825017727017e-04  -1.7514323172198757e-04   6.2077950390628780e-05   2.9910663534010430e-04   5.3541528787603673e-04   7.7047884407894531e-04   1.0037760321620014e-03   1.2347906360914089e-03   1.4630127020786741e-03   1.6879396571587088e-03   1.9090773461678402e-03   2.1259409598370655e-03   2.3380558681773520e-03   2.5449583345548920e-03   2.7461961296281296e-03   2.9413290239585759e-03   3.1299291880420117e-03   3.3115814786678550e-03   3.4858836414620466e-03   3.6524464114256658e-03   3.8108935463723108e-03   3.9608617711505562e-03   4.1020006707634575e-03   4.2339725084310151e-03   4.3564520084492546e-03   4.4691260767740710e-03   4.5716935026139357e-03   4.6638646111601288e-03   4.7453609180297526e-03   4.8159147579192518e-03   4.8752689586663393e-03   4.9231765572403073e-03   4.9594006969556695e-03   4.9837148097040696e-03   4.9959034553185523e-03   4.9957643137061867e-03   4.9831124048255737e-03   4.9577880254599582e-03   4.9196704042084195e-03   4.8686979911170417e-03   4.8048923698719263e-03   4.7283770068968899e-03   4.6393802429864307e-03   4.5382210036699708e-03   4.4252852788802689e-03   4.3010038087781966e-03   4.1658355668584392e-03   4.0202573126047851e-03   3.8647574482408450e-03   3.6998325690857916e-03   3.5259855334206845e-03   3.3437243625339705e-03   3.1535615818531308e-03   2.9560137794091626e-03   2.7516012828178484e-03
   2.5379048633353937e-03   2.3215480082936081e-03   2.0999445690667476e-03   1.8736232895661007e-03   1.6431153080627703e-03   1.4089538853662405e-03   1.1716741027443492e-03   9.3181256427644779e-04   6.8990707557713431e-04   4.4649632735283511e-04   2.0211956132712465e-04  -4.2683758388591846e-05  -2.8737428572212116e-04  -5.3141312621804654e-04  -7.7426217665798680e-04  -1.0153844560783919e-03  -1.2542444373395915e-03  -1.4903083682703071e-03  -1.7230445883504623e-03  -1.9519238333464931e-03  -2.1764195305783024e-03  -2.3960080799698318e-03  -2.6101691212846146e-03  -2.8183857877888338e-03  -3.0201449451300131e-03  -3.2149374178764407e-03  -3.4022582025718816e-03  -3.5816066841178867e-03  -3.7524868638930346e-03  -3.9144076398864528e-03  -4.0668831926634541e-03  -4.2094336106640491e-03  -4.3415859636587494e-03  -4.4628762565728109e-03  -4.5728529863537197e-03  -4.6710835255472519e-03  -4.7571650963765377e-03  -4.8307419440302059e-03  -4.8915285718303982e-03  -4.9393332455113575e-03  -4.9740717086662464e-03  -4.9957623241360877e-03  -5.0045063170692941e-03  -5.0004633663329806e-03  -4.9838315866741019e-03  -4.9548342313352634e-03  -4.9137120028074277e-03  -4.8607190272527655e-03  -4.7961209040561191e-03  -4.7201939202531455e-03  -4.6332248271171569e-03  -4.5355109343580028e-03  -4.4273603160271931e-03  -4.3090920899471544e-03  -4.1810366824164670e-03  -4.0435360939948982e-03  -3.8969441108802918e-03  -3.7416264898672905e-03  -3.5779610707689100e-03  -3.4063378460446750e-03  -3.2271589436428738e-03  -3.0408385544693196e-03  -2.8478027592580848e-03  -2.6484892872847849e-03  -2.4433471660715174e-03  -2.2328362926411854e-03  -2.0174268856330562e-03  -1.7975988573735182e-03  -1.5738410671736350e-03  -1.3466504960572452e-03  -1.1165313081452897e-03  -8.8399384638343298e-04  -6.4955353131469740e-04  -4.1372971534368608e-04  -1.7704446373733408e-04   5.9978680187579953e-05   2.9681597294108606e-04   5.3294473096999898e-04   7.6784460102964679e-04   1.0009987785044101e-03   1.2318952047786530e-03   1.4600276817274271e-03   1.6848969397526205e-03   1.9060115990700763e-03   2.1228890667732989e-03   2.3350563106799083e-03   2.5420505602765440e-03   2.7434198792810581e-03   2.9387236667524574e-03   3.1275330283565880e-03   3.3094310824976977e-03   3.4840131454070989e-03   3.6508868632590674e-03   3.8096722308277029e-03   3.9600015726646235e-03   4.1015194211551477e-03   4.2338823722910387e-03   4.3567588477957404e-03   4.4698288512581650e-03   4.5727836395046571e-03   4.6653254077450457e-03   4.7471669041282780e-03   4.8180310943505521e-03   4.8776507991101304e-03   4.9257684845724773e-03   4.9621361906314531e-03   4.9865159655073802e-03   4.9986810559390837e-03   4.9984188139176400e-03   4.9855363704833875e-03   4.9598712734516557e-03   4.9213085712280641e-03   4.8698045018003696e-03   4.8054103760910623e-03   4.7282859829893865e-03   4.6386941426196119e-03   4.5369800207019709e-03   4.4235463780449898e-03   4.2988328816980703e-03   4.1633022402922390e-03   4.0174317043374800e-03   3.8617083315056187e-03   3.6966262887710888e-03   3.5226854178784317e-03   3.3403903633434625e-03   3.1502500804856861e-03   2.9527774595720468e-03   2.7484890638582080e-03
   2.5347274394885090e-03   2.3185963736436876e-03   2.0972552370873030e-03   1.8712289831611423e-03   1.6410449751138075e-03   1.4072327021859639e-03   1.1703234906977550e-03   9.3085019432063748e-04   6.8934688449547694e-04   4.4634852001888001e-04   2.0239062310210178e-04  -4.1991064104505895e-05  -2.8626091003047810e-04  -5.2988374242788727e-04  -7.7232517776131297e-04  -1.0130519675030573e-03  -1.2515323186474011e-03  -1.4872362298744559e-03  -1.7196357953194426e-03  -1.9482055229198807e-03  -2.1724226140893330e-03  -2.3917672583772219e-03  -2.6057228835586047e-03  -2.8137764206024271e-03  -3.0154185175162210e-03  -3.2101437737954036e-03  -3.3974509239578991e-03  -3.5768430529963401e-03  -3.7478277713481802e-03  -3.9099174684536992e-03  -4.0626295898571578e-03  -4.2054871408875160e-03  -4.3380194688027521e-03  -4.4597637860591443e-03  -4.5702678693613566e-03  -4.6690951378565706e-03  -4.7558334941495087e-03  -4.8301101068256771e-03  -4.8916128914226129e-03  -4.9401159208002348e-03  -4.9754995002746806e-03  -4.9977537031002245e-03  -5.0069633816322238e-03  -5.0032832063607417e-03  -4.9869144035619376e-03  -4.9580879572642660e-03  -4.9170545644328968e-03  -4.8640791167304980e-03  -4.7994380177521986e-03  -4.7234179745532078e-03  -4.6363156179675792e-03  -4.5384374932698670e-03  -4.4301002557386830e-03  -4.3116309239360964e-03  -4.1833671600481851e-03  -4.0456575232203614e-03  -3.8988616944391607e-03  -3.7433506491978733e-03  -3.5795067777075014e-03  -3.4077239416379530e-03  -3.2284074629011219e-03  -3.0419740395145095e-03  -2.8488515810761259e-03  -2.6494789648343203e-03  -2.4443056977272522e-03  -2.2337914952505950e-03  -2.0184057616438973e-03  -1.7986269840483903e-03  -1.5749420246513760e-03  -1.3478453342080274e-03  -1.1178380703262838e-03  -8.8542714952550140e-04  -6.5112421682018311e-04  -4.1544456990378524e-04  -1.7890602201490723e-04   5.7972253264787933e-05   2.9467091234326807e-04   5.3067161901282898e-04   7.6545822851380478e-04   9.9851792714205799e-04   1.2293423513380849e-03   1.4574286337188924e-03   1.6822804057095113e-03   1.9034087040797035e-03   2.1203328184543424e-03   2.3325810282901430e-03   2.5396912732943851e-03   2.7412117042054252e-03   2.9367011655805318e-03   3.1257295601738407e-03   3.3078781523728342e-03   3.4827397548065761e-03   3.6499188641054480e-03   3.8090316882420723e-03   3.9597061349873541e-03   4.1015816992035050e-03   4.2343093253863345e-03   4.3575511762714838e-03   4.4709803913572654e-03   4.5742807595861917e-03   4.6671464016950440e-03   4.7492813831524709e-03   4.8203993793634950e-03   4.8802233291344761e-03   4.9284852733093056e-03   4.9649264067363075e-03   4.9892977847283138e-03   5.0013620800832756e-03   5.0008975758447458e-03   4.9877057987799071e-03   4.9616251588124674e-03   4.9225517581164340e-03   4.8704652092778113e-03   4.8054504145980158e-03   4.7277034177131347e-03   4.6375180033942174e-03   4.5352608815770953e-03   4.4213474030167094e-03   4.2962232779122974e-03   4.1603530743578743e-03   4.0142134565560013e-03   3.8582894789738419e-03   3.6930725275911990e-03   3.5190592069377865e-03   3.3367506812003959e-03   3.1466522727068530e-03   2.9492731631922961e-03   2.7451261543875133e-03
   2.5313401012802272e-03   2.3154480914017628e-03   2.0943815595085812e-03   1.8686617461925428e-03   1.6388123245754222e-03   1.4053591101332520e-03   1.1688297784081011e-03   9.2975354751039885e-04   6.8866087075594566e-04   4.4608309974140242e-04   2.0255216007023110e-04  -4.1399797590878971e-05  -2.8524073072602794e-04  -5.2843905790852749e-04  -7.7046399241541210e-04  -1.0107858908344073e-03  -1.2488765785286333e-03  -1.4842096857615567e-03  -1.7162609569255094e-03  -1.9445085666633746e-03  -2.1684334050376466e-03  -2.3875193655929143e-03  -2.6012535985117081e-03  -2.8091267654716573e-03  -3.0106332579139653e-03  -3.2052714153557142e-03  -3.3925437056070091e-03  -3.5719569138261114e-03  -3.7430223064665678e-03  -3.9052558308412619e-03  -4.0581783422715149e-03  -4.2013159787459503e-03  -4.3342007629741776e-03  -4.4563717491688006e-03  -4.5673771146785645e-03  -4.6667781279856983e-03  -4.7541562653947191e-03  -4.8291255945304380e-03  -4.8913519257492814e-03  -4.9405782447832962e-03  -4.9766490586547847e-03  -4.9995223669396785e-03  -5.0092612105802486e-03  -5.0060105496172787e-03  -4.9899713646024205e-03  -4.9613803510987027e-03  -4.9204970096945327e-03  -4.8675963327056331e-03  -4.8029651293811388e-03  -4.7269002885745783e-03  -4.6397081579025818e-03  -4.5417044072868949e-03  -4.4332141871667331e-03  -4.3145723542340969e-03  -4.1861237585089639e-03  -4.0482234872339798e-03  -3.9012371016739753e-03  -3.7455407997276503e-03  -3.5815215466291311e-03  -3.4095771196816786e-03  -3.2301161068523415e-03  -3.0435578127925565e-03  -2.8503321073441766e-03  -2.6508791746208704e-03  -2.4456491990510788e-03  -2.2351019470021757e-03  -2.0197062783787302e-03  -1.7999395557846700e-03  -1.5762869860149926e-03  -1.3492408625815351e-03  -1.1192997464857576e-03  -8.8696756031540530e-04  -6.5275263530225540e-04  -4.1716668970854913e-04  -1.8072378020999127e-04   5.6060792119392697e-05   2.9267157781198477e-04   5.2859409376569059e-04   7.6331591291756216e-04   9.9632774573543866e-04   1.2271244705084664e-03   1.4552061312444551e-03   1.6800788622340736e-03   1.9012557613826057e-03   2.1182576734811716e-03   2.3306139088901147e-03   2.5378628617836810e-03   2.7395525595899778e-03   2.9352411094676610e-03   3.1244970745393399e-03   3.3068997474105196e-03   3.4820393610448274e-03   3.6495172021120217e-03   3.8089456684665336e-03   3.9599482363314792e-03   4.1021593820129874e-03   4.2352244199157915e-03   4.3587993061267385e-03   4.4725503659881378e-03   4.5761540011746878e-03   4.6692963339554586e-03   4.7516728596311121e-03   4.8229880772324672e-03   4.8829552178425431e-03   4.9312961077895663e-03   4.9677414527634677e-03   4.9920318481079355e-03   5.0039203570469391e-03   5.0031777919719127e-03   4.9896028330263251e-03   4.9630388862685372e-03   4.9233984524745559e-03   4.8706894133253471e-03   4.8050322730750598e-03   4.7266576000870534e-03   4.6358858480206964e-03   4.5331008633795293e-03   4.4187270926190278e-03   4.2932140160261544e-03   4.1570266473926875e-03   4.0106402492497365e-03   3.8545373889221574e-03   3.6892064002302495e-03   3.5151404910467613e-03   3.3328372637078827e-03   3.1427983670620748e-03   2.9455292707401314e-03   2.7415390319694118e-03
   2.5277665027637324e-03   2.3121248817972806e-03   2.0913432516061238e-03   1.8659392279112529e-03   1.6364328855714937e-03   1.4033464749636075e-03   1.1672041290026714e-03   9.2853155297886552e-04   6.8785570405039060e-04   4.4570446078518610e-04   2.0260628304235619e-04  -4.0910130247046743e-05  -2.8431619168573982e-04  -5.2708377060717900e-04  -7.6868554520813132e-04  -1.0085953419431261e-03  -1.2462884802839510e-03  -1.4812420975013349e-03  -1.7129354771441298e-03  -1.9408503503622666e-03  -2.1644711998723013e-03  -2.3832855306413049e-03  -2.5967841428257287e-03  -2.8044613639306420e-03  -3.0058152828204639e-03  -3.2003479394668655e-03  -3.3875655220697723e-03  -3.5669785169394068e-03  -3.7381018783089878e-03  -3.9004551686488971e-03  -4.0535627664231516e-03  -4.1969541181006310e-03  -4.3301642272128163e-03  -4.4527344829866124e-03  -4.5642143155503649e-03  -4.6641642408406106e-03  -4.7521616150719903e-03  -4.8278107687518236e-03  -4.8907597401836415e-03  -4.9407242157491326e-03  -4.9775143102684374e-03  -5.0010535705312508e-03  -5.0113784705241513e-03  -5.0086193266513463e-03  -4.9929730703280086e-03  -4.9646796795053561e-03  -4.9240059709434727e-03  -4.8712361894102923e-03  -4.8066670218194366e-03  -4.7306052238342434e-03  -4.6433666346767646e-03  -4.5452759013171543e-03  -4.4366665481971263e-03  -4.3178811884704632e-03  -4.1892717904480521e-03  -4.0511999299376461e-03  -3.9040370201398177e-03  -3.7481644826139237e-03  -3.5839738732404581e-03  -3.4118669323375058e-03  -3.2322555813719079e-03  -3.0455618328403457e-03  -2.8522176424026994e-03  -2.6526646672843743e-03  -2.4473539614416574e-03  -2.2367455727924030e-03  -2.0213080795225841e-03  -1.8015180248696842e-03  -1.5778592934054746e-03  -1.3508223908703456e-03  -1.1209036760735796e-03  -8.8860450478394075e-04  -6.5443034021215078e-04  -4.1888979031584253e-04  -1.8249363255570372e-04   5.4246214948317624e-05   2.9081771038872936e-04   5.2670973670310497e-04   7.6141311204719754e-04   9.9442160929839071e-04   1.2252329123609877e-03   1.4533495612872667e-03   1.6782798119087455e-03   1.8995384681987216e-03   2.1166476120044802e-03   2.3291372961871488e-03   2.5365461239003073e-03   2.7384217858732857e-03   2.9343214764138694e-03   3.1238122707272021e-03   3.3064713803944486e-03   3.4818863738506505e-03   3.6496552757090206e-03   3.8093866415701916e-03   3.9606995135392006e-03   4.1032233615726603e-03   4.2365979084614475e-03   4.3604729532895348e-03   4.4745080814840273e-03   4.5783723915802663e-03   4.6717441186237369e-03   4.7543103138188861e-03   4.8257664671435135e-03   4.8858163092287410e-03   4.9341717533023461e-03   4.9705534525373365e-03   4.9946922589636823e-03   5.0063327976975812e-03   5.0052404099897620e-03   4.9912140826700296e-03   4.9641067969474007e-03   4.9238525208065587e-03   4.8704912023923991e-03   4.8041791833304745e-03   4.7251785327008834e-03   4.6338319628139654e-03   4.5305364823155355e-03   4.4157228388844146e-03   4.2898424749133659e-03   4.1533597989676565e-03   4.0067480312252707e-03   3.8504868992300005e-03   3.6850614622738328e-03   3.5109614192070913e-03   3.3286807387395848e-03   3.1387173783306069e-03   2.9415730901209787e-03   2.7377532161055929e-03
   2.5240295819768158e-03   2.3086478399327332e-03   2.0881594988564648e-03   1.8630786406237873e-03   1.6339218400365219e-03   1.4012078939886295e-03   1.1654575130100938e-03   9.2719301860596810e-04   6.8693800633818128e-04   4.4521702078946707e-04   2.0255519931762384e-04  -4.0522066478927089e-05  -2.8348949737419830e-04  -5.2582226911185141e-04  -7.6699637986959914e-04  -1.0064889871987184e-03  -1.2437787668355806e-03  -1.4783462344606102e-03  -1.7096740868757811e-03  -1.9372474996815724e-03  -2.1605544421330752e-03  -2.3790859412694170e-03  -2.5923363617770460e-03  -2.7998036298643469e-03  -3.0009894739523682e-03  -3.1953996019831944e-03  -3.3825438971263381e-03  -3.5619365495636475e-03  -3.7330962191535404e-03  -3.8955461410438257e-03  -4.0488143012111311e-03  -4.1924336118063666e-03  -4.3259422900226753e-03  -4.4488844651396891e-03  -4.5608114648058046e-03  -4.6612841648031866e-03  -4.7498775971400184e-03  -4.8261891805279275e-03  -4.8898530422928892e-03  -4.9405616792863672e-03  -4.9780934498272946e-03  -5.0023366104248821e-03  -5.0132973376371993e-03  -5.0110863787428579e-03  -4.9958925156165452e-03  -4.9679561431115416e-03  -4.9275496241858252e-03  -4.8749653893368494e-03  -4.8105093528691941e-03  -4.7344977268414974e-03  -4.6472555626940288e-03  -4.5491162889043429e-03  -4.4404216550628936e-03  -4.3215219221055300e-03  -4.1927760918564691e-03  -4.0545521733267647e-03  -3.9072273954746193e-03  -3.7511883956778003e-03  -3.5868313325843550e-03  -3.4145619527412309e-03  -3.2347955757400116e-03  -3.0479570225762872e-03  -2.8544804599907846e-03  -2.6548091795601087e-03  -2.4493952949406505e-03  -2.2386993681308819e-03  -2.0231899535490443e-03  -1.8033430719358056e-03  -1.5796416092502734e-03  -1.3525746471438789e-03  -1.1226367272745297e-03  -8.9032705635786174e-04  -6.5614866049935818e-04  -4.2060749373680549e-04  -1.8421151467329917e-04   5.2530265185882829e-05   2.8910874275931775e-04   5.2501569286001512e-04   7.5974472380136229e-04   9.9279222062846964e-04   1.2236582518209062e-03   1.4518474449235371e-03   1.6768698060627078e-03   1.8982414935257961e-03   2.1154855196900422e-03   2.3281323958259798e-03   2.5357206943663110e-03   2.7377975499127708e-03   2.9339190733352997e-03   3.1236507020881207e-03   3.3065674607680152e-03   3.4822541628094180e-03   3.6503055242684043e-03   3.8103262225024867e-03   3.9619308703146960e-03   4.1047439423399475e-03   4.2383996202456434e-03   4.3625415987499586e-03   4.4768228165927224e-03   4.5809051629292930e-03   4.6744591263576168e-03   4.7571634606384111e-03   4.8287048618258013e-03   4.8887778095237098e-03   4.9370846921420204e-03   4.9733366427502073e-03   4.9972556723238450e-03   5.0085793732414265e-03   5.0070700025591245e-03   4.9925303856169423e-03   4.9648278426113876e-03   4.9239223616017180e-03   4.8698882795128427e-03   4.8029165667951759e-03   4.7232969522350314e-03   4.6313902365052321e-03   4.5276031680240199e-03   4.4123705676413303e-03   4.2861444230810220e-03   4.1493877304642282e-03   4.0025711691300779e-03   3.8461713512250042e-03   3.6806698842220703e-03   3.5065528681687643e-03   3.3243105825693166e-03   3.1344372807293611e-03   2.9374310028600107e-03   2.7337934084697003e-03
   2.5201516811244589e-03   2.3050375545805692e-03   2.0848490604973061e-03   1.8600968405128131e-03   1.6312940823940271e-03   1.3989562461945062e-03   1.1636007512481508e-03   9.2574666785644633e-04   6.8591437633929418e-04   4.4462523242476767e-04   2.0240120709342927e-04  -4.0235464180987833e-05  -2.8276265077776418e-04  -5.2465868351860381e-04  -7.6540272323760131e-04  -1.0044751129587573e-03  -1.2413577357293147e-03  -1.4755343522065601e-03  -1.7064909377762132e-03  -1.9337159954753999e-03  -2.1567008631388708e-03  -2.3749399933498923e-03  -2.5879312228797727e-03  -2.7951760105202343e-03  -2.9961796595502073e-03  -3.1904515080779482e-03  -3.3775051033842398e-03  -3.5568583427756963e-03  -3.7280336013135341e-03  -3.8905578397136634e-03  -4.0439627226581606e-03  -4.1877847655134781e-03  -4.3215655904847872e-03  -4.4448524004156312e-03  -4.5571989292139837e-03  -4.6581672976159644e-03  -4.7473316264943629e-03  -4.8242847530319622e-03  -4.8886502060297328e-03  -4.9401014015925211e-03  -4.9783882640500286e-03  -5.0033644708086938e-03  -5.0150032993765276e-03  -5.0133913908613241e-03  -4.9987050851783271e-03  -4.9711819374937188e-03  -4.9310977969022245e-03  -4.8787519794080527e-03  -4.8144588491104631e-03  -4.7385435600822423e-03  -4.6513400433031375e-03  -4.5531902607796205e-03  -4.4444440134074293e-03  -4.3254590704892961e-03  -4.1966013704695312e-03  -4.0582452809604644e-03  -3.9107738052010571e-03  -3.7545787763678812e-03  -3.5900609668521018e-03  -3.4176301639656072e-03  -3.2377051525471646e-03  -3.0507136547857721e-03  -2.8570921747210635e-03  -2.6572857965008623e-03  -2.4517478841013414e-03  -2.2409397341686928e-03  -2.0253301338921674e-03  -1.8053948717796770e-03  -1.5816161560485414e-03  -1.3544819931729220e-03  -1.1244854831502214e-03  -8.9212408438266416e-04  -6.5789880667892285e-04  -4.2231338833825257e-04  -1.8587341740893210e-04   5.0914544877748478e-05   2.8754387815179008e-04   5.2350879470760138e-04   7.5830524945585921e-04   9.9143180716123377e-04   1.2223905093449244e-03   1.4506876793662828e-03   1.6758347110270339e-03   1.8973487789006342e-03   2.1147535201138604e-03   2.3275796262485424e-03   2.5353653995117361e-03   2.7376572096002912e-03   2.9340099104570687e-03   3.1239871548007997e-03   3.3071616707385535e-03   3.4831154324566991e-03   3.6514397962306390e-03   3.8117355319619846e-03   3.9636128256825822e-03   4.1066911776287728e-03   4.2405992797237176e-03   4.3649747902951988e-03   4.4794641008076355e-03   4.5837220082811381e-03   4.6774114105126172e-03   4.7602029472671144e-03   4.8317747666391381e-03   4.8918124099254648e-03   4.9400091966596039e-03   4.9760674008431753e-03   4.9997012579298967e-03   5.0106430199184033e-03   5.0086545679358021e-03   4.9935464686863230e-03   4.9652050063752921e-03   4.9236199926718923e-03   4.8689009273047458e-03   4.8012710499738126e-03   4.7210436420328968e-03   4.6285937726341167e-03   4.5243351112679488e-03   4.4087047434531023e-03   4.2821541126248563e-03   4.1451441511490619e-03   3.9981426156329679e-03   3.8416227684419440e-03   3.6760626293853085e-03   3.5019446167116912e-03   3.3197552833849559e-03   3.1299851665186444e-03   2.9331286097762171e-03   2.7296836215788545e-03
   2.5161546661796241e-03   2.3013142080750980e-03   2.0814303576698538e-03   1.8570104160269309e-03   1.6285643016330023e-03   1.3966042613456754e-03   1.1616445639168042e-03   9.2420117218377617e-04   6.8479140678448698e-04   4.4393359043048627e-04   2.0214669210526866e-04  -4.0050046326417296e-05  -2.8213747520995972e-04  -5.2359691738781966e-04  -7.6391053173682452e-04  -1.0025616893550363e-03  -1.2390353246739280e-03  -1.4728182968498003e-03  -1.7033997180988141e-03  -1.9302712903419849e-03  -2.1529276006658493e-03  -2.3708664228773851e-03  -2.5835889700790223e-03  -2.7906001537543368e-03  -2.9914087873933845e-03  -3.1855277955414978e-03  -3.3724743598779862e-03  -3.5517700768253478e-03  -3.7229410504298235e-03  -3.8855180079733795e-03  -4.0390363633654412e-03  -4.1830363502062904e-03  -4.3170631694606160e-03  -4.4406673687953126e-03  -4.5534055152177027e-03  -4.6548416736139362e-03  -4.7445501995939162e-03  -4.8221212266864261e-03  -4.8871705136012081e-03  -4.9393562053268118e-03  -4.9784034725664505e-03  -5.0041333816604966e-03  -5.0164848987741938e-03  -5.0155167611773974e-03  -5.0013884869939199e-03  -4.9743312527044973e-03  -4.9346220128163925e-03  -4.8825654458928705e-03  -4.8184834379226714e-03  -4.7427094729093865e-03  -4.6555859645107892e-03  -4.5574631141994167e-03  -4.4486985688667376e-03  -4.3296574415325239e-03  -4.2007124934078056e-03  -4.0622443607402072e-03  -3.9146417708827473e-03  -3.7583017227445061e-03  -3.5936296095947155e-03  -3.4210392875640727e-03  -3.2409530712610591e-03  -3.0538016725342571e-03  -2.8600240591845840e-03  -2.6600672567874710e-03  -2.4543860692816007e-03  -2.2434427446843268e-03  -2.0277065563644695e-03  -1.8076533365345921e-03  -1.5837649291264065e-03  -1.3565286016612684e-03  -1.1264363812206329e-03  -8.9398436191015084e-04  -6.5967194661067919e-04  -4.2400107552769111e-04  -1.8747540154697014e-04   4.9400529546566151e-05   2.8612213690020470e-04   5.2218563761575326e-04   7.5708890173520490e-04   9.9033226223836407e-04   1.2214193315565772e-03   1.4498577542084927e-03   1.6751599528374618e-03   1.8968437942473314e-03   2.1144332387745693e-03   2.3274588958615474e-03   2.5354585563354000e-03   2.7379776224293580e-03   2.9345695135269785e-03   3.1247959617152852e-03   3.3082272828638131e-03   3.4844425353006236e-03   3.6530296587787645e-03   3.8135854968293311e-03   3.9657158059557881e-03   4.1090351467472355e-03   4.2431667702465250e-03   4.3677423855929681e-03   4.4824019384790683e-03   4.5867932788114059e-03   4.6805718789195358e-03   4.7634004902381453e-03   4.8349489835443661e-03   4.8948943464239923e-03   4.9429213471038035e-03   4.9787242075631450e-03   5.0020106118820757e-03   5.0125094748849621e-03   5.0099852881603027e-03   4.9942605246852930e-03   4.9652446965559637e-03   4.9229601896367174e-03   4.8675511155622892e-03   4.7992697614136319e-03   4.7184489775509595e-03   4.6254746987744238e-03   4.5207652315789127e-03   4.4047584538028138e-03   4.2779044153771796e-03   4.1406614498481088e-03   3.9934940892126349e-03   3.8368720424410878e-03   3.6712696325308632e-03   3.4971655199917298e-03   3.3150425055307746e-03   3.1253873986769203e-03   2.9286908717473595e-03   2.7254473162388326e-03
   2.5120600422567862e-03   2.2974976890342441e-03   2.0779215725021095e-03   1.8538357641420611e-03   1.6257470387184101e-03   1.3941645668889095e-03   1.1595996121358321e-03   9.2256518530267303e-04   6.8357570875672308e-04   4.4314664203884847e-04   2.0179412364103918e-04  -3.9965421047710255e-05  -2.8161564871578284e-04  -5.2264069643296240e-04  -7.6252554977492839e-04  -1.0007564359662434e-03  -1.2368211795869952e-03  -1.4702095792415765e-03  -1.7004137393292363e-03  -1.9269284191538300e-03  -2.1492513300939544e-03  -2.3668834479604779e-03  -2.5793292663551901e-03  -2.7860970622152767e-03  -2.9866990947003120e-03  -3.1806518177178197e-03  -3.3674760206864572e-03  -3.5466969833476331e-03  -3.7178445547519290e-03  -3.8804532590272730e-03  -4.0340623325859819e-03  -4.1782158237712091e-03  -4.3124626771876345e-03  -4.4363570102462667e-03  -4.5494585951636026e-03  -4.6513340007293272e-03  -4.7415587666857495e-03  -4.8197218273556847e-03  -4.8854335816298907e-03  -4.9383402595172699e-03  -4.9781460993440704e-03  -5.0046423266837010e-03  -5.0177334511973251e-03  -5.0174474129825748e-03  -5.0039226413077691e-03  -4.9773802157866828e-03  -4.9380954834070592e-03  -4.8863767506663724e-03  -4.8225523237674815e-03  -4.7469633139917908e-03  -4.6599601446515853e-03  -4.5619009242181827e-03  -4.4531509017392262e-03  -4.3340823505090692e-03  -4.2050747182174903e-03  -4.0665148100151238e-03  -3.9187970129003916e-03  -3.7623234566219557e-03  -3.5975041530209840e-03  -3.4247570521487966e-03  -3.2445080574431823e-03  -3.0571909555374391e-03  -2.8632472978803256e-03  -2.6631262006879346e-03  -2.4572840909072662e-03  -2.2461843758253583e-03  -2.0302970602458490e-03  -1.8100982918428320e-03  -1.5860698547066393e-03  -1.3586986013426072e-03  -1.1284758394987462e-03  -8.9589666838781285e-04  -6.6145927801752793e-04  -4.2566421229761359e-04  -1.8901360747147940e-04   4.7989588967574158e-05   2.8484240997740955e-04   5.2104266237866916e-04   7.5608971588882309e-04   9.8948527601211683e-04   1.2207341379564835e-03   1.4493449077594221e-03   1.6748306912905400e-03   1.8967097358771597e-03   2.1145060294309290e-03   2.3277498415758381e-03   2.5359782154751702e-03   2.7387353925412165e-03   2.9355731824049040e-03   3.1260512621177762e-03   3.3097374207216490e-03   3.4862077286511111e-03   3.6550466524504707e-03   3.8158470948237966e-03   3.9682103821775698e-03   4.1117461771771309e-03   4.2460723437786922e-03   4.3708147407672615e-03   4.4856069793495516e-03   4.5900901263105703e-03   4.6839124120209245e-03   4.7667289573648814e-03   4.8382016614692451e-03   4.8979994041621396e-03   4.9457989976919390e-03   4.9812875559574199e-03   5.0041676234058525e-03   5.0141670642570250e-03   5.0110562488421906e-03   4.9946737625600800e-03   4.9649561146687358e-03   4.9219597481409156e-03   4.8658617832602839e-03   4.7969398523110838e-03   4.7155426667026658e-03   4.6220641039668338e-03   4.5169252326740248e-03   4.4005635389706222e-03   4.2734269879917026e-03   4.1359708789577973e-03   3.9886562612520722e-03   3.8319491189867283e-03   3.6663199790915556e-03   3.4922436810272089e-03   3.3101992491001682e-03   3.1206697636978471e-03   2.9241422497396103e-03   2.7211075244014623e-03
   2.5078890674241011e-03   2.2936076849245724e-03   2.0743407320409904e-03   1.8505891723415123e-03   1.6228567649651485e-03   1.3916497520740443e-03   1.1574765452819625e-03   9.2084737283158887e-04   6.8227392905727280e-04   4.4226899297676597e-04   2.0134605279464055e-04  -3.9981092741946584e-05  -2.8119872285226939e-04  -5.2179359859876766e-04  -7.6125335188489485e-04  -9.9906688225317856e-04  -1.2347247339001542e-03  -1.4677194733857676e-03  -1.6975460428513872e-03  -1.9237021074116059e-03  -2.1456883731577848e-03  -2.3630088926951346e-03  -2.5751713369118641e-03  -2.7816872502147215e-03  -2.9820722688661018e-03  -3.1758463167183585e-03  -3.3625337603072265e-03  -3.5416635412549064e-03  -3.7127692687300871e-03  -3.8753892904241109e-03  -4.0290667345728275e-03  -4.1733495543725511e-03  -4.3077905900930332e-03  -4.4319477296997541e-03  -4.5453842742082008e-03  -4.6476697670215722e-03  -4.7383817190055477e-03  -4.8171090965033365e-03  -4.8834589636125060e-03  -4.9370685442428307e-03  -4.9776248807625861e-03  -5.0048925690236975e-03  -5.0187427371664152e-03  -5.0191705693051767e-03  -5.0062895366363861e-03  -4.9803067864164444e-03  -4.9414930538662742e-03  -4.8901583149044961e-03  -4.8266360136693266e-03  -4.7512740895217613e-03  -4.6644304236979316e-03  -4.5664706606342430e-03  -4.4577673686627441e-03  -4.3386997805488596e-03  -4.2096538711299033e-03  -4.0710225061301557e-03  -3.9232056527682786e-03  -3.7666105324512646e-03  -3.6016517625941961e-03  -3.4287514108185522e-03  -3.2483390185410223e-03  -3.0608515325685343e-03  -2.8667332003275113e-03  -2.6664353731872567e-03  -2.4604162749665703e-03  -2.2491406807529689e-03  -2.0330795606843142e-03  -1.8127096404590070e-03  -1.5885129331371405e-03  -1.3609761929295214e-03  -1.1305903468011779e-03  -8.9784985785071965e-04  -6.6325207764301303e-04  -4.2729654179305543e-04  -1.9048426725219757e-04   4.6682993897695242e-05   2.8370348405955850e-04   5.2007619877819623e-04   7.5530161305292559e-04   9.8888242230451922e-04   1.2203242354843721e-03   1.4491362696353943e-03   1.6748319825505152e-03   1.8969296960533624e-03   2.1149531452273867e-03   2.3284320092825392e-03   2.5369023581658192e-03   2.7399070765141290e-03   2.9369961973918501e-03   3.1277272096927817e-03   3.3116652685363391e-03   3.4883833811456834e-03   3.6574624927624144e-03   3.8184915489024003e-03   3.9710674547936437e-03   4.1147950165977727e-03   4.2492867780460570e-03   4.3741628491027439e-03   4.4890506365138846e-03   4.5935845962351554e-03   4.6874059285154420e-03   4.7701624008826479e-03   4.8415082949122001e-03   4.9011048753968903e-03   4.9486216940794435e-03   4.9837398214757347e-03   5.0061583009922946e-03   5.0156064696468021e-03   5.0118641205212861e-03   4.9947899742469899e-03   4.9643506419649978e-03   4.9206368664759274e-03   4.8638563201262065e-03   4.7943081857969305e-03   4.7123536398763106e-03   4.6183920625268229e-03   4.5128457166690233e-03   4.3961507495978080e-03   4.2687524550460987e-03   4.1311027429481919e-03   3.9836589465617892e-03   3.8268831816577328e-03   3.6612420823465904e-03   3.4872066171829845e-03   3.3052520087125956e-03   3.1158576151639038e-03   2.9195068397779686e-03   2.7166869775342903e-03
   2.5036628603772424e-03   2.2896637863202996e-03   2.0707058004206659e-03   1.8472868885788280e-03   1.6199079347883395e-03   1.3890724106060640e-03   1.1552860391967489e-03   9.1905644386848376e-04   6.8089277283069083e-04   4.4130531729853311e-04   2.0080510882900600e-04  -4.0096480401536548e-05  -2.8088815452522034e-04  -5.2105909850978403e-04  -7.6009939619632529e-04  -9.9750042658068236e-04  -1.2327552699035490e-03  -1.4653590827374957e-03  -1.6948094792715170e-03  -1.9206068725779279e-03  -2.1422548193547981e-03  -2.3592603167355937e-03  -2.5711341003443926e-03  -2.7773908850793213e-03  -2.9775496052846027e-03  -3.1711335918731265e-03  -3.3576707499990686e-03  -3.5366936648995842e-03  -3.7077397114483788e-03  -3.8703510909684946e-03  -4.0240748839459285e-03  -4.1684630404386835e-03  -4.3030724323887106e-03  -4.4274649104666343e-03  -4.5412075845645107e-03  -4.6438733898933968e-03  -4.7350424604707762e-03  -4.8143048341673673e-03  -4.8812659169033806e-03  -4.9355564577506141e-03  -4.9768497562511973e-03  -5.0048872311276582e-03  -5.0195086714198813e-03  -5.0206755190714452e-03  -5.0084730589806149e-03  -4.9830906203204954e-03  -4.9447911094745193e-03  -4.8938839588796726e-03  -4.8307062961296986e-03  -4.7556119731739727e-03  -4.6689657055161305e-03  -4.5711402551345086e-03  -4.4625151947293275e-03  -4.3434764930502176e-03  -4.2144164754199060e-03  -4.0757339474161731e-03  -3.9278343657896259e-03  -3.7711299972894756e-03  -3.6060400436840898e-03  -3.4329907087904741e-03  -3.2524152153474064e-03  -3.0647537507588292e-03  -2.8704533627655188e-03  -2.6699677813428933e-03  -2.4637571923717991e-03  -2.2522879379284298e-03  -2.0360321765593875e-03  -1.8154674703674235e-03  -1.5910763382277092e-03  -1.3633457414905391e-03  -1.1327665467345004e-03  -8.9983292695930981e-04  -6.6504175123672626e-04  -4.2889192163537564e-04  -1.9188371292199152e-04   4.5481929796036626e-05   2.8270407521055165e-04   5.1928252052795649e-04   7.5471847192131142e-04   9.8851524401765214e-04   1.2201789093803234e-03   1.4492189563934360e-03   1.6751488823568198e-03   1.8974867858637758e-03   2.1157558815139230e-03   2.3294850080503764e-03   2.5382090485862106e-03   2.7414693394564120e-03   2.9388139810964022e-03   3.1297981375044233e-03   3.3139842322625285e-03   3.4909421327128953e-03   3.6602492237482057e-03   3.8214904745163172e-03   3.9742583894803027e-03   4.1181529578713048e-03   4.2527814845831494e-03   4.3777584330099038e-03   4.4927051554333438e-03   4.5972496746416874e-03   4.6910264025816304e-03   4.7736760462805689e-03   4.8448456759127168e-03   4.9041894778089155e-03   4.9513705493913693e-03   4.9860651044064674e-03   5.0079705681356996e-03   5.0168204900763900e-03   5.0124078221776176e-03   4.9946151200906570e-03   4.9634413102082027e-03   4.9190106387926929e-03   4.8615582262719476e-03   4.7914011634290288e-03   4.7089100431045470e-03   4.6144877194838722e-03   4.5085563344946632e-03   4.3915499219059229e-03   4.2639106001280810e-03   4.1260865888175045e-03   3.9785312922536436e-03   3.8217028317304568e-03   3.6560638564330865e-03   3.4820814215788492e-03   3.3002269247656194e-03   3.1109760160416993e-03   2.9148085040865807e-03   2.7122082201397144e-03
   2.4994025034714654e-03   2.2856855711020124e-03   2.0670347541345874e-03   1.8439451964348522e-03   1.6169150567801882e-03   1.3864451999652560e-03   1.1530388387048761e-03   9.1720117850176499e-04   6.7943901852504684e-04   4.4026036357877564e-04   2.0017399715664634e-04  -4.0310926334409162e-05  -2.8068532300153803e-04  -5.2044059309841082e-04  -7.5906906292800647e-04  -9.9606439011728121e-04  -1.2309219920552596e-03  -1.4631394289712231e-03  -1.6922168057503996e-03  -1.9176571198831552e-03  -2.1389666240642165e-03  -2.3556551259593622e-03  -2.5672362997612753e-03  -2.7732279280718031e-03  -2.9731521544103939e-03  -3.1665356564342779e-03  -3.3529098289622641e-03  -3.5318108828763808e-03  -3.7027799570498112e-03  -3.8653631397748173e-03  -4.0191115149778222e-03  -4.1635811253495688e-03  -4.2983329967837347e-03  -4.4229331312769767e-03  -4.5369526941834272e-03  -4.6399683935189374e-03  -4.7315635356253516e-03  -4.8113301257224862e-03  -4.8788733009391067e-03  -4.9338195420645025e-03  -4.9758314834907683e-03  -5.0046309211316453e-03  -5.0200289744580882e-03  -5.0219533942314877e-03  -5.0104588023477375e-03  -4.9857129150206840e-03  -4.9479674489811614e-03  -4.8975288070507196e-03  -4.8347361781720128e-03  -4.7599482742213366e-03  -4.6735359547257433e-03  -4.5758786240681741e-03  -4.4673625188819876e-03  -4.3483800928049623e-03  -4.2193298333553873e-03  -4.0806163486397633e-03  -3.9326504881415777e-03  -3.7758495060277774e-03  -3.6106371632247305e-03  -3.4374438098792644e-03  -3.2567063887604508e-03  -3.0688684016540019e-03  -2.8743797976357142e-03  -2.6736968177112929e-03  -2.4672817693559158e-03  -2.2556027553641378e-03  -2.0391333377722978e-03  -1.8183521589567881e-03  -1.5937425081771778e-03  -1.3657918473322383e-03  -1.1349912913825534e-03  -9.0183505442181691e-04  -6.6681986297333561e-04  -4.3044434284566840e-04  -1.9320838629495341e-04   4.4387497737354893e-05   2.8184283870522504e-04   5.1865786576220927e-04   7.5433415966822575e-04   9.8837530002885365e-04   1.2202874888386907e-03   1.4495801591071309e-03   1.6757665468129606e-03   1.8983642392883773e-03   2.1168956755401487e-03   2.3308886153060181e-03   2.5398765500719497e-03   2.7433990786872283e-03   2.9410022188561683e-03   3.1322386790948349e-03   3.3166680592250511e-03   3.4938570115543993e-03   3.6633793273373018e-03   3.8248159829723425e-03   3.9777551084730304e-03   4.1217919195849053e-03   4.2565285722313316e-03   4.3815739917016658e-03   4.4965436387317233e-03   4.6010592918566077e-03   4.6947488382456581e-03   4.7772462402873748e-03   4.8481918066371260e-03   4.9072332381201534e-03   4.9540280893733482e-03   4.9882490518563102e-03   5.0095940457195228e-03   5.0178038034758470e-03   5.0126882035702088e-03   4.9941569279962662e-03   4.9622423797768727e-03   4.9171006740748001e-03   4.8589909051872026e-03   4.7882446648078933e-03   4.7052392985461643e-03   4.6103794206855354e-03   4.5040859557382313e-03   4.3867901643841779e-03   4.2589305582265476e-03   4.1209513955841751e-03   3.9733019618486305e-03   3.8164362634416599e-03   3.6508128821850189e-03   3.4768949186652254e-03   3.2951499296753413e-03   3.1060498711762770e-03   2.9100709943818024e-03   2.7076937277471591e-03
   2.4951291379232709e-03   2.2816926984888428e-03   2.0633456634761224e-03   1.8405804772727739e-03   1.6138927386128538e-03   1.3837808786921091e-03   1.1507457902079148e-03   9.1529045618856427e-04   6.7791953739275912e-04   4.3913896418941933e-04   1.9945549541020509e-04  -4.0623712207371367e-05  -2.8059155908072503e-04  -5.1994144075498600e-04  -7.5816770208331035e-04  -9.9476606757490922e-04  -1.2292340799679726e-03  -1.4610715081300790e-03  -1.6897807555901478e-03  -1.9148672317378581e-03  -2.1358397172370680e-03  -2.3522106865580929e-03  -2.5634966188977240e-03  -2.7692182593449825e-03  -2.9689008632398832e-03  -3.1620743876733682e-03  -3.3482736633934393e-03  -3.5270385076370705e-03  -3.6979138159924803e-03  -3.8604495958245583e-03  -4.0142009825115009e-03  -4.1587282050862965e-03  -4.2935965604531147e-03  -4.4183763826893272e-03  -4.5326431213956811e-03  -4.6359776044617041e-03  -4.7279667924926870e-03  -4.8082054324107568e-03  -4.8762995689882850e-03  -4.9318733208347561e-03  -4.9745813753239816e-03  -5.0041294021555679e-03  -5.0203028866837186e-03  -5.0229969598525534e-03  -5.0122338760950338e-03  -4.9881562483342452e-03  -4.9510011346245953e-03  -4.9010691659999448e-03  -4.8386997870869331e-03  -4.7642553692181250e-03  -4.6781121532354884e-03  -4.5806556509401320e-03  -4.4722783973218721e-03  -4.3533790516833044e-03  -4.2243620654597294e-03  -4.0856376953511799e-03  -3.9376220816795399e-03  -3.7807373963568524e-03  -3.6154119311321850e-03  -3.4420801823684044e-03  -3.2611828500400722e-03  -3.0731668135405626e-03  -2.8784850202316597e-03  -2.6775963474357442e-03  -2.4709653791100384e-03  -2.2590621571772014e-03  -2.0423618556111994e-03  -1.8213444306868082e-03  -1.5964941992955312e-03  -1.3682994002053863e-03  -1.1372516926528530e-03  -9.0384564462616974e-04  -6.6857816738468594e-04  -4.3194794893332484e-04  -1.9445484475366759e-04   4.3400721677344367e-05   2.8111838960289846e-04   5.1819847031581135e-04   7.5414257602604920e-04   9.8845421546196331e-04   1.2206393978045837e-03   1.4502071918697059e-03   1.6766702833729322e-03   1.8995454766772793e-03   2.1183541861058220e-03   2.3326228631877994e-03   2.5418834075096900e-03   2.7456735050208287e-03   2.9435369440781504e-03   3.1350238537151361e-03   3.3196909187754465e-03   3.4971015107856853e-03   3.6668257938205985e-03   3.8284407433609290e-03   3.9815301419306838e-03   4.1256844848601070e-03   4.2605008705460228e-03   4.3855828073363331e-03   4.5005400318126297e-03   4.6049882857054653e-03   4.6985492068044267e-03   4.7808503615849448e-03   4.8515257802860473e-03   4.9102173458188281e-03   4.9565780781720770e-03   4.9902786653454869e-03   5.0110198397776470e-03   5.0185527292564702e-03   5.0127077706361425e-03   4.9934245304431085e-03   4.9607690081560464e-03   4.9149268476263363e-03   4.8561775574953265e-03   4.7848640723987396e-03   4.7013682106526230e-03   4.6060948718310074e-03   4.4994628493711412e-03   4.3819000491935427e-03   4.2538410053702428e-03   4.1157257604365347e-03   3.9679993121019917e-03   3.8111114327338737e-03   3.6455165650405726e-03   3.4716738124951365e-03   3.2900468839085384e-03   3.1011040566231345e-03   2.9053180685002641e-03   2.7031660088332934e-03
   2.4908640526590817e-03   2.2777049809969150e-03   2.0596567564178524e-03   1.8372092753745689e-03   1.6108557490738416e-03   1.3810923583520486e-03   1.1484178783893024e-03   9.1333327908997043e-04   6.7634130583180249e-04   4.3794604026521573e-04   1.9865245181524359e-04  -4.1034066124762032e-05  -2.8060815878619351e-04  -5.1956498259734239e-04  -7.5740066589471077e-04  -9.9361277408929207e-04  -1.2277007525629379e-03  -1.4591663687776942e-03  -1.6875141223219796e-03  -1.9122516494744851e-03  -2.1328900861002347e-03  -2.3489444204338791e-03  -2.5599337956658591e-03  -2.7653818005814665e-03  -2.9648167024986238e-03  -3.1577716643740460e-03  -3.3437848965016822e-03  -3.5223997942058537e-03  -3.6931650041969449e-03  -3.8556344778155325e-03  -4.0093674516616350e-03  -4.1539284276857465e-03  -4.2888870924139419e-03  -4.4138182805330212e-03  -4.5283019485736773e-03  -4.6319233582151472e-03  -4.7242735657472756e-03  -4.8049507287361726e-03  -4.8735628251263567e-03  -4.9297332400642779e-03  -4.9731111308409315e-03  -5.0033893278845481e-03  -5.0203309440025627e-03  -5.0238004144794509e-03  -5.0137867295442723e-03  -4.9904044165049654e-03  -4.9538723307162224e-03  -4.9044823816084193e-03  -4.8425722445484057e-03  -4.7685066020752252e-03  -4.6826662221408945e-03  -4.5854421329040388e-03  -4.4772327693387223e-03  -4.3584426945812577e-03  -4.2294821117827208e-03  -4.0907667600618832e-03  -3.9427179612800383e-03  -3.7857627265059190e-03  -3.6203338448149882e-03  -3.4468699512973625e-03  -3.2658155346678487e-03  -3.0776209082988455e-03  -2.8827421107655601e-03  -2.6816407690788183e-03  -2.4747838925513162e-03  -2.2626436336304059e-03  -2.0456969790582000e-03  -1.8244254164088832e-03  -1.5993145363058510e-03  -1.3708536167771979e-03  -1.1395351474633381e-03  -9.0585434624488020e-04  -6.7030862302821170e-04  -4.3339704694332078e-04  -1.9561976827061066e-04   4.2522544199577902e-05   2.8052930242204103e-04   5.1790057005262897e-04   7.5413766111142211e-04   9.8874369734440058e-04   1.2212241847379104e-03   1.4510875361236327e-03   1.6778456054967477e-03   1.9010141569137890e-03   2.1201133390200294e-03   2.3346680829338853e-03   2.5442085007827868e-03   2.7482701989244383e-03   2.9463945907093865e-03   3.1381291145905891e-03   3.3230274494694960e-03   3.5006496290196777e-03   3.6705621559754938e-03   3.8323380071326628e-03   3.9855566426362943e-03   4.1298039020976835e-03   4.2646719167321505e-03   4.3897589134441707e-03   4.5046690730713738e-03   4.6090123287304838e-03   4.7024043518812614e-03   4.7844666993779057e-03   4.8548276365698211e-03   4.9131239836496064e-03   4.9590053343194626e-03   4.9921421028241587e-03   5.0122403480855554e-03   5.0190650039814485e-03   5.0124704506884594e-03   4.9924281758909365e-03   4.9590369953921758e-03   4.9125091664112665e-03   4.8531411568105516e-03   4.7812843549037559e-03   4.6973231046344589e-03   4.6016613138875426e-03   4.4947148692913042e-03   4.3769078029273628e-03   4.2486703433785343e-03   4.1104380777528355e-03   3.9626515616806570e-03   3.8057562171760705e-03   3.6402022832953758e-03   3.4664448258979489e-03   3.2849437047111343e-03   3.0961635362321952e-03   2.9005735978010322e-03   2.6986477082140596e-03
   2.4866287640866996e-03   2.2737424633583977e-03   2.0559864871228287e-03   1.8338483480689234e-03   1.6078190534805756e-03   1.3783927319927203e-03   1.1460662524075146e-03   9.1133879470860224e-04   6.7471142184512116e-04   4.3668660870391842e-04   1.9776778185207693e-04  -4.1541177336611962e-05  -2.8073640818859736e-04  -5.1931457650812140e-04  -7.5677334822871884e-04  -9.9261188706912368e-04  -1.2263313093015986e-03  -1.4574351565923825e-03  -1.6854298153209878e-03  -1.9098249487891346e-03  -2.1301338662228844e-03  -2.3458739012346391e-03  -2.5565667175800602e-03  -2.7617386203724662e-03  -2.9609207854718470e-03  -3.1536494950202892e-03  -3.3394662833257870e-03  -3.5179180872330889e-03  -3.6885572994175982e-03  -3.8509418316525217e-03  -4.0046350750912243e-03  -4.1492058818709933e-03  -4.2842284506257678e-03  -4.4092822722456475e-03  -4.5239520316204497e-03  -4.6278277092301826e-03  -4.7205048717164919e-03  -4.8015856706631185e-03  -4.8706809294965436e-03  -4.9274146909351170e-03  -4.9714327423249051e-03  -5.0024180683613060e-03  -5.0201148038908948e-03  -5.0243592128956256e-03  -5.0151070097269315e-03  -4.9924422786662764e-03  -4.9565621431554062e-03  -4.9077466816375200e-03  -4.8463295211795205e-03  -4.7726761571875338e-03  -4.6871709149325872e-03  -4.5902096948230295e-03  -4.4821963908446144e-03  -4.3635411510496271e-03  -4.2346596992301139e-03  -4.0959730841075223e-03  -3.9479076882515101e-03  -3.7908952793676834e-03  -3.6253731015684072e-03  -3.4517839168892225e-03  -3.2705760274444173e-03  -3.0822032311201208e-03  -2.8871247415547256e-03  -2.6858050453751050e-03  -2.4787137170585241e-03  -2.2663251789520884e-03  -2.0491184208143898e-03  -1.8275766716715483e-03  -1.6021870313365266e-03  -1.3734400654032055e-03  -1.1418293645201569e-03  -9.0785107712632984e-04  -6.7200341092433613e-04  -4.3478611933991327e-04  -1.9669996339964269e-04   4.1753829108976616e-05   2.8007412177696726e-04   5.1776041793337891e-04   7.5431341862623312e-04   9.8923555836423504e-04   1.2220315429564063e-03   1.4522088531422536e-03   1.6792782432938267e-03   1.9027541945476380e-03   2.1221553571118381e-03   2.3370049375756406e-03   2.5468310715222485e-03   2.7511671316233499e-03   2.9495520166302851e-03   3.1415303690091557e-03   3.3266527737648602e-03   3.5044758780187930e-03   3.6745624907042205e-03   3.8364815987734519e-03   3.9898083670997179e-03   4.1341240517194485e-03   4.2690159090770794e-03   4.3940770299884567e-03   4.5089062121728462e-03   4.6131078240856955e-03   4.7062918661531531e-03   4.7880743057199986e-03   4.8580781970091998e-03   4.9159361430598210e-03   4.9612955443618352e-03   4.9938284875007035e-03   5.0132490910727362e-03   5.0193395930965713e-03   5.0119813865632289e-03   4.9911790256991278e-03   4.9570626123708753e-03   4.9098677187271750e-03   4.8499044933590727e-03   4.7775301883057862e-03   4.6931299873814534e-03   4.5971057050573066e-03   4.4898696410987605e-03   4.3718414916168345e-03   4.2434468775389310e-03   4.1051167085161865e-03   3.9572869498194869e-03   3.8003985646851103e-03   3.6348975262078249e-03   3.4612348282261982e-03   3.2798664828375102e-03   3.0912534715478051e-03   2.8958616657839263e-03   2.6941616915686093e-03
   2.4824450870363970e-03   2.2698254771615768e-03   2.0523535852896382e-03   1.8305147168246809e-03   1.6047978644344967e-03   1.3756953157414273e-03   1.1437022552718227e-03   9.0931631292168885e-04   6.7303711402189991e-04   4.3536578475725067e-04   1.9680446715507899e-04  -4.2144201808286853e-05  -2.8097759275452387e-04  -5.1919361319628969e-04  -7.5629120911775889e-04  -9.9177088430491478e-04  -1.2251351825564012e-03  -1.4558891793166511e-03  -1.6835409272644563e-03  -1.9076019039500408e-03  -2.1275874046056769e-03  -2.3430169301640797e-03  -2.5534145128904466e-03  -2.7583090336157057e-03  -2.9572344699065802e-03  -3.1497301304257929e-03  -3.3353408136781032e-03  -3.5136169533829128e-03  -3.6841146826980110e-03  -3.8463958840579382e-03  -4.0000281559194745e-03  -4.1445847725666285e-03  -4.2796445665847479e-03  -4.4047918332003021e-03  -4.5196162019197671e-03  -4.6237126386498781e-03  -4.7166816090915735e-03  -4.7981297817023833e-03  -4.8676716400800034e-03  -4.9249330914445466e-03  -4.9695584731835147e-03  -5.0012236235461322e-03  -5.0196571101882382e-03  -5.0246699363963665e-03  -5.0161854558126448e-03  -4.9942556184783965e-03  -4.9590524700322486e-03  -4.9108410116070686e-03  -4.8499482785796001e-03  -4.7767389111797471e-03  -4.6915996870535437e-03  -4.5949306756410818e-03  -4.4871407394639785e-03  -4.3686452765317931e-03  -4.2398652791364585e-03  -4.1012269282214046e-03  -3.9531615339831513e-03  -3.7961055360405420e-03  -3.6305005814574339e-03  -3.4567935456923343e-03  -3.2754365585225976e-03  -3.0868869507929375e-03  -2.8916071861806699e-03  -2.6900647134438078e-03  -2.4827318010279412e-03  -2.2700852978994120e-03  -2.0526063746870676e-03  -1.8307802003604159e-03  -1.6050956036599807e-03  -1.3760446769692451e-03  -1.1441223684161405e-03  -9.0982602605749717e-04  -6.7365493698712438e-04  -4.3610982812857565e-04  -1.9769236893701353e-04   4.1095354212656553e-05   2.7975135356118761e-04   5.1777427346263777e-04   7.5466390516813048e-04   9.8992170943062010e-04   1.2230513117225392e-03   1.4535589957265804e-03   1.6809541613086885e-03   1.9047497724251237e-03   2.1244627620568275e-03   2.3396144191448870e-03   2.5497307252983353e-03   2.7543426681240265e-03   2.9529865000870155e-03   3.1452039685377362e-03   3.3305424847414268e-03   3.5085552618788558e-03   3.6788013898910923e-03   3.8408458768363018e-03   3.9942596257013570e-03   4.1386193828792687e-03   4.2735076298351478e-03   4.3985124694104812e-03   4.5132274993273406e-03   4.6172517753333628e-03   4.7101899432100041e-03   4.7916528279915039e-03   4.8612588846437977e-03   4.9186374338918678e-03   4.9634350802484671e-03   4.9953277381794333e-03   5.0140405679920839e-03   5.0193765572484209e-03   5.0112467671066105e-03   4.9896890206264002e-03   4.9548625164251665e-03   4.9070226865090775e-03   4.8464902690717217e-03   4.7736261011107478e-03   4.6888147216197417e-03   4.5924549032773827e-03   4.4849547451825782e-03   4.3667291970572921e-03   4.2381989846948399e-03   4.0997901372723747e-03   3.9519338833518868e-03   3.7950666290885921e-03   3.6296300193681616e-03   3.4560709503779993e-03   3.2748415889925398e-03   3.0863993156551024e-03   2.8912066552655357e-03   2.6897311283824396e-03
   2.4783351939010856e-03   2.2659747001841819e-03   2.0487771073992630e-03   1.8272257017656935e-03   1.6018076641160671e-03   1.3730136658510143e-03   1.1413374409773296e-03   9.0727532145936610e-04   6.7132575328547389e-04   4.3398878642963567e-04   1.9576555201755927e-04  -4.2842274862251687e-05  -2.8133301765756680e-04  -5.1920554332735448e-04  -7.5595980477965910e-04  -9.9109737404003443e-04  -1.2241219650426099e-03  -1.4545399358287451e-03  -1.6818607728721511e-03  -1.9055975443677232e-03  -2.1252673295267398e-03  -2.3403916081979276e-03  -2.5504966210233618e-03  -2.7551136806551542e-03  -2.9537794493093308e-03  -3.1460361626209224e-03  -3.3314318173770130e-03  -3.5095202976767504e-03  -3.6798614641345494e-03  -3.8420211790200316e-03  -3.9955712951292967e-03  -4.1400895801430989e-03  -4.2751596160147407e-03  -4.4003706490674376e-03  -4.5153174586887645e-03  -4.6196002543887893e-03  -4.7128247605412350e-03  -4.7946026468866096e-03  -4.8645527811680663e-03  -4.9223040080881983e-03  -4.9675009025554025e-03  -4.9998146039703017e-03  -5.0189614052254857e-03  -5.0247302266464662e-03  -5.0170138255308970e-03  -4.9958310388484766e-03  -4.9613258709521523e-03  -4.9137448737580540e-03  -4.8534057050260235e-03  -4.7806702695362708e-03  -4.6959265463598805e-03  -4.5995779915160417e-03  -4.4920378952591281e-03  -4.3737265472803301e-03  -4.2450699380369343e-03  -4.1064991960736499e-03  -3.9584504164242680e-03  -3.8013646225099457e-03  -3.6356878045536978e-03  -3.4618709343184162e-03  -3.2803699766542471e-03  -3.0916458388886492e-03  -2.8961642997628167e-03  -2.6943958703043798e-03  -2.4868156313577147e-03  -2.2739030047258697e-03  -2.0561415074285636e-03  -1.8340184416781341e-03  -1.6080245723004124e-03  -1.3786537462812838e-03  -1.1464025081326060e-03  -9.1176966257938599e-04  -6.7525584078062138e-04  -4.3736302048030362e-04  -1.9859405925481583e-04   4.0547811102982403e-05   2.7955946717818581e-04   5.1793840812571542e-04   7.5518323656510744e-04   9.9079416392906577e-04   1.2242734722380205e-03   1.4551259937110894e-03   1.6828595366728430e-03   1.9069853232920751e-03   2.1270183640282334e-03   2.3424778398431156e-03   2.5528874129025591e-03   2.7577755411817527e-03   2.9566757118719214e-03   3.1491266776483046e-03   3.3346726058835802e-03   3.5128632298626733e-03   3.6832539044452236e-03   3.8454056680643058e-03   3.9988852050068940e-03   4.1432648236128522e-03   4.2781223406538034e-03   4.4030410174014482e-03   4.5176094492280607e-03   4.6214216342323200e-03   4.7140772087525071e-03   4.7951823271088221e-03   4.8643515335837989e-03   4.9212118971029050e-03   4.9654108277660354e-03   4.9966304343788655e-03   5.0146101436885759e-03   5.0191769723651825e-03   5.0102737166640978e-03   4.9879708005128127e-03   4.9524537440803216e-03   4.9039944075528188e-03   4.8429212278827613e-03   4.7695966348515143e-03   4.6844032049031190e-03   4.5877358446612705e-03   4.4799978921999870e-03   4.3615991813944549e-03   4.2329552685905587e-03   4.0944871150153756e-03   3.9466210691165788e-03   3.7897888906610949e-03   3.6244278358505545e-03   3.4509806848243897e-03   3.2698957647079720e-03   3.0816268973150344e-03   2.8866333231097807e-03   2.6853795535319619e-03
   2.4743216612704488e-03   2.2622111892025157e-03   2.0452764660221830e-03   1.8239989553258270e-03   1.5988642394300279e-03   1.3703616076536041e-03   1.1389835932328226e-03   9.0522549540250554e-04   6.6958485625030436e-04   4.3256093462084173e-04   1.9465414169393656e-04  -4.3634514102533496e-05  -2.8180401277144430e-04  -5.1935388605775967e-04  -7.5578480315525629e-04  -9.9059912088589677e-04  -1.2233014483538560e-03  -1.4533991634217895e-03  -1.6804029367296753e-03  -1.9038271957184697e-03  -2.1231905900647580e-03  -2.3380163857537337e-03  -2.5478328565924895e-03  -2.7521735960491273e-03  -2.9505778242010054e-03  -3.1425906043935636e-03  -3.3277630542085670e-03  -3.5056524606110096e-03  -3.6758223902579961e-03  -3.8378426954664329e-03  -3.9912895208011213e-03  -4.1357452012261075e-03  -4.2707981727628753e-03  -4.3960427818769661e-03  -4.5110791480938404e-03  -4.6155129799667618e-03  -4.7089555899515727e-03  -4.7910241080067143e-03  -4.8613424284102693e-03  -4.9195433055078302e-03  -4.9652730251478006e-03  -4.9982002615390382e-03  -5.0180321071675157e-03  -5.0245387751344725e-03  -5.0175848559019390e-03  -4.9971559060828560e-03  -4.9633654613768698e-03  -4.9164381807084365e-03  -4.8566793504405750e-03  -4.7844459951836863e-03  -4.7001258883677781e-03  -4.6041249810439789e-03  -4.4968603999833564e-03  -4.3787569330825324e-03  -4.2502452849975175e-03  -4.1117613339196439e-03  -3.9637458126648602e-03  -3.8066442326384602e-03  -3.6409068641862809e-03  -3.4669887522115563e-03  -3.2853496987610893e-03  -3.0964542253087710e-03  -2.9007714858440528e-03  -2.6987751432607475e-03  -2.4909432013109885e-03  -2.2777577956628360e-03  -2.0597049455138667e-03  -1.8372742660319017e-03  -1.6109586519070065e-03  -1.3812539221971704e-03  -1.1486584447238455e-03  -9.1367272563728098e-04  -6.7679898927757299e-04  -4.3854072740248158e-04  -1.9940224897637145e-04   4.0111795809010842e-05   2.7949688006478581e-04   5.1824908505791810e-04   7.5586556262830147e-04   9.9184501245058211e-04   1.2256881260110247e-03   1.4568980402605021e-03   1.6849807476624619e-03   1.9094455116611603e-03   2.1298052287832296e-03   2.3455767920602510e-03   2.5562813911932008e-03   2.7614448121482697e-03   2.9605976663496067e-03   3.1532756175643101e-03   3.3390195284857642e-03   3.5173756064642123e-03   3.6878954634615084e-03   3.8501361777565270e-03   4.0036602653923193e-03   4.1480356671796271e-03   4.2828356541143734e-03   4.4076387914904870e-03   4.5220288832644381e-03   4.6255951304297891e-03   4.7179325355549244e-03   4.7986430865781075e-03   4.8673381948208293e-03   4.9236438285754627e-03   4.9672100359649035e-03   4.9977277246922511e-03   5.0149539813327199e-03   5.0187428896117277e-03   5.0090702552686465e-03   4.9860376765527587e-03   4.9498537611305533e-03   4.9008034788374268e-03   4.8392203069065800e-03   4.7654665131574327e-03   4.6799215460999743e-03   4.5829757144547007e-03   4.4750270860292284e-03   4.3564800379339236e-03   4.2277446991998754e-03   4.0892367854754950e-03   3.9413776293096125e-03   3.7845942597346171e-03   3.6193194897222677e-03   3.4459919695811890e-03   3.2650561983783391e-03   3.0769624858734343e-03   2.8821668598567416e-03   2.6811309244759987e-03
   2.4704275014067324e-03   2.2585564147644885e-03   2.0418714579527428e-03   1.8208524771079005e-03   1.5959836863824915e-03   1.3677532382487154e-03   1.1366527300594395e-03   9.0317670384624875e-04   6.6782209012364725e-04   4.3108765451960326e-04   1.9347339789710550e-04  -4.4520029163392256e-05  -2.8239194804890745e-04  -5.1964224719047865e-04  -7.5577200284570223e-04  -9.9028406078873095e-04  -1.2226836336331644e-03  -1.4524788468247840e-03  -1.6791812910713140e-03  -1.9023065120941027e-03  -2.1213744996820285e-03  -2.3359101045893936e-03  -2.5454434488755605e-03  -2.7495102540628295e-03  -2.9476521591013370e-03  -3.1394169507343375e-03  -3.3243587821025120e-03  -3.5020382949615039e-03  -3.6720227311087031e-03  -3.8338859432139709e-03  -3.9872083969110274e-03  -4.1315770683412190e-03  -4.2665853432785972e-03  -4.3918328166831283e-03  -4.5069251259614715e-03  -4.6114737286303805e-03  -4.7050958301585169e-03  -4.7874144549532212e-03  -4.8580591009919835e-03  -4.9166673157792842e-03  -4.9628883907998833e-03  -4.9963905650572448e-03  -5.0168745557822667e-03  -5.0240953509714361e-03  -5.0178922749124881e-03  -4.9982183515485511e-03  -4.9651548408952469e-03  -4.9189011352625250e-03  -4.8597469675236834e-03  -4.7880420358644583e-03  -4.7041723207944773e-03  -4.6085452368242481e-03  -4.5015810986079995e-03  -4.3837087515313337e-03  -4.2553633180372466e-03  -4.1169852101977135e-03  -3.9690196498670741e-03  -3.8119165306524350e-03  -3.6461303397259978e-03  -3.4721201629743497e-03  -3.2903496413146795e-03  -3.1012869382746546e-03  -2.9054046388391356e-03  -2.7031796403813218e-03  -2.4950929748787467e-03  -2.2816296180331284e-03  -2.0632782395381467e-03  -1.8405309380576601e-03  -1.6138829241879960e-03  -1.3838321914163068e-03  -1.1508791451353532e-03  -9.1552622228849149e-04  -6.7827747762719032e-04  -4.3963816505881764e-04  -2.0011429532621866e-04   3.9787805859009274e-05   2.7956195385277048e-04   5.1870255492389027e-04   7.5670506086441647e-04   9.9306641142278985e-04   1.2272854724277168e-03   1.4588634558335527e-03   1.6873043267789055e-03   1.9121151867434179e-03   2.1328066357367238e-03   2.3488931060601324e-03   2.5598931687486268e-03   2.7653298067402952e-03   2.9647306531125689e-03   3.1576281930855315e-03   3.3435599279271239e-03   3.5220684996710352e-03   3.6927017727110298e-03   3.8550128781550826e-03   4.0085602172876423e-03   4.1529074371141088e-03   4.2876233847558226e-03   4.4122820800813660e-03   4.5264627542211276e-03   4.6297500858775388e-03   4.7217348475054642e-03   4.8020154167099562e-03   4.8702009465017640e-03   4.9259176210447019e-03   4.9688202013146937e-03   4.9986112810188653e-03   5.0150690396123295e-03   5.0180773301924516e-03   5.0076453182915301e-03   4.9839036612396390e-03   4.9470805527823559e-03   4.8974708910499935e-03   4.8354107978517413e-03   4.7612608127677019e-03   4.6753962335131655e-03   4.5782021064046359e-03   4.4700707708169290e-03   4.3514008247959131e-03   4.2225967328551293e-03   4.0840687926368821e-03   3.9362331965524843e-03   3.7795121609664646e-03   3.6143340102576288e-03   3.4411332530559849e-03   3.2603505812315941e-03   3.0724328428775767e-03   2.8778329325142857e-03   2.6770096538730297e-03
   2.4666761774217059e-03   2.2550322658588039e-03   2.0385822674821863e-03   1.8178046250237750e-03   1.5931824250859170e-03   1.3652029390114194e-03   1.1343571086852252e-03   9.0113900930260005e-04   6.6604526867892057e-04   4.2957447211949384e-04   1.9222653627603433e-04  -4.5497921728318076e-05  -2.8309823285665021e-04  -5.2007431852574921e-04  -7.5592733690854987e-04  -9.9016031181157842e-04  -1.2222787522004305e-03  -1.4517912436745398e-03  -1.6782100186003032e-03  -1.9010514887213086e-03  -2.1198367455897956e-03  -2.3340920150093669e-03  -2.5433490711035383e-03  -2.7471455996658668e-03  -2.9450255146262865e-03  -3.1365392174069282e-03  -3.3212438047901683e-03  -3.4987032191638166e-03  -3.6684883434597139e-03  -3.8301770357094195e-03  -3.9833541080065106e-03  -4.1276112464508092e-03  -4.2625468777865395e-03  -4.3877659868031427e-03  -4.5028798996331661e-03  -4.6075060600221027e-03  -4.7012678557689300e-03  -4.7837946089683628e-03  -4.8547219521851634e-03  -4.9136930206495275e-03  -4.9603612687764394e-03  -4.9943963192417536e-03  -5.0154951114718960e-03  -5.0234008636928923e-03  -5.0179308821180222e-03  -4.9990073275410704e-03  -4.9666780703354566e-03  -4.9211141466797030e-03  -4.8625863682511027e-03  -4.7914343569645055e-03  -4.7080404825546361e-03  -4.6128124277984303e-03  -4.5061729664831974e-03  -4.3885545069094842e-03  -4.2603962732175758e-03  -4.1221429772805920e-03  -3.9742441777912106e-03  -3.8171540355684914e-03  -3.6513311903957732e-03  -3.4772387298685602e-03  -3.2953441327992334e-03  -3.1061192252915381e-03  -2.9100400770933196e-03  -2.7075868902358196e-03  -2.4992438252055401e-03  -2.2854988165927985e-03  -2.0668433264651436e-03  -1.8437720915109282e-03  -1.6167828145711046e-03  -1.3863758530775745e-03  -1.1530538564285043e-03  -9.1732140677100438e-04  -6.7968461551056879e-04  -4.4065072988538998e-04  -2.0072770137591244e-04   3.9576228565018815e-05   2.7975297439978539e-04   5.1929502720465955e-04   7.5769590052659846e-04   9.9445054298892663e-04   1.2290557699033745e-03   1.4610106535609510e-03   1.6898169270724895e-03   1.9149793392710191e-03   2.1360060185212247e-03   2.3524087795488437e-03   2.5637034346727662e-03   2.7694100413294281e-03   2.9690531528585484e-03   3.1621619983717101e-03   3.3482706628222450e-03   3.5269181907940424e-03   3.6976486939316517e-03   3.8600113775325001e-03   4.0135605789241224e-03   4.1578557331438150e-03   4.2924613829799481e-03   4.4169471644249503e-03   4.5308879570376860e-03   4.6338642173568423e-03   4.7254629178363396e-03   4.8052794588804518e-03   4.8729217178791820e-03   4.9280176318892213e-03   4.9702290024393634e-03   4.9992733011993929e-03   5.0149531396334393e-03   5.0171843282844839e-03   5.0060088159873213e-03   4.9815835527986206e-03   4.9441527426978601e-03   4.8940181831018800e-03   4.8315165108293208e-03   4.7570051296530408e-03   4.6708542899146499e-03   4.5734431662944365e-03   4.4651579581065472e-03   4.3463911783915513e-03   4.2175414101366295e-03   4.0790133660409990e-03   3.9312179863177418e-03   3.7745725954858944e-03   3.6095009933542893e-03   3.4364335381358783e-03   3.2558071437021495e-03   3.0680652499341437e-03   2.8736577083667099e-03   2.6730406338441757e-03
   2.4630915998126485e-03   2.2516610526111813e-03   2.0354294654600807e-03   1.8148741041250807e-03   1.5904771815263292e-03   1.3627253589140311e-03   1.1321092145272159e-03   8.9912266214114511e-04   6.6426234892445475e-04   4.2802701078933518e-04   1.9091682118993676e-04  -4.6567292628468322e-05  -2.8392432446714148e-04  -5.2065388571397627e-04  -7.5625687708900165e-04  -9.9023617111982385e-04  -1.2220972542230871e-03  -1.4513488691989965e-03  -1.6775036026759271e-03  -1.9000784642580083e-03  -2.1185953982229004e-03  -2.3325817809805114e-03  -2.5415708399943778e-03  -2.7451020530293814e-03  -2.9427214602226431e-03  -3.1339819569261938e-03  -3.3184434921387251e-03  -3.4956732459700099e-03  -3.6652457076261111e-03  -3.8267427363750431e-03  -3.9797535169659431e-03  -4.1238745033634911e-03  -4.2587092550005149e-03  -4.3838682742984502e-03  -4.4989687454248233e-03  -4.6036343157871860e-03  -4.6974948363409721e-03  -4.7801862930182508e-03  -4.8513509512878436e-03  -4.9106382392162338e-03  -4.9577068254461126e-03  -4.9922293215912449e-03  -5.0139012887824956e-03  -5.0224574744290014e-03  -5.0176966957073159e-03  -4.9995127137740765e-03  -4.9679197177689288e-03  -4.9230577919403551e-03  -4.8651753086851489e-03  -4.7945987859928148e-03  -4.7117048641055585e-03  -4.6169001155469533e-03  -4.5106089267151371e-03  -4.3932667163380148e-03  -4.2653164592216346e-03  -4.1272069181569797e-03  -3.9793918253954730e-03  -3.8223294896454645e-03  -3.6564826338472446e-03  -3.4823183041341609e-03  -3.3003078125159180e-03  -3.1109266625844517e-03  -2.9146544557397650e-03  -2.7119747650249681e-03  -2.5033749730278688e-03  -2.2893460795092857e-03  -2.0703824724365677e-03  -1.8469816737374458e-03  -1.6196440469343121e-03  -1.3888724891545450e-03  -1.1551720880247662e-03  -9.1904977096383543e-04  -6.8101392147667671e-04  -4.4157399697738114e-04  -2.0124011735094395e-04   3.9477335496126948e-05   2.8006814354116177e-04   5.2002265811715222e-04   7.5883222689934738e-04   9.9598959097164366e-04   1.2309892996152857e-03   1.4633280858232637e-03   1.6925052560101460e-03   1.9180230310517693e-03   2.1393868985773289e-03   2.3561059081996442e-03   2.5676929767791683e-03   2.7736651276542333e-03   2.9735437375843360e-03   3.1668547098097246e-03   3.3531286576932145e-03   3.5319010065657653e-03   3.7027121084412451e-03   3.8651072717578389e-03   4.0186368180001033e-03   4.1628560606000306e-03   4.2973253543061064e-03   4.4216101263066772e-03   4.5352811292027669e-03   4.6379149303787488e-03   4.7290951670090030e-03   4.8084149957333990e-03   4.8754821371891572e-03   4.9299280871388743e-03   4.9714242995394691e-03   4.9997065717129379e-03   5.0146050875899163e-03   5.0160690365028881e-03   5.0041717246621627e-03   4.9790930601127737e-03   4.9410897339270954e-03   4.8904676048066829e-03   4.8275619345086425e-03   4.7527257331862020e-03   4.6663234103333246e-03   4.5687277146368253e-03   4.4603183312494181e-03   4.3414814022757469e-03   4.2126094286301999e-03   4.0741013806618260e-03   3.9263628435973613e-03   3.7698061775757689e-03   3.6048506286145763e-03   3.4319224013570795e-03   3.2514546671490187e-03   3.0638875181836383e-03   2.8696678574646924e-03   2.6692492308800051e-03
   2.4596981023617989e-03   2.2484654740439138e-03   2.0324339799265068e-03   1.8120799479840082e-03   1.5878849774506138e-03   1.3603354049787572e-03   1.1299217488831021e-03   8.9713808595331469e-04   6.6248141809324050e-04   4.2645098207309454e-04   1.8954756268802666e-04  -4.7727239120006204e-05  -2.8487171947341527e-04  -5.2138481673050967e-04  -7.5676682179570513e-04  -9.9052010725585496e-04  -1.2221498057135027e-03  -1.4511644949751663e-03  -1.6770768178502617e-03  -1.8994040987709215e-03  -2.1176688817960473e-03  -2.3313994574195897e-03  -2.5401303005992979e-03  -2.7434024944130871e-03  -2.9407640564686520e-03  -3.1317702470872876e-03  -3.3159837740888336e-03  -3.4929749824441645e-03  -3.6623219343930634e-03  -3.8236104762256655e-03  -3.9764341922250250e-03  -4.1203943511819701e-03  -4.2550997367006831e-03  -4.3801664826036467e-03  -4.4952177976944306e-03  -4.5998837302277341e-03  -4.6938008655806720e-03  -4.7766121839562525e-03  -4.8479670511667235e-03  -4.9075218126209781e-03  -4.9549413072659939e-03  -4.9899025454827779e-03  -5.0121019150884058e-03  -5.0212687637380196e-03  -5.0171871444242948e-03  -4.9997254852610761e-03  -4.9688649888534027e-03  -4.9247128323375551e-03  -4.8674914175710982e-03  -4.7975108763535154e-03  -4.7151396369216675e-03  -4.6207815687727078e-03  -4.5148616618755077e-03  -4.3978177255167093e-03  -4.2700960811592470e-03  -4.1321492794956635e-03  -3.9844350446052185e-03  -3.8274157127276181e-03  -3.6615580107219980e-03  -3.4873329010810172e-03  -3.3052155151453489e-03  -3.1156850485958986e-03  -2.9192246741572099e-03  -2.7163213960123725e-03  -2.5074659027070575e-03  -2.2931523638763216e-03  -2.0738782164530334e-03  -1.8501439039541733e-03  -1.6224526057749700e-03  -1.3913099266415362e-03  -1.1572235757637789e-03  -9.2070301571346767e-04  -6.8225910383757976e-04  -4.4240371224698308e-04  -2.0164934305073241e-04   3.9491269061929582e-05   2.8050555536433076e-04   5.2088151544088751e-04   7.6010811669929325e-04   9.9767568906968429e-04   1.2330763127977029e-03   1.4658041931096253e-03   1.6953560241583434e-03   1.9212313322290583e-03   2.1429328048169537e-03   2.3599665911696452e-03   2.5718425849222759e-03   2.7780746718134336e-03   2.9781809587504111e-03   3.1716839617143087e-03   3.3581107720190751e-03   3.5369931773541839e-03   3.7078677653889229e-03   3.8702759812853783e-03   4.0237641791089993e-03   4.1678836457519066e-03   4.3021906663187285e-03   4.4262466445300309e-03   4.5396184433967174e-03   4.6418791093336955e-03   4.7326094652053513e-03   4.8114012760739136e-03   4.8778634136817985e-03   4.9316330377764195e-03   4.9723942059652542e-03   4.9999046113375686e-03   5.0140248374909244e-03   5.0147378876625216e-03   5.0021462127474679e-03   4.9764489514003748e-03   4.9379118646280728e-03   4.8868422771169420e-03   4.8235723866288582e-03   4.7484497017442392e-03   4.6618320783838570e-03   4.5640853437818379e-03   4.4555823231078066e-03   4.3367025277418593e-03   4.2078321872989540e-03   4.0693643873458800e-03   3.9216992611894970e-03   3.7652441425616288e-03   3.6004136981662880e-03   3.4276299852264974e-03   3.2473224708278944e-03   3.0599279681290800e-03   2.8658905317286627e-03   2.6656612673175016e-03
   2.4565203946562905e-03   2.2454685794023603e-03   2.0296170583636920e-03   1.8094414736361762e-03   1.5854230832126458e-03   1.3580482001522079e-03   1.1278075978909587e-03   8.9519585581360542e-04   6.6071067975806332e-04   4.2485217566163870e-04   1.8812211035662709e-04  -4.8976858913949187e-05  -2.8594195347113327e-04  -5.2227105683194728e-04  -7.5746348161270371e-04  -9.9102073445401714e-04  -1.2224472492389381e-03  -1.4512511027484551e-03  -1.6769446849173677e-03  -1.8990453382121415e-03  -2.1170759408465200e-03  -2.3305654493119563e-03  -2.5390493759882785e-03  -2.7420702174872488e-03  -2.9391778128686854e-03  -3.1299296505705267e-03  -3.3138911018484704e-03  -3.4906355989467444e-03  -3.6597447397421134e-03  -3.8208083384827498e-03  -3.9734244021196220e-03  -4.1171990545901599e-03  -4.2517463895481349e-03  -4.3766882767362720e-03  -4.4916541066476216e-03  -4.5962805109959828e-03  -4.6902110629332833e-03  -4.7730960402151265e-03  -4.8445923367403387e-03  -4.9043637764187055e-03  -4.9520822230193677e-03  -4.9874303347272435e-03  -5.0101073131253527e-03  -5.0198399443159274e-03  -5.0164012881628870e-03  -4.9996379620888291e-03  -4.9694999420727181e-03  -4.9260603032423552e-03  -4.8695121850104751e-03  -4.8001458014847497e-03  -4.7183185009879013e-03  -4.6244295808534272e-03  -4.5189034247019571e-03  -4.4021795172000076e-03  -4.2747070558240650e-03  -4.1369420938794331e-03  -3.9893461431580544e-03  -3.8323854442781904e-03  -3.6665306385111271e-03  -3.4922565623619443e-03  -3.3100421455524651e-03  -3.1203702891689365e-03  -2.9237277668639110e-03  -2.7206050747398927e-03  -2.5114962814889678e-03  -2.2968988231546884e-03  -2.0773132972059824e-03  -1.8532432026027240e-03  -1.6251946787282268e-03  -1.3936761969969322e-03  -1.1591982560228598e-03  -9.2227303438254925e-04  -6.8341405082846321e-04  -4.4313578798647722e-04  -2.0195332913912188e-04   3.9618035518819981e-05   2.8106318372949843e-04   5.2186756081327415e-04   7.6151755427167074e-04   9.9950088764228732e-04   1.2353069830285757e-03   1.4684273377398355e-03   1.6983558631864033e-03   1.9245892330047277e-03   2.1466271870331935e-03   2.3639728410149849e-03   2.5761329468669955e-03   2.7826181553158623e-03   2.9829432218402207e-03   3.1766272134135737e-03   3.3631936557576422e-03   3.5421706819533027e-03   3.7130911174632483e-03   3.8754925754536916e-03   4.0289174983646047e-03   4.1729132400625361e-03   4.3070321447685475e-03   4.4308317837682019e-03   4.5438753953162695e-03   4.6457329093072559e-03   4.7359829452634401e-03   4.8142168662815713e-03   4.8800462650582382e-03   4.9331163905101619e-03   4.9731272349704285e-03   4.9998619082501396e-03   5.0132136970995776e-03   5.0131987886611728e-03   4.9999458027636607e-03   4.9736692134942596e-03   4.9346405694462711e-03   4.8831663411697005e-03   4.8195741482005283e-03   4.7442050338781464e-03   4.6574096562467075e-03   4.5595464847530192e-03   4.4509811635167840e-03   4.3320863417010934e-03   4.2032417989619356e-03   4.0648346104542096e-03   3.9172593658575536e-03   3.7609183223710932e-03   3.5962215451214260e-03   3.4235869590729141e-03   3.2434403684832112e-03   3.0562153852710973e-03   2.8623533170585480e-03   2.6623029678237132e-03
   2.4535834877981396e-03   2.2426936891150598e-03   2.0270001960528269e-03   1.8069782250933841e-03   1.5831089747718001e-03   1.3558790456479094e-03   1.1257797972306768e-03   8.9330666578519170e-04   6.5895842832432877e-04   4.2323644319562371e-04   1.8664384879628655e-04  -5.0315243330316747e-05  -2.8713658303984119e-04  -5.2331660220648847e-04  -7.5835324761850320e-04  -9.9174678015966251e-04  -1.2230005714283152e-03  -1.4516218481896578e-03  -1.6771224215022761e-03  -1.8990193475718416e-03  -2.1168355629106851e-03  -2.3301004377141599e-03  -2.5383502976609922e-03  -2.7411288557835827e-03  -2.9379876097267972e-03  -3.1284861403984197e-03  -3.3121923770909668e-03  -3.4886827621590471e-03  -3.6575423841821533e-03  -3.8183650068920575e-03  -3.9707530730417719e-03  -4.1143176022175416e-03  -4.2486780709002792e-03  -4.3734621869805194e-03  -4.4883056614092864e-03  -4.5928518849246295e-03  -4.6867516438016052e-03  -4.7696627988560933e-03  -4.8412501494910854e-03  -4.9011855119029269e-03  -4.9491485186467761e-03  -4.9848285959077027e-03  -5.0079295048232253e-03  -5.0181780942574533e-03  -5.0153400736230851e-03  -4.9992441427132933e-03  -4.9698117811093961e-03  -4.9270817050564956e-03  -4.8712150255644663e-03  -4.8024782971813583e-03  -4.7212145592450084e-03  -4.6278162989725081e-03  -4.5227058514832035e-03  -4.4063235163453902e-03  -4.2791208211546685e-03  -4.1415569934052194e-03  -3.9940971084261850e-03  -3.8372111755420909e-03  -3.6713736547061560e-03  -3.4970632097209757e-03  -3.3147625425899779e-03  -3.1249582698015610e-03  -2.9281407918370153e-03  -2.7248041495771215e-03  -2.5154458587292789e-03  -2.3005667162547564e-03  -2.0806705830128999e-03  -1.8562641365554870e-03  -1.6278566081640463e-03  -1.3959594882866507e-03  -1.1610862224519479e-03  -9.2375187766103803e-04  -6.8447280791032196e-04  -4.4376629222052480e-04  -2.0215017964777179e-04   3.9857490785187225e-05   2.8173885484166844e-04   5.2297661011087336e-04   7.6305437934347112e-04   1.0014570933210868e-03   1.2376713416287902e-03   1.4711857404073167e-03   1.7014912598049224e-03   1.9280815665658809e-03   2.1504533183361067e-03   2.3681064712560889e-03   2.5805445304757611e-03   2.7872748137540847e-03   2.9878086517815916e-03   3.1816616026127437e-03   3.3683535937156072e-03   3.5474090826795755e-03   3.7183571439315085e-03   3.8807315866653605e-03   4.0340710068390321e-03   4.1779189155006389e-03   4.3118238611142973e-03   4.4353397792489362e-03   4.5480265897917121e-03   4.6494515567878257e-03   4.7391918333870540e-03   4.8168395437209917e-03   4.8820109048198909e-03   4.9343620366799189e-03   4.9736125326229333e-03   4.9995742360184449e-03   5.0121745919172777e-03   5.0114613270182554e-03   4.9975855581072051e-03   4.9707732134916761e-03   4.9312985349575242e-03   4.8794650892873791e-03   4.8155945737471707e-03   4.7400207300032134e-03   4.6530864428328952e-03   4.5551424397987181e-03   4.4465468914611107e-03   4.3276653786813177e-03   4.1988710666102710e-03   4.0605449090308698e-03   3.9130758687776577e-03   3.7568610856146428e-03   3.5923060066649581e-03   3.4198244467619075e-03   3.2398385933467117e-03   3.0527789398065185e-03   2.8590841558430377e-03   2.6592008870441877e-03
