   3.8191731153835065e-03   3.9174630504666009e-03   4.0115466943237213e-03   4.1011665016332851e-03   4.1860822807598588e-03   4.2660723069703945e-03   4.3409339287122581e-03   4.4104837374472853e-03   4.4745574084214031e-03   4.5330093056756646e-03   4.5857119413353709e-03   4.6325553652776050e-03   4.6734465269086690e-03   4.7083086427851875e-03   4.7370805885797902e-03   4.7597163282620545e-03   4.7761843866830980e-03   4.7864673720731839e-03   4.7905615504478995e-03   4.7884764749791453e-03   4.7802346704867143e-03   4.7658713735364002e-03   4.7454343261088125e-03   4.7189836208119283e-03   4.6865915933742572e-03   4.6483427575453257e-03   4.6043337764046233e-03   4.5546734623595651e-03   4.4994827977382062e-03   4.4388949669795378e-03   4.3730553886960266e-03   4.3021217385289297e-03   4.2262639486501385e-03   4.1456641711912767e-03   4.0605166937568073e-03   3.9710277919979319e-03   3.8774155029838286e-03   3.7799093105019654e-03   3.6787497304949417e-03   3.5741877854683544e-03   3.4664843630301040e-03   3.3559094610102727e-03   3.2427413252235854e-03   3.1272654897909263e-03   3.0097737365418339e-03   2.8905629937810082e-03   2.7699341989604006e-03   2.6481911474846818e-03   2.5256393505727610e-03   2.4025849193291806e-03   2.2793334899329680e-03   2.1561892000578815e-03   2.0334537204105773e-03   1.9114253476184805e-03   1.7903981530229972e-03   1.6706611946911368e-03   1.5524977831652366e-03   1.4361848105373413e-03   1.3219921348418822e-03   1.2101820282659202e-03   1.1010086864796003e-03   9.9471780414082554e-04   8.9154621603785265e-04   7.9172159652172644e-04   6.9546221075202910e-04   6.0297671346400323e-04   5.1446399562904747e-04   4.3011305935199010e-04   3.5010290974817147e-04   2.7460246719220602e-04   2.0377048913602274e-04   1.3775549175835304e-04   7.6695675595658298e-05   2.0718847487553090e-05  -3.0057659602282516e-05  -7.5527071107148527e-05  -1.1559325854223817e-04  -1.5017083177028441e-04  -1.7918523420841666e-04  -2.0257284206504945e-04  -2.2028106634706338e-04  -2.3226845780434185e-04  -2.3850481375224945e-04  -2.3897128603960578e-04  -2.3366048834128983e-04  -2.2257660115992993e-04  -2.0573547142842936e-04  -1.8316470417336381e-04  -1.5490374182726798e-04  -1.2100392832550008e-04  -8.1528552708152774e-05  -3.6552870654979453e-05   1.3835900488427875e-05   6.9538611588010281e-05   1.3044423639526996e-04   1.9642994450826741e-04   2.6736118540836382e-04   3.4309177477676034e-04   4.2346397117487208e-04   5.0830854967529536e-04   5.9744487868874496e-04   6.9068101504659142e-04   7.8781388120496127e-04   8.8862954380910597e-04   9.9290360089521017e-04   1.1004016786880359e-03   1.2108800222850639e-03   1.3240861179711809e-03   1.4397593111348023e-03   1.5576313839722692e-03   1.6774270968866133e-03   1.7988646820862591e-03   1.9216563055979052e-03   2.0455084981367924e-03   2.1701225706775070e-03   2.2951950236926848e-03   2.4204179597326720e-03   2.5454795164625817e-03   2.6700643274989418e-03   2.7938540381230443e-03   2.9165278896563624e-03   3.0377634118079516e-03   3.1572372508872804e-03   3.2746261846190875e-03   3.3896083622167155e-03   3.5018648156259413e-03   3.6110812607294636e-03   3.7169501796676815e-03
   3.8291636275668110e-03   3.9270520806176301e-03   4.0207622972039869e-03   4.1100460365464230e-03   4.1946714419005358e-03   4.2744237393902602e-03   4.3491056062409062e-03   4.4185372617779346e-03   4.4825563376281567e-03   4.5410175974377881e-03   4.5937925601192559e-03   4.6407690619584014e-03   4.6818507927599354e-03   4.7169568266144241e-03   4.7460211639168137e-03   4.7689922959288167e-03   4.7858328018867092e-03   4.7965189842985069e-03   4.8010405484524010e-03   4.7994003291139710e-03   4.7916140669822093e-03   4.7777102353130643e-03   4.7577299163219962e-03   4.7317267250696791e-03   4.6997667774389233e-03   4.6619286976354712e-03   4.6183036585104031e-03   4.5689954481938806e-03   4.5141205537756433e-03   4.4538082521558327e-03   4.3882006982298351e-03   4.3174529958914278e-03   4.2417332401392784e-03   4.1612225156946181e-03   4.0761148334361331e-03   3.9866169897410323e-03   3.8929483346230882e-03   3.7953404280621768e-03   3.6940365706185714e-03   3.5892912023533880e-03   3.4813691660003946e-03   3.3705448349882314e-03   3.2571011162345351e-03   3.1413283490065633e-03   3.0235231254794686e-03   2.9039870640071774e-03   2.7830255641790968e-03   2.6609465745184189e-03   2.5380593961556444e-03   2.4146735422951480e-03   2.2910976649109741e-03   2.1676385521076065e-03   2.0446001992627987e-03   1.9222829435378719e-03   1.8009826644278292e-03   1.6809900335769566e-03   1.5625898209257047e-03   1.4460602437656744e-03   1.3316723692778343e-03   1.2196895663419004e-03   1.1103670137626782e-03   1.0039512656653991e-03   9.0067987445921331e-04   8.0078107799833390e-04   7.0447354697282896e-04   6.1196618381862636e-04   5.2345795455269791e-04   4.3913775770392958e-04   3.5918432238163508e-04   2.8376611571015497e-04   2.1304125791038204e-04   1.4715744580465423e-04   8.6251872937943581e-05   3.0451151331084298e-05  -2.0128769354788110e-05  -6.5382682702445471e-05  -1.0521620804972327e-04  -1.3954587192104321e-04  -1.6829919006247857e-04  -1.9141474777778066e-04  -2.0884227993346214e-04  -2.2054274921328603e-04  -2.2648842333987374e-04  -2.2666294988536685e-04  -2.2106142885448148e-04  -2.0969048085039401e-04  -1.9256831039593482e-04  -1.6972476116909217e-04  -1.4120136230379122e-04  -1.0705136161158544e-04  -6.7339745412662287e-05  -2.2143240512057937e-05   2.8449700156431366e-05   8.4338931136001627e-05   1.4541266330798350e-04   2.1154752721586241e-04   2.8260864457445387e-04   3.5844970328970604e-04   4.3891303397079230e-04   5.2382968137584199e-04   6.1301948122987650e-04   7.0629116446705538e-04   8.0344248656243717e-04   9.0426042841268883e-04   1.0085214952606711e-03   1.1159921132343352e-03   1.2264291011320309e-03   1.3395802147603618e-03   1.4551847258782642e-03   1.5729740132099882e-03   1.6926721292042320e-03   1.8139963410924798e-03   1.9366576389526272e-03   2.0603612206117473e-03   2.1848069636223630e-03   2.3096898921026992e-03   2.4347006612083066e-03   2.5595260649135575e-03   2.6838495997791503e-03   2.8073520946868174e-03   2.9297124469809983e-03   3.0506084848141400e-03   3.1697179988818521e-03   3.2867199674296026e-03   3.4012960029717108e-03   3.5131320202906567e-03   3.6219201014527206e-03   3.7273604916300139e-03
   3.8331694873713611e-03   3.9307158291945797e-03   4.0241208535701989e-03   4.1131434282398113e-03   4.1975577078663985e-03   4.2771536448617409e-03   4.3517372625087886e-03   4.4211307309327203e-03   4.4851722967808490e-03   4.5437160998886032e-03   4.5966319099232144e-03   4.6438048155413060e-03   4.6851348857050758e-03   4.7205368219327250e-03   4.7499396159119359e-03   4.7732862241744427e-03   4.7905332685993819e-03   4.8016507708311396e-03   4.8066219260059443e-03   4.8054429201308396e-03   4.7981227938843976e-03   4.7846833538971994e-03   4.7651591313711368e-03   4.7395973860148866e-03   4.7080581524259523e-03   4.6706143235501294e-03   4.6273517662137669e-03   4.5783694599175846e-03   4.5237796511044693e-03   4.4637080122478627e-03   4.3982937926548386e-03   4.3276899494530327e-03   4.2520632412031715e-03   4.1715942654684673e-03   4.0864774244548756e-03   3.9969207949579390e-03   3.9031458773829087e-03   3.8053872084073486e-03   3.7038918210753218e-03   3.5989185361221428e-03   3.4907370821397805e-03   3.3796270566570957e-03   3.2658767516645674e-03   3.1497818730212373e-03   3.0316441935857594e-03   2.9117701815724590e-03   2.7904696475297762e-03   2.6680544432826003e-03   2.5448372388140617e-03   2.4211303915291503e-03   2.2972449104467878e-03   2.1734895161875257e-03   2.0501697802975853e-03   1.9275873419500624e-03   1.8060391762108443e-03   1.6858169162144510e-03   1.5672062060940219e-03   1.4504860916134464e-03   1.3359284381168103e-03   1.2237973845516952e-03   1.1143488399976086e-03   1.0078300306587548e-03   9.0447910877797287e-04   8.0452481655434024e-04   7.0818620797462035e-04   6.1567242531080572e-04   5.2718253303353090e-04   4.4290538134419358e-04   3.6301948903064976e-04   2.8769294831242770e-04   2.1708333857770523e-04   1.5133763823998395e-04   9.0592142337299082e-05   3.4972377486000225e-05  -1.5406980633510085e-05  -6.0442189175909707e-05  -1.0004051545046879e-04  -1.3412031129803829e-04  -1.6261108107393403e-04  -1.8545354536508331e-04  -2.0259969836311747e-04  -2.1401286077763967e-04  -2.1966772718900996e-04  -2.1955040939061515e-04  -2.1365847442518667e-04  -2.0200097849044896e-04  -1.8459849462603350e-04  -1.6148313491052787e-04  -1.3269856422747865e-04  -9.8300006334663755e-05  -5.8354238626163253e-05  -1.2939577339315359e-05   3.7854150306908230e-05   9.3925643789554347e-05   1.5516217856722213e-04   2.2143966251484407e-04   2.9262269904279520e-04   3.6856465317862213e-04   4.4910771761611521e-04   5.3408298389548826e-04   6.2331051835331163e-04   7.1659944684681872e-04   8.1374808353248040e-04   9.1454410036386283e-04   1.0187647547617736e-03   1.1261771976640617e-03   1.2365388747585845e-03   1.3495979934521284e-03   1.4650940448927231e-03   1.5827583556124757e-03   1.7023146575599478e-03   1.8234796557907238e-03   1.9459635853478583e-03   2.0694707598029501e-03   2.1937001108293893e-03   2.3183457420283171e-03   2.4430974991975904e-03   2.5676415915773616e-03   2.6916612708850979e-03   2.8148376065724491e-03   2.9368503711653497e-03   3.0573790695537441e-03   3.1761041256894770e-03   3.2927082404164867e-03   3.4068779116641756e-03   3.5183050894984826e-03   3.6266889155481142e-03   3.7317374760205205e-03
   3.8313525451648981e-03   3.9286190149842911e-03   4.0217864260593365e-03   4.1106189156148651e-03   4.1948948821574532e-03   4.2744073908188270e-03   4.3489644087006084e-03   4.4183888992432047e-03   4.4825187968371427e-03   4.5412068939772975e-03   4.5943206663697934e-03   4.6417420540731200e-03   4.6833672187652706e-03   4.7191062922429181e-03   4.7488831288348861e-03   4.7726350727507610e-03   4.7903127498554257e-03   4.8018798910384767e-03   4.8073131933279514e-03   4.8066022233100060e-03   4.7997493655498706e-03   4.7867698177457545e-03   4.7676916322084125e-03   4.7425558024478190e-03   4.7114163912673349e-03   4.6743406966441407e-03   4.6314094481169771e-03   4.5827170276086515e-03   4.5283717042677862e-03   4.4684958724875504e-03   4.4032262812968041e-03   4.3327142365405368e-03   4.2571257590495728e-03   4.1766416776818768e-03   4.0914576263558870e-03   4.0017839187133225e-03   3.9078452750584336e-03   3.8098803665683805e-03   3.7081411521902299e-03   3.6028920030009930e-03   3.4944086203346513e-03   3.3829767673302681e-03   3.2688908519580401e-03   3.1524524184246860e-03   3.0339686084716430e-03   2.9137506516087224e-03   2.7921124308282414e-03   2.6693691562867656e-03   2.5458361659313716e-03   2.4218278529950007e-03   2.2976567191183368e-03   2.1736325291119331e-03   2.0500615610997267e-03   1.9272459176224058e-03   1.8054828950016845e-03   1.6850643789338244e-03   1.5662762672667193e-03   1.4493979023915736e-03   1.3347015164187229e-03   1.2224516923051098e-03   1.1129048444283773e-03   1.0063087365662464e-03   9.0290204254802752e-04   8.0291397556299946e-04   7.0656398384838048e-04   6.1406150907637866e-04   5.2560578715099776e-04   4.4138569952080790e-04   3.6157965829908679e-04   2.8635549974723607e-04   2.1587038504924591e-04   1.5027070902016776e-04   8.9692003897380839e-05   3.4258847548626452e-05  -1.5915227202734517e-05  -6.0727816246362604e-05  -1.0008772155153944e-04  -1.3391501758569469e-04  -1.6214110874517278e-04  -1.8470877496536012e-04  -2.0157220808206212e-04  -2.1269703806201098e-04  -2.1806035158333271e-04  -2.1765070275791870e-04  -2.1146811827059755e-04  -1.9952409628700134e-04  -1.8184160097920289e-04  -1.5845505122606825e-04  -1.2941030497120795e-04  -9.4764637013949513e-05  -5.4586712007901770e-05  -8.9565498836080082e-06   4.2034513591720406e-05   9.8283873477237054e-05   1.5967770622431053e-04   2.2609102516096472e-04   2.9738773779300082e-04   3.7342070474945450e-04   4.5403180143586920e-04   5.3905197962091393e-04   6.2830133806107626e-04   7.2158921230646507e-04   8.1871427739927945e-04   9.1946469590196240e-04   1.0236183231209371e-03   1.1309429714627820e-03   1.2411967362908603e-03   1.3541283990612172e-03   1.4694778960495226e-03   1.5869768394627846e-03   1.7063490725945981e-03   1.8273112460223191e-03   1.9495734118058442e-03   2.0728396246609002e-03   2.1968085644240853e-03   2.3211741748273623e-03   2.4456263469066885e-03   2.5698516502965351e-03   2.6935341442592296e-03   2.8163562783404075e-03   2.9379999069121523e-03   3.0581474258391875e-03   3.1764830362167019e-03   3.2926941268127483e-03   3.4064727507757860e-03   3.5175171607781247e-03   3.6255333492677499e-03   3.7302365365214341e-03
   3.8238877571888652e-03   3.9209337795929151e-03   4.0139259611321068e-03   4.1026322859930124e-03   4.1868340663447782e-03   4.2663262973131194e-03   4.3409178770237710e-03   4.4104317105433596e-03   4.4747047250713202e-03   4.5335878130787054e-03   4.5869457214678579e-03   4.6346569065751977e-03   4.6766133687526600e-03   4.7127204803775590e-03   4.7428968192656067e-03   4.7670740179956003e-03   4.7851966374849661e-03   4.7972220727914077e-03   4.8031204967716092e-03   4.8028748462672216e-03   4.7964808539326387e-03   4.7839471272760024e-03   4.7652952751378076e-03   4.7405600801803498e-03   4.7097897148809693e-03   4.6730459961963292e-03   4.6304046741851334e-03   4.5819557459398971e-03   4.5278037864769213e-03   4.4680682851967295e-03   4.4028839708917800e-03   4.3324011100478125e-03   4.2567857513473627e-03   4.1762198839533160e-03   4.0909014779303308e-03   4.0010443618733833e-03   3.9068778855692364e-03   3.8086463353334534e-03   3.7066080787426904e-03   3.6010344282280810e-03   3.4922082443409556e-03   3.3804223375521773e-03   3.2659777495071579e-03   3.1491820003211931e-03   3.0303473814728933e-03   2.9097893596852355e-03   2.7878251318960764e-03   2.6647723531125719e-03   2.5409480299220643e-03   2.4166675721096916e-03   2.2922439690780481e-03   2.1679870787650705e-03   2.0442029895647602e-03   1.9211934479340554e-03   1.7992553173412711e-03   1.6786800631683554e-03   1.5597532418594020e-03   1.4427539861295124e-03   1.3279544831612026e-03   1.2156194391241190e-03   1.1060055504668479e-03   9.9936098545673393e-04   8.9592490704579945e-04   7.9592703860569599e-04   6.9958729817753301e-04   6.0711550885290369e-04   5.1871118910519292e-04   4.3456338557043366e-04   3.5485053594320267e-04   2.7974036031996408e-04   2.0938975727554559e-04   1.4394469426760002e-04   8.3540102441347509e-05   2.8299768996616678e-05  -2.1663763351658250e-05  -6.6249288713297189e-05  -1.0536701581185994e-04  -1.3893863143962099e-04  -1.6689734589282702e-04  -1.8918792276469577e-04  -2.0576669238068341e-04  -2.1660155188503536e-04  -2.2167195307117352e-04  -2.2096888094920680e-04  -2.1449482423647657e-04  -2.0226374040971102e-04  -1.8430101576479116e-04  -1.6064342253091133e-04  -1.3133907257439079e-04  -9.6447369424944134e-05  -5.6038957281946537e-05  -1.0195669093077770e-05   4.0989528101191856e-05   9.7412588105847341e-05   1.5895844206400146e-04   2.2550105441267431e-04   2.9690347892103331e-04   3.7301791454931866e-04   4.5368576039853960e-04   5.3873767661537513e-04   6.2799364995453060e-04   7.2126306966691154e-04   8.1834483562240237e-04   9.1902749232455894e-04   1.0230894023123937e-03   1.1302989791247221e-03   1.2404149882238335e-03   1.3531869083131098e-03   1.4683553551122321e-03   1.5856525665828539e-03   1.7048029412379036e-03   1.8255236238705615e-03   1.9475251234283976e-03   2.0705119691887984e-03   2.1941833950294459e-03   2.3182340698043608e-03   2.4423548716361507e-03   2.5662337280125780e-03   2.6895565267464226e-03   2.8120081137497891e-03   2.9332733826374735e-03   3.0530384570433924e-03   3.1709919592807696e-03   3.2868263450849741e-03   3.4002392788875313e-03   3.5109350100111874e-03   3.6186257108497249e-03   3.7230327342999870e-03
   3.8109506238080322e-03   3.9078299537861584e-03   4.0007020851563230e-03   4.0893377489074918e-03   4.1735201657494315e-03   4.2530453629905278e-03   4.3277223850967123e-03   4.3973734151142576e-03   4.4618338186253707e-03   4.5209521292580886e-03   4.5745899924288288e-03   4.6226220795471586e-03   4.6649359876620323e-03   4.7014321362097104e-03   4.7320236721139644e-03   4.7566363924561074e-03   4.7752086940603330e-03   4.7876915564111370e-03   4.7940485645280766e-03   4.7942559760412321e-03   4.7883028360566965e-03   4.7761911415170298e-03   4.7579360558567488e-03   4.7335661730213479e-03   4.7031238287534981e-03   4.6666654560999620e-03   4.6242619794500672e-03   4.5759992416597563e-03   4.5219784547572573e-03   4.4623166612295677e-03   4.3971471917071984e-03   4.3266200896840473e-03   4.2509024717381841e-03   4.1701787790265907e-03   4.0846508536252915e-03   3.9945377722833929e-03   3.9000753800048681e-03   3.8015154624377254e-03   3.6991245317141023e-03   3.5931822593335376e-03   3.4839796404817817e-03   3.3718170006270250e-03   3.2570019693484234e-03   3.1398475358562689e-03   3.0206702748731156e-03   2.8997887864817594e-03   2.7775223645361983e-03   2.6541898726646440e-03   2.5301088069016849e-03   2.4055945022079060e-03   2.2809594611395648e-03   2.1565127638723293e-03   2.0325595463993157e-03   1.9094005162451444e-03   1.7873314960213577e-03   1.6666429770534905e-03   1.5476196694182544e-03   1.4305400443359634e-03   1.3156758499996450e-03   1.2032916097595124e-03   1.0936440870467985e-03   9.8698174249198961e-04   8.8354419178939751e-04   7.8356170993320023e-04   6.8725479783595398e-04   5.9483382636594368e-04   5.0649875797158304e-04   4.2243895606129483e-04   3.4283304970742336e-04   2.6784881059869082e-04   1.9764303962341604e-04   1.3236145302099062e-04   7.2138556681269894e-05   1.7097522589960227e-05  -3.2649929945548131e-05  -7.7003638218739977e-05  -1.1587508114906152e-04  -1.4918744004182530e-04  -1.7687563555438771e-04  -1.9888634008370784e-04  -2.1517796857597657e-04  -2.2572065026556167e-04  -2.3049618486584568e-04  -2.2949798666305828e-04  -2.2273101980138914e-04  -2.1021172755852371e-04  -1.9196795818456286e-04  -1.6803888896454045e-04  -1.3847495030646251e-04  -1.0333775034166066e-04  -6.2700001569570489e-05  -1.6645448980314435e-05   3.4731198689675149e-05   9.1324335468797322e-05   1.5301752118920500e-04   2.1968354164176668e-04   2.9118446578043624e-04   3.6737170031239837e-04   4.4808604552386299e-04   5.3315775032342105e-04   6.2240657693138184e-04   7.1564188056383142e-04   8.1266270160423588e-04   9.1325789374912419e-04   1.0172062957235135e-03   1.1242769464290870e-03   1.2342293535953959e-03   1.3468138297154640e-03   1.4617718963758903e-03   1.5788367510188722e-03   1.6977337959868330e-03   1.8181812216160173e-03   1.9398906476826895e-03   2.0625678113864307e-03   2.1859133108058457e-03   2.3096233962614319e-03   2.4333908220708867e-03   2.5569057578264244e-03   2.6798567682363981e-03   2.8019318624586337e-03   2.9228196114808435e-03   3.0422103278227547e-03   3.1597972915880491e-03   3.2752780049004884e-03   3.3883554463800241e-03   3.4987392987353991e-03   3.6061471174758564e-03   3.7103054135430693e-03
   3.7927106783182192e-03   3.8894703358056709e-03   3.9822698489917138e-03   4.0708818331626172e-03   4.1550906194046553e-03   4.2346925511922498e-03   4.3094961919353820e-03   4.3793224552677538e-03   4.4440046755339436e-03   4.5033886302016032e-03   4.5573325266575343e-03   4.6057069682405964e-03   4.6483949101931458e-03   4.6852916173539608e-03   4.7163046334759958e-03   4.7413537721395730e-03   4.7603711366530597e-03   4.7733011770387402e-03   4.7801007895025803e-03   4.7807394637445566e-03   4.7751994815363680e-03   4.7634761693695071e-03   4.7455782063964246e-03   4.7215279881822943e-03   4.6913620457579349e-03   4.6551315179387542e-03   4.6129026752504019e-03   4.5647574897678747e-03   4.5107942441195191e-03   4.4511281677391892e-03   4.3858920742737830e-03   4.3152369685782038e-03   4.2393325632512800e-03   4.1583676186896000e-03   4.0725500123710576e-03   3.9821064271695124e-03   3.8872815521006862e-03   3.7883367610872568e-03   3.6855483156983584e-03   3.5792052067549862e-03   3.4696068019230810e-03   3.3570604901916488e-03   3.2418794825409048e-03   3.1243808702182741e-03   3.0048839741892317e-03   2.8837089805349740e-03   2.7611758227517264e-03   2.6376032720190198e-03   2.5133081839592954e-03   2.3886048691292329e-03   2.2638045469446557e-03   2.1392148641738492e-03   2.0151394525932372e-03   1.8918775139379429e-03   1.7697234199944229e-03   1.6489663139792375e-03   1.5298897116533398e-03   1.4127710815727760e-03   1.2978814099155497e-03   1.1854847266653847e-03   1.0758376049250723e-03   9.6918861941300456e-04   8.6577778402381579e-04   7.6583597905897460e-04   6.6958441587756717e-04   5.7723418526802730e-04   4.8898591297457219e-04   4.0502950573436378e-04   3.2554397700458506e-04   2.5069733326004524e-04   1.8064646232251796e-04   1.1553700815192334e-04   5.5503235505208366e-05   6.6788310208168097e-07  -4.8857977290029959e-05  -9.2975064681992316e-05  -1.3159598495757468e-04  -1.6464529455144893e-04  -1.9205952924968798e-04  -2.1378720012069693e-04  -2.2978876002540099e-04  -2.4003654498986802e-04  -2.4451469631664468e-04  -2.4321906775745376e-04  -2.3615712324669678e-04  -2.2334782868522834e-04  -2.0482154180760182e-04  -1.8061990245133136e-04  -1.5079572565830797e-04  -1.1541289902349287e-04  -7.4546285208215647e-05  -2.8281630722040035e-05   2.3284519233948957e-05   8.0044899155038221e-05   1.4188159530778224e-04   2.0866611184317002e-04   2.8025943149987635e-04   3.5651207331779868e-04   4.3726414709381275e-04   5.2234541302223188e-04   6.1157534485430229e-04   7.0476320431243867e-04   8.0170814229205112e-04   9.0219932274831658e-04   1.0060160802601919e-03   1.1129281293215767e-03   1.2226958300808892e-03   1.3350705111129352e-03   1.4497948544890489e-03   1.5666033511290969e-03   1.6852228229585391e-03   1.8053730144798558e-03   1.9267672440602228e-03   2.0491131205180799e-03   2.1721133160501412e-03   2.2954664019640301e-03   2.4188677413035644e-03   2.5420104419123300e-03   2.6645863662800584e-03   2.7862871947727571e-03   2.9068055358864773e-03   3.0258360706717849e-03   3.1430767179083897e-03   3.2582297987570376e-03   3.3710031807554055e-03   3.4811113761789025e-03   3.5882765736151415e-03   3.6922295826214216e-03
   3.7693288693028395e-03   3.8660090428453454e-03   3.9587758103593919e-03   4.0474029708981243e-03   4.1316753210171812e-03   4.2113889331262481e-03   4.2863513604722760e-03   4.3563817809754816e-03   4.4213110885301726e-03   4.4809819455448024e-03   4.5352488092965729e-03   4.5839779421835390e-03   4.6270474180630568e-03   4.6643471347475648e-03   4.6957788428032676e-03   4.7212561991755511e-03   4.7407048545951170e-03   4.7540625813935400e-03   4.7612794486102386e-03   4.7623180496167618e-03   4.7571537869113651e-03   4.7457752178386341e-03   4.7281844643295668e-03   4.7043976895454025e-03   4.6744456435767710e-03   4.6383742814977771e-03   4.5962454541892891e-03   4.5481376735433433e-03   4.4941469458267356e-03   4.4343876556280169e-03   4.3689934682400863e-03   4.2981181763737837e-03   4.2219363824549392e-03   4.1406438714251198e-03   4.0544574888112511e-03   3.9636143674284243e-03   3.8683704499620163e-03   3.7689983652670562e-03   3.6657848389538041e-03   3.5590279079620569e-03   3.4490342116725381e-03   3.3361165502214796e-03   3.2205918039233988e-03   3.1027792255489024e-03   2.9829990734655094e-03   2.8615715250341631e-03   2.7388158110646672e-03   2.6150495108300687e-03   2.4905879657606518e-03   2.3657437727240579e-03   2.2408263349252304e-03   2.1161414491394684e-03   1.9919909170439671e-03   1.8686721719101507e-03   1.7464779092390536e-03   1.6256957220499443e-03   1.5066077252102242e-03   1.3894901749892565e-03   1.2746130629269787e-03   1.1622396890129548e-03   1.0526261912206449e-03   9.4602103537680599e-04   8.4266445783302152e-04   7.4278787865791928e-04   6.4661330279052690e-04   5.5435274620047330e-04   4.6620774945840501e-04   3.8236902977771070e-04   3.0301625758665505e-04   2.2831790645411057e-04   1.5843115073517185e-04   9.3501754094225606e-05   3.3663924710728745e-05  -2.0959848633016805e-05  -7.0258965020547539e-05  -1.1413486133452985e-04  -1.5250112741490738e-04  -1.8528357666574777e-04  -2.1242026989025733e-04  -2.3386149468594122e-04  -2.4956970556297528e-04  -2.5951943277985768e-04  -2.6369716626969877e-04  -2.6210122314965266e-04  -2.5474160417269555e-04  -2.4163984577239925e-04  -2.2282887136966826e-04  -1.9835284634893749e-04  -1.6826703877427063e-04  -1.3263768820270176e-04  -9.1541883687059939e-05  -4.5067451562655304e-05   6.6871464374187355e-06   6.3612905139986725e-05   1.2559035840697854e-04   1.9248965285109502e-04   2.6417061472865360e-04   3.4048281092548087e-04   4.2126560947224100e-04   5.0634823838595117e-04   5.9554985389882438e-04   6.8867962183394196e-04   7.8553681223267400e-04   8.8591092634717145e-04   9.8958186237402528e-04   1.0963201199667030e-03   1.2058870553842689e-03   1.3180351989179329e-03   1.4325086394227078e-03   1.5490434741550635e-03   1.6673683293323210e-03   1.7872049480646419e-03   1.9082688508846222e-03   2.0302700605364420e-03   2.1529138941465053e-03   2.2759018143735641e-03   2.3989323399278223e-03   2.5217020084910150e-03   2.6439063871664210e-03   2.7652411227244203e-03   2.8854030201956697e-03   3.0040911383634687e-03   3.1210078848934886e-03   3.2358600954628908e-03   3.3483600772520623e-03   3.4582266005656354e-03   3.5651858217325529e-03   3.6689721245922627e-03
   3.7409571485679943e-03   3.8375914957863191e-03   3.9303582923552946e-03   4.0190319437219601e-03   4.1033971695838218e-03   4.1832492725326284e-03   4.2583943440578356e-03   4.3286494167064952e-03   4.3938425757152101e-03   4.4538130392916767e-03   4.5084112182197378e-03   4.5574987665738254e-03   4.6009486333332857e-03   4.6386451252073179e-03   4.6704839901055986e-03   4.6963725306030674e-03   4.7162297552847659e-03   4.7299865761504679e-03   4.7375860589577400e-03   4.7389837330178396e-03   4.7341479668036972e-03   4.7230604151899565e-03   4.7057165451604467e-03   4.6821262468890014e-03   4.6523145397800274e-03   4.6163223823429611e-03   4.5742075982422555e-03   4.5260459230744114e-03   4.4719321676341848e-03   4.4119814672965770e-03   4.3463305327418626e-03   4.2751387596772399e-03   4.1985889749935907e-03   4.1168875403388098e-03   4.0302635882830951e-03   3.9389673053792070e-03   3.8432673623633069e-03   3.7434477997878926e-03   3.6398047713779472e-03   3.5326434866314806e-03   3.4222755536262991e-03   3.3090167966416959e-03   3.1931855298936102e-03   3.0751012203280794e-03   2.9550834517169302e-03   2.8334511117984094e-03   2.7105217356380770e-03   2.5866109592242977e-03   2.4620320462577800e-03   2.3370954654959820e-03   2.2121084999781613e-03   2.0873748766022599e-03   1.9631944087513519e-03   1.8398626431828820e-03   1.7176705118608407e-03   1.5969039777132450e-03   1.4778436801125348e-03   1.3607645653896938e-03   1.2459355090478305e-03   1.1336189130150705e-03   1.0240702799020355e-03   9.1753774590460464e-04   8.1426156461189461e-04   7.1447353192400016e-04   6.1839636535571401e-04   5.2624307194872868e-04   4.3821634357634593e-04   3.5450803832646322e-04   2.7529881510964319e-04   2.0075793023334844e-04   1.3104311335616989e-04   6.6300467850201328e-05   6.6643442973909200e-06  -4.7742832420122339e-05  -9.6810755694030481e-05  -1.4044141847719804e-04  -1.7854925418794463e-04  -2.1106122084171147e-04  -2.3791682276818899e-04  -2.5906807329289247e-04  -2.7447940705169465e-04  -2.8412755141690661e-04  -2.8800136901813351e-04  -2.8610168004295443e-04  -2.7844107426871004e-04  -2.6504371898960718e-04  -2.4594516958498193e-04  -2.2119218634608141e-04  -1.9084256143137067e-04  -1.5496495769349477e-04  -1.1363876086375633e-04  -6.6953945794685429e-05  -1.5010956491825827e-05   4.2079400324946249e-05   1.0419604917536135e-04   1.7120772894088177e-04   2.4297306667497420e-04   3.1934064576359775e-04   4.0014906936153651e-04   4.8522702795886024e-04   5.7439337023920244e-04   6.6745718560145932e-04   7.6421791139494539e-04   8.6446546208563584e-04   9.6798039063346396e-04   1.0745340978635359e-03   1.1838890936453992e-03   1.2957993127658105e-03   1.4100104918724722e-03   1.5262606165555958e-03   1.6442804378481340e-03   1.7637940618902197e-03   1.8845196067908991e-03   2.0061699296240413e-03   2.1284534157230638e-03   2.2510748296731614e-03   2.3737362193742748e-03   2.4961378675967785e-03   2.6179792820029278e-03   2.7389602128894616e-03   2.8587816879566850e-03   2.9771470492328052e-03   3.0937629792819263e-03   3.2083405001703488e-03   3.3205959316768641e-03   3.4302517935900553e-03   3.5370376407635922e-03   3.6406908207197572e-03
   3.7077390871930512e-03   3.8043551810522246e-03   3.8971482258309195e-03   3.9858927422912888e-03   4.0703729123723227e-03   4.1503828387227321e-03   4.2257267513033580e-03   4.2962191712296637e-03   4.3616850390433542e-03   4.4219598191723528e-03   4.4768895906271127e-03   4.5263311336301050e-03   4.5701520226069711e-03   4.6082307353976478e-03   4.6404567882114243e-03   4.6667309054208017e-03   4.6869652333169842e-03   4.7010836062173706e-03   4.7090218732825434e-03   4.7107282949012900e-03   4.7061640173255131e-03   4.6953036366796140e-03   4.6781358645342922e-03   4.6546643122772407e-03   4.6249084136626888e-03   4.5889045115627474e-03   4.5467071299727614e-03   4.4983904455449877e-03   4.4440499354427314e-03   4.3838041085917205e-03   4.3177961292980016e-03   4.2461950082883781e-03   4.1691959629340334e-03   4.0870196237028887e-03   3.9999099739855114e-03   3.9081312272810469e-03   3.8119641291030899e-03   3.7117022176127081e-03   3.6076484367193666e-03   3.5001123026798921e-03   3.3894076669465736e-03   3.2758510085967134e-03   3.1597601460095696e-03   3.0414532555522824e-03   2.9212481085664601e-03   2.7994614580386999e-03   2.6764085276216433e-03   2.5524025670607452e-03   2.4277544514646945e-03   2.3027723074652310e-03   2.1777611560277041e-03   2.0530225653483270e-03   1.9288543073451554e-03   1.8055500176453140e-03   1.6833988516835609e-03   1.5626851415051712e-03   1.4436880434292453e-03   1.3266811831311486e-03   1.2119322861738890e-03   1.0997027974740260e-03   9.9024747656820513e-04   8.8381396600263639e-04   7.8064232132059525e-04   6.8096449128033937e-04   5.8500373370376350e-04   4.9297396417721318e-04   4.0507907879192115e-04   3.2151231209590634e-04   2.4245569323978625e-04   1.6807966155659229e-04   9.8542866547257635e-05   3.3992056944474359e-05  -2.5438029404191344e-05  -7.9624822006360476e-05  -1.2845812279616746e-04  -1.7184031641309444e-04  -2.0968654213118299e-04  -2.4192479657894877e-04  -2.6849595673919665e-04  -2.8935372601834571e-04  -3.0446451466838230e-04  -3.1380727011735875e-04  -3.1737327108784957e-04  -3.1516590020610959e-04  -3.0720040542044969e-04  -2.9350366034933389e-04  -2.7411392981122268e-04  -2.4908064639708998e-04  -2.1846420119943182e-04  -1.8233575128276803e-04  -1.4077704508253018e-04  -9.3880265835997708e-05  -4.1747893061119270e-05   1.5507419269196563e-05   7.7762949191510972e-05   1.4488599984307599e-04   2.1673398207462972e-04   2.9315448890382986e-04   3.7398536777063281e-04   4.5905479083609081e-04   5.4818133420870803e-04   6.4117406984796812e-04   7.3783267127799186e-04   8.3794755030344465e-04   9.4130002994007164e-04   1.0476625543304656e-03   1.1567989468201710e-03   1.2684647265600933e-03   1.3824074884293408e-03   1.4983673462703726e-03   1.6160774449306909e-03   1.7352645397724076e-03   1.8556496471732334e-03   1.9769487594259302e-03   2.0988736233518998e-03   2.2211325739580671e-03   2.3434314180374761e-03   2.4654743582791976e-03   2.5869649480543631e-03   2.7076070665201643e-03   2.8271059006398031e-03   2.9451689226441743e-03   3.0615068480712654e-03   3.1758345626177638e-03   3.2878720040903815e-03   3.3973449896369211e-03   3.5039859783601961e-03   3.6075347632814163e-03
   3.6698109687566599e-03   3.7664307485464885e-03   3.8592702222840251e-03   3.9481036030146587e-03   4.0327141307561791e-03   4.1128943269947166e-03   4.1884462040744745e-03   4.2591814367303645e-03   4.3249215072147292e-03   4.3854978316532605e-03   4.4407518780455145e-03   4.4905352857701466e-03   4.5347099966015552e-03   4.5731484068095331e-03   4.6057335504928239e-03   4.6323593237236069e-03   4.6529307594410513e-03   4.6673643629877928e-03   4.6755885195641916e-03   4.6775439850706615e-03   4.6731844760140376e-03   4.6624773762127180e-03   4.6454045864502847e-03   4.6219635484828665e-03   4.5921684865893476e-03   4.5560519096234531e-03   4.5136664125417086e-03   4.4650867687662157e-03   4.4104122141489718e-03   4.3497686680397133e-03   4.2833104399417239e-03   4.2112208691123133e-03   4.1337114498389777e-03   4.0510193340974523e-03   3.9634035813458151e-03   3.8711408455120834e-03   3.7745211578124878e-03   3.6738442467751319e-03   3.5694165799047507e-03   3.4615491115111193e-03   3.3505556089887725e-03   3.2367514127418242e-03   3.1204525047073125e-03   3.0019747916448774e-03   2.8816335312275318e-03   2.7597428517661220e-03   2.6366153305323100e-03   2.5125616097408879e-03   2.3878900351393928e-03   2.2629063084834465e-03   2.1379131477168968e-03   2.0132099500273243e-03   1.8890924567834008e-03   1.7658524154841970e-03   1.6437772416651223e-03   1.5231496740273623e-03   1.4042474281940355e-03   1.2873428407483450e-03   1.1727025087971445e-03   1.0605869167238102e-03   9.5125005114021527e-04   8.4493899414750406e-04   7.4189348590156224e-04   6.4234544531356435e-04   5.4651843815389247e-04   4.5462708317464294e-04   3.6687638120325486e-04   2.8346099446341431e-04   2.0456455555043201e-04   1.3035909468389660e-04   6.1004637242502609e-05  -3.3510085222887391e-06  -6.2572374060600091e-05  -1.1653647102264101e-04  -1.6513298777846592e-04  -2.0826451826666537e-04  -2.4584676276193009e-04  -2.7780865291284927e-04  -3.0409237724230397e-04  -3.2465330875760482e-04  -3.3945984945326626e-04  -3.4849321157362501e-04  -3.5174715702141770e-04  -3.4922771195736060e-04  -3.4095287216402183e-04  -3.2695230974796744e-04  -3.0726709014966861e-04  -2.8194940487004589e-04  -2.5106232405040286e-04  -2.1467957103069436e-04  -1.7288531965063811e-04  -1.2577401462233464e-04  -7.3450213506372490e-05  -1.6028449266788502e-05   4.6366889089094552e-05   1.1360166030574141e-04   1.8553206216573130e-04   2.6200471457690972e-04   3.4285673690721504e-04   4.2791582836766684e-04   5.1700035175558526e-04   6.0991942892462845e-04   7.0647305996810079e-04   8.0645226371379411e-04   9.0963924955594802e-04   1.0158076341590864e-03   1.1247227064011562e-03   1.2361417433212401e-03   1.3498143833995846e-03   1.4654830648702002e-03   1.5828835291720846e-03   1.7017453921019162e-03   1.8217927781906920e-03   1.9427450188736349e-03   2.0643174073440036e-03   2.1862220062253876e-03   2.3081684990097755e-03   2.4298650766364088e-03   2.5510193492552808e-03   2.6713392710081825e-03   2.7905340672830683e-03   2.9083151507409109e-03   3.0243970156356458e-03   3.1384980975226536e-03   3.2503415892938502e-03   3.3596562032912778e-03   3.4661768732371298e-03   3.5696453898936558e-03
   3.6273030269352233e-03   3.7239432198799020e-03   3.8168437364112999e-03   3.9057781074832002e-03   3.9905282726747319e-03   4.0708848299526451e-03   4.1466472465178650e-03   4.2176240402900470e-03   4.2836329381138599e-03   4.3445010221371139e-03   4.4000648724217481e-03   4.4501707163781424e-03   4.4946745941666175e-03   4.5334425511786448e-03   4.5663508670300886e-03   4.5932863327902539e-03   4.6141465871071896e-03   4.6288405251194752e-03   4.6372887938753524e-03   4.6394243948514758e-03   4.6351934165115233e-03   4.6245559332305864e-03   4.6074871146485896e-03   4.5839786095900371e-03   4.5540402735543984e-03   4.5177023110868977e-03   4.4750178469318575e-03   4.4260658238500419e-03   4.3709538973249994e-03   4.3098207255795381e-03   4.2428369084180090e-03   4.1702039897782324e-03   4.0921514599787344e-03   4.0089323353846322e-03   3.9208182197908456e-03   3.8280946335529364e-03   3.7310570890982820e-03   3.6300080464185917e-03   3.5252546578733663e-03   3.4171071247206999e-03   3.3058775024254377e-03   3.1918788173283742e-03   3.0754243919085163e-03   2.9568273021164078e-03   2.8363999195583863e-03   2.7144535062207801e-03   2.5912978431892886e-03   2.4672408789616507e-03   2.3425883895696028e-03   2.2176436442484923e-03   2.0927070731990511e-03   1.9680759357491194e-03   1.8440439859600882e-03   1.7209011371948425e-03   1.5989331212653052e-03   1.4784211462205606e-03   1.3596415467844608e-03   1.2428654324214312e-03   1.1283583263757197e-03   1.0163797985644233e-03   9.0718308613592824e-04   8.0101470062344214e-04   6.9811401600285530e-04   5.9871282724543789e-04   5.0303486389734957e-04   4.1129524088428897e-04   3.2369984221347669e-04   2.4044462859882385e-04   1.6171488128153199e-04   8.7684458846375591e-05   1.8515185305581841e-05  -4.5643578006098005e-05  -1.0465517540929597e-04  -1.5839582204039537e-04  -2.0675479483013830e-04  -2.4963466584172799e-04  -2.8695152522744977e-04  -3.1863512547105179e-04  -3.4462890846202092e-04  -3.6488990992304725e-04  -3.7938855941046590e-04  -3.8810840368899637e-04  -3.9104578019069636e-04  -3.8820946517376001e-04  -3.7962031428655165e-04  -3.6531090992623374e-04  -3.4532522447343881e-04  -3.1971830610670821e-04  -2.8855599082373991e-04  -2.5191464252146323e-04  -2.0988092182415300e-04  -1.6255158240463541e-04  -1.1003329390122936e-04  -5.2442488504837422e-05   1.0094771113692094e-05   7.7442906137653730e-05   1.4945692191286339e-04   2.2598249807738945e-04   3.0685607477224600e-04   3.9190493657332171e-04   4.8094730469796436e-04   5.7379244150356640e-04   6.7024076874861154e-04   7.7008401567614970e-04   8.7310540085715552e-04   9.7907984895078412e-04   1.0877742521061731e-03   1.1989477852074968e-03   1.3123522784542299e-03   1.4277326476934632e-03   1.5448273865537071e-03   1.6633691196491383e-03   1.7830852184423866e-03   1.9036984741860510e-03   2.0249278251547836e-03   2.1464891302263663e-03   2.2680959817933562e-03   2.3894605489580530e-03   2.5102944402398178e-03   2.6303095762116768e-03   2.7492190593101304e-03   2.8667380313320283e-03   2.9825845060244167e-03   3.0964801683458420e-03   3.2081511298526224e-03   3.3173286342380870e-03   3.4237497060225753e-03   3.5271577398390589e-03
   3.5803407144024513e-03   3.6770132062115954e-03   3.7699842261618814e-03   3.8590262861984146e-03   3.9439196989016333e-03   4.0244528231904754e-03   4.1004222780033238e-03   4.1716331294267116e-03   4.2378990627526762e-03   4.2990425451441654e-03   4.3548949908715009e-03   4.4052969367917357e-03   4.4500982403454965e-03   4.4891583086739406e-03   4.5223463726300952e-03   4.5495418160388084e-03   4.5706345771987476e-03   4.5855256374950533e-03   4.5941276231615197e-03   4.5963655472511435e-03   4.5921777396002866e-03   4.5815170208739087e-03   4.5643522095682818e-03   4.5406700590652042e-03   4.5104777376017199e-03   4.4738058945167306e-03   4.4307122160983595e-03   4.3812850579316711e-03   4.3256463839574906e-03   4.2639530333201670e-03   4.1963955884947567e-03   4.1231948512366204e-03   4.0445967375127689e-03   3.9608667230090176e-03   3.8722847551656975e-03   3.7791411206758302e-03   3.6817333247747171e-03   3.5803638289413531e-03   3.4753384357653671e-03   3.3669651388872797e-03   3.2555532791808004e-03   3.1414128994649224e-03   3.0248542224926506e-03   2.9061872104575140e-03   2.7857211732955061e-03   2.6637644081762002e-03   2.5406238549174399e-03   2.4166047614497697e-03   2.2920103529066047e-03   2.1671415026349051e-03   2.0422964024765866e-03   1.9177702310473857e-03   1.7938548200100218e-03   1.6708383159236399e-03   1.5490048401021468e-03   1.4286341423351014e-03   1.3100012525326036e-03   1.1933761251002040e-03   1.0790232800612426e-03   9.6720143617357447e-04   8.5816313757535161e-04   7.5215436886683128e-04   6.4941415458246820e-04   5.5017413718058390e-04   4.5465812619695364e-04   3.6308160386391494e-04   2.7565116137922923e-04   1.9256385117689154e-04   1.1400645874751246e-04   4.0154707928241780e-05  -2.8827533731568857e-05  -9.2788916869991720e-05  -1.5159108260412793e-04  -2.0510896202435803e-04  -2.5323101437984977e-04  -2.9585947454882503e-04  -3.3291059421534626e-04  -3.6431480110450795e-04  -3.9001672174405642e-04  -4.0997505312379001e-04  -4.2416230629679550e-04  -4.3256445608447756e-04  -4.3518053568070061e-04  -4.3202220483310036e-04  -4.2311331641799090e-04  -4.0848949607107002e-04  -3.8819774670603854e-04  -3.6229608338281380e-04  -3.3085320266667412e-04  -2.9394818717211498e-04  -2.5167024504907723e-04  -2.0411848291727896e-04  -1.5140170951269795e-04  -9.3638267235704052e-05  -3.0955887833478872e-05   3.6508431813902001e-05   1.0860853802638825e-04   1.8518921811325282e-04   2.6608629108897781e-04   3.5112670037974595e-04   4.4012860947249799e-04   5.3290150899578401e-04   6.2924634622973474e-04   7.2895567479760049e-04   8.3181383405366623e-04   9.3759716982784783e-04   1.0460742991445550e-03   1.1570064208918517e-03   1.2701476780904591e-03   1.3852455777280004e-03   1.5020414682174158e-03   1.6202710755942864e-03   1.7396650946752956e-03   1.8599498341772961e-03   1.9808479096344719e-03   2.1020789789757345e-03   2.2233605127773824e-03   2.3444085900435996e-03   2.4649387108726301e-03   2.5846666143530816e-03   2.7033090931013349e-03   2.8205847922565595e-03   2.9362149852162158e-03   3.0499243153076895e-03   3.1614414976168089e-03   3.2704999728170006e-03   3.3768385099602859e-03   3.4802017534009012e-03
   3.5290459225176046e-03   3.6257580883652914e-03   3.7188042865025713e-03   3.8079557004953675e-03   3.8929907136828401e-03   3.9736951515340051e-03   4.0498624953196130e-03   4.1212940767809975e-03   4.1877992587078857e-03   4.2491956137928992e-03   4.3053091078290879e-03   4.3559743002595259e-03   4.4010345700092428e-03   4.4403423815497552e-03   4.4737596012888424e-03   4.5011578837267112e-03   4.5224191431171915e-03   4.5374361414464636e-03   4.5461132235224229e-03   4.5483672580916637e-03   4.5441288526194045e-03   4.5333439571170085e-03   4.5159759833695648e-03   4.4920086025071106e-03   4.4614493000236614e-03   4.4243336115985079e-03   4.3807295403065511e-03   4.3307412112457760e-03   4.2745105146424029e-03   4.2122158702581442e-03   4.1440681883712048e-03   4.0703050938552107e-03   3.9911847796648336e-03   3.9069805332847922e-03   3.8179764065179285e-03   3.7244640125558225e-03   3.6267402534083167e-03   3.5251057298697169e-03   3.4198636233341646e-03   3.3113188744014147e-03   3.1997775573574631e-03   3.0855463754140494e-03   2.9689322357465027e-03   2.8502418671413916e-03   2.7297814659928070e-03   2.6078563551096097e-03   2.4847706528203653e-03   2.3608269442858005e-03   2.2363259552769972e-03   2.1115662238142385e-03   1.9868437705587495e-03   1.8624517659710030e-03   1.7386801941705948e-03   1.6158155138268108e-03   1.4941403141944462e-03   1.3739329687003643e-03   1.2554672825826887e-03   1.1390121380093080e-03   1.0248311325265641e-03   9.1318221339716432e-04   8.0431730401410038e-04   6.9848192325935236e-04   5.9591479412598959e-04   4.9684743768722275e-04   4.0150374149721248e-04   3.1009949431816202e-04   2.2284187342792817e-04   1.3992886367134613e-04   6.1548573870908937e-05  -1.2121541296912595e-05  -8.0915531729585689e-05  -1.4467980391340979e-04  -2.0327384841817720e-04  -2.5657078391958183e-04  -3.0445774471012012e-04  -3.4683620814306496e-04  -3.8362227098563380e-04  -4.1474683192439495e-04  -4.4015560158783273e-04  -4.5980893102200507e-04  -4.7368147650418018e-04  -4.8176175759351010e-04  -4.8405165005132277e-04  -4.8056585979915252e-04  -4.7133140029976834e-04  -4.5638709689517607e-04  -4.3578312465319437e-04  -4.0958058966466539e-04  -3.7785115256550603e-04  -3.4067669739860842e-04  -2.9814904143402239e-04  -2.5036968546594904e-04  -1.9744959901895774e-04  -1.3950903827607291e-04  -7.6677390307483529e-05  -9.0930408127281454e-06   6.3096741756440457e-05   1.3973590860575920e-04   2.2065972839339291e-04   3.0569488100670077e-04   3.9465955968465052e-04   4.8736358361742933e-04   5.8360852451610394e-04   6.8318786040299541e-04   7.8588716112115275e-04   8.9148430499308776e-04   9.9974973653792470e-04   1.1104467716909639e-03   1.2233319540869438e-03   1.3381554612098114e-03   1.4546615643896916e-03   1.5725891407197988e-03   1.6916722383593476e-03   1.8116406892427451e-03   1.9322207666465183e-03   2.0531358797723099e-03   2.1741072991322266e-03   2.2948549041560996e-03   2.4150979438004824e-03   2.5345558015087304e-03   2.6529487539864588e-03   2.7699987157974817e-03   2.8854299597662935e-03   2.9989698066817732e-03   3.1103492761908229e-03   3.2193036947908349e-03   3.3255732556508330e-03   3.4289035292588534e-03
   3.4735381418435768e-03   3.5702931398323705e-03   3.6634147341270034e-03   3.7526724896537948e-03   3.8378425752244334e-03   3.9187080015835613e-03   3.9950588349094845e-03   4.0666923948409353e-03   4.1334134440202622e-03   4.1950343783274512e-03   4.2513754269271576e-03   4.3022648735912637e-03   4.3475393101204702e-03   4.3870439366329736e-03   4.4206329246056931e-03   4.4481698644337399e-03   4.4695283263619630e-03   4.4845925749764743e-03   4.4932584993877802e-03   4.4954348446330740e-03   4.4910448780992552e-03   4.4800286551089407e-03   4.4623460938626042e-03   4.4379809902742162e-03   4.4069459264977316e-03   4.3692875015802603e-03   4.3250907683022510e-03   4.2744813273817035e-03   4.2176240662980258e-03   4.1547186527794017e-03   4.0859931305074074e-03   4.0116972052654694e-03   3.9320964033102302e-03   3.8474675324282020e-03   3.7580953904623143e-03   3.6642704734631466e-03   3.5662873958542405e-03   3.4644437830947828e-03   3.3590394640054932e-03   3.2503758621032831e-03   3.1387555043950587e-03   3.0244816039236484e-03   2.9078576807293026e-03   2.7891872113042179e-03   2.6687732903340421e-03   2.5469183029282355e-03   2.4239235973247892e-03   2.3000891602000567e-03   2.1757132886113233e-03   2.0510922616780369e-03   1.9265200080252824e-03   1.8022877712484096e-03   1.6786837713080628e-03   1.5559928625222131e-03   1.4344961881261999e-03   1.3144708302561905e-03   1.1961894569192659e-03   1.0799199636265882e-03   9.6592511172563197e-04   8.5446216107872485e-04   7.4578249821265566e-04   6.4013125707874496e-04   5.3774693134803274e-04   4.3886097420748276e-04   3.4369738432602458e-04   2.5247226508445146e-04   1.6539334517006420e-04   8.2659437383732649e-05   4.4598271352789490e-06  -6.9026458527121680e-05  -1.3763149205910661e-04  -2.0119937856341152e-04  -2.5958718203960228e-04  -3.1266574836805497e-04  -3.6032035231249701e-04  -4.0245119905260585e-04  -4.3897381677871503e-04  -4.6981928298769470e-04  -4.9493424068997385e-04  -5.1428066040861255e-04  -5.2783541105247606e-04  -5.3558968795085530e-04  -5.3754838445496536e-04  -5.3372944188770258e-04  -5.2416322694717049e-04  -5.0889194340897792e-04  -4.8796910082723761e-04  -4.6145903344517025e-04  -4.2943647997998225e-04  -3.9198621281551704e-04  -3.4920272191193795e-04  -3.0118994092289330e-04  -2.4806101826797963e-04  -1.8993812049733667e-04  -1.2695226975475868e-04  -5.9243202506644485e-05   1.3040749011860968e-05   8.9742765775783790e-05   1.7069763910255087e-04   2.5573187176354843e-04   3.4466377804551348e-04   4.3730359760072520e-04   5.3345362696641317e-04   6.3290837255561760e-04   7.3545472802770385e-04   8.4087219204443450e-04   9.4893312230199807e-04   1.0594030327383372e-03   1.1720409330293648e-03   1.2865997205237750e-03   1.4028266187766987e-03   1.5204636682525658e-03   1.6392482603788067e-03   1.7589137185893445e-03   1.8791899157987665e-03   1.9998039283247908e-03   2.1204807144153803e-03   2.2409438140630284e-03   2.3609160580240181e-03   2.4801202807989853e-03   2.5982800259174454e-03   2.7151202380469386e-03   2.8303679313823079e-03   2.9437528301076289e-03   3.0550079723290404e-03   3.1638702755007304e-03   3.2700810572602415e-03   3.3733865122606869e-03
   3.4139355468779742e-03   3.5107325892664220e-03   3.6039256430995936e-03   3.6932823777840219e-03   3.7785764752813465e-03   3.8595878584676739e-03   3.9361029070598980e-03   4.0079146538487143e-03   4.0748229832282580e-03   4.1366348272146650e-03   4.1931643833087416e-03   4.2442333504071703e-03   4.2896712129991618e-03   4.3293155731708357e-03   4.3630125709738926e-03   4.3906174045819958e-03   4.4119950149701876e-03   4.4270209806616147e-03   4.4355827449950227e-03   4.4375813022245478e-03   4.4329335707556441e-03   4.4215756812294518e-03   4.4034674056556231e-03   4.3785976911233475e-03   4.3469907187783418e-03   4.3087111767165049e-03   4.2638669166882859e-03   4.2126077845249998e-03   4.1551207360183652e-03   4.0916228679304320e-03   4.0223541564279866e-03   3.9475712525129060e-03   3.8675427110847144e-03   3.7825456043096275e-03   3.6928631851868088e-03   3.5987833001892202e-03   3.5005972758668938e-03   3.3985991252935056e-03   3.2930849450100007e-03   3.1843524296229723e-03   3.0727004527820920e-03   2.9584286932107158e-03   2.8418372857092009e-03   2.7232264862456787e-03   2.6028963429704233e-03   2.4811463696949973e-03   2.3582752201757110e-03   2.2345803611056887e-03   2.1103577437018104e-03   1.9859014721136871e-03   1.8615034692560444e-03   1.7374531389976696e-03   1.6140370250495972e-03   1.4915384664180762e-03   1.3702372488830451e-03   1.2504092533181898e-03   1.1323260996320501e-03   1.0162547873991319e-03   9.0245733208347645e-04   7.9119039688955984e-04   6.8270492000037819e-04   5.7724573582813485e-04   4.7505119069785908e-04   3.7635274884101593e-04   2.8137458484639292e-04   1.9033315691100350e-04   1.0343675263904954e-04   2.0884991427473415e-05  -5.7131750024746065e-05  -1.3043300007444577e-04  -1.9884899185601871e-04  -2.6222159153899464e-04  -3.2040534802502498e-04  -3.7326852523972970e-04  -4.2069406675540513e-04  -4.6258036790241706e-04  -4.9884188566976699e-04  -5.2940949800954137e-04  -5.5423054695026173e-04  -5.7326855238104351e-04  -5.8650264432014393e-04  -5.9392684053042244e-04  -5.9554924418584267e-04  -5.9139125341399522e-04  -5.8148680381674687e-04  -5.6588168424682485e-04  -5.4463291681355181e-04  -5.1780821855684572e-04  -4.8548552660092402e-04  -4.4775259628886523e-04  -4.0470665262564971e-04  -3.5645410163836328e-04  -3.0311028243590647e-04  -2.4479926568377904e-04  -1.8165367962660265e-04  -1.1381456942085742e-04  -4.1431271103562102e-05   3.5338693644304964e-05   1.1632972153800499e-04   2.0136822162642614e-04   2.9027272165970948e-04   3.8285397853554714e-04   4.7891510677411787e-04   5.7825172687174303e-04   6.8065214749117933e-04   7.8589757007193868e-04   8.9376233522188268e-04   1.0040142054832052e-03   1.1164146976492724e-03   1.2307194521969972e-03   1.3466786537299567e-03   1.4640374894284924e-03   1.5825366573525561e-03   1.7019129080183700e-03   1.8218996279160493e-03   1.9422274468050482e-03   2.0626248747449677e-03   2.1828189500285103e-03   2.3025359019169405e-03   2.4215018091900253e-03   2.5394432578318615e-03   2.6560879792715160e-03   2.7711654734577239e-03   2.8844075992057513e-03   2.9955491381319700e-03   3.1043283162309086e-03   3.2104872921388293e-03   3.3137725982744265e-03
   3.3503560103922440e-03   3.4471906196496711e-03   3.5404473263366274e-03   3.6298916403779006e-03   3.7152944875091937e-03   3.7964324397880946e-03   3.8730879179865725e-03   3.9450493972327944e-03   4.0121115988868885e-03   4.0740757036874607e-03   4.1307495698211898e-03   4.1819479991190879e-03   4.2274930353244904e-03   4.2672143528419363e-03   4.3009497283112838e-03   4.3285456850182483e-03   4.3498583333737581e-03   4.3647545709725958e-03   4.3731137468481750e-03   4.3748300961537192e-03   4.3698161631055017e-03   4.3580075796053113e-03   4.3393691364116121e-03   4.3139016708018847e-03   4.2816481993159326e-03   4.2426972952221316e-03   4.1971821426595307e-03   4.1452754290992912e-03   4.0871818730591073e-03   4.0231304479448034e-03   3.9533677986953427e-03   3.8781532179878735e-03   3.7977551433515154e-03   3.7124487457267314e-03   3.6225143199286958e-03   3.5282361533891752e-03   3.4299017405409965e-03   3.3278011681322000e-03   3.2222266337042799e-03   3.1134720219041104e-03   3.0018325381982848e-03   2.8876043536787814e-03   2.7710842723781119e-03   2.6525693962946625e-03   2.5323568024248812e-03   2.4107432134408725e-03   2.2880246738581035e-03   2.1644962183234714e-03   2.0404515424923969e-03   1.9161826664241663e-03   1.7919795991606549e-03   1.6681299962485396e-03   1.5449188175537716e-03   1.4226279783036025e-03   1.3015359998072469e-03   1.1819176537940595e-03   1.0640436056038286e-03   9.4818005177160845e-04   8.3458835504935519e-04   7.2352467514538699e-04   6.1523959487407920e-04   5.0997774287676986e-04   4.0797740812258490e-04   3.0947015017522133e-04   2.1468039671995775e-04   1.2382503095088111e-04   3.7112949237542471e-05  -4.5255410671033976e-05  -1.2308860027057341e-04  -1.9620477371508414e-04  -2.6443243036904486e-04  -3.2761130919113949e-04  -3.8559345443575904e-04  -4.3824441797861565e-04  -4.8544445719106910e-04  -5.2708968079603099e-04  -5.6309293880087109e-04  -5.9338445295463145e-04  -6.1791195519362370e-04  -6.3664038037427326e-04  -6.4955115010356993e-04  -6.5664124515215738e-04  -6.5792219521035073e-04  -6.5341909562129119e-04  -6.4316969841055039e-04  -6.2722360207243216e-04  -6.0564154294079917e-04  -5.7849478422650636e-04  -5.4586459473838621e-04  -5.0784180751159370e-04  -4.6452644965485788e-04  -4.1602743325207009e-04  -3.6246229996618245e-04  -3.0395700926502434e-04  -2.4064576484447426e-04  -1.7267086882897734e-04  -1.0018260016264146e-04  -2.3339106118020012e-05   5.7693694078058853e-05   1.4274220761602112e-04   2.3162526503627012e-04   3.2415422975440723e-04   4.2013312344110483e-04   5.1935877115156398e-04   6.2162096775968730e-04   7.2670268165174251e-04   8.3438028894286238e-04   9.4442384666345734e-04   1.0565974005148967e-03   1.1706593395149839e-03   1.2863627876166801e-03   1.4034560414520980e-03   1.5216830409760301e-03   1.6407838816339382e-03   1.7604953526100166e-03   1.8805515078021862e-03   2.0006842521794761e-03   2.1206239485448116e-03   2.2401000262788403e-03   2.3588415967364805e-03   2.4765780562350272e-03   2.5930396824007797e-03   2.7079582046032496e-03   2.8210673566072680e-03   2.9321033925140206e-03   3.0408055773686157e-03   3.1469166342084675e-03   3.2501831624931533e-03
   3.2829180521071681e-03   3.3797823075173957e-03   3.4730912692018051e-03   3.5626080243536962e-03   3.6481004845991972e-03   3.7293416032594005e-03   3.8061095776056146e-03   3.8781880461527130e-03   3.9453662866390351e-03   4.0074394277006325e-03   4.0642086846640014e-03   4.1154816358341647e-03   4.1610725635037645e-03   4.2008028868811111e-03   4.2345017416669821e-03   4.2620067696725987e-03   4.2831652492744850e-03   4.2978357227909363e-03   4.3058904151917323e-03   4.3072187376613520e-03   4.3017322964752098e-03   4.2893714193343565e-03   4.2701128073341201e-03   4.2439765526914282e-03   4.2110303991094722e-03   4.1713891768076225e-03   4.1252096877104922e-03   4.0726827792288561e-03   4.0140251244619313e-03   3.9494722055826593e-03   3.8792730416967523e-03   3.8036865128615585e-03   3.7229788662901976e-03   3.6374220538561135e-03   3.5472925829233824e-03   3.4528707133980089e-03   3.3544398323849022e-03   3.2522859698473554e-03   3.1466973726653647e-03   3.0379641343160277e-03   2.9263778329908377e-03   2.8122311979916666e-03   2.6958177723909122e-03   2.5774315907537925e-03   2.4573668461121759e-03   2.3359175662106919e-03   2.2133772785987030e-03   2.0900386828459107e-03   1.9661933117635327e-03   1.8421311979504641e-03   1.7181405296117251e-03   1.5945073106343817e-03   1.4715150103629040e-03   1.3494442169386352e-03   1.2285722808112048e-03   1.1091729610430998e-03   9.9151606261054025e-04   8.7586707526010501e-04   7.6248680476108128e-04   6.5163100364429803e-04   5.4354999597121712e-04   4.3848829887000715e-04   3.3668423982249375e-04   2.3836956659468157e-04   1.4376905132241742e-04   5.3100078729279758e-05  -3.3427775862982304e-05  -1.1561320559503197e-04  -1.9326366823057802e-04  -2.6619596680795194e-04  -3.3423692250421941e-04  -3.9722423555491938e-04  -4.5500751453169124e-04  -5.0744955701014362e-04  -5.5442774644258387e-04  -5.9583550463750763e-04  -6.3158359970122554e-04  -6.6160108527347095e-04  -6.8583571863043802e-04  -7.0425364609390554e-04  -7.1683857916407002e-04  -7.2359059428683944e-04  -7.2452487678960386e-04  -7.1967048243216881e-04  -7.0906925035765594e-04  -6.9277483595791482e-04  -6.7085190730804508e-04  -6.4337545019844586e-04  -6.1043020422489667e-04  -5.7211017884101364e-04  -5.2851826875153314e-04  -4.7976592424429042e-04  -4.2597289547780860e-04  -3.6726701178754886e-04  -3.0378401424253302e-04  -2.3566740684648270e-04  -1.6306834357686286e-04  -8.6145520145895467e-05  -5.0650856473935350e-06   7.9999451904847179e-05   1.6886731502044013e-04   2.6135056528255735e-04   3.5725421290870585e-04   4.5637635965559164e-04   5.5850835733857007e-04   6.6343500037068176e-04   7.7093474112885124e-04   8.8077995083836978e-04   9.9273720966022456e-04   1.1065676413082048e-03   1.2220272777434197e-03   1.3388674681398076e-03   1.4568353167920408e-03   1.5756741603356766e-03   1.6951240671518326e-03   1.8149223674089354e-03   1.9348041952724471e-03   2.0545030505843033e-03   2.1737513607268570e-03   2.2922810491947344e-03   2.4098240919811715e-03   2.5261130679346397e-03   2.6408816858245077e-03   2.7538652943588865e-03   2.8648013603589572e-03   2.9734299218194143e-03   3.0794940040387779e-03   3.1827400064999177e-03
   3.2117417185368400e-03   3.3086245062569873e-03   3.4019710093339357e-03   3.4915416320937484e-03   3.5771010158748701e-03   3.6584182304510134e-03   3.7352669834156155e-03   3.8074257964660048e-03   3.8746782194724054e-03   3.9368130272075226e-03   3.9936244848577732e-03   4.0449126286236925e-03   4.0904836716285165e-03   4.1301504969590641e-03   4.1637334054135614e-03   4.1910611332372939e-03   4.2119724403332504e-03   4.2263184211669006e-03   4.2339660588034149e-03   4.2348032892159347e-03   4.2287459377614647e-03   4.2157459494232431e-03   4.1957993882636027e-03   4.1689516265946795e-03   4.1352974464439803e-03   4.0949760857588490e-03   4.0481629913632997e-03   3.9950612017079588e-03   3.9358938567220763e-03   3.8708986762756832e-03   3.8003240426777796e-03   3.7244264307193901e-03   3.6434686452850216e-03   3.5577186639922098e-03   3.4674487812528859e-03   3.3729349918831236e-03   3.2744564793071949e-03   3.1722951967919433e-03   3.0667354728617412e-03   2.9580636592728094e-03   2.8465677829613142e-03   2.7325372159926154e-03   2.6162623388026533e-03   2.4980342128464953e-03   2.3781442468949225e-03   2.2568838684462376e-03   2.1345441883968809e-03   2.0114156674143815e-03   1.8877877764237726e-03   1.7639486569056666e-03   1.6401847766346299e-03   1.5167805835112752e-03   1.3940181561438775e-03   1.2721768508832359e-03   1.1515329468861359e-03   1.0323592862851903e-03   9.1492491333428983e-04   7.9949470779968159e-04   6.8632901771141757e-04   5.7568328607385038e-04   4.6780767695952879e-04   3.6294669518181826e-04   2.6133880449298369e-04   1.6321603775226550e-04   6.8803604291249728e-05  -2.1680515369173819e-05  -1.0802598646848620e-04  -1.9003056300312751e-04  -2.6750056291555786e-04  -3.4025140993021430e-04  -4.0810827331669557e-04  -4.7090685421268181e-04  -5.2849440012281467e-04  -5.8073096126855955e-04  -6.2749095823256022e-04  -6.6866485771847070e-04  -7.0416092609824964e-04  -7.3390658068951502e-04  -7.5784917362948156e-04  -7.7595582918799175e-04  -7.8821248959138820e-04  -7.9462246285477581e-04  -7.9520481407909503e-04  -7.8999285254360298e-04  -7.7903278692016318e-04  -7.6238260462780662e-04  -7.4011112955773748e-04  -7.1229726333896519e-04  -6.7902935310996731e-04  -6.4040469095776205e-04  -5.9652909607077551e-04  -5.4751659087181031e-04  -4.9348912885070046e-04  -4.3457638949581488e-04  -3.7091560223984760e-04  -3.0265141712433944e-04  -2.2993578654924686e-04  -1.5292787723392891e-04  -7.1793979092001818e-05   1.3292570999673360e-05   1.0215147995445506e-04   1.9459558432708595e-04   2.9043096765871829e-04   3.8945707831382586e-04   4.9146688416526908e-04   5.9624704291332356e-04   7.0357811730951145e-04   8.1323480562485689e-04   9.2498622067147831e-04   1.0385961897819425e-03   1.1538236055360319e-03   1.2704227951644152e-03   1.3881439374344396e-03   1.5067334929761780e-03   1.6259346769804525e-03   1.7454879367919567e-03   1.8651314638230647e-03   1.9846016990491787e-03   2.1036338628302393e-03   2.2219624659488373e-03   2.3393218344198640e-03   2.4554466035393860e-03   2.5700722160525253e-03   2.6829353792193582e-03   2.7937745187036874e-03   2.9023301838016083e-03   3.0083454456815402e-03   3.1115662427055454e-03
   3.1369494073306453e-03   3.2338366774179094e-03   3.3272029694154243e-03   3.4168057591067395e-03   3.5024061519735280e-03   3.5837690797781993e-03   3.6606634822643801e-03   3.7328624964303482e-03   3.8001436453489754e-03   3.8622890636685094e-03   3.9190857516148972e-03   3.9703259187729599e-03   4.0158074262926138e-03   4.0553344447377022e-03   4.0887183898391027e-03   4.1157793961605574e-03   4.1363485233149398e-03   4.1502712331626902e-03   4.1574124358010785e-03   4.1576636704731629e-03   4.1509517719374089e-03   4.1372478677970895e-03   4.1165734989959358e-03   4.0890017619044745e-03   4.0546525928164562e-03   4.0136845107174154e-03   3.9662855179661474e-03   3.9126652342977792e-03   3.8530490096769518e-03   3.7876737888994003e-03   3.7167853959486565e-03   3.6406366821566845e-03   3.5594863208838158e-03   3.4735979085454387e-03   3.3832393385499031e-03   3.2886822625318771e-03   3.1902016667936161e-03   3.0880754606065685e-03   2.9825841284239559e-03   2.8740103651640862e-03   2.7626387477186838e-03   2.6487553851985337e-03   2.5326475977113711e-03   2.4146035723511395e-03   2.2949120399406221e-03   2.1738619296355864e-03   2.0517420410169772e-03   1.9288406963248546e-03   1.8054454072269129e-03   1.6818425235377453e-03   1.5583168936261966e-03   1.4351515088731944e-03   1.3126271572086185e-03   1.1910220630093101e-03   1.0706115335566348e-03   9.5166759411979612e-04   8.3445862734369115e-04   7.1924900330667940e-04   6.0629871197746799e-04   4.9586298806661444e-04   3.8819193620052571e-04   2.8353015023339521e-04   1.8211633030079004e-04   8.4182896095800564e-05  -1.0044407680504658e-05  -1.0034690909288958e-04  -1.8651342447802361e-04  -2.6834068266801928e-04  -3.4563379575861517e-04  -4.1820676103647750e-04  -4.8588307562559747e-04  -5.4849645988626870e-04  -6.0589183470510419e-04  -6.5792654508823830e-04  -7.0447199436814243e-04  -7.4541554802840470e-04  -7.8066262247333969e-04  -8.1013859638620015e-04  -8.3378998166368646e-04  -8.5158461046393012e-04  -8.6351057135250313e-04  -8.6957451733587197e-04  -8.6979963228516095e-04  -8.6422377845828168e-04  -8.5289784401806836e-04  -8.3588443071189980e-04  -8.1325676199375438e-04  -7.8509784655230201e-04  -7.5149978543366319e-04  -7.1256324966439001e-04  -6.6839704303891666e-04  -6.1911778025254343e-04  -5.6484961335186872e-04  -5.0572403795289889e-04  -4.4187972318854329e-04  -3.7346239639128912e-04  -3.0062473367802500e-04  -2.2352628622721244e-04  -1.4233339780999319e-04  -5.7219144091440882e-05   3.1636749562899413e-05   1.2404798299700580e-04   2.1982178119770920e-04   3.1875900216509173e-04   4.2065428086205878e-04   5.2529618233269622e-04   6.3246739528952502e-04   7.4194494644933614e-04   8.5350045854803113e-04   9.6690042873002948e-04   1.0819065491838621e-03   1.1982760489991945e-03   1.3157620754390017e-03   1.4341140933064557e-03   1.5530783162316286e-03   1.6723981500369218e-03   1.7918146580937844e-03   1.9110670309330090e-03   2.0298930664868061e-03   2.1480296456139799e-03   2.2652132066569180e-03   2.3811802064502268e-03   2.4956675697747691e-03   2.6084131179384211e-03   2.7191559771821720e-03   2.8276369613327314e-03   2.9335989282217507e-03   3.0367871087655495e-03
   3.0586666357972931e-03   3.1555416624484342e-03   3.2489072483132134e-03   3.3385176885510964e-03   3.4241302951465167e-03   3.5055056022051875e-03   3.5824075114016078e-03   3.6546034984608986e-03   3.7218647748368137e-03   3.7839665466860399e-03   3.8406882653362028e-03   3.8918140577552584e-03   3.9371332455270395e-03   3.9764412459964834e-03   4.0095408405853078e-03   4.0362443281016461e-03   4.0563767358696556e-03   4.0697808918535895e-03   4.0763244979335981e-03   4.0759093060675003e-03   4.0684807690314932e-03   4.0540353943007441e-03   4.0326229652524609e-03   4.0043424341219599e-03   3.9693338193218320e-03   3.9277686613163635e-03   3.8798418569012138e-03   3.8257652808244363e-03   3.7657634917628337e-03   3.7000707535446804e-03   3.6289291523395923e-03   3.5525872564065777e-03   3.4712992306639504e-03   3.3853241336007167e-03   3.2949253966175181e-03   3.2003703487832576e-03   3.1019298282465311e-03   2.9998777933448106e-03   2.8944909739112351e-03   2.7860485129833417e-03   2.6748316352345914e-03   2.5611233011446650e-03   2.4452078760251045e-03   2.3273707861539614e-03   2.2078981862118739e-03   2.0870766159502251e-03   1.9651926639038097e-03   1.8425326215142682e-03   1.7193821414834066e-03   1.5960258882053901e-03   1.4727471905261681e-03   1.3498276878651889e-03   1.2275469771574484e-03   1.1061822541293233e-03   9.8600795420802911e-04   8.6729538872628925e-04   7.5031237957814034e-04   6.3532289033913360e-04   5.2258665441855766e-04   4.1235880116506564e-04   3.0488947761036269e-04   2.0042346958986810e-04   9.9199816782555284e-05   1.4514272779963199e-06  -9.2595315830653951e-05  -1.8272095010984663e-04  -2.6871334331663040e-04  -3.5036811411046608e-04  -4.2748908134579021e-04  -4.9988875672931504e-04  -5.6738891455011885e-04  -6.2982129048955236e-04  -6.8702847982108034e-04  -7.3886516253053656e-04  -7.8519970224876618e-04  -8.2591626981864973e-04  -8.6091719482232049e-04  -8.9012544717938669e-04  -9.1348633511154683e-04  -9.3096808270657304e-04  -9.4256085388034713e-04  -9.4827472567624136e-04  -9.4813726428512888e-04  -9.4219118301332476e-04  -9.3049238684272712e-04  -9.1310837614219480e-04  -8.9011703338365928e-04  -8.6160566008718000e-04  -8.2767026187533714e-04  -7.8841497384209386e-04  -7.4395164220550098e-04  -6.9439948078347006e-04  -6.3988483097115675e-04  -5.8054095779600998e-04  -5.1650791749563332e-04  -4.4793243577173576e-04  -3.7496783594784320e-04  -2.9777395921742715e-04  -2.1651711963514928e-04  -1.3137003517700303e-04  -4.2511782757769260e-05   4.9872280944727619e-05   1.4559058992046027e-04   2.4444547839242510e-04   3.4623328533553411e-04   4.5074451269043838e-04   5.5776398393022448e-04   6.6707105582444932e-04   7.7843983214490107e-04   8.9163943639665466e-04   1.0064342866425411e-03   1.1225844279673131e-03   1.2398458623929004e-03   1.3579709330408356e-03   1.4767086997737348e-03   1.5958053633095633e-03   1.7150046723751965e-03   1.8340483716127497e-03   1.9526766224129708e-03   2.0706284562777466e-03   2.1876421903789496e-03   2.3034558680477086e-03   2.4178076511784633e-03   2.5304362315610317e-03   2.6410811853788364e-03   2.7494833432660125e-03   2.8553850972629371e-03   2.9585307231713986e-03
   2.9770227569405616e-03   3.0738664146251391e-03   3.1672083592945120e-03   3.2567994454682264e-03   3.3423929477307841e-03   3.4237447297847876e-03   3.5006134017811696e-03   3.5727604934752194e-03   3.6399506437574795e-03   3.7019518459491477e-03   3.7585357765121011e-03   3.8094782779633136e-03   3.8545601080967641e-03   3.8935681169604505e-03   3.9262971771209399e-03   3.9525532234286542e-03   3.9721580963847552e-03   3.9849564880742525e-03   3.9908253650273433e-03   3.9896841115405661e-03   3.9815032650743765e-03   3.9663077435859720e-03   3.9441739725611189e-03   3.9152217957385115e-03   3.8796049331037562e-03   3.8375022495369766e-03   3.7891110779976209e-03   3.7346425674489696e-03   3.6743185350565626e-03   3.6083694367097961e-03   3.5370329494717008e-03   3.4605530330281925e-03   3.3791791849508510e-03   3.2931658984419600e-03   3.2027721630168010e-03   3.1082610672725258e-03   3.0098993867016359e-03   2.9079572349755833e-03   2.8027076902795477e-03   2.6944264649087207e-03   2.5833915421156046e-03   2.4698828496023703e-03   2.3541819031347136e-03   2.2365714810689543e-03   2.1173352684969865e-03   1.9967575280675299e-03   1.8751227425136399e-03   1.7527152814370817e-03   1.6298190414981849e-03   1.5067171082935968e-03   1.3836913930421731e-03   1.2610222888514370e-03   1.1389883032657190e-03   1.0178657085798070e-03   8.9792817000601023e-04   7.7944638972235599e-04   6.6268773073917308e-04   5.4791585442060518e-04   4.3539034042432980e-04   3.2536631749707562e-04   2.1809407960662793e-04   1.1381870953501420e-04   1.2779691128273949e-05  -8.4789474613639721e-05  -1.7866166210159825e-04  -2.6861651637034205e-04  -3.5444085596178488e-04  -4.3592909165650383e-04  -5.1288366107071141e-04  -5.8511551207160862e-04  -6.5244463621911479e-04  -7.1470074571491752e-04  -7.7172410657303870e-04  -8.2336673564181121e-04  -8.6949397537829836e-04  -9.0998672110358114e-04  -9.4474407466058953e-04  -9.7368628181871949e-04  -9.9675713232837268e-04  -1.0139249568063816e-03  -1.0251819014658239e-03  -1.0305415693676980e-03  -1.0300361582284898e-03  -1.0237135632868318e-03  -1.0116350375753971e-03  -9.9387328823407738e-04  -9.7051110353459655e-04  -9.4164027432513606e-04  -9.0736084198207289e-04  -8.6778049329285108e-04  -8.2301415256948055e-04  -7.7318363924753055e-04  -7.1841745315542405e-04  -6.5885058231951433e-04  -5.9462439821834814e-04  -5.2588654853664377e-04  -4.5279091122469163e-04  -3.7549752966544630e-04  -2.9417258960105709e-04  -2.0898836686804008e-04  -1.2012320091085889e-04  -2.7761428864181859e-05   6.7906660459597775e-05   1.6668492325666215e-04   2.6837144968829647e-04   3.7275870086876271e-04   4.7963364409218208e-04   5.8877794384495506e-04   6.9996815537873747e-04   8.1297597055965246e-04   9.2756846658639813e-04   1.0435084052983793e-03   1.1605545346763484e-03   1.2784619359310534e-03   1.3969823681502153e-03   1.5158646513117105e-03   1.6348550404154079e-03   1.7536976294314458e-03   1.8721347389213450e-03   1.9899073240135061e-03   2.1067553585227372e-03   2.2224182300180613e-03   2.3366351044188409e-03   2.4491452932522270e-03   2.5596885854959357e-03   2.6680055755654445e-03   2.7738379530258669e-03   2.8769287843647810e-03
   2.8921516179854778e-03   2.9889426785421336e-03   3.0822359241667336e-03   3.1717785133600937e-03   3.2573194371192504e-03   3.3386096277552048e-03   3.4154021495010614e-03   3.4874523178938842e-03   3.5545179524974339e-03   3.6163595948833028e-03   3.6727409793835004e-03   3.7234296009940855e-03   3.7681978412251738e-03   3.8068245851747293e-03   3.8390981609343067e-03   3.8648206894345699e-03   3.8838150372885608e-03   3.8959338951377381e-03   3.9010707366660463e-03   3.8991692868816591e-03   3.8902284616847598e-03   3.8743005416648404e-03   3.8514836649133095e-03   3.8219122880081011e-03   3.7857479489512634e-03   3.7431723332479070e-03   3.6943821363747877e-03   3.6395858273689532e-03   3.5790013405390224e-03   3.5128546703305846e-03   3.4413787710892169e-03   3.3648128520017795e-03   3.2834017281756032e-03   3.1973953663263039e-03   3.1070484047893325e-03   3.0126197832503268e-03   2.9143723324851572e-03   2.8125724365377002e-03   2.7074896475230621e-03   2.5993963569779762e-03   2.4885674269906240e-03   2.3752798645762119e-03   2.2598124574898580e-03   2.1424454455527668e-03   2.0234601594352770e-03   1.9031386891369567e-03   1.7817635234793790e-03   1.6596172135275378e-03   1.5369820106838771e-03   1.4141395242544298e-03   1.2913703574115312e-03   1.1689537585266540e-03   1.0471672544031326e-03   9.2628629504180665e-04   8.0658388366641493e-04   6.8833021486900325e-04   5.7179230106787387e-04   4.5723360416905065e-04   3.4491365817433336e-04   2.3508769456285388e-04   1.2800626126754943e-04   2.3914842161108579e-05  -7.6946527361512740e-05  -1.7434364786063494e-04  -2.6804854484241284e-04  -3.5783986553969524e-04  -4.4350327660208177e-04  -5.2483188047361580e-04  -6.0162663972908119e-04  -6.7369684885745817e-04  -7.4086064931840295e-04  -8.0294566957850397e-04  -8.5978982815414001e-04  -9.1124246303909691e-04  -9.5716591553608016e-04  -9.9743775979394336e-04  -1.0319537718275231e-03  -1.0606312449343220e-03  -1.0834121664331966e-03  -1.1002647492455218e-03  -1.1111830228601382e-03  -1.1161842485156556e-03  -1.1153055024514553e-03  -1.1086002170234905e-03  -1.0961353233803930e-03  -1.0779890541505301e-03  -1.0542493393722236e-03  -1.0250126534063647e-03  -9.9038318668248637e-04  -9.5047225682328687e-04  -9.0539788226547916e-04  -8.5528448492468536e-04  -8.0026267457610259e-04  -7.4046910770370978e-04  -6.7604638529287641e-04  -6.0714299540649960e-04  -5.3391326852265876e-04  -4.5651735931091222e-04  -3.7512122369879513e-04  -2.8989660850767631e-04  -2.0102102427588253e-04  -1.0867772321086831e-04  -1.3055644247055541e-05   8.5650638047495313e-05   1.8724100260082178e-04   2.9150987782048223e-04   3.9824638199204021e-04   5.0723446635830176e-04   6.1825310613320935e-04   7.3107649633719757e-04   8.4547429801485100e-04   9.6121188451827352e-04   1.0780506367464142e-03   1.1957482320924539e-03   1.3140589803997697e-03   1.4327341451701823e-03   1.5515223081727925e-03   1.6701697090138296e-03   1.7884206235477262e-03   1.9060177062448346e-03   2.0227023667925598e-03   2.1382150996935353e-03   2.2522958443469800e-03   2.3646842877971396e-03   2.4751201960647104e-03   2.5833436791725351e-03   2.6890954858165318e-03   2.7921172244512976e-03
   2.8041921805114917e-03   2.9009076256932796e-03   2.9941253224383107e-03   3.0835884993623023e-03   3.1690416065507550e-03   3.2502304051655641e-03   3.3269021538631241e-03   3.3988057264182688e-03   3.4656918883583850e-03   3.5273135775486094e-03   3.5834265058928231e-03   3.6337899884769879e-03   3.6781685330198885e-03   3.7163342974501322e-03   3.7480713075839027e-03   3.7731818021287831e-03   3.7914953019138522e-03   3.8028796744245513e-03   3.8072515347627837e-03   3.8045828592692911e-03   3.7949002910182784e-03   3.7782788871181666e-03   3.7548322741203736e-03   3.7247034885769504e-03   3.6880573189647338e-03   3.6450750528534354e-03   3.5959507975063202e-03   3.5408891390155948e-03   3.4801035125627171e-03   3.4138151144835352e-03   3.3422520720856877e-03   3.2656488192211374e-03   3.1842455612627408e-03   3.0982878168732018e-03   3.0080259936711247e-03   2.9137149966318855e-03   2.8156138459467950e-03   2.7139853092376749e-03   2.6090955429290902e-03   2.5012137361067237e-03   2.3906117586093181e-03   2.2775638078152884e-03   2.1623460625726097e-03   2.0452363318249752e-03   1.9265137094069294e-03   1.8064582202979179e-03   1.6853504741788767e-03   1.5634713089151102e-03   1.4411014420369359e-03   1.3185211105583895e-03   1.1960097190722267e-03   1.0738454751716910e-03   9.5230503335454728e-04   8.3166312573163957e-04   7.1219220133659253e-04   5.9416205192713725e-04   4.7783944662179031e-04   3.6348775276955710e-04   2.5136656613912619e-04   1.4173132705110156e-04   3.4832946079358296e-05  -6.9082584563634843e-05  -1.6977457012394770e-04  -2.6700800594074291e-04  -3.6055396174772031e-04  -4.5018998005330059e-04  -5.3570047093191311e-04  -6.1687712386271896e-04  -6.9351932968284035e-04  -7.6543463551470895e-04  -8.3243925298221518e-04  -8.9435866012298171e-04  -9.5102838672800512e-04  -1.0022950752527685e-03  -1.0480180635296847e-03  -1.0880716067148356e-03  -1.1223480686796995e-03  -1.1507616650628773e-03  -1.1732523224846901e-03  -1.1897879844746930e-03  -1.2003644860829874e-03  -1.2050029028768435e-03  -1.2037454613237847e-03  -1.1966514891780375e-03  -1.1837939405934920e-03  -1.1652568783770301e-03  -1.1411336098132491e-03  -1.1115254620509894e-03  -1.0765408793479208e-03  -1.0362948612818905e-03  -9.9090852680312367e-04  -9.4050887104211534e-04  -8.8522855788457540e-04  -8.2520583574022808e-04  -7.6058444582307976e-04  -6.9151361743120484e-04  -6.1814803189842987e-04  -5.4064785198803872e-04  -4.5917870404076641e-04  -3.7391171271578200e-04  -2.8502347609391898e-04  -1.9269608214176064e-04  -9.7117062860255709e-05   1.5206220656197988e-06   1.0301867276005282e-04   2.0717350468337512e-04   3.1377637907887407e-04   4.2261350909251984e-04   5.3346624304497197e-04   6.4611121997559080e-04   7.6032060152465527e-04   8.7586227473367725e-04   9.9250013003279931e-04   1.1099943057175550e-03   1.2281015033158444e-03   1.3465752630662509e-03   1.4651663048907751e-03   1.5836228218964849e-03   1.7016908334872365e-03   1.8191144824379712e-03   1.9356363859163684e-03   2.0509979216305875e-03   2.1649395632994065e-03   2.2772011429471324e-03   2.3875221595948690e-03   2.4956420073846929e-03   2.6013002492092747e-03   2.7042368037071577e-03
   2.7132890876993224e-03   2.8099044341855497e-03   2.9030183012643505e-03   2.9923697577739750e-03   3.0776984620127586e-03   3.1587447808900711e-03   3.2352499239576070e-03   3.3069561288113416e-03   3.3736069286911374e-03   3.4349476084863553e-03   3.4907259488476667e-03   3.5406935655971049e-03   3.5846081076410853e-03   3.6222370761872106e-03   3.6533636360747438e-03   3.6777954654543081e-03   3.6953754895097347e-03   3.7059935061381595e-03   3.7095936497151863e-03   3.7061760083535074e-03   3.6957909365985912e-03   3.6785299895414703e-03   3.6545163012416896e-03   3.6238966702037828e-03   3.5868358821005103e-03   3.5435127478846752e-03   3.4941175927943606e-03   3.4388504602447158e-03   3.3779199776575097e-03   3.3115424245741074e-03   3.2399411069643363e-03   3.1633457487625122e-03   3.0819920478858498e-03   2.9961211953146724e-03   2.9059795001754570e-03   2.8118179597583569e-03   2.7138919153169355e-03   2.6124606500095744e-03   2.5077870536268235e-03   2.4001372336022206e-03   2.2897801873921651e-03   2.1769874224556924e-03   2.0620326282529129e-03   1.9451912990411419e-03   1.8267404048284042e-03   1.7069580165405985e-03   1.5861229743721389e-03   1.4645145126081351e-03   1.3424119235843730e-03   1.2200941808541729e-03   1.0978395981817112e-03   9.7592545032660813e-04   8.5462762658912710e-04   7.3422024867543707e-04   6.1497531839808310e-04   4.9716233248499732e-04   3.8104792413236853e-04   2.6689547492069604e-04   1.5496474994963565e-04   4.5511507215813653e-05  -6.1212873468015469e-05  -1.6496178276687382e-04  -2.6549375883094161e-04  -3.6257288161088176e-04  -4.5596915730671829e-04  -5.4545891541348803e-04  -6.3082520344177689e-04  -7.1185819298873318e-04  -7.8835560104112629e-04  -8.6012313159259551e-04  -9.2697497840152744e-04  -9.8873439667544597e-04  -1.0452344708184746e-03  -1.0963191238825705e-03  -1.1418446797855368e-03  -1.1816820892544052e-03  -1.2157202674105256e-03  -1.2438702712981916e-03  -1.2660698057776641e-03  -1.2822864183266759e-03  -1.2925177504881217e-03  -1.2967888566329040e-03  -1.2951474293124295e-03  -1.2876590462421991e-03  -1.2744030409920660e-03  -1.2554695903172861e-03  -1.2309576043284811e-03  -1.2009734021640310e-03  -1.1656297690809301e-03  -1.1250454075108383e-03  -1.0793445262277334e-03  -1.0286566382718451e-03  -9.7311639289837399e-04  -9.1286353328744229e-04  -8.4804284361677303e-04  -7.7880418018360818e-04  -7.0530247023504154e-04  -6.2769777016244443e-04  -5.4615528003187290e-04  -4.6084539936778806e-04  -3.7194373357881706e-04  -2.7963113057884073e-04  -1.8409365829153757e-04  -8.5522608148888221e-05   1.5885560166564163e-05   1.1992926163607387e-04   2.2640188814941837e-04   3.3509189747697222e-04   4.4578296014933941e-04   5.5825409868310097e-04   6.7227988236459525e-04   7.8763061359701596e-04   9.0407256408719483e-04   1.0213682008681224e-03   1.1392764562019532e-03   1.2575529841113862e-03   1.3759504533148188e-03   1.4942188223313845e-03   1.6121056425044986e-03   1.7293563384926892e-03   1.8457145078140656e-03   1.9609221935537684e-03   2.0747201674644728e-03   2.1868481828314530e-03   2.2970452299374252e-03   2.4050497596011799e-03   2.5105999033225215e-03   2.6134336621668262e-03
   2.6195931909494341e-03   2.7160828342207939e-03   2.8090635316125657e-03   2.8982699668864747e-03   2.9834367755539859e-03   3.0642987135947497e-03   3.1405907391586401e-03   3.2120483018786812e-03   3.2784076219429196e-03   3.3394064225109447e-03   3.3947849279928333e-03   3.4442879630686173e-03   3.4876680921252130e-03   3.5246912567479319e-03   3.5551445990113428e-03   3.5788475689978684e-03   3.5956633272901037e-03   3.6055082146284516e-03   3.6083546569551719e-03   3.6042271613762823e-03   3.5931938565159902e-03   3.5753566670329714e-03   3.5508432971312663e-03   3.5198009076176460e-03   3.4823921057793657e-03   3.4387919917346025e-03   3.3891864176666371e-03   3.3337705805042755e-03   3.2727481768028421e-03   3.2063305916012492e-03   3.1347363756474419e-03   3.0581906631499058e-03   2.9769247682652350e-03   2.8911756972518810e-03   2.8011857909118545e-03   2.7072022859638773e-03   2.6094769746349972e-03   2.5082657899356321e-03   2.4038284769696029e-03   2.2964281947641723e-03   2.1863311882679157e-03   2.0738063986836443e-03   1.9591251369337941e-03   1.8425607010454613e-03   1.7243880472809327e-03   1.6048834098020596e-03   1.4843239677616151e-03   1.3629874661512235e-03   1.2411518783246502e-03   1.1190950266424132e-03   9.9709423938563590e-04   8.7542597005062445e-04   7.5436544806683570e-04   6.3418629610240032e-04   5.1516017439409700e-04   3.9755639564759398e-04   2.8164156310877576e-04   1.6767918291235053e-04   5.5929296348437027e-05  -5.3351910169011432e-05  -1.5991247844324044e-04  -2.6350507095958237e-04  -3.6388734990873113e-04  -4.6082237107618194e-04  -5.5407896804116757e-04  -6.4343214858303736e-04  -7.2866348864250672e-04  -8.0956153718117485e-04  -8.8592223203402256e-04  -9.5754933790472571e-04  -1.0242549346685885e-03  -1.0858599804601024e-03  -1.1421950443039125e-03  -1.1931013018197946e-03  -1.2384320417094189e-03  -1.2780549384115319e-03  -1.3118554544931020e-03  -1.3397414687671891e-03  -1.3616483895127849e-03  -1.3775432988987089e-03  -1.3874257244663392e-03  -1.3913248911601932e-03  -1.3892943162578729e-03  -1.3814061799774812e-03  -1.3677465528046310e-03  -1.3484119829866353e-03  -1.3235071866461380e-03  -1.2931435793059206e-03  -1.2574383467003490e-03  -1.2165138824794435e-03  -1.1704974502127826e-03  -1.1195209996524738e-03  -1.0637210780213918e-03  -1.0032388076401369e-03  -9.3821990551904398e-04  -8.6881472871438038e-04  -7.9517833745562021e-04  -7.1747056163305950e-04  -6.3585607181296830e-04  -5.5050444049045450e-04  -4.6159019905527856e-04  -3.6929287347833720e-04  -2.7379701691802828e-04  -1.7529220808667448e-04  -7.3973042269756019e-05   2.9960910981253856e-05   1.3630515728257767e-04   2.4485036990713846e-04   3.5538248717023667e-04   4.6768285238074289e-04   5.8152835371727096e-04   6.9669160905713430e-04   8.1294114535894794e-04   9.3004162311363572e-04   1.0477540468271614e-03   1.1658360196205556e-03   1.2840419740593454e-03   1.4021234457928333e-03   1.5198293126706959e-03   1.6369060752065444e-03   1.7530980911906031e-03   1.8681478507446133e-03   1.9817961940661105e-03   2.0937825701647190e-03   2.2038452269592867e-03   2.3117214449593047e-03   2.4171476909018849e-03   2.5198598204995526e-03
   2.5232620209348368e-03   2.6195995988012536e-03   2.7124171235081915e-03   2.8014446667762073e-03   2.8864116385333453e-03   2.9670469879592245e-03   3.0430792756845058e-03   3.1142370729876200e-03   3.1802493576480245e-03   3.2408465921325959e-03   3.2957622292530860e-03   3.3447358159699593e-03   3.3875175961743517e-03   3.4238762252105756e-03   3.4536088524192978e-03   3.4765531947535343e-03   3.4925978511749622e-03   3.5016870074364905e-03   3.5038184262169438e-03   3.4990353800278592e-03   3.4874175654008776e-03   3.4690722560480535e-03   3.4441280946378282e-03   3.4127303769451531e-03   3.3750381814468895e-03   3.3312222154058108e-03   3.2814635088078995e-03   3.2259523183856297e-03   3.1648874129417831e-03   3.0984753789258627e-03   3.0269301229924970e-03   2.9504723381677221e-03   2.8693290892392504e-03   2.7837333531079236e-03   2.6939236407769124e-03   2.6001435731366094e-03   2.5026415229449906e-03   2.4016702151146330e-03   2.2974863747881836e-03   2.1903503410417155e-03   2.0805257215851516e-03   1.9682790169133959e-03   1.8538792746545119e-03   1.7375977180830058e-03   1.6197073993965711e-03   1.5004828318843123e-03   1.3801996406782409e-03   1.2591341956767351e-03   1.1375632579883233e-03   1.0157636120281628e-03   8.9401170708383994e-04   7.7258328764590717e-04   6.5175302968793422e-04   5.3179416852668733e-04   4.1297812954984908e-04   2.9557415332076206e-04   1.7984892064909692e-04   6.6066174954506653e-05  -4.5513658328915100e-05  -1.5463385193780800e-04  -2.6104176246409809e-04  -3.6448921227881314e-04  -4.6473287942751999e-04  -5.6153468183867475e-04  -6.5466217243953615e-04  -7.4388892627927166e-04  -8.2899494148609199e-04  -9.0976703488608829e-04  -9.8599926222611711e-04  -1.0574933460274377e-03  -1.1240591600295033e-03  -1.1855152780900445e-03  -1.2416896885360268e-03  -1.2924207704140336e-03  -1.3375587693429116e-03  -1.3769680948705451e-03  -1.4105308098481828e-03  -1.4381516328496251e-03  -1.4597637048161794e-03  -1.4753336598419321e-03  -1.4848630558273986e-03  -1.4883855554185363e-03  -1.4859608671661923e-03  -1.4776681517081780e-03  -1.4636005394932975e-03  -1.4438611928270077e-03  -1.4185607860064905e-03  -1.3878159077518942e-03  -1.3517481546643192e-03  -1.3104835750815276e-03  -1.2641524119552971e-03  -1.2128889528011794e-03  -1.1568315247151659e-03  -1.0961225029916409e-03  -1.0309084049371418e-03  -9.6133995786945744e-04  -8.8757222628416208e-04  -8.0976469308313963e-04  -7.2808138767270947e-04  -6.4269095418233407e-04  -5.5376676130086298e-04  -4.6148694424372758e-04  -3.6603447963474110e-04  -2.6759719085843914e-04  -1.6636778752632969e-04  -6.2543823354461081e-05   4.3672310840725797e-05   1.5207347407644419e-04   2.6244782444589715e-04   3.7457895389671875e-04   4.8824598157946571e-04   6.0322373270174634e-04   7.1928286895956502e-04   8.3619010435593438e-04   9.5370836529290676e-04   1.0715970352142851e-03   1.1896121345090036e-03   1.3075065835975548e-03   1.4250303908964377e-03   1.5419309229992816e-03   1.6579530883637067e-03   1.7728396032526835e-03   1.8863311590837379e-03   1.9981666736216693e-03   2.1080834310430764e-03   2.2158173100527354e-03   2.3211028885580251e-03   2.4236736445903658e-03
   2.4244602245171308e-03   2.5206189995825037e-03   2.6132430891312713e-03   2.7020577443926884e-03   2.7867869756560879e-03   2.8671537618960288e-03   2.9428801938062967e-03   3.0136879858955351e-03   3.0792991432347311e-03   3.1394374924792992e-03   3.1938310582140302e-03   3.2422164405068203e-03   3.2843454637177215e-03   3.3199948881513543e-03   3.3489782971453685e-03   3.3711570204790296e-03   3.3864471456438354e-03   3.3948185485189325e-03   3.3962889353533793e-03   3.3909143192457475e-03   3.3787806690189679e-03   3.3599968931238289e-03   3.3346901455567225e-03   3.3030024722584261e-03   3.2650886618265009e-03   3.2211146894854225e-03   3.1712566426962173e-03   3.1156998636113174e-03   3.0546382798744740e-03   2.9882738139322502e-03   2.9168158708366850e-03   2.8404808582617024e-03   2.7594917439459042e-03   2.6740776276978516e-03   2.5844733330249946e-03   2.4909190119105601e-03   2.3936597537703242e-03   2.2929452071965388e-03   2.1890292033654333e-03   2.0821693908852214e-03   1.9726268635732436e-03   1.8606658015375016e-03   1.7465531035165275e-03   1.6305580332812118e-03   1.5129518525419383e-03   1.3940074681663035e-03   1.2739990635013501e-03   1.1532017453291729e-03   1.0318911727860542e-03   9.1034320273099116e-04   7.8883351504580924e-04   6.6763725528828889e-04   5.4702865567859765e-04   4.2728067440245114e-04   3.0866461206568465e-04   1.9144974724226319e-04   7.5902948576249754e-05  -3.7711693549146016e-05  -1.4913325866528393e-04  -2.5810436823357037e-04  -3.6437158063787377e-04  -4.6768576704298974e-04  -5.6780250948597528e-04  -6.6448247952543963e-04  -7.5749183796312153e-04  -8.4660261741910424e-04  -9.3159312751754924e-04  -1.0122483469154927e-03  -1.0883603423386284e-03  -1.1597286932306175e-03  -1.2261609692097461e-03  -1.2874732740742298e-03  -1.3434909413209432e-03  -1.3940495044091456e-03  -1.4389961491045669e-03  -1.4781920429663446e-03  -1.5115159233454164e-03  -1.5388694315552481e-03  -1.5601835671629149e-03  -1.5754246356991231e-03  -1.5845964730224018e-03  -1.5877375053130283e-03  -1.5849140343854237e-03  -1.5762125742256644e-03  -1.5617336105345392e-03  -1.5415871199492023e-03  -1.5158898371997109e-03  -1.4847635535217532e-03  -1.4483342401176707e-03  -1.4067315246213935e-03  -1.3600885179435788e-03  -1.3085417188216748e-03  -1.2522310904810427e-03  -1.1913001173998402e-03  -1.1258959674763482e-03  -1.0561695977317643e-03  -9.8227593735886990e-04  -9.0437399823732330e-04  -8.2262704823833058e-04  -7.3720270486141561e-04  -6.4827308199840957e-04  -5.5601485090087544e-04  -4.6060935463611828e-04  -3.6224262803913299e-04  -2.6110546641772072e-04  -1.5739340439602603e-04  -5.1306742501935356e-05   5.6949522655529898e-05   1.6716571922069867e-04   2.7912761425895967e-04   3.9261647545970951e-04   5.0740922651584374e-04   6.2327854635128074e-04   7.3999306047471832e-04   8.5731746962897570e-04   9.7501276831162822e-04   1.0928363929727631e-03   1.2105424577081908e-03   1.3278819111335299e-03   1.4446027783368237e-03   1.5604503148534095e-03   1.6751672438568947e-03   1.7884938958476594e-03   1.9001684310889575e-03   2.0099269548071613e-03   2.1175037166882866e-03   2.2226311928647742e-03   2.3250402569518431e-03
   2.3233599463356089e-03   2.4193132047575995e-03   2.5117137680196228e-03   2.6002818800654379e-03   2.6847360101684625e-03   2.7647930713229560e-03   2.8401687043177254e-03   2.9105779553149865e-03   2.9757364085849706e-03   3.0353623488593830e-03   3.0891804341308632e-03   3.1369276658045221e-03   3.1783624175475158e-03   3.2132755785034173e-03   3.2415026794899008e-03   3.2629314654982118e-03   3.2775039874704428e-03   3.2852111115257970e-03   3.2860844187160903e-03   3.2801873376785734e-03   3.2676081544269981e-03   3.2484548629475030e-03   3.2228516294533459e-03   3.1909364437291868e-03   3.1528594335643529e-03   3.1087817181249112e-03   3.0588744648064798e-03   3.0033181972576794e-03   2.9423021406768529e-03   2.8760237067218023e-03   2.8046879611381939e-03   2.7285071870388287e-03   2.6477004111505990e-03   2.5624930091378414e-03   2.4731162662566118e-03   2.3798070041736699e-03   2.2828071652727126e-03   2.1823634565093391e-03   2.0787269452020719e-03   1.9721527114093984e-03   1.8628994551003731e-03   1.7512291553776458e-03   1.6374066817959076e-03   1.5216994549101678e-03   1.4043770602591371e-03   1.2857109098182045e-03   1.1659738567839206e-03   1.0454398553175518e-03   9.2438357396543820e-04   8.0308005225061764e-04   6.8180431185312844e-04   5.6083100924685981e-04   4.4043404403991458e-04   3.2088620708218846e-04   2.0245878559540143e-04   8.5421206578283580e-05  -2.9959361394723259e-05  -1.4341836937197645e-04  -2.5469428950906925e-04  -3.6352898062324125e-04  -4.6966809221205653e-04  -5.7286143341875317e-04  -6.7286337837872863e-04  -7.6943323919228678e-04  -8.6233567342872076e-04  -9.5134106155949326e-04  -1.0362259158139685e-03  -1.1167732673043333e-03  -1.1927730884794009e-03  -1.2640227121019131e-03  -1.3303273073625556e-03  -1.3915004171041342e-03  -1.4473646472363661e-03  -1.4977526298734251e-03  -1.5425084764648157e-03  -1.5814901406227494e-03  -1.6145731303481461e-03  -1.6416561675262936e-03  -1.6626683139722271e-03  -1.6775758271765349e-03  -1.6863851487892638e-03  -1.6891398999560182e-03  -1.6859133884939827e-03  -1.6767998517604448e-03  -1.6619073778359112e-03  -1.6413529040741688e-03  -1.6152592651576048e-03  -1.5837534273111589e-03  -1.5469656469624176e-03  -1.5050290115139558e-03  -1.4580793499598219e-03  -1.4062552151359042e-03  -1.3496980372635610e-03  -1.2885522463467426e-03  -1.2229654956364211e-03  -1.1530888194134154e-03  -1.0790768635942504e-03  -1.0010880377253799e-03  -9.1928472669415096e-04  -8.3383341669973838e-04  -7.4490487488393636e-04  -6.5267424108406179e-04  -5.5732116338215378e-04  -4.5902984967428504e-04  -3.5798916218150463e-04  -2.5439262079682517e-04  -1.4843844846807049e-04  -4.0329531526425277e-05   6.9726578211171423e-05   1.8151774783692570e-04   2.9482730531709290e-04   4.0943416394429648e-04   5.2511290104660701e-04   6.4163391529290827e-04   7.5876353512112620e-04   8.7626420115814599e-04   9.9389459538854700e-04   1.1114098390262938e-03   1.2285616318554163e-03   1.3450984550181203e-03   1.4607657094506572e-03   1.5753059129134587e-03   1.6884588265735491e-03   1.7999616360397904e-03   1.9095490559586474e-03   2.0169534865902990e-03   2.1219050892288100e-03   2.2241319144812961e-03
   2.2201411810509348e-03   2.3158626446855317e-03   2.4080102006877645e-03   2.4962989397917272e-03   2.5804416967777650e-03   2.6601493042433056e-03   2.7351311123728207e-03   2.8050959340400255e-03   2.8697538700637850e-03   2.9288193885735571e-03   2.9820167261315877e-03   3.0290876864214212e-03   3.0698028206835740e-03   3.1039727569978875e-03   3.1314582053517440e-03   3.1521728210166023e-03   3.1660803647090450e-03   3.1731869219589074e-03   3.1735324956986503e-03   3.1671837892905830e-03   3.1542287045925018e-03   3.1347726912276897e-03   3.1089360703233882e-03   3.0768523582633970e-03   3.0386668951849017e-03   2.9945359559494129e-03   2.9446258953671070e-03   2.8891125572845970e-03   2.8281806310642039e-03   2.7620231829333583e-03   2.6908411106189530e-03   2.6148427324457278e-03   2.5342432973571166e-03   2.4492646050574720e-03   2.3601345498548169e-03   2.2670867636209549e-03   2.1703601807433453e-03   2.0701986924718668e-03   1.9668507303272640e-03   1.8605689298085990e-03   1.7516097223016633e-03   1.6402330019841039e-03   1.5267017256650633e-03   1.4112815824496899e-03   1.2942405972175500e-03   1.1758487988681142e-03   1.0563778247953271e-03   9.3610058677808287e-04   8.1529087529188897e-04   6.9422302191211589e-04   5.7317150200198396e-04   4.5241059265857303e-04   3.3221397288736576e-04   2.1285437660960391e-04   9.4603189971099468e-05  -2.2269900822380014e-05  -1.3749731496646338e-04  -2.5081393431516366e-04  -3.6195751104370485e-04  -4.7066902957150210e-04  -5.7669311602368207e-04  -6.7977840482243005e-04  -7.7967794970854813e-04  -8.7614959357536193e-04  -9.6895637918131957e-04  -1.0578669230888464e-03  -1.1426558301087888e-03  -1.2231040761473046e-03  -1.2989994333182254e-03  -1.3701368838174239e-03  -1.4363190995829449e-03  -1.4973569713550268e-03  -1.5530703033823845e-03  -1.6032887702043469e-03  -1.6478533966168254e-03  -1.6866189569732289e-03  -1.7194578596565454e-03  -1.7462661167430365e-03  -1.7669711838481403e-03  -1.7815396749609014e-03  -1.7899811171580822e-03  -1.7923448362465969e-03  -1.7887115865702671e-03  -1.7791836724848817e-03  -1.7638769702307175e-03  -1.7429154540302481e-03  -1.7164280230055878e-03  -1.6845467252973108e-03  -1.6474059537397012e-03  -1.6051420878725022e-03  -1.5578934840954507e-03  -1.5058005603943595e-03  -1.4490060186372069e-03  -1.3876550511605613e-03  -1.3218956155854620e-03  -1.2518786598425442e-03  -1.1777583899838546e-03  -1.0996924772600650e-03  -1.0178422958460234e-03  -9.3237309777489692e-04  -8.4345421006467778e-04  -7.5125916774352024e-04  -6.5596586955599578e-04  -5.5775666490956433e-04  -4.5681845845821605e-04  -3.5334275452459372e-04  -2.4752571649708721e-04  -1.3956816328801480e-04  -2.9675580114045508e-05   8.1941926925658821e-05   1.9506966129624495e-04   3.0948841943904059e-04   4.2497455894407402e-04   5.4130011439740603e-04   6.5823289556006634e-04   7.7553662699991494e-04   8.9297106726618958e-04   1.0102921627496212e-03   1.1272521781029296e-03   1.2435998538894422e-03   1.3590805378582073e-03   1.4734363356287063e-03   1.5864062325428331e-03   1.6977262273151731e-03   1.8071294353745363e-03   1.9143461969717834e-03   2.0191041548649528e-03   2.1211283314902557e-03
   2.1149920673017644e-03   2.2104563202923950e-03   2.3023224662892788e-03   2.3903003378944339e-03   2.4740971093591803e-03   2.5534176482513229e-03   2.6279653672198781e-03   2.6974436136391446e-03   2.7615584739879243e-03   2.8200231150905457e-03   2.8725652361672885e-03   2.9189366435517323e-03   2.9589254888102707e-03   2.9923659822325621e-03   3.0191441694851222e-03   3.0391961731187551e-03   3.0525019599765770e-03   3.0590773239388171e-03   3.0589664155699497e-03   3.0522362932327678e-03   3.0389727510406741e-03   3.0192777321870995e-03   2.9932672743703051e-03   2.9610702585707053e-03   2.9228272572231805e-03   2.8786897988798913e-03   2.8288195794986381e-03   2.7733879283821251e-03   2.7125751791142565e-03   2.6465702235066086e-03   2.5755699650709036e-03   2.4997789193002234e-03   2.4194087156133590e-03   2.3346777268889534e-03   2.2458106050370660e-03   2.1530379262905052e-03   2.0565957521009523e-03   1.9567252881257293e-03   1.8536724592876450e-03   1.7476875748614045e-03   1.6390249171632527e-03   1.5279424116268858e-03   1.4147012218897938e-03   1.2995654195399847e-03   1.1828015836498407e-03   1.0646784698777852e-03   9.4546661238971398e-04   8.2543798987237259e-04   7.0486562745262517e-04   5.8402325826378419e-04   4.6318492429088640e-04   3.4262463280242139e-04   2.2261595539275960e-04   1.0343167884419686e-04  -1.4656598086480667e-05  -1.3137881939592061e-04  -2.4646687746276790e-04  -3.5965497310674974e-04  -4.7068002359590649e-04  -5.7928202761288580e-04  -6.8520447484561446e-04  -7.8819471461435075e-04  -8.8800436574763505e-04  -9.8438968930727186e-04  -1.0771119997794545e-03  -1.1659380418852267e-03  -1.2506404016960782e-03  -1.3309978923538297e-03  -1.4067959779930648e-03  -1.4778271895676202e-03  -1.5438916016520593e-03  -1.6047973658961717e-03  -1.6603614066809137e-03  -1.7104103925404466e-03  -1.7547822455789574e-03  -1.7933286206836257e-03  -1.8259189717565482e-03  -1.8524469013434276e-03  -1.8728386868367432e-03  -1.8870618802318312e-03  -1.8951297208282423e-03  -1.8970978356235809e-03  -1.8930548966407830e-03  -1.8831115592322237e-03  -1.8673916090610025e-03  -1.8460260337829159e-03  -1.8191496858635586e-03  -1.7868995193920860e-03  -1.7494138581701125e-03  -1.7068321485543500e-03  -1.6592950472947272e-03  -1.6069446108398157e-03  -1.5499245963836907e-03  -1.4883807514028363e-03  -1.4224611463501053e-03  -1.3523164645136009e-03  -1.2781003117628828e-03  -1.1999694755602964e-03  -1.1180841946040617e-03  -1.0326083752057078e-03  -9.4370981469524501e-04  -8.5156037320546340e-04  -7.5633614384850898e-04  -6.5821757887083766e-04  -5.5738961315229482e-04  -4.5404173969634842e-04  -3.4836808112108668e-04  -2.4056742229762191e-04  -1.3084323709870401e-04  -1.9403677809846529e-05   9.3538442764950027e-05   2.0776569948284583e-04   3.2305610984850351e-04   4.3918321230454233e-04   5.5591615164911627e-04   6.7301977979537450e-04   7.9025476336813238e-04   9.0737769755428908e-04   1.0241412262746510e-03   1.1402941588746294e-03   1.2555815928438152e-03   1.3697450227613697e-03   1.4825224556482819e-03   1.5936485016898498e-03   1.7028544732219243e-03   1.8098684484524415e-03   1.9144153492727536e-03   2.0162169756063777e-03
   2.0081091571983443e-03   2.1032920861325534e-03   2.1948499706923846e-03   2.2824873501100327e-03   2.3659058110031797e-03   2.4448045327185417e-03   2.5188816221131181e-03   2.5878361889865799e-03   2.6513724408094349e-03   2.7092056368929760e-03   2.7610716099692005e-03   2.8067374616068575e-03   2.8460129922672980e-03   2.8787570330703872e-03   2.9048782379382885e-03   2.9243300832169222e-03   2.9371033212437954e-03   2.9432189650528428e-03   2.9427222629679951e-03   2.9356787289574445e-03   2.9221710231689358e-03   2.9022970752562395e-03   2.8761684670224031e-03   2.8439094438377321e-03   2.8056559169299059e-03   2.7615548184986762e-03   2.7117633637393779e-03   2.6564485478563454e-03   2.5957865319325120e-03   2.5299622088168468e-03   2.4591686588736825e-03   2.3836067549856954e-03   2.3034846651364990e-03   2.2190174816099704e-03   2.1304267554105791e-03   2.0379401451545986e-03   1.9417909730079759e-03   1.8422178833164113e-03   1.7394644176460564e-03   1.6337786817265778e-03   1.5254129300638682e-03   1.4146232351144312e-03   1.3016690805789772e-03   1.1868130324844373e-03   1.0703203369055296e-03   9.5245858885135266e-04   8.3349733157499402e-04   7.1370772230327443e-04   5.9336213186645423e-04   4.7273380620071418e-04   3.5209646477367016e-04   2.3172395694807555e-04   1.1188985826231864e-04  -7.1328787488655291e-06  -1.2507233079224911e-04  -2.4165795865701721e-04  -3.5662101587129787e-04  -4.6969490896198456e-04  -5.8061560792623565e-04  -6.8912201127957593e-04  -7.9495635792309598e-04  -8.9786459683836709e-04  -9.9759680011049490e-04  -1.0939075354717753e-03  -1.1865562783296179e-03  -1.2753077878659455e-03  -1.3599325226508292e-03  -1.4402070247234993e-03  -1.5159143454485380e-03  -1.5868444603128226e-03  -1.6527947516824500e-03  -1.7135705416598749e-03  -1.7689858038103671e-03  -1.8188641502399217e-03  -1.8630404004677241e-03  -1.9013631590587591e-03  -1.9336991224292225e-03  -1.9599398497580872e-03  -1.9800110103527476e-03  -1.9938818481579374e-03  -2.0015700970266864e-03  -2.0031383901278317e-03  -1.9986837747258245e-03  -1.9883254886646972e-03  -1.9721952408856772e-03  -1.9504309119759064e-03  -1.9231730965521675e-03  -1.8905634008364708e-03  -1.8527438047358604e-03  -1.8098565447941357e-03  -1.7620443074863039e-03  -1.7094505299800808e-03  -1.6522197824066099e-03  -1.5904981427309021e-03  -1.5244335880364153e-03  -1.4541763496947438e-03  -1.3798792656257151e-03  -1.3016980911404309e-03  -1.2197917993006565e-03  -1.1343228423809134e-03  -1.0454573971876279e-03  -9.5336557400802001e-04  -8.5822161141080777e-04  -7.6020403282536699e-04  -6.5949578489571869e-04  -5.5628434882612433e-04  -4.5076183046749733e-04  -3.4312502291995126e-04  -2.3357544666640013e-04  -1.2231937113598009e-04  -9.5678130665556365e-06   1.0446347842139609e-04   2.1955406154982866e-04   3.3547884742712473e-04   4.5200817037054520e-04   5.6890785545872036e-04   6.8593931103775089e-04   8.0285960895900709e-04   9.1942159029751022e-04   1.0353739480513818e-03   1.1504613365049216e-03   1.2644244456714419e-03   1.3770001048887860e-03   1.4879213388194613e-03   1.5969174575267194e-03   1.7037140858597447e-03   1.8080332361362081e-03   1.9095933085388483e-03
   1.8996976283729291e-03   1.9945768755752881e-03   2.0858017082072220e-03   2.1730714115862203e-03   2.2560821964093436e-03   2.3345280716707416e-03   2.4081028480199308e-03   2.4765031967218252e-03   2.5394343655691992e-03   2.5966178935478588e-03   2.6478026719977295e-03   2.6927754125893287e-03   2.7313692094980786e-03   2.7634656077708277e-03   2.7889913078333094e-03   2.8079117660932879e-03   2.8202239805852703e-03   2.8259509118492561e-03   2.8251368878698434e-03   2.8178447331718278e-03   2.8041534208071484e-03   2.7841566545323362e-03   2.7579615539589427e-03   2.7256878261180924e-03   2.6874668781842539e-03   2.6434412244010714e-03   2.5937637892826685e-03   2.5385974200639694e-03   2.4781142896312300e-03   2.4124954651398222e-03   2.3419303725954340e-03   2.2666164011723444e-03   2.1867584089104624e-03   2.1025683525215237e-03   2.0142648240569628e-03   1.9220726952481268e-03   1.8262226782705740e-03   1.7269509832581532e-03   1.6244988929648555e-03   1.5191124260067203e-03   1.4110419247918347e-03   1.3005417235514545e-03   1.1878697425872348e-03   1.0732871557294623e-03   9.5705798877847607e-04   8.3944878602130969e-04   7.2072821083821236e-04   6.0116670887806799e-04   4.8103610840153613e-04   3.6060927874628692e-04   2.4015972929127341e-04   1.1996126256515085e-04   2.8757109557086408e-07  -1.1858811519305582e-04  -2.3639343468409828e-04  -3.5285725229200580e-04  -4.6771006784390430e-04  -5.8068437953402870e-04  -6.9151509490375821e-04  -7.9993989894034322e-04  -9.0569966677817775e-04  -1.0085388348996895e-03  -1.1082058141812289e-03  -1.2044533645036567e-03  -1.2970390094474624e-03  -1.3857254138974558e-03  -1.4702807987516736e-03  -1.5504793264281588e-03  -1.6261015301847815e-03  -1.6969347294604265e-03  -1.7627735176325261e-03  -1.8234203022443041e-03  -1.8786860353970630e-03  -1.9283912331290133e-03  -1.9723676215334454e-03  -2.0104608550557766e-03  -2.0425351172689158e-03  -2.0684803841015905e-03  -2.0882224435949245e-03  -2.1017331555455549e-03  -2.1090357245962151e-03  -2.1102005515267678e-03  -2.1053335159130142e-03  -2.0945625669991919e-03  -2.0780272398236385e-03  -2.0558720658510358e-03  -2.0282430698592298e-03  -1.9952861694120735e-03  -1.9571466585974451e-03  -1.9139692335731694e-03  -1.8658982995001026e-03  -1.8130783849664941e-03  -1.7556546078795680e-03  -1.6937731344904713e-03  -1.6275816304342635e-03  -1.5572296791530808e-03  -1.4828691775769470e-03  -1.4046546962308639e-03  -1.3227438133809038e-03  -1.2372974146458871e-03  -1.1484799672237716e-03  -1.0564597635825759e-03  -9.6140913392257440e-04  -8.6350463777865071e-04  -7.6292722472379984e-04  -6.5986237162214516e-04  -5.5450018883533786e-04  -4.4703551332350673e-04  -3.3766796892477103e-04  -2.2660201601774947e-04  -1.1404696678087186e-04  -2.1699787058215717e-07   1.1466887150842430e-04   2.3038679621820071e-04   3.4670815784900800e-04   4.6339960306597517e-04   5.8022311919796437e-04   6.9693608513897920e-04   8.1329136085661743e-04   9.2903734078666263e-04   1.0439180478943781e-03   1.1576731790653879e-03   1.2700381945890387e-03   1.3807443451766522e-03   1.4895187493327946e-03   1.5960843943560983e-03   1.7001602015336507e-03   1.8014610053279844e-03
   1.7899714786202814e-03   1.8845269132178911e-03   1.9753964804890339e-03   2.0622743773284912e-03   2.1448518439831287e-03   2.2228185430751609e-03   2.2958654904679495e-03   2.3636894134040397e-03   2.4260002619604687e-03   2.4825304380098738e-03   2.5330461893461899e-03   2.5773560853222886e-03   2.6153154058957215e-03   2.6468243956594495e-03   2.6718227087441787e-03   2.6902831195886670e-03   2.7022054760919272e-03   2.7076124960623621e-03   2.7065463447385244e-03   2.6990665306238660e-03   2.6852480946721723e-03   2.6651804874675070e-03   2.6389664598598988e-03   2.6067213354015826e-03   2.5685722007217724e-03   2.5246573451852754e-03   2.4751255958468162e-03   2.4201358397565884e-03   2.3598564415045660e-03   2.2944648148293962e-03   2.2241468945640051e-03   2.1490967409378437e-03   2.0695160518824701e-03   1.9856137895663097e-03   1.8976057214229469e-03   1.8057140656440331e-03   1.7101670521944504e-03   1.6111985778198808e-03   1.5090477848862997e-03   1.4039587246905791e-03   1.2961799451453137e-03   1.1859641561972063e-03   1.0735678253702896e-03   9.5925084497077546e-04   8.4327613144861730e-04   7.2590929027123083e-04   6.0741821622902381e-04   4.8807275492938939e-04   3.6814430280631739e-04   2.4790546416980186e-04   1.2762964944623267e-04   7.5907268814955596e-06  -1.1193738188040717e-04  -2.3068105581102523e-04  -3.4836738188714108e-04  -4.6472451486571312e-04  -5.7948208745729778e-04  -6.9237157549571391e-04  -8.0312671018068762e-04  -9.1148384785109688e-04  -1.0171823837952798e-03  -1.1199651263963854e-03  -1.2195787122053921e-03  -1.3157739823620015e-03  -1.4083063965000713e-03  -1.4969364122427446e-03  -1.5814299032525891e-03  -1.6615585464633403e-03  -1.7371002516143835e-03  -1.8078395818700548e-03  -1.8735682479277835e-03  -1.9340856603133087e-03  -1.9891996849659113e-03  -2.0387277127191859e-03  -2.0824984039806813e-03  -2.1203546016838300e-03  -2.1521582836021907e-03  -2.1777984262286209e-03  -2.1972018178371116e-03  -2.2103440803989969e-03  -2.2172550057717095e-03  -2.2180135968386623e-03  -2.2127349634808971e-03  -2.2015557779839416e-03  -2.1846231689965764e-03  -2.1620879458442068e-03  -2.1341011465739685e-03  -2.1008125700818447e-03  -2.0623704183168222e-03  -2.0189214627109680e-03  -1.9706114798303952e-03  -1.9175857695870489e-03  -1.8599897133789939e-03  -1.7979693067880929e-03  -1.7316716770853034e-03  -1.6612455551934140e-03  -1.5868417212129488e-03  -1.5086134052678672e-03  -1.4267166598542467e-03  -1.3413106941616874e-03  -1.2525581777804050e-03  -1.1606255118804050e-03  -1.0656830740757093e-03  -9.6790543060176271e-04  -8.6747151996482378e-04  -7.6456481649526779e-04  -6.5937346301465970e-04  -5.5209038381575748e-04  -4.4291336622753264e-04  -3.3204513207553074e-04  -2.1969337705807286e-04  -1.0607080568142324e-04   8.6048676657720768e-06   1.2411091424123738e-04   2.4021962076208568e-04   3.5669830687205372e-04   4.7330937776248372e-04   5.8981035448549116e-04   7.0595394084867484e-04   8.2148805658089101e-04   9.3615590940963238e-04   1.0496960205672663e-03   1.1618422933558827e-03   1.2723240214056013e-03   1.3808659480175108e-03   1.4871882517761921e-03   1.5910065997482409e-03   1.6920321189690672e-03
   1.6791536661582877e-03   1.7733678703842082e-03   1.8638631057481100e-03   1.9503287938621575e-03   2.0324518686395190e-03   2.1099188952798933e-03   2.1824201904165810e-03   2.2496557152616010e-03   2.3113442646024896e-03   2.3672333402730956e-03   2.4171091825284214e-03   2.4608018601756983e-03   2.4981855339802372e-03   2.5291742998771564e-03   2.5537161559223464e-03   2.5717876341547399e-03   2.5833891066492937e-03   2.5885416862861900e-03   2.5872846771439195e-03   2.5796739824512612e-03   2.5657806619162650e-03   2.5456899959372830e-03   2.5195005192740292e-03   2.4873233563795730e-03   2.4492814703124745e-03   2.4055091226347796e-03   2.3561512354658451e-03   2.3013629199411662e-03   2.2413089087293353e-03   2.1761631285530021e-03   2.1061081820871914e-03   2.0313349522909151e-03   1.9520421195291188e-03   1.8684357901161007e-03   1.7807290410515716e-03   1.6891415629104350e-03   1.5938992262097636e-03   1.4952337375302026e-03   1.3933822181792987e-03   1.2885868660680660e-03   1.1810945460730877e-03   1.0711564568292402e-03   9.5902772622339825e-04   8.4496707765385846e-04   7.2923642848939530e-04   6.1210055535202974e-04   4.9382669364821075e-04   3.7468419949146742e-04   2.5494414793141690e-04   1.3487899011463606e-04   1.4762149135875936e-05  -1.0513232819125084e-04  -2.2453017852985531e-04  -3.4315727593494381e-04  -4.6074004245216988e-04  -5.7700580754272985e-04  -6.9168322210843550e-04  -8.0450262293035207e-04  -9.1519644993740738e-04  -1.0234996149366263e-03  -1.1291499211008246e-03  -1.2318884341932291e-03  -1.3314599027746772e-03  -1.4276131322032903e-03  -1.5201014071396710e-03  -1.6086828677052253e-03  -1.6931209326270858e-03  -1.7731846833394010e-03  -1.8486493051741455e-03  -1.9192965045840707e-03  -1.9849150203178805e-03  -2.0453011854515489e-03  -2.1002597267290170e-03  -2.1496048905416567e-03  -2.1931623327234276e-03  -2.2307722639510440e-03  -2.2622948629064748e-03  -2.2876188150299029e-03  -2.3066730079668888e-03  -2.3194381616498758e-03  -2.3259519263001665e-03  -2.3263027568834532e-03  -2.3206152910347690e-03  -2.3090347975200844e-03  -2.2917156028500231e-03  -2.2688142954096109e-03  -2.2404863941939265e-03  -2.2068850716347190e-03  -2.1681609625652295e-03  -2.1244624866922760e-03  -2.0759364057132096e-03  -2.0227284491181417e-03  -1.9649839561794013e-03  -1.9028484832426503e-03  -1.8364683811619154e-03  -1.7659913211709854e-03  -1.6915667853994512e-03  -1.6133465084203753e-03  -1.5314848863437894e-03  -1.4461393412776552e-03  -1.3574706582090933e-03  -1.2656432829729080e-03  -1.1708255898688238e-03  -1.0731901212987680e-03  -9.7291379925526229e-04  -8.7017810662065381e-04  -7.6516924207285493e-04  -6.5807825523004270e-04  -5.4910115465705992e-04  -4.3843899829618463e-04  -3.2629795616523078e-04  -2.1288936309798989e-04  -9.8429744264017958e-05   1.6859162042124004e-05   1.3275040968270036e-04   2.4901184445829901e-04   3.6540613260223538e-04   4.8169077422543019e-04   5.9761814630268314e-04   7.1293552003183437e-04   8.2738510931787597e-04   9.4070408201858983e-04   1.0526246055979883e-03   1.1628738431909891e-03   1.2711739915898916e-03   1.3772422593440218e-03   1.4807909073304025e-03   1.5815272316986771e-03
   1.5674762439889937e-03   1.6613350269416845e-03   1.7514405991938475e-03   1.8374781483033052e-03   1.9191313133840482e-03   1.9960853049793936e-03   2.0680324605661729e-03   2.1346796801623197e-03   2.1957586138872448e-03   2.2510347891942254e-03   2.3003147616725140e-03   2.3434474535223753e-03   2.3803215108074535e-03   2.4108603053375256e-03   2.4350165451513012e-03   2.4527680457013938e-03   2.4641142285085314e-03   2.4690738219406371e-03   2.4676829315639316e-03   2.4599937779683735e-03   2.4460735098715035e-03   2.4260033835135468e-03   2.3998779023033752e-03   2.3678041891035009e-03   2.3299012845763960e-03   2.2862996173657031e-03   2.2371403937519701e-03   2.1825751274249464e-03   2.1227650898830480e-03   2.0578808819360071e-03   1.9881019281784299e-03   1.9136160788151809e-03   1.8346191385906997e-03   1.7513144903511897e-03   1.6639126487422112e-03   1.5726309026725480e-03   1.4776928862482999e-03   1.3793282309224704e-03   1.2777721517635249e-03   1.1732651082194663e-03   1.0660523973308983e-03   9.5638381677782896e-04   8.4451326406094246e-04   7.3069840151308537e-04   6.1520025769523645e-04   4.9828289023749967e-04   3.8021298661395075e-04   2.6125952368435523e-04   1.4169336669653363e-04   2.1786924474881397e-05  -9.8186254724175670e-05  -2.1795183326070271e-04  -3.3723509220828134e-04  -4.5576128696457282e-04  -5.7325605951011045e-04  -6.8944579953531492e-04  -8.0405806056816232e-04  -9.1682192610549856e-04  -1.0274684287690503e-03  -1.1357309204642800e-03  -1.2413454939849827e-03  -1.3440513568550871e-03  -1.4435912550392455e-03  -1.5397118480545741e-03  -1.6321641322053512e-03  -1.7207038180143798e-03  -1.8050917594891827e-03  -1.8850943393824472e-03  -1.9604839140971325e-03  -2.0310392381008902e-03  -2.0965459897191513e-03  -2.1567973541097300e-03  -2.2115948721574234e-03  -2.2607496528250530e-03  -2.3040844381152959e-03  -2.3414370612903686e-03  -2.3726664114450597e-03  -2.3976617788576148e-03  -2.4163554653321762e-03  -2.4287348383014141e-03  -2.4348467888589366e-03  -2.4347900189045199e-03  -2.4286988632302572e-03  -2.4167268694082521e-03  -2.3990350116961088e-03  -2.3757850161791449e-03  -2.3471362525685317e-03  -2.3132446767604874e-03  -2.2742628283595099e-03  -2.2303403034762228e-03  -2.1816244357947163e-03  -2.1282610190144651e-03  -2.0703950322628027e-03  -2.0081713125008442e-03  -1.9417351917842196e-03  -1.8712330694585569e-03  -1.7968129486003750e-03  -1.7186249124187874e-03  -1.6368215698401238e-03  -1.5515584497307242e-03  -1.4629943669845029e-03  -1.3712917437166353e-03  -1.2766169101961675e-03  -1.1791403604840889e-03  -1.0790369887868404e-03  -9.7648629263589169e-04  -8.7167255652202680e-04  -7.6478500175040053e-04  -6.5601791848027128e-04  -5.4557077232556634e-04  -4.3364829428966162e-04  -3.2046054927653903e-04  -2.0622298796138636e-04  -9.1156483265178966e-05   2.4512648406314072e-05   1.4055263442492270e-04   2.5672624737949415e-04   3.7279080736077439e-04   4.8849819770070192e-04   6.0359487277910826e-04   7.1782187920880580e-04   8.3091485951848219e-04   9.4260407099705935e-04   1.0526143781595470e-03   1.1606652675641483e-03   1.2664708322357998e-03   1.3697398008174417e-03   1.4701755514099561e-03
   1.4551804429323478e-03   1.5486733783211131e-03   1.6383783620616949e-03   1.7239771596834427e-03   1.8051515447065861e-03   1.8815876870541728e-03   1.9529831803181135e-03   2.0190555936504596e-03   2.0795524757965238e-03   2.1342582726896478e-03   2.1829979270972149e-03   2.2256352583633161e-03   2.2620690190353681e-03   2.2922281536569521e-03   2.3160674948802776e-03   2.3335645518953105e-03   2.3447169332696189e-03   2.3495405913323006e-03   2.3480683244021848e-03   2.3403487220193578e-03   2.3264451604862852e-03   2.3064350519219545e-03   2.2804090670224745e-03   2.2484705281394920e-03   2.2107347521685408e-03   2.1673285250338116e-03   2.1183895195188637e-03   2.0640658239770558e-03   2.0045154131930194e-03   1.9399057165567220e-03   1.8704131288301753e-03   1.7962226088087349e-03   1.7175272193145242e-03   1.6345277497692588e-03   1.5474322794970673e-03   1.4564558148857125e-03   1.3618198707361201e-03   1.2637521209950249e-03   1.1624859896669788e-03   1.0582603075528394e-03   9.5131891226039606e-04   8.4191031019312744e-04   7.3028727954454087e-04   6.1670653198883294e-04   5.0142831653646484e-04   3.8471608040877025e-04   2.6683607206688225e-04   1.4805699889639291e-04   2.8649627150604184e-05  -9.1113564992990415e-05  -2.1095879155579229e-04  -3.3061131094352806e-04  -4.4979583468834905e-04  -5.6823688511648538e-04  -6.8565920893801557e-04  -8.0178814013542193e-04  -9.1635001828221918e-04  -1.0290725560515306e-03  -1.1396852619377186e-03  -1.2479198115291684e-03  -1.3535104734223500e-03  -1.4561944822181242e-03  -1.5557124659971878e-03  -1.6518088213804617e-03  -1.7442321445013519e-03  -1.8327356075454140e-03  -1.9170773919484172e-03  -1.9970210741041563e-03  -2.0723360828026794e-03  -2.1427981260700663e-03  -2.2081897396877379e-03  -2.2683008966947180e-03  -2.3229299238939705e-03  -2.3718848235593634e-03  -2.4149855697901739e-03  -2.4520679566219688e-03  -2.4829902462046366e-03  -2.5076434423035301e-03  -2.5259648277881400e-03  -2.5379501745550473e-03  -2.5436570248539465e-03  -2.5431950247420858e-03  -2.5367081615048923e-03  -2.5243577520268944e-03  -2.5063106921444133e-03  -2.4827330802218430e-03  -2.4537874089423928e-03  -2.4196317625215327e-03  -2.3804200068913016e-03  -2.3363024106162439e-03  -2.2874264408760904e-03  -2.2339375755021330e-03  -2.1759801036581746e-03  -2.1136978572314103e-03  -2.0472349025450068e-03  -1.9767361543585119e-03  -1.9023479548486925e-03  -1.8242185812843441e-03  -1.7424987281317351e-03  -1.6573419236785257e-03  -1.5689049308146622e-03  -1.4773480880591807e-03  -1.3828356357868581e-03  -1.2855359932558536e-03  -1.1856220258690039e-03  -1.0832712597204364e-03  -9.7866609121673555e-04  -8.7199395279372158e-04  -7.6344747538624632e-04  -6.5322460702631148e-04  -5.4152873024640967e-04  -4.2856874081934786e-04  -3.1455912850371468e-04  -1.9972002344765378e-04  -8.4277246671982759e-05   3.1537668901024732e-05   1.4748745063124106e-04   2.6332908213992949e-04   3.7881378942786800e-04   4.9368704489067530e-04   6.0768855853582588e-04   7.2055228155568215e-04   8.3200639554086367e-04   9.4177331078371508e-04   1.0495696543173527e-03   1.1551062737217904e-03   1.2580882566579710e-03   1.3582150086143769e-03
   1.3425167629167415e-03   1.4356377725541418e-03   1.5249363535143879e-03   1.6100920316698465e-03   1.6907866308698443e-03   1.7667100676256701e-03   1.8375685655204717e-03   1.9030934289326709e-03   1.9630494221006605e-03   2.0172386335342365e-03   2.0655010039321575e-03   2.1077110860491044e-03   2.1437740632065027e-03   2.1736217713236678e-03   2.1972094750906355e-03   2.2145134314939460e-03   2.2255289878558189e-03   2.2302691742612257e-03   2.2287635134118780e-03   2.2210570883608527e-03   2.2072096790075888e-03   2.1872950471603912e-03   2.1614002336632319e-03   2.1296249574499250e-03   2.0920810052789968e-03   2.0488917021214683e-03   2.0001913631776717e-03   1.9461248151641753e-03   1.8868468941330260e-03   1.8225220058055681e-03   1.7533236583553119e-03   1.6794340524631662e-03   1.6010436420966039e-03   1.5183507465403312e-03   1.4315611309270128e-03   1.3408876375326890e-03   1.2465497796283660e-03   1.1487733829199424e-03   1.0477901911473426e-03   9.4383751670239257e-04   8.3715785022535566e-04   7.2799851391445601e-04   6.1661127424450317e-04   5.0325199765019783e-04   3.8818026296278806e-04   2.7165901530631659e-04   1.5395417551611096e-04   3.5334291038718120e-05  -8.3929858677862920e-05  -2.0356561532405577e-04  -3.2329884159777093e-04  -4.4285427924821452e-04  -5.6195595488358350e-04  -6.8032754319365119e-04  -7.9769277877274412e-04  -9.1377582437774253e-04  -1.0283016883320759e-03  -1.1409965971502997e-03  -1.2515884175265039e-03  -1.3598070321536439e-03  -1.4653847656241376e-03  -1.5680567629940390e-03  -1.6675614192289542e-03  -1.7636407578260353e-03  -1.8560408612060210e-03  -1.9445122510221386e-03  -2.0288103278442229e-03  -2.1086957606407846e-03  -2.1839349499469833e-03  -2.2543004680656946e-03  -2.3195716319218181e-03  -2.3795351509055241e-03  -2.4339861286733237e-03  -2.4827295315097038e-03  -2.5255827777440672e-03  -2.5623800799467475e-03  -2.5929799272747167e-03  -2.6172764027787869e-03  -2.6352136254424695e-03  -2.6467976713991179e-03  -2.6520981225273211e-03  -2.6512360451384346e-03  -2.6443647918715568e-03  -2.6316527162261886e-03  -2.6132717461353669e-03  -2.5893914716396955e-03  -2.5601767001664560e-03  -2.5257869356874944e-03  -2.4863767538898518e-03  -2.4420965676380689e-03  -2.3930935215478234e-03  -2.3395123877822726e-03  -2.2814964283247581e-03  -2.2191881820832825e-03  -2.1527302006035310e-03  -2.0822657027419708e-03  -2.0079391884755974e-03  -1.9298969783397030e-03  -1.8482877242727738e-03  -1.7632628545020776e-03  -1.6749769978967384e-03  -1.5835883477495743e-03  -1.4892590173391142e-03  -1.3921553323308772e-03  -1.2924481202235337e-03  -1.1903129464169630e-03  -1.0859303504768231e-03  -9.7948602543694780e-04  -8.7117100286947626e-04  -7.6118178605067820e-04  -6.4972049372208373e-04  -5.3699495206252750e-04  -4.2321880127718875e-04  -3.0861155209313020e-04  -1.9339866272883731e-04  -7.7811567682137305e-05   3.7912266867747707e-05   1.5352933402988135e-04   2.6879004385418914e-04   3.8343872573389241e-04   4.9721359034992924e-04   6.0984673631042923e-04   7.2106411028454885e-04   8.3058551762276974e-04   9.3812458751666187e-04   1.0433888123680946e-03   1.1460795693147589e-03   1.2458922944227945e-03
   1.2297450120133872e-03   1.3224929784258078e-03   1.4113852601945493e-03   1.4961007139110180e-03   1.5763235577369828e-03   1.6517504789057913e-03   1.7220992621113679e-03   1.7871165791597517e-03   1.8465837258520271e-03   1.9003176129744766e-03   1.9481693477652428e-03   1.9900206089545846e-03   2.0257802797132964e-03   2.0553813085535072e-03   2.0787783641196640e-03   2.0959459456118597e-03   2.1068769526132523e-03   2.1115814988944648e-03   2.1100859415810478e-03   2.1024320225730250e-03   2.0886761157884481e-03   2.0688885309725685e-03   2.0431528771634152e-03   2.0115654610751918e-03   1.9742347237031834e-03   1.9312807032035675e-03   1.8828345237523508e-03   1.8290379068971758e-03   1.7700427004512780e-03   1.7060104274412850e-03   1.6371118462129206e-03   1.5635265293750234e-03   1.4854424467393239e-03   1.4030555681084596e-03   1.3165694644906873e-03   1.2261949257402311e-03   1.1321495754532524e-03   1.0346575025023592e-03   9.3394888197830157e-04   8.3025961294743160e-04   7.2383094517661640e-04   6.1490912244450881e-04   5.0374500942674139e-04   3.9059373491266030e-04   2.7571431682679845e-04   1.5936930476442878e-04   4.1824401712555782e-05  -7.6651896460733400e-05  -1.9578868468725363e-04  -3.1531301373062233e-04  -4.3495028011355055e-04  -5.5442459627110994e-04  -6.7345918711955244e-04  -7.9177676551765090e-04  -9.0909993553536512e-04  -1.0251515728794719e-03  -1.1396552345563720e-03  -1.2523355435627593e-03  -1.3629186044264842e-03  -1.4711323911877571e-03  -1.5767071673698440e-03  -1.6793758750061945e-03  -1.7788745572616248e-03  -1.8749427490735396e-03  -1.9673239048496223e-03  -2.0557657906274816e-03  -2.1400209166099059e-03  -2.2198469421989032e-03  -2.2950071429088596e-03  -2.3652708730367029e-03  -2.4304141597033162e-03  -2.4902204163766649e-03  -2.5444815396401086e-03  -2.5929995863211018e-03  -2.6355897182801786e-03  -2.6720851886794009e-03  -2.7023457996654737e-03  -2.7262704063864937e-03  -2.7438120816098725e-03  -2.7549892157949507e-03  -2.7598846506715572e-03  -2.7586310511335901e-03  -2.7513905561899355e-03  -2.7383375940116528e-03  -2.7196480921488687e-03  -2.6954941508250630e-03  -2.6660420277015663e-03  -2.6314518957713542e-03  -2.5918784022167514e-03  -2.5474715583732183e-03  -2.4983777230410120e-03  -2.4447405662108876e-03  -2.3867019850912254e-03  -2.3244029362166525e-03  -2.2579842099832784e-03  -2.1875871192504671e-03  -2.1133541442800736e-03  -2.0354294997188818e-03  -1.9539596732787404e-03  -1.8690938919239920e-03  -1.7809845741457539e-03  -1.6897877139279379e-03  -1.5956632558141292e-03  -1.4987754104791703e-03  -1.3992929697166274e-03  -1.2973895557396779e-03  -1.1932438785467276e-03  -1.0870399334454474e-03  -9.7896721169063537e-04  -8.6922084767661778e-04  -7.5800178516614034e-04  -6.4551688125511495e-04  -5.3197903680261361e-04  -4.1760726414474683e-04  -3.0262678818052916e-04  -1.8726908405230027e-04  -7.1771956639926551e-05   4.3620444386826890e-05   1.5865755774861420e-04   2.7308241075188152e-04   3.8663155659251938e-04   4.9903508494412942e-04   6.1001655908826582e-04   7.1929304234550826e-04   8.2657504855941730e-04   9.3156662722946291e-04   1.0339654082060254e-03   1.1334629163893802e-03
   1.1171343532171720e-03   1.2095137888252262e-03   1.2980066000762565e-03   1.3822929464949972e-03   1.4620620545213758e-03   1.5370201161683003e-03   1.6068982553790784e-03   1.6714583718437377e-03   1.7304960362299470e-03   1.7838395352561590e-03   1.8313476830377783e-03   1.8729065556943765e-03   1.9084268815624771e-03   1.9378416327531618e-03   1.9611043099617333e-03   1.9781874324602770e-03   1.9890814246635614e-03   1.9937935785806151e-03   1.9923472361057836e-03   1.9847809823516568e-03   1.9711479770162599e-03   1.9515152735991340e-03   1.9259632379067463e-03   1.8945849480414200e-03   1.8574856724118561e-03   1.8147823285337835e-03   1.7666030059867843e-03   1.7130864709279383e-03   1.6543817241881451e-03   1.5906475423333364e-03   1.5220520632904600e-03   1.4487723557408527e-03   1.3709940270288810e-03   1.2889108137486296e-03   1.2027242047712901e-03   1.1126430504557945e-03   1.0188831953096124e-03   9.2166709683932165e-04   8.2122346656183804e-04   7.1778689769756319e-04   6.1159750738219688e-04   5.0290056660919611e-04   3.9194614287513442e-04   2.7898873209608978e-04   1.6428689863648405e-04   4.8102905035623763e-05  -6.9297653198911041e-05  -1.8764622132827252e-04  -3.0667165666642686e-04  -4.2610060680924240e-04  -5.4565788804804478e-04  -6.6506686894125008e-04  -7.8404985636309544e-04  -9.0232848465980218e-04  -1.0196241092153451e-03  -1.1356582009820720e-03  -1.2501527469066691e-03  -1.3628306490591508e-03  -1.4734161306623251e-03  -1.5816351385353111e-03  -1.6872157538451542e-03  -1.7898885974678598e-03  -1.8893872449578953e-03  -1.9854486321661479e-03  -2.0778134718204776e-03  -2.1662266624872207e-03  -2.2504377177023417e-03  -2.3302011902524059e-03  -2.4052771359932917e-03  -2.4754316139010044e-03  -2.5404373055416337e-03  -2.6000743148070714e-03  -2.6541313896545089e-03  -2.7024078720570316e-03  -2.7447170953213552e-03  -2.7808921776509149e-03  -2.8107956311667938e-03  -2.8343331256496344e-03  -2.8514690679577095e-03  -2.8622361522196733e-03  -2.8667313992633819e-03  -2.8650988694917303e-03  -2.8575085790210602e-03  -2.8441398656162582e-03  -2.8251714946753463e-03  -2.8007770297606778e-03  -2.7711232724970270e-03  -2.7363702955371452e-03  -2.6966721661775429e-03  -2.6521779448921172e-03  -2.6030327384394280e-03  -2.5493787203321695e-03  -2.4913560862881807e-03  -2.4291039255948544e-03  -2.3627610235917333e-03  -2.2924665820750760e-03  -2.2183608870406809e-03  -2.1405859036336757e-03  -2.0592858339625007e-03  -1.9746076112296400e-03  -1.8867013670919974e-03  -1.7957208406368123e-03  -1.7018237749624270e-03  -1.6051722515420174e-03  -1.5059330198275373e-03  -1.4042777730474847e-03  -1.3003834241927285e-03  -1.1944323225003719e-03  -1.0866124781904918e-03  -9.7711773034474215e-04  -8.6614793037719309e-04  -7.5390906565814730e-04  -6.4061340573499308e-04  -5.2647958682505117e-04  -4.1173272834626779e-04  -2.9660448532217601e-04  -1.8133314328943966e-04  -6.6163645532255630e-05   4.8652325197282671e-05   1.6285633816316670e-04   2.7618313828779500e-04   3.8836065388482641e-04   4.9910992448160680e-04   6.0814513904660999e-04   7.1517359495590729e-04   8.1989583842722669e-04   9.2200577763888042e-04   1.0211911776278350e-03
   1.0049632681032002e-03   1.0969849621411212e-03   1.1850926588040916e-03   1.2689700193869082e-03   1.3483137282387955e-03   1.4228413449099561e-03   1.4922975857488228e-03   1.5564578844041027e-03   1.6151290617988600e-03   1.6681475545773832e-03   1.7153771879703083e-03   1.7567065622405586e-03   1.7920470879920205e-03   1.8213311498540019e-03   1.8445108029871340e-03   1.8615565389596218e-03   1.8724563701415905e-03   1.8772149093270588e-03   1.8758526498765895e-03   1.8684052099412708e-03   1.8549227202023821e-03   1.8354691670470452e-03   1.8101218497201671e-03   1.7789707923005272e-03   1.7421182519549287e-03   1.6996781835314865e-03   1.6517757879675086e-03   1.5985470188276344e-03   1.5401381630100164e-03   1.4767053806752138e-03   1.4084143116200260e-03   1.3354396421357720e-03   1.2579647300281977e-03   1.1761811928132880e-03   1.0902885477075738e-03   1.0004938126886046e-03   9.0701115726055808e-04   8.1006151568622500e-04   7.0987224154019264e-04   6.0667672549355185e-04   5.0071405348254519e-04   3.9222862859803159e-04   2.8146982764044816e-04   1.6869162146475650e-04   5.4152227937323441e-05  -6.1886269837283197e-05  -1.7915827538273149e-04  -2.9739506504146093e-04  -4.1632514662920069e-04  -5.3567465151574010e-04  -6.5516770077633270e-04  -7.7452680372724404e-04  -8.9347323179227623e-04  -1.0117274236213802e-03  -1.1290093665186169e-03  -1.2450390077319562e-03  -1.3595366428842362e-03  -1.4722233326774489e-03  -1.5828212975293736e-03  -1.6910543386809620e-03  -1.7966482372341671e-03  -1.8993311773734659e-03  -1.9988341477842264e-03  -2.0948913682047069e-03  -2.1872406962797014e-03  -2.2756240588861190e-03  -2.3597878661975515e-03  -2.4394834662632768e-03  -2.5144676081692990e-03  -2.5845029887542875e-03  -2.6493589019412058e-03  -2.7088121617993392e-03  -2.7626484777387153e-03  -2.8106647729134937e-03  -2.8526731443196751e-03  -2.8885076765793236e-03  -2.9180353550214422e-03  -2.9411711001994874e-03  -2.9578932118312588e-03  -2.9682504972339914e-03  -2.9723546325189322e-03  -2.9703604038939305e-03  -2.9624444819700809e-03  -2.9487897623597121e-03  -2.9295766025412224e-03  -2.9049789396168213e-03  -2.8751632010548958e-03  -2.8402885844732656e-03  -2.8005079301287065e-03  -2.7559688016668424e-03  -2.7068145947913326e-03  -2.6531855973102284e-03  -2.5952199741841073e-03  -2.5330546675949293e-03  -2.4668262206421427e-03  -2.3966715236820842e-03  -2.3227284995115593e-03  -2.2451367235262025e-03  -2.1640379977980423e-03  -2.0795768680478485e-03  -1.9919011085208303e-03  -1.9011621552877190e-03  -1.8075155120120959e-03  -1.7111211142228980e-03  -1.6121436735959166e-03  -1.5107529749296288e-03  -1.4071241617295656e-03  -1.3014379806371690e-03  -1.1938810190182331e-03  -1.0846458976000351e-03  -9.7393146209010884e-04  -8.6194293078413324e-04  -7.4889204859827940e-04  -6.3499719606063213e-04  -5.2048351182599486e-04  -4.0558296863320233e-04  -2.9053447166329746e-04  -1.7558390804794802e-04  -6.0984229239296312e-05   5.3004520380454056e-05   1.6611513103541309e-04   2.7807322072808663e-04   3.8859717740916187e-04   4.9739819882881878e-04   6.0418029466541680e-04   7.0864048080854897e-04   8.1046902789256095e-04   9.0935018293735175e-04
   8.9351945005748082e-04   9.8520108566159284e-04   1.0729460985017059e-03   1.1564437914585576e-03   1.2354001378916779e-03   1.3095446043275118e-03   1.3786342939986363e-03   1.4424556352729710e-03   1.5008237482138803e-03   1.5535806385709055e-03   1.6005932543328469e-03   1.6417515389116543e-03   1.6769669074048470e-03   1.7061708564274920e-03   1.7293138987056961e-03   1.7463645506473413e-03   1.7573085234532351e-03   1.7621479150024565e-03   1.7609005387752151e-03   1.7535992328458570e-03   1.7402912728771900e-03   1.7210377582929093e-03   1.6959130848130004e-03   1.6650043880449493e-03   1.6284110624417004e-03   1.5862442504659669e-03   1.5386263992812114e-03   1.4856907868254178e-03   1.4275811090904676e-03   1.3644510361601418e-03   1.2964638238793661e-03   1.2237918929666062e-03   1.1466164606027578e-03   1.0651271364387506e-03   9.7952156744313145e-04   8.9000504873530120e-04   7.9679017675661262e-04   7.0009646636155028e-04   6.0015001105741337e-04   4.9718310596892515e-04   3.9143390837540328e-04   2.8314606003708703e-04   1.7256834721992513e-04   5.9954322308542569e-05  -5.4438039500288968e-05  -1.7034672334566162e-04  -2.8750602393245160e-04  -4.0564693468275888e-04  -5.2449750362547169e-04  -6.4378322949202606e-04  -7.6322742517638542e-04  -8.8255162155985770e-04  -1.0014759388870160e-03  -1.1197194984959836e-03  -1.2370008017854820e-03  -1.3530381495617300e-03  -1.4675500276782748e-03  -1.5802555331294113e-03  -1.6908747647807895e-03  -1.7991292548719027e-03  -1.9047423636802943e-03  -2.0074397162584872e-03  -2.1069496003810334e-03  -2.2030034062924344e-03  -2.2953360256133329e-03  -2.3836863000167357e-03  -2.4677974363834822e-03  -2.5474174852046882e-03  -2.6222998087486412e-03  -2.6922036838246868e-03  -2.7568950040421335e-03  -2.8161473496375712e-03  -2.8697435840169361e-03  -2.9174786364200025e-03  -2.9591641933987239e-03  -2.9946367506670322e-03  -3.0237699764101818e-03  -3.0464908567306445e-03  -3.0627941790982299e-03  -3.0727463026799283e-03  -3.0764734256689191e-03  -3.0741399157746185e-03  -3.0659275739527109e-03  -3.0520213753832985e-03  -3.0326019724506385e-03  -3.0078425814443594e-03  -2.9779083454665482e-03  -2.9429568275176942e-03  -2.9031390087025963e-03  -2.8586004239601840e-03  -2.8094823120160565e-03  -2.7559226966509822e-03  -2.6980573930767415e-03  -2.6360209247555822e-03  -2.5699473634915298e-03  -2.4999710937049879e-03  -2.4262275125973756e-03  -2.3488536702610903e-03  -2.2679888569909013e-03  -2.1837751444192320e-03  -2.0963578800818976e-03  -2.0058861453142326e-03  -1.9125131771212701e-03  -1.8163967528037907e-03  -1.7176995428643009e-03  -1.6165894385822648e-03  -1.5132398488285699e-03  -1.4078299689561111e-03  -1.3005450234754674e-03  -1.1915764868418786e-03  -1.0811222813824856e-03  -9.6938695373326969e-04  -8.5658183117919137e-04  -7.4292515851639713e-04  -6.2864221956447294e-04  -5.1396544126870150e-04  -3.9913448737285083e-04  -2.8439633630066160e-04  -1.7000535349100988e-04  -5.6223348010757250e-05   5.6680373570438614e-05   1.6842897584731396e-04   2.7873807338642048e-04   3.8731576408674716e-04   4.9386271800473409e-04   5.9807243530452133e-04   6.9963172372172798e-04   7.9822169704260679e-04
   7.8309947050533813e-04   8.7446595730722042e-04   9.6187888436743941e-04   1.0450348389661728e-03   1.1236498246106647e-03   1.1974644400920978e-03   1.2662461400466706e-03   1.3297897161776346e-03   1.3879161715621112e-03   1.4404712427020434e-03   1.4873237962690681e-03   1.5283644163778833e-03   1.5635041726046782e-03   1.5926735556725385e-03   1.6158215492824298e-03   1.6329147952515283e-03   1.6439368400685836e-03   1.6488874319629068e-03   1.6477818711633267e-03   1.6406503901549370e-03   1.6275375741673097e-03   1.6085018013482356e-03   1.5836147167885449e-03   1.5529607199074686e-03   1.5166364819968144e-03   1.4747504722893811e-03   1.4274225114583742e-03   1.3747833295088235e-03   1.3169741489138984e-03   1.2541462680048388e-03   1.1864606679172726e-03   1.1140876164549951e-03   1.0372062923806893e-03   9.5600440508189835e-04   8.7067783290259600e-04   7.8143025096566703e-04   6.8847277939040907e-04   5.9202361912716339e-04   4.9230770343059783e-04   3.8955633436221326e-04   2.8400683723256047e-04   1.7590219773887781e-04   6.5490714359978260e-05  -4.6974369365344599e-05  -1.6123521657744242e-04  -2.7702977009810468e-04  -3.9409210943559478e-04  -5.1215283118175720e-04  -6.3093941321150544e-04  -7.5017660383878233e-04  -8.6958679386821584e-04  -9.8889041493929698e-04  -1.1078063195430457e-03  -1.2260521885278787e-03  -1.3433449187783000e-03  -1.4594010393062453e-03  -1.5739371058412833e-03  -1.6866701245986928e-03  -1.7973179527768987e-03  -1.9055997288709996e-03  -2.0112362770350932e-03  -2.1139505415774780e-03  -2.2134679932278309e-03  -2.3095170699668410e-03  -2.4018295898474212e-03  -2.4901412024067949e-03  -2.5741918148099313e-03  -2.6537260847079394e-03  -2.7284939246772439e-03  -2.7982511485572436e-03  -2.8627602720976029e-03  -2.9217917550551985e-03  -2.9751259187562051e-03  -3.0225563035629669e-03  -3.0638953233063436e-03  -3.0989837582564182e-03  -3.1277046787616287e-03  -3.1500002384999542e-03  -3.1658841509864884e-03  -3.1754411309152706e-03  -3.1788110781935585e-03  -3.1761663238920805e-03  -3.1676920430183772e-03  -3.1535737425927566e-03  -3.1339910652910200e-03  -3.1091154414962393e-03  -3.0791098477243482e-03  -3.0441294862666658e-03  -3.0043228710343373e-03  -2.9598330010747248e-03  -2.9107985291513434e-03  -2.8573548537056434e-03  -2.7996351330822440e-03  -2.7377712120347014e-03  -2.6718944703303252e-03  -2.6021366001150034e-03  -2.5286303163088424e-03  -2.4515100130943208e-03  -2.3709123636229666e-03  -2.2869768777762250e-03  -2.1998464125724633e-03  -2.1096676497789841e-03  -2.0165915262063457e-03  -1.9207736454677198e-03  -1.8223746449806465e-03  -1.7215605424244344e-03  -1.6185030415073248e-03  -1.5133798277657861e-03  -1.4063748227300687e-03  -1.2976784289363517e-03  -1.1874877333750092e-03  -1.0760067082381227e-03  -9.6344637099506504e-04  -8.5002494707702434e-04  -7.3596799130412334e-04  -6.2150851806220804e-04  -5.0688708972218555e-04  -3.9235192087238571e-04  -2.7815893877626617e-04  -1.6457186580994844e-04  -5.1862250087141167e-05   5.9690482892012123e-05   1.6979905828474584e-04   2.7816838946173323e-04   3.8449578565976251e-04   4.8847130306490789e-04   5.8977853763072759e-04   6.8809598528386958e-04
   6.7400806202090461e-04   7.6509149185973542e-04   8.5221040738802213e-04   9.3506948269999799e-04   1.0133944039597154e-03   1.0869352881260029e-03   1.1554677117736390e-03   1.2187926065831906e-03   1.2767351388502115e-03   1.3291435671681740e-03   1.3758879637117082e-03   1.4168591673840180e-03   1.4519677542481244e-03   1.4811431935264274e-03   1.5043330158070085e-03   1.5215021057767772e-03   1.5326319925957393e-03   1.5377202297448273e-03   1.5367797656028036e-03   1.5298383846466979e-03   1.5169381374165666e-03   1.4981348296725120e-03   1.4734975002175339e-03   1.4431079498114729e-03   1.4070602589337066e-03   1.3654603501246612e-03   1.3184255392669434e-03   1.2660841257026217e-03   1.2085749710588495e-03   1.1460471120500130e-03   1.0786593613650033e-03   1.0065799375552258e-03   9.2998608392010800e-04   8.4906371032253262e-04   7.6400702367438638e-04   6.7501818021210294e-04   5.8230692302169791e-04   4.8609023670514713e-04   3.8659199059778494e-04   2.8404259594843934e-04   1.7867864831525363e-04   7.0742580910937674e-05  -3.9517694770209661e-05  -1.5184913922726070e-04  -2.6599394877650730e-04  -3.8168991329222857e-04  -4.9867078714023699e-04  -6.1666665550111040e-04  -7.3540431313788481e-04  -8.5460764004848997e-04  -9.7399798893761311e-04  -1.0932945707944083e-03  -1.2122148513661871e-03  -1.3304749466258067e-03  -1.4477900278472389e-03  -1.5638747264173376e-03  -1.6784435464975455e-03  -1.7912112779991604e-03  -1.9018934151486537e-03  -2.0102065759862574e-03  -2.1158689257733182e-03  -2.2186006028532190e-03  -2.3181241468273957e-03  -2.4141649290164427e-03  -2.5064515850614236e-03  -2.5947164601269226e-03  -2.6786960707214295e-03  -2.7581316005608801e-03  -2.8327694588573633e-03  -2.9023619806345076e-03  -2.9666683754295685e-03  -3.0254561796254501e-03  -3.0785036284454296e-03  -3.1256037326567680e-03  -3.1665711730497243e-03  -3.2012534187782905e-03  -3.2295461698818376e-03  -3.2514099796694847e-03  -3.2668794577608989e-03  -3.2760576297700241e-03  -3.2790965533461879e-03  -3.2761744982218515e-03  -3.2674781188592166e-03  -3.2531918946304582e-03  -3.2334931968016414e-03  -3.2085506575870505e-03  -3.1785242566155524e-03  -3.1435661526412933e-03  -3.1038218212420805e-03  -3.0594312469871482e-03  -3.0105300920702902e-03  -2.9572507866658390e-03  -2.8997235411108236e-03  -2.8380772732810164e-03  -2.7724404608993193e-03  -2.7029419247014477e-03  -2.6297115480799567e-03  -2.5528809433821090e-03  -2.4725840639073125e-03  -2.3889577767231243e-03  -2.3021423849765230e-03  -2.2122821215284122e-03  -2.1195256001330298e-03  -2.0240262382559722e-03  -1.9259426393929144e-03  -1.8254389608360071e-03  -1.7226852385050975e-03  -1.6178576966159742e-03  -1.5111390157359554e-03  -1.4027185945545491e-03  -1.2927927693427638e-03  -1.1815650308227804e-03  -1.0692461967699255e-03  -9.5605458838973300e-04  -8.4221616149674275e-04  -7.2796464907917539e-04  -6.1354165622623145e-04  -4.9919677501680402e-04  -3.8518764604254232e-04  -2.7178004800776845e-04  -1.5924791843787344e-04  -4.7873401823954787e-05   6.2053217862931861e-05   1.7023359739735424e-04   2.7636167351454078e-04   3.8012418798308935e-04   4.8120186826705862e-04   5.7927127539235423e-04
   5.6655682800589753e-04   6.5739562278821669e-04   7.4426445551980494e-04   8.2687599077741402e-04   9.0496443424757460e-04   9.7828756281200272e-04   1.0466271756682545e-03   1.1097887220193872e-03   1.1676003986176100e-03   1.2199122455849633e-03   1.2665951545600056e-03   1.3075400231254578e-03   1.3426569049490682e-03   1.3718742843816744e-03   1.3951383448307889e-03   1.4124123322345511e-03   1.4236759056426320e-03   1.4289245637742714e-03   1.4281690562041077e-03   1.4214348590018042e-03   1.4087616344670500e-03   1.3902027478750892e-03   1.3658247681040947e-03   1.3357070197173317e-03   1.2999411185435886e-03   1.2586305540520212e-03   1.2118902544362915e-03   1.1598461944391117e-03   1.1026349848816035e-03   1.0404035009608124e-03   9.7330849123196091e-04   9.0151622229500239e-04   8.2520210142260732e-04   7.4455033357133252e-04   6.5975355484029319e-04   5.7101249475883338e-04   4.7853561656354933e-04   3.8253878502043568e-04   2.8324490731289841e-04   1.8088359921120361e-04   7.5690826232659549e-05  -3.2091431530940147e-05  -1.4221554275457881e-04  -2.5442856678550190e-04  -3.6847262366097747e-04  -4.8408524303394278e-04  -6.0099974190890417e-04  -7.1894558250933647e-04  -8.3764875964831916e-04  -9.5683216875769956e-04  -1.0762160035447431e-03  -1.1955181344090772e-03  -1.3144545164610365e-03  -1.4327395780390564e-03  -1.5500866387371337e-03  -1.6662083071328619e-03  -1.7808169080290467e-03  -1.8936248881384768e-03  -2.0043452515631161e-03  -2.1126919719625693e-03  -2.2183804343982412e-03  -2.3211278513707253e-03  -2.4206537100104754e-03  -2.5166801954030946e-03  -2.6089326517427713e-03  -2.6971400221372181e-03  -2.7810353422486021e-03  -2.8603562492461906e-03  -2.9348456185273424e-03  -3.0042523314258297e-03  -3.0683324263731018e-03  -3.1268508409980052e-03  -3.1795843880106887e-03  -3.2263267587202757e-03  -3.2668969539812400e-03  -3.3011521437675499e-03  -3.3290043217374492e-03  -3.3504354998727449e-03  -3.3655023487248808e-03  -3.3743251474982346e-03  -3.3770659035485522e-03  -3.3739065131317410e-03  -3.3650331773422909e-03  -3.3506278413749238e-03  -3.3308644242909099e-03  -3.3059078259356500e-03  -3.2759142648293733e-03  -3.2410322286980596e-03  -3.2014036261029627e-03  -3.1571649842349336e-03  -3.1084485962467254e-03  -3.0553836038272261e-03  -2.9980969942567841e-03  -2.9367145248425301e-03  -2.8713615708753867e-03  -2.8021639120144660e-03  -2.7292484561313207e-03  -2.6527439133164498e-03  -2.5727814192346536e-03  -2.4894951160119986e-03  -2.4030226934594820e-03  -2.3135058930741784e-03  -2.2210909737075419e-03  -2.1259291516058281e-03  -2.0281770054266443e-03  -1.9279968507695000e-03  -1.8255570850919541e-03  -1.7210325105935760e-03  -1.6146046271640472e-03  -1.5064619018684325e-03  -1.3968000094576310e-03  -1.2858220540606054e-03  -1.1737387636951934e-03  -1.0607686694080990e-03  -9.4713825757121320e-04  -8.3308211100017624e-04  -7.1884302357616667e-04  -6.0467210816450567e-04  -4.9082887566653170e-04  -3.7758130834325196e-04  -2.6520589025200310e-04  -1.5398761651300402e-04  -4.4219904639328364e-05   6.3795590185762628e-05   1.6974944196705379e-04   2.7332526682762503e-04   3.7420132089217411e-04   4.7205299062638673e-04
   4.6106199143933213e-04   5.5169933842217364e-04   6.3836552858483509e-04   7.2078047105576782e-04   7.9868547463563086e-04   8.7184438478322794e-04   9.4004379243293936e-04   1.0030925902955320e-03   1.0608213115917465e-03   1.1130813570551406e-03   1.1597442367355546e-03   1.2007008326137287e-03   1.2358607007467188e-03   1.2651514071883802e-03   1.2885178979014299e-03   1.3059218959010439e-03   1.3173413254003504e-03   1.3227697585621735e-03   1.3222158840811137e-03   1.3157029960583989e-03   1.3032685009486203e-03   1.2849634433155298e-03   1.2608520465336533e-03   1.2310112710173012e-03   1.1955303843594559e-03   1.1545105476982649e-03   1.1080644110164134e-03   1.0563157232052380e-03   9.9939894800990655e-04   9.3745889350336175e-04   8.7065034426725505e-04   7.9913770527269723e-04   7.2309464697320426e-04   6.4270375895495238e-04   5.5815620208015597e-04   4.6965137067842976e-04   3.7739654777860536e-04   2.8160656797064101e-04   1.8250347448259740e-04   8.0316183118966803e-05  -2.4719864927898053e-05  -1.3236304443960578e-04  -2.4236589858165182e-04  -3.5447548520632589e-04  -4.6843373692423743e-04  -5.8397781611417825e-04  -7.0084048529720161e-04  -8.1875047194015821e-04  -9.3743284977127394e-04  -1.0566094140014620e-03  -1.1759990743474024e-03  -1.2953182411292439e-03  -1.4142812301963968e-03  -1.5326006596870214e-03  -1.6499878663351400e-03  -1.7661533121100959e-03  -1.8808070107601345e-03  -1.9936589428621214e-03  -2.1044194908279423e-03  -2.2127998605035127e-03  -2.3185125238395629e-03  -2.4212716472501021e-03  -2.5207935431292988e-03  -2.6167971048680740e-03  -2.7090042711809350e-03  -2.7971404865983381e-03  -2.8809352215092825e-03  -2.9601225243310473e-03  -3.0344417238453610e-03  -3.1036383380236860e-03  -3.1674654616628559e-03  -3.2256859425603543e-03  -3.2780761187552743e-03  -3.3244320537659687e-03  -3.3645797372159085e-03  -3.3983897048172063e-03  -3.4257941026684027e-03  -3.4467988959636393e-03  -3.4614828252346932e-03  -3.4699813279105967e-03  -3.4724636368622512e-03  -3.4691128209691116e-03  -3.4601127660472309e-03  -3.4456414766121340e-03  -3.4258683588119917e-03  -3.4009537346859310e-03  -3.3710493806403787e-03  -3.3362995430583414e-03  -3.2968420869681349e-03  -3.2528096741732335e-03  -3.2043308825441975e-03  -3.1515312662989308e-03  -3.0945343342353637e-03  -3.0334624622999477e-03  -2.9684377347258244e-03  -2.8995827278379483e-03  -2.8270212367973897e-03  -2.7508789535721392e-03  -2.6712840992955530e-03  -2.5883680158439457e-03  -2.5022657177750569e-03  -2.4131164088074383e-03  -2.3210639692273793e-03  -2.2262574027320523e-03  -2.1288512593171027e-03  -2.0290060267712717e-03  -1.9268884984964033e-03  -1.8226721041054738e-03  -1.7165372214769674e-03  -1.6086714553335572e-03  -1.4992699007187280e-03  -1.3885353707350971e-03  -1.2766786123122398e-03  -1.1639184859278536e-03  -1.0504821388780429e-03  -9.3660514190602715e-04  -8.2253162502056638e-04  -7.0851437391030673e-04  -5.9481492929275184e-04  -4.8170363612261128e-04  -3.6945968751592574e-04  -2.5837107857817323e-04  -1.4873449745157101e-04  -4.0854991064020888e-05   6.4954650145220092e-05   1.6837510963660569e-04   2.6908259927454917e-04   3.6675210711811302e-04
   3.5784139717817015e-04   4.4832289278082856e-04   5.3483467720900966e-04   6.1710295462406536e-04   6.9487484491292852e-04   7.6791907666672043e-04   8.3602607064065730e-04   8.9900751991162488e-04   9.5669586898339634e-04   1.0089436616739242e-03   1.0556229271282249e-03   1.0966245262237955e-03   1.1318575598172308e-03   1.1612487584330422e-03   1.1847419275116062e-03   1.2022973808999177e-03   1.2138914225343744e-03   1.2195158189760907e-03   1.2191773150754934e-03   1.2128971417845946e-03   1.2007105632119031e-03   1.1826664165219883e-03   1.1588266876024801e-03   1.1292660796956688e-03   1.0940716145481462e-03   1.0533422261267142e-03   1.0071883836370913e-03   9.5573170641336425e-04   8.9910460504142860e-04   8.3744991314609355e-04   7.7092054257936959e-04   6.9967912853150752e-04   6.2389769375949798e-04   5.4375730325177197e-04   4.5944773529463744e-04   3.7116713898332544e-04   2.7912170837093809e-04   1.8352534329136487e-04   8.4599320901129109e-05  -1.7428047397541075e-05  -1.2232174730933605e-04  -2.2984040811880409e-04  -3.3973664137392260e-04  -4.5175739619219765e-04  -5.6564430744093167e-04  -6.8113406016694967e-04  -7.9795874811512224e-04  -9.1584624914798317e-04  -1.0345205958863469e-03  -1.1537023633382531e-03  -1.2731090521649350e-03  -1.3924554886954889e-03  -1.5114542206856563e-03  -1.6298159293449761e-03  -1.7472498369785362e-03  -1.8634641300394733e-03  -1.9781663775678155e-03  -2.0910639639739794e-03  -2.2018645170641168e-03  -2.3102763492484995e-03  -2.4160088932700294e-03  -2.5187731499925594e-03  -2.6182821321038682e-03  -2.7142513258623952e-03  -2.8063991579959603e-03  -2.8944474931904872e-03  -2.9781221647577844e-03  -3.0571536067494527e-03  -3.1312776432081144e-03  -3.2002365989847398e-03  -3.2637809974514062e-03  -3.3216723579271262e-03  -3.3736878991403535e-03  -3.4196283589711437e-03  -3.4593301092520293e-03  -3.4926812664612620e-03  -3.5196377897887474e-03  -3.5402310436119236e-03  -3.5545604514253589e-03  -3.5627736249595958e-03  -3.5650439717963911e-03  -3.5615533216996863e-03  -3.5524815234991231e-03  -3.5380013905743821e-03  -3.5182768874093828e-03  -3.4934630195145766e-03  -3.4637065244092179e-03  -3.4291469021686697e-03  -3.3899175489945556e-03  -3.3461468929749695e-03  -3.2979594813255936e-03  -3.2454770057001293e-03  -3.1888192594476121e-03  -3.1281050304546249e-03  -3.0634529337113811e-03  -2.9949821881905536e-03  -2.9228133441795440e-03  -2.8470689636088315e-03  -2.7678742602624314e-03  -2.6853576975777206e-03  -2.5996515560136797e-03  -2.5108924605030595e-03  -2.4192218781486302e-03  -2.3247865855875196e-03  -2.2277391094671240e-03  -2.1282381289027827e-03  -2.0264488573499564e-03  -1.9225433924113739e-03  -1.8167010455244692e-03  -1.7091086349132598e-03  -1.5999607611722098e-03  -1.4894600474258781e-03  -1.3778173665925603e-03  -1.2652520325221143e-03  -1.1519919823924690e-03  -1.0382739217836738e-03  -9.2434346669109354e-04  -8.1045524430718176e-04  -6.9687299461906698e-04  -5.8386961453669181e-04  -4.7172719118958523e-04  -3.6073691727865013e-04  -2.5119891966176580e-04  -1.4342177021570168e-04  -3.7721640287815660e-05   6.5579372382546311e-05   1.6615582837956565e-04   2.6368292209916287e-04
   2.5721054288432572e-04   3.4758171010533371e-04   4.3398572147406085e-04   5.1615419067150290e-04   5.9383910925748162e-04   6.6681331683392611e-04   7.3487045467264425e-04   7.9782462900306441e-04   8.5550995235918106e-04   9.0778000349750324e-04   9.5450728412640106e-04   9.9558266058799171e-04   1.0309148243323352e-03   1.0604297529099125e-03   1.0840701952034009e-03   1.1017951595651558e-03   1.1135794270268440e-03   1.1194130680241760e-03   1.1193009835675169e-03   1.1132624499994317e-03   1.1013306872056652e-03   1.0835524298378613e-03   1.0599875208125082e-03   1.0307085067370921e-03   9.9580025415300119e-04   9.5535956625530558e-04   9.0949481882824181e-04   8.5832559485459305e-04   8.0198233655735785e-04   7.4060599437556678e-04   6.7434769143024016e-04   6.0336838246062249e-04   5.2783852789369131e-04   4.4793775863324566e-04   3.6385455422914830e-04   2.7578591254672933e-04   1.8393702853996001e-04   8.8520961121145913e-05  -1.0241688689646136e-05  -1.1212311300798491e-04  -2.1688862533718453e-04  -3.2429700435641700e-04  -4.3410082957734961e-04  -5.4604683320088070e-04  -6.5987624538873960e-04  -7.7532515792123891e-04  -8.9212488169841436e-04  -1.0100023233152607e-03  -1.1286803553057357e-03  -1.2478782062101666e-03  -1.3673118441514291e-03  -1.4866943808099751e-03  -1.6057364683163575e-03  -1.7241467168642630e-03  -1.8416321041281932e-03  -1.9578984056707084e-03  -2.0726506154294033e-03  -2.1855933874363859e-03  -2.2964314653377586e-03  -2.4048701338757177e-03  -2.5106156569533410e-03  -2.6133757407551233e-03  -2.7128599837661352e-03  -2.8087803565403258e-03  -2.9008516761312546e-03  -2.9887921408133832e-03  -3.0723239063023813e-03  -3.1511738061350430e-03  -3.2250742704985438e-03  -3.2937647170093072e-03  -3.3569936935725015e-03  -3.4145224953536870e-03  -3.4661311448981888e-03  -3.5116280965761673e-03  -3.5508642605185194e-03  -3.5837497918961648e-03  -3.6102673736461083e-03  -3.6304736870843768e-03  -3.6444860597049152e-03  -3.6524606624855796e-03  -3.6545719522071709e-03  -3.6509982953999288e-03  -3.6419139824265421e-03  -3.6274855739295469e-03  -3.6078708019145846e-03  -3.5832187320771970e-03  -3.5536705490090362e-03  -3.5193605704128160e-03  -3.4804173480925422e-03  -3.4369647493790998e-03  -3.3891230052829719e-03  -3.3370096944215916e-03  -3.2807406750806835e-03  -3.2204309545818613e-03  -3.1561955101514355e-03  -3.0881500565779359e-03  -3.0164117721215447e-03  -2.9410999799926868e-03  -2.8623367932669504e-03  -2.7802477238209988e-03  -2.6949622553799320e-03  -2.6066143868729323e-03  -2.5153431460987917e-03  -2.4212930690328508e-03  -2.3246146510813282e-03  -2.2254647745391307e-03  -2.1240071042551924e-03  -2.0204124546645830e-03  -1.9148591269935551e-03  -1.8075332233808586e-03  -1.6986289311724091e-03  -1.5883487838251908e-03  -1.4769038916158136e-03  -1.3645141515725228e-03  -1.2514084290421665e-03  -1.1378247218266514e-03  -1.0240102968934902e-03  -9.1022181117580677e-04  -7.9672540026879660e-04  -6.8379674005690136e-04  -5.7172104541942654e-04  -4.6079297492319850e-04  -3.5131634542094679e-04  -2.4360350087318809e-04  -1.3797411338609751e-04  -3.4753034198664893e-05   6.5732949004756276e-05   1.6315965445939124e-04
   1.5947866198862018e-04   2.4978266660279080e-04   3.3612203283600313e-04   4.1823315189477503e-04   4.9587228047892964e-04   5.6881585471195732e-04   6.3686037805385032e-04   6.9982213651340248e-04   7.5753677152120094e-04   8.0985883382401081e-04   8.5666128773785231e-04   8.9783503035938237e-04   9.3328839353736849e-04   9.6294666913080426e-04   9.8675162577436170e-04   1.0046610515318088e-03   1.0166482916370752e-03   1.0227018119911484e-03   1.0228247600056414e-03   1.0170345500260082e-03   1.0053624473697418e-03   9.8785317539291169e-04   9.6456452158841764e-04   9.3556696484840439e-04   9.0094330161798479e-04   8.6078829107389396e-04   8.1520829856782367e-04   7.6432095585598223e-04   7.0825481871490074e-04   6.4714903878445164e-04   5.8115303180628032e-04   5.1042615814854127e-04   4.3513739706947750e-04   3.5546503256418216e-04   2.7159633178901904e-04   1.8372722995370913e-04   9.2062009183307286e-05  -3.1870167788666890e-06  -1.0179982863800399e-04  -2.0354902420495653e-04  -3.0820014978554465e-04  -4.1551202942822834e-04  -5.2523710587598030e-04  -6.3712178183189842e-04  -7.5090677275811224e-04  -8.6632746039114596e-04  -9.8311425813797236e-04  -1.1009929785868056e-03  -1.2196852132537368e-03  -1.3389087152376356e-03  -1.4583777937693799e-03  -1.5778037120547093e-03  -1.6968950963815290e-03  -1.8153583485952403e-03  -1.9328980690087949e-03  -2.0492174823259750e-03  -2.1640188731468059e-03  -2.2770040239493304e-03  -2.3878746620982108e-03  -2.4963329089093276e-03  -2.6020817371546399e-03  -2.7048254310687203e-03  -2.8042700585105018e-03  -2.9001239571405995e-03  -2.9920982514798442e-03  -3.0799074131288894e-03  -3.1632699115865604e-03  -3.2419090398071553e-03  -3.3155540627319486e-03  -3.3839419497490989e-03  -3.4468201830711192e-03  -3.5039514275757083e-03  -3.5551211693127874e-03  -3.6001494643940939e-03  -3.6389065443306438e-03  -3.6713287495436986e-03  -3.6974269988982334e-03  -3.7172813939976694e-03  -3.7310232511832716e-03  -3.7388133984722089e-03  -3.7408243878125566e-03  -3.7372291851169694e-03  -3.7281952438621116e-03  -3.7138820086195373e-03  -3.6944403283900229e-03  -3.6700128198509535e-03  -3.6407346811113831e-03  -3.6067346792830312e-03  -3.5681361936899620e-03  -3.5250582449234819e-03  -3.4776164902121380e-03  -3.4259241689950431e-03  -3.3700930009391825e-03  -3.3102340338702521e-03  -3.2464584470894863e-03  -3.1788783112425252e-03  -3.1076073086732416e-03  -3.0327614171126440e-03  -2.9544595584065437e-03  -2.8728242140042726e-03  -2.7879820112128597e-03  -2.7000642779804861e-03  -2.6092075653998672e-03  -2.5155541489321246e-03  -2.4192524962363222e-03  -2.3204577062916547e-03  -2.2193319182768237e-03  -2.1160446992129055e-03  -2.0107733977795029e-03  -1.9037034739443734e-03  -1.7950287935344191e-03  -1.6849519031658100e-03  -1.5736842702274037e-03  -1.4614465072673071e-03  -1.3484685604139349e-03  -1.2349898882450853e-03  -1.1212596032876339e-03  -1.0075366101277908e-03  -8.9408969588798291e-04  -7.8119760939334738e-04  -6.6914903989896332e-04  -5.5824250457931315e-04  -4.4878593047108575e-04  -3.4109583033846598e-04  -2.3549563456934207e-04  -1.3231299778558082e-04  -3.1875823448295826e-05   6.5492613579919297e-05
   6.4944903055999493e-05   1.5522093522096444e-04   2.4153416109331627e-04   3.2362532019580945e-04   4.0125456353746081e-04   4.7420160754819106e-04   5.4226559894923906e-04   6.0526484074795118e-04   6.6303642577633486e-04   7.1543583149743769e-04   7.6233648661698083e-04   8.0362933712265026e-04   8.3922240126275711e-04   8.6904033502244789e-04   8.9302399505068893e-04   9.1113001486295962e-04   9.2333038242347785e-04   9.2961203237358798e-04   9.2997644109767911e-04   9.2443923713363997e-04   9.1302981471703308e-04   8.9579096264036525e-04   8.7277849586902460e-04   8.4406090190851423e-04   8.0971898896556890e-04   7.6984554793426113e-04   7.2454501485274246e-04   6.7393314591449841e-04   6.1813669129139374e-04   5.5729308027205695e-04   4.9155010330356307e-04   4.2106560335173211e-04   3.4600716369646432e-04   2.6655180186836431e-04   1.8288565792235899e-04   9.5203690196971275e-05   3.7093609238144504e-06  -9.1385673715270888e-05  -1.8986188195529714e-04  -2.9149217112868888e-04  -3.9604221555811442e-04  -5.0327078246494537e-04  -6.1293007054145422e-04  -7.2476604646727280e-04  -8.3851879624325667e-04  -9.5392287597550259e-04  -1.0707076786746006e-03  -1.1885978003911013e-03  -1.3073134229894963e-03  -1.4265706960656680e-03  -1.5460821362451068e-03  -1.6655570251268141e-03  -1.7847018250440011e-03  -1.9032205925460337e-03  -2.0208154097796113e-03  -2.1371868124146851e-03  -2.2520342352194940e-03  -2.3650564527850876e-03  -2.4759520376419399e-03  -2.5844198126784403e-03  -2.6901593231810818e-03  -2.7928713058398180e-03  -2.8922581846673981e-03  -2.9880245720845665e-03  -3.0798778223598442e-03  -3.1675286422039916e-03  -3.2506918544040544e-03  -3.3290873779188487e-03  -3.4024416790922789e-03  -3.4704900184641752e-03  -3.5329801561944261e-03  -3.5896784029361673e-03  -3.6403792509500030e-03  -3.6849190945137784e-03  -3.7231924597237219e-03  -3.7551649501175325e-03  -3.7808752541728316e-03  -3.8004232411400678e-03  -3.8139496274517404e-03  -3.8216160600355147e-03  -3.8235906054575595e-03  -3.8200392216974285e-03  -3.8111215180091926e-03  -3.7969891432205745e-03  -3.7777855566100923e-03  -3.7536465169220514e-03  -3.7247008843035953e-03  -3.6910715656654830e-03  -3.6528764890666849e-03  -3.6102295771064182e-03  -3.5632416852046604e-03  -3.5120215075271364e-03  -3.4566764383436224e-03  -3.3973133976649759e-03  -3.3340396153450388e-03  -3.2669633820729530e-03  -3.1961947640105738e-03  -3.1218462872010591e-03  -3.0440335895345998e-03  -2.9628760462585644e-03  -2.8784973626080042e-03  -2.7910261427208411e-03  -2.7005964312240777e-03  -2.6073482226521235e-03  -2.5114279451438465e-03  -2.4129889201112194e-03  -2.3121917917233292e-03  -2.2092049246606148e-03  -2.1042047740139369e-03  -1.9973762271375392e-03  -1.8889129182273414e-03  -1.7790175127661110e-03  -1.6679019658306332e-03  -1.5557877522022435e-03  -1.4429060753226954e-03  -1.3294980521043488e-03  -1.2158148821545148e-03  -1.1021179954857432e-03  -9.8867918090804257e-04  -8.7578067291484542e-04  -7.6371515570866644e-04  -6.5278559288623080e-04  -5.4330468272751709e-04  -4.3559368677910100e-04  -3.2998019248188976e-04  -2.2679468896941320e-04  -1.2636592268508879e-04  -2.9015880400471404e-05
  -2.6104556311954069e-05   6.4177774139079127e-05   1.5049816931664642e-04   2.3260148587129830e-04   3.1025152087491579e-04   3.8323105494194503e-04   4.5134172036097190e-04   5.1440373174430109e-04   5.7225556573391829e-04   6.2475359346200851e-04   6.7177170413982483e-04   7.1320090575703468e-04   7.4894893415013977e-04   7.7893985017261241e-04   8.0311364949698359e-04   8.2142586708498018e-04   8.3384719581757198e-04   8.4036310310601180e-04   8.4097346247611498e-04   8.3569218470420730e-04   8.2454686401717790e-04   8.0757842450987689e-04   7.8484078104251059e-04   7.5640050033843882e-04   7.2233647555212574e-04   6.8273960046731923e-04   6.3771245577499904e-04   5.8736899408943577e-04   5.3183423546141416e-04   4.7124396026876250e-04   4.0574441091127461e-04   3.3549199002087251e-04   2.6065296417218339e-04   1.8140316425152960e-04   9.7927689666350327e-05   1.0420604844932086e-05  -8.0915359742799982e-05  -1.7586911402745192e-04  -2.7422151555302698e-04  -3.7574568612483992e-04  -4.8020732775586007e-04  -5.8736504858353971e-04  -6.9697069159359575e-04  -8.0876967532156157e-04  -9.2250133776380135e-04  -1.0378992921145167e-03  -1.1546917865178452e-03  -1.2726020765287480e-03  -1.3913488024240592e-03  -1.5106463795212448e-03  -1.6302053934386953e-03  -1.7497330082317363e-03  -1.8689333792322664e-03  -1.9875080783193855e-03  -2.1051565234428212e-03  -2.2215764197551545e-03  -2.3364642045879741e-03  -2.4495155032729209e-03  -2.5604255890381510e-03  -2.6688898538488191e-03  -2.7746042846464188e-03  -2.8772659537976983e-03  -2.9765735249499617e-03  -3.0722277961676599e-03  -3.1639322983794032e-03  -3.2513939967906305e-03  -3.3343241747053553e-03  -3.4124396758990214e-03  -3.4854647753099397e-03  -3.5531341612644166e-03  -3.6151978214781322e-03  -3.6714288792362936e-03  -3.7216353354804139e-03  -3.7656752709989355e-03  -3.8034718916431028e-03  -3.8350212629354578e-03  -3.8603871132491222e-03  -3.8796841415203454e-03  -3.8930577107431398e-03  -3.9006668417702920e-03  -3.9026730036941853e-03  -3.8992338940774516e-03  -3.8905005303575620e-03  -3.8766162572914428e-03  -3.8577167696921314e-03  -3.8339306501069667e-03  -3.8053801446807606e-03  -3.7721820434976254e-03  -3.7344485900113172e-03  -3.6922883891516226e-03  -3.6458072935835130e-03  -3.5951092639482144e-03  -3.5402971975559212e-03  -3.4814737271258054e-03  -3.4187419886181833e-03  -3.3522063602929508e-03  -3.2819731732300975e-03  -3.2081513949974521e-03  -3.1308532872364810e-03  -3.0501950356172230e-03  -2.9662973582533624e-03  -2.8792860842597875e-03  -2.7892927068724534e-03  -2.6964549140660646e-03  -2.6009170918256850e-03  -2.5028307937253851e-03  -2.4023551870009955e-03  -2.2996574696111374e-03  -2.1949132608516378e-03  -2.0883069566522924e-03  -1.9800320594484987e-03  -1.8702914748437902e-03  -1.7592977875793105e-03  -1.6472735065947474e-03  -1.5344512969205748e-03  -1.4210741861200497e-03  -1.3073957704922102e-03  -1.1936803990377990e-03  -1.0802033609836864e-03  -9.6725101160756379e-04  -8.5512081401672708e-04  -7.4412107749159749e-04  -6.3457018768507093e-04  -5.2679485426404679e-04  -4.2112711628258651e-04  -3.1790004330200063e-04  -2.1744267798495809e-04  -1.2007513994158651e-04
  -1.1339867455628649e-04  -2.3081066256632442e-05   6.3274559712337558e-05   1.4541700540381488e-04   2.2311352435848159e-04   2.9614981419783665e-04   3.6432986108663541e-04   4.2747570083742528e-04   4.8542713050212525e-04   5.3804138463049538e-04   5.8519279526154260e-04   6.2677244095220687e-04   6.6268778958669585e-04   6.9286233905207573e-04   7.1723525872778105e-04   7.3576103200128674e-04   7.4840910357307959e-04   7.5516352974896485e-04   7.5602263541233632e-04   7.5099867513909275e-04   7.4011750179848708e-04   7.2341823958619526e-04   7.0095296469193649e-04   6.7278639003957885e-04   6.3899555722312469e-04   5.9966953170193459e-04   5.5490910437140651e-04   5.0482649515657221e-04   4.4954506181329003e-04   3.8919900943862123e-04   3.2393310379096133e-04   2.5390238314087582e-04   1.7927187392958338e-04   1.0021630162989291e-04   1.6919803635777287e-05  -7.0424361523931372e-05  -1.6161410689573817e-04  -2.5643881703186285e-04  -3.5467964772553998e-04  -4.5610983394615660e-04  -5.6049500193863355e-04  -6.6759349183142288e-04  -7.7715668341150380e-04  -8.8892933274475785e-04  -1.0026499135635349e-03  -1.1180509715980724e-03  -1.2348594843437180e-03  -1.3527972342727832e-03  -1.4715811874327252e-03  -1.5909238859478476e-03  -1.7105338458770405e-03  -1.8301159692236824e-03  -1.9493719608428576e-03  -2.0680007594481393e-03  -2.1856989725770391e-03  -2.3021613255794489e-03  -2.4170811132525069e-03  -2.5301506657008435e-03  -2.6410618158351170e-03  -2.7495063832395973e-03  -2.8551766629100065e-03  -2.9577659403193911e-03  -3.0569690255894612e-03  -3.1524828414698641e-03  -3.2440070828808178e-03  -3.3312450435829589e-03  -3.4139047106473311e-03  -3.4917003631964082e-03  -3.5643550388632559e-03  -3.6316045498696404e-03  -3.6932039058042276e-03  -3.7489372337607615e-03  -3.7986314291844413e-03  -3.8421715549497139e-03  -3.8795123139688820e-03  -3.9106789152079328e-03  -3.9357553961767979e-03  -3.9548657527407102e-03  -3.9681555570018259e-03  -3.9757783656519620e-03  -3.9778874231386607e-03  -3.9746312682619987e-03  -3.9661518019114524e-03  -3.9525837181486672e-03  -3.9340546805623775e-03  -3.9106858635550613e-03  -3.8825926845173450e-03  -3.8498856114502268e-03  -3.8126710067396463e-03  -3.7710519689004478e-03  -3.7251291683790019e-03  -3.6750016617777179e-03  -3.6207676888671773e-03  -3.5625254444104117e-03  -3.5003738301186619e-03  -3.4344131817922417e-03  -3.3647459763998340e-03  -3.2914775150737485e-03  -3.2147165854698361e-03  -3.1345761021453261e-03  -3.0511737218342555e-03  -2.9646324384507592e-03  -2.8750811552610768e-03  -2.7826552266143000e-03  -2.6874969759856180e-03  -2.5897561914918679e-03  -2.4895905901965733e-03  -2.3871662514437075e-03  -2.2826580197098743e-03  -2.1762498812521553e-03  -2.0681353101106178e-03  -1.9585175883240972e-03  -1.8476100981865821e-03  -1.7356365972134471e-03  -1.6228314763249477e-03  -1.5094400173003837e-03  -1.3957186502854880e-03  -1.2819352257343326e-03  -1.1683692803385794e-03  -1.0553122547330401e-03  -9.4306752322502289e-04  -8.3194996240928509e-04  -7.2228466789524476e-04  -6.1440434884039205e-04  -5.0864534944745508e-04  -4.0534261976614254e-04  -3.0482461313918269e-04  -2.0740885432080791e-04
  -1.9668289279123926e-04  -1.0630625196713229e-04  -1.9892386844636272e-05   6.2311314484341136e-05   1.4007541135898564e-04   2.1318837145754312e-04   2.8145642008707713e-04   3.4470332788157543e-04   4.0277014800293976e-04   4.5551493643101364e-04   5.0281244722169484e-04   5.4455382187436601e-04   5.8064626754267983e-04   6.1101273599494833e-04   6.3559159635812154e-04   6.5433631337674029e-04   6.6721512229406190e-04   6.7421071167145089e-04   6.7531990488039323e-04   6.7055335055250602e-04   6.5993521288218535e-04   6.4350287115934692e-04   6.2130661951696243e-04   5.9340937559217307e-04   5.5988638921183745e-04   5.2082495917325376e-04   4.7632414937391144e-04   4.2649451191978307e-04   3.7145780860480318e-04   3.1134673782395005e-04   2.4630465863395741e-04   1.7648531923443185e-04   1.0205257969722820e-04   2.3180139002721908e-05  -5.9948744876349609e-05  -1.4714153521563477e-04  -2.3819670288268021e-04  -3.3290401279977336e-04  -4.3104482155293744e-04  -5.3239237748424484e-04  -6.3671213027383382e-04  -7.4376204358448045e-04  -8.5329292055135884e-04  -9.6504873462267512e-04  -1.0787669735807860e-03  -1.1941789888745653e-03  -1.3110103587966777e-03  -1.4289812579551537e-03  -1.5478068413537999e-03  -1.6671976351360031e-03  -1.7868599419610250e-03  -1.9064962529066814e-03  -2.0258056737275636e-03  -2.1444843571480987e-03  -2.2622259491310178e-03  -2.3787220403747610e-03  -2.4936626317844774e-03  -2.6067366048686800e-03  -2.7176322078012608e-03  -2.8260375485588351e-03  -2.9316411095976205e-03  -3.0341322800682478e-03  -3.1332019344595856e-03  -3.2285430777062498e-03  -3.3198516247327624e-03  -3.4068273920725683e-03  -3.4891754952998122e-03  -3.5666084610747159e-03  -3.6388495798684341e-03  -3.7056382537201046e-03  -3.7667383621980610e-03  -3.8219502718117018e-03  -3.8711255701132990e-03  -3.9141804960529415e-03  -3.9511015534612146e-03  -3.9819391562114590e-03  -4.0067916755513276e-03  -4.0257869748892474e-03  -4.0390670824105614e-03  -4.0467779198995572e-03  -4.0490633502935558e-03  -4.0460621646281510e-03  -4.0379068156908195e-03  -4.0247231363735496e-03  -4.0066305841313689e-03  -3.9837427668678810e-03  -3.9561681107609251e-03  -3.9240106012031675e-03  -3.8873705543181953e-03  -3.8463454007735781e-03  -3.8010304670863387e-03  -3.7515197505406266e-03  -3.6979066814062369e-03  -3.6402848725789320e-03  -3.5787488532974159e-03  -3.5133947881362884e-03  -3.4443211784735053e-03  -3.3716295482432235e-03  -3.2954251110682031e-03  -3.2158174184473772e-03  -3.1329209909842235e-03  -3.0468559261381534e-03  -2.9577484822275674e-03  -2.8657316454862992e-03  -2.7709456683631083e-03  -2.6735385780703321e-03  -2.5736666585050973e-03  -2.4714949075957449e-03  -2.3671974632406721e-03  -2.2609579997005854e-03  -2.1529700938385213e-03  -2.0434375696552123e-03  -1.9325748216745301e-03  -1.8206071317717362e-03  -1.7077709832796241e-03  -1.5943143975917214e-03  -1.4804972947767068e-03  -1.3665918986208220e-03  -1.2528831303159115e-03  -1.1396689052249633e-03  -1.0272600300763827e-03  -9.1597931897532774e-04  -8.0615937549281163e-04  -6.9813886680086042e-04  -5.9225757809690976e-04  -4.8885112428138358e-04  -3.8824623230541370e-04  -2.9075709456024190e-04
  -2.7571995192035483e-04  -1.8526544449364957e-04  -9.8774990277405040e-05  -1.6492322140981754e-05   6.1356275501810208e-05   1.3456190629087096e-04   2.0293292243031232e-04   2.6629473278482786e-04   3.2448958092168279e-04   3.7737629340245577e-04   4.2483001554394781e-04   4.6674193392244839e-04   5.0301899225796941e-04   5.3358360108017068e-04   5.5837334642685598e-04   5.7734069549710411e-04   5.9045270483323018e-04   5.9769072783018035e-04   5.9905012648115157e-04   5.9453998412206015e-04   5.8418282311731209e-04   5.6801432437550946e-04   5.4608305187708850e-04   5.1845017920266068e-04   4.8518922055395858e-04   4.4638576347098228e-04   4.0213720511317634e-04   3.5255248948107124e-04   2.9775184690272570e-04   2.3786653356237298e-04   1.7303857176808571e-04   1.0342048842852984e-04   2.9175054078575159e-05  -4.9524982804231886e-05  -1.3249716307634743e-04  -2.1954958740593605e-04  -3.1048119247795289e-04  -4.0508203381086510e-04  -5.0313357253265910e-04  -6.0440896926725789e-04  -7.0867338671019961e-04  -8.1568430148728078e-04  -9.2519182410437069e-04  -1.0369390281027785e-03  -1.1506622892658702e-03  -1.2660916358282095e-03  -1.3829511098741086e-03  -1.5009591398612509e-03  -1.6198289247074697e-03  -1.7392688290012233e-03  -1.8589827902020183e-03  -1.9786707367123657e-03  -2.0980290180045123e-03  -2.2167508450488160e-03  -2.3345267425565908e-03  -2.4510450110687533e-03  -2.5659922007745641e-03  -2.6790535956542736e-03  -2.7899137111681051e-03  -2.8982568071577878e-03  -3.0037674255405742e-03  -3.1061309645071286e-03  -3.2050343154131637e-03  -3.3001666004712797e-03  -3.3912200968570934e-03  -3.4778914961604091e-03  -3.5598837595384220e-03  -3.6369089686334776e-03  -3.7086928620949462e-03  -3.7749819429668831e-03  -3.8355539537214389e-03  -3.8902314851635136e-03  -3.9388960424128318e-03  -3.9814969377248563e-03  -4.0180497590903055e-03  -4.0486241823111616e-03  -4.0733266372887439e-03  -4.0922840915034843e-03  -4.1056321336806825e-03  -4.1135075108821783e-03  -4.1160439702642619e-03  -4.1133702130034507e-03  -4.1056090789823984e-03  -4.0928774326972157e-03  -4.0752864322556159e-03  -4.0529420157928500e-03  -4.0259455043402835e-03  -3.9943942730866098e-03  -3.9583824569576348e-03  -3.9180016763898356e-03  -3.8733417700007305e-03  -3.8244915298980267e-03  -3.7715394334191963e-03  -3.7145743701880291e-03  -3.6536863609139439e-03  -3.5889672675101991e-03  -3.5205114924797098e-03  -3.4484166663054198e-03  -3.3727843215060243e-03  -3.2937205532699238e-03  -3.2113366602243162e-03  -3.1257497706417385e-03  -3.0370834495928581e-03  -2.9454682776735510e-03  -2.8510424092252360e-03  -2.7539521083312021e-03  -2.6543522559417322e-03  -2.5524068242304839e-03  -2.4482893247855485e-03  -2.3421832301887100e-03  -2.2342823751203859e-03  -2.1247913371040096e-03  -2.0139258135039775e-03  -1.9019130026613020e-03  -1.7889920198973376e-03  -1.6754143597875210e-03  -1.5614444346449207e-03  -1.4473601549291463e-03  -1.3334534686814988e-03  -1.2200305826530434e-03  -1.1074114247597250e-03  -9.9592778725998221e-04  -8.8591982022089011e-04  -7.7773116463572913e-04  -6.7170352467934603e-04  -5.6817169051778121e-04  -4.6745957020680770e-04  -3.6987740261267791e-04
  -3.5029029093263048e-04  -2.5974353414033005e-04  -1.7316234730305321e-04  -9.0786954285237238e-05  -1.2840637072420282e-05   6.0470202010477325e-05   1.2895592148081465e-04   1.9244347572935764e-04   2.5077621996006045e-04   3.0381369507046689e-04   3.5143139678722258e-04   3.9352053115001987e-04   4.2998776409321486e-04   4.6075496295455709e-04   4.8575893578166177e-04   5.0495116720806598e-04   5.1829755453854640e-04   5.2577814303962655e-04   5.2738686334178426e-04   5.2313126935774144e-04   5.1303227948516664e-04   4.9712391888481885e-04   4.7545306546988009e-04   4.4807919691512601e-04   4.1507414128572745e-04   3.7652182808391556e-04   3.3251804235806179e-04   2.8317017827462706e-04   2.2859699488244267e-04   1.6892836992906648e-04   1.0430505470093775e-04   3.4878426012941951e-05  -3.9189763621868233e-05  -1.1772763883031545e-04  -2.0055345706344353e-04  -2.8747587202749441e-04  -3.7829419917133063e-04  -4.7279868863304682e-04  -5.7077080522476746e-04  -6.7198351856631003e-04  -7.7620159854373911e-04  -8.8318192150307038e-04  -9.9267378505416134e-04  -1.1044192362025412e-03  -1.2181534083892448e-03  -1.3336048719954309e-03  -1.4504959942421678e-03  -1.5685433137627455e-03  -1.6874579251651991e-03  -1.8069458789070326e-03  -1.9267085909476583e-03  -2.0464432678793383e-03  -2.1658433412922382e-03  -2.2845989175804922e-03  -2.4023972364564748e-03  -2.5189231450286568e-03  -2.6338595810503108e-03  -2.7468880738357954e-03  -2.8576892587250107e-03  -2.9659434182093001e-03  -3.0713310521710956e-03  -3.1735335052759878e-03  -3.2722336809960263e-03  -3.3671169247240077e-03  -3.4578721851473157e-03  -3.5441936681206328e-03  -3.6257833235868691e-03  -3.7023547695733249e-03  -3.7736394017140453e-03  -3.8393955300535867e-03  -3.8994207364776079e-03  -3.9535657394397126e-03  -4.0017452610976861e-03  -4.0439403995986018e-03  -4.0801903935565112e-03  -4.1105773430558535e-03  -4.1352099816412127e-03  -4.1542106196646158e-03  -4.1677063479735217e-03  -4.1758237610231841e-03  -4.1786860896334699e-03  -4.1764118048685690e-03  -4.1691140935345497e-03  -4.1569008296978328e-03  -4.1398748397213714e-03  -4.1181343358867792e-03  -4.0917734563479117e-03  -4.0608828677819791e-03  -4.0255504109049343e-03  -3.9858617710181116e-03  -3.9419011666033590e-03  -3.8937520472216826e-03  -3.8414977980651653e-03  -3.7852224458821779e-03  -3.7250113652431485e-03  -3.6609519814422586e-03  -3.5931344689352413e-03  -3.5216524428680540e-03  -3.4466036420747522e-03  -3.3680905994297929e-03  -3.2862213029790349e-03  -3.2011098371983330e-03  -3.1128770058522111e-03  -3.0216509404068347e-03  -2.9275676827883019e-03  -2.8307717387948553e-03  -2.7314166081952120e-03  -2.6296652920635003e-03  -2.5256907742583191e-03  -2.4196764795017898e-03  -2.3118167160010609e-03  -2.2023171170192247e-03  -2.0913950988109492e-03  -1.9792803623050912e-03  -1.8662154677689703e-03  -1.7524565109317131e-03  -1.6382738958823923e-03  -1.5239531114016416e-03  -1.4097952585688115e-03  -1.2961168331358049e-03  -1.1832481785439947e-03  -1.0715301790289160e-03  -9.6130943898431801e-04  -8.5293274746879426e-04  -7.4674186650736237e-04  -6.4306929781442321e-04  -5.4223522437218746e-04  -4.4454548056512141e-04
  -4.2019218856241677e-04  -3.2954275051773167e-04  -2.4286038057285352e-04  -1.6038196849477008e-04  -8.2327957713589084e-05  -8.9023962523038409e-06   5.9706957589167982e-05   1.2332849912783609e-04   1.8180661373572702e-04   2.3500149285190846e-04   2.8278893317650608e-04   3.2506012701346209e-04   3.6172144009093479e-04   3.9269418577961507e-04   4.1791439201987243e-04   4.3733256714993652e-04   4.5091346199297561e-04   4.5863583288611640e-04   4.6049220291674966e-04   4.5648862559734596e-04   4.4664444774583341e-04   4.3099207554784299e-04   4.0957674019664165e-04   3.8245626683900498e-04   3.4970084286737040e-04   3.1139278918568291e-04   2.6762633014520423e-04   2.1850736567345891e-04   1.6415324099623425e-04   1.0469251758916996e-04   4.0264740417416376e-05  -2.8979795548238067e-05  -1.0288028255478086e-04  -1.8126564097941333e-04  -2.6395476613967324e-04  -3.5075677734053182e-04  -4.4147127678608009e-04  -5.3588861446110243e-04  -6.3379016109685847e-04  -7.3494858756884603e-04  -8.3912815711597861e-04  -9.4608502649701914e-04  -1.0555675593856488e-03  -1.1673166486758663e-03  -1.2810660529405319e-03  -1.3965427437881341e-03  -1.5134672685573854e-03  -1.6315541241693756e-03  -1.7505121466604779e-03  -1.8700449119651789e-03  -1.9898511527926916e-03  -2.1096251866372486e-03  -2.2290573600270190e-03  -2.3478345036450914e-03  -2.4656404038826147e-03  -2.5821562857487870e-03  -2.6970613137532193e-03  -2.8100331076012564e-03  -2.9207482830286213e-03  -3.0288830218455041e-03  -3.1341136956724363e-03  -3.2361175706191658e-03  -3.3345736566051218e-03  -3.4291637915327979e-03  -3.5195741474530070e-03  -3.6054974631868457e-03  -3.6866364944272076e-03  -3.7627093368971312e-03  -3.8334574557877506e-03  -3.8986568305199860e-03  -3.9581311688060544e-03  -4.0117637450646096e-03  -4.0595026517444279e-03  -4.1013562113331094e-03  -4.1373802755498151e-03  -4.1676627513944943e-03  -4.1923099870036637e-03  -4.2114369327505789e-03  -4.2251608580314345e-03  -4.2335976776312814e-03  -4.2368599589416907e-03  -4.2350559558148307e-03  -4.2282892527348188e-03  -4.2166587768938798e-03  -4.2002590351897231e-03  -4.1791804954176290e-03  -4.1535100622277646e-03  -4.1233316188723267e-03  -4.0887266152838551e-03  -4.0497746900785784e-03  -4.0065543174874737e-03  -3.9591434727709830e-03  -3.9076203111384688e-03  -3.8520638564141290e-03  -3.7925546959722430e-03  -3.7291756792268353e-03  -3.6620126171255560e-03  -3.5911549795764859e-03  -3.5166965885367633e-03  -3.4387363055082762e-03  -3.3573787051547283e-03  -3.2727347407039004e-03  -3.1849223939609370e-03  -3.0940673008773368e-03  -3.0003033591309344e-03  -2.9037733185220517e-03  -2.8046293446060372e-03  -2.7030335570697372e-03  -2.5991585495088749e-03  -2.4931879021859830e-03  -2.3853166980827246e-03  -2.2757520651519236e-03  -2.1647137728998764e-03  -2.0524349265743196e-03  -1.9391627918331771e-03  -1.8251597637278709e-03  -1.7107043858908544e-03  -1.5960921673172502e-03  -1.4816356654513945e-03  -1.3676631953043741e-03  -1.2545156882091057e-03  -1.1425418900220202e-03  -1.0320927315411472e-03  -9.2351591889914728e-04  -8.1715147539821180e-04  -7.1332845053089964e-04  -6.1236268606564719e-04  -5.1455537624694450e-04
  -4.8524173930583874e-04  -3.9448259618279566e-04  -3.0769179273501166e-04  -2.2510306088985885e-04  -1.4693416924824025e-04  -7.3386964648301063e-05  -4.6474492458618497e-06   5.9114107494950309e-05   1.1774303298006878e-04   1.7110009745401359e-04   2.1906134552575254e-04   2.6151791324697648e-04   2.9837583850813101e-04   3.2955586166561173e-04   3.5499322248766637e-04   3.7463745163345604e-04   3.8845216057918370e-04   3.9641482867320914e-04   3.9851659040708500e-04   3.9476202121699875e-04   3.8516892462461512e-04   3.6976811861290414e-04   3.4860322375871431e-04   3.2173045071372459e-04   2.8921838935275495e-04   2.5114779683467437e-04   2.0761138677617404e-04   1.5871361652984378e-04   1.0457047468102095e-04   4.5309265386499339e-05  -1.8931608328972779e-05  -8.8002865183914205e-05  -1.6174457024958314e-04  -2.3998636359842803e-04  -3.2254769398468923e-04  -4.0923806132609213e-04  -4.9985726368944531e-04  -5.9419565258372431e-04  -6.9203439790838052e-04  -7.9314576409217482e-04  -8.9729339436322303e-04  -1.0042326066216573e-03  -1.1137107009386890e-03  -1.2254672813591235e-03  -1.3392345899060740e-03  -1.4547378549553348e-03  -1.5716956524714455e-03  -1.6898202827584881e-03  -1.8088181609134178e-03  -1.9283902233825823e-03  -2.0482323482874836e-03  -2.1680357919981958e-03  -2.2874876393899350e-03  -2.4062712705680556e-03  -2.5240668418356322e-03  -2.6405517845424103e-03  -2.7554013216949370e-03  -2.8682890092322382e-03  -2.9788873086106812e-03  -3.0868682081726492e-03  -3.1919039186303509e-03  -3.2936676936432510e-03  -3.3918348634217779e-03  -3.4860842435432788e-03  -3.5761001755848986e-03  -3.6615756020738043e-03  -3.7422167873244223e-03  -3.8177504570483184e-03  -3.8879338367925915e-03  -3.9525670320157838e-03  -4.0115051477206355e-03  -4.0646654820182693e-03  -4.1120260103426447e-03  -4.1536154001564247e-03  -4.1894988517585411e-03  -4.2197644888311544e-03  -4.2445128397369317e-03  -4.2638497310013082e-03  -4.2778818804913264e-03  -4.2867143265032893e-03  -4.2904490145861986e-03  -4.2891840983140042e-03  -4.2830136787476922e-03  -4.2720278232619389e-03  -4.2563127665540285e-03  -4.2359512384178141e-03  -4.2110228811976184e-03  -4.1816047354463698e-03  -4.1477717766631303e-03  -4.1095974934299319e-03  -4.0671544972273798e-03  -4.0205151589107948e-03  -3.9697522655467625e-03  -3.9149396943407499e-03  -3.8561530991835951e-03  -3.7934706072362536e-03  -3.7269735214355863e-03  -3.6567470270415414e-03  -3.5828808980011865e-03  -3.5054701990369476e-03  -3.4246159853151366e-03  -3.3404259878119799e-03  -3.2530152854900103e-03  -3.1625069682105762e-03  -3.0690327786017961e-03  -2.9727337292083681e-03  -2.8737607053913147e-03  -2.7722750576512070e-03  -2.6684491894189660e-03  -2.5624671517220947e-03  -2.4545252739973898e-03  -2.3448328659409282e-03  -2.2336130413843696e-03  -2.1211037062758660e-03  -2.0075587316790641e-03  -1.8932492228799201e-03  -1.7784646139686658e-03  -1.6635130317247874e-03  -1.5487202223406582e-03  -1.4344265342869271e-03  -1.3209821095444608e-03  -1.2087411524087082e-03  -1.0980563487047309e-03  -9.8927421239307627e-04  -8.8273160063602680e-04  -7.7875330436665067e-04  -6.7765045932634770e-04  -5.7971954038713166e-04
  -5.4527271699561161e-04  -4.5439974418293931e-04  -3.6749596205254615e-04  -2.8479213663656802e-04  -2.0650353641428910e-04  -1.3282995403287126e-04  -6.3955766511128529e-05  -5.0020262841888458e-08   5.8733462259956057e-05   1.1225595595628192e-04   1.6039369162789514e-04   2.0303770383856608e-04   2.4009366700534834e-04   2.7148172517566828e-04   2.9713631463557837e-04   3.1700598242134868e-04   3.3105320091979273e-04   3.3925418030057589e-04   3.4159867888405751e-04   3.3808981281491235e-04   3.2874386465701834e-04   3.1359009206605669e-04   2.9267053578977624e-04   2.6603982791666343e-04   2.3376499927520514e-04   1.9592528679792049e-04   1.5261193940716055e-04   1.0392802312272280e-04   4.9988223655354053e-05  -9.0813527553034053e-06  -7.3143382262929333e-05  -1.4204953012665633e-04  -2.1564066119002007e-04  -2.9374705713637291e-04  -3.7618863981820120e-04  -4.6277519994181973e-04  -5.5330663574463244e-04  -6.4757320108570302e-04  -7.4535576183667302e-04  -8.4642606210473819e-04  -9.5054700359899365e-04  -1.0574729376936170e-03  -1.1669499701467483e-03  -1.2787162785580781e-03  -1.3925024444143190e-03  -1.5080318000990701e-03  -1.6250207917826117e-03  -1.7431793577433439e-03  -1.8622113229362245e-03  -1.9818148093057346e-03  -2.1016826628446664e-03  -2.2215028966969209e-03  -2.3409591515146651e-03  -2.4597311726048425e-03  -2.5774953058500995e-03  -2.6939250137404600e-03  -2.8086914161221397e-03  -2.9214638628349294e-03  -3.0319105519876809e-03  -3.1396992193715610e-03  -3.2444979444999893e-03  -3.3459761539482895e-03  -3.4438059548636598e-03  -3.5376640184446632e-03  -3.6272343768881171e-03  -3.7122126957898549e-03  -3.7923126883245622e-03  -3.8672751890370376e-03  -3.9368796801528914e-03  -4.0009562537070276e-03  -4.0593939902932134e-03  -4.1121418533726951e-03  -4.1592012645143214e-03  -4.2006135833596147e-03  -4.2364469717848172e-03  -4.2667855755601459e-03  -4.2917218252049149e-03  -4.3113514179952276e-03  -4.3257702225154172e-03  -4.3350724392599085e-03  -4.3393495590835279e-03  -4.3386898234890519e-03  -4.3331780124122015e-03  -4.3228954506543942e-03  -4.3079201705061992e-03  -4.2883271881605659e-03  -4.2641888691273520e-03  -4.2355753628087155e-03  -4.2025550946369261e-03  -4.1651953043655840e-03  -4.1235626242889078e-03  -4.0777236897772346e-03  -4.0277457781852351e-03  -3.9736974706807539e-03  -3.9156493338324393e-03  -3.8536746164395887e-03  -3.7878499590318967e-03  -3.7182561111156194e-03  -3.6449786537683217e-03  -3.5681087246410125e-03  -3.4877437364371914e-03  -3.4039880942029624e-03  -3.3169539036374462e-03  -3.2267616605638778e-03  -3.1335409307545296e-03  -3.0374310236611110e-03  -2.9385816545994710e-03  -2.8371536049448432e-03  -2.7333194015206966e-03  -2.6272640477765672e-03  -2.5191858453469337e-03  -2.4092973609334094e-03  -2.2978265919217098e-03  -2.1850183564073927e-03  -2.0711358225754574e-03  -1.9564618794615128e-03  -1.8412997573386866e-03  -1.7259721302457052e-03  -1.6108181722665075e-03  -1.4961887164511407e-03  -1.3824404157001982e-03  -1.2699300128188712e-03  -1.1590095214614577e-03  -1.0500225831816922e-03  -9.4330191185082923e-04  -8.3916757695004377e-04  -7.3792588202432874e-04  -6.3986864054762474e-04
  -6.0013637024319052e-04  -5.0914783928016961e-04  -4.2212878294417837e-04  -3.3930718963114071e-04  -2.6089599814691812e-04  -1.8709310337970491e-04  -1.1808138975901144e-04  -5.4028791993888242e-05   4.9116217517310677e-06   5.8601551308288657e-05   1.0691735060549103e-04   1.4974990062010434e-04   1.8700447356108851e-04   2.1860058783821322e-04   2.4447185685414407e-04   2.6456583243547127e-04   2.7884384405054644e-04   2.8728083503647269e-04   2.8986519631851097e-04   2.8659859843109905e-04   2.7749582216007786e-04   2.6258458814153564e-04   2.4190538553932968e-04   2.1551129977530727e-04   1.8346783929968323e-04   1.4585276096674288e-04   1.0275589394791737e-04   5.4278961417951704e-05   5.3539991080604320e-07  -5.8349824831910313e-05  -1.2224040564439711e-04  -1.9098888598588108e-04  -2.6443685864102726e-04  -3.4241516895101723e-04  -4.2474412568096901e-04  -5.1123372137394630e-04  -6.0168386001967374e-04  -6.9588459366424962e-04  -7.9361637160520605e-04  -8.9465030178469129e-04  -9.9874842337010182e-04  -1.1056639919307261e-03  -1.2151417794461720e-03  -1.3269183899094505e-03  -1.4407225905561762e-03  -1.5562756588709647e-03  -1.6732917459858498e-03  -1.7914782571561516e-03  -1.9105362496850962e-03  -2.0301608487621227e-03  -2.1500416811753359e-03  -2.2698633275784804e-03  -2.3893057934347957e-03  -2.5080450001528348e-03  -2.6257532980422348e-03  -2.7421000051891234e-03  -2.8567519793889140e-03  -2.9693742359662885e-03  -3.0796306353348328e-03  -3.1871846798693167e-03  -3.2917004900158103e-03  -3.3928440765374043e-03  -3.4902851133499862e-03  -3.5836995422271582e-03  -3.6727734900380221e-03  -3.7572090847808205e-03  -3.8367327405783129e-03  -3.9111058784713822e-03  -3.9801364722329060e-03  -4.0436880613579701e-03  -4.1016824183062392e-03  -4.1540943560043064e-03  -4.2009409563974927e-03  -4.2422692459211861e-03  -4.2781454262556268e-03  -4.3086468324820652e-03  -4.3338564586357948e-03  -4.3538594219168269e-03  -4.3687407415217636e-03  -4.3785839740645271e-03  -4.3834704014199307e-03  -4.3834785850900022e-03  -4.3786841713784851e-03  -4.3691598781678744e-03  -4.3549756180621818e-03  -4.3361987293827195e-03  -4.3128942941145464e-03  -4.2851255287216393e-03  -4.2529542359938501e-03  -4.2164413098231615e-03  -4.1756472850410838e-03  -4.1306329270547242e-03  -4.0814598555943705e-03  -4.0281911984272230e-03  -3.9708922705946293e-03  -3.9096312755047252e-03  -3.8444800233956274e-03  -3.7755146642557773e-03  -3.7028164302934292e-03  -3.6264723829679962e-03  -3.5465761664190062e-03  -3.4632287540695868e-03  -3.3765391906990273e-03  -3.2866253362252625e-03  -3.1936146009178771e-03  -3.0976446739716360e-03  -2.9988642667764104e-03  -2.8974338915216794e-03  -2.7935267029233889e-03  -2.6873294467785504e-03  -2.5790435799345071e-03  -2.4688866273221803e-03  -2.3570938048154666e-03  -2.2439198187437920e-03  -2.1296405150457078e-03  -2.0145537426400507e-03  -1.8989786056136555e-03  -1.7832525478222515e-03  -1.6677264406909152e-03  -1.5527586186271890e-03  -1.4387090128566843e-03  -1.3259341955071647e-03  -1.2147836089316764e-03  -1.1055968891573761e-03  -9.9870204005621504e-04  -8.9441421246334906e-04  -7.9303489340718121e-04  -6.9485136911213302e-04
  -6.4970116690037799e-04  -5.5859729344306095e-04  -4.7146247864212417e-04  -3.8852213010049665e-04  -3.0998703239269536e-04  -2.3605333220416301e-04  -1.6690255380910624e-04  -1.0270163655173338e-04  -4.3602990623823647e-05   1.0255427688490772e-05   5.8750027172900423e-05   1.0177148129026379e-04   1.3922461650532061e-04   1.7102829278525106e-04   1.9711527691517686e-04   2.1743210993409963e-04   2.3193897033759467e-04   2.4060953318966985e-04   2.4343082668286603e-04   2.4040308602091710e-04   2.3153960564190317e-04   2.1686658952830618e-04   1.9642300021052597e-04   1.7026040604379558e-04   1.3844282696486487e-04   1.0104657826234505e-04   5.8160112152769953e-05   9.8838566460370111e-06  -4.3669948873601956e-05  -1.0237742178127008e-04  -1.6610320891524932e-04  -2.3470066512150032e-04  -3.0801203645304813e-04  -3.8586865222540231e-04  -4.6809112429443207e-04  -5.5448955379417222e-04  -6.4486374908220281e-04  -7.3900345553942000e-04  -8.3668859508954701e-04  -9.3768951793013759e-04  -1.0417672690674921e-03  -1.1486738702934977e-03  -1.2581526167136127e-03  -1.3699383888036696e-03  -1.4837579811183704e-03  -1.5993304489873984e-03  -1.7163674734575116e-03  -1.8345737449175106e-03  -1.9536473656287454e-03  -2.0732802715928930e-03  -2.1931586744022348e-03  -2.3129635236043638e-03  -2.4323709910482839e-03  -2.5510529789851783e-03  -2.6686776559422662e-03  -2.7849100270186384e-03  -2.8994125504600305e-03  -3.0118458219170435e-03  -3.1218693624009103e-03  -3.2291425750684546e-03  -3.3333259807749025e-03  -3.4340829184369257e-03  -3.5310819965401765e-03  -3.6240007161991166e-03  -3.7125308302918139e-03  -3.7963860047033676e-03  -3.8753117802756594e-03  -3.9490965921834820e-03  -4.0175810443089256e-03  -4.0806617871403193e-03  -4.1382881648856290e-03  -4.1904531365137823e-03  -4.2371819636974738e-03  -4.2785217757782719e-03  -4.3145334264798364e-03  -4.3452857322392371e-03  -4.3708516018536193e-03  -4.3913054969657618e-03  -4.4067217803946323e-03  -4.4171736509310052e-03  -4.4227324727479679e-03  -4.4234673807862571e-03  -4.4194450881418247e-03  -4.4107298489764832e-03  -4.3973835455656711e-03  -4.3794658783751677e-03  -4.3570346430496119e-03  -4.3301460825959613e-03  -4.2988553049878725e-03  -4.2632167585139437e-03  -4.2232847582984422e-03  -4.1791140584090643e-03  -4.1307604644935866e-03  -4.0782814826750740e-03  -4.0217370001384926e-03  -3.9611899935233820e-03  -3.8967072611211379e-03  -3.8283601741553579e-03  -3.7562254436173635e-03  -3.6803858999819930e-03  -3.6009312757776112e-03  -3.5179589987216677e-03  -3.4315749881250186e-03  -3.3418944476790429e-03  -3.2490426720819376e-03  -3.1531558830693780e-03  -3.0543821053966866e-03  -2.9528821174292486e-03  -2.8488305352416480e-03  -2.7424171049733538e-03  -2.6338482748706838e-03  -2.5233490765989445e-03  -2.4111652157141703e-03  -2.2975650062321594e-03  -2.1828404529095533e-03  -2.0673066061576706e-03  -1.9512986282697225e-03  -1.8351667853243848e-03  -1.7192703524356347e-03  -1.6039716189396687e-03  -1.4896308136595612e-03  -1.3766022290787722e-03  -1.2652314485337209e-03  -1.1558534329661717e-03  -1.0487912189198489e-03  -9.4435503232731337e-04  -8.4284167858861303e-04  -7.4453411784823761e-04
  -6.9385250952819807e-04  -6.0263501852235793e-04  -5.1538537864261914e-04  -4.3232660418152016e-04  -3.5366749451849603e-04  -2.7960260220561968e-04  -2.1031222435356029e-04  -1.4596241736637922e-04  -8.6705032582544590e-05  -3.2677765902156854e-05   1.5995777494698382e-05   5.9206005786377035e-05   9.6857253759478380e-05   1.2886768684762864e-04   1.5516919797103424e-04   1.7570729865236867e-04   1.9044100467707488e-04   1.9934271818768503e-04   2.0239810589175187e-04   1.9960597487392599e-04   1.9097814557895434e-04   1.7653932297899194e-04   1.5632696533438462e-04   1.3039115118602951e-04   9.8794443882115014e-05   6.1611753842110198e-05   1.8930197836152418e-05  -2.9151044892788969e-05  -8.2520880397098312e-05  -1.4105645229073993e-04  -2.0462329931066135e-04  -2.7307551818703886e-04  -3.4625593495658368e-04  -4.2399628203100364e-04  -5.0611738470248552e-04  -5.9242935861796584e-04  -6.8273181663839970e-04  -7.7681408611607133e-04  -8.7445544101673670e-04  -9.7542534817355924e-04  -1.0794837271747939e-03  -1.1863812248246158e-03  -1.2958595071016368e-03  -1.4076515690865645e-03  -1.5214820634888624e-03  -1.6370676475503598e-03  -1.7541173495324038e-03  -1.8723329552213885e-03  -1.9914094155278495e-03  -2.1110352755908130e-03  -2.2308931263444369e-03  -2.3506600797366709e-03  -2.4700082697015060e-03  -2.5886053825926849e-03  -2.7061152236267125e-03  -2.8221983305645321e-03  -2.9365126552286522e-03  -3.0487143471674655e-03  -3.1584587007927232e-03  -3.2654013655282902e-03  -3.3691999845316266e-03  -3.4695165207652878e-03  -3.5660206694381785e-03  -3.6583948857300064e-03  -3.7463415133845452e-03  -3.8295920579363906e-03  -3.9079176917344730e-03  -3.9811385169163816e-03  -4.0491281995461651e-03  -4.1118120755430842e-03  -4.1691595949198638e-03  -4.2211741074461746e-03  -4.2678829690069864e-03  -4.3093295078173782e-03  -4.3455671423600220e-03  -4.3766552925902646e-03  -4.4026565982223211e-03  -4.4236350289869365e-03  -4.4396545967696540e-03  -4.4507784784808165e-03  -4.4570684311853494e-03  -4.4585844238263245e-03  -4.4553844387061649e-03  -4.4475244102284012e-03  -4.4350582798087625e-03  -4.4180381500102022e-03  -4.3965145262955313e-03  -4.3705366358481627e-03  -4.3401528158942175e-03  -4.3054109642643081e-03  -4.2663590466478539e-03  -4.2230456550684222e-03  -4.1755206132753622e-03  -4.1238356242014398e-03  -4.0680449558560183e-03  -4.0082061610715617e-03  -3.9443808270461685e-03  -3.8766353510136893e-03  -3.8050417374641274e-03  -3.7296784117356167e-03  -3.6506310538889416e-03  -3.5679934400185583e-03  -3.4818682990557506e-03  -3.3923681999844476e-03  -3.2996164699312281e-03  -3.2037481639310920e-03  -3.1049111402768849e-03  -3.0032673044608910e-03  -2.8989940944989961e-03  -2.7922862826645113e-03  -2.6833581268357119e-03  -2.5724457587025366e-03  -2.4598094079948110e-03  -2.3457347067628908e-03  -2.2305321389025231e-03  -2.1145340528762949e-03  -1.9980895081081803e-03  -1.8815580214876660e-03  -1.7653034465950411e-03  -1.6496888025568429e-03  -1.5350723180420380e-03  -1.4218045846532122e-03  -1.3102265732124209e-03  -1.2006682631558762e-03  -1.0934476895902644e-03  -9.8887026915226209e-04  -8.8722831513894532e-04  -7.8880068302304425e-04
  -7.3249242200141922e-04  -6.4116416685669497e-04  -5.5380168053822368e-04  -4.7062577530866765e-04  -3.9184343540175632e-04  -3.1764776556690339e-04  -2.4821796572539918e-04  -1.8371932532076137e-04  -1.2430323412523231e-04  -7.0107211359507829e-05  -2.1254947784515432e-05   2.2143640829228300e-05   5.9992349092270313e-05   9.2208609187252166e-05   1.1872341060613226e-04   1.3948121334699231e-04   1.5443985634145340e-04   1.6357046093030221e-04   1.6685733109654847e-04   1.6429785002754216e-04   1.5590237422998432e-04   1.4169412465402922e-04   1.2170907565960901e-04   9.5995841116072061e-05   6.4615558079599207e-05   2.7641767289679508e-05  -1.4839709492535900e-05  -6.2730896111330313e-05  -1.1592179296543990e-04  -1.7429051303288144e-04  -2.3770342356477833e-04  -3.0601529515679433e-04  -3.7906945667417319e-04  -4.5669796068629359e-04  -5.3872175761738835e-04  -6.2495087911668633e-04  -7.1518463422958031e-04  -8.0921181963115852e-04  -9.0681094141047353e-04  -1.0077504512983324e-03  -1.1117889998220097e-03  -1.2186757076319053e-03  -1.3281504537927282e-03  -1.4399441824958848e-03  -1.5537792290782615e-03  -1.6693696673371818e-03  -1.7864216782080805e-03  -1.9046339409671343e-03  -2.0236980471050794e-03  -2.1432989383772952e-03  -2.2631153701336160e-03  -2.3828204025528234e-03  -2.5020819233103021e-03  -2.6205632084505400e-03  -2.7379235322766314e-03  -2.8538188461489622e-03  -2.9679025583188500e-03  -3.0798264718290115e-03  -3.1892419724408208e-03  -3.2958016229127900e-03  -3.3991614095601527e-03  -3.4989840097924309e-03  -3.5949435406928327e-03  -3.6867322280226878e-03  -3.7740691339047065e-03  -3.8567101729718375e-03  -3.9344571464514219e-03  -4.0071628275176099e-03  -4.0747301733750551e-03  -4.1371060621388277e-03  -4.1942721807833334e-03  -4.2462358003380841e-03  -4.2930220204897684e-03  -4.3346679181950672e-03  -4.3712183558218057e-03  -4.4027230392485756e-03  -4.4292344473695257e-03  -4.4508063603809819e-03  -4.4674928026578499e-03  -4.4793472845229510e-03  -4.4864222687455478e-03  -4.4887688152731699e-03  -4.4864363725595265e-03  -4.4794726944642482e-03  -4.4679238663626200e-03  -4.4518344288253025e-03  -4.4312475886473671e-03  -4.4062055095450310e-03  -4.3767496754274207e-03  -4.3429213205380757e-03  -4.3047619212318866e-03  -4.2623137448191753e-03  -4.2156204510460562e-03  -4.1647277424187879e-03  -4.1096840590353519e-03  -4.0505413142049905e-03  -3.9873556670561132e-03  -3.9201883275667565e-03  -3.8491063914150802e-03  -3.7741837033353756e-03  -3.6955017411191985e-03  -3.6131505348051558e-03  -3.5272296213936494e-03  -3.4378490409082483e-03  -3.3451304171562271e-03  -3.2492081739980590e-03  -3.1502309396915541e-03  -3.0483632230199230e-03  -2.9437874580845918e-03  -2.8367064602673620e-03  -2.7273461592697982e-03  -2.6159581455642142e-03  -2.5028211804529526e-03  -2.3882406795760558e-03  -2.2725456197884410e-03  -2.1560832239977314e-03  -2.0392125519832832e-03  -1.9222982561855088e-03  -1.8057053201927216e-03  -1.6897950347726444e-03  -1.5749220935230828e-03  -1.4614325540401331e-03  -1.3496624127578185e-03  -1.2399365977711918e-03  -1.1325682414209926e-03  -1.0278581423720005e-03  -9.2609435733933588e-04  -8.2755188555213069e-04
  -7.6553922446679387e-04  -6.7410382490349459e-04  -5.8663118787302421e-04  -5.0334010309347485e-04  -4.2443590148478669e-04  -3.5011038806712167e-04  -2.8054179487438727e-04  -2.1589475484252215e-04  -1.5632029483409610e-04  -1.0195584182258769e-04  -5.2925243195193691e-05  -9.3387994472551514e-06   2.8706694001773888e-05   6.1127895643261175e-05   8.7854859409039650e-05   1.0883097001984730e-04   1.2401287252956352e-04   1.3337039764502612e-04   1.3688648263296323e-04   1.3455708904491618e-04   1.2639111696390319e-04   1.1241031656050835e-04   9.2649196501811771e-05   6.7154929649296063e-05   3.5987255470210327e-05  -7.8162082561632987e-07  -4.3067133033284732e-05  -9.0772462956795652e-05  -1.4378865430639807e-04  -2.0199473228262439e-04  -2.6525782963106521e-04  -3.3343331927794507e-04  -4.0636495679093878e-04  -4.8388503008462021e-04  -5.6581452002823010e-04  -6.5196327382381018e-04  -7.4213018959290574e-04  -8.3610341321121930e-04  -9.3366055210311930e-04  -1.0345689055342574e-03  -1.1385857109418396e-03  -1.2454584072996565e-03  -1.3549249187331134e-03  -1.4667139590816194e-03  -1.5805453583054589e-03  -1.6961304106459440e-03  -1.8131722461290369e-03  -1.9313662261925847e-03  -2.0504003652851480e-03  -2.1699557797218508e-03  -2.2897071664993978e-03  -2.4093233157140102e-03  -2.5284676632412158e-03  -2.6467988944561456e-03  -2.7639716180165000e-03  -2.8796371409981992e-03  -2.9934444000473122e-03  -3.1050411375080646e-03  -3.2140754709158522e-03  -3.3201980828843638e-03  -3.4230653627293941e-03  -3.5223439249895839e-03  -3.6177169476658095e-03  -3.7088924692995108e-03  -3.7956128781815104e-03  -3.8776636290984170e-03  -3.9548785917247172e-03  -4.0271400198845821e-03  -4.0943733588492204e-03  -4.1565391852486644e-03  -4.2136247058692866e-03  -4.2656364066696898e-03  -4.3125943580182742e-03  -4.3545280253883788e-03  -4.3914732487300625e-03  -4.4234700516703274e-03  -4.4505610300816373e-03  -4.4727901472153614e-03  -4.4902018251096578e-03  -4.5028402619281581e-03  -4.5107489302025992e-03  -4.5139702265611552e-03  -4.5125452524363199e-03  -4.5065137109331918e-03  -4.4959139084202225e-03  -4.4807828516787024e-03  -4.4611564329411733e-03  -4.4370696964679641e-03  -4.4085571808898513e-03  -4.3756533327186922e-03  -4.3383929863051070e-03  -4.2968119066001615e-03  -4.2509473907171962e-03  -4.2008389247652775e-03  -4.1465288923550631e-03  -4.0880633313792498e-03  -4.0254927351406188e-03  -3.9588728960376794e-03  -3.8882657884328469e-03  -3.8137404896434147e-03  -3.7353741493556937e-03  -3.6532530031388438e-03  -3.5674734557837517e-03  -3.4781432780176700e-03  -3.3853829505120364e-03  -3.2893272255126119e-03  -3.1901270230867357e-03  -3.0879517670725654e-03  -2.9829921813483793e-03  -2.8754633698346637e-03  -2.7656076639583920e-03  -2.6536963352896759e-03  -2.5400291364952583e-03  -2.4249311024568971e-03  -2.3087470273626940e-03  -2.1918348544930398e-03  -2.0745592980087662e-03  -1.9572865048978908e-03  -1.8403799811936227e-03  -1.7241976458102527e-03  -1.6090897501776927e-03  -1.4953974103057181e-03  -1.3834515546205391e-03  -1.2735721498359494e-03  -1.1660676145431382e-03  -1.0612343623080654e-03  -9.5935643874844065e-04  -8.6070522955061085e-04
  -7.9292718926882947e-04  -7.0138872070566556e-04  -6.1380903943185523e-04  -5.3040509276840240e-04  -4.5138071940687644e-04  -3.7692656413341606e-04  -3.0722001597950589e-04  -2.4242516391221160e-04  -1.8269276766232469e-04  -1.2816024533380708e-04  -7.8951673524935324e-05  -3.5177798013114742e-05   3.0639445094096836e-06   3.5689396840051044e-05   6.2627643954257968e-05   8.3820969219329869e-05   9.9224805319143806e-05   1.0880768008872475e-04   1.1255115841846629e-04   1.1044978019940257e-04   1.0251099501201949e-04   8.8755093426799974e-05   6.9215135242210301e-05   4.3936874366176963e-05   1.2978680282863106e-05  -2.3588544240006420e-05  -6.5681449697666417e-05  -1.1320433103694221e-04  -1.6604922438290671e-04  -2.2409600966585255e-04  -2.8721252024699800e-04  -3.5525466097159923e-04  -4.2806653356056807e-04  -5.0548057373310095e-04  -5.8731769890043293e-04  -6.7338746645580292e-04  -7.6348824689717837e-04  -8.5740741292690201e-04  -9.5492154245687007e-04  -1.0557966380549853e-03  -1.1597883660826543e-03  -1.2666423166278746e-03  -1.3760942836048094e-03  -1.4878705661938623e-03  -1.6016882932514303e-03  -1.7172557726385658e-03  -1.8342728665012211e-03  -1.9524313938752993e-03  -2.0714155622644915e-03  -2.1909024308364865e-03  -2.3105624095044013e-03  -2.4300598003868610e-03  -2.5490533929782458e-03  -2.6671971313681530e-03  -2.7841408849349205e-03  -2.8995313748043216e-03  -3.0130133418090478e-03  -3.1242310947406210e-03  -3.2328306525103703e-03  -3.3384627955836098e-03  -3.4407874377131442e-03  -3.5394797158912663e-03  -3.6342378690534254e-03  -3.7247922330888349e-03  -3.8109136798531321e-03  -3.8924190161195144e-03  -3.9691714188444379e-03  -4.0410761512016773e-03  -4.1080734443798396e-03  -4.1701307266513235e-03  -4.2272357648828439e-03  -4.2793912208907818e-03  -4.3266105553977762e-03  -4.3689150040468923e-03  -4.4063313252156681e-03  -4.4388900950541061e-03  -4.4666243902598823e-03  -4.4895687564658424e-03  -4.5077583967944373e-03  -4.5212285386690169e-03  -4.5300139521150060e-03  -4.5341486005665895e-03  -4.5336654111693530e-03  -4.5285961540753351e-03  -4.5189714227772543e-03  -4.5048207084329769e-03  -4.4861725626542332e-03  -4.4630548434416179e-03  -4.4354950403013623e-03  -4.4035206741939161e-03  -4.3671597693762049e-03  -4.3264413933749822e-03  -4.2813962624529351e-03  -4.2320574093128970e-03  -4.1784609103558057e-03  -4.1206466694713216e-03  -4.0586592569106794e-03  -3.9925488005862798e-03  -3.9223719323627894e-03  -3.8481927945215027e-03  -3.7700841097701556e-03  -3.6881283504211311e-03  -3.6024190346483119e-03  -3.5130621950802887e-03  -3.4201781272811794e-03  -3.3239035352769157e-03  -3.2243941571239573e-03  -3.1218278911348202e-03  -3.0164082544006090e-03  -2.9083676115045105e-03  -2.7979691383981029e-03  -2.6855063700544700e-03  -2.5712998114005292e-03  -2.4556911799100290e-03  -2.3390366098963618e-03  -2.2217001482024339e-03  -2.1040483365297540e-03  -1.9864460886258269e-03  -1.8692537097754359e-03  -1.7528247850181814e-03  -1.6375046780178709e-03  -1.5236294424044181e-03  -1.4115250088408515e-03  -1.3015065581566299e-03  -1.1938780234744715e-03  -1.0889316853146980e-03  -9.8694783606408619e-04  -8.8819449858405179e-04
  -8.1460619355950181e-04  -7.2296889431102416e-04  -6.3528542086514241e-04  -5.5177104607206668e-04  -4.7262826808738639e-04  -3.9804671138298376e-04  -3.2820304518967405e-04  -2.6326092091735363e-04  -2.0337092699934233e-04  -1.4867055599433526e-04  -9.9284184628401374e-05  -5.5323065771170979e-05  -1.6885328924928431e-05   1.5944010057433993e-05   4.3093032235803127e-05   6.4502892481920968e-05   8.0127790639584985e-05   8.9934938067231379e-05   9.3904519661064303e-05   9.2029652151752288e-05   8.4316338689574511e-05   7.0783420073301274e-05   5.1462522496114032e-05   2.6398001807972785e-05  -4.3531159409735277e-06  -4.0721198118260585e-05  -8.2624073543626593e-05  -1.2996710580522551e-04  -1.8264327213062426e-04  -2.4053324911756818e-04  -3.0350550580180639e-04  -3.7141640462583171e-04  -4.4411031334942773e-04  -5.2141972581739465e-04  -6.0316539486920170e-04  -6.8915648004514406e-04  -7.7919070815945200e-04  -8.7305454825829473e-04  -9.7052340556677270e-04  -1.0713618347601291e-03  -1.1753237716807892e-03  -1.2821527851502447e-03  -1.3915823519358617e-03  -1.5033361565189854e-03  -1.6171284164029254e-03  -1.7326642339045583e-03  -1.8496399761395413e-03  -1.9677436856939731e-03  -2.0866555249143119e-03  -2.2060482584984036e-03  -2.3255877808357906e-03  -2.4449336997635213e-03  -2.5637399946921331e-03  -2.6816557804775747e-03  -2.7983262275735740e-03  -2.9133937223481130e-03  -3.0264994018006685e-03  -3.1372852705572594e-03  -3.2453972004340623e-03  -3.3504891863402821e-03  -3.4522292008454494e-03  -3.5503067248278670e-03  -3.6444413817523606e-03  -3.7343910493220158e-03  -3.8199570989001716e-03  -3.9009851755979958e-03  -3.9773616563416134e-03  -4.0490073177594961e-03  -4.1158702964245210e-03  -4.1779197689928273e-03  -4.2351408221713580e-03  -4.2875305249785861e-03  -4.3350949657764946e-03  -4.3778469927823107e-03  -4.4158044606264664e-03  -4.4489888369751143e-03  -4.4774240774852377e-03  -4.5011357089652683e-03  -4.5201500833622656e-03  -4.5344937785220078e-03  -4.5441931292308103e-03  -4.5492738773734581e-03  -4.5497609323354848e-03  -4.5456782349324546e-03  -4.5370487190453520e-03  -4.5238943662447070e-03  -4.5062363490793091e-03  -4.4840952596427843e-03  -4.4574914199659406e-03  -4.4264452718566823e-03  -4.3909778432244667e-03  -4.3511112890414535e-03  -4.3068695044318154e-03  -4.2582788080812832e-03  -4.2053686940797374e-03  -4.1481726512928195e-03  -4.0867290494769563e-03  -4.0210820959376567e-03  -3.9512828671528647e-03  -3.8773904280834668e-03  -3.7994730719437472e-03  -3.7176097057707042e-03  -3.6318914589615493e-03  -3.5424236271385653e-03  -3.4493280473266745e-03  -3.3527460158566526e-03  -3.2528418143821414e-03  -3.1498066310474901e-03  -3.0438621710703515e-03  -2.9352628087915096e-03  -2.8242951393080457e-03  -2.7112744555041878e-03  -2.5965387596254517e-03  -2.4804417284637857e-03  -2.3633460454120631e-03  -2.2456179008739966e-03  -2.1276228313670768e-03  -2.0097227147912876e-03  -1.8922736356976771e-03  -1.7756243588207593e-03  -1.6601152117786619e-03  -1.5460772405591241e-03  -1.4338315482468895e-03  -1.3236887603042501e-03  -1.2159485805995707e-03  -1.1108994157849781e-03  -1.0088180543559630e-03  -9.0996939156068985e-04
  -8.3054135845193541e-04  -7.3880938461072694e-04  -6.5102527286429492e-04  -5.6740278843875271e-04  -4.8814323931897904e-04  -4.1343536061688073e-04  -3.4345521995158461e-04  -2.7836613859937021e-04  -2.1831862626548728e-04  -1.6345033123977854e-04  -1.1388600221396306e-04  -6.9737459827497097e-05  -3.1103578717865503e-05   1.9297230003430949e-06   2.9289486773526920e-05   5.0915710359097401e-05   6.6761339274450798e-05   7.6792253150148419e-05   8.0987247967968887e-05   7.9338014184866367e-05   7.1849111278868630e-05   5.8537938633434648e-05   3.9434702919476073e-05   1.4582381739318938e-05  -1.5963316700700844e-05  -5.2133998169365736e-05  -9.3848631938865928e-05  -1.4101360557416758e-04  -1.9352278611872763e-04  -2.5125758798312569e-04  -3.1408704885438381e-04  -3.8186791510873286e-04  -4.5444473579576939e-04  -5.3164996965914457e-04  -6.1330410441320514e-04  -6.9921578813285975e-04  -7.8918197742395071e-04  -8.8298810373895874e-04  -9.8040825597424039e-04  -1.0812053818492580e-03  -1.1851315119228930e-03  -1.2919280075830300e-03  -1.4013258328337403e-03  -1.5130458511957720e-03  -1.6267991501317607e-03  -1.7422873955805502e-03  -1.8592032190459886e-03  -1.9772306401369590e-03  -2.0960455292367759e-03  -2.2153161171863398e-03  -2.3347035639069182e-03  -2.4538626042720085e-03  -2.5724423026851758e-03  -2.6900869665872885e-03  -2.8064373018675559e-03  -2.9211319410054675e-03  -3.0338095432337867e-03  -3.1441117483979653e-03  -3.2516873337357782e-03  -3.3561979050160317e-03  -3.4573251921627569e-03  -3.5547793262839214e-03  -3.6483065242545257e-03  -3.7376941673730895e-03  -3.8227718440837100e-03  -3.9034083074282865e-03  -3.9795058303618708e-03  -4.0509938931602620e-03  -4.1178233953643763e-03  -4.1799618832072429e-03  -4.2373898486118659e-03  -4.2900978767807137e-03  -4.3380844271280854e-03  -4.3813540725230549e-03  -4.4199160647734638e-03  -4.4537831460228459e-03  -4.4829705515683658e-03  -4.5074951718057765e-03  -4.5273748522405765e-03  -4.5426278179345383e-03  -4.5532722133176089e-03  -4.5593257503162054e-03  -4.5608054596378289e-03  -4.5577275407568518e-03  -4.5501073069799834e-03  -4.5379592223964479e-03  -4.5212970281514149e-03  -4.5001339556244762e-03  -4.4744830248720328e-03  -4.4443574263838756e-03  -4.4097709852093363e-03  -4.3707387058915760e-03  -4.3272773975775794e-03  -4.2794063785712268e-03  -4.2271482605344170e-03  -4.1705298135145249e-03  -4.1095829165606543e-03  -4.0443456007037294e-03  -3.9748632026477921e-03  -3.9011896583190514e-03  -3.8233889754151545e-03  -3.7415369798820732e-03  -3.6557234323475558e-03  -3.5660546360200334e-03  -3.4726567063734694e-03  -3.3756795380179170e-03  -3.2753011584721655e-03  -3.1717317218133822e-03  -3.0652159625488740e-03  -2.9560328303690686e-03  -2.8444917628384927e-03  -2.7309263766650193e-03  -2.6156871868810282e-03  -2.4991347955266633e-03  -2.3816343104100402e-03  -2.2635511374687620e-03  -2.1452479488104042e-03  -2.0270825283932427e-03  -1.9094062261274108e-03  -1.7925628182253856e-03  -1.6768876368313326e-03  -1.5627068796100591e-03  -1.4503370434590696e-03  -1.3400844473797598e-03  -1.2322448228672036e-03  -1.1271029580004208e-03  -1.0249323855819202e-03  -9.2599510858009521e-04
  -8.4071268969870177e-04  -7.4888988614087398e-04  -6.6100798556660611e-04  -5.7727940059664959e-04  -4.9790438963465741e-04  -4.2307092913359190e-04  -3.5295460117291434e-04  -2.8771849798618892e-04  -2.2751314237070674e-04  -1.7247641916590811e-04  -1.2273351852079431e-04  -7.8396890259338145e-05  -3.9566206089252862e-05  -6.3283304839265725e-06   2.1242701800681246e-05   4.3085702132331875e-05   5.9152338847681717e-05   6.9407143573561089e-05   7.3827513037040852e-05   7.2403707095757127e-05   6.5138842930364572e-05   5.2048885701868252e-05   3.3162635481004399e-05   8.5217103971320114e-06  -2.1819474297028263e-05  -5.7793731750775310e-05  -9.9321133953834116e-05  -1.4630904804858384e-04  -1.9865217886212098e-04  -2.5623261907129706e-04  -3.1891990762586496e-04  -3.8657109703249835e-04  -4.5903083282038842e-04  -5.3613144317075879e-04  -6.1769304212049795e-04  -7.0352364937065464e-04  -7.9341932491777028e-04  -8.8716432005835196e-04  -9.8453124985197621e-04  -1.0852812877607605e-03  -1.1891643817772330e-03  -1.2959194939319608e-03  -1.4052748668465084e-03  -1.5169483196695091e-03  -1.6306475750023548e-03  -1.7460706188772023e-03  -1.8629060973373998e-03  -1.9808337549781295e-03  -2.0995249230558416e-03  -2.2186430693447862e-03  -2.3378444284583369e-03  -2.4567787441950812e-03  -2.5750901740199598e-03  -2.6924184377333125e-03  -2.8084003382952269e-03  -2.9226718490453999e-03  -3.0348710412358695e-03  -3.1446421886560660e-03  -3.2516413462533780e-03  -3.3555434050457295e-03  -3.4560499966359089e-03  -3.5528968470134839e-03  -3.6458587103040275e-03  -3.7347504528036355e-03  -3.8194243733055311e-03  -3.8997652308945712e-03  -3.9756845819557823e-03  -4.0471154952861337e-03  -4.1140081786418693e-03  -4.1763265378554626e-03  -4.2340454705504654e-03  -4.2871487285303430e-03  -4.3356271847678207e-03  -4.3794773899176282e-03  -4.4187003488759605e-03  -4.4533004684424475e-03  -4.4832846490548365e-03  -4.5086615026667647e-03  -4.5294406860662715e-03  -4.5456323428006602e-03  -4.5572466485070094e-03  -4.5642934563135049e-03  -4.5667820391766915e-03  -4.5647209269301893e-03  -4.5581178359571928e-03  -4.5469796900220712e-03  -4.5313127308678680e-03  -4.5111227179137070e-03  -4.4864152161628217e-03  -4.4571959724371609e-03  -4.4234713794595619e-03  -4.3852490285486946e-03  -4.3425383513714050e-03  -4.2953513525767310e-03  -4.2437034363272067e-03  -4.1876143330552788e-03  -4.1271091365070013e-03  -4.0622194725662489e-03  -3.9929848307362174e-03  -3.9194541133311797e-03  -3.8416874980695044e-03  -3.7597587156121067e-03  -3.6737579183781354e-03  -3.5837953115268142e-03  -3.4900055291889214e-03  -3.3925524703875545e-03  -3.2916338242846236e-03  -3.1874838671232201e-03  -3.0803730877973683e-03  -2.9706042475928017e-03  -2.8585058231852126e-03  -2.7444244808804085e-03  -2.6287180656503779e-03  -2.5117499025666726e-03  -2.3938845369661449e-03  -2.2754846797279852e-03  -2.1569090382433072e-03  -2.0385107555772677e-03  -1.9206362532698160e-03  -1.8036243403265022e-03  -1.6878054991693004e-03  -1.5735012931662670e-03  -1.4610238609158535e-03  -1.3506754758139366e-03  -1.2427481572036478e-03  -1.1375233243670862e-03  -1.0352714880798712e-03  -9.3625197614078054e-04
  -8.4511470830176500e-04  -7.5320442357853742e-04  -6.6522709324885504e-04  -5.8139393059639327e-04  -5.0190428360950595e-04  -4.2694549201489538e-04  -3.5669276312292426e-04  -2.9130906174252647e-04  -2.3094501216271374e-04  -1.7573881406184174e-04  -1.2581616906072717e-04  -8.1290216006213705e-05  -4.2261475983579842e-05  -8.8178041094421657e-06   1.8965651701818506e-05   4.1026486114152400e-05   5.7315066737120878e-05   6.7794559649221207e-05   7.2440950939759450e-05   7.1243064241876923e-05   6.4202574688750546e-05   5.1334019189501652e-05   3.2664803082401534e-05   8.2352029093298463e-06  -2.1901635029079403e-05  -5.7679700642865057e-05  -9.9020131376240518e-05  -1.4583122922166055e-04  -1.9800848472582237e-04  -2.5543460835183589e-04  -3.1797957065866802e-04  -3.8550065296798100e-04  -4.5784250765635030e-04  -5.3483723276913364e-04  -6.1630446047861512e-04  -7.0205145922801995e-04  -7.9187325460148921e-04  -8.8555277072465918e-04  -9.8286099045903305e-04  -1.0835571370950577e-03  -1.1873888820206145e-03  -1.2940925803156780e-03  -1.4033935346706666e-03  -1.5150062896955399e-03  -1.6286349603390304e-03  -1.7439735989702616e-03  -1.8607066066201397e-03  -1.9785091959866243e-03  -2.0970479185503910e-03  -2.2159812750420817e-03  -2.3349604413530306e-03  -2.4536301604413057e-03  -2.5716298825427249e-03  -2.6885952809053873e-03  -2.8041603348841135e-03  -2.9179602448338830e-03  -3.0296354917413808e-03  -3.1388373006196535e-03  -3.2452344943646183e-03  -3.3485211418241741e-03  -3.4484236094767542e-03  -3.5447051945164463e-03  -3.6371671761099757e-03  -3.7256465248975629e-03  -3.8100114891090188e-03  -3.8901564672643180e-03  -3.9659972408846748e-03  -4.0374670179022330e-03  -4.1045132557961011e-03  -4.1670951318792549e-03  -4.2251815195060785e-03  -4.2787493101340644e-03  -4.3277819895070745e-03  -4.3722684057100093e-03  -4.4122016856902521e-03  -4.4475782786716732e-03  -4.4783971112724273e-03  -4.5046588466644850e-03  -4.5263652429503439e-03  -4.5435186075508966e-03  -4.5561213460013315e-03  -4.5641756034034749e-03  -4.5676829977546116e-03  -4.5666444442220115e-03  -4.5610600700502074e-03  -4.5509292198001750e-03  -4.5362505512799804e-03  -4.5170222224246714e-03  -4.4932421703151419e-03  -4.4649084831230061e-03  -4.4320198671312016e-03  -4.3945762106328999e-03  -4.3525792483679205e-03  -4.3060333313481190e-03  -4.2549463105009070e-03  -4.1993305475205378e-03  -4.1392040772229317e-03  -4.0745919578134941e-03  -4.0055278749792089e-03  -3.9320560965957121e-03  -3.8542339085278470e-03  -3.7721347385542090e-03  -3.6858521166772016e-03  -3.5955044977063655e-03  -3.5012406931211951e-03  -3.4032449415722630e-03  -3.3017400116521359e-03  -3.1969869368716126e-03  -3.0892809799041173e-03  -2.9789447615502680e-03  -2.8663203928682773e-03  -2.7517622478162394e-03  -2.6356311565977905e-03  -2.5182900889264238e-03  -2.4001010667055169e-03  -2.2814229754606740e-03  -2.1626099890991440e-03  -2.0440103985522894e-03  -1.9259657045198645e-03  -1.8088098842284782e-03  -1.6928687769028900e-03  -1.5784595532760083e-03  -1.4658902483602881e-03  -1.3554593443809524e-03  -1.2474553958314620e-03  -1.1421566911791593e-03  -1.0398309468792595e-03  -9.4073503017380415e-04
  -8.4375608600074838e-04  -7.5176100120795137e-04  -6.6368995789610561e-04  -5.7975311222583292e-04  -5.0014903132120005e-04  -4.2506453956095685e-04  -3.5467457817764825e-04  -2.8914207987128628e-04  -2.2861785772079280e-04  -1.7324050390368469e-04  -1.2313629891099560e-04  -7.8419130884604948e-05  -3.9190421908722947e-05  -5.5390622292696319e-06   2.2458649537051255e-05   4.4739060629812172e-05   6.1251213277056403e-05   7.1956889643586637e-05   7.6830652581303836e-05   7.5859882802630646e-05   6.9044812402500617e-05   5.6398554923805513e-05   3.7947131762417147e-05   1.3729494745820243e-05  -1.6202455432947206e-05  -5.1783855563785957e-05  -9.2936871389057108e-05  -1.3957069532646990e-04  -1.9158155081448584e-04  -2.4885270488696112e-04  -3.1125448970496013e-04  -3.7864433377839937e-04  -4.5086680644974581e-04  -5.2775367378622880e-04  -6.0912396938618031e-04  -6.9478408365579317e-04  -7.8452786989527228e-04  -8.7813676891850684e-04  -9.7537995782926985e-04  -1.0760145243013568e-03  -1.1797856659612168e-03  -1.2864269173760512e-03  -1.3956604093064381e-03  -1.5071971640921054e-03  -1.6207374307070956e-03  -1.7359710646159879e-03  -1.8525779607353522e-03  -1.9702285527655058e-03  -2.0885843990808882e-03  -2.2072988878776047e-03  -2.3260181127950025e-03  -2.4443820016512110e-03  -2.5620258248287490e-03  -2.6785822720670283e-03  -2.7936843539902892e-03  -2.9069694290825665e-03  -3.0180845989328858e-03  -3.1266934242212725e-03  -3.2324833044815571e-03  -3.3351721528243530e-03  -3.4345127682477816e-03  -3.5302939286047819e-03  -3.6223383621955324e-03  -3.7104987360272899e-03  -3.7946530643647976e-03  -3.8747004673236928e-03  -3.9505575917882308e-03  -4.0221557008253955e-03  -4.0894383503099424e-03  -4.1523594965329480e-03  -4.2108818941087233e-03  -4.2649757170574350e-03  -4.3146173408931988e-03  -4.3597882501252242e-03  -4.4004740543215539e-03  -4.4366635997486782e-03  -4.4683481719458365e-03  -4.4955207861182844e-03  -4.5181755641310987e-03  -4.5363071980357317e-03  -4.5499104997393956e-03  -4.5589800374713600e-03  -4.5635098591827678e-03  -4.5634933037720267e-03  -4.5589229008556244e-03  -4.5497903605211274e-03  -4.5360866544038965e-03  -4.5178021903973832e-03  -4.4949270830433484e-03  -4.4674515231314434e-03  -4.4353662497448095e-03  -4.3986631303405653e-03  -4.3573358554916284e-03  -4.3113807592330220e-03  -4.2607977814476507e-03  -4.2055915999616054e-03  -4.1457729751540840e-03  -4.0813603806730703e-03  -4.0123820258956243e-03  -3.9388784312887580e-03  -3.8609057725939467e-03  -3.7785401653356752e-03  -3.6918829900417080e-03  -3.6010669239526887e-03  -3.5062615620247281e-03  -3.4076770082027662e-03  -3.3055638534480740e-03  -3.2002089591798366e-03  -3.0919282228749449e-03  -2.9810584154348844e-03  -2.8679497355170434e-03  -2.7529598432836301e-03  -2.6364494497082992e-03  -2.5187791851408970e-03  -2.4003073909470230e-03  -2.2813885321786229e-03  -2.1623720150128014e-03  -2.0436012665487127e-03  -1.9254129861557571e-03  -1.8081365130000336e-03  -1.6920932752127267e-03  -1.5775963002617967e-03  -1.4649497734970584e-03  -1.3544486368687017e-03  -1.2463782223644123e-03  -1.1410139165253016e-03  -1.0386208538552782e-03  -9.3945363758411087e-04
  -8.3665927264496348e-04  -7.4458127069293315e-04  -6.5641745566735071e-04  -5.7237706695195071e-04  -4.9265801920063976e-04  -4.1744673456314981e-04  -3.4691799158719102e-04  -2.8123478657892439e-04  -2.2054820538644493e-04  -1.6499730765503953e-04  -1.1470902052972002e-04  -6.9798039999892109e-05  -3.0366740968153574e-05   3.4949066962147897e-06   3.1709415911746874e-05   5.4211854897452498e-05   7.0949915270222298e-05   8.1883975762261181e-05   8.6987162409844863e-05   8.6245405068770178e-05   7.9657490682305022e-05   6.7235113090480464e-05   4.9002919425838879e-05   2.4998552732382251e-05  -4.7273095595628221e-06  -4.0110921719341795e-05  -8.1075441253067510e-05  -1.2753090634017765e-04  -1.7937422057637948e-04  -2.3648914553418344e-04  -2.9874630269575726e-04  -3.6600318671631011e-04  -4.3810418917924338e-04  -5.1488063788953037e-04  -5.9615085151813524e-04  -6.8172020952470664e-04  -7.7138124280793003e-04  -8.6491374751758053e-04  -9.6208492047331344e-04  -1.0626495193429978e-03  -1.1663500529597345e-03  -1.2729170048938012e-03  -1.3820690919132250e-03  -1.4935135613470237e-03  -1.6069465342080222e-03  -1.7220534037317671e-03  -1.8385093028458034e-03  -1.9559796610537248e-03  -2.0741208837448529e-03  -2.1925812061107408e-03  -2.3110018050808015e-03  -2.4290182964657983e-03  -2.5462628055935837e-03  -2.6623668640558002e-03  -2.7769654202028037e-03  -2.8897021716238177e-03  -3.0002361231562732e-03  -3.1082487099325547e-03  -3.2134501994124098e-03  -3.3155838580468961e-03  -3.4144269580431426e-03  -3.5097888998849728e-03  -3.6015076341482564e-03  -3.6894456017532882e-03  -3.7734859326562990e-03  -3.8535292101560784e-03  -3.9294908522569472e-03  -4.0012990040504759e-03  -4.0688927792586274e-03  -4.1322207538882164e-03  -4.1912396524100897e-03  -4.2459131616591718e-03  -4.2962108493544808e-03  -4.3421071720541222e-03  -4.3835805617211832e-03  -4.4206125891876006e-03  -4.4531872026368387e-03  -4.4812900418123667e-03  -4.5049078290889059e-03  -4.5240278383791750e-03  -4.5386374437669406e-03  -4.5487237489934516e-03  -4.5542732998227848e-03  -4.5552718809402978e-03  -4.5517043998202830e-03  -4.5435548599228005e-03  -4.5308064265581162e-03  -4.5134415886858891e-03  -4.4914424214200534e-03  -4.4647909539748728e-03  -4.4334696503939078e-03  -4.3974620115071385e-03  -4.3567533115918249e-03  -4.3113314890105689e-03  -4.2611882221647857e-03  -4.2063202396459146e-03  -4.1467309451853748e-03  -4.0824324766376256e-03  -4.0134483834949140e-03  -3.9398171538011818e-03  -3.8615968211210003e-03  -3.7788707819262847e-03  -3.6917544194706876e-03  -3.6004014242748024e-03  -3.5050080204012514e-03  -3.4058131625575258e-03  -3.3030942004039898e-03  -3.1971594001843889e-03  -3.0883394422441248e-03  -2.9769796500127574e-03  -2.8634338213024430e-03  -2.7480597191778741e-03  -2.6312158915930577e-03  -2.5132594357679923e-03  -2.3945443939563304e-03  -2.2754205589281726e-03  -2.1562325426192791e-03  -2.0373190153083328e-03  -1.9190120587985226e-03  -1.8016365988772272e-03  -1.6855098965508257e-03  -1.5709410852751083e-03  -1.4582307465473262e-03  -1.3476705190595280e-03  -1.2395427382336220e-03  -1.1341201039418232e-03  -1.0316653739799240e-03  -9.3243108120343639e-04
  -8.2386013084324449e-04  -7.3170017741107959e-04  -6.4344365397687271e-04  -5.5929901342592647e-04  -4.7946363717647680e-04  -4.0412365770108797e-04  -3.3345379250225831e-04  -2.6761719115132214e-04  -2.0676529508641475e-04  -1.5103770582229788e-04  -1.0056206232734967e-04  -5.5453927352243186e-05  -1.5816679720599778e-05   1.8258586443664192e-05   4.6693157290827493e-05   6.9420790056045050e-05   8.6387799419826179e-05   9.7553140341276800e-05   1.0288848720876745e-04   1.0237830995384924e-04   9.6019946918298902e-05   8.3823674693672256e-05   6.5812774594611488e-05   4.2023595616108383e-05   1.2505613412826288e-05  -2.2678515342747360e-05  -6.3452903712596159e-05  -1.0972839153819284e-04  -1.6140250931270350e-04  -2.1835945056588950e-04  -2.8047005374663399e-04  -3.4759179435303974e-04  -4.1956879131678482e-04  -4.9623182584517650e-04  -5.7739837651457604e-04  -6.6287267465966809e-04  -7.5244577874123016e-04  -8.4589566956078154e-04  -9.4298737286846609e-04  -1.0434731115243619e-03  -1.1470924876805550e-03  -1.2535726986471684e-03  -1.3626287934421246e-03  -1.4739639772014556e-03  -1.5872699721872705e-03  -1.7022274484728653e-03  -1.8185065457312897e-03  -1.9357675203227462e-03  -2.0536615713744322e-03  -2.1718319303028494e-03  -2.2899153419169531e-03  -2.4075441245185424e-03  -2.5243490562194002e-03  -2.6399633616849202e-03  -2.7540279870005230e-03  -2.8661980452678901e-03  -2.9761497475869559e-03  -3.0835865198590552e-03  -3.1882428831142406e-03  -3.2898853842215693e-03  -3.3883109472382907e-03  -3.4833436910587895e-03  -3.5748312793575784e-03  -3.6626415112894109e-03  -3.7466594524648315e-03  -3.8267851081549399e-03  -3.9029315095889462e-03  -3.9750230959291156e-03  -4.0429943235078510e-03  -4.1067884278848778e-03  -4.1663562837960322e-03  -4.2216553527119841e-03  -4.2726486993096523e-03  -4.3193040700035762e-03  -4.3615930340740218e-03  -4.3994901861594557e-03  -4.4329724127332940e-03  -4.4620182244510566e-03  -4.4866071567318264e-03  -4.5067192413140132e-03  -4.5223345509085855e-03  -4.5334328198716328e-03  -4.5399931434196329e-03  -4.5419937586106528e-03  -4.5394119104219593e-03  -4.5322238070426967e-03  -4.5204046688320830e-03  -4.5039288766652611e-03  -4.4827702259223013e-03  -4.4569022948239652e-03  -4.4262989374571470e-03  -4.3909349171220840e-03  -4.3507867019538420e-03  -4.3058334576013034e-03  -4.2560582912921996e-03  -4.2014498347436695e-03  -4.1420042993347370e-03  -4.0777282071081996e-03  -4.0086420575483964e-03  -3.9347852211771509e-03  -3.8562222063917503e-03  -3.7730499252296031e-03  -3.6854048338471994e-03  -3.5934678377556001e-03  -3.4974648597194762e-03  -3.3976625881070172e-03  -3.2943607126957077e-03  -3.1878829704825892e-03  -3.0785690365264145e-03  -2.9667681474966102e-03  -2.8528344564234943e-03  -2.7371237688756864e-03  -2.6199912641521016e-03  -2.5017898705210796e-03  -2.3828690596757384e-03  -2.2635739065669357e-03  -2.1442443191357768e-03  -2.0252143801913428e-03  -1.9068117663830124e-03  -1.7893572238292326e-03  -1.6731640877293717e-03  -1.5585378386341268e-03  -1.4457756905838562e-03  -1.3351662079376658e-03  -1.2269889486195846e-03  -1.1215141319225596e-03  -1.0190023299820176e-03  -9.1970418209136079e-04
  -8.0540756347762562e-04  -7.1316562515570409e-04  -6.2481549324209097e-04  -5.4056496274964964e-04  -4.6061100041051698e-04  -3.8513955403285350e-04  -3.1432537660843808e-04  -2.4833186117545654e-04  -1.8731088454899698e-04  -1.3140266191629573e-04  -8.0735609686699312e-05  -3.5426214674315944e-05   4.4210890534457196e-06   3.8714038407351974e-05   6.7372654204324398e-05   9.0329349772154486e-05   1.0752903588212418e-04   1.1892922209535213e-04   1.2450011521604899e-04   1.2422471475686658e-04   1.1809890569447414e-04   1.0613154835159154e-04   8.8344565301527126e-05   6.4773024968069236e-05   3.5465221394007226e-05   4.8274978119687301e-07  -4.0099423279337941e-05  -8.6192895329082484e-05  -1.3769577095946279e-04  -1.9449261267938573e-04  -2.5645440151476684e-04  -3.2343850951022720e-04  -3.9528868344580010e-04  -4.7183504512879272e-04  -5.5289410853344629e-04  -6.3826881376846602e-04  -7.2774858397911925e-04  -8.2110940838892965e-04  -9.1811395044613881e-04  -1.0185116850229029e-03  -1.1220390717915918e-03  -1.2284197702005677e-03  -1.3373649008713859e-03  -1.4485733623873709e-03  -1.5617322185962983e-03  -1.6765171794232204e-03  -1.7925932100878608e-03  -1.9096153229479994e-03  -2.0272296372204702e-03  -2.1450748358214284e-03  -2.2627842072355242e-03  -2.3799885178589237e-03  -2.4963199813839102e-03  -2.6114174896211730e-03  -2.7249329435389226e-03  -2.8365379655900533e-03  -2.9459297455509776e-03  -3.0528347312021500e-03  -3.1570095408783600e-03  -3.2582394648228196e-03  -3.3563355775325394e-03  -3.4511314847758870e-03  -3.5424803276493601e-03  -3.6302522557942899e-03  -3.7143323452241981e-03  -3.7946188695765527e-03  -3.8710218419590985e-03  -3.9434617453638007e-03  -4.0118683727288660e-03  -4.0761797475449869e-03  -4.1363411151653416e-03  -4.1923039810808438e-03  -4.2440251971262253e-03  -4.2914660956790123e-03  -4.3345916714574127e-03  -4.3733698151407156e-03  -4.4077706011823679e-03  -4.4377656332965764e-03  -4.4633274510339788e-03  -4.4844290003153223e-03  -4.5010431716819618e-03  -4.5131424092846248e-03  -4.5206983946652164e-03  -4.5236818092114026e-03  -4.5220621802045408e-03  -4.5158078156478714e-03  -4.5048858345429722e-03  -4.4892622999122287e-03  -4.4689024645565021e-03  -4.4437711413164334e-03  -4.4138332154452630e-03  -4.3790543230136604e-03  -4.3394017334027479e-03  -4.2948454942452804e-03  -4.2453599329620451e-03  -4.1909256603551116e-03  -4.1315322983551533e-03  -4.0671822272867492e-03  -3.9978956984105330e-03  -3.9237175047755471e-03  -3.8447249205511070e-03  -3.7610357040726563e-03  -3.6728138286002397e-03  -3.5802706943803822e-03  -3.4836610302420397e-03  -3.3832748077977605e-03  -3.2794278816219461e-03  -3.1724535187324871e-03  -3.0626957173352913e-03  -2.9505043612039583e-03  -2.8362318536184171e-03  -2.7202307906109518e-03  -2.6028523119214350e-03  -2.4844448812237144e-03  -2.3653533361682900e-03  -2.2459181095820747e-03  -2.1264745623760161e-03  -2.0073523919264605e-03  -1.8888750953094495e-03  -1.7713594742898981e-03  -1.6551151750845599e-03  -1.5404442579452140e-03  -1.4276407940119985e-03  -1.3169904874070157e-03  -1.2087703214410180e-03  -1.1032482277530732e-03  -1.0006827769817707e-03  -9.0132288927396163e-04
  -7.8136315014073598e-04  -6.8903812194719702e-04  -6.0059246024335195e-04  -5.1623342185741364e-04  -4.3615766880397418e-04  -3.6055106889871570e-04  -2.8958850588129857e-04  -2.2343370084955492e-04  -1.6223904474327528e-04  -1.0614543794602339e-04  -5.5282137484854478e-05  -9.7666120597861283e-06   3.0295598263724646e-05   6.4811016417777850e-05   9.3698358642621809e-05   1.1688866087757608e-04   1.3432540174048270e-04   1.4596462271503552e-04   1.5177504559890078e-04   1.5173818756090626e-04   1.4584847381219940e-04   1.3411334780552933e-04   1.1655337884087808e-04   9.3202366606194749e-05   6.4107442400301710e-05   2.9329166042460736e-05  -1.1058381819106485e-05  -5.6967513590499229e-05  -1.0829685515638637e-04  -1.6493127498373034e-04  -2.2674182280498021e-04  -2.9358567903435881e-04  -3.6530611904948005e-04  -4.4173249100803308e-04  -5.2268021099000257e-04  -6.0795078053171186e-04  -6.9733182536069736e-04  -7.9059715796627188e-04  -8.8750687158765419e-04  -9.8780746972634229e-04  -1.0912320332399830e-03  -1.1975004320577440e-03  -1.3063195935762942e-03  -1.4173838437301332e-03  -1.5303753425805798e-03  -1.6449646491701552e-03  -1.7608114707588023e-03  -1.8775656836207159e-03  -1.9948687563016705e-03  -2.1123557642080690e-03  -2.2296582381742917e-03  -2.3464081036217335e-03  -2.4622428537633533e-03  -2.5768117736419171e-03  -2.6897824855497045e-03  -2.8008465837753944e-03  -2.9097231280998778e-03  -3.0161594879288558e-03  -3.1199299939798008e-03  -3.2208333848169589e-03  -3.3186899452852265e-03  -3.4133388607200050e-03  -3.5046359719033953e-03  -3.5924519258992895e-03  -3.6766706489572603e-03  -3.7571880475408483e-03  -3.8339108472116371e-03  -3.9067555172733141e-03  -3.9756472668348352e-03  -4.0405190879149247e-03  -4.1013108265485088e-03  -4.1579682910701096e-03  -4.2104423927633670e-03  -4.2586883212676159e-03  -4.3026647596031238e-03  -4.3423331415493281e-03  -4.3776569555718913e-03  -4.4086010993518009e-03  -4.4351312881184234e-03  -4.4572135214089922e-03  -4.4748136112594088e-03  -4.4878967768930073e-03  -4.4964273096725765e-03  -4.5003683142478806e-03  -4.4996815310861847e-03  -4.4943272481829440e-03  -4.4842643094572176e-03  -4.4694502312466900e-03  -4.4498414391612269e-03  -4.4253936448607574e-03  -4.3960623874668156e-03  -4.3618037807044334e-03  -4.3225755261165257e-03  -4.2783382925493836e-03  -4.2290576158749166e-03  -4.1747065591083710e-03  -4.1152694625340349e-03  -4.0507471856741665e-03  -3.9811641152224094e-03  -3.9065767490285000e-03  -3.8270826049362338e-03  -3.7428270030371068e-03  -3.6540051315971855e-03  -3.5608582109282671e-03  -3.4636652370434807e-03  -3.3627332189661136e-03  -3.2583882072606939e-03  -3.1509682271471792e-03  -3.0408182127852268e-03  -2.9282865177992627e-03  -2.8137225151705718e-03  -2.6974749071504069e-03  -2.5798904849556781e-03  -2.4613131684228114e-03  -2.3420832205339635e-03  -2.2225365737340705e-03  -2.1030042304602814e-03  -1.9838117166539318e-03  -1.8652785750352032e-03  -1.7477178913098551e-03  -1.6314358484529616e-03  -1.5167313068217628e-03  -1.4038954080434127e-03  -1.2932112015472618e-03  -1.1849532924022796e-03  -1.0793875095542202e-03  -9.7677059382536525e-04  -8.7734990543212612e-04
  -7.5180077671333097e-04  -6.5939044379431026e-04  -5.7084626728174585e-04  -4.8637508416099332e-04  -4.0617336170521256e-04  -3.3042698562137573e-04  -2.5931106097403130e-04  -1.9298972229406198e-04  -1.3161595088422885e-04  -7.5331401435919758e-05  -2.4266235545942778e-05   2.1461039780737261e-05   6.1743727213345485e-05   9.6487090432721342e-05   1.2560850127738476e-04   1.4903758365747725e-04   1.6671635478797105e-04   1.7859936385814564e-04   1.8465382871077265e-04   1.8485977049852620e-04   1.7921014644964447e-04   1.6771098067030750e-04   1.5038149269609204e-04   1.2725422357504697e-04   9.8375158725420549e-05   6.3803847292253258e-05   2.3613516621602722e-05  -2.2108818455448881e-05  -7.3262253559704528e-05  -1.2973190037006638e-04  -1.9138880210169671e-04  -2.5808986108732279e-04  -3.2967777815986446e-04  -4.0598100938180818e-04  -4.8681374120443095e-04  -5.7197588396305896e-04  -6.6125309103361044e-04  -7.5441680781137004e-04  -8.5122435092279108e-04  -9.5141902315996809e-04  -1.0547302752279037e-03  -1.1608739247828315e-03  -1.2695524461370992e-03  -1.3804553523293363e-03  -1.4932597066226348e-03  -1.6076308202977205e-03  -1.7232232251347761e-03  -1.8396820519606335e-03  -1.9566450048746067e-03  -2.0737451727983365e-03  -2.1906149306480994e-03  -2.3068910579881192e-03  -2.4222208635697904e-03  -2.5362685583134336e-03  -2.6487206743977267e-03  -2.7592894040589064e-03  -2.8677134536027604e-03  -2.9737568758333626e-03  -3.0772068029779253e-03  -3.1778709070950685e-03  -3.2755750670753945e-03  -3.3701614043837721e-03  -3.4614866717686188e-03  -3.5494209114085742e-03  -3.6338462895288935e-03  -3.7146560416856595e-03  -3.7917534970699687e-03  -3.8650511545958947e-03  -3.9344697798663038e-03  -3.9999375210088856e-03  -4.0613890508539438e-03  -4.1187647249881845e-03  -4.1720097639841051e-03  -4.2210734630954132e-03  -4.2659084326606544e-03  -4.3064698739555107e-03  -4.3427148948658066e-03  -4.3746018687594625e-03  -4.4020898417776854e-03  -4.4251379913462872e-03  -4.4437051418152297e-03  -4.4577493405115673e-03  -4.4672275010533627e-03  -4.4720951186378588e-03  -4.4723060660729593e-03  -4.4678124776891433e-03  -4.4585647337247823e-03  -4.4445115572170762e-03  -4.4256002444561914e-03  -4.4017770535439470e-03  -4.3729877942309345e-03  -4.3391786795260205e-03  -4.3002975434014365e-03  -4.2562955832391577e-03  -4.2071298821577232e-03  -4.1527670705824721e-03  -4.0931885876972019e-03  -4.0283979196398595e-03  -3.9584297479397026e-03  -3.8833598078210898e-03  -3.8033129151511971e-03  -3.7184661091101160e-03  -3.6290453652309280e-03  -3.5353173248645038e-03  -3.4375790399942979e-03  -3.3361484258763304e-03  -3.2313567776105722e-03  -3.1235434193648058e-03  -3.0130520252644290e-03  -2.9002281141958714e-03  -2.7854173099247695e-03  -2.6689640789063435e-03  -2.5512107585595545e-03  -2.4324967649923166e-03  -2.3131579131659731e-03  -2.1935258113603747e-03  -2.0739273070800512e-03  -1.9546839714290089e-03  -1.8361116143714371e-03  -1.7185198264777349e-03  -1.6022115445218914e-03  -1.4874826393862345e-03  -1.3746215250472829e-03  -1.2639087881174589e-03  -1.1556168371423298e-03  -1.0500095713130743e-03  -9.4734206726988551e-04  -8.4786028287493352e-04
  -7.1680627486825224e-04  -6.2430728135178079e-04  -5.3566052330175488e-04  -4.5107252840461635e-04  -3.7073967127135786e-04  -2.9484795339130448e-04  -2.2357279106473716e-04  -1.5707881258564954e-04  -9.5519665088414536e-05  -3.9037826853831944e-05   1.2235574122424712e-05   5.8180935244937608e-05   9.8690350922173500e-05   1.3366777963717781e-04   1.6302920803580633e-04   1.8670281238453027e-04   2.0462911764563044e-04   2.1676115496148396e-04   2.2306461739466906e-04   2.2351801440629497e-04   2.1811282491810790e-04   2.0685364895527635e-04   1.8975835762955113e-04   1.6685824101455324e-04   1.3819815357102294e-04   1.0383665607383485e-04   6.3846153692055066e-05   1.8313028473929539e-05  -3.2662234156602887e-05  -8.8964927287132792e-05  -1.5046601381057072e-04  -2.1702202854234517e-04  -2.8847499564315792e-04  -3.6465236042858111e-04  -4.4536693959551293e-04  -5.3041689616517931e-04  -6.1958573848782772e-04  -7.1264234726244112e-04  -8.0934104031551058e-04  -9.0942168304823439e-04  -1.0126098510282973e-03  -1.1186170600437466e-03  -1.2271410886877526e-03  -1.3378664316504845e-03  -1.4504649392479310e-03  -1.5645967313535018e-03  -1.6799115177713196e-03  -1.7960505166183197e-03  -1.9126492116662006e-03  -2.0293411963847423e-03  -2.1457632180403676e-03  -2.2615611953032059e-03  -2.3763964463524075e-03  -2.4899509538009669e-03  -2.6019305961930425e-03  -2.7120660111371211e-03  -2.8201115871602429e-03  -2.9258434743133738e-03  -3.0290573674514060e-03  -3.1295664783034804e-03  -3.2271998284968649e-03  -3.3218008403312991e-03  -3.4132261511667537e-03  -3.5013445781687425e-03  -3.5860361829484926e-03  -3.6671913961861405e-03  -3.7447101657610195e-03  -3.8185011135371972e-03  -3.8884807082171400e-03  -3.9545724479110849e-03  -4.0167060450465092e-03  -4.0748166275525674e-03  -4.1288439549290804e-03  -4.1787316542005702e-03  -4.2244264807464633e-03  -4.2658776080754081e-03  -4.3030359503408904e-03  -4.3358535227825921e-03  -4.3642828429338240e-03  -4.3882763787045538e-03  -4.4077860462836543e-03  -4.4227627650516438e-03  -4.4331560737377960e-03  -4.4389138169097023e-03  -4.4399819084881258e-03  -4.4363041852303478e-03  -4.4278223617848942e-03  -4.4144761087468011e-03  -4.3962032776413834e-03  -4.3729403162674979e-03  -4.3446229337881885e-03  -4.3111871206599327e-03  -4.2725706830270705e-03  -4.2287155555131998e-03  -4.1795712750046154e-03  -4.1251001321262939e-03  -4.0652844912338684e-03  -4.0001363740045266e-03  -3.9297082587371954e-03  -3.8541024946748470e-03  -3.7734758337922281e-03  -3.6880370600542384e-03  -3.5980388383941792e-03  -3.5037669735635186e-03  -3.4055302700517149e-03  -3.3036525187070702e-03  -3.1984667443070037e-03  -3.0903112878000669e-03  -2.9795271812322554e-03  -2.8664563447669813e-03  -2.7514402899524162e-03  -2.6348191289155493e-03  -2.5169307730731408e-03  -2.3981102478655078e-03  -2.2786890833079499e-03  -2.1589947546226244e-03  -2.0393501602465778e-03  -1.9200731285225305e-03  -1.8014759494421465e-03  -1.6838649282661807e-03  -1.5675399602718128e-03  -1.4527941250250479e-03  -1.3399133002532627e-03  -1.2291757938927709e-03  -1.1208519943518415e-03  -1.0152040375145102e-03  -9.1248549086556173e-04  -8.1294105389758081e-04
  -6.7647705444044020e-04  -5.8388490373862409e-04  -4.9513041143370057e-04  -4.1041990569870394e-04  -3.2994977116534594e-04  -2.5390621718959241e-04  -1.8246505690416772e-04  -1.1579149398822323e-04  -5.4039914871727070e-05   2.6463112566023350e-06   5.4135027044188364e-05   1.0030547795458625e-04   1.4104849827769987e-04   1.7626669465303432e-04   2.0587462675510180e-04   2.2979898597371524e-04   2.4797877268886129e-04   2.6036547219139864e-04   2.6692322983874208e-04   2.6762902538952308e-04   2.6247284662391066e-04   2.5145786219523845e-04   2.3460059334554843e-04   2.1193108431808425e-04   1.8349307056340100e-04   1.4934414454000620e-04   1.0955591748709086e-04   6.4214176965689870e-05   1.3419037774634957e-05  -4.2714914119612916e-05  -1.0405848728476530e-04  -1.7046776248387307e-04  -2.4178398245957222e-04  -3.1783345967300041e-04  -3.9842750417778440e-04  -4.8336237165695650e-04  -5.7241924090868927e-04  -6.6536422680889794e-04  -7.6194843237927727e-04  -8.6190804948523686e-04  -9.6496452825610337e-04  -1.0708248383496011e-03  -1.1791818572127234e-03  -1.2897149395730547e-03  -1.4020907588133877e-03  -1.5159645533267384e-03  -1.6309819712052314e-03  -1.7467817530040309e-03  -1.8629995001015591e-03  -1.9792726336124956e-03  -2.0952463063754405e-03  -2.2105794937722373e-03  -2.3249501183516099e-03  -2.4380582083369786e-03  -2.5496268221419831e-03  -2.6594012383410722e-03  -2.7671472422194057e-03  -2.8726492014400700e-03  -2.9757083035861216e-03  -3.0761410731629368e-03  -3.1737781457284583e-03  -3.2684632375133945e-03  -3.3600522440680697e-03  -3.4484124158779862e-03  -3.5334215673826150e-03  -3.6149672972455517e-03  -3.6929462174818536e-03  -3.7672631875228227e-03  -3.8378305391512852e-03  -3.9045672986345540e-03  -3.9673984168963816e-03  -4.0262540016350670e-03  -4.0810685604762056e-03  -4.1317802589123324e-03  -4.1783301965554760e-03  -4.2206617062706450e-03  -4.2587196805769657e-03  -4.2924499286121978e-03  -4.3217985691654448e-03  -4.3467114627913136e-03  -4.3671336897335338e-03  -4.3830090776736325e-03  -4.3942797878519322e-03  -4.4008859659902307e-03  -4.4027654702229087e-03  -4.3998536872955187e-03  -4.3920834573968710e-03  -4.3793851307778508e-03  -4.3616867976467933e-03  -4.3389147486789757e-03  -4.3109942678728544e-03  -4.2778509146670050e-03  -4.2394125595735434e-03  -4.1956125701927199e-03  -4.1463947099142934e-03  -4.0917203560502276e-03  -4.0315783306611314e-03  -3.9659965446721800e-03  -3.8950528929340734e-03  -3.8188815297226482e-03  -3.7376718173417955e-03  -3.6516605454642859e-03  -3.5611208217446238e-03  -3.4663512588029030e-03  -3.3676672724821909e-03  -3.2653948469239056e-03  -3.1598663363353518e-03  -3.0514176732002931e-03  -2.9403864663198115e-03  -2.8271106536423892e-03  -2.7119274895345403e-03  -2.5951727349764007e-03  -2.4771799679786698e-03  -2.3582799709732818e-03  -2.2388001675525734e-03  -2.1190640957078851e-03  -1.9993909081922612e-03  -1.8800948964926133e-03  -1.7614850349943606e-03  -1.6438645447334214e-03  -1.5275304750839735e-03  -1.4127733036284769e-03  -1.2998765529413066e-03  -1.1891164248107803e-03  -1.0807614507751609e-03  -9.7507215941728894e-04  -8.7230075877437960e-04  -7.7269083339670964e-04
  -6.3092174635339792e-04  -5.3823080633589562e-04  -4.4936235846050978e-04  -3.6452263439378939e-04  -2.8390812441121010e-04  -2.0770533815633570e-04  -1.3609057131803255e-04  -6.9229680094236431e-05  -7.2778633778323130e-06   4.9620550761654818e-05   1.0133231425743473e-04   1.4773546300325940e-04   1.8871951907420588e-04   2.2418568948402804e-04   2.5404706368201612e-04   2.7822880943931434e-04   2.9666836806365002e-04   3.0931564902270483e-04   3.1613322453238326e-04   3.1709652387425561e-04   3.1219402801436645e-04   3.0142746377647789e-04   2.8481199807205756e-04   2.6237643095476247e-04   2.3416338790861952e-04   2.0022950947367994e-04   1.6064563862322771e-04   1.1549700319162263e-04   6.4883393724364156e-05   8.9193332842521663e-06  -5.2265761149556918e-05  -1.1852742822252515e-04  -1.8970602682204176e-04  -2.6562661623991644e-04  -3.4609885558771112e-04  -4.3091693146578400e-04  -5.1985951371224387e-04  -6.1268974688909856e-04  -7.0915529111200142e-04  -8.0898842955545551e-04  -9.1190625976937732e-04  -1.0176110058875802e-03  -1.1257905081617059e-03  -1.2361189822963927e-03  -1.3482581784450957e-03  -1.4618591334971040e-03  -1.5765647546592426e-03  -1.6920134841862436e-03  -1.8078441463148952e-03  -1.9237017403135521e-03  -2.0392434119816090e-03  -2.1541434875358878e-03  -2.2680966159588371e-03  -2.3808187845908860e-03  -2.4920467111526380e-03  -2.6015363951985564e-03  -2.7090614712442576e-03  -2.8144116949227402e-03  -2.9173916704812340e-03  -3.0178197979139269e-03  -3.1155273854661402e-03  -3.2103578633973203e-03  -3.3021660535538480e-03  -3.3908174617598712e-03  -3.4761875812011995e-03  -3.5581611955179306e-03  -3.6366316683786072e-03  -3.7115002163193725e-03  -3.7826751787223183e-03  -3.8500712826389483e-03  -3.9136088993565517e-03  -3.9732133055712434e-03  -4.0288139490604648e-03  -4.0803437230156978e-03  -4.1277382541886308e-03  -4.1709352078550107e-03  -4.2098736137212382e-03  -4.2444932169792273e-03  -4.2747338580110192e-03  -4.3005348862229890e-03  -4.3218346121471655e-03  -4.3385698049965352e-03  -4.3506752420639531e-03  -4.3580833203957486e-03  -4.3607237418141175e-03  -4.3585232891670102e-03  -4.3514057161340436e-03  -4.3392917879638178e-03  -4.3220995276510889e-03  -4.2997447617032190e-03  -4.2721421161137215e-03  -4.2392067173885979e-03  -4.2008569985350960e-03  -4.1570191999136833e-03  -4.1076342780346532e-03  -4.0526677339586380e-03  -3.9921219015362228e-03  -3.9260483297467461e-03  -3.8545561267311814e-03  -3.7778127048041206e-03  -3.6960367892131347e-03  -3.6094871065225475e-03  -3.5184508047078839e-03  -3.4232339506970570e-03  -3.3241547224291054e-03  -3.2215388284936195e-03  -3.1157164772237797e-03  -3.0070203505391199e-03  -2.8957841990943449e-03  -2.7823418025178766e-03  -2.6670261447631276e-03  -2.5501687171715745e-03  -2.4320989017437584e-03  -2.3131434056076206e-03  -2.1936257312136463e-03  -2.0738656728973050e-03  -1.9541788349959192e-03  -1.8348761689753474e-03  -1.7162635280643071e-03  -1.5986412388505138e-03  -1.4823036893167061e-03  -1.3675389331413335e-03  -1.2546283099639194e-03  -1.1438460812167009e-03  -1.0354590810093024e-03  -9.2972638145640994e-04  -8.2689897219234503e-04  -7.2721945404099629e-04
  -5.8025983763802021e-04  -4.8746337476227052e-04  -3.9847371085395848e-04  -3.1349708366834334e-04  -2.3273018626840045e-04  -1.5635991594216284e-04  -8.4563133041018913e-05  -1.7506425051621319e-05   4.4654124664028107e-05   1.0177316283916825e-04   1.5371628749511531e-04   2.0036026790628539e-04   2.4159326025886656e-04   2.7731502310224124e-04   3.0743713063580581e-04   3.3188318624659567e-04   3.5058903533317725e-04   3.6350297902515774e-04   3.7058598787219647e-04   3.7181191696961276e-04   3.6716772114497604e-04   3.5665367164588405e-04   3.4028357249179251e-04   3.1808497778513492e-04   2.9009940760096951e-04   2.5638256368490527e-04   2.1700454181213479e-04   1.7205004200454837e-04   1.2161857259466947e-04   6.5824649100145621e-05   4.7979835662301045e-06  -6.1316336916176551e-05  -1.3235768445163105e-04  -2.0814974253783106e-04  -2.8850038116389658e-04  -3.7320155443174409e-04  -4.6202923461176673e-04  -5.5474339174200072e-04  -6.5108803097307260e-04  -7.5079130662563309e-04  -8.5356575533473565e-04  -9.5910870145575456e-04  -1.0671029229578416e-03  -1.1772177038497766e-03  -1.2891104689171117e-03  -1.4024292399698319e-03  -1.5168161679895511e-03  -1.6319122462695882e-03  -1.7473629739723400e-03  -1.8628242180190374e-03  -1.9779671813068785e-03  -2.0924815740670532e-03  -2.2060767660378663e-03  -2.3184814111369971e-03  -2.4294422673468001e-03  -2.5387228134216367e-03  -2.6461019639266690e-03  -2.7513729864967881e-03  -2.8543426017000298e-03  -2.9548302195393115e-03  -3.0526672572174680e-03  -3.1476965026671407e-03  -3.2397714951636182e-03  -3.3287559072351178e-03  -3.4145229105500717e-03  -3.4969545216851656e-03  -3.5759409339526107e-03  -3.6513798389045055e-03  -3.7231757278652121e-03  -3.7912391821390474e-03  -3.8554861612319509e-03  -3.9158372849898929e-03  -3.9722171168551082e-03  -4.0245534524029764e-03  -4.0727766148899612e-03  -4.1168187629375616e-03  -4.1566132127701383e-03  -4.1920937793078310e-03  -4.2231941397210121e-03  -4.2498472240590501e-03  -4.2719846380650317e-03  -4.2895361247708534e-03  -4.3024290726434572e-03  -4.3105880813681212e-03  -4.3139345993817458e-03  -4.3123866547363828e-03  -4.3058587105769429e-03  -4.2942616964037443e-03  -4.2775032978034679e-03  -4.2554886458663786e-03  -4.2281216418132844e-03  -4.1953073073925677e-03  -4.1569557545793629e-03  -4.1129885709611609e-03  -4.0633483459437091e-03  -4.0080112907912545e-03  -3.9470009737913340e-03  -3.8803989652254033e-03  -3.8083479296849164e-03  -3.7310459942645874e-03  -3.6487354947086189e-03  -3.5616906184385184e-03  -3.4702070002762299e-03  -3.3745941785330810e-03  -3.2751705038590864e-03  -3.1722598134841839e-03  -3.0661892552502181e-03  -2.9572877982295470e-03  -2.8458851471274515e-03  -2.7323108943750839e-03  -2.6168938159029671e-03  -2.4999612515806194e-03  -2.3818385394593954e-03  -2.2628484838958201e-03  -2.1433108500353601e-03  -2.0235418774007244e-03  -1.9038538121711759e-03  -1.7845544544808434e-03  -1.6659467222912934e-03  -1.5483282293173100e-03  -1.4319908788304133e-03  -1.3172204712331729e-03  -1.2042963269932303e-03  -1.0934909230807472e-03  -9.8506954434471458e-04  -8.7928994801407762e-04  -7.7640204210001514e-04  -6.7664757510584506e-04
  -5.2462131715936959e-04  -4.3171153357899890e-04  -3.4259240220829907e-04  -2.5747026441933244e-04  -1.7654210630186121e-04  -9.9995301535941473e-05  -2.8007357566574688e-05   3.9254331308838505e-05   1.0163272560153387e-04   1.5898137871022799e-04   2.1116467309746992e-04   2.5805805200973184e-04   2.9954825173636934e-04   3.3553353126865629e-04   3.6592390290733439e-04   3.9064136219694079e-04   4.0962011937543670e-04   4.2280683127239268e-04   4.3016083534926650e-04   4.3165438462412970e-04   4.2727288507892207e-04   4.1701513388505990e-04   4.0089355986308150e-04   3.7893446411655122e-04   3.5117826204102186e-04   3.1767972404846644e-04   2.7850821608931084e-04   2.3374793652494567e-04   1.8349815024659819e-04   1.2787341581467851e-04   6.7003805487087561e-05   1.0351148698219126e-06  -6.9870942356006034e-05  -1.4553655620655644e-04  -2.2576766335387724e-04  -3.1035382353513741e-04  -3.9906813257010836e-04  -4.9166718602787506e-04  -5.8789111841484228e-04  -6.8746375466609061e-04  -7.9009292058269801e-04  -8.9547099763664126e-04  -1.0032758514621407e-03  -1.1131723274659163e-03  -1.2248145542379163e-03  -1.3378493077511099e-03  -1.4519205586607880e-03  -1.5666749836012895e-03  -1.6817677295937713e-03  -1.7968673547667042e-03  -1.9116590820572172e-03  -2.0258461279471355e-03  -2.1391495781809522e-03  -2.2513074793962858e-03  -2.3620737087577479e-03  -2.4712169033907841e-03  -2.5785195493677185e-03  -2.6837772208880765e-03  -2.7867979310420149e-03  -2.8874015494847077e-03  -2.9854192538080583e-03  -3.0806929874169320e-03  -3.1730749077134145e-03  -3.2624268149394134e-03  -3.3486195635890328e-03  -3.4315324554174938e-03  -3.5110526077898902e-03  -3.5870742972932395e-03  -3.6594982928604821e-03  -3.7282311762723624e-03  -3.7931846483099559e-03  -3.8542748310263913e-03  -3.9114215665001402e-03  -3.9645477142056691e-03  -4.0135784525147655e-03  -4.0584405849408423e-03  -4.0990618562287157e-03  -4.1353702798155459e-03  -4.1672934818482096e-03  -4.1947580644468479e-03  -4.2176889950550503e-03  -4.2360090265575112e-03  -4.2496381592001435e-03  -4.2584931539513364e-03  -4.2624871179809051e-03  -4.2615291862223188e-03  -4.2555243462306103e-03  -4.2443734749140656e-03  -4.2279737160391736e-03  -4.2062194066148535e-03  -4.1790039203831366e-03  -4.1462229997947849e-03  -4.1077804193157827e-03  -4.0635968866707698e-03  -4.0136225791577267e-03  -3.9578519144311021e-03  -3.8963365599760389e-03  -3.8291914302161396e-03  -3.7565911290092244e-03  -3.6787592016797577e-03  -3.5959551052683570e-03  -3.5084627780452224e-03  -3.4165821637139075e-03  -3.3206234887979947e-03  -3.2209035668059110e-03  -3.1177434074781633e-03  -3.0114666019866064e-03  -2.9023981791632750e-03  -2.7908637327984202e-03  -2.6771887087653247e-03  -2.5616977799675666e-03  -2.4447142788374138e-03  -2.3265596634632069e-03  -2.2075530113849383e-03  -2.0880105305358214e-03  -1.9682450886714126e-03  -1.8485657552754651e-03  -1.7292773595647465e-03  -1.6106800601679463e-03  -1.4930689303466176e-03  -1.3767335550107381e-03  -1.2619576429825775e-03  -1.1490186511084236e-03  -1.0381874230230331e-03  -9.2972783918269012e-04  -8.2389648044190052e-04  -7.2094230224902791e-04  -6.2110632206687595e-04
  -4.6414631282976440e-04  -3.7111440955740131e-04  -2.8185662753336233e-04  -1.9657950865135726e-04  -1.1548042526367459e-04  -3.8747311370376531e-05   3.3441598461666014e-05   1.0091802600646431e-04   1.6352390382602298e-04   2.2111162550956858e-04   2.7354429330619977e-04   3.2069596548419147e-04   3.6245190171288314e-04   3.9870880907499646e-04   4.2937508837784786e-04   4.5437108151567167e-04   4.7362932073248998e-04   4.8709477955899329e-04   4.9472512651828012e-04   4.9649098103598773e-04   4.9237617240577162e-04   4.8237800101354027e-04   4.6650750241316783e-04   4.4478971308191785e-04   4.1726393810897025e-04   3.8398401932124879e-04   3.4501860352109236e-04   3.0045140901572968e-04   2.5038148941027949e-04   1.9492349220606888e-04   1.3420791102731897e-04   6.8381325977572092e-05  -2.3933664995226273e-06  -7.7936744915629635e-05  -1.5805267812032823e-04  -2.4252817171770201e-04  -3.3113326089682753e-04  -4.2362097456553221e-04  -5.1972739390845793e-04  -6.1917185794310714e-04  -7.2165739801059335e-04  -8.2687153322324037e-04  -9.3448760373046722e-04  -1.0441668902687517e-03  -1.1555617680870276e-03  -1.2683200535289923e-03  -1.3820903370931432e-03  -1.4965276521544941e-03  -1.6112984180265484e-03  -1.7260838217910777e-03  -1.8405813757265913e-03  -1.9545050694540745e-03  -2.0675847445729510e-03  -2.1795652072662719e-03  -2.2902053618074035e-03  -2.3992774566983250e-03  -2.5065664526952524e-03  -2.6118694757981567e-03  -2.7149953238107859e-03  -2.8157639928969268e-03  -2.9140062054636437e-03  -3.0095629250797124e-03  -3.1022848536448036e-03  -3.1920319054688159e-03  -3.2786726528880369e-03  -3.3620837422571881e-03  -3.4421492897820970e-03  -3.5187602606314094e-03  -3.5918138239068890e-03  -3.6612126909989855e-03  -3.7268644453163739e-03  -3.7886808591714519e-03  -3.8465772034800205e-03  -3.9004715538380184e-03  -3.9502840929571056e-03  -3.9959364145700591e-03  -4.0373508289390410e-03  -4.0744496749783839e-03  -4.1071546399485317e-03  -4.1353860929457132e-03  -4.1590624345780453e-03  -4.1780994726331733e-03  -4.1924098298020407e-03  -4.2019024017256879e-03  -4.2064818828907551e-03  -4.2060484015094060e-03  -4.2004973183113678e-03  -4.1897193015057836e-03  -4.1736008555213356e-03  -4.1520256349482573e-03  -4.1248770720902469e-03  -4.0920431580314821e-03  -4.0534244122746223e-03  -4.0089458498190414e-03  -3.9585722758494124e-03  -3.9023234658367295e-03  -3.8402835128176199e-03  -3.7726001850149427e-03  -3.6994753833652651e-03  -3.6211516945172393e-03  -3.5378998337178037e-03  -3.4500090494554523e-03  -3.3577806142421835e-03  -3.2615236288185264e-03  -3.1615523326014054e-03  -3.0581843347073966e-03  -2.9517393981396099e-03  -2.8425385294977880e-03  -2.7309032454702212e-03  -2.6171549390634715e-03  -2.5016143101967638e-03  -2.3846008327342567e-03  -2.2664322486288524e-03  -2.1474240783874400e-03  -2.0278891482511602e-03  -1.9081371288991451e-03  -1.7884740885675179e-03  -1.6692020569496488e-03  -1.5506186030231608e-03  -1.4330164238663626e-03  -1.3166829471398511e-03  -1.2018999447475775e-03  -1.0889431597201457e-03  -9.7808194425880071e-04  -8.6957891056112300e-04  -7.6368959264296651e-04  -6.6066211993370989e-04  -5.6073690030168893e-04
  -3.9898473896370643e-04  -3.0582098054585615e-04  -2.1641450773335325e-04  -1.3097215583137735e-04  -4.9691770580494524e-05   2.7238067968012253e-05   9.9638316846282268e-05   1.6733973947459231e-04   2.3018316823705505e-04   2.8801976815360716e-04   3.4071129722976104e-04   3.8813036709817866e-04   4.3016070269974688e-04   4.6669740425085400e-04   4.9764720865868401e-04   5.2292875528149813e-04   5.4247285173793106e-04   5.5622274536322913e-04   5.6413439537844135e-04   5.6617675135757690e-04   5.6233203278876760e-04   5.5259601510154743e-04   5.3697831655903725e-04   5.1550269121316617e-04   4.8820732183409599e-04   4.5514511765841383e-04   4.1638401041045451e-04   3.7200725290968055e-04   3.2211371308002218e-04   2.6681816717622354e-04   2.0625158323194523e-04   1.4056139986495087e-04   6.9911785457845007e-05  -5.5161157051465334e-06  -8.5523967818524000e-05  -1.6989606586431932e-04  -2.5839921880384730e-04  -3.5078270984724024e-04  -4.4677839842393436e-04  -5.4610102910279852e-04  -6.4844887696842044e-04  -7.5350488899249670e-04  -8.6093858542519021e-04  -9.7040896469250770e-04  -1.0815686085759479e-03  -1.1940688116194678e-03  -1.3075651449867423e-03  -1.4217224377054960e-03  -1.5362183224127491e-03  -1.6507450730151375e-03  -1.7650100559983806e-03  -1.8787354038766841e-03  -1.9916573680475837e-03  -2.1035256490130735e-03  -2.2141027880059672e-03  -2.3231636518054035e-03  -2.4304949767948981e-03  -2.5358949551867694e-03  -2.6391728316061932e-03  -2.7401484989863266e-03  -2.8386520775926008e-03  -2.9345234724590008e-03  -3.0276119008030211e-03  -3.1177753905418824e-03  -3.2048802526278381e-03  -3.2888005311397552e-03  -3.3694174244487370e-03  -3.4466186796990213e-03  -3.5202979716479114e-03  -3.5903542646858657e-03  -3.6566911546905266e-03  -3.7192162006959625e-03  -3.7778402446271551e-03  -3.8324767212010238e-03  -3.8830409612823323e-03  -3.9294494890467595e-03  -3.9716193161264454e-03  -4.0094672338685730e-03  -4.0429091072585587e-03  -4.0718591729703574e-03  -4.0962293474220276e-03  -4.1159285503525210e-03  -4.1308620562838239e-03  -4.1409308887141458e-03  -4.1460312876216328e-03  -4.1460542961479340e-03  -4.1408855554088070e-03  -4.1304054582445727e-03  -4.1144899407197354e-03  -4.0930123859432245e-03  -4.0658474214199068e-03  -4.0328777087624114e-03  -3.9940048468517274e-03  -3.9491645153214424e-03  -3.8983433075388445e-03  -3.8415916004144275e-03  -3.7790267087059615e-03  -3.7108255209510146e-03  -3.6372111344175782e-03  -3.5584391730354445e-03  -3.4747868929059823e-03  -3.3865456655905570e-03  -3.2940161200465000e-03  -3.1975050670421841e-03  -3.0973235338836338e-03  -2.9937854354208150e-03  -2.8872066053803038e-03  -2.7779040343567170e-03  -2.6661952305617100e-03  -2.5523976471512953e-03  -2.4368281508009510e-03  -2.3198025138767191e-03  -2.2016349262900478e-03  -2.0826375203204977e-03  -1.9631199091563164e-03  -1.8433887356127273e-03  -1.7237472331635441e-03  -1.6044947968286644e-03  -1.4859265664978276e-03  -1.3683330202325411e-03  -1.2519995803484006e-03  -1.1372062294362144e-03  -1.0242271392638359e-03  -9.1333030916695740e-04  -8.0477721677554663e-04  -6.9882247722030698e-04  -5.9571351402669403e-04  -4.9569023822222083e-04
  -3.2929593413247239e-04  -2.3598973738784179e-04  -1.4642376080928072e-04  -6.0805227548789637e-05   2.0667454037048231e-05   9.7804974334111602e-05   1.7042740421403845e-04   2.3836447037752623e-04   3.0145583360605111e-04   3.5955136086714742e-04   4.1251139997904094e-04   4.6020705220449249e-04   5.0252044803905660e-04   5.3934502197013523e-04   5.7058579270829806e-04   5.9615964302201624e-04   6.1599560667875025e-04   6.3003515583822051e-04   6.3823249650314206e-04   6.4055486519037593e-04   6.3698283405640892e-04   6.2751061753760348e-04   6.1214638736959044e-04   5.9091258875672292e-04   5.6384626412687782e-04   5.3099937695081484e-04   4.9243914139755773e-04   4.4824834993901900e-04   3.9852570387550004e-04   3.4338613800770481e-04   2.8296114418678364e-04   2.1739908100327414e-04   1.4686547660868908e-04   7.1543304605753248e-05  -8.3667671838406465e-06  -9.2646176143491767e-05  -1.8105833326124065e-04  -2.7334861788256073e-04  -3.6924455002797511e-04  -4.6845626370838230e-04  -5.7067744208760883e-04  -6.7558697097823569e-04  -7.8285156431900926e-04  -8.9212957026980563e-04  -1.0030758661158014e-03  -1.1153472854101283e-03  -1.2286076668115867e-03  -1.3425315999807345e-03  -1.4568065944435887e-03  -1.5711338667838638e-03  -1.6852283246451723e-03  -1.7988181670800019e-03  -1.9116444014486667e-03  -2.0234603763741163e-03  -2.1340313710006904e-03  -2.2431342250708720e-03  -2.3505569955508798e-03  -2.4560986185812391e-03  -2.5595685639013799e-03  -2.6607864704660845e-03  -2.7595817570127855e-03  -2.8557932050046367e-03  -2.9492685141204616e-03  -3.0398638297996217e-03  -3.1274432395094805e-03  -3.2118782376506548e-03  -3.2930471681190949e-03  -3.3708346467704407e-03  -3.4451309573340361e-03  -3.5158314260800697e-03  -3.5828357829398886e-03  -3.6460475024833261e-03  -3.7053731312083615e-03  -3.7607216008628767e-03  -3.8120035294824496e-03  -3.8591305106525755e-03  -3.9020143934985372e-03  -3.9405665530012823e-03  -3.9746971549627415e-03  -4.0043144156631880e-03  -4.0293238637636878e-03  -4.0496276081880434e-03  -4.0651236277208375e-03  -4.0757050988526593e-03  -4.0812598034834138e-03  -4.0816696775243660e-03  -4.0768106297238271e-03  -4.0665528468610511e-03  -4.0507620000978656e-03  -4.0293020301918579e-03  -4.0020405997168856e-03  -3.9688585084458302e-03  -3.9296639263370920e-03  -3.8844100384239481e-03  -3.8331111618021270e-03  -3.7758504359120901e-03  -3.7127758457558778e-03  -3.6440877959468313e-03  -3.5700245018451026e-03  -3.4908496407381594e-03  -3.4068435616790059e-03  -3.3182975762871343e-03  -3.2255103763284033e-03  -3.1287857894218810e-03  -3.0284312863266402e-03  -2.9247569405808412e-03  -2.8180746321595164e-03  -2.7086973962403911e-03  -2.5969388397445387e-03  -2.4831126097778150e-03  -2.3675318843906249e-03  -2.2505088884275473e-03  -2.1323544173190538e-03  -2.0133773771902619e-03  -1.8938843300476077e-03  -1.7741790535403437e-03  -1.6545621061206444e-03  -1.5353304066456001e-03  -1.4167768199512334e-03  -1.2991897569812152e-03  -1.1828527811741526e-03  -1.0680442293320243e-03  -9.5503683867641123e-04  -8.4409738809016551e-04  -7.3548634540996955e-04  -6.2945752852063301e-04  -5.2625777181982466e-04  -4.2612660478394849e-04
  -2.5524830982422315e-04  -1.6178833071866486e-04  -7.2051363236297654e-05   1.3754892682872003e-05   9.5431379761297700e-05   1.7278797542784287e-04   2.4564378216426308e-04   3.1382741591792513e-04   3.7717729109238807e-04   4.3554190641089622e-04   4.8878013117028998e-04   5.3676149137753932e-04   5.7936645892628586e-04   6.1648674252638789e-04   6.4802558246986378e-04   6.7389804906403954e-04   6.9403134595804293e-04   7.0836511832343858e-04   7.1685176709146100e-04   7.1945676859299246e-04   7.1615900118946916e-04   7.0695107736402614e-04   6.9183968316887507e-04   6.7084592259115754e-04   6.4400566900524813e-04   6.1136992008488530e-04   5.7300515872225400e-04   5.2899371479202815e-04   4.7943413056001846e-04   4.2444152281508063e-04   3.6414794340518714e-04   2.9870273087836112e-04   2.2827284867397643e-04   1.5304320028792780e-04   7.3216912598060785e-05  -1.0984447355886617e-05  -9.9320746986595156e-05  -1.9153332181799480e-04  -2.8734526647315240e-04  -3.8646216046073776e-04  -4.8857343407956912e-04  -5.9335467622521681e-04  -7.0047107635108890e-04  -8.0958204668336333e-04  -9.2034648744982004e-04  -1.0324279069120459e-03  -1.1454984182597281e-03  -1.2592412654816474e-03  -1.3733520020796401e-03  -1.4875387914714423e-03  -1.6015222749760580e-03  -1.7150352657513161e-03  -1.8278224244323393e-03  -1.9396399409968266e-03  -2.0502552468125504e-03  -2.1594467308462422e-03  -2.2670034614950666e-03  -2.3727248912669007e-03  -2.4764205469967422e-03  -2.5779096915079193e-03  -2.6770209618198551e-03  -2.7735919742378858e-03  -2.8674689002095334e-03  -2.9585060083843926e-03  -3.0465651820305033e-03  -3.1315154106240223e-03  -3.2132322531882697e-03  -3.2915972719636225e-03  -3.3664974481412155e-03  -3.4378245758898032e-03  -3.5054746317270879e-03  -3.5693471272991105e-03  -3.6293444421992040e-03  -3.6853711388782672e-03  -3.7373332596444438e-03  -3.7851376072333201e-03  -3.8286910074501047e-03  -3.8678995574173867e-03  -3.9026678568671452e-03  -3.9328982291587898e-03  -3.9584899308455785e-03  -3.9793383632653430e-03  -3.9953342933725308e-03  -4.0063631176546809e-03  -4.0123042091035465e-03  -4.0130304505927748e-03  -4.0084081166383064e-03  -3.9982974437035475e-03  -3.9825544522104437e-03  -3.9610350092217899e-03  -3.9336024782862323e-03  -3.9001403192380707e-03  -3.8605694753625509e-03  -3.8148669017031346e-03  -3.7630781067072364e-03  -3.7053178646892912e-03  -3.6417600138651872e-03  -3.5726224594518534e-03  -3.4981533042856916e-03  -3.4186205148556835e-03  -3.3343051127059471e-03  -3.2454969130521431e-03  -3.1524918845801863e-03  -3.0555904489368239e-03  -2.9550963395369553e-03  -2.8513157523422784e-03  -2.7445566648065917e-03  -2.6351282429178291e-03  -2.5233403085357089e-03  -2.4095028331743594e-03  -2.2939254544550934e-03  -2.1769170014038770e-03  -2.0587850337747452e-03  -1.9398353875979633e-03  -1.8203717325354582e-03  -1.7006951354324893e-03  -1.5811036351432357e-03  -1.4618918242568502e-03  -1.3433504421954412e-03  -1.2257659758234255e-03  -1.1094202715097761e-03  -9.9459015500360831e-04  -8.8154706256877665e-04  -7.7055667980312377e-04  -6.6187859090637404e-04  -5.5576593492842965e-04  -4.5246507153316984e-04  -3.5221525374324220e-04
  -1.7701898672450758e-04  -8.3393231009510748e-05   6.5267838764201253e-06   9.2532789994420345e-05   1.7442499212655177e-04   2.5201237259805942e-04   3.2511298620099089e-04   3.9355425958514261e-04   4.5717328585481568e-04   5.1581712414134934e-04   5.6934309392887936e-04   6.1761907859773815e-04   6.6052382442334284e-04   6.9794725004301925e-04   7.2979075368236924e-04   7.5596753182275681e-04   7.7640289727598706e-04   7.9103460997075026e-04   7.9981320811377829e-04   8.0270235334526643e-04   7.9967917665482746e-04   7.9073463920140076e-04   7.7587389376020544e-04   7.5511666142503520e-04   7.2849760799734078e-04   6.9606673537081140e-04   6.5788977053278660e-04   6.1404856835988830e-04   5.6464150843308627e-04   5.0978390262136901e-04   4.4960839107592050e-04   3.8426534059174801e-04   3.1392322113526507e-04   2.3876896710610688e-04   1.5900828071980697e-04   7.4865878794877711e-05  -1.3414406877229829e-05  -1.0556973674504346e-04  -2.0131875805490859e-04  -3.0036265371324151e-04  -4.0238708636121195e-04  -5.0706524334908319e-04  -6.1406211264153116e-04  -7.2303957766608497e-04  -8.3366156083212615e-04  -9.4559833237898379e-04  -1.0585294101591858e-03  -1.1721451861752071e-03  -1.2861475656289270e-03  -1.4002501169189435e-03  -1.5141779493026560e-03  -1.6276675255475900e-03  -1.7404664352123479e-03  -1.8523331789261643e-03  -1.9630369412335074e-03  -2.0723573641074698e-03  -2.1800842996423757e-03  -2.2860175482050786e-03  -2.3899665669763000e-03  -2.4917501547870287e-03  -2.5911961030681526e-03  -2.6881408204177167e-03  -2.7824289258401294e-03  -2.8739128165925698e-03  -2.9624522025106740e-03  -3.0479136112208870e-03  -3.1301698677324730e-03  -3.2090995536191652e-03  -3.2845864352681734e-03  -3.3565188690176137e-03  -3.4247891857037559e-03  -3.4892930506513330e-03  -3.5499288008956952e-03  -3.6065967611886088e-03  -3.6591985358233959e-03  -3.7076362785984406e-03  -3.7518119382912987e-03  -3.7916264812602168e-03  -3.8269790898902258e-03  -3.8577663397654010e-03  -3.8838813577956807e-03  -3.9052129711609615e-03  -3.9216448619994702e-03  -3.9330547636980337e-03  -3.9393137625112224e-03  -3.9402858367568834e-03  -3.9358278777416912e-03  -3.9257906607148537e-03  -3.9100215736679964e-03  -3.8883704059985585e-03  -3.8606997709099626e-03  -3.8269011104856629e-03  -3.7869142880685366e-03  -3.7407445571718025e-03  -3.6884690607935046e-03  -3.6302305136193327e-03  -3.5662228803928662e-03  -3.4966761375864477e-03  -3.4218441699955899e-03  -3.3419965388997701e-03  -3.2574133183968729e-03  -3.1683819090938736e-03  -3.0751950651264470e-03  -2.9781495917447255e-03  -2.8775454216130548e-03  -2.7736848911283332e-03  -2.6668721430883396e-03  -2.5574125834788839e-03  -2.4456123786536412e-03  -2.3317779663873527e-03  -2.2162155882131688e-03  -2.0992308259183768e-03  -1.9811281528799339e-03  -1.8622104866310230e-03  -1.7427787552833675e-03  -1.6231314654588836e-03  -1.5035642845404559e-03  -1.3843696251317902e-03  -1.2658362441484920e-03  -1.1482488446557903e-03  -1.0318876923226714e-03  -9.1702823481378838e-04  -8.0394073547683531e-04  -6.9288990985475331e-04  -5.8413457616892641e-04  -4.7792730840087087e-04  -3.7451410258624701e-04  -2.7413404417099432e-04
  -9.4793442375045367e-05  -9.8937274037075480e-07   8.9126198708707177e-05   1.7534434523226554e-04   2.5746445102974285e-04   3.3529451661066384e-04   4.0865146870074282e-04   4.7736146545559088e-04   5.4126020408181569e-04   6.0019322695096622e-04   6.5401623368497447e-04   7.0259539130784060e-04   7.4580765265751595e-04   7.8354107537580912e-04   8.1569514969360123e-04   8.4218112934808455e-04   8.6292237215911485e-04   8.7785468562304615e-04   8.8692668317567392e-04   8.9010014677415165e-04   8.8735040097834522e-04   8.7866669421185158e-04   8.6405259182144875e-04   8.4352637663103565e-04   8.1712146098940753e-04   7.8488680574613327e-04   7.4688734962588305e-04   7.0320444377670540e-04   6.5393629422286204e-04   5.9919840593593710e-04   5.3912402857124984e-04   4.7386459733829818e-04   4.0359015897423059e-04   3.2848977071136144e-04   2.4877184870385248e-04   1.6466441247000099e-04   7.6415153955888653e-05  -1.5708791528244986e-05  -1.1142158835393502e-04  -2.1042022479180389e-04  -3.1238714424298162e-04  -4.1699406638932065e-04  -5.2390688178958165e-04  -6.3279077780340159e-04  -7.4331486992211461e-04  -8.5515554473850270e-04  -9.6799854703307213e-04  -1.0815400256110586e-03  -1.1954869554636630e-03  -1.3095572308700681e-03  -1.4234795974789162e-03  -1.5369935291296827e-03  -1.6498490682717501e-03  -1.7618066596817156e-03  -1.8726369622289634e-03  -1.9821206500715222e-03  -2.0900481871859913e-03  -2.1962195824740986e-03  -2.3004441144352065e-03  -2.4025400314383275e-03  -2.5023342209564729e-03  -2.5996618514157401e-03  -2.6943659810856049e-03  -2.7862971379517374e-03  -2.8753128720755191e-03  -2.9612772841526181e-03  -3.0440605232398632e-03  -3.1235382547031951e-03  -3.1995911066333479e-03  -3.2721040906556909e-03  -3.3409659940312302e-03  -3.4060687479106587e-03  -3.4673067699217347e-03  -3.5245762778978494e-03  -3.5777745783753343e-03  -3.6267993232003545e-03  -3.6715477389715478e-03  -3.7119158214659609e-03  -3.7477975019170147e-03  -3.7790837771755756e-03  -3.8056618173213557e-03  -3.8274140482290791e-03  -3.8442172440099681e-03  -3.8559416571759702e-03  -3.8624502962452010e-03  -3.8635985070857486e-03  -3.8592342347166606e-03  -3.8491995765093379e-03  -3.8333347777985121e-03  -3.8114862270045022e-03  -3.7835201101738989e-03  -3.7493414558492973e-03  -3.7089141938894928e-03  -3.6622738697335735e-03  -3.6095270011055657e-03  -3.5508391344364425e-03  -3.4864188405754285e-03  -3.4165037312827535e-03  -3.3413504504857276e-03  -3.2612283068223420e-03  -3.1764153515026240e-03  -3.0871960097598934e-03  -2.9938595510447552e-03  -2.8966990603169103e-03  -2.7960106624375244e-03  -2.6920929030235358e-03  -2.5852461889186076e-03  -2.4757722849326497e-03  -2.3639738254344856e-03  -2.2501538521076669e-03  -2.1346153506636364e-03  -2.0176608046520491e-03  -1.8995917467693405e-03  -1.7807083260980936e-03  -1.6613088735688301e-03  -1.5416894829605842e-03  -1.4221435911277193e-03  -1.3029615736241363e-03  -1.1844303406586690e-03  -1.0668329481698367e-03  -9.5044821010849549e-04  -8.3555032533384104e-04  -7.2240850622582961e-04  -6.1128662108077324e-04  -5.0244283806798217e-04  -3.9612928163179878e-04  -2.9259169009118529e-04  -1.9206908507675722e-04
  -8.7651467257094783e-06   8.5230191155107526e-05   1.7555415661516752e-04   2.6199707437978784e-04   3.4435741825629873e-04   4.2244212422708162e-04   4.9606690939337731e-04   5.6505658250999595e-04   6.2924536596554981e-04   6.8847720966470514e-04   7.4260611637773648e-04   7.9149646287260313e-04   8.3502333396721007e-04   8.7307285319532962e-04   9.0554252952986880e-04   9.3234160129799441e-04   9.5339139876522792e-04   9.6862570474177674e-04   9.7799113597043402e-04   9.8144752331897787e-04   9.7896831448539908e-04   9.7054097583109842e-04   9.5616741819666302e-04   9.3586442147917015e-04   9.0966408419432298e-04   8.7761427063793977e-04   8.3977908335513532e-04   7.9623933078521857e-04   7.4709301955892306e-04   6.9245583682643955e-04   6.3246165485009468e-04   5.6726301177554206e-04   4.9703160507855366e-04   4.2195872687078519e-04   3.4225565909239120e-04   2.5815391282456974e-04   1.6990526703820961e-04   7.7781332052944893e-05  -1.7927520895253844e-05  -1.1691430496393721e-04  -2.1885874259917220e-04  -3.2343183821812263e-04  -4.3030102677707677e-04  -5.3913504209893018e-04  -6.4960780912067765e-04  -7.6140098470802570e-04  -8.7420547978882875e-04  -9.8772216592842585e-04  -1.1016622040372576e-03  -1.2157471012864559e-03  -1.3297086899854522e-03  -1.4432890241583799e-03  -1.5562402667642847e-03  -1.6683245377034793e-03  -1.7793137560384821e-03  -1.8889894490501612e-03  -1.9971425483482430e-03  -2.1035731525106218e-03  -2.2080902703682515e-03  -2.3105115299480567e-03  -2.4106628637576067e-03  -2.5083781608671264e-03  -2.6034988960913674e-03  -2.6958737283297451e-03  -2.7853580717711506e-03  -2.8718136332022059e-03  -2.9551079272008163e-03  -3.0351137649530257e-03  -3.1117087131845812e-03  -3.1847745235424872e-03  -3.2541965390364769e-03  -3.3198630678483243e-03  -3.3816647292344770e-03  -3.4394937679228569e-03  -3.4932433356822494e-03  -3.5428067380897281e-03  -3.5880766440783847e-03  -3.6289442563514065e-03  -3.6652984405719960e-03  -3.6970248140670839e-03  -3.7240047962878910e-03  -3.7461146340740958e-03  -3.7632244260553645e-03  -3.7751972083033538e-03  -3.7818882202981970e-03  -3.7831446030420907e-03  -3.7788060063393440e-03  -3.7687069862986982e-03  -3.7526826333078777e-03  -3.7305792729021080e-03  -3.7022714343973757e-03  -3.6676829359297285e-03  -3.6268050602014583e-03  -3.5797030200092183e-03  -3.5265086150970001e-03  -3.4674048267302107e-03  -3.4026101097441768e-03  -3.3323663190797572e-03  -3.2569307324162092e-03  -3.1765711499719693e-03  -3.0915629357582347e-03  -3.0021871925705679e-03  -2.9087295655230239e-03  -2.8114793984037028e-03  -2.7107290604540596e-03  -2.6067733817943580e-03  -2.4999091385743437e-03  -2.3904345741859339e-03  -2.2786489282482494e-03  -2.1648519828679201e-03  -2.0493436103687611e-03  -1.9324233345133736e-03  -1.8143898910361234e-03  -1.6955408003455103e-03  -1.5761719398556457e-03  -1.4565771290134064e-03  -1.3370477147477409e-03  -1.2178721702903739e-03  -1.0993356947579967e-03  -9.8171982661509759e-04  -8.6530205779986860e-04  -7.5035546194771442e-04  -6.3714832281850503e-04  -5.2594377678971346e-04  -4.1699945504886928e-04  -3.1056713978200833e-04  -2.0689241913428394e-04  -1.0621435487540319e-04
   8.0864793660490562e-05   1.7506464827141436e-04   2.6561004153151184e-04   3.5229046300570182e-04   4.3490338830056894e-04   5.1325460495630108e-04   5.8715853304019874e-04   6.5643855372344347e-04   7.2092733113875542e-04   7.8046714476980028e-04   8.3491021952735388e-04   8.8411906551186313e-04   9.2796681845587719e-04   9.6633759206623399e-04   9.9912683237062287e-04   1.0262416862513351e-03   1.0476013737043923e-03   1.0631375759990512e-03   1.0727948294798960e-03   1.0765309364982811e-03   1.0743173837986790e-03   1.0661397789444571e-03   1.0519982955674190e-03   1.0319081372049763e-03   1.0059000108586717e-03   9.7402061909382994e-04   9.3633316218421096e-04   8.9291785799094448e-04   8.4387247102127522e-04   7.8931285697659821e-04   7.2937351114101782e-04   6.6420812567629110e-04   5.9399012939453022e-04   5.1891320083931325e-04   4.3919169925722332e-04   3.5506092231520937e-04   2.6677703791339893e-04   1.7461643274846927e-04   7.8874171319000914e-05  -2.0138858900158518e-05  -1.2210003339290215e-04  -2.2668013963852399e-04  -3.3354844770992352e-04  -4.4237713616672371e-04  -5.5284439981291426e-04  -6.6463643129464304e-04  -7.7744850970294568e-04  -8.9098553508536638e-04  -1.0049622605447922e-03  -1.1191033428953516e-03  -1.2331433204907361e-03  -1.3468265291885898e-03  -1.4599070005391669e-03  -1.5721483255010311e-03  -1.6833235063052573e-03  -1.7932147774112456e-03  -1.9016134108401314e-03  -2.0083194896413103e-03  -2.1131416620361332e-03  -2.2158968634972934e-03  -2.3164100174620731e-03  -2.4145137035950417e-03  -2.5100478006782681e-03  -2.6028590967715733e-03  -2.6928008764794511e-03  -2.7797324807551367e-03  -2.8635188376761999e-03  -2.9440299604168870e-03  -3.0211404219426131e-03  -3.0947288002770531e-03  -3.1646770901457154e-03  -3.2308700865713181e-03  -3.2931947334521390e-03  -3.3515394384320552e-03  -3.4057933483053523e-03  -3.4558455864493179e-03  -3.5015844429764267e-03  -3.5428965223590131e-03  -3.5796658360624689e-03  -3.6117728514728055e-03  -3.6390934868507970e-03  -3.6614980830195548e-03  -3.6788503669572753e-03  -3.6910065098233222e-03  -3.6978144163238346e-03  -3.6991136186575405e-03  -3.6947363787671705e-03  -3.6845112163351808e-03  -3.6682705555412232e-03  -3.6458644834427519e-03  -3.6171806236721749e-03  -3.5821656515498267e-03  -3.5408392141158245e-03  -3.4932934820619023e-03  -3.4396806204186458e-03  -3.3801961325126617e-03  -3.3150645973014418e-03  -3.2445296454566815e-03  -3.1688477229945581e-03  -3.0882843064241735e-03  -3.0031116507908068e-03  -2.9136073506782303e-03  -2.8200533822577492e-03  -2.7227353647225373e-03  -2.6219419809074820e-03  -2.5179644450298725e-03  -2.4110960236551262e-03  -2.3016315597428343e-03  -2.1898670275610150e-03  -2.0760990796097490e-03  -1.9606246139717643e-03  -1.8437403318833513e-03  -1.7257423140732491e-03  -1.6069255894227304e-03  -1.4875837217521127e-03  -1.3680083905557945e-03  -1.2484889893717797e-03  -1.1293122194270661e-03  -1.0107617006228883e-03  -8.9311757872128728e-04  -7.7665614950107626e-04  -6.6164947966738073e-04  -5.4836504414194941e-04  -4.3706536024673353e-04  -3.2800763714658544e-04  -2.2144342172674130e-04  -1.1761825845501954e-04  -1.6771345847237410e-05
   1.7388800487824459e-04   2.6830577655894490e-04   3.5908569190969890e-04   4.4601631306521896e-04   5.2889402796491708e-04   6.0752338881261796e-04   6.8171743559403814e-04   7.5129803533775016e-04   8.1609621134120548e-04   8.7595248958684995e-04   9.3071723427963016e-04   9.8025100561049245e-04   1.0244249073345436e-03   1.0631209587086093e-03   1.0962324584987014e-03   1.1236643755121007e-03   1.1453337328070534e-03   1.1611700211275804e-03   1.1711156069958925e-03   1.1751261730511317e-03   1.1731711534601567e-03   1.1652342046374468e-03   1.1513136709721042e-03   1.1314230889599938e-03   1.1055916855665406e-03   1.0738649184522547e-03   1.0363050087081674e-03   9.9299151956531149e-04   9.4402192447179043e-04   8.8951222533572519e-04   8.2959755339966491e-04   7.6443281741975667e-04   6.9419330990085830e-04   6.1907532746712630e-04   5.3929663012736531e-04   4.5509675061440147e-04   3.6673676657016856e-04   2.7449836465558955e-04   1.7868159202406213e-04   7.9601252403121081e-05  -2.2417982505416271e-05  -1.2704697690047177e-04  -2.3395695664301438e-04  -3.4282333901578910e-04  -4.5332816896338183e-04  -5.6516165694242668e-04  -6.7802293754895342e-04  -7.9162048858430858e-04  -9.0567226642747161e-04  -1.0199057584096953e-03  -1.1340579343608545e-03  -1.2478751839883103e-03  -1.3611132052610503e-03  -1.4735368883928607e-03  -1.5849201633041366e-03  -1.6950458391021932e-03  -1.8037054093480976e-03  -1.9106988444939591e-03  -2.0158343500388792e-03  -2.1189281074518035e-03  -2.2198039803621359e-03  -2.3182932012711338e-03  -2.4142340262928541e-03  -2.5074713694192407e-03  -2.5978564018955506e-03  -2.6852461253462521e-03  -2.7695029152652135e-03  -2.8504940421819084e-03  -2.9280911554957875e-03  -3.0021697392964147e-03  -3.0726085367224270e-03  -3.1392889399286272e-03  -3.2020943426738675e-03  -3.2609094559828580e-03  -3.3156195795221882e-03  -3.3661098287040411e-03  -3.4122643102544835e-03  -3.4539652445403127e-03  -3.4910920292775555e-03  -3.5235202451415083e-03  -3.5511206067854861e-03  -3.5737578785520977e-03  -3.5912897996684887e-03  -3.6035661248522066e-03  -3.6104280002886360e-03  -3.6117081283341883e-03  -3.6072325695822591e-03  -3.5968256670325244e-03  -3.5803200998993502e-03  -3.5575737163714765e-03  -3.5284914378937229e-03  -3.4930451632122841e-03  -3.4512818008621466e-03  -3.4033164884070531e-03  -3.3493168680634147e-03  -3.2894868758506640e-03  -3.2240543612187559e-03  -3.1532630004964994e-03  -3.0773674096427036e-03  -2.9966302258335863e-03  -2.9113203478843457e-03  -2.8217117771063204e-03  -2.7280828148820574e-03  -2.6307154220863369e-03  -2.5298946815218216e-03  -2.4259082968696079e-03  -2.3190461342998498e-03  -2.2095997650625693e-03  -2.0978620273783863e-03  -1.9841265816636158e-03  -1.8686874831162128e-03  -1.7518387471588933e-03  -1.6338739312805328e-03  -1.5150857094700448e-03  -1.3957654635658883e-03  -1.2762028678937798e-03  -1.1566854916161651e-03  -1.0374983949262451e-03  -9.1892374335532704e-04  -8.0124041618747169e-04  -6.8472363305196158e-04  -5.6964457451277786e-04  -4.5627002063338155e-04  -3.4486198310861179e-04  -2.3567735520308483e-04  -1.2896755474541043e-04  -2.4978184453681052e-05   7.6051316440180260e-05
   2.7008920360417610e-04   3.6473831041653696e-04   4.5576575827596297e-04   5.4295908843047169e-04   6.2611351670489304e-04   7.0503226763820519e-04   7.7952691541665372e-04   8.4941772427027254e-04   9.1453399329622016e-04   9.7471440436190746e-04   1.0298073780724342e-03   1.0796714332421205e-03   1.1241755565332716e-03   1.1631995792184026e-03   1.1966345646378471e-03   1.2243832065335432e-03   1.2463602390798672e-03   1.2624928611154873e-03   1.2727211733353876e-03   1.2769986327127645e-03   1.2752925211620026e-03   1.2675844344210950e-03   1.2538707862401882e-03   1.2341633359094879e-03   1.2084897321900522e-03   1.1768940840478641e-03   1.1394375494072516e-03   1.0961989552443112e-03   1.0472754380752261e-03   9.9278312201495598e-04   9.3285781634146235e-04   8.6765575466603892e-04   7.9735432555746479e-04   7.2215279922975789e-04   6.4227290019068170e-04   5.5795910868808199e-04   4.6947821947966204e-04   3.7711792328093299e-04   2.8118366681189558e-04   1.8199418884518579e-04   7.9875893032136606e-05  -2.4842481835576176e-05  -1.3183429423120467e-04  -2.4077809980552016e-04  -3.5135956080604590e-04  -4.6327256996652496e-04  -5.7621979818581594e-04  -6.8991298815963636e-04  -8.0407303488999279e-04  -9.1843001248096984e-04  -1.0327231149294309e-03  -1.1467005937084768e-03  -1.2601196462092470e-03  -1.3727463065974495e-03  -1.4843552971880562e-03  -1.5947298774225760e-03  -1.7036616558025052e-03  -1.8109503934696986e-03  -1.9164037718972051e-03  -2.0198371478866032e-03  -2.1210732739886180e-03  -2.2199420020470894e-03  -2.3162799506889621e-03  -2.4099301520673472e-03  -2.5007416665877580e-03  -2.5885691780633763e-03  -2.6732725521664662e-03  -2.7547163666691095e-03  -2.8327694115668658e-03  -2.9073041598162682e-03  -2.9781961987817079e-03  -3.0453236293016424e-03  -3.1085664243349484e-03  -3.1678057444710405e-03  -3.2229232088076413e-03  -3.2738001120587129e-03  -3.3203165892451069e-03  -3.3623507145035163e-03  -3.3997775406612238e-03  -3.4324680648156283e-03  -3.4602881436328527e-03  -3.4830973604870032e-03  -3.5007479317680241e-03  -3.5130837562056356e-03  -3.5199399410676072e-03  -3.5211433395174563e-03  -3.5165152608735177e-03  -3.5058780540128632e-03  -3.4890678269985493e-03  -3.4659540009729698e-03  -3.4364619416289845e-03  -3.4005892635816928e-03  -3.3584074587411895e-03  -3.3100501579587231e-03  -3.2556961502519630e-03  -3.1955545720706064e-03  -3.1298544695058687e-03  -3.0588383610134296e-03  -2.9827583766137561e-03  -2.9018739983003748e-03  -2.8164506283937080e-03  -2.7267586590960556e-03  -2.6330727565857239e-03  -2.5356712974193875e-03  -2.4348358551437924e-03  -2.3308507405069567e-03  -2.2240025391071687e-03  -2.1145796769764880e-03  -2.0028719780954608e-03  -1.8891702417283866e-03  -1.7737658086888612e-03  -1.6569501445365634e-03  -1.5390144136886801e-03  -1.4202490704076931e-03  -1.3009434425333229e-03  -1.1813853316157287e-03  -1.0618606072754814e-03  -9.4265281736082007e-04  -8.2404279371944790e-04  -7.0630827295567055e-04  -5.8972351393081024e-04  -4.7455892924185841e-04  -3.6108071423158908e-04  -2.4955048871014957e-04  -1.4022493637707786e-04  -3.3355455186390094e-05   7.0812194686436201e-05   1.7203823303117759e-04
   3.6924657049564047e-04   4.6414029802660170e-04   5.5542805622262677e-04   6.4289627238015186e-04   7.2633889710373091e-04   8.0555773745691903e-04   8.8036281376471987e-04   9.5057269597768066e-04   1.0160148696288459e-03   1.0765260821514100e-03   1.1319527190703316e-03   1.1821511646791755e-03   1.2269881948584027e-03   1.2663413553941503e-03   1.3000993765633596e-03   1.3281625741313442e-03   1.3504432904964385e-03   1.3668663234561252e-03   1.3773693989418397e-03   1.3819036326205027e-03   1.3804340395144352e-03   1.3729400334580859e-03   1.3594159794079002e-03   1.3398717363256327e-03   1.3143332592477587e-03   1.2828431930797355e-03   1.2454615351001571e-03   1.2022662918226615e-03   1.1533542203555807e-03   1.0988415681231459e-03   1.0388649209074332e-03   9.7358204008670410e-04   9.0317281262873713e-04   8.2784009495257839e-04   7.4781046642830007e-04   6.6333441082197563e-04   5.7468558903886837e-04   4.8215852683603996e-04   3.8606439336972480e-04   2.8672557889667738e-04   1.8446968775033892e-04   7.9624583844873633e-05  -2.7485469373308936e-05  -1.3654217919856747e-04  -2.4723471130917620e-04  -3.5926044324170953e-04  -4.7232537869856448e-04  -5.8614430695791636e-04  -7.0044086599037412e-04  -8.1494752098709364e-04  -9.2940551769174571e-04  -1.0435647994435811e-03  -1.1571839134674475e-03  -1.2700298920695573e-03  -1.3818781223961206e-03  -1.4925121924243097e-03  -1.6017237217802556e-03  -1.7093121679858491e-03  -1.8150846136286919e-03  -1.9188555273097277e-03  -2.0204465020777274e-03  -2.1196859670273970e-03  -2.2164088763819739e-03  -2.3104563714680276e-03  -2.4016754150327068e-03  -2.4899183932622043e-03  -2.5750426931137613e-03  -2.6569102504880194e-03  -2.7353870641474891e-03  -2.8103426744296753e-03  -2.8816496112448525e-03  -2.9491827989229389e-03  -3.0128189226156488e-03  -3.0724357466396651e-03  -3.1279113851199964e-03  -3.1791235140009775e-03  -3.2259485254586646e-03  -3.2682606106182351e-03  -3.3059307758731404e-03  -3.3388257804379028e-03  -3.3668070179839861e-03  -3.3897293570739470e-03  -3.4074400390329456e-03  -3.4197777860057706e-03  -3.4265725281517707e-03  -3.4276464526941841e-03  -3.4228177940303604e-03  -3.4119093295190547e-03  -3.3947637739611637e-03  -3.3712653766412312e-03  -3.3413617025891953e-03  -3.3050749202501225e-03  -3.2624975138312033e-03  -3.2137772741820669e-03  -3.1591005614316782e-03  -3.0986792532453878e-03  -3.0327421241184501e-03  -2.9615297079020166e-03  -2.8852912339162214e-03  -2.8042828348311117e-03  -2.7187663694559433e-03  -2.6290086339649521e-03  -2.5352807220868946e-03  -2.4378575160520890e-03  -2.3370171890598167e-03  -2.2330407657897029e-03  -2.1262116688977343e-03  -2.0168153012584504e-03  -1.9051386034832896e-03  -1.7914696417274450e-03  -1.6760971730321983e-03  -1.5593102399246769e-03  -1.4413977436327355e-03  -1.3226480454523832e-03  -1.2033485482755922e-03  -1.0837853061686250e-03  -9.6424261545127537e-04  -8.4500263380920290e-04  -7.2634498160457851e-04  -6.0854637112571269e-04  -4.9188021822448599e-04  -3.7661628160718524e-04  -2.6302028429396639e-04  -1.5135356227441519e-04  -4.1872695015024029e-05   6.5170837224976224e-05   1.6953101492936254e-04   2.7096761552832015e-04
   4.7113211439616981e-04   5.6628347268930773e-04   6.5784393406626528e-04   7.4559872229409008e-04   8.2934042852548986e-04   9.0886935250368193e-04   9.8399386325648220e-04   1.0545307484143632e-03   1.1203055828958878e-03   1.1811530876865686e-03   1.2369175142232479e-03   1.2874530171787500e-03   1.3326240576427596e-03   1.3723057961304635e-03   1.4063845195840812e-03   1.4347580595395139e-03   1.4573362488266030e-03   1.4740413701381746e-03   1.4848086485487197e-03   1.4895867360781821e-03   1.4883382465820942e-03   1.4810402826587049e-03   1.4676850206259496e-03   1.4482802877836920e-03   1.4228502085482848e-03   1.3914358445776425e-03   1.3540959213520407e-03   1.3109075545703558e-03   1.2619670940414059e-03   1.2073909794681299e-03   1.1473167614107832e-03   1.0819041328156136e-03   1.0113361430210731e-03   9.3582023520735226e-04   8.5558918170101114e-04   7.7090095570519004e-04   6.8203736949573124e-04   5.8930039679337383e-04   4.9300682443304585e-04   3.9348200474029487e-04   2.9105399141383134e-04   1.8604915378209793e-04   7.8789063312784059e-05  -3.0411255955207920e-05  -1.4124442436827067e-04  -2.5341118922906475e-04  -3.6662072676568443e-04  -4.8059070607164075e-04  -5.9504733652108554e-04  -7.0972530981057566e-04  -8.2436776340260036e-04  -9.3872618123031306e-04  -1.0525603165751777e-03  -1.1656380658148222e-03  -1.2777353568107638e-03  -1.3886359927119895e-03  -1.4981315024142172e-03  -1.6060209482105666e-03  -1.7121107335794699e-03  -1.8162143698062442e-03  -1.9181522376938613e-03  -2.0177513086450998e-03  -2.1148448539320490e-03  -2.2092721133765937e-03  -2.3008779510529090e-03  -2.3895124743880305e-03  -2.4750306308713708e-03  -2.5572917626639500e-03  -2.6361591405248521e-03  -2.7114994563444631e-03  -2.7831822812634300e-03  -2.8510794815567488e-03  -2.9150645934295037e-03  -2.9750121466614503e-03  -3.0307969369071323e-03  -3.0822932376504859e-03  -3.1293739460139429e-03  -3.1719096580706645e-03  -3.2097676641782724e-03  -3.2428108723492164e-03  -3.2708966613640943e-03  -3.2938757189477246e-03  -3.3115909467385666e-03  -3.3238766824670099e-03  -3.3305586824991015e-03  -3.3314558273672976e-03  -3.3263851266950896e-03  -3.3151723084501859e-03  -3.2976696089418041e-03  -3.2737785010640767e-03  -3.2434690407147897e-03  -3.2067855974598392e-03  -3.1638377409256109e-03  -3.1147835988078543e-03  -3.0598142740081388e-03  -2.9991425702834843e-03  -2.9329959664257639e-03  -2.8616124532823599e-03  -2.7852381076917017e-03  -2.7041256095531913e-03  -2.6185332724349415e-03  -2.5287243406112918e-03  -2.4349664221987016e-03  -2.3375309911615808e-03  -2.2366929302621106e-03  -2.1327300909516640e-03  -2.0259228604254066e-03  -1.9165537352714577e-03  -1.8049068990178651e-03  -1.6912678043965411e-03  -1.5759227556043308e-03  -1.4591584958790508e-03  -1.3412617949104099e-03  -1.2225190438937979e-03  -1.1032158500310419e-03  -9.8363664027080683e-04  -8.6406426387321137e-04  -7.4477960550582581e-04  -6.2606119654283162e-04  -5.0818483788864775e-04  -3.9142322020606574e-04  -2.7604555642661067e-04  -1.6231721058868097e-04  -5.0499339449080571e-05   5.9151471232953500e-05   1.6638355766152176e-04   2.7095053625243818e-04   3.7261164850372112e-04
   5.7551205269203848e-04   6.7093361668790579e-04   7.6277863571399141e-04   8.5083103662150523e-04   9.3488195137197646e-04   1.0147300807427629e-03   1.0901820457309590e-03   1.1610527569135257e-03   1.2271657780260226e-03   1.2883537083006116e-03   1.3444585596821626e-03   1.3953321569889622e-03   1.4408365357370359e-03   1.4808443641512511e-03   1.5152393674018054e-03   1.5439167775212620e-03   1.5667837898029452e-03   1.5837600470994925e-03   1.5947781348023809e-03   1.5997841066816736e-03   1.5987380259721096e-03   1.5916145413089442e-03   1.5784034839094732e-03   1.5591105060504696e-03   1.5337577503967651e-03   1.5023845733726521e-03   1.4650483180291972e-03   1.4218251675222888e-03   1.3728110864746634e-03   1.3181228902486488e-03   1.2578994663060760e-03   1.1923031457361942e-03   1.1215212170906531e-03   1.0457672662111603e-03   9.6528205123803034e-04   8.8033274238605958e-04   7.9121035372759310e-04   6.9822439718185924e-04   6.0169653122838103e-04   5.0195396089000198e-04   3.9932423253639384e-04   2.9413156157990594e-04   1.8669451893662571e-04   7.7324740524202865e-05  -3.3673812112946892e-05  -1.4600517481189212e-04  -2.5938156092540849e-04  -3.7352338440989038e-04  -4.8815926975434923e-04  -6.0302598988930928e-04  -7.1786842003584528e-04  -8.3243944453917427e-04  -9.4649988031523689e-04  -1.0598183600847434e-03  -1.1721712263778217e-03  -1.2833423870013533e-03  -1.3931231747864995e-03  -1.5013121691911718e-03  -1.6077150161523538e-03  -1.7121442093189728e-03  -1.8144188641007939e-03  -1.9143644534621368e-03  -2.0118125342914596e-03  -2.1066004360076464e-03  -2.1985709324131852e-03  -2.2875718717691078e-03  -2.3734557904927594e-03  -2.4560794886948640e-03  -2.5353035770487213e-03  -2.6109919808864680e-03  -2.6830114155740672e-03  -2.7512308121418628e-03  -2.8155207027313871e-03  -2.8757525524733402e-03  -2.9317980369631706e-03  -2.9835282570593838e-03  -3.0308128832754393e-03  -3.0735192270963481e-03  -3.1115112271999424e-03  -3.1446483645527594e-03  -3.1727845062709281e-03  -3.1957667549396048e-03  -3.2134343969917106e-03  -3.2256182760278199e-03  -3.2321411123837946e-03  -3.2328199638519445e-03  -3.2274725739394787e-03  -3.2159300530940019e-03  -3.1980565929558094e-03  -3.1737722266537592e-03  -3.1430685304543174e-03  -3.1060090389312205e-03  -3.0627166282619924e-03  -3.0133565956847082e-03  -2.9581226035511692e-03  -2.8972270825177071e-03  -2.8308954969210581e-03  -2.7593629400389959e-03  -2.6828721826038971e-03  -2.6016724153581795e-03  -2.5160184388697973e-03  -2.4261700093382616e-03  -2.3323913346848585e-03  -2.2349505857461858e-03  -2.1341194668410028e-03  -2.0301727673350000e-03  -1.9233879547089785e-03  -1.8140447406364525e-03  -1.7024246777173956e-03  -1.5888107302533881e-03  -1.4734868750722442e-03  -1.3567376790699509e-03  -1.2388479052146172e-03  -1.1201020968824138e-03  -1.0007841898129941e-03  -8.8117710437261225e-04  -7.6156236471305427e-04  -6.4221969993654186e-04  -5.2342667110795470e-04  -4.0545828163600004e-04  -2.8858661220890658e-04  -1.7308044006354598e-04  -5.9204881317256246e-05   5.2778981752042362e-05   1.6261445178697041e-04   2.7004958193085134e-04   3.7483752140132803e-04   4.7673687619546060e-04
   6.8214718042234744e-04   7.7785094078622970e-04   8.6999167701728281e-04   9.5835192143147352e-04   1.0427212526205119e-03   1.1228966731599464e-03   1.1986829566000474e-03   1.2698930371489747e-03   1.3363483662572472e-03   1.3978793159952845e-03   1.4543255531872753e-03   1.5055364618757946e-03   1.5513715384100045e-03   1.5917008401959711e-03   1.6264054073409392e-03   1.6553777439492713e-03   1.6785222730057569e-03   1.6957558574051098e-03   1.7070082954892154e-03   1.7122228904566156e-03   1.7113569955415353e-03   1.7043826436651936e-03   1.6912871552990606e-03   1.6720738477637559e-03   1.6467627297747857e-03   1.6153913286799087e-03   1.5780155229776428e-03   1.5347105697634308e-03   1.4855721847215734e-03   1.4307179289663465e-03   1.3702887086412979e-03   1.3044506605681724e-03   1.2333969714814837e-03   1.1573494847932219e-03   1.0765590504883734e-03   9.9130357795278829e-04   9.0188361281260906e-04   8.0861543437719193e-04   7.1182419880456190e-04   6.1183765709182404e-04   5.0898188799334784e-04   4.0357837475303679e-04   2.9594240479722579e-04   1.8638212397091092e-04   7.5198099311843858e-05  -3.7316914537787209e-05  -1.5087804330950866e-04  -2.6520831342874591e-04  -3.8003861565333915e-04  -4.9510766212031328e-04  -6.1016191736819889e-04  -7.2495552888919026e-04  -8.3925023854702126e-04  -9.5281529017634831e-04  -1.0654273182383231e-03  -1.1768702273587024e-03  -1.2869350515195789e-03  -1.3954197990357323e-03  -1.5021292758169561e-03  -1.6068748906565319e-03  -1.7094744376933068e-03  -1.8097518569748343e-03  -1.9075369684688091e-03  -2.0026651804971800e-03  -2.0949771727463255e-03  -2.1843185540341061e-03  -2.2705394871272381e-03  -2.3534942802414995e-03  -2.4330409485561703e-03  -2.5090407399891053e-03  -2.5813576184125389e-03  -2.6498577078637171e-03  -2.7144086876533221e-03  -2.7748791371516404e-03  -2.8311378210185817e-03  -2.8830529124215885e-03  -2.9304911414122755e-03  -2.9733168696038088e-03  -3.0113910775719705e-03  -3.0445702818337759e-03  -3.0727053889581359e-03  -3.0956405727732821e-03  -3.1132123046939903e-03  -3.1252489137675553e-03  -3.1315713225511270e-03  -3.1319963284383249e-03  -3.1263443673968214e-03  -3.1144541099623604e-03  -3.0962034770264631e-03  -3.0715313221537032e-03  -3.0404488589471719e-03  -3.0030354951766278e-03  -2.9594240486096393e-03  -2.9097844477768394e-03  -2.8543112750496003e-03  -2.7932156653917403e-03  -2.7267205762296462e-03  -2.6550579838786142e-03  -2.5784672713538969e-03  -2.4971941514937163e-03  -2.4114899566251673e-03  -2.3216110400546995e-03  -2.2278183028280121e-03  -2.1303767165131611e-03  -2.0295549124428464e-03  -1.9256247391007306e-03  -1.8188608624667927e-03  -1.7095403313194520e-03  -1.5979421837518147e-03  -1.4843470189544420e-03  -1.3690366068428847e-03  -1.2522934641387789e-03  -1.1344004681893049e-03  -1.0156404393577099e-03  -8.9629576099086415e-04  -7.7664796906139698e-04  -6.5697737921623187e-04  -5.3756268408213187e-04  -4.1868058799116221e-04  -3.0060541208385544e-04  -1.8360873683612720e-04  -6.7959014714154514e-05   4.6078779858021112e-05   1.5824353104285527e-04   2.6827832534772646e-04   3.7593082720259918e-04   4.8095361846056575e-04   5.8310457056309751e-04
   7.9079325613210872e-04   8.8679045733799271e-04   9.7923721677085039e-04   1.0679145695785569e-03   1.1526104419222385e-03   1.2331200351878065e-03   1.3092461779534114e-03   1.3807997198889582e-03   1.4475998968324407e-03   1.5094747424367573e-03   1.5662614681141117e-03   1.6178068979124825e-03   1.6639678707975152e-03   1.7046117038234500e-03   1.7396166231463100e-03   1.7688722630332622e-03   1.7922801323309845e-03   1.8097541580105844e-03   1.8212211952408209e-03   1.8266216264428308e-03   1.8259099260768373e-03   1.8190553313187964e-03   1.8060424800428619e-03   1.7868721826100069e-03   1.7615621705581955e-03   1.7301480329391448e-03   1.6926841606710599e-03   1.6492449889868254e-03   1.5999263185980544e-03   1.5448471290306618e-03   1.4841515168710169e-03   1.4180112006051825e-03   1.3466275913277498e-03   1.2702333363992853e-03   1.1890913385163675e-03   1.1034909649131196e-03   1.0137415666843347e-03   9.2016466532757451e-04   8.2308722695249056e-04   7.2283623659040485e-04   6.1973542062631010e-04   5.1410305838206927e-04   4.0625093514322233e-04   2.9648366249259740e-04   1.8509845208930043e-04   7.2384942330709005e-05  -4.1374788726092522e-05  -1.5590624688151993e-04  -2.7094245021624789e-04  -3.8622390706195700e-04  -5.0149852937555247e-04  -6.1652158829443365e-04  -7.3105561607503212e-04  -8.4487033939234404e-04  -9.5774256356713754e-04  -1.0694560782016610e-03  -1.1798015159957174e-03  -1.2885762245565062e-03  -1.3955840925244487e-03  -1.5006353809933252e-03  -1.6035465097875225e-03  -1.7041398431244968e-03  -1.8022434328398623e-03  -1.8976907557628044e-03  -1.9903204058045560e-03  -2.0799757713048316e-03  -2.1665046713938759e-03  -2.2497589759758602e-03  -2.3295941762086522e-03  -2.4058689296677497e-03  -2.4784445592367244e-03  -2.5471845148106729e-03  -2.6119537809870816e-03  -2.6726182386130615e-03  -2.7290439617432783e-03  -2.7810964539789458e-03  -2.8286398087166735e-03  -2.8715357933791746e-03  -2.9096428514326011e-03  -2.9428150310314765e-03  -2.9709008717325232e-03  -2.9937423267993365e-03  -3.0111739152080073e-03  -3.0230224992118366e-03  -3.0291085048843639e-03  -3.0292500464920782e-03  -3.0232721015486181e-03  -3.0110226845882467e-03  -2.9923944673410211e-03  -2.9673444523535338e-03  -2.9359010518868914e-03  -2.8981563400574712e-03  -2.8542502254346757e-03  -2.8043552869145448e-03  -2.7486658159474294e-03  -2.6873910036264801e-03  -2.6207509702478953e-03  -2.5489744500603170e-03  -2.4722974068708036e-03  -2.3909621141774565e-03  -2.3052165019291360e-03  -2.2153136099496884e-03  -2.1215111251547437e-03  -2.0240709340612153e-03  -1.9232587044430618e-03  -1.8193434594816586e-03  -1.7125971744253480e-03  -1.6032943585226110e-03  -1.4917116544744735e-03  -1.3781274221790706e-03  -1.2628213425894348e-03  -1.1460740058700984e-03  -1.0281665208389116e-03  -9.0938010774526106e-04  -7.8999571394972100e-04  -6.7029361237066565e-04  -5.5055302442192950e-04  -4.3105172495401804e-04  -3.1206567291056282e-04  -1.9386862294313418e-04  -7.6731763720987406e-05   3.9076664230742434e-05   1.5329172319564969e-04   2.6565215520795110e-04   3.7590073058802549e-04   4.8378462066010969e-04   5.8905574125911334e-04   6.9147112356146513e-04
   9.0120137738951029e-04   9.9750236727357087e-04   1.0902644430305143e-03   1.1792670383758501e-03   1.2642963300465754e-03   1.3451456105465641e-03   1.4216156596410839e-03   1.4935151322879624e-03   1.5606609415491671e-03   1.6228786636652373e-03   1.6800029407996590e-03   1.7318779093747723e-03   1.7783576266343125e-03   1.8193065303112705e-03   1.8545998956233621e-03   1.8841243338262748e-03   1.9077782879047072e-03   1.9254725794155942e-03   1.9371309531871679e-03   1.9426906854156521e-03   1.9421031925538120e-03   1.9353347223329525e-03   1.9223670547372034e-03   1.9031983198815076e-03   1.8778438526479012e-03   1.8463372384335925e-03   1.8087314647752756e-03   1.7651004250292803e-03   1.7155406586621303e-03   1.6601737085909314e-03   1.5991486970574397e-03   1.5326454333025709e-03   1.4608764356899857e-03   1.3840876053839409e-03   1.3025550480308102e-03   1.2165790939032747e-03   1.1264761885159593e-03   1.0325710753823201e-03   9.3519079953664611e-04   8.3466043147142704e-04   7.3130065122249937e-04   6.2542620160988319e-04   5.1734521483411773e-04   4.0735875883107981e-04   2.9576073729930142e-04   1.8283777695705049e-04   6.8869277517886974e-05  -4.5872605323279427e-05  -1.6112287858133494e-04  -2.7662369945678994e-04  -3.9212428761330642e-04  -5.0738089584759010e-04  -6.2215671484337331e-04  -7.3622182433803274e-04  -8.4935308280208654e-04  -9.6133405250194907e-04  -1.0719548657275135e-03  -1.1810121168008211e-03  -1.2883086973995419e-03  -1.3936536499716294e-03  -1.4968619663869773e-03  -1.5977543971591186e-03  -1.6961572050508411e-03  -1.7919019222539638e-03  -1.8848250556738081e-03  -1.9747677924921068e-03  -2.0615756490027495e-03  -2.1450981086360661e-03  -2.2251882089486617e-03  -2.3017021114734885e-03  -2.3744986112402451e-03  -2.4434386222361958e-03  -2.5083845992163157e-03  -2.5691999200276581e-03  -2.6257481979929330e-03  -2.6778925384215663e-03  -2.7254947157628598e-03  -2.7684142789676158e-03  -2.8065075763614375e-03  -2.8396267138018480e-03  -2.8676184887646205e-03  -2.8903233851976166e-03  -2.9075748728446963e-03  -2.9191994409719130e-03  -2.9250183334201532e-03  -2.9248525124670782e-03  -2.9185331299907934e-03  -2.9059188456164939e-03  -2.8869173632053925e-03  -2.8615024461094499e-03  -2.8297170504286264e-03  -2.7916629819880190e-03  -2.7474849189839741e-03  -2.6973565629665784e-03  -2.6414710379179382e-03  -2.5800351352773306e-03  -2.5132659303700308e-03  -2.4413888487560082e-03  -2.3646364448882407e-03  -2.2832476089905160e-03  -2.1974669432242729e-03  -2.1075442708378732e-03  -2.0137341669889857e-03  -1.9162955391515298e-03  -1.8154912000670873e-03  -1.7115874668254792e-03  -1.6048537416120156e-03  -1.4955621131997150e-03  -1.3839869439445384e-03  -1.2704044745562696e-03  -1.1550924150924881e-03  -1.0383295518242375e-03  -9.2039534317861613e-04  -8.0156953079535789e-04  -6.8213174200290280e-04  -5.6236110599938683e-04  -4.4253586350400959e-04  -3.2293298844129719e-04  -2.0382780510759101e-04  -8.5493615443174033e-05   3.1798676376913987e-05   1.4778093137681240e-04   2.6218814429274518e-04   3.7475880649614883e-04   4.8523526889393987e-04   5.9336410221367945e-04   6.9889645645271835e-04   8.0158842019823374e-04
   1.0131183738123785e-03   1.1097324410804560e-03   1.2028179537604813e-03   1.2921526394019970e-03   1.3775208182652402e-03   1.4587137668317994e-03   1.5355301090026158e-03   1.6077761906415858e-03   1.6752664870761658e-03   1.7378239971828583e-03   1.7952806696350510e-03   1.8474778222878506e-03   1.8942665957071224e-03   1.9355084035489016e-03   1.9710754212020846e-03   2.0008510758313352e-03   2.0247305792968494e-03   2.0426214687605214e-03   2.0544441966936526e-03   2.0601327381824940e-03   2.0596352594143474e-03   2.0529148211913340e-03   2.0399501695740844e-03   2.0207366014166669e-03   1.9952869786838585e-03   1.9636329153284687e-03   1.9258262529549936e-03   1.8819409271014550e-03   1.8320753462335105e-03   1.7763554363021909e-03   1.7149379896748719e-03   1.6480140588406751e-03   1.5758102172318805e-03   1.4985872859517118e-03   1.4166343709748606e-03   1.3302609805024973e-03   1.2397883015253341e-03   1.1455422149259254e-03   1.0478483496650867e-03   9.4702893948482255e-04   8.4340109364019436e-04   7.3727578291924226e-04   6.2895740653042659e-04   5.1874352214198037e-04   4.0692480135356545e-04   2.9378497628231460e-04   1.7960089155756619e-04   6.4642506449813302e-05  -5.0827036621267033e-05  -1.6655139571528197e-04  -2.8228095849375354e-04  -3.9777281596289600e-04  -5.1279068490152693e-04  -6.2710486622225285e-04  -7.4049215241668944e-04  -8.5273576317604024e-04  -9.6362522960353070e-04  -1.0729562999476582e-03  -1.1805307930096874e-03  -1.2861564666882914e-03  -1.3896468331585118e-03  -1.4908209841869012e-03  -1.5895033644381103e-03  -1.6855235501666659e-03  -1.7787159721552644e-03  -1.8689196357430586e-03  -1.9559777887647890e-03  -2.0397375847238065e-03  -2.1200496851456305e-03  -2.1967678485574809e-03  -2.2697484618098896e-03  -2.3388500457977544e-03  -2.4039326966668727e-03  -2.4648574919986684e-03  -2.5214858233467384e-03  -2.5736786790508692e-03  -2.6212958450608751e-03  -2.6641950419149848e-03  -2.7022309822259446e-03  -2.7352543761906879e-03  -2.7631109269084580e-03  -2.7856404265311401e-03  -2.8026762199822195e-03  -2.8140455303924698e-03  -2.8195717005877665e-03  -2.8190799628303054e-03  -2.8124089755367041e-03  -2.7994288422813563e-03  -2.7800619060617928e-03  -2.7542968656661519e-03  -2.7221885684528039e-03  -2.6838460021608793e-03  -2.6394167618476092e-03  -2.5890745095963805e-03  -2.5330105747200962e-03  -2.4714290324841679e-03  -2.4045437923931904e-03  -2.3325769466724959e-03  -2.2557576789812932e-03  -2.1743215607204274e-03  -2.0885099574515847e-03  -1.9985695686488953e-03  -1.9047519624159649e-03  -1.8073131772821658e-03  -1.7065132863375789e-03  -1.6026160104680768e-03  -1.4958882939130724e-03  -1.3865999215766176e-03  -1.2750230970988662e-03  -1.1614320605996755e-03  -1.0461026711215682e-03  -9.2931202766031117e-04  -8.1133805694043933e-04  -6.9245913810833562e-04  -5.7295369624642376e-04  -4.5309983175996667e-04  -3.3317492034995195e-04  -2.1345524786176777e-04  -9.4215616929131619e-05   2.4271012579221924e-05   1.4173391051044461e-04   2.5790493085954926e-04   3.7251889311825704e-04   4.8531393261371045e-04   5.9603187732833272e-04   7.0441859515302935e-04   8.1022436740593230e-04   9.1320423528406906e-04
   1.1262871892954779e-03   1.2232224127741826e-03   1.3166381533234730e-03   1.4063103265320059e-03   1.4920212897856654e-03   1.5735601929346488e-03   1.6507233887078148e-03   1.7233147988281730e-03   1.7911463401207757e-03   1.8540383079638850e-03   1.9118198273607185e-03   1.9643292602301724e-03   2.0114146865703479e-03   2.0529343441724112e-03   2.0887571484511465e-03   2.1187631731968549e-03   2.1428442207206615e-03   2.1609043556989672e-03   2.1728605428280568e-03   2.1786432538313991e-03   2.1781972038498599e-03   2.1714820733458534e-03   2.1584734118002980e-03   2.1391635748532409e-03   2.1135629612655223e-03   2.0817014140299206e-03   2.0436301730583908e-03   1.9994242681933114e-03   1.9491857860496555e-03   1.8930477095429551e-03   1.8311778978393556e-03   1.7637820348037764e-03   1.6911029996441020e-03   1.6134167003592429e-03   1.5310235285489722e-03   1.4442395507104282e-03   1.3533882185977203e-03   1.2587946698399475e-03   1.1607819056801477e-03   1.0596686321384520e-03   9.5576804485916051e-04   8.4938721069513631e-04   7.4082677735909852e-04   6.3038084672990954e-04   5.1833694956731095e-04   4.0497604580541744e-04   2.9057255817410059e-04   1.7539439579441032e-04   5.9702995795960032e-05  -5.6246650896144305e-05  -1.7220595625025686e-04  -2.8793270565608984e-04  -4.0319100743139687e-04  -5.1775125219646781e-04  -6.3139004699105526e-04  -7.4389015494366931e-04  -8.5504040570756525e-04  -9.6463560735883926e-04  -1.0724764257820684e-03  -1.1783692623723121e-03  -1.2821260965197065e-03  -1.3835643227284196e-03  -1.4825065478006154e-03  -1.5787803790801532e-03  -1.6722181730626662e-03  -1.7626567744658138e-03  -1.8499372079749886e-03  -1.9339043523908628e-03  -2.0144065707279448e-03  -2.0912953185763016e-03  -2.1644246974376422e-03  -2.2336509820848989e-03  -2.2988320880364226e-03  -2.3598270004618893e-03  -2.4164951363998257e-03  -2.4686956554661925e-03  -2.5162866956897666e-03  -2.5591245479584879e-03  -2.5970627610024380e-03  -2.6299512056202827e-03  -2.6576351516146382e-03  -2.6799544823223401e-03  -2.6967433448721488e-03  -2.7078307759301405e-03  -2.7130434307520105e-03  -2.7122120549716647e-03  -2.7051838210480671e-03  -2.6918405669567021e-03  -2.6721183753973228e-03  -2.6460188281506214e-03  -2.6136061774893280e-03  -2.5749944522338824e-03  -2.5303326991790100e-03  -2.4797936733562103e-03  -2.4235664582346063e-03  -2.3618522043733913e-03  -2.2948615914681362e-03  -2.2228133869924430e-03  -2.1459334598211933e-03  -2.0644541390843355e-03  -1.9786136448835187e-03  -1.8886556536871655e-03  -1.7948288351237263e-03  -1.6973864638116626e-03  -1.5965859852696302e-03  -1.4926886396790869e-03  -1.3859590324443493e-03  -1.2766647591877028e-03  -1.1650759811384415e-03  -1.0514650531039673e-03  -9.3610610192696949e-04  -8.1927465670683511e-04  -7.0124723117812862e-04  -5.8230095817102246e-04  -4.6271317722708599e-04  -3.4276107413681910e-04  -2.2272127422418280e-04  -1.0286948727058370e-04   1.6519893395498418e-05   1.3517414055682513e-04   2.5282258849511287e-04   3.6919697755279275e-04   4.8403184469759291e-04   5.9706486376053880e-04   7.0803723260878240e-04   8.1669401090677025e-04   9.2278450626132101e-04   1.0260626112070194e-03
   1.2404472814571744e-03   1.3377103688135838e-03   1.4314616418150926e-03   1.5214750962271428e-03   1.6075310113373802e-03   1.6894162983950105e-03   1.7669249218845759e-03   1.8398582584815584e-03   1.9080255390377700e-03   1.9712442268741415e-03   2.0293404838291258e-03   2.0821495737590964e-03   2.1295163626719833e-03   2.1712957536877638e-03   2.2073532313676256e-03   2.2375653382473663e-03   2.2618202769268221e-03   2.2800184429211945e-03   2.2920731070686651e-03   2.2979110318465607e-03   2.2974732797307767e-03   2.2907159743650860e-03   2.2776113424089993e-03   2.2581487751087048e-03   2.2323363694446855e-03   2.2002026743955117e-03   2.1617993168544123e-03   2.1172041516257026e-03   2.0665256234629163e-03   2.0099073161585243e-03   1.9475319528600593e-03   1.8796226667311773e-03   1.8064393490128759e-03   1.7282714440385925e-03   1.6454278296085981e-03   1.5582282166350381e-03   1.4669960478838756e-03   1.3720542003468898e-03   1.2737221681646121e-03   1.1723146515287735e-03   1.0681407135039603e-03   9.6150344777723266e-04   8.5269977967792850e-04   7.4202043874414423e-04   6.2974993102178178e-04   5.1616657671135790e-04   4.0154251873837909e-04   2.8614376333410403e-04   1.7023019173929865e-04   5.4055593704118539e-05  -6.2132319715783478e-05  -1.7809188418430868e-04  -2.9358746141416696e-04  -4.0838939969561243e-04  -5.2227399692114608e-04  -6.3502344464293507e-04  -7.4642576677596130e-04  -8.5627473901057666e-04  -9.6436979579079445e-04  -1.0705159170117124e-03  -1.1745234959673961e-03  -1.2762081867180467e-03  -1.3753907293487843e-03  -1.4718967540261873e-03  -1.5655565551258893e-03  -1.6562048400515764e-03  -1.7436804481507509e-03  -1.8278260459837963e-03  -1.9084877807794434e-03  -1.9855149059012376e-03  -2.0587593647072551e-03  -2.1280753382439152e-03  -2.1933187424330418e-03  -2.2543466843912546e-03  -2.3110168576176517e-03  -2.3631868878330278e-03  -2.4107136095069034e-03  -2.4534522886761599e-03  -2.4912557840793595e-03  -2.5239736868938245e-03  -2.5514514901693259e-03  -2.5735299441375882e-03  -2.5900448966025514e-03  -2.6008282264944247e-03  -2.6057109969922720e-03  -2.6045305077522208e-03  -2.5971431006195341e-03  -2.5834422093978615e-03  -2.5633764021693595e-03  -2.5369580415364450e-03  -2.5042585620474421e-03  -2.4653952620464154e-03  -2.4205175029559690e-03  -2.3697964820706130e-03  -2.3134187219093273e-03  -2.2515823137895432e-03  -2.1844946871251948e-03  -2.1123713159634915e-03  -2.0354348236181923e-03  -1.9539143785893406e-03  -1.8680451558581650e-03  -1.7780679068231330e-03  -1.6842285106484652e-03  -1.5867775885299719e-03  -1.4859700740773763e-03  -1.3820648358784122e-03  -1.2753242555118315e-03  -1.1660138539797723e-03  -1.0544018706306875e-03  -9.4075889089962565e-04  -8.2535742816531254e-04  -7.0847155548056455e-04  -5.9037649123070790e-04  -4.7134823518351081e-04  -3.5166315823841206e-04  -2.3159764370223046e-04  -1.1142768166299069e-04   8.5714838589756419e-06   1.2812575586454737e-04   2.4696253128937912e-04   3.6481109769375569e-04   4.8140297475651110e-04   5.9647230764510862e-04   7.0975620413694322e-04   8.2099512590399614e-04   9.2993322225801449e-04   1.0363187207078238e-03   1.1399042595182964e-03
   1.3553350089792917e-03   1.4529311494410142e-03   1.5470216199115565e-03   1.6373783860959674e-03   1.7237795354950311e-03   1.8060096244101730e-03   1.8838601043910418e-03   1.9571296844146991e-03   2.0256247770652331e-03   2.0891598776944693e-03   2.1475580405280218e-03   2.2006512817913815e-03   2.2482810922364259e-03   2.2902988736715666e-03   2.3265664992048935e-03   2.3569567939646305e-03   2.3813541604048465e-03   2.3996551214144008e-03   2.4117690416947122e-03   2.4176187711073011e-03   2.4171415298914218e-03   2.4102897455886008e-03   2.3970322696333693e-03   2.3773556507390809e-03   2.3512660991697439e-03   2.3187917742170331e-03   2.2799863323090899e-03   2.2349330744201546e-03   2.1837504266364618e-03   2.1265967060668739e-03   2.0636728910767622e-03   1.9952208885135997e-03   1.9215163858311332e-03   1.8428594182054666e-03   1.7595640651191667e-03   1.6719509741994073e-03   1.5803417386842196e-03   1.4850558338713987e-03   1.3864086191001167e-03   1.2847104749386402e-03   1.1802662263993894e-03   1.0733749945090528e-03   9.6433005043874292e-04   8.5341885090768469e-04   7.4092300337763963e-04   6.2711832675506687e-04   5.1227483434241521e-04   3.9665678250788602e-04   2.8052265251752987e-04   1.6412518643895715e-04   4.7711369794899107e-05  -6.8477537280973782e-05  -1.8420600938830189e-04  -2.9924421964169540e-04  -4.1336803270949083e-04  -5.2635895387942195e-04  -6.3800409763713499e-04  -7.4809611323527106e-04  -8.5643312151681503e-04  -9.6281860999250296e-04  -1.0670613320380709e-03  -1.1689751646489022e-03  -1.2683789617345905e-03  -1.3650963662348384e-03  -1.4589556145439631e-03  -1.5497893025747847e-03  -1.6374341333096707e-03  -1.7217306219555334e-03  -1.8025227831127821e-03  -1.8796577750189046e-03  -1.9529855126871074e-03  -2.0223582384828235e-03  -2.0876300547326139e-03  -2.1486564066609841e-03  -2.2052935195950307e-03  -2.2573977807459171e-03  -2.3048250678878355e-03  -2.3474300240344842e-03  -2.3850652900102736e-03  -2.4175807256635855e-03  -2.4448226911631295e-03  -2.4666335469731857e-03  -2.4828516963311320e-03  -2.4933127990568798e-03  -2.4978532862703884e-03  -2.4963178157806770e-03  -2.4885722350105315e-03  -2.4745210908585888e-03  -2.4541239725160402e-03  -2.4274020165902222e-03  -2.3944318897355147e-03  -2.3553327319646667e-03  -2.3102533292888193e-03  -2.2593628448532824e-03  -2.2028450181200724e-03  -2.1408948059032443e-03  -2.0737163945342930e-03  -2.0015220146588431e-03  -1.9245311211864679e-03  -1.8429698116482565e-03  -1.7570703136414838e-03  -1.6670705585411498e-03  -1.5732137447461198e-03  -1.4757479467292795e-03  -1.3749256982272411e-03  -1.2710036113885782e-03  -1.1642419616348732e-03  -1.0549043090122788e-03  -9.4325708591619156e-04  -8.2956922242885794e-04  -7.1411173558914647e-04  -5.9715735808466887e-04  -4.7898012993238695e-04  -3.5985503225000634e-04  -2.4005758252751614e-04  -1.1986347412811502e-04   4.5182451890090833e-07   1.2061342451028770e-04   2.4034741333185585e-04   3.5938120360888017e-04   4.7744392642508533e-04   5.9426677461045226e-04   7.0958339332539543e-04   8.2313021867014128e-04   9.3464686706026345e-04   1.0438764709930195e-03   1.1505660697342984e-03   1.2544669439780445e-03
   1.4706840370951445e-03   1.5686167441819761e-03   1.6630482861656113e-03   1.7537484841258590e-03   1.8404931134820208e-03   1.9230642551925996e-03   2.0012507240498392e-03   2.0748484302793441e-03   2.1436608316560842e-03   2.2074993147796962e-03   2.2661836752278807e-03   2.3195425247583014e-03   2.3674138112233468e-03   2.4096452592233916e-03   2.4460949431153191e-03   2.4766317747171329e-03   2.5011361506554475e-03   2.5195005116982984e-03   2.5316301071579986e-03   2.5374436817139851e-03   2.5368744582367053e-03   2.5298710963466984e-03   2.5163991537154764e-03   2.4964426933192386e-03   2.4700068557480721e-03   2.4371209427579629e-03   2.3978431654993505e-03   2.3522659090680752e-03   2.3005219374315671e-03   2.2427882690940707e-03   2.1792861357399626e-03   2.1102754533471350e-03   2.0360447667892457e-03   1.9569010709099828e-03   1.8731605049302992e-03   1.7851424014669653e-03   1.6931650930051274e-03   1.5975438488968550e-03   1.4985894963061147e-03   1.3966079216416712e-03   1.2918996767831291e-03   1.1847599482266251e-03   1.0754784482318340e-03   9.6433948221148302e-04   8.5162190296293706e-04   7.3759917716373141e-04   6.2253934599790543e-04   5.0670507227071934e-04   3.9035359688398112e-04   2.7373676964001568e-04   1.5710100534000598e-04   4.0687307715359675e-05  -7.5268766824696486e-05  -1.9053708177550928e-04  -3.0489294051621761e-04  -4.1811704575838208e-04  -5.2999549520061241e-04  -6.4031971917529558e-04  -7.4888644453706247e-04  -8.5549760207387013e-04  -9.5996025136145199e-04  -1.0620864511539769e-03  -1.1616931416202586e-03  -1.2586019736212973e-03  -1.3526391401683792e-03  -1.4436351532990128e-03  -1.5314246216555640e-03  -1.6158459772757021e-03  -1.6967411900463308e-03  -1.7739554301376141e-03  -1.8473367175139040e-03  -1.9167355144416942e-03  -1.9820042964700355e-03  -2.0429970659300526e-03  -2.0995688345502961e-03  -2.1515750462434125e-03  -2.1988709643677535e-03  -2.2413110047122486e-03  -2.2787480493122142e-03  -2.3110327572042938e-03  -2.3380129687468839e-03  -2.3595333539228958e-03  -2.3754356552806353e-03  -2.3855601453418081e-03  -2.3897494224101885e-03  -2.3878560716649863e-03  -2.3797555118818636e-03  -2.3653626577551492e-03  -2.3446466049622306e-03  -2.3176353954327536e-03  -2.2844092761658422e-03  -2.2450880740933978e-03  -2.1998193113697186e-03  -2.1487697680372081e-03  -2.0921202484598320e-03  -2.0300625426211316e-03  -1.9627976204708020e-03  -1.8905345346459806e-03  -1.8134896527050670e-03  -1.7318860963083835e-03  -1.6459532470997017e-03  -1.5559263210792335e-03  -1.4620459424245574e-03  -1.3645577528774264e-03  -1.2637119987502529e-03  -1.1597631475685785e-03  -1.0529694804204803e-03  -9.4359271271605961e-04  -8.3189758655061250e-04  -7.1815149359051242e-04  -6.0262406948567162e-04  -4.8558682128209570e-04  -3.6731272465977453e-04  -2.4807585611609918e-04  -1.2815099323161072e-04  -7.8132523955202430e-06   1.1266230751004382e-04   2.3300104131404598e-04   3.5292911052555971e-04   4.7217383348805721e-04   5.9046407550851325e-04   7.0753059352390434e-04   8.2310642442713709e-04   9.3692722532176813e-04   1.0487316613878293e-03   1.1582617427223062e-03   1.2652632131731083e-03   1.3694858858764203e-03
   1.5862257288075661e-03   1.6844966994275774e-03   1.7792692487711855e-03   1.8703109363284267e-03   1.9573951066387471e-03   2.0403012408394330e-03   2.1188153853643581e-03   2.1927305189323536e-03   2.2618470035554047e-03   2.3259729688156917e-03   2.3849247963332295e-03   2.4385275291875447e-03   2.4866153980719740e-03   2.5290322672339074e-03   2.5656322179077331e-03   2.5962800468719380e-03   2.6208519354950647e-03   2.6392360346475926e-03   2.6513332807816476e-03   2.6570581507612693e-03   2.6563397788098991e-03   2.6491231053843130e-03   2.6353706951579184e-03   2.6150648538441346e-03   2.5882110680514685e-03   2.5548421776693123e-03   2.5150245245535098e-03   2.4688641092936244e-03   2.4165124571593212e-03   2.3581680412687279e-03   2.2940721532487148e-03   2.2244999273656699e-03   2.1497488645320461e-03   2.0701293031095257e-03   1.9859567576472892e-03   1.8975475233695750e-03   1.8052156812425092e-03   1.7092717633971500e-03   1.6100218181954826e-03   1.5077671581915945e-03   1.4028040916263182e-03   1.2954239548298553e-03   1.1859130208847790e-03   1.0745525784023196e-03   9.6161887544748276e-04   8.4738318210394038e-04   7.3211173102638019e-04   6.1606575465070808e-04   4.9950141869071715e-04   3.8266984111192141e-04   2.6581702454766339e-04   1.4918386730125208e-04   3.3006102877584627e-05  -8.2485686446786112e-05  -1.9706611439179039e-04  -3.1051496451181613e-04  -4.2261721094478575e-04  -5.3316297059886365e-04  -6.4194749244647512e-04  -7.4877108085154070e-04  -8.5343904744065123e-04  -9.5576159865540722e-04  -1.0555537421022890e-03  -1.1526351303918314e-03  -1.2468299195447377e-03  -1.3379665691279888e-03  -1.4258776454073733e-03  -1.5103995644202596e-03  -1.5913723382723305e-03  -1.6686392628795161e-03  -1.7420465961498063e-03  -1.8114431812220407e-03  -1.8766800540151395e-03  -1.9376099930634497e-03  -1.9940870480740459e-03  -2.0459660112644917e-03  -2.0931018645145320e-03  -2.1353491808133729e-03  -2.1725615215523572e-03  -2.2045908485174102e-03  -2.2312870516474877e-03  -2.2524977518211774e-03  -2.2680687245391993e-03  -2.2778455679884502e-03  -2.2816776692080589e-03  -2.2794259058702407e-03  -2.2709750928516120e-03  -2.2562496384434891e-03  -2.2352266407028600e-03  -2.2079393832066820e-03  -2.1744703066834160e-03  -2.1349389924581129e-03  -2.0894911728200219e-03  -2.0382909838456754e-03  -1.9815162012586638e-03  -1.9193554411297792e-03  -1.8520065038667335e-03  -1.7796753348080043e-03  -1.7025753039032142e-03  -1.6209266530420215e-03  -1.5349560202913685e-03  -1.4448960133321453e-03  -1.3509847928510064e-03  -1.2534656754897358e-03  -1.1525867323514600e-03  -1.0486004011422828e-03  -9.4176308514022384e-04  -8.3233476825975573e-04  -7.2057861599956400e-04  -6.0676059504406071e-04  -4.9114907511335799e-04  -3.7401445252258173e-04  -2.5562875375367464e-04  -1.3626526446149914e-04  -1.6198135810370799e-05   1.0429798058019337e-04   2.2494832329357007e-04   3.4547838016252340e-04   4.6561427599216276e-04   5.8508312574400497e-04   7.0361341981283051e-04   8.2093537177567780e-04   9.3678130210468884e-04   1.0508859812726787e-03   1.1629870134768562e-03   1.2728251769266506e-03   1.3801448101988035e-03   1.4846941514856798e-03
   1.7016895551329142e-03   1.8002985189355335e-03   1.8954099291427478e-03   1.9867889630623679e-03   2.0742064084703559e-03   2.1574390185342702e-03   2.2362699405247205e-03   2.3104890811674792e-03   2.3798935612061168e-03   2.4442881010832899e-03   2.5034855065910579e-03   2.5573070819752243e-03   2.6055831609129851e-03   2.6481535573398356e-03   2.6848681610464218e-03   2.7155874480395970e-03   2.7401831783910474e-03   2.7585390150597572e-03   2.7705514135147827e-03   2.7761304770048244e-03   2.7752012724592693e-03   2.7677052689252229e-03   2.7536026861475320e-03   2.7328753609175927e-03   2.7055313770153809e-03   2.6716105812754146e-03   2.6311920223709706e-03   2.5844001860052231e-03   2.5314087826663230e-03   2.4724382843664509e-03   2.4077475538669640e-03   2.3376228441287770e-03   2.2623665344233437e-03   2.1822891602351915e-03   2.0977035402657703e-03   2.0089216982870058e-03   1.9162527867521541e-03   1.8200022739719680e-03   1.7204713170358664e-03   1.6179566567102173e-03   1.5127504263565547e-03   1.4051402183699706e-03   1.2954090024431294e-03   1.1838352019552889e-03   1.0706926235268977e-03   9.5625050698273494e-04   8.4077344591115680e-04   7.2452141055804578e-04   6.0774965936269767e-04   4.9070874264985618e-04   3.7364441173536457e-04   2.5679761398599108e-04   1.4040440828656364e-04   2.4695962152367036e-05  -9.0101517484659274e-05  -2.0376677523702732e-04  -3.1608355284677031e-04  -4.2684055932627979e-04  -5.3583148527792555e-04  -6.4285494365129317e-04  -7.4771444552025655e-04  -8.5021830477509689e-04  -9.5017957194799287e-04  -1.0474158989918565e-03  -1.1417494234968995e-03  -1.2330065833194574e-03  -1.3210179494599068e-03  -1.4056179940901315e-03  -1.4866448644253179e-03  -1.5639400925679026e-03  -1.6373483117062962e-03  -1.7067169056011167e-03  -1.7718956581632228e-03  -1.8327363393331971e-03  -1.8890922852998534e-03  -1.9408179181214502e-03  -1.9877682611518328e-03  -2.0297984080585780e-03  -2.0667630143989873e-03  -2.0985158077525615e-03  -2.1249092487442877e-03  -2.1457944734708974e-03  -2.1610218907927312e-03  -2.1704429967142388e-03  -2.1739144308821753e-03  -2.1713055250290854e-03  -2.1625101653571970e-03  -2.1474613057706256e-03  -2.1261426395968374e-03  -2.0985912475233056e-03  -2.0648905982738924e-03  -2.0251592916014829e-03  -1.9795408520143051e-03  -1.9281965900310874e-03  -1.8713011912527323e-03  -1.8090401182481943e-03  -1.7416080555283163e-03  -1.6692079234258289e-03  -1.5920501833931191e-03  -1.5103522990983604e-03  -1.4243382683944319e-03  -1.3342381982883258e-03  -1.2402878929961096e-03  -1.1427284590396210e-03  -1.0418059038052048e-03  -9.3777074769887568e-04  -8.3087762701549838e-04  -7.2138491046073473e-04  -6.0955430186816978e-04  -4.9565045942503148e-04  -3.7994060015212542e-04  -2.6269412393851744e-04  -1.4418222045231360e-04  -2.4677498154700725e-05   9.5546406240146079e-05   2.1621519311604449e-04   3.3705428767962474e-04   4.5778919924977846e-04   5.7814590633373112e-04   6.9785120994126921e-04   8.1663311658672572e-04   9.3422118622412808e-04   1.0503469142690805e-03   1.1647440752495762e-03   1.2771491052572454e-03   1.3873014423020252e-03   1.4949439106389704e-03   1.5998230598477888e-03
   1.8168034891699789e-03   1.9157480751679089e-03   2.0111939793234744e-03   2.1029038728969216e-03   2.1906458636140646e-03   2.2741938440645234e-03   2.3533279246314449e-03   2.4278347974345171e-03   2.4975081934786566e-03   2.5621492641282641e-03   2.6215670750339222e-03   2.6755790145031742e-03   2.7240113356076668e-03   2.7666996069853609e-03   2.8034893276271755e-03   2.8342364487296502e-03   2.8588081146317555e-03   2.8770833275343147e-03   2.8889539487239506e-03   2.8943257024431983e-03   2.8931197955355658e-03   2.8852747903358802e-03   2.8707497356615479e-03   2.8495280853812173e-03   2.8216238350834799e-03   2.7870884213429528e-03   2.7460187229573991e-03   2.6985618736595218e-03   2.6449150695646998e-03   2.5853187677619257e-03   2.5200452346319157e-03   2.4493873275475558e-03   2.3736486686635572e-03   2.2931375140537867e-03   2.2081624738048435e-03   2.1190304620197454e-03   2.0260452905049996e-03   1.9295071935491921e-03   1.8297124066749260e-03   1.7269531508463777e-03   1.6215174928414541e-03   1.5136894171899808e-03   1.4037487446519102e-03   1.2919711937644555e-03   1.1786282989630233e-03   1.0639874407880234e-03   9.4831174992874375e-04   8.3186010806333087e-04   7.1488704089955977e-04   5.9764269931435665e-04   4.8037274923210600e-04   3.6331834388447738e-04   2.4671601936063778e-04   1.3079766870686830e-04   1.5790452103515550e-05  -9.8083216995581337e-05  -2.1060573842097204e-04  -3.2156431787518645e-04  -4.3075100255163343e-04  -5.3796264514785670e-04  -6.4300090248943455e-04  -7.4567216414107526e-04  -8.4578750622774166e-04  -9.4316257732198448e-04  -1.0376175058489970e-03  -1.1289767440535057e-03  -1.2170689227615967e-03  -1.3017266419793503e-03  -1.3827862738724609e-03  -1.4600877040694103e-03  -1.5334740747221644e-03  -1.6027914716428568e-03  -1.6678886099077766e-03  -1.7286164638980782e-03  -1.7848278948331717e-03  -1.8363772279530398e-03  -1.8831198313992226e-03  -1.9249116635466925e-03  -1.9616088527184593e-03  -1.9930673154757291e-03  -2.0191425390807000e-03  -2.0396896641886341e-03  -2.0545642200626799e-03  -2.0636240460866762e-03  -2.0667333306887718e-03  -2.0637698718899127e-03  -2.0546361911469766e-03  -2.0392728407107445e-03  -2.0176688556769831e-03  -1.9898638577797293e-03  -1.9559414002102865e-03  -1.9160184944581971e-03  -1.8702361419167270e-03  -1.8187526898208216e-03  -1.7617397065322481e-03  -1.6993795329437369e-03  -1.6318638035528106e-03  -1.5593924977051351e-03  -1.4821732634614259e-03  -1.4004208877745792e-03  -1.3143568322105874e-03  -1.2242088127991629e-03  -1.1302103874191087e-03  -1.0326005620682624e-03  -9.3162339168247077e-04  -8.2752759493104518e-04  -7.2056615572458488e-04  -6.1099594127179708e-04  -4.9907730559611569e-04  -3.8507371226544648e-04  -2.6925133890640546e-04  -1.5187870411496033e-04  -3.3226273660166492e-05   8.6433907104849043e-05   2.0682860447495603e-04   3.2768375808552193e-04   4.4872486944660733e-04   5.6967735772945694e-04   6.9026694577291152e-04   8.1022001014408561e-04   9.2926396519323496e-04   1.0471276078224062e-03   1.1635415005340740e-03   1.2782383116660900e-03   1.3909531990401285e-03   1.5014241474377943e-03   1.6093923555463195e-03   1.7146025724530287e-03
   1.9312944183991240e-03   2.0305700134662179e-03   2.1263436887378386e-03   2.2183754843265583e-03   2.3064306957317573e-03   2.3902802207519079e-03   2.4697009947137766e-03   2.5444763472174626e-03   2.6143964651559612e-03   2.6792587700554373e-03   2.7388684159050138e-03   2.7930386959747130e-03   2.8415915946816001e-03   2.8843582404019970e-03   2.9211795440757969e-03   2.9519067393810319e-03   2.9764021845512670e-03   2.9945400985757508e-03   3.0062077282856834e-03   3.0113065835199702e-03   3.0097545105359199e-03   3.0014882189767292e-03   2.9864675126431246e-03   2.9646806045317848e-03   2.9361518707128049e-03   2.9009497135501616e-03   2.8591935385779144e-03   2.8110553268208723e-03   2.7567543513890838e-03   2.6965469370573737e-03   2.6307138922581205e-03   2.5595505152070631e-03   2.4833587431823427e-03   2.4024427299192885e-03   2.3171058529529876e-03   2.2276493892615084e-03   2.1343715747780493e-03   2.0375673491513590e-03   1.9375280719203098e-03   1.8345415447173438e-03   1.7288918992194283e-03   1.6208596611825650e-03   1.5107216674975375e-03   1.3987511055418181e-03   1.2852174178600009e-03   1.1703863064855035e-03   1.0545196208403738e-03   9.3787533291144897e-04   8.2070741293452398e-04   7.0326578468958524e-04   5.8579619688351511e-04   4.6854016928889045e-04   3.5173486915602290e-04   2.3561305895431991e-04   1.2040298721136900e-04   6.3283479117199389e-06  -1.0639180551530231e-04  -2.1754308003643392e-04  -3.2691579794119781e-04  -4.3430498728549223e-04  -5.3951039842589340e-04  -6.4233645862548597e-04  -7.4259224705930306e-04  -8.4009141022103190e-04  -9.3465208842711785e-04  -1.0260967831455230e-03  -1.1142522349441306e-03  -1.1989492479873290e-03  -1.2800225137316336e-03  -1.3573103842060515e-03  -1.4306546464482612e-03  -1.4999002464423650e-03  -1.5648950105479535e-03  -1.6254893233861537e-03  -1.6815358011397488e-03  -1.7328889302934041e-03  -1.7794047087701193e-03  -1.8209402749766162e-03  -1.8573535732260731e-03  -1.8885030812218163e-03  -1.9142477047778092e-03  -1.9344469914055556e-03  -1.9489619707954466e-03  -1.9576571397693062e-03  -1.9604043881050583e-03  -1.9570898730998428e-03  -1.9476242449581881e-03  -1.9319547845263749e-03  -1.9100747511207462e-03  -1.8820252742203568e-03  -1.8478892040530413e-03  -1.8077814797364566e-03  -1.7618403301133318e-03  -1.7102210397297274e-03  -1.6530920537617764e-03  -1.5906326334801917e-03  -1.5230314364112736e-03  -1.4504855879818911e-03  -1.3732000204910160e-03  -1.2913869461354324e-03  -1.2052653979232699e-03  -1.1150608076771185e-03  -1.0210045971347878e-03  -9.2333378477521435e-04  -8.2229058629200609e-04  -7.1812202937073324e-04  -6.1107955782827125e-04  -5.0141865147745163e-04  -3.8939843006955376e-04  -2.7528127669813223e-04  -1.5933244329079327e-04  -4.1819679325719606e-05   7.6987160542989859e-05   1.9681648236892285e-04   3.1739534309617326e-04   4.3844981050006403e-04   5.5970535100750255e-04   6.8088718335876787e-04   8.0172066429763048e-04   9.2193163609053698e-04   1.0412468107004178e-03   1.1593941117727449e-03   1.2761030584152934e-03   1.3911051027368458e-03   1.5041340146786991e-03   1.6149262160471427e-03   1.7232211678263382e-03   1.8287617025849888e-03
   2.0448885398143476e-03   2.1444881643199465e-03   2.2405804051113965e-03   2.3329225426665743e-03   2.4212769313465264e-03   2.5054113361295972e-03   2.5850993724749810e-03   2.6601208583500137e-03   2.7302622801415035e-03   2.7953171624912790e-03   2.8550865754481841e-03   2.9093795347034240e-03   2.9580135683025025e-03   3.0008151727410771e-03   3.0376204841916638e-03   3.0682758499928501e-03   3.0926387176590849e-03   3.1105784879062255e-03   3.1219779272673937e-03   3.1267347678369277e-03   3.1247644433677960e-03   3.1160035823005429e-03   3.1004156744308111e-03   3.0779980587642376e-03   3.0487908904295326e-03   3.0128848271083865e-03   2.9704247854518929e-03   2.9216069412884198e-03   2.8666687960578756e-03   2.8058773502355810e-03   2.7395172947982803e-03   2.6678829370647438e-03   2.5912723617457709e-03   2.5099843684110714e-03   2.4243164423399617e-03   2.3345639185776024e-03   2.2410193693081335e-03   2.1439724633366621e-03   2.0437097745439627e-03   1.9405148117242175e-03   1.8346679289411520e-03   1.7264463626363038e-03   1.6161241459706943e-03   1.5039721153280576e-03   1.3902578072297533e-03   1.2752454296565967e-03   1.1591957387757281e-03   1.0423659806496036e-03   9.2500975375162608e-04   8.0737693109081150e-04   6.8971351731428093e-04   5.7226156203455422e-04   4.5525902094836605e-04   3.3893967116947288e-04   2.2353298587526698e-04   1.0926406205628598e-04  -3.6464821458067308e-06  -1.1498255783101566e-04  -2.2453267725523144e-04  -3.3208997499880580e-04  -4.3745224293987651e-04  -5.4042191556665409e-04  -6.4080606053279216e-04  -7.3841632159949615e-04  -8.3306886413042993e-04  -9.2458427757380812e-04  -1.0127874709810114e-03  -1.0975075258289426e-03  -1.1785775451937006e-03  -1.2558344637726231e-03  -1.3291188460103067e-03  -1.3982746531746783e-03  -1.4631489981657472e-03  -1.5235918730180788e-03  -1.5794558675240092e-03  -1.6305958705749495e-03  -1.6768687727884229e-03  -1.7181331770030270e-03  -1.7542491473422886e-03  -1.7850780407583592e-03  -1.8104825070052336e-03  -1.8303268138345130e-03  -1.8444777690747576e-03  -1.8528067138944783e-03  -1.8551932780196346e-03  -1.8515317630042913e-03  -1.8417404451766934e-03  -1.8257725271783095e-03  -1.8036245696671279e-03  -1.7753383498113218e-03  -1.7409953751019698e-03  -1.7007081227799455e-03  -1.6546118452990923e-03  -1.6028586978971465e-03  -1.5456140056139115e-03  -1.4830540043759351e-03  -1.4153644481173851e-03  -1.3427397011372604e-03  -1.2653820766753573e-03  -1.1835013179485650e-03  -1.0973141335960876e-03  -1.0070437832518111e-03  -9.1291966170959835e-04  -8.1517691132775949e-04  -7.1405601890936888e-04  -6.0980243726622312e-04  -5.0266618313947518e-04  -3.9290146294241376e-04  -2.8076627267903755e-04  -1.6652202887954535e-04  -5.0433169599699312e-05   6.7233209952229089e-05   1.8620775472713330e-04   3.0621920840706975e-04   4.2699480826317447e-04   5.4826063764618700e-04   6.6974201831321713e-04   7.9116385689604728e-04   9.1225103492075204e-04   1.0327287494698390e-03   1.1523229015137884e-03   1.2707604311999485e-03   1.3877697054594908e-03   1.5030808486318466e-03   1.6164261309365639e-03   1.7275402961324934e-03   1.8361609535811319e-03   1.9420289046828975e-03
   2.1573117719701422e-03   2.2572259484124817e-03   2.3536249416391281e-03   2.4462631439345042e-03   2.5348998305533893e-03   2.6192994949435257e-03   2.6992322880114452e-03   2.7744743632139909e-03   2.8448083448070921e-03   2.9100236954848952e-03   2.9699172240465173e-03   3.0242934893911955e-03   3.0729653773927425e-03   3.1157545738448745e-03   3.1524922739917857e-03   3.1830198157887868e-03   3.2071896894089475e-03   3.2248665890871426e-03   3.2359291801658629e-03   3.2402722785157293e-03   3.2378105110776323e-03   3.2284831872369949e-03   3.2122616138741170e-03   3.1891577378279712e-03   3.1592330844860662e-03   3.1226044145270704e-03   3.0794423570975871e-03   3.0299637731257358e-03   2.9744190947959808e-03   2.9130807822603079e-03   2.8462334815553001e-03   2.7741679306782035e-03   2.6971768550037530e-03   2.6155528850534035e-03   2.5295872381056422e-03   2.4395691710383770e-03   2.3457855969621017e-03   2.2485209939409295e-03   2.1480572857940526e-03   2.0446738442785922e-03   1.9386474191930958e-03   1.8302521340463043e-03   1.7197594071442631e-03   1.6074379132472382e-03   1.4935534794484019e-03   1.3783690114950089e-03   1.2621443668989786e-03   1.1451362532053299e-03   1.0275980850870143e-03   9.0977986372046569e-04   7.9192802670923195e-04   6.7428531907492723e-04   5.5709064606156232e-04   4.4057894654671835e-04   3.2498105887523760e-04   2.1052360698659207e-04   9.7428888703405235e-05  -1.4085216064554321e-05  -1.2380532612603432e-04  -2.3152262002664804e-04  -3.3703287849829106e-04  -4.4013650859872611e-04  -5.4063854495033309e-04  -6.3834863432193759e-04  -7.3308098945366667e-04  -8.2465432679836557e-04  -9.1289177472885289e-04  -9.9762077171765013e-04  -1.0786729253835692e-03  -1.1558838662055295e-03  -1.2290930662320408e-03  -1.2981436544840391e-03  -1.3628821967551492e-03  -1.4231584825051984e-03  -1.4788252777591417e-03  -1.5297380991723566e-03  -1.5757549655285759e-03  -1.6167361991615890e-03  -1.6525442419503230e-03  -1.6830435983889456e-03  -1.7081009139197185e-03  -1.7275854121689290e-03  -1.7413698492392241e-03  -1.7493324991641342e-03  -1.7513606541999177e-03  -1.7473564969387166e-03  -1.7372454200505047e-03  -1.7209858610201781e-03  -1.6985769298461983e-03  -1.6700603525044728e-03  -1.6355157950935797e-03  -1.5950529392832436e-03  -1.5488039089872193e-03  -1.4969176710598669e-03  -1.4395564511692654e-03  -1.3768935118415174e-03  -1.3091117851787228e-03  -1.2364029640164653e-03  -1.1589668441343874e-03  -1.0770108025655071e-03  -9.9074933318619800e-04  -9.0040363041674889e-04  -8.0620117374899294e-04  -7.0837534158348005e-04  -6.0716500545776619e-04  -5.0281415338768241e-04  -3.9557148768776934e-04  -2.8569005426949158e-04  -1.7342684061860951e-04  -5.9042409420882215e-05   5.7199501754039974e-05   1.7503234110925530e-04   2.9418714068717047e-04   4.1439287133172333e-04   5.3537683846513733e-04   6.5686503094574593e-04   7.7858251442974261e-04   9.0025377389395755e-04   1.0216031048244441e-03   1.1423549496045885e-03   1.2622342871213047e-03   1.3809669636542731e-03   1.4982800819797961e-03   1.6139023278497100e-03   1.7275643599943460e-03   1.8389991330937791e-03   1.9479422899959977e-03   2.0541324829249324e-03
   2.2682901476999999e-03   2.3685067876346748e-03   2.4651979976397119e-03   2.5581151521836434e-03   2.6470143114958235e-03   2.7316565581466260e-03   2.8118084257219983e-03   2.8872422528285237e-03   2.9577366377885762e-03   3.0230768151125013e-03   3.0830551562749499e-03   3.1374715902925360e-03   3.1861341837068403e-03   3.2288596577087713e-03   3.2654741382858797e-03   3.2958139107012595e-03   3.3197265891737639e-03   3.3370725108050263e-03   3.3477269986923758e-03   3.3515834495029704e-03   3.3485582063283595e-03   3.3385972519244318e-03   3.3216850300140949e-03   3.2978540443405146e-03   3.2671917290894199e-03   3.2298420067604200e-03   3.1859983701575563e-03   3.1358929139009956e-03   3.0797834004942133e-03   3.0179432373866923e-03   2.9506540202367381e-03   2.8782011061611692e-03   2.8008708820997080e-03   2.7189493342609731e-03   2.6327212287470146e-03   2.5424697249317183e-03   2.4484761587758026e-03   2.3510199467681641e-03   2.2503785205163500e-03   2.1468272870128250e-03   2.0406395804946839e-03   1.9320866051129636e-03   1.8214373630987156e-03   1.7089585643743942e-03   1.5949145258366470e-03   1.4795670480975036e-03   1.3631752881874373e-03   1.2459956091501329e-03   1.1282814337263440e-03   1.0102830762060522e-03   8.9224758683786919e-04   7.7441857645818904e-04   6.5703606201303658e-04   5.4033629486465308e-04   4.2455161793096509e-04   3.0991030836568915e-04   1.9663645640210321e-04   8.4949832102265634e-05  -2.4934205349331508e-05  -1.3280480942487189e-04  -2.3845569998851924e-04  -3.4168522728443931e-04  -4.4229638146113911e-04  -5.4009681326186399e-04  -6.3489879968423155e-04  -7.2651922468969015e-04  -8.1477949743343403e-04  -8.9950548632012630e-04  -9.8052739624584226e-04  -1.0576796659425517e-03  -1.1308008028466914e-03  -1.1997332484392576e-03  -1.2643231833410456e-03  -1.3244203700999528e-03  -1.3798779422735117e-03  -1.4305522461614787e-03  -1.4763026420230468e-03  -1.5169913889748958e-03  -1.5524835265036401e-03  -1.5826469157572908e-03  -1.6073523896986599e-03  -1.6264742769023992e-03  -1.6398913704052946e-03  -1.6474888611360083e-03  -1.6491615569114591e-03  -1.6448192037842142e-03  -1.6343938395252736e-03  -1.6178485629563021e-03  -1.5951844351886810e-03  -1.5664426107610445e-03  -1.5317005028401480e-03  -1.4910647406451826e-03  -1.4446641824506414e-03  -1.3926445676303945e-03  -1.3351650420310745e-03  -1.2723959532278276e-03  -1.2045174909215868e-03  -1.1317187693654130e-03  -1.0541971673123131e-03  -9.7215780035425495e-04  -8.8581305504033898e-04  -7.9538217085615526e-04  -7.0109082333585362e-04  -6.0317073668468958e-04  -5.0185927954373983e-04  -3.9739908865545678e-04  -2.9003766618656451e-04  -1.8002700893979652e-04  -6.7623207790741264e-05   4.6913917230965432e-05   1.6332121608414669e-04   2.8133256845789623e-04   4.0067928084811053e-04   5.2109044034705275e-04   6.4229330886660541e-04   7.6401367090919779e-04   8.8597622478997777e-04   1.0079049246075173e-03   1.1295233686161520e-03   1.2505551357340186e-03   1.3707241715936395e-03   1.4897551201047484e-03   1.6073737080170450e-03   1.7233070722859575e-03   1.8372841445520145e-03   1.9490359760320731e-03   2.0582961244807211e-03   2.1648009784324394e-03
   2.3775502240354668e-03   2.4780545069044801e-03   2.5750205637230352e-03   2.6681966211566104e-03   2.7573353812713453e-03   2.8421943754102521e-03   2.9225363701186075e-03   2.9981297358840841e-03   3.0687488797445277e-03   3.1341746473729196e-03   3.1941947991725797e-03   3.2486044745519754e-03   3.2972067634370475e-03   3.3398133100283763e-03   3.3762451116953821e-03   3.4063334851124043e-03   3.4299214613787705e-03   3.4468657360707160e-03   3.4570396271357117e-03   3.4603375020354982e-03   3.4566811316356126e-03   3.4460284297569005e-03   3.4283830416747220e-03   3.4038031676407836e-03   3.3724042202220150e-03   3.3343549705523463e-03   3.2898665723463680e-03   3.2391802711216593e-03   3.1825561348852900e-03   3.1202650154154628e-03   3.0525833189100743e-03   2.9797898440446233e-03   2.9021640527831160e-03   2.8199850483697081e-03   2.7335311083649351e-03   2.6430793651667944e-03   2.5489057048922016e-03   2.4512846426463447e-03   2.3504893019492133e-03   2.2467913179377245e-03   2.1404608073764581e-03   2.0317662540606596e-03   1.9209744481040144e-03   1.8083503397484900e-03   1.6941569429175679e-03   1.5786551577773788e-03   1.4621036440329522e-03   1.3447586187884909e-03   1.2268737077390261e-03   1.1086997268492120e-03   9.9048452137651469e-04   8.7247274164484428e-04   7.5490568110344366e-04   6.3802105718926961e-04   5.2205285979198279e-04   4.0723114791215635e-04   2.9378191907741260e-04   1.8192693154369885e-04   7.1883603941070239e-05  -3.6135128164150698e-05  -1.4192087460888892e-04  -2.4526989399648036e-04  -3.4598311539431168e-04  -4.4386619976589725e-04  -5.3872951560897853e-04  -6.3038815292955277e-04  -7.1866185655308063e-04  -8.0337500214677164e-04  -8.8435648583722959e-04  -9.6143966089341218e-04  -1.0344621962071270e-03  -1.1032659838801637e-03  -1.1676969726884014e-03  -1.2276050621627429e-03  -1.2828439289534869e-03  -1.3332709300128039e-03  -1.3787469540167555e-03  -1.4191363801905519e-03  -1.4543070234256555e-03  -1.4841302589455483e-03  -1.5084812366755306e-03  -1.5272394672554473e-03  -1.5402897901577945e-03  -1.5475242181087381e-03  -1.5488448679292300e-03  -1.5441687012074136e-03  -1.5334339846195316e-03  -1.5166079916052245e-03  -1.4936933208506364e-03  -1.4647301526676138e-03  -1.4297933532319779e-03  -1.3889862835677535e-03  -1.3424344214498342e-03  -1.2902802462082812e-03  -1.2326798426518207e-03  -1.1698007031743086e-03  -1.1018203525364175e-03  -1.0289254205390610e-03  -9.5131096777167413e-04  -8.6917995457423951e-04  -7.8274276753211220e-04  -6.9221680073193047e-04  -5.9782603596299526e-04  -4.9980065643095268e-04  -3.9837663982982810e-04  -2.9379538253644243e-04  -1.8630329795503984e-04  -7.6151446596612444e-05   3.6404863587664784e-05   1.5110644307765424e-04   2.6769061721164205e-04   3.8589158702690535e-04   5.0544082192817376e-04   6.2606741565564825e-04   7.4749847512715819e-04   8.6945947129949135e-04   9.9167462402699382e-04   1.1138672477488867e-03   1.2357601325081536e-03   1.3570758848074039e-03   1.4775373052170187e-03   1.5968677251622940e-03   1.7147913819841763e-03   1.8310337528770610e-03   1.9453219285414415e-03   2.0573849452975804e-03   2.1669541582559240e-03   2.2737635734217769e-03
   2.4848194689512937e-03   2.5855937410240088e-03   2.6828143385074039e-03   2.7762262087951987e-03   2.8655785572275841e-03   2.9506252232834231e-03   3.0311250517879780e-03   3.1068422955729371e-03   3.1775470092307227e-03   3.2430154918107659e-03   3.3030307330218240e-03   3.3573829429694208e-03   3.4058701168950428e-03   3.4482987768033029e-03   3.4844848502345047e-03   3.5142549703207236e-03   3.5374482170459909e-03   3.5539189057452970e-03   3.5635405343970201e-03   3.5662119776293136e-03   3.5618654956403924e-03   3.5504770417953925e-03   3.5320751969150528e-03   3.5067466249383123e-03   3.4746333873980745e-03   3.4359240029353728e-03   3.3908409867946950e-03   3.3396291487025427e-03   3.2825468341932430e-03   3.2198598521996683e-03   3.1518379979571221e-03   3.0787528117753992e-03   3.0008765224994764e-03   2.9184812939759292e-03   2.8318389679145451e-03   2.7412207839133135e-03   2.6468973427988102e-03   2.5491384512564262e-03   2.4482131166907953e-03   2.3443894085169925e-03   2.2379344309716533e-03   2.1291141628102988e-03   2.0181933908567352e-03   1.9054355197458068e-03   1.7911024672053878e-03   1.6754544445777336e-03   1.5587498182674719e-03   1.4412448660329608e-03   1.3231936131082695e-03   1.2048475731062467e-03   1.0864555695896979e-03   9.6826347216671460e-04   8.5051401518289609e-04   7.3344654040274600e-04   6.1729682470815250e-04   5.0229684071923452e-04   3.8867460485709148e-04   2.7665396614845743e-04   1.6645448433751857e-04   5.8291254494392927e-05  -4.7625177854408425e-05  -1.5108895023463150e-04  -2.5189892406386906e-04  -3.4985877179096185e-04  -4.4477697515195704e-04  -5.3646687074376505e-04  -6.2474660359767274e-04  -7.0943912703039127e-04  -7.9037212087823441e-04  -8.6737795852689426e-04  -9.4029359160118257e-04  -1.0089604932408695e-03  -1.0732245262138223e-03  -1.1329358768215312e-03  -1.1879489255275388e-03  -1.2381221986792145e-03  -1.2833182748986610e-03  -1.3234038028193118e-03  -1.3582495111567200e-03  -1.3877303970944363e-03  -1.4117260011205122e-03  -1.4301210285908692e-03  -1.4428063075818814e-03  -1.4496805160081317e-03  -1.4506528238559188e-03  -1.4456470605909537e-03  -1.4346073339826929e-03  -1.4175047323907925e-03  -1.3943430913829756e-03  -1.3651613699654150e-03  -1.3300316734345373e-03  -1.2890539268941570e-03  -1.2423501299933411e-03  -1.1900594660708250e-03  -1.1323349797048782e-03  -1.0693413605963552e-03  -1.0012535478889073e-03  -9.2825577622745342e-04  -8.5054088986528660e-04  -7.6830979627383485e-04  -6.8177099178720613e-04  -5.9114013308201587e-04  -4.9663962113740833e-04  -3.9849820614166012e-04  -2.9695058871222939e-04  -1.9223703578717124e-04  -8.4602987033630637e-05   2.5701324366376142e-05   1.3842126069029174e-04   2.5329815419224177e-04   3.7006969220996263e-04   4.8847028773705572e-04   6.0823146013779818e-04   7.2908220124859725e-04   8.5074935094327730e-04   9.7295795886629495e-04   1.0954316546245956e-03   1.2178930055285833e-03   1.3400638814354965e-03   1.4616658089925175e-03   1.5824203314666941e-03   1.7020493601649952e-03   1.8202755297997823e-03   1.9368225479877692e-03   2.0514155471530928e-03   2.1637814340212092e-03   2.2736492401800351e-03   2.3807504737296701e-03
   2.5898266658499897e-03   2.6908503301719686e-03   2.7883021280488422e-03   2.8819235935991557e-03   2.9714602946330896e-03   3.0566622348021421e-03   3.1372841931784135e-03   3.2130861518488126e-03   3.2838336614569976e-03   3.3492983269736041e-03   3.4092582322358704e-03   3.4634985511593224e-03   3.5118121378067612e-03   3.5540004509810588e-03   3.5898746073504077e-03   3.6192571471761314e-03   3.6419843654807186e-03   3.6579102334256324e-03   3.6669117769483678e-03   3.6688971993578331e-03   3.6638154443791888e-03   3.6516664447623737e-03   3.6325074847722233e-03   3.6064530143323842e-03   3.5736671453844354e-03   3.5343516471785124e-03   3.4887342536644456e-03   3.4370588428455071e-03   3.3795790922962888e-03   3.3165541378154528e-03   3.2482462863744920e-03   3.1749194710373406e-03   3.0968385750337942e-03   3.0142688864045466e-03   2.9274759324614407e-03   2.8367252451199148e-03   2.7422823228110101e-03   2.6444124770255975e-03   2.5433808036070668e-03   2.4394520300895024e-03   2.3328904558180970e-03   2.2239597766190817e-03   2.1129229850979318e-03   2.0000421641550468e-03   1.8855783456748917e-03   1.7697912734795361e-03   1.6529392262729908e-03   1.5352787561773561e-03   1.4170644845733782e-03   1.2985488248557222e-03   1.1799817619812096e-03   1.0616105703184103e-03   9.4367958933267207e-04   8.2642994849786342e-04   7.1009935188757144e-04   5.9492182195531088e-04   4.8112750486903756e-04   3.6894244384917663e-04   2.5858841544971047e-04   1.5028274179296295e-04   4.4238165902845870e-05  -5.9337291589988935e-05  -1.6024041580763818e-04  -2.5827289528926594e-04  -3.5324135961120888e-04  -4.4495742754023537e-04  -5.3323770483263691e-04  -6.1790379448907213e-04  -6.9878225567123007e-04  -7.7570457781390946e-04  -8.4850711690217509e-04  -9.1703104701169901e-04  -9.8112228425026511e-04  -1.0406314356081442e-03  -1.0954137331206676e-03  -1.1453290067365575e-03  -1.1902416648651392e-03  -1.2300207389701779e-03  -1.2645399769202603e-03  -1.2936780564290894e-03  -1.3173189372861990e-03  -1.3353524709253425e-03  -1.3476753684589222e-03  -1.3541927583779392e-03  -1.3548205890789396e-03  -1.3494891977954362e-03  -1.3381482061792167e-03  -1.3207722377683877e-03  -1.2973661899023116e-03  -1.2679676855959477e-03  -1.2326459247185054e-03  -1.1914972952164994e-03  -1.1446402125620185e-03  -1.0922105416465977e-03  -1.0343582891220991e-03  -9.7124539806878348e-04  -9.0304429034229858e-04  -8.2993689807987227e-04  -7.5211394442333207e-04  -6.6977439043053918e-04  -5.8312494748124230e-04  -4.9237964518129883e-04  -3.9775941280441990e-04  -2.9949168058502739e-04  -1.9780998254357966e-04  -9.2953567253024503e-05   1.4832989299628759e-05   1.2530016890063226e-04   2.3819389224020038e-04   3.5325590182117277e-04   4.7022413665251395e-04   5.8883311203919561e-04   7.0881428760973518e-04   8.2989644406880874e-04   9.5180604464353575e-04   1.0742676085903800e-03   1.1970040659804190e-03   1.3197371279457825e-03   1.4421876349061259e-03   1.5640759239631812e-03   1.6851221708481705e-03   1.8050467553081327e-03   1.9235705973920277e-03   2.0404155221643663e-03   2.1553045911352196e-03   2.2679624674703308e-03   2.3781157429730785e-03   2.4854933057541213e-03
   2.6923022914254373e-03   2.7935517190926622e-03   2.8912082558982628e-03   2.9850098831436895e-03   3.0746984026752498e-03   3.1600198354281043e-03   3.2407247554799047e-03   3.3165687247396175e-03   3.3873126597448989e-03   3.4527233344897887e-03   3.5125738402712265e-03   3.5666442602270247e-03   3.6147223805255493e-03   3.6566048235452580e-03   3.6920984728812502e-03   3.7210228360845038e-03   3.7432133771569268e-03   3.7585268157396125e-03   3.7668484330529465e-03   3.7681017298717484e-03   3.7622587106174265e-03   3.7493475750448699e-03   3.7294545690244848e-03   3.7027178551130033e-03   3.6693169375858208e-03   3.6294603688476145e-03   3.5833759518385036e-03   3.5313033519817081e-03   3.4734896008523823e-03   3.4101861764350193e-03   3.3416474288759553e-03   3.2681295680525037e-03   3.1898901604574350e-03   3.1071877659548815e-03   3.0202817661927131e-03   2.9294321972413275e-03   2.8348996625432322e-03   2.7369452067302052e-03   2.6358302262071299e-03   2.5318163339511190e-03   2.4251652407298041e-03   2.3161385895728872e-03   2.2049977962496446e-03   2.0920038486256323e-03   1.9774171071987126e-03   1.8614970709025752e-03   1.7445021416781234e-03   1.6266893622106805e-03   1.5083141528834691e-03   1.3896300310748341e-03   1.2708883318162736e-03   1.1523379205620173e-03   1.0342249103423191e-03   9.1679238104582514e-04   8.0028010631456544e-04   6.8492429234966623e-04   5.7095732718520653e-04   4.5860755062374515e-04   3.4809903645948727e-04   2.3965140198786987e-04   1.3347963043057985e-04   2.9793926282083768e-05  -7.1200415545321619e-05  -1.6930310478171080e-04  -2.6431894285122259e-04  -3.5605787441805479e-04  -4.4433503033540359e-04  -5.2897073370493136e-04  -6.0979051124004729e-04  -6.8662506918051500e-04  -7.5931027802189264e-04  -8.2768713071502313e-04  -8.9160172167770122e-04  -9.5090520479565693e-04  -1.0054537899848353e-03  -1.0551087307533952e-03  -1.0997363743771235e-03  -1.1392082259676815e-03  -1.1734011162485214e-03  -1.2021974303790897e-03  -1.2254855240055626e-03  -1.2431603100064735e-03  -1.2551242213780533e-03  -1.2612886004111578e-03  -1.2615758634210526e-03  -1.2559225239615660e-03  -1.2442834116568630e-03  -1.2266365044905051e-03  -1.2029876815229062e-03  -1.1733732246812642e-03  -1.1378593840702959e-03  -1.0965389369956338e-03  -1.0495266383342213e-03  -9.9695499162933722e-04  -9.3897096947223070e-04  -8.7573380718280959e-04  -8.0741347774585101e-04  -7.3418969483287494e-04  -6.5625115712345384e-04  -5.7379498080000575e-04  -4.8702619931341429e-04  -3.9615732371740147e-04  -3.0140792152956041e-04  -2.0300421280350497e-04  -1.0117867571130239e-04   3.8303473561436541e-06   1.1177903305195636e-04   2.2241846742316858e-04   3.3549502099982970e-04   4.5075073588455173e-04   5.6792369409010713e-04   6.8674840179827135e-04   8.0695615098828606e-04   9.2827540025877198e-04   1.0504321293404683e-03   1.1731502164481300e-03   1.2961517856478638e-03   1.4191575809906066e-03   1.5418873068794188e-03   1.6640599993579519e-03   1.7853943598555816e-03   1.9056091241769321e-03   2.0244233901249940e-03   2.1415569849422512e-03   2.2567307876600285e-03   2.3696670967751155e-03   2.4800899492933284e-03   2.5877254908045683e-03
   2.7919789104960775e-03   2.8934273449037471e-03   2.9912589527939211e-03   3.0852080249337520e-03   3.1750124669763461e-03   3.2604141729150526e-03   3.3411593879705370e-03   3.4169991127410903e-03   3.4876895222414831e-03   3.5529924606834407e-03   3.6126760032659639e-03   3.6665151899435526e-03   3.7142929918622791e-03   3.7558017055722669e-03   3.7908450345184859e-03   3.8192412358797074e-03   3.8408279544791544e-03   3.8554690910843998e-03   3.8630641426231713e-03   3.8635583535041687e-03   3.8569516589745719e-03   3.8433016689407712e-03   3.8227199374731083e-03   3.7953619439883928e-03   3.7614155539237365e-03   3.7210905668416932e-03   3.6746110422109170e-03   3.6222102088548191e-03   3.5641272564350913e-03   3.5006054727356149e-03   3.4318910765490681e-03   3.3582325911911148e-03   3.2798804007017320e-03   3.1970865273822794e-03   3.1101044201081438e-03   3.0191888469910805e-03   2.9245957412149916e-03   2.8265821103147463e-03   2.7254058797368664e-03   2.6213257789387857e-03   2.5146011560449070e-03   2.4054918280689919e-03   2.2942578588063690e-03   2.1811593680344387e-03   2.0664562696951234e-03   1.9504080416591978e-03   1.8332734286520915e-03   1.7153101796164667e-03   1.5967747236922708e-03   1.4779218852926134e-03   1.3590045445136191e-03   1.2402733427071893e-03   1.1219763409356617e-03   1.0043587301798037e-03   8.8766250209223259e-04   7.7212617778197982e-04   6.5798450409128100e-04   5.4546821341737613e-04   4.3480375666348219e-04   3.2621310455595331e-04   2.1991352560539652e-04   1.1611743471485862e-04   1.5032217818818105e-05  -8.3139871573359523e-05  -1.7820183785124022e-04  -2.6996199646766705e-04  -3.5823405786926019e-04  -4.4283714397157052e-04  -5.2359583380604479e-04  -6.0034014783937810e-04  -6.7290557500493875e-04  -7.4113304101980034e-04  -8.0486893043079841e-04  -8.6396506170805074e-04  -9.1827872981768829e-04  -9.6767271648406580e-04  -1.0120153905824039e-03  -1.0511807987298794e-03  -1.0850488836174478e-03  -1.1135057348730479e-03  -1.1364440393627888e-03  -1.1537636547439020e-03  -1.1653725355272428e-03  -1.1711879819170264e-03  -1.1711385501425502e-03  -1.1651666204945659e-03  -1.1532319502410408e-03  -1.1353157757816121e-03  -1.1114249457517768e-03  -1.0815945188997955e-03  -1.0458878205085785e-03  -1.0043940048121182e-03  -9.5722410043028270e-04  -9.0450719879589623e-04  -8.4638723137688530e-04  -7.8302074913940713e-04  -7.1457533863364116e-04  -6.4122857050008769e-04  -5.6316721374852262e-04  -4.8058663822991518e-04  -3.9369030516199868e-04  -3.0268931389728780e-04  -2.0780197971215870e-04  -1.0925342299255279e-04  -7.2751757182129301e-06   9.7895215770335163e-05   2.0601457218393112e-04   3.1683447230150324e-04   4.3010162731702169e-04   5.4555826778578489e-04   6.6294251145782327e-04   7.8198874555725109e-04   9.0242798822906772e-04   1.0239882660974401e-03   1.1463949696869770e-03   1.2693712259361271e-03   1.3926382477655215e-03   1.5159157013613820e-03   1.6389220501828140e-03   1.7613749171887729e-03   1.8829914237154944e-03   2.0034885471827526e-03   2.1225834556018786e-03   2.2399938617213154e-03   2.3554383541427035e-03   2.4686367486004088e-03   2.5793104162435345e-03   2.6871826333967320e-03
   2.8885915426977394e-03   2.9902090267286850e-03   3.0881827593099154e-03   3.1822432094360063e-03   3.2721242631246709e-03   3.3575635582982896e-03   3.4383028891620451e-03   3.5140885870396554e-03   3.5846720095612204e-03   3.6498100402626724e-03   3.7092658098425353e-03   3.7628095456738288e-03   3.8102199208635747e-03   3.8512858901399690e-03   3.8858097021212019e-03   3.9136112110686096e-03   3.9345345108705056e-03   3.9484565213443786e-03   3.9552973984695065e-03   3.9550295855365781e-03   3.9476826048006368e-03   3.9333406792855701e-03   3.9121342472178845e-03   3.8842289007440106e-03   3.8498147922558486e-03   3.8090987160568357e-03   3.7622984597121909e-03   3.7096394124307630e-03   3.6513523091559362e-03   3.5876720147309253e-03   3.5188366560587525e-03   3.4450871940314349e-03   3.3666670441075725e-03   3.2838219058726140e-03   3.1967995427016178e-03   3.1058496815378478e-03   3.0112238350465960e-03   2.9131752008473197e-03   2.8119584759284046e-03   2.7078297286888316e-03   2.6010461856964323e-03   2.4918660620848083e-03   2.3805483095012312e-03   2.2673524012070982e-03   2.1525380402984684e-03   2.0363649016007152e-03   1.9190923033902884e-03   1.8009789125208021e-03   1.6822823880388851e-03   1.5632590606751765e-03   1.4441635606513151e-03   1.3252484856012981e-03   1.2067640270236961e-03   1.0889576421453172e-03   9.7207369419486755e-04   8.5635314360840015e-04   7.4203321654260006e-04   6.2934712894433041e-04   5.1852379512164182e-04   4.0978759426544078e-04   3.0335812680370739e-04   1.9945002991555440e-04   9.8272787756080470e-05   3.0598898196048524e-08  -9.5077763997506370e-05  -1.8685904238304948e-04  -2.7512558413466531e-04  -3.5969538774493592e-04  -4.4039216207258339e-04  -5.1704534432706387e-04  -5.8949013464939322e-04  -6.5756750335556292e-04  -7.2112422389727080e-04  -7.8001288917361263e-04  -8.3409196803965703e-04  -8.8322586154698855e-04  -9.2728501834645947e-04  -9.6614607462634501e-04  -9.9969208386616721e-04  -1.0278128120284990e-03  -1.0504051794167440e-03  -1.0673738463488891e-03  -1.0786320609423485e-03  -1.0841028110394526e-03  -1.0837204607576107e-03  -1.0774329569029468e-03  -1.0652047473008101e-03  -1.0470202619545384e-03  -1.0228874164925899e-03  -9.9284021244039149e-04  -9.5693920539838295e-04  -9.1526993834371644e-04  -8.6793969066504238e-04  -8.1507407148155066e-04  -7.5681395262120193e-04  -6.9331320594709150e-04  -6.2473708038473250e-04  -5.5126107244990691e-04  -4.7307010849372564e-04  -3.9035790851291879e-04  -3.0332646418204830e-04  -2.1218556995338889e-04  -1.1715239544721028e-04  -1.8451071413310436e-05   8.3687708467340824e-05   1.8902708219085984e-04   2.9732440667988710e-04   4.0833164292377829e-04   5.2179573707645198e-04   6.3745899796039806e-04   7.5505947343051797e-04   8.7433132113194103e-04   9.9500518032682506e-04   1.1168085356556281e-03   1.2394660840975124e-03   1.3627000917702790e-03   1.4862307560563170e-03   1.6097765556212775e-03   1.7330546079633870e-03   1.8557810128248338e-03   1.9776712056919976e-03   2.0984402948123889e-03   2.2178034113257156e-03   2.3354760401477328e-03   2.4511743678069884e-03   2.5646156083716973e-03   2.6755183514283630e-03   2.7836028846141051e-03
   2.9818780484907499e-03   3.0836313441780670e-03   3.1817109094589490e-03   3.2758432783069232e-03   3.3657581858737313e-03   3.4511889104567707e-03   3.5318726909171344e-03   3.6075511306135743e-03   3.6779707393804423e-03   3.7428835340015103e-03   3.8020479181600725e-03   3.8552298369422099e-03   3.9022045940996829e-03   3.9427595024480195e-03   3.9766980366431944e-03   4.0038458411950787e-03   4.0240590333558129e-03   4.0372341563688265e-03   4.0433176121963000e-03   4.0423114878516495e-03   4.0342726009037063e-03   4.0193056347776774e-03   3.9975525578812834e-03   3.9691824768358112e-03   3.9343832397469121e-03   3.8933556979144695e-03   3.8463098364620103e-03   3.7934624282166098e-03   3.7350355230168458e-03   3.6712555480528670e-03   3.6023527019882107e-03   3.5285605783477942e-03   3.4501158795198221e-03   3.3672582171770400e-03   3.2802299336071655e-03   3.1892759516026449e-03   3.0946436175133631e-03   2.9965825487865356e-03   2.8953444632758441e-03   2.7911829969305968e-03   2.6843534988441669e-03   2.5751128075471607e-03   2.4637190040182905e-03   2.3504311410192475e-03   2.2355089509539868e-03   2.1192125293206768e-03   2.0018020017938476e-03   1.8835371691092759e-03   1.7646771426820490e-03   1.6454799624101917e-03   1.5262022140895034e-03   1.4070986350192298e-03   1.2884217292858918e-03   1.1704213778110514e-03   1.0533444684041084e-03   9.3743452666119980e-04   8.2293137637592722e-04   7.1007080573732054e-04   5.9908427093319303e-04   4.9019860925016471e-04   3.8363579491935453e-04   2.7961270493805665e-04   1.7834092849121016e-04   8.0026585253289431e-05  -1.5129809444700730e-05  -1.0693347341201361e-04  -1.9519544729369514e-04  -2.7973268646667017e-04  -3.6036811073475797e-04  -4.3693066678937250e-04  -5.0925536022196718e-04  -5.7718330711692932e-04  -6.4056176387805868e-04  -6.9924419302296753e-04  -7.5309031697812397e-04  -8.0196622705595746e-04  -8.4574449630701789e-04  -8.8430437318715678e-04  -9.1753200348467954e-04  -9.4532077285424797e-04  -9.6757171953334607e-04  -9.8419413747004281e-04  -9.9510633029128255e-04  -1.0002366867058344e-03  -9.9952505535319102e-04  -9.9292465185006726e-04  -9.8040441167692935e-04  -9.6195192098489323e-04  -9.3757633048194722e-04  -9.0731082225866040e-04  -8.7121343506928867e-04  -8.2936617641143190e-04  -7.8187258589176509e-04  -7.2885471586686559e-04  -6.7045033974381734e-04  -6.0681063396129378e-04  -5.3809854138336553e-04  -4.6448753977647718e-04  -3.8616079315367336e-04  -3.0331046226842232e-04  -2.1613716863437939e-04  -1.2484950535943096e-04  -2.9663603848885693e-05   6.9197287939048481e-05   1.7150320567642439e-04   2.7701786479918632e-04   3.8549904948521722e-04   4.9669899595593367e-04   6.1036477556269736e-04   7.2623866952766175e-04   8.4405854713054070e-04   9.6355823247366813e-04   1.0844678776915080e-03   1.2065143221307579e-03   1.3294214607865412e-03   1.4529105958891284e-03   1.5767008006284961e-03   1.7005092631247668e-03   1.8240516456029948e-03   1.9470424209640340e-03   2.0691952277044649e-03   2.1902231995637117e-03   2.3098393168322086e-03   2.4277567299024498e-03   2.5436891078949365e-03   2.6573509566064938e-03   2.7684579650142419e-03   2.8767273187485154e-03
   3.0715794880532220e-03   3.1734320192090167e-03   3.2715777359127716e-03   3.3657391322003886e-03   3.4556416844219659e-03   3.5410142338834381e-03   3.6215893934680738e-03   3.6971040473078309e-03   3.7672999350016880e-03   3.8319244638835423e-03   3.8907318066399256e-03   3.9434845846090831e-03   3.9899563375158983e-03   4.0299353970561381e-03   4.0632304537255096e-03   4.0896784534850865e-03   4.1091540287447707e-03   4.1215791637668510e-03   4.1269294771351652e-03   4.1252348672398383e-03   4.1165737473655949e-03   4.1010636307734407e-03   4.0788511978018770e-03   4.0501039619022274e-03   4.0150042884209832e-03   3.9737452994432930e-03   3.9265283276883620e-03   3.8735612221438356e-03   3.8150573400014967e-03   3.7512348211430810e-03   3.6823161587112461e-03   3.6085278352293139e-03   3.5301001027724732e-03   3.4472667520795883e-03   3.3602649608350361e-03   3.2693351025933006e-03   3.1747206047288362e-03   3.0766677519093420e-03   2.9754255210723861e-03   2.8712453568153361e-03   2.7643809671809060e-03   2.6550880560270154e-03   2.5436240693894044e-03   2.4302478793140443e-03   2.3152194797044327e-03   2.1987996227598797e-03   2.0812494683947790e-03   1.9628301800194616e-03   1.8438025375594794e-03   1.7244265050571884e-03   1.6049608220966096e-03   1.4856625595988573e-03   1.3667867072293227e-03   1.2485857356932014e-03   1.1313091985455117e-03   1.0152033191108555e-03   9.0051062397743904e-04   7.8746957019468341e-04   6.7631422429302894e-04   5.6727394050068978e-04   4.6057309393466163e-04   3.5643081646457436e-04   2.5506078991864421e-04   1.5667104137349772e-04   6.1463790411465762e-05  -3.0364705617625049e-05  -1.1862425341717560e-04  -2.0313083139304050e-04  -2.8370665884974093e-04  -3.6018027679268500e-04  -4.3238659381694493e-04  -5.0016695809946914e-04  -5.6336920522602214e-04  -6.2184774243698691e-04  -6.7546362391858439e-04  -7.2408467768663386e-04  -7.6758564095523929e-04  -8.0584836859332889e-04  -8.3876207411005973e-04  -8.6622367521073645e-04  -8.8813820943054594e-04  -9.0441940614699521e-04  -9.1499039327072877e-04  -9.1978465191347230e-04  -9.1874721599095855e-04  -9.1183625865260526e-04  -8.9902503924615745e-04  -8.8030426043395461e-04  -8.5568453479363462e-04  -8.2519852912505895e-04  -7.8890209881090755e-04  -7.4687390056509700e-04  -6.9921375795346428e-04  -6.4604012734623302e-04  -5.8748759773648144e-04  -5.2370462719478119e-04  -4.5485184368113042e-04  -3.8110075709569396e-04  -3.0263282750593937e-04  -2.1963874591144922e-04  -1.3231785477281748e-04  -4.0877648842898391e-05   5.4466677104634273e-05   1.5349265018298457e-04   2.5597092928879967e-04   3.6166569976402076e-04   4.7033506572510364e-04   5.8173143268122846e-04   6.9560189071402284e-04   8.1168858883153927e-04   9.2972911093692156e-04   1.0494568434114193e-03   1.1706013444344567e-03   1.2928887050372060e-03   1.4160419114654787e-03   1.5397811999766111e-03   1.6638244121405432e-03   1.7878873437469514e-03   1.9116840931050591e-03   2.0349274043943658e-03   2.1573290092137794e-03   2.2785999647426071e-03   2.3984509888426457e-03   2.5165927934684513e-03   2.6327364139302357e-03   2.7465935390887336e-03   2.8578768369054656e-03   2.9663002839182872e-03
   3.1574405050051107e-03   3.2593522966490821e-03   3.3575210643205303e-03   3.4516651648890478e-03   3.5415057411971756e-03   3.6267671460421457e-03   3.7071773875970585e-03   3.7824687240859433e-03   3.8523783943106016e-03   3.9166497067688252e-03   3.9750335604800142e-03   4.0272908358806583e-03   4.0731959247406416e-03   4.1125420432304395e-03   4.1451485284006951e-03   4.1708699573030162e-03   4.1896055153531212e-03   4.2013057988998844e-03   4.2059744490422360e-03   4.2036636538252672e-03   4.1944658491814037e-03   4.1785042398473013e-03   4.1559247484944184e-03   4.1268898414592104e-03   4.0915743862936019e-03   4.0501628442461603e-03   4.0028475089627829e-03   3.9498273070467174e-03   3.8913070355155255e-03   3.8274968017488276e-03   3.7586116477729761e-03   3.6848712409700071e-03   3.6064996480846133e-03   3.5237251222315115e-03   3.4367799291698878e-03   3.3459001615906746e-03   3.2513255673358413e-03   3.1532993544486055e-03   3.0520679942685680e-03   2.9478809927296215e-03   2.8409906495574268e-03   2.7316517829574526e-03   2.6201214362587466e-03   2.5066585493909105e-03   2.3915236098130451e-03   2.2749782714808261e-03   2.1572849549004627e-03   2.0387064216299453e-03   1.9195053345389520e-03   1.7999438013967140e-03   1.6802829114186098e-03   1.5607822657833813e-03   1.4416995099907621e-03   1.3232898713552272e-03   1.2058057076466714e-03   1.0894960712580573e-03   9.7460629280412690e-04   8.6137758901661649e-04   7.5004669623924918e-04   6.4084553515144336e-04   5.3400090400828335e-04   4.2973420611125000e-04   3.2826120356095839e-04   2.2979180624551558e-04   1.3452988687518547e-04   4.2673129880248933e-05  -4.5587105615105565e-05  -1.3006589537638323e-04  -2.1058484640547109e-04  -2.8697217498521201e-04  -3.5906278740308853e-04  -4.2669834651605813e-04  -4.8972735389348301e-04  -5.4800523071973201e-04  -6.0139442755519274e-04  -6.4976454692335724e-04  -6.9299251305955569e-04  -7.3096277158004046e-04  -7.6356756022381844e-04  -7.9070723344941245e-04  -8.1229069168596113e-04  -8.2823590107138577e-04  -8.3847057030149875e-04  -8.4293297686464431e-04  -8.4157303329313168e-04  -8.3435358371646267e-04  -8.2125202959267333e-04  -8.0226218461357474e-04  -7.7739633156524257e-04  -7.4668701915446578e-04  -7.1018830839175435e-04  -6.6797581742300473e-04  -6.2014573331537143e-04  -5.6681290121061794e-04  -5.0810862645030771e-04  -4.4417858537490809e-04  -3.7518105954575899e-04  -3.0128560732386209e-04  -2.2267203474166434e-04  -1.3952963508452858e-04  -5.2056558201540957e-05   3.9540703332677490e-05   1.3504778930982985e-04   2.3424289988652983e-04   3.3689721163913705e-04   4.4277527512673071e-04   5.5163540835351807e-04   6.6323008148520249e-04   7.7730629721988180e-04   8.9360596831818768e-04   1.0118662884652271e-03   1.1318201036380113e-03   1.2531962742071930e-03   1.3757200403951837e-03   1.4991133762751975e-03   1.6230953492603348e-03   1.7473824662882190e-03   1.8716890272678884e-03   1.9957274636294977e-03   2.1192086859224352e-03   2.2418424148960090e-03   2.3633375237503630e-03   2.4834023621725038e-03   2.6017450942213199e-03   2.7180740160382176e-03   2.8320978902640808e-03   2.9435262578632812e-03   3.0520697712245479e-03
   3.2392096871954826e-03   3.3411373490624700e-03   3.4392826511498989e-03   3.5333597386366495e-03   3.6230854035981482e-03   3.7081795275549787e-03   3.7883656438004818e-03   3.8633716550233489e-03   3.9329308573739178e-03   3.9967833991454444e-03   4.0546785319947876e-03   4.1063779355374492e-03   4.1516607101706061e-03   4.1903302082696558e-03   4.2222227113875221e-03   4.2472164071399535e-03   4.2652384538463990e-03   4.2762672342088071e-03   4.2803291299554694e-03   4.2774911704948557e-03   4.2678523782964392e-03   4.2515359786845543e-03   4.2286833412633435e-03   4.1994497457109887e-03   4.1640014745876058e-03   4.1225139270936731e-03   4.0751703121197505e-03   4.0221607949086106e-03   3.9636818571789261e-03   3.8999358641187928e-03   3.8311307012742751e-03   3.7574795163798124e-03   3.6792004735213451e-03   3.5965165654375931e-03   3.5096554094949522e-03   3.4188490763638760e-03   3.3243338867420418e-03   3.2263502221492441e-03   3.1251422935431690e-03   3.0209579131467634e-03   2.9140482173686164e-03   2.8046673846446324e-03   2.6930723012919796e-03   2.5795222191609037e-03   2.4642783622384956e-03   2.3476035255374219e-03   2.2297616271115734e-03   2.1110172565510241e-03   1.9916351842451628e-03   1.8718798747054709e-03   1.7520149708672552e-03   1.6323027923520362e-03   1.5130038161552913e-03   1.3943761823161937e-03   1.2766751933057771e-03   1.1601528491212627e-03   1.0450573860084802e-03   9.3163285961646010e-04   8.2011873912707833e-04   7.1074955083296777e-04   6.0375453711986765e-04   4.9935736731830974e-04   3.9777586676900244e-04   2.9922179546403873e-04   2.0390063911524892e-04   1.1201144403371103e-04   2.3746664908750941e-05  -6.0707949512517779e-05  -1.4117347344866924e-04  -2.1747789007476020e-04  -2.8945618450987309e-04  -3.5695042142594555e-04  -4.1980984055158118e-04  -4.7789094703340755e-04  -5.3105763460754483e-04  -5.7918131707323075e-04  -6.2214110835689040e-04  -6.5982402786576226e-04  -6.9212527393730061e-04  -7.1894854376562895e-04  -7.4020644764545541e-04  -7.5582099834356074e-04  -7.6572423203832320e-04  -7.6985894566716762e-04  -7.6817961825372482e-04  -7.6065350013739745e-04  -7.4726193394717495e-04  -7.2800184523577659e-04  -7.0288736957949008e-04  -6.7195137440280797e-04  -6.3524658926175247e-04  -5.9284601688681363e-04  -5.4484240329476436e-04  -4.9134699881564676e-04  -4.3248774100883812e-04  -3.6840741089747757e-04  -2.9926188312270874e-04  -2.2521873877662160e-04  -1.4645615900652702e-04  -6.3162089842401167e-05   2.4466430082280017e-05   1.1622382651001141e-04   2.1189647580340952e-04   3.1126315144202775e-04   4.1409544409018060e-04   5.2015816710344908e-04   6.2920974862237149e-04   7.4100261956745414e-04   8.5528359319242246e-04   9.7179424218186950e-04   1.0902712692174004e-03   1.2104468754930951e-03   1.3320491238627535e-03   1.4548022994520658e-03   1.5784272654584919e-03   1.7026418161534226e-03   1.8271610254071218e-03   1.9516975923583508e-03   2.0759621828727150e-03   2.1996637680423209e-03   2.3225099589690452e-03   2.4442073382408276e-03   2.5644617885238071e-03   2.6829788172466145e-03   2.7994638799796823e-03   2.9136226999627811e-03   3.0251615895938409e-03   3.1337877685127238e-03
   3.3166399810284899e-03   3.4185367099877507e-03   3.5166086584659346e-03   3.6105657518329232e-03   3.7001204668288211e-03   3.7849883656594138e-03   3.8648888122274653e-03   3.9395459354765721e-03   4.0086900626157430e-03   4.0720598330972659e-03   4.1294053895941903e-03   4.1804930414997459e-03   4.2251117369457181e-03   4.2630811791531231e-03   4.2942604305746569e-03   4.3185548622104546e-03   4.3359189083717279e-03   4.3463537937276069e-03   4.3499012045650921e-03   4.3466355139085960e-03   4.3366564249108768e-03   4.3200831764862429e-03   4.2970502916975552e-03   4.2677046657312572e-03   4.2322035576864113e-03   4.1907132290628837e-03   4.1434079781899075e-03   4.0904694540324135e-03   4.0320861389657051e-03   3.9684529568165348e-03   3.8997709564289264e-03   3.8262470538547350e-03   3.7480938067648017e-03   3.6655292126691278e-03   3.5787765159977329e-03   3.4880640162229457e-03   3.3936248683960669e-03   3.2956968702545168e-03   3.1945222299342114e-03   3.0903473082776120e-03   2.9834223342313105e-03   2.8740010882066765e-03   2.7623405547564273e-03   2.6487005398669232e-03   2.5333432575626470e-03   2.4165328823004882e-03   2.2985350750836762e-03   2.1796164807343869e-03   2.0600442069725012e-03   1.9400852833703387e-03   1.8200061131644720e-03   1.7000719159620851e-03   1.5805461762359817e-03   1.4616900944421790e-03   1.3437620571501658e-03   1.2270171205458671e-03   1.1117065246358669e-03   9.9807722943747162e-04   8.8637149064337841e-04   7.7682646333500154e-04   6.6967384975006022e-04   5.6513957636548397e-04   4.6344351365633737e-04   3.6479922388647236e-04   2.6941375186252214e-04   1.7748743929059375e-04   8.9213770046589740e-05   4.7792298320686356e-06  -7.5636803420547991e-05  -1.5186216724250544e-04  -2.2373200661045776e-04  -2.9108887037271000e-04  -3.5378280335530326e-04  -4.1167145765309246e-04  -4.6462020985857410e-04  -5.1250231242811373e-04  -5.5519906437309294e-04  -5.9260003226356940e-04  -6.2460330616673589e-04  -6.5111582533697201e-04  -6.7205375733213140e-04  -6.8734297117419886e-04  -6.9691958712780324e-04  -7.0073065112943324e-04  -6.9873491348628630e-04  -6.9090376536454809e-04  -6.7722229494857761e-04  -6.5769050022354526e-04  -6.3232454436455341e-04  -6.0115800453699705e-04  -5.6424283450767570e-04  -5.2164991409905687e-04  -4.7346891801286180e-04  -4.1980758598088124e-04  -3.6079044676127640e-04  -2.9655724060544141e-04  -2.2726132875698266e-04  -1.5306824277671899e-04  -7.4154530828758657e-05   9.2931804408140448e-06   9.7078906399280292e-05   1.8899791110812882e-04   2.8483721906178653e-04   3.8437608267147239e-04   4.8738640871658252e-04   5.9363317119254700e-04   7.0287480764359787e-04   8.1486360787054576e-04   9.2934609453795771e-04   1.0460633988549485e-03   1.1647516317836088e-03   1.2851422499432425e-03   1.4069624186084338e-03   1.5299353687796865e-03   1.6537807528210981e-03   1.7782149930155710e-03   1.9029516302116012e-03   2.0277016639160313e-03   2.1521738941318821e-03   2.2760752531885953e-03   2.3991111409624975e-03   2.5209857489198444e-03   2.6414023893355787e-03   2.7600638126574692e-03   2.8766725321135245e-03   2.9909311359455817e-03   3.1025426095697161e-03   3.2112106470730466e-03
   3.3894891303005150e-03   3.4913047872091492e-03   3.5892502737662150e-03   3.6830313669973798e-03   3.7723564030790390e-03   3.8569369774047544e-03   3.9364888895326629e-03   4.0107335406120836e-03   4.0793999647542366e-03   4.1422278880601220e-03   4.1989721389600870e-03   4.2494087576287138e-03   4.2933425758622575e-03   4.3306153509177197e-03   4.3611124051845893e-03   4.3847656712458494e-03   4.4015521150898868e-03   4.4114884409764236e-03   4.4146241789737219e-03   4.4110349649762329e-03   4.4008170719553198e-03   4.3840832950452040e-03   4.3609600594194612e-03   4.3315853677921533e-03   4.2961073819665040e-03   4.2546833829093262e-03   4.2074790264671853e-03   4.1546677623308268e-03   4.0964303997712134e-03   4.0329547457214759e-03   3.9644353221575815e-03   3.8910731124991711e-03   3.8130753511751089e-03   3.7306553169608875e-03   3.6440321448446096e-03   3.5534306246741702e-03   3.4590810005922560e-03   3.3612187429562308e-03   3.2600843078512097e-03   3.1559228598149872e-03   3.0489839723561825e-03   2.9395212852214559e-03   2.8277921340271422e-03   2.7140571348903040e-03   2.5985797407067487e-03   2.4816257549834068e-03   2.3634628210426455e-03   2.2443598756257169e-03   2.1245865859236849e-03   2.0044127617700122e-03   1.8841077626464624e-03   1.7639398933201426e-03   1.6441758073013461e-03   1.5250799135251561e-03   1.4069138036435105e-03   1.2899356964089148e-03   1.1743999136316122e-03   1.0605563842697474e-03   9.4865018777934350e-04   8.3892113186234587e-04   7.3160337345334414e-04   6.2692507682245906e-04   5.2510811652052894e-04   4.2636781447544990e-04   3.3091271415939161e-04   2.3894438232722266e-04   1.5065724660012834e-04   6.6238453390750438e-05  -1.4132256082789339e-05  -9.0282656620467756e-05  -1.6204813730209345e-04  -2.2927180276848111e-04  -2.9180457301659327e-04  -3.4950529584478591e-04  -4.0224087203809245e-04  -4.4988640482682379e-04  -4.9232537549174626e-04  -5.2944985671121042e-04  -5.6116076651280765e-04  -5.8736817454405890e-04  -6.0799166522478932e-04  -6.2296076920304705e-04  -6.3221546949054691e-04  -6.3570679300896079e-04  -6.3339749382853422e-04  -6.2526283424380697e-04  -6.1129146142040332e-04  -5.9148636357740224e-04  -5.6586586784318656e-04  -5.3446459776521375e-04  -4.9733428555685159e-04  -4.5454427985327443e-04  -4.0618167901030006e-04  -3.5235097534972294e-04  -2.9317330032732083e-04  -2.2878523972972323e-04  -1.5933746916424961e-04  -8.4993358886879420e-05  -5.9277497781102303e-06   7.7674052471980986e-05   1.6561708761374250e-04   2.5769739765794551e-04   3.5370258043183455e-04   4.5341227557063211e-04   5.5659861337054137e-04   6.6302663217957317e-04   7.7245468095964945e-04   8.8463480895509521e-04   9.9931314908172368e-04   1.1162302926904916e-03   1.2351216603228002e-03   1.3557178661550546e-03   1.4777450792976732e-03   1.6009253796970767e-03   1.7249771104835398e-03   1.8496152259773427e-03   1.9745516352363394e-03   2.0994955426444604e-03   2.2241537828774608e-03   2.3482311544042395e-03   2.4714307462782685e-03   2.5934542649829078e-03   2.7140023537031515e-03   2.8327749134353444e-03   2.9494714164670227e-03   3.0637912253541413e-03   3.1754339067245835e-03   3.2840995573872734e-03
   3.4575202544837565e-03   3.5592015289267519e-03   3.6569645236728156e-03   3.7505110746994409e-03   3.8395457708746638e-03   3.9237769034790254e-03   4.0029178300392647e-03   4.0766889612152196e-03   4.1448207039171594e-03   4.2070576755136573e-03   4.2631644486241602e-03   4.3129326330745704e-03   4.3561884328154089e-03   4.3927988730367799e-03   4.4226748858467828e-03   4.4457702749757279e-03   4.4620773442480537e-03   4.4716208765381033e-03   4.4744521468774879e-03   4.4706438748848571e-03   4.4602863553990998e-03   4.4434846374507165e-03   4.4203564909363960e-03   4.3910309453712455e-03   4.3556472093036333e-03   4.3143538657912164e-03   4.2673082468216222e-03   4.2146759487581426e-03   4.1566304373460532e-03   4.0933527306118390e-03   4.0250311269116219e-03   3.9518609759117002e-03   3.8740444669720410e-03   3.7917904365842780e-03   3.7053141733861287e-03   3.6148372230303074e-03   3.5205871745882080e-03   3.4227974326747996e-03   3.3217069579418684e-03   3.2175599817705113e-03   3.1106056805041728e-03   3.0010978168813745e-03   2.8892943361281667e-03   2.7754569265606610e-03   2.6598505346976040e-03   2.5427428472417773e-03   2.4244037325227051e-03   2.3051046562512930e-03   2.1851180663650244e-03   2.0647167637718703e-03   1.9441732554338099e-03   1.8237591076218538e-03   1.7037442969129672e-03   1.5843965763067801e-03   1.4659808545953784e-03   1.3487586043609875e-03   1.2329872965376181e-03   1.1189198742054792e-03   1.0068042623393820e-03   8.9688292393007882e-04   7.8939245609739377e-04   6.8456323388766305e-04   5.8261909114889696e-04   4.8377704727915847e-04   3.8824706945848669e-04   2.9623187508067556e-04   2.0792675498682782e-04   1.2351942694458829e-04   4.3189908088374362e-05  -3.2889595903504631e-05  -1.0455479928915328e-04  -1.7164943370705297e-04  -2.3402535568209024e-04  -2.9154265646249384e-04  -3.4406979192129527e-04  -3.9148372708315560e-04  -4.3367011266737818e-04  -4.7052348787361047e-04  -5.0194752758289966e-04  -5.2785532780330819e-04  -5.4816974778120657e-04  -5.6282380220590809e-04  -5.7176112165749533e-04  -5.7493647268156540e-04  -5.7231635407355955e-04  -5.6387965407205627e-04  -5.4961837772252295e-04  -5.2953841030975771e-04  -5.0366030365664211e-04  -4.7202001086856817e-04  -4.3466952111886632e-04  -3.9167729180568270e-04  -3.4312844451469106e-04  -2.8912468224679539e-04  -2.2978390281193622e-04  -1.6523948920111437e-04  -9.5639252963066303e-05  -2.1144219420919869e-05   5.8072603969865598e-05   1.4182730056635107e-04   2.2992594318241603e-04   3.2216531730251295e-04   4.1833353365321050e-04   5.1821054754201267e-04   6.2156862581014619e-04   7.2817277880579093e-04   8.3778117171858673e-04   9.5014551867285706e-04   1.0650114662576072e-03   1.1821189698576042e-03   1.3012026628502235e-03   1.4219922215946913e-03   1.5442127235379651e-03   1.6675850026392389e-03   1.7918259982366560e-03   1.9166491016154932e-03   2.0417644964803943e-03   2.1668794968561431e-03   2.2916988795732840e-03   2.4159252138573912e-03   2.5392591862820951e-03   2.6613999229386340e-03   2.7820453081606918e-03   2.9008923016045039e-03   3.0176372541216058e-03   3.1319762245650500e-03   3.2436053001475350e-03   3.3522209259666067e-03
   3.5205026005368043e-03   3.6219934008785174e-03   3.7195155372325966e-03   3.8127673525811491e-03   3.9014504385891883e-03   3.9852709844256321e-03   4.0639417418251098e-03   4.1371848834080502e-03   4.2047360427914654e-03   4.2663497182320641e-03   4.3218058593805187e-03   4.3709167879833356e-03   4.4135329149998367e-03   4.4495456827580854e-03   4.4788869332252528e-03   4.5015253354987479e-03   4.5174612693439069e-03   4.5267216063484472e-03   4.5293551808950165e-03   4.5254292337124948e-03   4.5150267338870918e-03   4.4982444055740693e-03   4.4751912606998817e-03   4.4459874969413823e-03   4.4107636498624953e-03   4.3696599309688425e-03   4.3228257001710494e-03   4.2704190405700986e-03   4.2126064097771860e-03   4.1495623501939648e-03   4.0814692421723732e-03   4.0085170879148174e-03   3.9309033146218923e-03   3.8488325864566766e-03   3.7625166162247063e-03   3.6721739683582052e-03   3.5780298451471024e-03   3.4803158487832467e-03   3.3792697141485977e-03   3.2751350057877021e-03   3.1681607759535641e-03   3.0586011792225706e-03   2.9467150434365416e-03   2.8327653945061401e-03   2.7170189379440929e-03   2.5997454971140232e-03   2.4812174142100486e-03   2.3617089161376368e-03   2.2414954541925070e-03   2.1208530215425236e-03   2.0000574594613539e-03   1.8793837574772746e-03   1.7591053589352842e-03   1.6394934776902382e-03   1.5208164362311739e-03   1.4033390308934770e-03   1.2873219319013288e-03   1.1730211226561255e-03   1.0606873829653481e-03   9.5056581769098318e-04   8.4289543372390171e-04   7.3790876400313486e-04   6.3583154097074694e-04   5.3688241201267249e-04   4.4127269510834083e-04   3.4920616778857743e-04   2.6087889408562561e-04   1.7647907511287707e-04   9.6186918334196722e-05   2.0174522183533366e-05  -5.1394226476511769e-05  -1.1836375694054607e-04  -1.8058691666608456e-04  -2.3792508478066507e-04  -2.9024829563498947e-04  -3.3743538409817609e-04  -3.7937415135301782e-04  -4.1596156319537950e-04  -4.4710397864791088e-04  -4.7271742103802009e-04  -4.9272788856231952e-04  -5.0707171574262120e-04  -5.1569598117468061e-04  -5.1855897132186508e-04  -5.1563069139379681e-04  -5.0689342877069691e-04  -4.9234234984355625e-04  -4.7198612473292741e-04  -4.4584753959908371e-04  -4.1396407183506595e-04  -3.7638836126432441e-04  -3.3318855286273519e-04  -2.8444846277842861e-04  -2.3026760187166203e-04  -1.7076103307965909e-04  -1.0605902846974906e-04  -3.6306427020203974e-05   3.8338311186352251e-05   1.1770421157608190e-04   2.0160888639070783e-04   2.8985950527245208e-04   3.8225361557110834e-04   4.7857980935803136e-04   5.7861829831536734e-04   6.8214141299105502e-04   7.8891405584993312e-04   8.9869412012128337e-04   1.0112328923859090e-03   1.1262754400806320e-03   1.2435609890918109e-03   1.3628232934060143e-03   1.4837909976922988e-03   1.6061879957513683e-03   1.7297337821983009e-03   1.8541438012529264e-03   1.9791297889459117e-03   2.1044001128002806e-03   2.2296601054500862e-03   2.3546123958015069e-03   2.4789572347830905e-03   2.6023928190333410e-03   2.7246156100165521e-03   2.8453206523545321e-03   2.9642018893114917e-03   3.0809524811593512e-03   3.1952651263560360e-03   3.3068323959183944e-03   3.4153470850766445e-03
   3.5782127550699596e-03   3.6794549150669792e-03   3.7766765598338326e-03   3.8695733847384107e-03   3.9578452843402985e-03   4.0411983136085759e-03   4.1193474829717813e-03   4.1920206356568694e-03   4.2589635323785442e-03   4.3199459261381266e-03   4.3747678125025035e-03   4.4232645544827077e-03   4.4653095672023031e-03   4.5008139641516242e-03   4.5297236844420961e-03   4.5520152520270628e-03   4.5676913367215244e-03   4.5767768039345000e-03   4.5793155232648425e-03   4.5753678949276427e-03   4.5650089737398576e-03   4.5483270342191930e-03   4.5254224664196220e-03   4.4964069063718540e-03   4.4614025463657701e-03   4.4205415764430617e-03   4.3739657318253560e-03   4.3218259195424479e-03   4.2642819107781577e-03   4.2015020805110936e-03   4.1336631857755149e-03   4.0609501674205772e-03   3.9835559681923784e-03   3.9016813545307526e-03   3.8155347354877087e-03   3.7253319672139150e-03   3.6312961383153158e-03   3.5336573259292965e-03   3.4326523180846723e-03   3.3285242951947899e-03   3.2215224681022259e-03   3.1119016676040253e-03   2.9999218850712025e-03   2.8858477625835531e-03   2.7699480347762851e-03   2.6524949240977905e-03   2.5337634943642072e-03   2.4140309677638866e-03   2.2935760125380429e-03   2.1726780091096912e-03   2.0516163034561912e-03   1.9306694567880651e-03   1.8101145012178199e-03   1.6902262099012923e-03   1.5712763915458076e-03   1.4535332153269944e-03   1.3372605754215713e-03   1.2227174979878106e-03   1.1101575979038285e-03   9.9982858549269157e-04   8.9197182652565627e-04   7.8682195276442274e-04   6.8460652130507911e-04   5.8554572130607339e-04   4.8985212619927286e-04   3.9773048548665760e-04   3.0937754482088134e-04   2.2498189421920039e-04   1.4472384165599428e-04   6.8775299493421035e-05  -2.7003212023364413e-06  -6.9548209056596692e-05  -1.3162225532714882e-04  -1.8878516217553680e-04  -2.4090856404938594e-04  -2.8787316492833370e-04  -3.2956889809921753e-04  -3.6589511044556478e-04  -3.9676077783405836e-04  -4.2208475269642394e-04  -4.4179604943647504e-04  -4.5583416777273257e-04  -4.6414945773304642e-04  -4.6670352382868372e-04  -4.6346966880237068e-04  -4.5443336870593857e-04  -4.3959277287929240e-04  -4.1895920927919553e-04  -3.9255767636619263e-04  -3.6042728468641504e-04  -3.2262161914863464e-04  -2.7920898150698070e-04  -2.3027251428404830e-04  -1.7591021588448367e-04  -1.1623489934345517e-04  -5.1374069326154599e-05   1.8530366214016252e-05   9.3322674513317229e-05   1.7283415913696334e-04   2.5688418079753968e-04   3.4528116145977569e-04   4.3782347749713076e-04   5.3430022434459426e-04   6.3449184917141986e-04   7.3817069508553624e-04   8.4510148374936154e-04   9.5504175831283159e-04   1.0677422945105722e-03   1.1829474937427400e-03   1.3003957632926957e-03   1.4198198869279392e-03   1.5409473885593732e-03   1.6635008879935110e-03   1.7871984526235199e-03   1.9117539422423915e-03   2.0368773508002338e-03   2.1622751420609758e-03   2.2876505823052652e-03   2.4127040678612937e-03   2.5371334499455049e-03   2.6606343555569088e-03   2.7829005070852853e-03   2.9036240404171718e-03   3.0224958258983645e-03   3.1392057935849551e-03   3.2534432709031944e-03   3.3648973386289304e-03   3.4732572242861855e-03
   3.6304365732035652e-03   3.7313711973884808e-03   3.8282333745546177e-03   3.9207175888917051e-03   4.0085241653470272e-03   4.0913620115248205e-03   4.1689523427084468e-03   4.2410334503821439e-03   4.3073662400243372e-03   4.3677397868133617e-03   4.4219758208073395e-03   4.4699310914188654e-03   4.5114972013760614e-03   4.5465983538298862e-03   4.5751879317199378e-03   4.5972448274361711e-03   4.6127700930604226e-03   4.6217841511919776e-03   4.6243245683646027e-03   4.6204443123360021e-03   4.6102103821021832e-03   4.5937027247323807e-03   4.5710133645084014e-03   4.5422456985495067e-03   4.5075139193651564e-03   4.4669425418052489e-03   4.4206660118977096e-03   4.3688283843365617e-03   4.3115830527468025e-03   4.2490925233444046e-03   4.1815282180215291e-03   4.1090702992893557e-03   4.0319075043795003e-03   3.9502369809855092e-03   3.8642641135854163e-03   3.7742023337922577e-03   3.6802729036407873e-03   3.5827046670726791e-03   3.4817337610593200e-03   3.3776032818727438e-03   3.2705629002818394e-03   3.1608684243479199e-03   3.0487813065848144e-03   2.9345680964749385e-03   2.8184998387564106e-03   2.7008514219384232e-03   2.5819008812203422e-03   2.4619286630367730e-03   2.3412168585305159e-03   2.2200484153734410e-03   2.0987063372513437e-03   1.9774728817135894e-03   1.8566287657652209e-03   1.7364523904089182e-03   1.6172190914772334e-03   1.4992004277881829e-03   1.3826635104662293e-03   1.2678703829540469e-03   1.1550774517226177e-03   1.0445349737588580e-03   9.3648659862910640e-04   8.3116896792297535e-04   7.2881136906984283e-04   6.2963543943707020e-04   5.3385491318208730e-04   4.4167540783087269e-04   3.5329424978655633e-04   2.6890032772900938e-04   1.8867396329577376e-04   1.1278680092832814e-04   4.1401708427853210e-05  -2.5327321295847034e-05  -8.7255267521080000e-05  -1.4424618623517290e-04  -1.9617332515564374e-04  -2.4291925405401163e-04  -2.8437601381564419e-04  -3.2044528847588070e-04  -3.5103860265554929e-04  -3.7607754783770386e-04  -3.9549403914238262e-04  -4.0923060420787949e-04  -4.1724070439076852e-04  -4.1948908718245797e-04  -4.1595216659746025e-04  -4.0661842594253263e-04  -3.9148883320691942e-04  -3.7057725567559948e-04  -3.4391085346049217e-04  -3.1153042851486841e-04  -2.7349069905947333e-04  -2.2986047840037370e-04  -1.8072274599784349e-04  -1.2617463690002236e-04  -6.6327393149853741e-05  -1.3063189564759404e-06   6.8749303395137899e-05   1.4368646008321010e-04   2.2333893453155350e-04   3.0752810003425242e-04   3.9606386664449065e-04   4.8874561513029356e-04   5.8536302864924594e-04   6.8569681363775934e-04   7.8951931156295884e-04   8.9659502450277961e-04   1.0066810824332318e-03   1.1195276749482858e-03   1.2348784566299262e-03   1.3524709330228603e-03   1.4720368341570339e-03   1.5933024772026906e-03   1.7159891234864353e-03   1.8398133272050593e-03   1.9644872804868187e-03   2.0897191515583456e-03   2.2152134198088272e-03   2.3406712055288785e-03   2.4657905968580550e-03   2.5902669733037943e-03   2.7137933277986970e-03   2.8360605883122163e-03   2.9567579419547451e-03   3.0755731649862788e-03   3.1921929658443740e-03   3.3063033509145401e-03   3.4175900310879160e-03   3.5257388927674598e-03
   3.6769725480184159e-03   3.7775423429610316e-03   3.8739899528052214e-03   3.9660109423803065e-03   4.0533091642227740e-03   4.1356003310207105e-03   4.2126164454520335e-03   4.2841107737561536e-03   4.3498626972705099e-03   4.4096815488766095e-03   4.4634086390803393e-03   4.5109172294742162e-03   4.5521108321783937e-03   4.5869205405076139e-03   4.6153020901100166e-03   4.6372331014084105e-03   4.6527107091465202e-03   4.6617496087381187e-03   4.6643804765693301e-03   4.6606486918812865e-03   4.6506132983317166e-03   4.6343461512190331e-03   4.6119312142191967e-03   4.5834639754454131e-03   4.5490509636811356e-03   4.5088093468633773e-03   4.4628666004337385e-03   4.4113602326068752e-03   4.3544375565629763e-03   4.2922554976892041e-03   4.2249804274229891e-03   4.1527880116505262e-03   4.0758630656354319e-03   3.9943994046081448e-03   3.9085996813928992e-03   3.8186752008849728e-03   3.7248457050063945e-03   3.6273391178800671e-03   3.5263912454140687e-03   3.4222454229152410e-03   3.3151521069722167e-03   3.2053684068877159e-03   3.0931575551052270e-03   2.9787883165023040e-03   2.8625343395463332e-03   2.7446734528686024e-03   2.6254869136674869e-03   2.5052586154783981e-03   2.3842742646163467e-03   2.2628205354529385e-03   2.1411842154127067e-03   2.0196513505559644e-03   1.8985064033059638e-03   1.7780314316246631e-03   1.6585053012165738e-03   1.5402029365163372e-03   1.4233946212125347e-03   1.3083453499884135e-03   1.1953142400645141e-03   1.0845540011727639e-03   9.7631046789694741e-04   8.7082218974017533e-04   7.6832007722456004e-04   6.6902710095302566e-04   5.7315804165533851e-04   4.8091928292983950e-04   3.9250863499289915e-04   3.0811518802174712e-04   2.2791919280567858e-04   1.5209195370137875e-04   8.0795730670168726e-05   1.4183648470474444e-05  -4.7600397240072940e-05  -1.0442183834456428e-04  -1.5615554260902569e-04  -2.0268593528560176e-04  -2.4390713750725192e-04  -2.7972312396819720e-04  -3.1004790278775247e-04  -3.3480571917220061e-04  -3.5393128430143139e-04  -3.6737003024040122e-04  -3.7507839002529466e-04  -3.7702410169256008e-04  -3.7318653229708831e-04  -3.6355701669669679e-04  -3.4813920226696719e-04  -3.2694938792309240e-04  -3.0001684162873465e-04  -2.6738407667480882e-04  -2.2910706595243144e-04  -1.8525537354127306e-04  -1.3591219665596893e-04  -8.1174328521768755e-05  -2.1152083496394779e-05   4.4030764033567069e-05   1.1423700855108573e-04   1.8931607042957442e-04   2.6910421789664543e-04   3.5342506014758709e-04   4.4209027971527353e-04   5.3490050870442282e-04   6.3164620902211258e-04   7.3210845973398827e-04   8.3605964059845872e-04   9.4326402497788573e-04   1.0534782963411049e-03   1.1664520071594812e-03   1.2819279999136146e-03   1.3996428048817843e-03   1.5193270191132388e-03   1.6407056744246577e-03   1.7634985930940080e-03   1.8874207383780448e-03   2.0121825564276968e-03   2.1374903150733287e-03   2.2630464364687387e-03   2.3885498272218204e-03   2.5136962050207670e-03   2.6381784241294088e-03   2.7616868012630170e-03   2.8839094447849667e-03   3.0045325921908318e-03   3.1232409627885392e-03   3.2397181369444405e-03   3.3536469784905456e-03   3.4647101260168165e-03   3.5725905941985429e-03
   3.7176374536157563e-03   3.8177906258200648e-03   3.9137775168750924e-03   4.0052979569407191e-03   4.0920632222676010e-03   4.1738000870826068e-03   4.2502552155425314e-03   4.3211993208009860e-03   4.3864303798745322e-03   4.4457753455230996e-03   4.4990902453639885e-03   4.5462589738694487e-03   4.5871912967782079e-03   4.6218205842630637e-03   4.6501016134195394e-03   4.6720086119999508e-03   4.6875335890657014e-03   4.6966849387040221e-03   4.6994862754340914e-03   4.6959754619901777e-03   4.6862037931925359e-03   4.6702353101429218e-03   4.6481462230116496e-03   4.6200244276897581e-03   4.5859691025164602e-03   4.5460903747281478e-03   4.5005090460462655e-03   4.4493563679161383e-03   4.3927738564154481e-03   4.3309131379213649e-03   4.2639358145026536e-03   4.1920133408760831e-03   4.1153269015665279e-03   4.0340672792053755e-03   3.9484347041896751e-03   3.8586386767632697e-03   3.7648977506951030e-03   3.6674392725306463e-03   3.5664990680322351e-03   3.4623210692793518e-03   3.3551568770809749e-03   3.2452652569861275e-03   3.1329115671949242e-03   3.0183671194652564e-03   2.9019084759511291e-03   2.7838166878950787e-03   2.6643764838355016e-03   2.5438754165133040e-03   2.4226029793337125e-03   2.3008497036166092e-03   2.1789062489121986e-03   2.0570624983294499e-03   1.9356066700056747e-03   1.8148244566084516e-03   1.6949982005849498e-03   1.5764061166630519e-03   1.4593215647956881e-03   1.3440123834654652e-03   1.2307402822790189e-03   1.1197602999791349e-03   1.0113203247756519e-03   9.0566067936788137e-04   8.0301376690700805e-04   7.0360377232797969e-04   6.0764641056603353e-04   5.1534871773701620e-04   4.2690888409313240e-04   3.4251611578966341e-04   2.6235051425234986e-04   1.8658297540979875e-04   1.1537509956376091e-04   4.8879102557526644e-05  -1.2762271239238031e-05  -6.9415841806919065e-05  -1.2095809450586754e-04  -1.6727529284237073e-04  -2.0826360531741878e-04  -2.4382924901631721e-04  -2.7388865123477478e-04  -2.9836863079767779e-04  -3.1720659974609350e-04  -3.3035078517494186e-04  -3.3776047084767822e-04  -3.3940625603199486e-04  -3.3527032873039461e-04  -3.2534674760395293e-04  -3.0964172577491655e-04  -2.8817390634867099e-04  -2.6097461746015438e-04  -2.2808809196787623e-04  -1.8957163504204047e-04  -1.4549572559319820e-04  -9.5944041510344575e-05  -4.1013414740760786e-05   1.9186259588493417e-05   8.4532116708859384e-05   1.5488837536413880e-04   2.3010635692737925e-04   3.1002453764678918e-04   3.9446876001095915e-04   4.8325269919572886e-04   5.7617854299251152e-04   6.7303779686889490e-04   7.7361211183142814e-04   8.7767404193431252e-04   9.8498770215431982e-04   1.0953093417045052e-03   1.2083878506813535e-03   1.3239652156028482e-03   1.4417769348524082e-03   1.5615524103776959e-03   1.6830153191483108e-03   1.8058839752992952e-03   1.9298716798047313e-03   2.0546870657642828e-03   2.1800344356065378e-03   2.3056140959586691e-03   2.4311226885413879e-03   2.5562535207577643e-03   2.6806968975589154e-03   2.8041404580732591e-03   2.9262695227888153e-03   3.0467674581930917e-03   3.1653160718459225e-03   3.2815960553116623e-03   3.3952875043502121e-03   3.5060705585835007e-03   3.6136262227149498e-03
   3.7522755850956735e-03   3.8519715957643537e-03   3.9474673819643539e-03   4.0384707476329986e-03   4.1247041405482049e-03   4.2059084641550247e-03   4.2818465788349649e-03   4.3523059578012280e-03   4.4171001445740161e-03   4.4760689827060482e-03   4.5290778425347983e-03   4.5760162152746675e-03   4.6167960428251751e-03   4.6513500299549815e-03   4.6796300804938830e-03   4.7016059107842460e-03   4.7172638475788042e-03   4.7266057929031460e-03   4.7296483360057037e-03   4.7264219908604108e-03   4.7169705435083156e-03   4.7013504950256385e-03   4.6796305902270111e-03   4.6518914221702406e-03   4.6182251047687988e-03   4.5787350049949563e-03   4.5335355266210775e-03   4.4827519370695167e-03   4.4265202286209188e-03   4.3649870042426131e-03   4.2983093796701592e-03   4.2266548902342117e-03   4.1502013938816296e-03   4.0691369596090573e-03   3.9836597307961186e-03   3.8939777533658865e-03   3.8003087609808622e-03   3.7028799057431784e-03   3.6019274272858443e-03   3.4976962543417974e-03   3.3904395342310690e-03   3.2804180860029558e-03   3.1678997773068171e-03   3.0531588275275940e-03   2.9364750423773846e-03   2.8181329871483913e-03   2.6984211079525890e-03   2.5776308127443510e-03   2.4560555243582898e-03   2.3339897193479829e-03   2.2117279653351722e-03   2.0895639696368431e-03   1.9677896512883611e-03   1.8466942456804210e-03   1.7265634533532759e-03   1.6076786371656089e-03   1.4903160786959267e-03   1.3747462936413732e-03   1.2612334151607695e-03   1.1500346423915758e-03   1.0413997580108823e-03   9.3557070927707158e-04   8.3278125011048928e-04   7.3325664107880305e-04   6.3721340424774246e-04   5.4485912349473242e-04   4.5639227677210341e-04   3.7200209943383960e-04   2.9186847542861469e-04   2.1616184016692202e-04   1.4504309230788624e-04   7.8663513008381519e-05   1.7164682332360386e-05  -3.9321607298538428e-05  -9.0673445308889471e-05  -1.3677890681462399e-04  -1.7753616856839389e-04  -2.1285363809437361e-04  -2.4265009777034961e-04  -2.6685486421624801e-04  -2.8540796337351540e-04  -2.9826032118966304e-04  -3.0537396839094648e-04  -3.0672225792068020e-04  -3.0229009136446112e-04  -2.9207415041034262e-04  -2.7608312682704137e-04  -2.5433794354963403e-04  -2.2687195703770474e-04  -1.9373112975923043e-04  -1.5497416122615536e-04  -1.1067256559142637e-04  -6.0910689502532067e-05  -5.7856697143163520e-06   5.4592655590448094e-05   1.2010185344513071e-04   1.9060698602297362e-04   2.6596065503846724e-04   3.4600302632384534e-04   4.3056189969944243e-04   5.1945292030545782e-04   6.1248002007098512e-04   7.0943605365736515e-04   8.1010353835802803e-04   9.1425542206637197e-04   1.0216558104847060e-03   1.1320606109317807e-03   1.2452180943210351e-03   1.3608693907679349e-03   1.4787489401313840e-03   1.5985849037820875e-03   1.7200995539369303e-03   1.8430096407090002e-03   1.9670267502546741e-03   2.0918576508467740e-03   2.2172046358726488e-03   2.3427658615205182e-03   2.4682356847961569e-03   2.5933050034337348e-03   2.7176616021629056e-03   2.8409905122197395e-03   2.9629743916724277e-03   3.0832939419678921e-03   3.2016283789481461e-03   3.3176559898388412e-03   3.4310548166967209e-03   3.5415035268867349e-03   3.6486825498757958e-03
   3.7807720087640381e-03   3.8799886709942472e-03   3.9749859138695758e-03   4.0654825735671101e-03   4.1512144280433346e-03   4.2319371015698062e-03   4.3074282584272903e-03   4.3774888842361918e-03   4.4419436515927141e-03   4.5006405215992154e-03   4.5534498401237113e-03   4.6002631794435783e-03   4.6409920982099177e-03   4.6755669364948078e-03   4.7039356999811367e-03   4.7260630542082559e-03   4.7419294289548237e-03   4.7515302281252707e-03   4.7548751353756651e-03   4.7519875087807199e-03   4.7429038568349222e-03   4.7276733906540906e-03   4.7063576460784741e-03   4.6790301708369599e-03   4.6457762703040733e-03   4.6066928057582456e-03   4.5618880380219554e-03   4.5114815085826685e-03   4.4556039497923470e-03   4.3943972156061601e-03   4.3280142220099311e-03   4.2566188888908466e-03   4.1803860711812219e-03   4.0995014690521532e-03   4.0141615069239685e-03   3.9245731702000942e-03   3.8309537872331881e-03   3.7335307497381775e-03   3.6325411620978547e-03   3.5282314113314274e-03   3.4208566525387911e-03   3.3106802092687532e-03   3.1979728892294491e-03   3.0830122187874261e-03   2.9660816032557363e-03   2.8474694233547424e-03   2.7274680811014457e-03   2.6063730089140092e-03   2.4844816576170469e-03   2.3620924775706459e-03   2.2395039076864107e-03   2.1170133850042000e-03   1.9949163853728415e-03   1.8735055063346284e-03   1.7530695969403651e-03   1.6338929452433333e-03   1.5162545229719234e-03   1.4004272974195632e-03   1.2866776067280857e-03   1.1752646053150035e-03   1.0664397753798764e-03   9.6044650733425013e-04   8.5751974534337637e-04   7.5788569125422598e-04   6.6176155809921752e-04   5.6935536879920636e-04   4.8086579904591388e-04   3.9648204891626153e-04   3.1638373165366446e-04   2.4074078251527754e-04   1.6971337772672462e-04   1.0345185425081251e-04   4.2096632225082763e-05  -1.4221867341155086e-05  -6.5383310408167940e-05  -1.1127754595847148e-04  -1.5180471115215080e-04  -1.8687534726634760e-04  -2.1641052641609973e-04  -2.4034198991989761e-04  -2.5861229806956910e-04  -2.7117499066313974e-04  -2.7799475759565130e-04  -2.7904761723505445e-04  -2.7432110037591342e-04  -2.6381443565309196e-04  -2.4753873193652902e-04  -2.2551715139199535e-04  -1.9778506614432289e-04  -1.6439019051420049e-04  -1.2539267983753815e-04  -8.0865188867095309e-05  -3.0892882996526728e-05   2.4426597446548803e-05   8.4983213955308775e-05   1.5065463153318340e-04   2.2130632009589781e-04   2.9679163513024530e-04   3.7695186179033326e-04   4.6161625773235367e-04   5.5060215739818094e-04   6.4371519487320156e-04   7.4074971798102508e-04   8.4148938159015656e-04   9.4570783592022871e-04   1.0531694360437919e-03   1.1636299285232175e-03   1.2768370778287654e-03   1.3925312249761066e-03   1.5104457791357911e-03   1.6303076654013249e-03   1.7518377333409206e-03   1.8747511457417898e-03   1.9987577458027640e-03   2.1235624166602947e-03   2.2488654316613946e-03   2.3743628042800263e-03   2.4997466399813758e-03   2.6247054960131045e-03   2.7489247577762469e-03   2.8720870398023309e-03   2.9938726293343891e-03   3.1139599903214541e-03   3.2320263614785921e-03   3.3477484873285180e-03   3.4608035427526134e-03   3.5708703223324774e-03   3.6776307817409926e-03
   3.8030681211644931e-03   3.9018075802520345e-03   3.9963258322663377e-03   4.0863539714687067e-03   4.1716408467601680e-03   4.2519549100894288e-03   4.3270853921127343e-03   4.3968427968934642e-03   4.4610588169933293e-03   4.5195858444327377e-03   4.5722962362603412e-03   4.6190814560979725e-03   4.6598511878271544e-03   4.6945324707769638e-03   4.7230688855662284e-03   4.7454198025138625e-03   4.7615596987533844e-03   4.7714775433519777e-03   4.7751762512845755e-03   4.7726722039253145e-03   4.7639948353139219e-03   4.7491862812640067e-03   4.7283010892731608e-03   4.7014059849115200e-03   4.6685796907050313e-03   4.6299127916899167e-03   4.5855076411460017e-03   4.5354782993188986e-03   4.4799504967648366e-03   4.4190616127163934e-03   4.3529606599693868e-03   4.2818082636725246e-03   4.2057766247457530e-03   4.1250494557885722e-03   4.0398218763995249e-03   3.9503002564263701e-03   3.8567019975628090e-03   3.7592552386334632e-03   3.6581984756240879e-03   3.5537800904946464e-03   3.4462577840895419e-03   3.3358979096892137e-03   3.2229747099312592e-03   3.1077694648882371e-03   2.9905695624849304e-03   2.8716675057124386e-03   2.7513598726349895e-03   2.6299462481787239e-03   2.5077281450490560e-03   2.3850079317600252e-03   2.2620877818938512e-03   2.1392686567249988e-03   2.0168493315355371e-03   1.8951254700374550e-03   1.7743887559142611e-03   1.6549260792573487e-03   1.5370187876945624e-03   1.4209419969844258e-03   1.3069639708372695e-03   1.1953455653047982e-03   1.0863397427301421e-03   9.8019114997244965e-04   8.7713575895659800e-04   7.7740056826117415e-04   6.8120336222899313e-04   5.8875251758096431e-04   5.0024684200459754e-04   4.1587544532983639e-04   3.3581763885947766e-04   2.6024284512095232e-04   1.8931051598939427e-04   1.2317005850687570e-04   6.1960757823909755e-05   5.8116990165916690e-06  -4.5158316370697005e-05  -9.0840859320746956e-05  -1.3113796953624635e-04  -1.6596225837920428e-04  -1.9523701975431278e-04  -2.1889634815430974e-04  -2.3688526409892268e-04  -2.4915984631138609e-04  -2.5568736956037307e-04  -2.5644644689312951e-04  -2.5142717394294038e-04  -2.4063127256723402e-04  -2.2407223007751375e-04  -2.0177542951008728e-04  -1.7377826589037404e-04  -1.4013024229760519e-04  -1.0089304065890377e-04  -5.6140560738310048e-05  -5.9589250282211488e-06   4.9553552879998055e-05   1.1028643190134078e-04   1.7611723078130823e-04   2.4691152529791134e-04   3.2252303674592847e-04   4.0279370644117490e-04   4.8755375083905646e-04   5.7662172880759179e-04   6.6980468593803876e-04   7.6689840242637501e-04   8.6768778479684927e-04   9.7194740967840830e-04   1.0794421662462131e-03   1.1899279198925449e-03   1.3031521593054769e-03   1.4188545963500637e-03   1.5367677173150178e-03   1.6566172749611415e-03   1.7781227407389385e-03   1.9009977177317098e-03   2.0249503349699504e-03   2.1496836241466301e-03   2.2748958918511150e-03   2.4002810918057893e-03   2.5255292048601326e-03   2.6503266384343919e-03   2.7743566533771015e-03   2.8972998399935451e-03   3.0188346598642351e-03   3.1386380902509530e-03   3.2563864063794765e-03   3.3717561587246090e-03   3.4844254011193836e-03   3.5940752348157480e-03   3.7003917130115625e-03
