  -6.2563287156326655e-02  -5.9571701523181100e-02  -5.6434052878288801e-02  -5.3164772434447102e-02  -4.9777602544631913e-02  -4.6285849701987139e-02  -4.2702735109041795e-02  -3.9041785189813778e-02  -3.5317197056618829e-02  -3.1544102886559303e-02  -2.7738669308579003e-02  -2.3917983573671722e-02  -2.0099722618915246e-02  -1.6301641517683468e-02  -1.2540969620409435e-02  -8.8338208136396739e-03  -5.1947346994370494e-03  -1.6364282187267751e-03   1.8301972288629897e-03   5.1958103820876275e-03   8.4522137954015156e-03   1.1591803490565510e-02   1.4607006249787599e-02   1.7489782813186548e-02   2.0231255172631642e-02   2.2821510984581829e-02   2.5249603894378126e-02   2.7503769934319831e-02   2.9571851015201826e-02   3.1441929096921645e-02   3.3103141111563469e-02   3.4546647868510541e-02   3.5766637181274430e-02   3.6761158769678448e-02   3.7532418538544748e-02   3.8086201764271729e-02   3.8430437909529699e-02   3.8573381369923380e-02   3.8522079109202884e-02   3.8281417047700980e-02   3.7853726463994097e-02   3.7238708963885904e-02   3.6433503806021950e-02   3.5432785486068312e-02   3.4228934277906103e-02   3.2812491069605446e-02   3.1173374543839612e-02   2.9303437971254766e-02   2.7200418216229434e-02   2.4871880875339317e-02   2.2336941574477014e-02   1.9624913353586661e-02   1.6772225308274116e-02   1.3819345255007895e-02   1.0808509798610005e-02   7.7822453428373836e-03   4.7824081490437410e-03   1.8494811533173935e-03  -9.7806096411266058e-04  -3.6644689307535859e-03  -6.1776432716618528e-03  -8.4903785252769919e-03  -1.0581944221854930e-02  -1.2439803967518745e-02  -1.4060892429195795e-02  -1.5451658172924862e-02  -1.6626461934896909e-02  -1.7604862039046751e-02  -1.8408900762274857e-02  -1.9061211321538544e-02  -1.9584096162518477e-02  -1.9999303610221481e-02  -2.0328170938349929e-02  -2.0591882562554318e-02  -2.0811703787482545e-02  -2.1009117596357211e-02  -2.1205841610245392e-02  -2.1423719725499304e-02  -2.1684500750682321e-02  -2.2009517596373158e-02  -2.2419289648833031e-02  -2.2933068633606706e-02  -2.3568355465825017e-02  -2.4340412759121764e-02  -2.5261803940864636e-02  -2.6341985597412958e-02  -2.7586983582981069e-02  -2.8999175693776143e-02  -3.0577202859985168e-02  -3.2316018038699316e-02  -3.4207076971034409e-02  -3.6238658449815261e-02  -3.8396295510342474e-02  -4.0663284957444812e-02  -4.3021241586873565e-02  -4.5450656429430587e-02  -4.7931425812197337e-02  -5.0443319328065533e-02  -5.2966368392455970e-02  -5.5481161594133369e-02  -5.7969047051020586e-02  -6.0412244518159276e-02  -6.2793880244588290e-02  -6.5097955928692011e-02  -6.7309269503005809e-02  -6.9413300523370941e-02  -7.1396077519358808e-02  -7.3244039426086149e-02  -7.4943908894164385e-02  -7.6482592032789773e-02  -7.7847127613492328e-02  -7.9024706556744789e-02  -8.0002785196365778e-02  -8.0769286724193617e-02  -8.1312825552014689e-02  -8.1622786334727165e-02  -8.1689120095671530e-02  -8.1502104169684647e-02  -8.1052783013708066e-02  -8.0334363441524642e-02  -7.9343790076927684e-02  -7.8082593696874342e-02  -7.6556837041552098e-02  -7.4776470220621796e-02  -7.2754436147031559e-02  -7.0505735833428021e-02  -6.8046564457292832e-02  -6.5393572854808998e-02
  -5.7319924888026716e-02  -5.4347901521137429e-02  -5.1247626090713858e-02  -4.8033639496368949e-02  -4.4719588142759586e-02  -4.1318400258507380e-02  -3.7842552167155825e-02  -3.4304372060899715e-02  -3.0716328487484450e-02  -2.7091243239219454e-02  -2.3442384006042479e-02  -1.9783404146418562e-02  -1.6128134345893677e-02  -1.2490254955687251e-02  -8.8829174394628695e-03  -5.3183901583751161e-03  -1.8078138277191139e-03   1.6388802543682163e-03   5.0128558231835596e-03   8.3060796825837405e-03   1.1510888600796985e-02   1.4619488887169726e-02   1.7623454535719858e-02   2.0513304406351022e-02   2.3278208644700642e-02   2.5905879737017572e-02   2.8382666935157102e-02   3.0693885205473542e-02   3.2824375581893453e-02   3.4759319002317962e-02   3.6485277850633886e-02   3.7991436667576185e-02   3.9270852696468336e-02   4.0321386634459236e-02   4.1145790294356575e-02   4.1750669915975730e-02   4.2144615730805149e-02   4.2336226248047747e-02   4.2332666052625818e-02   4.2138867634659287e-02   4.1757227084648657e-02   4.1187526612615322e-02   4.0426921868946530e-02   3.9469905613474132e-02   3.8308313979948480e-02   3.6931649328670310e-02   3.5328322102037166e-02   3.3488558975124691e-02   3.1408971327642837e-02   2.9096941078697380e-02   2.6572176175982346e-02   2.3864820651544640e-02   2.1011950642492436e-02   1.8054344668495911e-02   1.5034225640808276e-02   1.1993846381948333e-02   8.9746033405734785e-03   6.0164120760549528e-03   3.1571667092732125e-03   4.3215504999821047e-04  -2.1266804755993678e-03  -4.4917382236381899e-03  -6.6410777568302326e-03  -8.5600010918448662e-03  -1.0242535283278353e-02  -1.1692111529502936e-02  -1.2920731202182779e-02  -1.3946659757403768e-02  -1.4791578092494356e-02  -1.5478312363584969e-02  -1.6029588546965630e-02  -1.6467665592021816e-02  -1.6814454853929565e-02  -1.7091814075481038e-02  -1.7321820165224721e-02  -1.7526932576872163e-02  -1.7730011407052625e-02  -1.7954190192020249e-02  -1.8222614360712309e-02  -1.8558066891274622e-02  -1.8982503797960164e-02  -1.9516526906838024e-02  -2.0178821985945585e-02  -2.0985593850236621e-02  -2.1950031185483332e-02  -2.3081835670581127e-02  -2.4386849179967907e-02  -2.5866809675735267e-02  -2.7519260678348229e-02  -2.9337628725590564e-02  -3.1311471038758233e-02  -3.3426880108941778e-02  -3.5667018796530683e-02  -3.8012745572971685e-02  -4.0443283653155498e-02  -4.2936884240437470e-02  -4.5471440514740405e-02  -4.8025015877060137e-02  -5.0576264799150790e-02  -5.3104735206421561e-02  -5.5591055994683641e-02  -5.8017019505441990e-02  -6.0365577986034223e-02  -6.2620772514881670e-02  -6.4767616913324139e-02  -6.6791954578157620e-02  -6.8680308743983759e-02  -7.0419741268187550e-02  -7.1997739528441768e-02  -7.3402147636650109e-02  -7.4621166145285953e-02  -7.5643440298422945e-02  -7.6458255943875592e-02  -7.7055821901476598e-02  -7.7427541033006059e-02  -7.7566040921104001e-02  -7.7464760031436347e-02  -7.7117328526886395e-02  -7.6517604430888120e-02  -7.5660859128655639e-02  -7.4545407021848725e-02  -7.3173653015738804e-02  -7.1552239486452854e-02  -6.9691549614803019e-02  -6.7604903188429058e-02  -6.5307670296284814e-02  -6.2816426040009810e-02  -6.0148209579434612e-02
  -5.2039947139038437e-02  -4.9088463386930181e-02  -4.6027649524515289e-02  -4.2872043948610730e-02  -3.9635012798856790e-02  -3.6328870144837509e-02  -3.2965086282914759e-02  -2.9554537978471452e-02  -2.6107754326038117e-02  -2.2635109713015078e-02  -1.9146930536000577e-02  -1.5653493805501149e-02  -1.2164925100023576e-02  -8.6910215633297268e-03  -5.2410536569451084e-03  -1.8236017447264691e-03   1.5535098695386232e-03   4.8831447034071093e-03   8.1586304935752710e-03   1.1373399647436680e-02   1.4520527652443587e-02   1.7592235195612316e-02   2.0579414163775386e-02   2.3471251086350144e-02   2.6254997256902200e-02   2.8915940202088330e-02   3.1437600901241133e-02   3.3802194978381050e-02   3.5991369876387028e-02   3.7987255235225434e-02   3.9773809288038933e-02   4.1338396711144074e-02   4.2673284285469251e-02   4.3776527107757292e-02   4.4651636624639973e-02   4.5305976717087151e-02   4.5748553736826465e-02   4.5988055122648558e-02   4.6031592663222820e-02   4.5884073903307843e-02   4.5547965621429341e-02   4.5023196946337371e-02   4.4307059085724583e-02   4.3394037787318894e-02   4.2275658388335677e-02   4.0940670901837728e-02   3.9376284890238644e-02   3.7571355445104551e-02   3.5521462358203887e-02   3.3233667841681844e-02   3.0727959673286780e-02   2.8034971574760176e-02   2.5192162409212990e-02   2.2240456893663080e-02   1.9221972520898356e-02   1.6178635160347059e-02   1.3151335527224542e-02   1.0179357466495537e-02   7.2999041376204978e-03   4.5476104085305606e-03   1.9539433174938989e-03  -4.5358876182417102e-04  -2.6525027890660427e-03  -4.6266764054187642e-03  -6.3677779403837897e-03  -7.8762680188321221e-03  -9.1612497010845825e-03  -1.0238807694699897e-02  -1.1129360890669120e-02  -1.1855198607517971e-02  -1.2438937368054341e-02  -1.2902976575708842e-02  -1.3269558770883691e-02  -1.3561079291161598e-02  -1.3800384181328444e-02  -1.4010950094799274e-02  -1.4216893655315161e-02  -1.4442816113865515e-02  -1.4713491558967961e-02  -1.5053428591484015e-02  -1.5486327107345680e-02  -1.6034464902194959e-02  -1.6718041738951563e-02  -1.7554520111017685e-02  -1.8557997192626682e-02  -1.9738651785082093e-02  -2.1102304363829975e-02  -2.2650131607097328e-02  -2.4378564597605054e-02  -2.6279392918304979e-02  -2.8340076568091604e-02  -3.0544251849207924e-02  -3.2872394215052197e-02  -3.5302588014646342e-02  -3.7811340118486650e-02  -4.0374375069815518e-02  -4.2967353943390449e-02  -4.5566475082874709e-02  -4.8148930775765972e-02  -5.0693213484569469e-02  -5.3179279619866342e-02  -5.5588591003514390e-02  -5.7904059940076066e-02  -6.0109926234914443e-02  -6.2191593733975682e-02  -6.4135450574937539e-02  -6.5928695266413359e-02  -6.7559186941080596e-02  -6.9015339038400708e-02  -7.0286073791126003e-02  -7.1360859339442223e-02  -7.2229846973380793e-02  -7.2884119960079569e-02  -7.3316020907936263e-02  -7.3519441360981208e-02  -7.3489818474927901e-02  -7.3223602361547999e-02  -7.2717398888658066e-02  -7.1967697077866419e-02  -7.0971837968513460e-02  -6.9729646319058952e-02  -6.8244633692183546e-02  -6.6524316661904864e-02  -6.4579841126800305e-02  -6.2425240981493116e-02  -6.0076575201333596e-02  -5.7551077341820842e-02  -5.4866393094099478e-02
  -4.6745875460240512e-02  -4.3814189640695174e-02  -4.0793118739983258e-02  -3.7697115937539577e-02  -3.4539119811726263e-02  -3.1330637898046909e-02  -2.8081923847205603e-02  -2.4802203755339935e-02  -2.1499908952879031e-02  -1.8182873348514025e-02  -1.4858467946375407e-02  -1.1533657542677694e-02  -8.2149892660722118e-03  -4.9085367513812990e-03  -1.6198447299869325e-03   1.6460803393814035e-03   4.8846855063418779e-03   8.0916661195793785e-03   1.1262628446378598e-02   1.4392642471744148e-02   1.7475721778843888e-02   2.0504293631407433e-02   2.3468720393921366e-02   2.6356943833770640e-02   2.9154304477456143e-02   3.1843591481694251e-02   3.4405356073728216e-02   3.6818536166607727e-02   3.9061424745864534e-02   4.1113034954095531e-02   4.2954837509176037e-02   4.4572712307526109e-02   4.5958590778815693e-02   4.7111058148394898e-02   4.8034397628899918e-02   4.8736453786902376e-02   4.9226285548077647e-02   4.9512383702263102e-02   4.9601646032312943e-02   4.9498897538878248e-02   4.9206693786336408e-02   4.8725189219427270e-02   4.8051951957530932e-02   4.7181676914302390e-02   4.6105889005061414e-02   4.4812990668002851e-02   4.3289442406953087e-02   4.1523079451997326e-02   3.9508527085705916e-02   3.7252268366129000e-02   3.4774133151855867e-02   3.2104830053173709e-02   2.9281910696625557e-02   2.6346279279751184e-02   2.3339862438454512e-02   2.0304216662433528e-02   1.7279698952942193e-02   1.4304928228162136e-02   1.1416359100824759e-02   8.6478676462928492e-03   6.0302590752745570e-03   3.5906368518100022e-03   1.3515528481480577e-03  -6.7007376731242213e-04  -2.4642007803336100e-03  -4.0287202129588098e-03  -5.3697488734443626e-03  -6.5006116947708310e-03  -7.4396520779486906e-03  -8.2078271011785699e-03  -8.8269908537656032e-03  -9.3191922844435109e-03  -9.7066664273543421e-03  -1.0012140209653589e-02  -1.0259140883816248e-02  -1.0472176854706073e-02  -1.0676725741551457e-02  -1.0899036739065029e-02  -1.1165756865315629e-02  -1.1503415233927238e-02  -1.1937788845586566e-02  -1.2493187760166134e-02  -1.3191689442414509e-02  -1.4052365512689456e-02  -1.5090540062556175e-02  -1.6317131037392189e-02  -1.7738121551678310e-02  -1.9354213295443411e-02  -2.1160701488515524e-02  -2.3147602504963539e-02  -2.5300039026673195e-02  -2.7598867044392190e-02  -3.0021497563079532e-02  -3.2542847275374598e-02  -3.5136334126804357e-02  -3.7774836331669052e-02  -4.0431539957197067e-02  -4.3080624315377090e-02  -4.5697755973950170e-02  -4.8260390658346849e-02  -5.0747899519294079e-02  -5.3141552515624496e-02  -5.5424395582847147e-02  -5.7581060672091441e-02  -5.9597542534185699e-02  -6.1460972370532260e-02  -6.3159412247835542e-02  -6.4681690449644696e-02  -6.6017295315591779e-02  -6.7156344007496011e-02  -6.8089643400170763e-02  -6.8808856253377570e-02  -6.9306774718738279e-02  -6.9577660838394867e-02  -6.9617531857943948e-02  -6.9424144111327163e-02  -6.8996435089894545e-02  -6.8333581456690828e-02  -6.7434520878691784e-02  -6.6298696311865676e-02  -6.4927618113729019e-02  -6.3326163202548885e-02  -6.1503031761298746e-02  -5.9470468517829847e-02  -5.7243563629402069e-02  -5.4839389615744916e-02  -5.2276125301673824e-02  -4.9572252614755334e-02
  -4.1459216716309186e-02  -3.8545027175571310e-02  -3.5562339141104488e-02  -3.2525466761446381e-02  -2.9446805599485246e-02  -2.6336900572113929e-02  -2.3204618177663974e-02  -2.0057376541270166e-02  -1.6901391605159740e-02  -1.3741897856395945e-02  -1.0583320545393002e-02  -7.4293866111653619e-03  -4.2831868648811290e-03  -1.1472130627080569e-03   1.9765870827164397e-03   5.0866969821944533e-03   8.1818180096104969e-03   1.1260536716311557e-02   1.4320866914792799e-02   1.7359694759074468e-02   2.0372168831145100e-02   2.3351104291215213e-02   2.6286467517978730e-02   2.9165018057857338e-02   3.1970165128039657e-02   3.4682100814528175e-02   3.7278252433804782e-02   3.9734119322951698e-02   4.2024547316123838e-02   4.4125505944718167e-02   4.6016286401661166e-02   4.7681782783855389e-02   4.9114051947015756e-02   5.0312347888251549e-02   5.1281475025107451e-02   5.2029312902786784e-02   5.2564570076092228e-02   5.2895278557904532e-02   5.3027996020646395e-02   5.2967433212446763e-02   5.2716270532252155e-02   5.2274980983539159e-02   5.1641569525349609e-02   5.0811189485579680e-02   4.9775734427094487e-02   4.8523759064744418e-02   4.7041542556295439e-02   4.5316347855834438e-02   4.3341935508944218e-02   4.1123887199863485e-02   3.8681345606690599e-02   3.6044610072410277e-02   3.3250994581676727e-02   3.0341193303678803e-02   2.7356845132534516e-02   2.4339089287045094e-02   2.1327722735379362e-02   1.8360675470699667e-02   1.5473619949164390e-02   1.2699613609606586e-02   1.0068693552872838e-02   7.6073713078229528e-03   5.3379625314014124e-03   3.2777303715055238e-03   1.4378663315620828e-03  -1.7747267666753247e-04  -1.5716469003536453e-03  -2.7550084271344144e-03  -3.7432451676100154e-03  -4.5552481056041344e-03  -5.2114090090592431e-03  -5.7328454706507999e-03  -6.1413537291569488e-03  -6.4597099943176379e-03  -6.7119806352604755e-03  -6.9236860391716339e-03  -7.1217511939943396e-03  -7.3342481527669274e-03  -7.5899461192453568e-03  -7.9177034062781551e-03  -8.3457288495469954e-03  -8.9007497081857491e-03  -9.6071190257129829e-03  -1.0485906936291204e-02  -1.1554021471888012e-02  -1.2823417088916187e-02  -1.4300450084965157e-02  -1.5985446325206525e-02  -1.7872536026203409e-02  -1.9949798872854807e-02  -2.2199732280945867e-02  -2.4600024984717590e-02  -2.7124576338012272e-02  -2.9744673950934868e-02  -3.2430218378821804e-02  -3.5150885766099246e-02  -3.7877131389227776e-02  -4.0580971169630289e-02  -4.3236510628790012e-02  -4.5820228427664103e-02  -4.8311044859810519e-02  -5.0690224129463862e-02  -5.2941162006702402e-02  -5.5049110076363095e-02  -5.7000878803104504e-02  -5.8784554146396141e-02  -6.0389252911363517e-02  -6.1804936740450955e-02  -6.3022299705303070e-02  -6.4032742924419156e-02  -6.4828447309653259e-02  -6.5402551440495504e-02  -6.5749426978047643e-02  -6.5865007997841674e-02  -6.5747056542356394e-02  -6.5395151511203772e-02  -6.4810181040259318e-02  -6.3993451991959577e-02  -6.2946124152141819e-02  -6.1669746907296367e-02  -6.0167682746569320e-02  -5.8446432698192927e-02  -5.6516192809740962e-02  -5.4390647500426638e-02  -5.2086292378628336e-02  -4.9621549415432349e-02  -4.7015844978320898e-02  -4.4288746107561519e-02
  -3.6200924079939245e-02  -3.3300526169756983e-02  -3.0353370433566298e-02  -2.7373606106768745e-02  -2.4372997404709169e-02  -2.1360997762925771e-02  -1.8344944342743929e-02  -1.5330320396039735e-02  -1.2321039527379028e-02  -9.3197075316165078e-03  -6.3278381063901299e-03  -3.3460114310024593e-03  -3.7399151736808214e-04   2.5891711871723661e-03   5.5450062463044385e-03   8.4954170021721391e-03   1.1442359266008343e-02   1.4387387540316411e-02   1.7331067216015038e-02   2.0272288347085558e-02   2.3207532956891236e-02   2.6130176927958000e-02   2.9029905199622650e-02   3.1892329615057877e-02   3.4698876504616824e-02   3.7427018194615608e-02   4.0050904636321605e-02   4.2542483751715432e-02   4.4873180865485689e-02   4.7016184035344591e-02   4.8949111821334178e-02   5.0656437830076909e-02   5.2130646346812026e-02   5.3371502283308427e-02   5.4383854874837587e-02   5.5175108659240156e-02   5.5753257041160340e-02   5.6125674306839991e-02   5.6298500326538665e-02   5.6276331310624393e-02   5.6062026197814648e-02   5.5656482178908007e-02   5.5058312440421038e-02   5.4263394931936729e-02   5.3264388623176749e-02   5.2050548468364460e-02   5.0608612128230951e-02   4.8925808881853432e-02   4.6995196817761653e-02   4.4821152485547772e-02   4.2421560739623498e-02   3.9825760972807045e-02   3.7070437467612405e-02   3.4195840655333203e-02   3.1243196010982480e-02   2.8253159608017147e-02   2.5264931990508978e-02   2.2315727933232068e-02   1.9440409790136517e-02   1.6671175659017660e-02   1.4037228180120216e-02   1.1564373546640439e-02   9.2745013790764032e-03   7.1849191527026020e-03   5.3075511752440768e-03   3.6481328199325751e-03   2.2057016187257000e-03   9.7281851256156640e-04  -6.3243756015782249e-05  -9.1874781338287248e-04  -1.6119663636670160e-03  -2.1624666723603064e-03  -2.5911040967865400e-03  -2.9203512454836307e-03  -3.1746132751425214e-03  -3.3803622795516857e-03  -3.5660317533595864e-03  -3.7616796861395271e-03  -3.9984448956865790e-03  -4.3078311393808496e-03  -4.7208494725629359e-03  -5.2670534400066464e-03  -5.9735013986185470e-03  -6.8636901350165348e-03  -7.9565106762399720e-03  -9.2652922096013238e-03  -1.0797007733476784e-02  -1.2551724328230960e-02  -1.4522374228245072e-02  -1.6694908731131060e-02  -1.9048859625656722e-02  -2.1558289948740161e-02  -2.4193059719616029e-02  -2.6920289559460374e-02  -2.9705873198206775e-02  -3.2515891800959193e-02  -3.5317804479328668e-02  -3.8081336287316948e-02  -4.0779034043784648e-02  -4.3386509462884339e-02  -4.5882421101038171e-02  -4.8248265251815352e-02  -5.0468047561548580e-02  -5.2527900124695749e-02  -5.4415695287849057e-02  -5.6120694372681704e-02  -5.7633257115360291e-02  -5.8944629162839240e-02  -6.0046818630545624e-02  -6.0932569803662795e-02  -6.1595438450994966e-02  -6.2029968477073712e-02  -6.2231954498280756e-02  -6.2198745087671363e-02  -6.1929481980167907e-02  -6.1425103350827265e-02  -6.0687935545890526e-02  -5.9720948347726920e-02  -5.8527224771223685e-02  -5.7110343170187594e-02  -5.5475628029546614e-02  -5.3631432164268938e-02  -5.1589744744495972e-02  -4.9366028140020321e-02  -4.6978539878648133e-02  -4.4447403803665575e-02  -4.1793618856720900e-02  -3.9038114122906767e-02
  -3.0991946904373003e-02  -2.8100376285029698e-02  -2.5184539719686184e-02  -2.2258421112295049e-02  -1.9333085134940461e-02  -1.6416782812399448e-02  -1.3515197550272808e-02  -1.0631770634633679e-02  -7.7680495290054193e-03  -4.9240078842582987e-03  -2.0983094392327400e-03   7.1149409565354001e-04   3.5088122487335529e-03   6.2978776281121468e-03   9.0835671562537485e-03   1.1871132069031653e-02   1.4665788438889191e-02   1.7472146727977592e-02   2.0293482071838995e-02   2.3130888503878424e-02   2.5982385071068020e-02   2.8842074257846684e-02   3.1699454050104693e-02   3.4538992275726946e-02   3.7340049009811763e-02   4.0077237443710764e-02   4.2721300537855091e-02   4.5240613382005919e-02   4.7603382435515415e-02   4.9780491453786477e-02   5.1748522170650756e-02   5.3491994958833090e-02   5.5003823653682435e-02   5.6283846800767742e-02   5.7336379887591764e-02   5.8167891938737025e-02   5.8785388038263511e-02   5.9195462527671258e-02   5.9403807348968052e-02   5.9414931277005548e-02   5.9231940607064472e-02   5.8856270843879760e-02   5.8287317408609776e-02   5.7521945958649220e-02   5.6553968759024575e-02   5.5373879739221234e-02   5.3969530046035434e-02   5.2328724885854258e-02   5.0444117248983227e-02   4.8318689790383187e-02   4.5968525532074395e-02   4.3421397380906328e-02   4.0712889902543112e-02   3.7882509563873110e-02   3.4970896091011699e-02   3.2018127147910996e-02   2.9062751494982112e-02   2.6141231215813229e-02   2.3287585793283366e-02   2.0533117251698901e-02   1.7906142771835897e-02   1.5431685313847997e-02   1.3131082625391654e-02   1.1021488619327198e-02   9.1152702572201254e-03   7.4193773780123415e-03   5.9348956216408507e-03   4.6571106345218247e-03   3.5763412395066318e-03   2.6793156307825076e-03   1.9504208594219568e-03   1.3722340768735197e-03   9.2537917443237788e-04   5.8809794356890020e-04   3.3590168387346447e-04   1.4146945785813787e-04  -2.5171955438061180e-05  -1.9621097314069438e-04  -4.0539433350741776e-04  -6.8718729887437720e-04  -1.0757823134965039e-03  -1.6039868075878490e-03  -2.3020224064556859e-03  -3.1962777142886672e-03  -4.3080690880856233e-03  -5.6524830919798957e-03  -7.2373910205905979e-03  -9.0627414027897417e-03  -1.1120235683229725e-02  -1.3393476169385203e-02  -1.5858631380590998e-02  -1.8485601926798975e-02  -2.1239593755201885e-02  -2.4082940942959312e-02  -2.6976978837818608e-02  -2.9883767763840635e-02  -3.2767504423826699e-02  -3.5595523180181179e-02  -3.8338862872596420e-02  -4.0972437901724355e-02  -4.3474895303739713e-02  -4.5828256632514622e-02  -4.8017441510317713e-02  -5.0029753445651567e-02  -5.1854388594080432e-02  -5.3482007232005843e-02  -5.4904392080185049e-02  -5.6114205856650126e-02  -5.7104853704537828e-02  -5.7870451717653697e-02  -5.8405899191126438e-02  -5.8707046584658695e-02  -5.8770938171470638e-02  -5.8596084114415747e-02  -5.8182674190706940e-02  -5.7532601366661440e-02  -5.6649171551040906e-02  -5.5536553204388994e-02  -5.4199380326677725e-02  -5.2643067804304319e-02  -5.0874903976777117e-02  -4.8905244869523454e-02  -4.6748126883387857e-02  -4.4421112169699385e-02  -4.1944579661833972e-02  -3.9340725392769726e-02  -3.6632474696557081e-02  -3.3842430835288866e-02
  -2.5853882151505976e-02  -2.2965042768733179e-02  -2.0075046879803625e-02  -1.7197738061145128e-02  -1.4343429236939287e-02  -1.1519066512299298e-02  -8.7285616175429084e-03  -5.9732162904726598e-03  -3.2521644195190906e-03  -5.6276936083874329e-04   2.0990600855652340e-03   4.7386439236877017e-03   7.3623715402031577e-03   9.9775621378760948e-03   1.2592278757492768e-02   1.5215027992548180e-02   1.7854284392308753e-02   2.0517807431341233e-02   2.3211753364658382e-02   2.5939634398362561e-02   2.8701217043835756e-02   3.1491488828274711e-02   3.4299830819479918e-02   3.7109534352613174e-02   3.9897777389528405e-02   4.2636171196169186e-02   4.5291981736633596e-02   4.7830136423404356e-02   5.0216039212282786e-02   5.2418923830767142e-02   5.4414950169644413e-02   5.6188891872924002e-02   5.7733778540172802e-02   5.9048942400154208e-02   6.0137632555945758e-02   6.1005044016777039e-02   6.1657027466958080e-02   6.2099342779117189e-02   6.2337240645765790e-02   6.2375188345105803e-02   6.2216617643240109e-02   6.1863619238635162e-02   6.1316539217454988e-02   6.0573474148380248e-02   5.9629735455612121e-02   5.8477533488857744e-02   5.7106437131095165e-02   5.5505468316750191e-02   5.3667329453912845e-02   5.1593630385628211e-02   4.9298226796189469e-02   4.6806703386558936e-02   4.4152990795632618e-02   4.1375464043161107e-02   3.8513940144631165e-02   3.5607779789158370e-02   3.2694797767457984e-02   2.9810649137200988e-02   2.6988467256268391e-02   2.4258615478092223e-02   2.1648475736170569e-02   1.9182221357465463e-02   1.6880541551710572e-02   1.4760291844455316e-02   1.2834071239100067e-02   1.1109770117185334e-02   9.5902294405783087e-03   8.2732476731210650e-03   7.1521626217312586e-03   6.2168933362136379e-03   5.4548878683699847e-03   4.8513936162462891e-03   4.3890506036974490e-03   4.0472635476883363e-03   3.8017638559662199e-03   3.6245280634584400e-03   3.4840450116696200e-03   3.3458750591054132e-03   3.1734407842385487e-03   2.9290076506184020e-03   2.5748225559575830e-03   2.0743870017223727e-03   1.3938371026369564e-03   5.0339485730418326e-04  -6.2116551531112355e-04  -1.9971160249842232e-03  -3.6335488573044881e-03  -5.5304597420753974e-03  -7.6782870107807745e-03  -1.0058033619248770e-02  -1.2642048175868940e-02  -1.5395451739901096e-02  -1.8278094534858222e-02  -2.1246828204777985e-02  -2.4257826025403516e-02  -2.7268681272835844e-02  -3.0240074511851824e-02  -3.3136890217905307e-02  -3.5928769267469504e-02  -3.8590165197793645e-02  -4.1100027864271395e-02  -4.3441250925265115e-02  -4.5600011474480937e-02  -4.7565099520606960e-02  -4.9327306580537821e-02  -5.0878911975291582e-02  -5.2213287403308634e-02  -5.3324623833026601e-02  -5.4207779810704335e-02  -5.4858243207839705e-02  -5.5272198272905755e-02  -5.5446681895293524e-02  -5.5379805985268496e-02  -5.5071000954069381e-02  -5.4521211259999626e-02  -5.3732944809490320e-02  -5.2710100123999667e-02  -5.1457618971053290e-02  -4.9981271571601968e-02  -4.8288000252836569e-02  -4.6386912345988324e-02  -4.4290393471938312e-02  -4.2014693482767068e-02  -3.9579748497106375e-02  -3.7008405654962682e-02  -3.4325317921134454e-02  -3.1555723730329180e-02  -2.8724256229654091e-02
  -2.0809745919189486e-02  -1.7916513589599031e-02  -1.5045673463097157e-02  -1.2210981462035263e-02  -9.4219581823992704e-03  -6.6841432105281947e-03  -3.9995553432297295e-03  -1.3672592919480469e-03   1.2160616855671448e-03   3.7556085988051701e-03   6.2580936145440139e-03   8.7314997929458793e-03   1.1184943270630332e-02   1.3628573502691635e-02   1.6073425212416954e-02   1.8531128061931065e-02   2.1013391464448000e-02   2.3531213103120133e-02   2.6093811344960662e-02   2.8707343969531101e-02   3.1373539671768536e-02   3.4088414608880430e-02   3.6841267518879332e-02   3.9614134816280622e-02   4.2381865284727635e-02   4.5112945531345774e-02   4.7771200664610936e-02   5.0318432750964620e-02   5.2717869409019985e-02   5.4937814673550245e-02   5.6954431627812371e-02   5.8752645240982025e-02   6.0325106672275711e-02   6.1670099038742938e-02   6.2789421367253254e-02   6.3686793132102570e-02   6.4366831712408909e-02   6.4834449606719718e-02   6.5094481349184066e-02   6.5151405279059132e-02   6.5009060723658113e-02   6.4670309274586890e-02   6.4136606046854797e-02   6.3407490535057495e-02   6.2480057461940172e-02   6.1348611744540697e-02   6.0004936665269265e-02   5.8439874003702735e-02   5.6646756595367498e-02   5.4626107996254301e-02   5.2389355928014247e-02   4.9959339285268661e-02   4.7367717480639650e-02   4.4651248232224078e-02   4.1848604210685952e-02   3.8998233701708504e-02   3.6137098622812766e-02   3.3299969971480402e-02   3.0519036976803984e-02   2.7823672663977898e-02   2.5240267973215186e-02   2.2792079248987091e-02   2.0499056907364969e-02   1.8377632789637284e-02   1.6440463406809408e-02   1.4696153905109503e-02   1.3149051229501409e-02   1.1799263059309357e-02   1.0643072898922371e-02   9.6736996038829098e-03   8.8819465892710659e-03   8.2561741352232664e-03   7.7815515136532730e-03   7.4391177002252106e-03   7.2051700858943319e-03   7.0511708175669194e-03   6.9441084337147820e-03   6.8471999837949240e-03   6.7208376154588838e-03   6.5237266521150344e-03   6.2141841132302734e-03   5.7515836457706707e-03   5.0979293765973481e-03   4.2195330126009491e-03   3.0887413284152940e-03   1.6856288835865457e-03  -4.7604216575278246e-07  -1.9698038871884399e-03  -4.2114939688506596e-03  -6.7036657854174925e-03  -9.4143309049612434e-03  -1.2303140708863857e-02  -1.5323818414778700e-02  -1.8426986398887981e-02  -2.1563028611402184e-02  -2.4684632360543031e-02  -2.7748742258886645e-02  -3.0717787272981488e-02  -3.3560184088632136e-02  -3.6250227126616991e-02  -3.8767541734216385e-02  -4.1096286623580232e-02  -4.3224270008309265e-02  -4.5142097401885593e-02  -4.6842426683713918e-02  -4.8319365118574736e-02  -4.9568020415803951e-02  -5.0584199497205336e-02  -5.1364244693920508e-02  -5.1904990524207585e-02  -5.2203826132509137e-02  -5.2258841464038364e-02  -5.2069032477570124e-02  -5.1634523980040106e-02  -5.0956756972770911e-02  -5.0038571218408434e-02  -4.8884141669648884e-02  -4.7498818313396293e-02  -4.5889100811618712e-02  -4.4063069825454604e-02  -4.2031357300099034e-02  -3.9808232145188735e-02  -3.7412178456963138e-02  -3.4865684944169098e-02  -3.2194369309043680e-02  -2.9425723612834142e-02  -2.6587715306544028e-02  -2.3707411906393104e-02
  -1.5884868552874534e-02  -1.2979173481790666e-02  -1.0119611514687876e-02  -7.3199406863330664e-03  -4.5888635005363523e-03  -1.9304072186523500e-03   6.5543587824428134e-04   3.1719446298943462e-03   5.6249191523993144e-03   8.0220547955933003e-03   1.0372505283400951e-02   1.2686644564268938e-02   1.4975985880055985e-02   1.7253171302248755e-02   1.9531916507183583e-02   2.1826780846133587e-02   2.4152645954880890e-02   2.6523822217758102e-02   2.8952773342250347e-02   3.1448535852783364e-02   3.4015007123282932e-02   3.6649342156738471e-02   3.9340732764822875e-02   4.2069819322932279e-02   4.4808945158458693e-02   4.7523404919567545e-02   5.0173782000114922e-02   5.2719304557611806e-02   5.5121794447411679e-02   5.7349269644964014e-02   5.9378071780078687e-02   6.1192986301412955e-02   6.2785818592885248e-02   6.4153419775879544e-02   6.5295919727161172e-02   6.6215461695935257e-02   6.6915395334979838e-02   6.7399783199824079e-02   6.7673067254549107e-02   6.7739786205579314e-02   6.7604267855611244e-02   6.7270257569077535e-02   6.6740466867976481e-02   6.6016057912080831e-02   6.5096125434219498e-02   6.3977333763568581e-02   6.2654032534028500e-02   6.1119374104154175e-02   5.9367940811212487e-02   5.7399698573228103e-02   5.5223761298359028e-02   5.2859846434532939e-02   5.0336726313602184e-02   4.7688966633966143e-02   4.4953676685781777e-02   4.2168122989798718e-02   3.9368247766072319e-02   3.6587831929804644e-02   3.3858044512864609e-02   3.1207204196440921e-02   2.8660646597432126e-02   2.6240637322102620e-02   2.3966294545356415e-02   2.1853501977721700e-02   1.9914805719758295e-02   1.8159310623024956e-02   1.6592624950649330e-02   1.5216948126876479e-02   1.4031401467329148e-02   1.3032558175304574e-02   1.2214804618645745e-02   1.1569999815895486e-02   1.1086332779214933e-02   1.0746967188149652e-02   1.0529156179874285e-02   1.0404082763523569e-02   1.0337313526645105e-02   1.0289663847786044e-02   1.0218325044175124e-02   1.0078177078080005e-02   9.8232589918447397e-03   9.4083935826580201e-03   8.7909668168311556e-03   7.9328504670753835e-03   6.8024265025551089e-03   5.3766237056104595e-03   3.6428129675979970e-03   1.6003397374182438e-03  -7.3857652968079696e-04  -3.3488400968787121e-03  -6.1935500486427122e-03  -9.2261486475993266e-03  -1.2393439179074841e-02  -1.5639081137823571e-02  -1.8907083749658948e-02  -2.2144845998486769e-02  -2.5305417019992740e-02  -2.8348822929235150e-02  -3.1242484037754637e-02  -3.3960884979210321e-02  -3.6484737464349826e-02  -3.8799884026831745e-02  -4.0896149953636718e-02  -4.2766285291295558e-02  -4.4405074631807345e-02  -4.5808643568411550e-02  -4.6973959351400675e-02  -4.7898507747966362e-02  -4.8580121863912459e-02  -4.9016938651878388e-02  -4.9207459151811975e-02  -4.9150688893916550e-02  -4.8846330868982261e-02  -4.8294997669448808e-02  -4.7498400463308853e-02  -4.6459472269888981e-02  -4.5182404806050881e-02  -4.3672652687624894e-02  -4.1937078763901667e-02  -3.9984490344266883e-02  -3.7826640826493702e-02  -3.5479355781070358e-02  -3.2963175904155664e-02  -3.0303152717788877e-02  -2.7527872381770801e-02  -2.4668009019164085e-02  -2.1754689378547774e-02  -1.8817869634678363e-02
  -1.1107901916199859e-02  -8.1807895433856984e-03  -5.3233980602077381e-03  -2.5496334916422884e-03   1.3262133799047532e-04   2.7209591337454108e-03   5.2175643484086917e-03   7.6281818450753928e-03   9.9611291303351723e-03   1.2226503980463089e-02   1.4435673732557740e-02   1.6601057562100292e-02   1.8736144329175027e-02   2.0855630732318865e-02   2.2975524993453688e-02   2.5113040072534575e-02   2.7286108566658918e-02   2.9512395828476930e-02   3.1807779679352916e-02   3.4184393234532151e-02   3.6648469761811818e-02   3.9198337735691050e-02   4.1822956044137841e-02   4.4501340592931066e-02   4.7203140909752556e-02   4.9890505910243979e-02   5.2521205900178822e-02   5.5052674857683455e-02   5.7446169440451521e-02   5.9669929462465778e-02   6.1700501497302426e-02   6.3522255116440191e-02   6.5125847437783935e-02   6.6506493887508095e-02   6.7662546360920284e-02   6.8594510554216878e-02   6.9304428822529532e-02   6.9795491976597707e-02   7.0071753800946046e-02   7.0137852623585364e-02   6.9998682489902389e-02   6.9658985941615972e-02   6.9122870513882578e-02   6.8393275079116314e-02   6.7471450789583137e-02   6.6356581529144476e-02   6.5045780996193764e-02   6.3534838118807821e-02   6.1820124554944962e-02   5.9901713928108336e-02   5.7786846660742831e-02   5.5492045911300983e-02   5.3042699304713406e-02   5.0470565738879425e-02   4.7810677298838831e-02   4.5098762781243973e-02   4.2369518018115393e-02   3.9655589535617361e-02   3.6987028144857013e-02   3.4391020512457141e-02   3.1891773543315211e-02   2.9510480434774868e-02   2.7265326857516939e-02   2.5171517005248452e-02   2.3241312156083386e-02   2.1484090167469022e-02   1.9906452432495562e-02   1.8512423918779570e-02   1.7303779969788595e-02   1.6280426595823273e-02   1.5440504839670598e-02   1.4779722452526619e-02   1.4289776308814305e-02   1.3956484752894616e-02   1.3758507138232672e-02   1.3667044001234592e-02   1.3646369913970998e-02   1.3654883476175987e-02   1.3646442109953073e-02   1.3571870094717626e-02   1.3380612088217676e-02   1.3022544439442573e-02   1.2449968690770911e-02   1.1619799216669072e-02   1.0495921387761467e-02   9.0516329959582364e-03   7.2719892895834956e-03   5.1557663818091910e-03   2.7166722564755767e-03  -1.6568559974783348e-05  -3.0015083660859462e-03  -6.1846423464011740e-03  -9.5051411150839683e-03  -1.2899109325120612e-02  -1.6303757895184540e-02  -1.9660953598924176e-02  -2.2919781754843185e-02  -2.6037962468951896e-02  -2.8982160908663457e-02  -3.1727400517366819e-02  -3.4255885053734905e-02  -3.6555551831494289e-02  -3.8618617321463475e-02  -4.0440287122981824e-02  -4.2017710303305991e-02  -4.3349195843876157e-02  -4.4433669347504874e-02  -4.5270335564478320e-02  -4.5858507355935350e-02  -4.6197567653795985e-02  -4.6287032971777740e-02  -4.6126692707905946e-02  -4.5716796584187591e-02  -4.5058263659424135e-02  -4.4152882076140237e-02  -4.3003476075337790e-02  -4.1614035822967820e-02  -3.9989862792252320e-02  -3.8137863543614425e-02  -3.6067182023432842e-02  -3.3790246024081427e-02  -3.1323971559173894e-02  -2.8690555902256817e-02  -2.5917387464076520e-02  -2.3036029012020155e-02  -2.0080569415417825e-02  -1.7085694706821988e-02  -1.4084738744919827e-02
  -6.5118516345836035e-03  -3.5535527662908430e-03  -6.8791197735586056e-04   2.0707779509977209e-03   4.7154021169700799e-03   7.2452681939095525e-03   9.6649008669452835e-03   1.1982652055184038e-02   1.4209396392697055e-02   1.6357522410389052e-02   1.8440334122061974e-02   2.0471873831474287e-02   2.2467085874751058e-02   2.4442170513875455e-02   2.6414924515110714e-02   2.8404833054053127e-02   3.0432674996878229e-02   3.2519453218901630e-02   3.4684580094971475e-02   3.6943439350182100e-02   3.9304662629563510e-02   4.1767634461036526e-02   4.4320790785866725e-02   4.6941191312840753e-02   4.9595647021298553e-02   5.2243429378543635e-02   5.4840247916995169e-02   5.7342762798832866e-02   5.9712548922095009e-02   6.1918520255813021e-02   6.3937481053914225e-02   6.5753260490729173e-02   6.7355235085529000e-02   6.8736886633116334e-02   6.9894704507460617e-02   7.0827470827228206e-02   7.1535836528684449e-02   7.2022057882906859e-02   7.2289776701015537e-02   7.2343758482925943e-02   7.2189541335112628e-02   7.1832983665940722e-02   7.1279729141478038e-02   7.0534632137305972e-02   6.9601213153056146e-02   6.8481252079574936e-02   6.7174690138857795e-02   6.5680097001186100e-02   6.3996002071761815e-02   6.2123227326473213e-02   6.0067808314030621e-02   5.7843364256112820e-02   5.5471658906120241e-02   5.2981092856597356e-02   5.0404050446267529e-02   4.7774279458675781e-02   4.5124931356615716e-02   4.2487327236988948e-02   3.9890273483897995e-02   3.7359730559431648e-02   3.4918693378613301e-02   3.2587194347644781e-02   3.0382380426250792e-02   2.8318638490260714e-02   2.6407760929835159e-02   2.4659155309023809e-02   2.3080111898660320e-02   2.1676143735190959e-02   2.0451383553072223e-02   1.9408911852148936e-02   1.8550680190208467e-02   1.7876538846630253e-02   1.7382188605500025e-02   1.7056696791132805e-02   1.6880676475450024e-02   1.6825738633852873e-02   1.6855072709353127e-02   1.6924703742989003e-02   1.6985069830036375e-02   1.6982752827902355e-02   1.6862328918222567e-02   1.6568373631313499e-02   1.6047676829246325e-02   1.5251715448688072e-02   1.4139388047145710e-02   1.2679933612718727e-02   1.0855823048519061e-02   8.6652497103512222e-03   6.1237031046008188e-03   3.2640964396945422e-03   1.3511613165194392e-04  -3.2021430889065741e-03  -6.6787623104451552e-03  -1.0223057573247643e-02  -1.3765372836265423e-02  -1.7242056862466250e-02  -2.0598281992516596e-02  -2.3789558422524244e-02  -2.6781967811163848e-02  -2.9551332586265612e-02  -3.2081676168104506e-02  -3.4363381179600777e-02  -3.6391383896080168e-02  -3.8163620300769238e-02  -3.9679810686684691e-02  -4.0940584598619947e-02  -4.1946900727612021e-02  -4.2699704229599331e-02  -4.3199765329919967e-02  -4.3447653755511108e-02  -4.3443811881554772e-02  -4.3188698003876508e-02  -4.2682974617360758e-02  -4.1927720196603659e-02  -4.0924645209518905e-02  -3.9676302040350997e-02  -3.8186297745308871e-02  -3.6459558468611056e-02  -3.4502749399418532e-02  -3.2324990816155121e-02  -2.9938941085502987e-02  -2.7362073208471328e-02  -2.4617661704447596e-02  -2.1734928905672708e-02  -1.8748131173928519e-02  -1.5694784098719126e-02  -1.2613419219869103e-02  -9.5412268497766656e-03
  -2.1349215469580567e-03   8.6500838462994986e-04   3.7507213333853283e-03   6.5071476558568476e-03   9.1277825301594277e-03   1.1613692006169615e-02   1.3971896155079645e-02   1.6213505797566325e-02   1.8351997774072305e-02   2.0401924431138894e-02   2.2378206916041185e-02   2.4296018176820502e-02   2.6171143112390487e-02   2.8020620556119633e-02   2.9863406408387194e-02   3.1720750634951861e-02   3.3615956781602084e-02   3.5573239543364846e-02   3.7615548696474238e-02   3.9761512759438469e-02   4.2021999302736063e-02   4.4397063747314294e-02   4.6874107237445124e-02   4.9427852819424981e-02   5.2022340861867397e-02   5.4614662505389738e-02   5.7159669287658990e-02   5.9614548103473455e-02   6.1942167859102219e-02   6.4112621477046300e-02   6.6103135229585996e-02   6.7897007523049335e-02   6.9482283395058783e-02   7.0850618945152405e-02   7.1996508569918530e-02   7.2916853744520893e-02   7.3610761934995661e-02   7.4079440297688023e-02   7.4326066002908767e-02   7.4355550964313594e-02   7.4174163257444720e-02   7.3789010129046637e-02   7.3207422428194668e-02   7.2436305290668926e-02   7.1481536155348843e-02   7.0347509730426958e-02   6.9036957678167629e-02   6.7551214201999124e-02   6.5891125979783499e-02   6.4058738033724985e-02   6.2059596561945735e-02   5.9905004595676624e-02   5.7613219730490439e-02   5.5208937509783090e-02   5.2721352071876559e-02   5.0181729577402773e-02   4.7621308223529779e-02   4.5069838519015699e-02   4.2554721793390607e-02   4.0100579019810643e-02   3.7729098674231618e-02   3.5459057675220181e-02   3.3306453491545943e-02   3.1284714106334877e-02   2.9404973806575790e-02   2.7676414987240553e-02   2.6106683962989170e-02   2.4702378791383053e-02   2.3469563298305605e-02   2.2414143435028226e-02   2.1541732293925680e-02   2.0856463794669235e-02   2.0358491961657659e-02   2.0040796906600555e-02   1.9886632613134753e-02   1.9868561622960742e-02   1.9949016722033350e-02   2.0081781513440852e-02   2.0213855579782093e-02   2.0287446106986802e-02   2.0242038465121154e-02   2.0016605448377658e-02   1.9552055677485691e-02   1.8794016461812453e-02   1.7696000813741480e-02   1.6222895394038719e-02   1.4354519054011194e-02   1.2088740547416491e-02   9.4434271905877026e-03   6.4564758039438522e-03   3.1835406431592016e-03  -3.0629798216296605e-04  -3.9360859329421877e-03  -7.6267582407487013e-03  -1.1302321012203532e-02  -1.4894026433476207e-02  -1.8343342315912795e-02  -2.1603601208424299e-02  -2.4640282141938447e-02  -2.7430046210898000e-02  -2.9958879193406812e-02  -3.2219828953569743e-02  -3.4210795649462708e-02  -3.5932664778014427e-02  -3.7387896293863500e-02  -3.8579550150659322e-02  -3.9510674295467917e-02  -4.0183964997052346e-02  -4.0601624903188374e-02  -4.0765357684078310e-02  -4.0676458103399496e-02  -4.0335964701434676e-02  -3.9744854425069080e-02  -3.8904261140151414e-02  -3.7815709924647237e-02  -3.6481365376945837e-02  -3.4904313534508263e-02  -3.3088922058649745e-02  -3.1041363041826149e-02  -2.8770399301413271e-02  -2.6288494538250176e-02  -2.3613133787870083e-02  -2.0767983275827736e-02  -1.7783349545714019e-02  -1.4695547479137101e-02  -1.1545174374017704e-02  -8.3746312350911692e-03  -5.2253236769293498e-03
   1.9793517321067128e-03   5.0316579268381637e-03   7.9506523611147899e-03   1.0719864641279244e-02   1.3333039883669191e-02   1.5792915541503569e-02   1.8109101804636162e-02   2.0295602225054627e-02   2.2368535620391636e-02   2.4344477064696939e-02   2.6239614626015928e-02   2.8069709586871220e-02   2.9850701159891954e-02   3.1599704517479274e-02   3.3336081399848810e-02   3.5082190930577732e-02   3.6863372066512530e-02   3.8706731437860305e-02   4.0638513357428241e-02   4.2680256744057274e-02   4.4844502010957382e-02   4.7131215903149976e-02   4.9526083905529386e-02   5.2001307727935819e-02   5.4518784565978508e-02   5.7034829380355333e-02   5.9505195059229903e-02   6.1889162118123120e-02   6.4151948735874542e-02   6.6265382641804593e-02   6.8207338583791063e-02   6.9960627015268159e-02   7.1511888085920100e-02   7.2850790243929334e-02   7.3969609147336246e-02   7.4863118528036315e-02   7.5528656788136805e-02   7.5966218489272597e-02   7.6178441648492287e-02   7.6170406214383549e-02   7.5949214843116092e-02   7.5523381454973837e-02   7.4902095880117009e-02   7.4094456893519581e-02   7.3108774773567184e-02   7.1952042685480347e-02   7.0629678249135283e-02   6.9145645197183553e-02   6.7503075694264711e-02   6.5705480787508569e-02   6.3758497414235088e-02   6.1671822268095415e-02   5.9460657363986272e-02   5.7145968631862845e-02   5.4753376462262533e-02   5.2311178747992099e-02   4.9848283339168464e-02   4.7392572880924251e-02   4.4969844808839657e-02   4.2603243802823917e-02   4.0313044727008529e-02   3.8116667860996586e-02   3.6028847737994307e-02   3.4061911514553067e-02   3.2226146672040511e-02   3.0530254467050051e-02   2.8981892093320801e-02   2.7588296223377749e-02   2.6356932163981640e-02   2.5295986726103128e-02   2.4414304213219353e-02   2.3720155474995456e-02   2.3218412484825743e-02   2.2906621197451314e-02   2.2771509814331015e-02   2.2787344011394161e-02   2.2916318640914028e-02   2.3110247633379113e-02   2.3312769693544559e-02   2.3461657402992497e-02   2.3491145963962682e-02   2.3334369374427816e-02   2.2926063875354119e-02   2.2205701945321517e-02   2.1121171190949615e-02   1.9632959012760996e-02   1.7718524572414844e-02   1.5376132641231541e-02   1.2627085912655118e-02   9.5153422234375076e-03   6.1041758176434840e-03   2.4705666888099644e-03  -1.3013273046445471e-03  -5.1263403939122848e-03  -8.9234478450531795e-03  -1.2619768551489803e-02  -1.6153502907494743e-02  -1.9475761658982252e-02  -2.2551113806821618e-02  -2.5356740823043379e-02  -2.7880416639577243e-02  -3.0117848634450807e-02  -3.2070004749238434e-02  -3.3740860889748953e-02  -3.5135741575726465e-02  -3.6260223477087718e-02  -3.7119487346195634e-02  -3.7717988617273185e-02  -3.8059343198701454e-02  -3.8146351462384806e-02  -3.7981111338379378e-02  -3.7565186725360855e-02  -3.6899812294636923e-02  -3.5986122313105849e-02  -3.4825401959391059e-02  -3.3419367989375739e-02  -3.1770503281960072e-02  -2.9882488593230200e-02  -2.7760800033212036e-02  -2.5413548334854250e-02  -2.2852603955712807e-02  -2.0094934760789128e-02  -1.7163886868456012e-02  -1.4089945600108195e-02  -1.0910505199294790e-02  -7.6684326209447776e-03  -4.4095712781716395e-03  -1.1795898179351033e-03
   5.7836131997490645e-03   8.8984658249508485e-03   1.1864961940372079e-02   1.4664300693713016e-02   1.7289783966870347e-02   1.9745466202965512e-02   2.2043474169594190e-02   2.4200752320205837e-02   2.6236061440362130e-02   2.8167838508233518e-02   3.0013174800313885e-02   3.1787862729291058e-02   3.3507281458799165e-02   3.5187801720491449e-02   3.6848328504679062e-02   3.8511500444588204e-02   4.0203951995879880e-02   4.1955019677410249e-02   4.3793542674978397e-02   4.5743074135474071e-02   4.7816706008202578e-02   5.0013242867432542e-02   5.2316152509560808e-02   5.4695650670235761e-02   5.7113107724274914e-02   5.9526305086367859e-02   6.1894088924433946e-02   6.4179491188564475e-02   6.6351086825318054e-02   6.8382939353906963e-02   7.0253754200983509e-02   7.1945838601133932e-02   7.3444273374980107e-02   7.4736482285267108e-02   7.5812203078874596e-02   7.6663751327316093e-02   7.7286408656151384e-02   7.7678757939433851e-02   7.7842815183575734e-02   7.7783865193800136e-02   7.7509980589792860e-02   7.7031275280499911e-02   7.6358998028306396e-02   7.5504597421210989e-02   7.4478887248511164e-02   7.3291419637275979e-02   7.1950149586779866e-02   7.0461457011087719e-02   6.8830584942252804e-02   6.7062532703564728e-02   6.5163377738220576e-02   6.3141842946444662e-02   6.1010707531199228e-02   5.8787516366617741e-02   5.6494205706738784e-02   5.4155741734836657e-02   5.1798297957136849e-02   4.9447561221178812e-02   4.7127493522293687e-02   4.4859603191556685e-02   4.2662630138680865e-02   4.0552528913588869e-02   3.8542654348848959e-02   3.6644091462658852e-02   3.4866097392763994e-02   3.3216644560784700e-02   3.1703063137059617e-02   3.0332774169499144e-02   2.9114058241544141e-02   2.8056689021706712e-02   2.7172034440317152e-02   2.6471966451195480e-02   2.5965957143062487e-02   2.5656570044194894e-02   2.5534896981915040e-02   2.5577888887493298e-02   2.5748287728113665e-02   2.5996427801198367e-02   2.6262817197902574e-02   2.6480839935764278e-02   2.6579405467559238e-02   2.6485658863027242e-02   2.6127983565551918e-02   2.5439559720248819e-02   2.4362675420417583e-02   2.2853783415433988e-02   2.0888846504587045e-02   1.8467895763475104e-02   1.5617244834681882e-02   1.2388113634852833e-02   8.8516650263218595e-03   5.0919214686953214e-03   1.1985149164612935e-03  -2.7394061340953527e-03  -6.6377954607700074e-03  -1.0421157208116793e-02  -1.4025210696242942e-02  -1.7398870598759365e-02  -2.0505261778059863e-02  -2.3321353043134891e-02  -2.5836094005084190e-02  -2.8047504827628682e-02  -2.9959507915313915e-02  -3.1579190359281056e-02  -3.2914805997618056e-02  -3.3974508353721421e-02  -3.4765647137142107e-02  -3.5294449315243011e-02  -3.5565937797094008e-02  -3.5583993304126815e-02  -3.5351496577191166e-02  -3.4870518854895810e-02  -3.4142539901642024e-02  -3.3168689564421913e-02  -3.1950013480157372e-02  -3.0487779115035741e-02  -2.8783846324058966e-02  -2.6841147260989951e-02  -2.4664329482442605e-02  -2.2260624138792602e-02  -1.9640968165183011e-02  -1.6821334001106081e-02  -1.3824068822710398e-02  -1.0678887062456007e-02  -7.4230623152992808e-03  -4.1004622749182471e-03  -7.5933336866172707e-04   2.5509337681532199e-03
   9.2312501006054926e-03   1.2416531347703062e-02   1.5444604906638716e-02   1.8293147448472897e-02   2.0953868659233946e-02   2.3431326199231349e-02   2.5739740856632342e-02   2.7898827208803358e-02   2.9929870038064049e-02   3.1852957512299641e-02   3.3685718940056890e-02   3.5443452126321467e-02   3.7140297964510391e-02   3.8791061988971004e-02   4.0413244164489950e-02   4.2028717217684530e-02   4.3664290781761109e-02   4.5350306999785414e-02   4.7116777492968880e-02   4.8987626202876701e-02   5.0974904679085171e-02   5.3075337089360006e-02   5.5270549779912033e-02   5.7530571794389182e-02   5.9818954793337695e-02   6.2097740158211595e-02   6.4331104832267158e-02   6.6487293019248439e-02   6.8539036762733332e-02   7.0462991425640817e-02   7.2238774871340464e-02   7.3848089639562631e-02   7.5274220156358138e-02   7.6502009794579579e-02   7.7518271131459954e-02   7.8312478228020108e-02   7.8877534406684532e-02   7.9210399288401429e-02   7.9312393533062214e-02   7.9189072067188351e-02   7.8849652206629345e-02   7.8306080538433590e-02   7.7571893596460412e-02   7.6661056858538162e-02   7.5586949885594959e-02   7.4361620654511101e-02   7.2995378092486976e-02   7.1496752783180878e-02   6.9872831825169901e-02   6.8129961471860137e-02   6.6274779739730547e-02   6.4315472718697558e-02   6.2263019383291110e-02   6.0132066355748442e-02   5.7941061354636135e-02   5.5711501822928111e-02   5.3466522684958273e-02   5.1229304406205795e-02   4.9021729880383981e-02   4.6863494994767371e-02   4.4771672190940554e-02   4.2760633788797242e-02   4.0842234300029687e-02   3.9026175177763210e-02   3.7320505214334512e-02   3.5732233721469484e-02   3.4268046878222463e-02   3.2935116619624422e-02   3.1741954981901445e-02   3.0699165331335931e-02   2.9819733518196462e-02   2.9118213551503624e-02   2.8608036241469403e-02   2.8296760908722920e-02   2.8180543178802898e-02   2.8240140140748663e-02   2.8439935230669747e-02   2.8729582162879849e-02   2.9046926776159502e-02   2.9321178844924519e-02   2.9475978400079657e-02   2.9432464144074508e-02   2.9112665947928478e-02   2.8443611183725605e-02   2.7362454511271592e-02   2.5822617068661593e-02   2.3800214744988203e-02   2.1299110936301296e-02   1.8352464930082080e-02   1.5019567887459465e-02   1.1378862768117837e-02   7.5196058880326981e-03   3.5344645537095237e-03  -4.8597442781303860e-04  -4.4569545082497365e-03  -8.3022207788110512e-03  -1.1956208998995951e-02  -1.5366007795978725e-02  -1.8492853367935182e-02  -2.1312532166532908e-02  -2.3814122260295677e-02  -2.5997166743131652e-02  -2.7868104413428747e-02  -2.9436960852759136e-02  -3.0714887498005876e-02  -3.1712631604448760e-02  -3.2439735101682042e-02  -3.2904211184967100e-02  -3.3112498035456864e-02  -3.3069562249658097e-02  -3.2779077094951439e-02  -3.2243638287477276e-02  -3.1464999751657896e-02  -3.0444327445052752e-02  -2.9182478187093887e-02  -2.7680321975507773e-02  -2.5939135526272798e-02  -2.3961107328692458e-02  -2.1750001584814459e-02  -1.9312028320760202e-02  -1.6656942046594320e-02  -1.3799333061958709e-02  -1.0759972228964836e-02  -7.5669391889245652e-03  -4.2561551501275607e-03  -8.7093383568458138e-04   2.5397039072294486e-03   5.9239705506613297e-03
   1.2284870802659002e-02   1.5543688602557337e-02   1.8645017467928932e-02   2.1561892785944548e-02   2.4282892398194294e-02   2.6811648471475314e-02   2.9163463184988015e-02   3.1360214282969076e-02   3.3425325868734646e-02   3.5380202516929658e-02   3.7242637307986021e-02   3.9026980243356504e-02   4.0745562446633167e-02   4.2410871013281295e-02   4.4037993744636815e-02   4.5646718311302348e-02   4.7262365204447480e-02   4.8914257838308717e-02   5.0631266859258173e-02   5.2435424105477885e-02   5.4336257167426155e-02   5.6328488140947229e-02   5.8393766201882885e-02   6.0504998668132075e-02   6.2631204621560660e-02   6.4741407683827523e-02   6.6806971816893782e-02   6.8802428464316542e-02   7.0705195936156345e-02   7.2494714872958610e-02   7.4151499535853982e-02   7.5656482593141491e-02   7.6990871593645205e-02   7.8136568613324048e-02   7.9077064051418039e-02   7.9798610808804432e-02   8.0291425832163255e-02   8.0550655141887639e-02   8.0576878661730023e-02   8.0376020317629610e-02   7.9958653114158854e-02   7.9338820054183717e-02   7.8532590856186579e-02   7.7556610787712754e-02   7.6426864159161861e-02   7.5157795863115023e-02   7.3761846535288639e-02   7.2249391271756294e-02   7.0629038795408688e-02   6.8908239235613247e-02   6.7094143336794476e-02   6.5194630863671998e-02   6.3219368684076752e-02   6.1180677189128507e-02   5.9093929912824840e-02   5.6977274751223779e-02   5.4850683820127762e-02   5.2734605377428342e-02   5.0648627202018473e-02   4.8610463111408160e-02   4.6635384675346947e-02   4.4736062620165745e-02   4.2922726499832767e-02   4.1203550176360557e-02   3.9585198760752144e-02   3.8073496243655684e-02   3.6674194147490485e-02   3.5393823506511018e-02   3.4240590052866893e-02   3.3225191847867042e-02   3.2361264118506941e-02   3.1664872673992886e-02   3.1152248966527647e-02   3.0835242844603795e-02   3.0715229743062591e-02   3.0777749041866764e-02   3.0990141013682602e-02   3.1302549286774589e-02   3.1650975315792897e-02   3.1960944727915233e-02   3.2151111505267359e-02   3.2136825689859122e-02   3.1834077172976677e-02   3.1164353568465746e-02   3.0060834965252744e-02   2.8475795442100094e-02   2.6387981684934093e-02   2.3807502246923858e-02   2.0775723512237797e-02   1.7359691091579598e-02   1.3643316562952031e-02   9.7185199982072826e-03   5.6783457022925483e-03   1.6124093427774787e-03  -2.3959268063110939e-03  -6.2714589095792285e-03  -9.9487850402386266e-03  -1.3374035967396218e-02  -1.6506617755300219e-02  -1.9320369858066046e-02  -2.1803264205151548e-02  -2.3955167536700996e-02  -2.5784191320835696e-02  -2.7302838949525086e-02  -2.8524960309704080e-02  -2.9463830538091988e-02  -3.0131172697815407e-02  -3.0536793634592503e-02  -3.0688562051607776e-02  -3.0592552923858533e-02  -3.0253265249921866e-02  -2.9673866109987346e-02  -2.8856446212767277e-02  -2.7802285477575711e-02  -2.6512141759099498e-02  -2.4986581651676259e-02  -2.3226384252380161e-02  -2.1233053205263731e-02  -1.9009479895202297e-02  -1.6560792992068772e-02  -1.3895412688427443e-02  -1.1026279450326054e-02  -7.9721556288436905e-03  -4.7587979035022127e-03  -1.4197104121887669e-03   2.0038681919055876e-03   5.4640541180548188e-03   8.9086739371432022e-03
   1.4927411932377725e-02   1.8255817759999102e-02   2.1436718271419426e-02   2.4438139173520935e-02   2.7244058994768630e-02   2.9855247602275096e-02   3.2286322130895807e-02   3.4560021337329001e-02   3.6701031935650330e-02   3.8731476190377735e-02   4.0668874486186210e-02   4.2526265515354780e-02   4.4313762137169824e-02   4.6040909964802944e-02   4.7719346000562525e-02   4.9365137039194928e-02   5.0999795283807894e-02   5.2648732751713154e-02   5.4336670437562087e-02   5.6081510272919743e-02   5.7889778900872844e-02   5.9755855496176048e-02   6.1664600638971848e-02   6.3595387552730309e-02   6.5525757448649358e-02   6.7433850805742712e-02   6.9299488755111327e-02   7.1104144686707504e-02   7.2830203394057727e-02   7.4459953194527889e-02   7.5974725265359755e-02   7.7354498360651364e-02   7.8578141566731319e-02   7.9624309323501535e-02   8.0472856089902262e-02   8.1106530224491657e-02   8.1512644419473507e-02   8.1684410064736174e-02   8.1621664845716327e-02   8.1330823651642278e-02   8.0824034560139993e-02   8.0117697097428137e-02   7.9230641423075787e-02   7.8182319962177782e-02   7.6991309634555263e-02   7.5674296564940791e-02   7.4245579660334127e-02   7.2717033680710169e-02   7.1098433389148077e-02   6.9398040995146071e-02   6.7623375967637317e-02   6.5782092917713308e-02   6.3882877417196615e-02   6.1936227114829552e-02   5.9954943099678588e-02   5.7954145787692785e-02   5.5950722709518841e-02   5.3962300179991408e-02   5.2006025578485611e-02   5.0097497692361999e-02   4.8250074995589573e-02   4.6474618804855969e-02   4.4779611684014620e-02   4.3171553582043297e-02   4.1655547833672806e-02   4.0236016538757455e-02   3.8917506567889004e-02   3.7705559790207246e-02   3.6607608553206189e-02   3.5633799183432208e-02   3.4797510772121808e-02   3.4115097677377963e-02   3.3604115508151802e-02   3.3279324335773748e-02   3.3146629968950889e-02   3.3196743466888085e-02   3.3401194525213368e-02   3.3712088425522362e-02   3.4064835918966939e-02   3.4382193518548793e-02   3.4578506306585446e-02   3.4563979169223408e-02   3.4249421440468254e-02   3.3552144654109432e-02   3.2403457014364742e-02   3.0757290110884274e-02   2.8597916060129853e-02   2.5943569954674433e-02   2.2843813098024478e-02   1.9371624154790747e-02   1.5613633571959849e-02   1.1661646354476050e-02   7.6067289118809285e-03   3.5356268001927212e-03  -4.7128814362941418e-04  -4.3413267076883935e-03  -8.0106395229546518e-03  -1.1425593588422323e-02  -1.4544449198561439e-02  -1.7338968608883648e-02  -1.9795076031177687e-02  -2.1911631339460801e-02  -2.3697216493014820e-02  -2.5166004826353599e-02  -2.6334104278761730e-02  -2.7217113172303124e-02  -2.7828851863159837e-02  -2.8180896258595274e-02  -2.8282551304107034e-02  -2.8141028051269494e-02  -2.7761697505253202e-02  -2.7148364168451528e-02  -2.6303540181746885e-02  -2.5228722015833451e-02  -2.3924683603651714e-02  -2.2391808783889872e-02  -2.0630492444188277e-02  -1.8641645137880740e-02  -1.6427336837155221e-02  -1.3991609847825055e-02  -1.1341471999215390e-02  -8.4880458624676455e-03  -5.4477945204174094e-03  -2.2436741070735525e-03   1.0940117486148010e-03   4.5273306587175141e-03   8.0113013050948853e-03   1.1495580567458356e-02
   1.7171413891811042e-02   2.0558012733687042e-02   2.3817342905737095e-02   2.6913332172773405e-02   2.9824744065237208e-02   3.2547623572004789e-02   3.5093554578056650e-02   3.7484010370552628e-02   3.9743349607866484e-02   4.1893369564222058e-02   4.3950721039818022e-02   4.5926828197396199e-02   4.7829357302835898e-02   4.9664464320722204e-02   5.1439320734878224e-02   5.3164385840044737e-02   5.4854514248243759e-02   5.6527773630516240e-02   5.8201702856908205e-02   5.9888711299615587e-02   6.1593329232386612e-02   6.3312503246107987e-02   6.5037898639598732e-02   6.6758533898390468e-02   6.8462733159589298e-02   7.0139106078538807e-02   7.1776621103058769e-02   7.3363983481873368e-02   7.4888616538650837e-02   7.6335607163491734e-02   7.7686981548651474e-02   7.8921602351533435e-02   8.0015834053855886e-02   8.0944946513590257e-02   8.1685069855918974e-02   8.2215406562598708e-02   8.2520357861698826e-02   8.2591219083936296e-02   8.2427138204187386e-02   8.2035124789254815e-02   8.1429060059069774e-02   8.0627881433144352e-02   7.9653321459854848e-02   7.8527677811418492e-02   7.7272017327814024e-02   7.5905028926210788e-02   7.4442532559071947e-02   7.2897520483063805e-02   7.1280562427419342e-02   6.9600430018075365e-02   6.7864835241658247e-02   6.6081212902073000e-02   6.4257485093291572e-02   6.2402735008959265e-02   6.0527684817213039e-02   5.8644854040498073e-02   5.6768289163447179e-02   5.4912850526198022e-02   5.3093195398878044e-02   5.1322734980888018e-02   4.9612847200660580e-02   4.7972508595078470e-02   4.6408351519988206e-02   4.4925059457342695e-02   4.3525992077685788e-02   4.2213949374163395e-02   4.0992013039019941e-02   3.9864421572170877e-02   3.8837435505110637e-02   3.7920113592537816e-02   3.7124821653759389e-02   3.6467109724049110e-02   3.5964350781872940e-02   3.5632431494960634e-02   3.5480254697255964e-02   3.5503119676400560e-02   3.5677385668452744e-02   3.5958578733940968e-02   3.6283171030306677e-02   3.6572628900914131e-02   3.6738290531930437e-02   3.6686560051119699e-02   3.6324775110469956e-02   3.5568435265822422e-02   3.4350047842976551e-02   3.2628469850875905e-02   3.0395856387954813e-02   2.7678941218520294e-02   2.4533762352509848e-02   2.1036340368391908e-02   1.7273068368891566e-02   1.3333224422720391e-02   9.3041176652846821e-03   5.2683070857978166e-03   1.3020946165674258e-03  -2.5253809090608724e-03  -6.1529379930166245e-03  -9.5283727168119087e-03  -1.2609872896078532e-02  -1.5367690710487734e-02  -1.7785435752791554e-02  -1.9859935886433228e-02  -2.1598946053513354e-02  -2.3017214410941275e-02  -2.4132390896288027e-02  -2.4961999496183454e-02  -2.5521760532152278e-02  -2.5824931625248685e-02  -2.5882228553006446e-02  -2.5702012258930262e-02  -2.5290570148695887e-02  -2.4652414520165047e-02  -2.3790572659797109e-02  -2.2706870205580220e-02  -2.1402223114209862e-02  -1.9876962615831918e-02  -1.8131222563603541e-02  -1.6165422500474182e-02  -1.3980877968851915e-02  -1.1580563352106488e-02  -8.9700342086635708e-03  -6.1584884688563463e-03  -3.1599008099197703e-03   5.8858184410273684e-06   3.3122828978107005e-03   6.7255066377407274e-03   1.0204794970762085e-02   1.3703521580132716e-02
   1.9062138488426354e-02   2.2490343998205375e-02   2.5819879357733239e-02   2.9012571307473707e-02   3.2042650730423769e-02   3.4900426546090865e-02   3.7592147592920094e-02   4.0135320063090646e-02   4.2551648971802324e-02   4.4861010116575936e-02   4.7078329962940792e-02   4.9213111608271132e-02   5.1270501720199702e-02   5.3253022940608033e-02   5.5162519167550592e-02   5.7001986612282944e-02   5.8776751833820681e-02   6.0494316742964585e-02   6.2162780133783749e-02   6.3788924398706842e-02   6.5377310492407234e-02   6.6930581575842613e-02   6.8450217710729538e-02   6.9937089298640800e-02   7.1391606417355244e-02   7.2813453104670467e-02   7.4200923525828522e-02   7.5549913363954210e-02   7.6852744398385520e-02   7.8097122994991650e-02   7.9265598435272672e-02   8.0335809335462333e-02   8.1281635391665011e-02   8.2075146986996195e-02   8.2689084930483395e-02   8.3099514429251203e-02   8.3288301973433843e-02   8.3245084496057942e-02   8.2968433923198970e-02   8.2465964884008133e-02   8.1753265210343373e-02   8.0851781339497608e-02   7.9786095447435118e-02   7.8581220847209240e-02   7.7260472439814487e-02   7.5844195924285651e-02   7.4349326489419748e-02   7.2789563856638304e-02   7.1175908978468261e-02   6.9517365186536548e-02   6.7821679260654175e-02   6.6096059569193177e-02   6.4347832352046413e-02   6.2585002356919495e-02   6.0816665216132368e-02   5.9053201437069443e-02   5.7306167890224080e-02   5.5587837059080950e-02   5.3910416329590649e-02   5.2285113350822157e-02   5.0721307945968790e-02   4.9226067074596487e-02   4.7804111218267546e-02   4.6458187159451186e-02   4.5189731305949325e-02   4.3999693236646778e-02   4.2889424230030934e-02   4.1861558859917443e-02   4.0920838394248801e-02   4.0074801982026231e-02   3.9334213418890554e-02   3.8712954458664725e-02   3.8226927411066973e-02   3.7891364060392604e-02   3.7716143765974951e-02   3.7699586480307218e-02   3.7822489093744957e-02   3.8044715673928919e-02   3.8305551377906880e-02   3.8527218809185824e-02   3.8620177424280103e-02   3.8489362903048704e-02   3.8041433660385995e-02   3.7193443043137327e-02   3.5882668666610856e-02   3.4075684235514020e-02   3.1773399431212532e-02   2.9009670475055822e-02   2.5844196577049398e-02   2.2353002026263977e-02   1.8619744602504248e-02   1.4729392657666162e-02   1.0764282931840723e-02   6.8019235660308486e-03   2.9138414249645431e-03  -8.3507227212840929e-04  -4.3871122448954081e-03  -7.6924875289779357e-03  -1.0710418698699362e-02  -1.3410619299585307e-02  -1.5774810298525233e-02  -1.7797393425589135e-02  -1.9484264094238098e-02  -2.0849573116221026e-02  -2.1911583856760088e-02  -2.2689147909584182e-02  -2.3199544171754568e-02  -2.3457532525620179e-02  -2.3475158330400529e-02  -2.3261913530791219e-02  -2.2825027384288328e-02  -2.2169779652870536e-02  -2.1299800261040447e-02  -2.0217352636491059e-02  -1.8923616926761685e-02  -1.7418997238301110e-02  -1.5703483563441659e-02  -1.3777099775998974e-02  -1.1640468233941464e-02  -9.2955122344415830e-03  -6.7463028362029082e-03  -4.0000294845434006e-03  -1.0680413422088433e-03   2.0331355492012454e-03   5.2809401982081977e-03   8.6462456418153616e-03   1.2093339833391788e-02   1.5580612448724364e-02
   2.0674169192985949e-02   2.4125990415858056e-02   2.7513218991172515e-02   3.0797823079070197e-02   3.3951086119163032e-02   3.6957712002159325e-02   3.9817046465947324e-02   4.2539986180787914e-02   4.5142887264701961e-02   4.7641699707943852e-02   5.0048529730095562e-02   5.2370602930682034e-02   5.4610575490617749e-02   5.6767324154215593e-02   5.8836870246251394e-02   6.0813433945057248e-02   6.2690728322426809e-02   6.4463534625183866e-02   6.6129429477735854e-02   6.7690236680723145e-02   6.9152566810544006e-02   7.0527105369333903e-02   7.1827001284954978e-02   7.3066049572791197e-02   7.4257128031651354e-02   7.5410923074587549e-02   7.6534748343709089e-02   7.7631293343118496e-02   7.8697364153953467e-02   7.9722911456164613e-02   8.0690753501664186e-02   8.1577288232530576e-02   8.2354235976597134e-02   8.2991166748158471e-02   8.3458420214680556e-02   8.3730013395954012e-02   8.3786231558859753e-02   8.3615671777316131e-02   8.3216528046432370e-02   8.2596856319444911e-02   8.1773584415393369e-02   8.0770251644810526e-02   7.9613890387474087e-02   7.8331827706569768e-02   7.6949188246894742e-02   7.5487502033044024e-02   7.3964352744840506e-02   7.2393734620018552e-02   7.0786755904777607e-02   6.9152435708314308e-02   6.7498458785327412e-02   6.5831838508984955e-02   6.4159473798456448e-02   6.2488596883379266e-02   6.0827094111730637e-02   5.9183669859356858e-02   5.7567803881366481e-02   5.5989456642850641e-02   5.4458504873421257e-02   5.2983976402388180e-02   5.1573258109805606e-02   5.0231522711419625e-02   4.8961570713381232e-02   4.7764138961573506e-02   4.6638583048849241e-02   4.5583772952795198e-02   4.4599052079933810e-02   4.3685148144331026e-02   4.2844959002892383e-02   4.2084144837564903e-02   4.1411425436478209e-02   4.0838394334001091e-02   4.0378527530293487e-02   4.0044939810587959e-02   3.9846505145635536e-02   3.9782465697559014e-02   3.9836636760108138e-02   3.9973154589905024e-02   4.0135457345421080e-02   4.0248855544484659e-02   4.0225857317383221e-02   3.9973316233771497e-02   3.9401013385217939e-02   3.8431476745551856e-02   3.7009990528126660e-02   3.5112346227420335e-02   3.2747478662725482e-02   2.9953984885321305e-02   2.6792362137799092e-02   2.3336170730343511e-02   1.9664547350849937e-02   1.5856948014722674e-02   1.1989923157864114e-02   8.1353347187000657e-03   4.3594383054011213e-03   7.2238616603629430e-04  -2.7221635434638500e-03  -5.9275638811257386e-03  -8.8549952635856299e-03  -1.1474663721340511e-02  -1.3767235550120598e-02  -1.5724927443551993e-02  -1.7351267973176397e-02  -1.8658840948831586e-02  -1.9665534735102071e-02  -2.0390781040288936e-02  -2.0852936004603573e-02  -2.1067979073678696e-02  -2.1049131503191470e-02  -2.0806947396623757e-02  -2.0349587859179417e-02  -1.9683134295784110e-02  -1.8811886807571062e-02  -1.7738638507795217e-02  -1.6464939812454778e-02  -1.4991376872913759e-02  -1.3317895158249202e-02  -1.1444199670729634e-02  -9.3702622060707133e-03  -7.0969560399591902e-03  -4.6268248479751639e-03  -1.9649677862942846e-03   8.8000479098418460e-04   3.8950263212762584e-03   7.0617473820319548e-03   1.0355963823864049e-02   1.3747445711451638e-02   1.7200321218607116e-02
   2.2104708342896975e-02   2.5564340554057503e-02   2.8996014758694025e-02   3.2363543249842419e-02   3.5636880743351779e-02   3.8795913996482884e-02   4.1832442835218142e-02   4.4748818225523047e-02   4.7553666755738258e-02   5.0257068920047970e-02   5.2867188604946949e-02   5.5388600601613033e-02   5.7821561075112604e-02   6.0161537898555120e-02   6.2398827536613174e-02   6.4518641553142131e-02   6.6502542254975289e-02   6.8332095138172427e-02   6.9994384258497938e-02   7.1487007091097537e-02   7.2819735642079664e-02   7.4012271215615794e-02   7.5089921207046731e-02   7.6079343636606511e-02   7.7005391961407654e-02   7.7889014166261872e-02   7.8745703903403630e-02   7.9584097446306845e-02   8.0404693467530097e-02   8.1199046488878712e-02   8.1949916895583508e-02   8.2632638303745329e-02   8.3217573605326750e-02   8.3673190300583233e-02   8.3969225221960930e-02   8.4079532017501957e-02   8.3984441546226946e-02   8.3672584463285071e-02   8.3142135823434937e-02   8.2401267719173402e-02   8.1467458929364245e-02   8.0365382243578448e-02   7.9123604815550086e-02   7.7770963628016360e-02   7.6333686672843237e-02   7.4833870424533516e-02   7.3289236721679182e-02   7.1713694506420886e-02   7.0118216502297423e-02   6.8511722989921323e-02   6.6901835816200059e-02   6.5295477114741679e-02   6.3699324121345019e-02   6.2120142338858139e-02   6.0565003904354570e-02   5.9041387797575215e-02   5.7557137744960699e-02   5.6120252351759797e-02   5.4738479673380094e-02   5.3418733321032003e-02   5.2166410951490300e-02   5.0984804422165110e-02   4.9874818838569528e-02   4.8835165170302328e-02   4.7863009493960385e-02   4.6954932756007414e-02   4.6107987539221060e-02   4.5320677782224622e-02   4.4593738195228202e-02   4.3930634486286230e-02   4.3337707344575649e-02   4.2823843627914630e-02   4.2399468888810007e-02   4.2074567965098467e-02   4.1855451491887297e-02   4.1740272108723775e-02   4.1713943849299023e-02   4.1743878113695010e-02   4.1778189329428880e-02   4.1747348594172118e-02   4.1569186241179584e-02   4.1156498462555070e-02   4.0426450003067493e-02   3.9310776769644923e-02   3.7765047365706378e-02   3.5774504088819103e-02   3.3354588757675718e-02   3.0546335317605530e-02   2.7408856740731537e-02   2.4011586477614293e-02   2.0427982417866364e-02   1.6731182643929185e-02   1.2991356178683956e-02   9.2742455448765124e-03   5.6404261123014290e-03   2.1449215348730670e-03  -1.1630820114288606e-03  -4.2406076295988041e-03  -7.0514898108831325e-03  -9.5673017596486776e-03  -1.1768576427133394e-02  -1.3645989674080289e-02  -1.5200740807656488e-02  -1.6443270414453523e-02  -1.7390239616063695e-02  -1.8060874845343588e-02  -1.8474032369291994e-02  -1.8646532929098784e-02  -1.8592543713521429e-02  -1.8323552864058519e-02  -1.7848597613996365e-02  -1.7174557615237163e-02  -1.6306439430042972e-02  -1.5247629724176880e-02  -1.4000129659983242e-02  -1.2564791282497077e-02  -1.0941589825684047e-02  -9.1299625758953576e-03  -7.1292486260265270e-03  -4.9392497813097527e-03  -2.5609237954600447e-03   2.8075197914048666e-06   2.7461732420742888e-03   5.6596637704420319e-03   8.7292291749409071e-03   1.1935680650931903e-02   1.5254410433560107e-02   1.8655553809901984e-02
   2.3466614664434161e-02   2.6922781931035991e-02   3.0387618352487468e-02   3.3827553022332230e-02   3.7212151698662932e-02   4.0517185799977790e-02   4.3726875544025448e-02   4.6834106420076821e-02   4.9838380671082746e-02   5.2742641957752814e-02   5.5550322792433215e-02   5.8263071002945449e-02   6.0878881397457452e-02   6.3390285193459128e-02   6.5782641519955984e-02   6.8033267161462671e-02   7.0112945553640726e-02   7.1991399342886425e-02   7.3646217388399104e-02   7.5071159042853053e-02   7.6278977701380146e-02   7.7297784074714798e-02   7.8164103224770132e-02   7.8916238606106998e-02   7.9589612098118045e-02   8.0213939954390301e-02   8.0811406148153297e-02   8.1395173031919524e-02   8.1968184083563628e-02   8.2522717351014699e-02   8.3041233402586068e-02   8.3498612854984666e-02   8.3865354110924648e-02   8.4110998317170255e-02   8.4207197231825209e-02   8.4130129985248492e-02   8.3862299411586072e-02   8.3393859656458624e-02   8.2723613486348990e-02   8.1859579559181966e-02   8.0818737528068382e-02   7.9625409958067009e-02   7.8308165583070161e-02   7.6896012391226898e-02   7.5415211786261205e-02   7.3887628127512386e-02   7.2330578785318275e-02   7.0757574991166902e-02   6.9179329191267180e-02   6.7604679019860947e-02   6.6041300828577773e-02   6.4496219316666895e-02   6.2976148605783641e-02   6.1487709548415148e-02   6.0037542570960757e-02   5.8632330486611747e-02   5.7278721702610190e-02   5.5983146800607217e-02   5.4751506023885711e-02   5.3588731853733008e-02   5.2498250063963393e-02   5.1481453784929056e-02   5.0537360850362145e-02   4.9662670277728228e-02   4.8852311688586128e-02   4.8100417348356378e-02   4.7401484781366694e-02   4.6751471942303613e-02   4.6148624811914771e-02   4.5593919567105165e-02   4.5091058893567765e-02   4.4645961594705713e-02   4.4265652738933667e-02   4.3956400435025147e-02   4.3720950554059945e-02   4.3554864067454777e-02   4.3442378295521569e-02   4.3352764584122128e-02   4.3238540150293756e-02   4.3036666493377215e-02   4.2673132410355627e-02   4.2070455219629786e-02   4.1157041311945697e-02   3.9876807129058875e-02   3.8196974031670300e-02   3.6111957392389690e-02   3.3642404645239994e-02   3.0830257428360541e-02   2.7731950655821964e-02   2.4411826009782658e-02   2.0936936616250006e-02   1.7373517890392258e-02   1.3784856540178587e-02   1.0230137335856725e-02   6.7638695883582914e-03   3.4356008378649619e-03   2.8970651691608007e-04  -2.6348867480249158e-03  -5.3051566243301068e-03  -7.6946988716514730e-03  -9.7847152231556531e-03  -1.1565106741480514e-02  -1.3035159471482170e-02  -1.4203029749827144e-02  -1.5083573989347135e-02  -1.5695110967559531e-02  -1.6056396041961435e-02  -1.6184654079394581e-02  -1.6094704334533631e-02  -1.5798782714710375e-02  -1.5306695436978449e-02  -1.4626072734782180e-02  -1.3762624338692776e-02  -1.2720358960663723e-02  -1.1501775663664136e-02  -1.0108044918385600e-02  -8.5392151772905114e-03  -6.7944777292890876e-03  -4.8725290233470678e-03  -2.7720551902880655e-03  -4.9235427315194591e-04   1.9659169050225064e-03   4.5999064825624977e-03   7.4037102500915247e-03   1.0367576333051541e-02   1.3477273018429811e-02   1.6713717834676400e-02   2.0052962419530133e-02
   2.4882153656383674e-02   2.8328973833491179e-02   3.1818737197836726e-02   3.5320281126145443e-02   3.8802787981577873e-02   4.2238107616885186e-02   4.5603138027475884e-02   4.8881447358042895e-02   5.2063372610564644e-02   5.5144551342174011e-02   5.8123507981764258e-02   6.0998904702412551e-02   6.3766673391737375e-02   6.6417060774924402e-02   6.8931852137408545e-02   7.1282749662064049e-02   7.3432824187161252e-02   7.5343064731535916e-02   7.6983583849991460e-02   7.8344546953989180e-02   7.9440403940174070e-02   8.0305566243565274e-02   8.0985373846586856e-02   8.1527306314634271e-02   8.1974898748104263e-02   8.2364239030163933e-02   8.2721912873238712e-02   8.3063536932983420e-02   8.3392872243476551e-02   8.3702081283344221e-02   8.3973569753775082e-02   8.4183155174205548e-02   8.4303752713890789e-02   8.4308730736293636e-02   8.4174465980332111e-02   8.3882047067238230e-02   8.3418334350789089e-02   8.2776668324109223e-02   8.1957454011869477e-02   8.0968655189208108e-02   7.9825881735381354e-02   7.8551441004286168e-02   7.7171875713680893e-02   7.5714446170189076e-02   7.4203928439167899e-02   7.2660922835448838e-02   7.1101759133878298e-02   6.9539318174547102e-02   6.7984060159594378e-02   6.6444893784054021e-02   6.4929784563154819e-02   6.3446138386806086e-02   6.2001015140331940e-02   6.0601227500582874e-02   5.9253352068018565e-02   5.7963673353924050e-02   5.6738059212635639e-02   5.5581770055082906e-02   5.4499189636893770e-02   5.3493481044053902e-02   5.2566173679005339e-02   5.1716741263512681e-02   5.0942279464304643e-02   5.0237469604661730e-02   4.9594993884674712e-02   4.9006441610024688e-02   4.8463540934092129e-02   4.7959399005853255e-02   4.7489449981442007e-02   4.7051903424618687e-02   4.6647621934906472e-02   4.6279419071193179e-02   4.5950789630784937e-02   4.5664053495361664e-02   4.5417901645242120e-02   4.5204415978976453e-02   4.5005891912820811e-02   4.4792155434369360e-02   4.4519392311702467e-02   4.4131474265471843e-02   4.3564283690486122e-02   4.2752712101174900e-02   4.1639172267108768e-02   4.0181821590430156e-02   3.8360471716445681e-02   3.6178682939842416e-02   3.3661797398606259e-02   3.0852075276619730e-02   2.7802758579486705e-02   2.4572633465977135e-02   2.1221887701527574e-02   1.7809379652820319e-02   1.4391045812795676e-02   1.1019077956894410e-02   7.7415384820734429e-03   4.6021746873136232e-03   1.6402691608697617e-03  -1.1095791349506542e-03  -3.6178193396421143e-03  -5.8605159574200288e-03  -7.8201424084492904e-03  -9.4865225182846902e-03  -1.0857602819113896e-02  -1.1939442143735282e-02  -1.2744829423976180e-02  -1.3290655670098142e-02  -1.3595028948719175e-02  -1.3675128392408802e-02  -1.3546091813089765e-02  -1.3220670500463515e-02  -1.2709284818071348e-02  -1.2020222222378810e-02  -1.1159848443910478e-02  -1.0132782107417707e-02  -8.9420287301677295e-03  -7.5890936405016499e-03  -6.0741070084492435e-03  -4.3960030556856808e-03  -2.5527956116818337e-03  -5.4198776897494694e-04   1.6388662627092529e-03   3.9914521692017146e-03   6.5158797293856374e-03   9.2098233498185550e-03   1.2067709001247415e-02   1.5080035125732034e-02   1.8232914303784195e-02   2.1507900343172966e-02
   2.6476746075730383e-02   2.9913088508553780e-02   3.3421877333426844e-02   3.6973323172952849e-02   4.0535469207531899e-02   4.4076082655334151e-02   4.7565347569468140e-02   5.0978705281265330e-02   5.4298594928173606e-02   5.7514260224404395e-02   6.0619778784295281e-02   6.3611029340151323e-02   6.6482161076250004e-02   6.9221900610657583e-02   7.1810140888222712e-02   7.4215895949682364e-02   7.6398597680307878e-02   7.8314846543846864e-02   7.9930389105828031e-02   8.1232485279159300e-02   8.2235544325812523e-02   8.2977042634891154e-02   8.3507348196592779e-02   8.3879307069148937e-02   8.4140915463469718e-02   8.4331197518844395e-02   8.4478012565263771e-02   8.4596861110631527e-02   8.4690711128367471e-02   8.4751348952356420e-02   8.4762296663816072e-02   8.4702586224456866e-02   8.4550365673631916e-02   8.4285660932427509e-02   8.3892111276016798e-02   8.3357865763515157e-02   8.2675940126269304e-02   8.1844344549141079e-02   8.0866205913793579e-02   7.9749984290996140e-02   7.8509611512860566e-02   7.7164058791006865e-02   7.5735752873719878e-02   7.4247920235970336e-02   7.2721937142669335e-02   7.1175872107751031e-02   6.9624434131494606e-02   6.8079707577248794e-02   6.6552019009981159e-02   6.5050608917888636e-02   6.3584051371487843e-02   6.2160467361222077e-02   6.0787597569875451e-02   5.9472781858273982e-02   5.8222876548217603e-02   5.7044123550034853e-02   5.5941978682781536e-02   5.4920898750610528e-02   5.3984087682803633e-02   5.3133201759663934e-02   5.2368025080397687e-02   5.1686143149252434e-02   5.1082688324780169e-02   5.0550279311124047e-02   5.0079331042631715e-02   4.9658844826772221e-02   4.9277637226014206e-02   4.8925712745177680e-02   4.8595392464279685e-02   4.8281861056509959e-02   4.7982991429944617e-02   4.7698464478761984e-02   4.7428298837140663e-02   4.7170917122446032e-02   4.6920873700202675e-02   4.6666412101299168e-02   4.6387164001388745e-02   4.6052525393205486e-02   4.5621443012955731e-02   4.5044322660807962e-02   4.4267380339231277e-02   4.3239040632547431e-02   4.1917177466110407e-02   4.0275470707881539e-02   3.8307208332289691e-02   3.6025637554327167e-02   3.3461143785676536e-02   3.0656521768427345e-02   2.7661879554126335e-02   2.4530316177925681e-02   2.1314851029541740e-02   1.8066551479200971e-02   1.4833553611440245e-02   1.1660630176751771e-02   8.5890316257273627e-03   5.6564127105336488e-03   2.8967346503558020e-03   3.4007580056424208e-04  -1.9876878343888654e-03  -4.0653638421273980e-03  -5.8770996355370642e-03  -7.4131772677349939e-03  -8.6707622437839499e-03  -9.6541788631006736e-03  -1.0374150124216656e-02  -1.0845829297618473e-02  -1.1086242496689311e-02  -1.1112110052638083e-02  -1.0938549355629802e-02  -1.0578566372232482e-02  -1.0043002748428786e-02  -9.3406670594217769e-03  -8.4784908149533947e-03  -7.4616472340633538e-03  -6.2936155506143204e-03  -4.9762116972921489e-03  -3.5096173218455706e-03  -1.8924607560925205e-03  -1.2200052403027462e-04   1.8055340031057493e-03   3.8944203158085486e-03   6.1487376797007970e-03   8.5715285287738877e-03   1.1163900275382187e-02   1.3924164296568717e-02   1.6847096451900377e-02   1.9923390464924043e-02   2.3139337634980668e-02
   2.8371087036681241e-02   3.1798404876914474e-02   3.5320272032639259e-02   3.8906792928142982e-02   4.2523926559836278e-02   4.6135413080324865e-02   4.9705976169999937e-02   5.3205004368949885e-02   5.6609173280187816e-02   5.9902912415864214e-02   6.3076737228815211e-02   6.6124173416420934e-02   6.9037988621859156e-02   7.1806232690650396e-02   7.4408655699483683e-02   7.6814577122332181e-02   7.8984006536182483e-02   8.0873908561190699e-02   8.2449553912268880e-02   8.3696828059525330e-02   8.4628692792207333e-02   8.5281995438267810e-02   8.5707323066015292e-02   8.5957868495239870e-02   8.6081303104639129e-02   8.6115235250320138e-02   8.6085130153451844e-02   8.6003818673839286e-02   8.5872500927092019e-02   8.5683324219656187e-02   8.5423011386638992e-02   8.5076539406135326e-02   8.4630024955649322e-02   8.4072510991233432e-02   8.3396786973358367e-02   8.2599543624521640e-02   8.1681166708432229e-02   8.0645400314789950e-02   7.9499046581093233e-02   7.8251781870466802e-02   7.6916051156861287e-02   7.5506800339991478e-02   7.4040701024890743e-02   7.2534790089808704e-02   7.1005065667971920e-02   6.9465730003597098e-02   6.7929239012782167e-02   6.6406763938979749e-02   6.4908672303120099e-02   6.3444840242316461e-02   6.2024791464066191e-02   6.0657699808729107e-02   5.9352308681911568e-02   5.8116792977626452e-02   5.6958589654029473e-02   5.5884200480566047e-02   5.4898977455213230e-02   5.4006885800868785e-02   5.3210252251281467e-02   5.2509494958833655e-02   5.1902852425367185e-02   5.1386125738751884e-02   5.0952491954284779e-02   5.0592465220706422e-02   5.0294154292450627e-02   5.0043943644745584e-02   4.9827659902815701e-02   4.9632026041687184e-02   4.9445999377016311e-02   4.9261515906287516e-02   4.9073357039406858e-02   4.8878137081339576e-02   4.8672610464330468e-02   4.8451581655862268e-02   4.8205692843396639e-02   4.7919369886795619e-02   4.7569262287847705e-02   4.7123630362124552e-02   4.6543206863480784e-02   4.5783961206308586e-02   4.4801788869024126e-02   4.3558488047380967e-02   4.2027721325940577e-02   4.0199384082265352e-02   3.8081170710920965e-02   3.5697058565299297e-02   3.3083475661569300e-02   3.0284533045211996e-02   2.7347644016832817e-02   2.4320300186952838e-02   2.1248146959499545e-02   1.8174091343940685e-02   1.5138047144002718e-02   1.2176974883849473e-02   9.3249899620280186e-03   6.6134155846602760e-03   4.0707268138132913e-03   1.7223680277500680e-03  -4.0955977085098405e-04  -2.3067433172956064e-03  -3.9552331995026252e-03  -5.3461281951262749e-03  -6.4762633754718996e-03  -7.3486228023554589e-03  -7.9720260156138714e-03  -8.3597687715685348e-03  -8.5274984289571074e-03  -8.4911326055447586e-03  -8.2654530605250770e-03  -7.8634538377545492e-03  -7.2961823545175594e-03  -6.5727976521653964e-03  -5.7006673683932807e-03  -4.6854210898715290e-03  -3.5309363529043500e-03  -2.2392716462619200e-03  -8.1058713902274621e-04   7.5688610842420539e-04   2.4667533875429443e-03   4.3241719634210599e-03   6.3353282144998427e-03   8.5066874086512020e-03   1.0844072924874708e-02   1.3351685620957454e-02   1.6031167252678571e-02   1.8880803067452753e-02   2.1894890944619445e-02   2.5063287762157525e-02
   3.0670182085746331e-02   3.4089048408921352e-02   3.7614697872315160e-02   4.1215836478449383e-02   4.4855937645515098e-02   4.8495527569843502e-02   5.2095809318621893e-02   5.5622612508518784e-02   5.9049190879054317e-02   6.2356884358011046e-02   6.5533697039087888e-02   6.8571420262454164e-02   7.1462010564715989e-02   7.4193774045564015e-02   7.6747985454229437e-02   7.9096925847298619e-02   8.1204841949870946e-02   8.3033314048230070e-02   8.4551002492222901e-02   8.5744517212118565e-02   8.6624677026341051e-02   8.7224288118842891e-02   8.7589067300623102e-02   8.7766953944760390e-02   8.7799963240689602e-02   8.7719680074288847e-02   8.7545723489590277e-02   8.7286408664023624e-02   8.6941144587289451e-02   8.6503935565110546e-02   8.5967017865515027e-02   8.5323725829815150e-02   8.4570214089851048e-02   8.3706127858372309e-02   8.2734554706629243e-02   8.1661562338194535e-02   8.0495559114350468e-02   7.9246602690088749e-02   7.7925734195301313e-02   7.6544362402798632e-02   7.5113732360234664e-02   7.3644526614580402e-02   7.2146701063312099e-02   7.0629616165992309e-02   6.9102405926532759e-02   6.7574375698150085e-02   6.6055252268903741e-02   6.4555233972886233e-02   6.3084897034544396e-02   6.1655017733056226e-02   6.0276356913271822e-02   5.8959422835267367e-02   5.7714226219985398e-02   5.6550028120732711e-02   5.5475087432020342e-02   5.4496405131727099e-02   5.3619470022668758e-02   5.2848001410876005e-02   5.2183693976393990e-02   5.1625963218562609e-02   5.1171705774658606e-02   5.0815087861790370e-02   5.0547406238388833e-02   5.0357080383653156e-02   5.0229890686821307e-02   5.0149587092808784e-02   5.0098974938850745e-02   5.0061398078530175e-02   5.0022269609254072e-02   4.9970092670300933e-02   4.9896496875717795e-02   4.9795172158032960e-02   4.9659947546031022e-02   4.9482465843907274e-02   4.9249903642437989e-02   4.8943144102651812e-02   4.8535786977610601e-02   4.7994416244914059e-02   4.7280522827228957e-02   4.6354280179151705e-02   4.5179874497189604e-02   4.3731410834099128e-02   4.1997867046280862e-02   3.9985590277644451e-02   3.7717557005017957e-02   3.5229759836310097e-02   3.2566027866922767e-02   2.9772900609553277e-02   2.6895768254323136e-02   2.3976729157053667e-02   2.1053922846697694e-02   1.8161776668520441e-02   1.5331612498901338e-02   1.2592247996531029e-02   9.9704128936414435e-03   7.4909366919419171e-03   5.1767227572509303e-03   3.0485499901305932e-03   1.1247351538923311e-03  -5.7931441519458449e-04  -2.0516444359188549e-03  -3.2843689710017748e-03  -4.2743014967924070e-03  -5.0234268770170468e-03  -5.5388871733539069e-03  -5.8321285576234116e-03  -5.9172443544446979e-03  -5.8090907383735943e-03  -5.5218446490944845e-03  -5.0682363243809772e-03  -4.4592953406629929e-03  -3.7043377948882995e-03  -2.8110050969591821e-03  -1.7852467393162513e-03  -6.3122109007919536e-04   6.4888269666657505e-04   2.0550443195137200e-03   3.5895648120016985e-03   5.2570562139661256e-03   7.0641819827228572e-03   9.0190719574480133e-03   1.1130448711064576e-02   1.3406550611897161e-02   1.5854028952252665e-02   1.8476934295211189e-02   2.1275883863547680e-02   2.4247384852646721e-02   2.7383272280401508e-02
   3.3449882379864501e-02   3.6856442949488352e-02   4.0370744619173955e-02   4.3959624257731408e-02   4.7584613973429141e-02   5.1204561198006482e-02   5.4779322213938081e-02   5.8273477188040899e-02   6.1658881317488756e-02   6.4915326292558681e-02   6.8029378824493836e-02   7.0991889409623990e-02   7.3794780047544500e-02   7.6427650192303187e-02   7.8874818176399381e-02   8.1113650485955771e-02   8.3115335228528459e-02   8.4849137739927194e-02   8.6290009792991590e-02   8.7427095307790109e-02   8.8268799461547948e-02   8.8841221771621431e-02   8.9180810387318399e-02   8.9325243759610956e-02   8.9306211780769973e-02   8.9145563395805788e-02   8.8854724098081123e-02   8.8436707416227348e-02   8.7889722849640056e-02   8.7211065199358784e-02   8.6400136481986883e-02   8.5460081419092476e-02   8.4398180092334379e-02   8.3225419808799203e-02   8.1955654713912654e-02   8.0604617688562655e-02   7.9188916103056006e-02   7.7725041275880924e-02   7.6228364987777131e-02   7.4712096388032931e-02   7.3186283371391575e-02   7.1657208673542153e-02   7.0127768952655017e-02   6.8599150209097376e-02   6.7073134698485054e-02   6.5553806569060041e-02   6.4048038234523430e-02   6.2565082358946630e-02   6.1115838775196482e-02   5.9712140899409738e-02   5.8366158831131928e-02   5.7089910994125879e-02   5.5894849218307584e-02   5.4791492144720316e-02   5.3789089682977242e-02   5.2895312055973608e-02   5.2115957203553852e-02   5.1454675950585047e-02   5.0912712071522932e-02   5.0488660803007943e-02   5.0178250462985158e-02   4.9974164689645939e-02   4.9865933968612580e-02   4.9839952391933132e-02   4.9879705359534982e-02   4.9966329753464225e-02   5.0079624437985436e-02   5.0199525335658357e-02   5.0307797515227320e-02   5.0389379258725914e-02   5.0432716038661035e-02   5.0428757486656879e-02   5.0368833729746515e-02   5.0242013664400301e-02   5.0032613128612631e-02   4.9718415534223528e-02   4.9270058925818372e-02   4.8652013876348203e-02   4.7825489701422058e-02   4.6753318391273654e-02   4.5406219494442873e-02   4.3769049242038491e-02   4.1845123772834419e-02   3.9657055831468259e-02   3.7243704957267219e-02   3.4654258810867339e-02   3.1941354506514780e-02   2.9155209266689665e-02   2.6340018079327544e-02   2.3532826548063740e-02   2.0764231109150814e-02   1.8059940405642832e-02   1.5442399653154425e-02   1.2932045773621434e-02   1.0548070275104262e-02   8.3087425293598867e-03   6.2313984685594195e-03   4.3322026115115569e-03   2.6257594740246720e-03   1.1246315350665892e-03  -1.6120816927361892e-04  -1.2249616213127756e-03  -2.0635981506551201e-03  -2.6783493983293244e-03  -3.0748907983207674e-03  -3.2628909141549506e-03  -3.2548035362300262e-03  -3.0642411348297469e-03  -2.7045585185304297e-03  -2.1880006289016138e-03  -1.5253635806395174e-03  -7.2591839842306438e-04   2.0260522922917884e-04   1.2541047766999394e-03   2.4242957377416316e-03   3.7110088241011016e-03   5.1145230368674147e-03   6.6378393093942459e-03   8.2867336676035672e-03   1.0069458348332505e-02   1.1996001361367165e-02   1.4076978333638322e-02   1.6322337896788108e-02   1.8740120406221902e-02   2.1335428144603714e-02   2.4109628187489164e-02   2.7059709246948064e-02   3.0177670367034812e-02
   3.6745735946333291e-02   4.0130111926517442e-02   4.3612357445232758e-02   4.7157895299280023e-02   5.0727515902001821e-02   5.4280087342431185e-02   5.7775967879331598e-02   6.1180242923168107e-02   6.4464903914873722e-02   6.7609486416553372e-02   7.0600198135627443e-02   7.3427909296002458e-02   7.6085477691681544e-02   7.8564905547757649e-02   8.0854869967314849e-02   8.2939326991783399e-02   8.4797997997764746e-02   8.6409371917650579e-02   8.7755975087080842e-02   8.8830157396922571e-02   8.9637477638172522e-02   9.0195533774584585e-02   9.0528665327446897e-02   9.0661157814624610e-02   9.0611697738251409e-02   9.0390646490209350e-02   9.0000532146805839e-02   8.9439209838317629e-02   8.8704265904021848e-02   8.7796895069683606e-02   8.6724079993853370e-02   8.5498958840842465e-02   8.4139943661061867e-02   8.2669260486305143e-02   8.1111362686412336e-02   7.9491434715149245e-02   7.7834021024130895e-02   7.6161721499767701e-02   7.4493840814245205e-02   7.2844939529715727e-02   7.1223462819253097e-02   6.9631109945444664e-02   6.8063936262570346e-02   6.6515546932369024e-02   6.4981083272876675e-02   6.3459962396411357e-02   6.1956515297141274e-02   6.0479180353093562e-02   5.9039225702899892e-02   5.7649564401806602e-02   5.6323808548017149e-02   5.5075538860460731e-02   5.3917719394225599e-02   5.2862211836741183e-02   5.1919353107383798e-02   5.1097585420026750e-02   5.0403124501430217e-02   4.9839666518364766e-02   4.9408124261934389e-02   4.9106397599516134e-02   4.8929174915056634e-02   4.8867783140912432e-02   4.8910103552187292e-02   4.9040605146925272e-02   4.9240562304547222e-02   4.9488573519434392e-02   4.9761502235549301e-02   5.0035921901735100e-02   5.0289926480796415e-02   5.0504804811922474e-02   5.0665794643165458e-02   5.0761295257811229e-02   5.0780601939750085e-02   5.0710877079149036e-02   5.0534290380771923e-02   5.0226092296935809e-02   4.9754173100605911e-02   4.9080567475407164e-02   4.8165252697188896e-02   4.6972220533474204e-02   4.5476952988135463e-02   4.3673386060186919e-02   4.1577917407990259e-02   3.9228753883485075e-02   3.6680627580448155e-02   3.3996553928394208e-02   3.1239086846132833e-02   2.8463356716316886e-02   2.5713355575700252e-02   2.3021625939434638e-02   2.0411366142662233e-02   1.7899474885024101e-02   1.5499364374751332e-02   1.3222974194412835e-02   1.1081919841596417e-02   9.0879486819524999e-03   7.2529249477353772e-03   5.5885283914507006e-03   4.1057926502712574e-03   2.8145638507513851e-03   1.7229234686593001e-03   8.3660262084296610e-04   1.5840776273200879e-04  -3.1228864252505484e-04  -5.7985791692996558e-04  -6.5227283759706350e-04  -5.4030600307754251e-04  -2.5619847608454593e-04   1.8768524817197596e-04   7.7977048797250870e-04   1.5096903613247177e-03   2.3684162278646975e-03   3.3483246074239303e-03   4.4433447960262676e-03   5.6492453845150697e-03   6.9640524501320342e-03   8.3885244987819824e-03   9.9265312661594510e-03   1.1585126453265385e-02   1.3374101534504558e-02   1.5304962850218040e-02   1.7389475911589389e-02   1.9638139966527662e-02   2.2058896401462719e-02   2.4656219762771783e-02   2.7430481230379729e-02   3.0377427308203225e-02   3.3487606379661861e-02
   4.0551138375931495e-02   4.3898882878191284e-02   4.7325811560213385e-02   5.0796855963707685e-02   5.4273320590617791e-02   5.7715446467796014e-02   6.1085383078107382e-02   6.4349918383075466e-02   6.7482324107213484e-02   7.0462996938277261e-02   7.3278884288390439e-02   7.5921962494558987e-02   7.8387114906377370e-02   8.0669830683562191e-02   8.2764160389021527e-02   8.4661453498969558e-02   8.6350383887972101e-02   8.7818589975040884e-02   8.9055662469907051e-02   9.0056396710230108e-02   9.0822665207683687e-02   9.1362709060050007e-02   9.1687960085283030e-02   9.1808758799617765e-02   9.1730734182740414e-02   9.1453302982642579e-02   9.0971016089828813e-02   9.0277383569676684e-02   8.9369631582821102e-02   8.8252436115804661e-02   8.6939449368118302e-02   8.5452685661479316e-02   8.3820592210457193e-02   8.2075659031777964e-02   8.0252098253273785e-02   7.8383790011935170e-02   7.6502477387274462e-02   7.4636076817462135e-02   7.2806952994740881e-02   7.1030131418484618e-02   6.9311806411687188e-02   6.7649080794908362e-02   6.6032073223611099e-02   6.4448425821039934e-02   6.2888345455812261e-02   6.1347828582644169e-02   5.9829317119151057e-02   5.8340649092706427e-02   5.6893450649623159e-02   5.5501629290255636e-02   5.4180157484081372e-02   5.2944127366073769e-02   5.1808000214692687e-02   5.0784993642634363e-02   4.9886565097842554e-02   4.9121974588269099e-02   4.8497910748235312e-02   4.8018176001943538e-02   4.7683420232412774e-02   4.7490922099096382e-02   4.7434412573406567e-02   4.7503950616483034e-02   4.7685864049785212e-02   4.7962796035709909e-02   4.8313916006655300e-02   4.8715398275582314e-02   4.9141295986407860e-02   4.9564931733982090e-02   4.9960778646346793e-02   5.0306445735615338e-02   5.0583934151940256e-02   5.0779240958212499e-02   5.0880069777877242e-02   5.0872372363679766e-02   5.0736956520698158e-02   5.0447208099620916e-02   4.9968620723767267e-02   4.9260652799421059e-02   4.8281339865077835e-02   4.6994639823768024e-02   4.5379364846374712e-02   4.3437092769268104e-02   4.1195941919464150e-02   3.8708435421950176e-02   3.6044151752968559e-02   3.3279505195512357e-02   3.0487362222161730e-02   2.7728821102593296e-02   2.5048889868555663e-02   2.2476540258864294e-02   2.0028063713667017e-02   1.7711716534413148e-02   1.5531909683729403e-02   1.3492116483228716e-02   1.1596459689882672e-02   9.8503043845679268e-03   8.2602209423816991e-03   6.8336002641515015e-03   5.5781000537613104e-03   4.5010274016753643e-03   3.6087130734164669e-03   2.9059045843496528e-03   2.3951914390130669e-03   2.0764831429515018e-03   1.9466125953967461e-03   1.9992418352898916e-03   2.2253071119713863e-03   2.6140402995198445e-03   3.1542025726557441e-03   3.8350394784580980e-03   4.6467782985544076e-03   5.5808114764037617e-03   6.6298079448670749e-03   7.7879149723752844e-03   9.0511359591204793e-03   1.0417866855074169e-02   1.1889504088046801e-02   1.3470892636793845e-02   1.5170327558918020e-02   1.6998819268089785e-02   1.8968641370698848e-02   2.1091505186986589e-02   2.3376917944201422e-02   2.5831055554201475e-02   2.8456141090191546e-02   3.1250082265188460e-02   3.4206112208461634e-02   3.7312325347651956e-02
   4.4826500343524256e-02   4.8121797585744669e-02   5.1471302166847081e-02   5.4840339259366502e-02   5.8191671200271050e-02   6.1487791757997394e-02   6.4693458397771561e-02   6.7777983777131567e-02   7.0716832143767117e-02   7.3492283129090494e-02   7.6093131425352262e-02   7.8513588922426755e-02   8.0751640196973007e-02   8.2807164078655460e-02   8.4680145633221307e-02   8.6369320456039789e-02   8.7871548041172171e-02   8.9182074578868759e-02   9.0295578926999395e-02   9.1207551984864604e-02   9.1915317495813748e-02   9.2418029614833405e-02   9.2715406737759520e-02   9.2805618572862333e-02   9.2683366036177273e-02   9.2339405115756404e-02   9.1762373936206731e-02   9.0942743051746683e-02   8.9877518743835080e-02   8.8573818517854550e-02   8.7050108035095219e-02   8.5335094872453054e-02   8.3465135043279626e-02   8.1481099376263591e-02   7.9425346813548209e-02   7.7339045295734293e-02   7.5259832334325510e-02   7.3219658416851782e-02   7.1242694645742649e-02   6.9343386311521815e-02   6.7525224700866748e-02   6.5781290698988443e-02   6.4097461520774168e-02   6.2457740554506910e-02   6.0849575114075960e-02   5.9267052687170085e-02   5.7711509289042673e-02   5.6190441703178690e-02   5.4715813693457072e-02   5.3302403128847861e-02   5.1966411246435522e-02   5.0724341104204880e-02   4.9592089675671039e-02   4.8584201278230557e-02   4.7713247650932405e-02   4.6989313732947541e-02   4.6419576542274917e-02   4.6007965516868532e-02   4.5754894643096650e-02   4.5657055504357960e-02   4.5707265840296600e-02   4.5894371819853015e-02   4.6203216524412768e-02   4.6614700489138072e-02   4.7105990049416582e-02   4.7650959717899510e-02   4.8221001501630369e-02   4.8786344952973654e-02   4.9317960075807743e-02   4.9789793876951156e-02   5.0180565570786685e-02   5.0473939438772923e-02   5.0656386820558008e-02   5.0713310932992202e-02   5.0624971833800408e-02   5.0363652739592743e-02   4.9892970247497725e-02   4.9169939277160214e-02   4.8150355599050024e-02   4.6797519460059112e-02   4.5092789859225060e-02   4.3044441001194061e-02   4.0690939257059376e-02   3.8097139014478525e-02   3.5345155292262120e-02   3.2522920536202718e-02   2.9712882789120178e-02   2.6982709108149618e-02   2.4379846875390722e-02   2.1931176167900551e-02   1.9647129808213454e-02   1.7527903498402081e-02   1.5569210281963626e-02   1.3766266315418260e-02   1.2115908865068976e-02   1.0617350330935065e-02   9.2721112402325764e-03   8.0835380515396765e-03   7.0561431680306597e-03   6.1949007657819480e-03   5.5045600946480658e-03   4.9890052708175953e-03   4.6506660823136189e-03   4.4899808446929590e-03   4.5049366701673324e-03   4.6907990294820651e-03   5.0402497218010080e-03   5.5440914409915949e-03   6.1923292127169377e-03   6.9751513934421493e-03   7.8835107480750531e-03   8.9093682451860355e-03   1.0045844152128246e-02   1.1287467648769707e-02   1.2630631490708144e-02   1.4074234392352121e-02   1.5620385561912774e-02   1.7274857194998591e-02   1.9046875272772656e-02   2.0947952872048523e-02   2.2989942709596103e-02   2.5182988877489806e-02   2.7534028954718008e-02   3.0046073352747046e-02   3.2717964962140259e-02   3.5544286538041550e-02   3.8515149691361328e-02   4.1615854017372923e-02
   4.9513117256082428e-02   5.2741593338661387e-02   5.5995199375703471e-02   5.9240296952247695e-02   6.2441699965177282e-02   6.5564683259336731e-02   6.8577142079004630e-02   7.1451539911103451e-02   7.4166326699694890e-02   7.6706624171734267e-02   7.9064137172136506e-02   8.1236364143359621e-02   8.3225277668955419e-02   8.5035667767524373e-02   8.6673374044695703e-02   8.8143605554224416e-02   8.9449562690029474e-02   9.0591538154556173e-02   9.1566671029393629e-02   9.2369377495645374e-02   9.2992236292772534e-02   9.3426771574522713e-02   9.3663594872937544e-02   9.3691827463225977e-02   9.3498437177657101e-02   9.3068506592574901e-02   9.2387236293436856e-02   9.1443627693704399e-02   9.0234787636479907e-02   8.8769262517030462e-02   8.7068239901274297e-02   8.5164415300022875e-02   8.3099191128363573e-02   8.0919111828946427e-02   7.8672260608698752e-02   7.6404956629923249e-02   7.4158825562282149e-02   7.1968161149135401e-02   6.9857570276312966e-02   6.7840152719984850e-02   6.5916908443373834e-02   6.4078268951541936e-02   6.2308107257249910e-02   6.0589233727606592e-02   5.8908381789420400e-02   5.7259108195338818e-02   5.5642385783369067e-02   5.4065659479814288e-02   5.2541260967440107e-02   5.1084759226801821e-02   4.9713481745512975e-02   4.8445257864430741e-02   4.7297362935543839e-02   4.6285635056851793e-02   4.5423741731781507e-02   4.4722582501705709e-02   4.4189815008161694e-02   4.3829490899842574e-02   4.3641786726420689e-02   4.3622813216932031e-02   4.3764490894858912e-02   4.4054483567186858e-02   4.4476195511944622e-02   4.5008850289135552e-02   4.5627698894923380e-02   4.6304433039166516e-02   4.7007932998777806e-02   4.7705508572183905e-02   4.8364777793748322e-02   4.8956085209221539e-02   4.9454812441745696e-02   4.9842254897214527e-02   5.0103864955708045e-02   5.0225060266092365e-02   5.0186353301262802e-02   4.9959772956731222e-02   4.9507787702004855e-02   4.8785479391404471e-02   4.7746683126209707e-02   4.6354183117586031e-02   4.4591896862956115e-02   4.2474354265322201e-02   4.0048915557693424e-02   3.7390078823110878e-02   3.4589040206262446e-02   3.1741991294113231e-02   2.8938915464114291e-02   2.6253799340839649e-02   2.3737853761797566e-02   2.1417853053808222e-02   1.9300123797018301e-02   1.7377963299180184e-02   1.5639073423849955e-02   1.4070849467367127e-02   1.2663185387963374e-02   1.1409451386414117e-02   1.0306412640511284e-02   9.3536458120588931e-03   8.5527676824707632e-03   7.9066379402416356e-03   7.4186057190906221e-03   7.0918276439747366e-03   6.9286559038842649e-03   6.9300841982064404e-03   7.0952419975930797e-03   7.4209922157952163e-03   7.9018087779680127e-03   8.5301698781239943e-03   9.2974432902193892e-03   1.0194865705661232e-02   1.1214211594419415e-02   1.2348114762633935e-02   1.3590260593216066e-02   1.4935676226584448e-02   1.6381239156465902e-02   1.7926395073894694e-02   1.9573894526634245e-02   2.1330147697559851e-02   2.3204659658611126e-02   2.5208353813062384e-02   2.7351248239280875e-02   2.9640482876475215e-02   3.2079256732655353e-02   3.4666594668417143e-02   3.7397453063188167e-02   4.0262806062073921e-02   4.3249553100446980e-02   4.6340294729684914e-02
   5.4544528047753282e-02   5.7694710993742786e-02   6.0838470052093779e-02   6.3943619339962079e-02   6.6977381517335483e-02   6.9908148566098338e-02   7.2707349920825587e-02   7.5351140606188249e-02   7.7821680073833902e-02   8.0107809916020040e-02   8.2205073795992761e-02   8.4115073581161159e-02   8.5844261807031086e-02   8.7402270158040321e-02   8.8799937013122665e-02   9.0047194536620079e-02   9.1151073902583840e-02   9.2114149691448530e-02   9.2933800323349275e-02   9.3602485327410834e-02   9.4108850848984224e-02   9.4439068130113740e-02   9.4577772368058144e-02   9.4508409284848410e-02   9.4213411546623271e-02   9.3674980507574251e-02   9.2877096837039749e-02   9.1808755949733159e-02   9.0467666747801975e-02   8.8863198356368911e-02   8.7017562630859233e-02   8.4964893242484948e-02   8.2748605752175741e-02   8.0417768330726710e-02   7.8023176629769736e-02   7.5613578852540830e-02   7.3232247884635254e-02   7.0913987830969721e-02   6.8682722204056662e-02   6.6550059852143129e-02   6.4515457651959512e-02   6.2568526271348068e-02   6.0693312106790062e-02   5.8873430538685032e-02   5.7096446649341832e-02   5.5356443256067915e-02   5.3654668812510228e-02   5.1998844903411473e-02   5.0401802543004269e-02   4.8879931454700210e-02   4.7451677169946790e-02   4.6136182998482489e-02   4.4952096333964416e-02   4.3916547556025670e-02   4.3044297348362695e-02   4.2347051986257739e-02   4.1832934933691654e-02   4.1506101319735728e-02   4.1366471903265048e-02   4.1409564960350372e-02   4.1626403499344489e-02   4.2003484752356060e-02   4.2522807984429027e-02   4.3161974734271150e-02   4.3894398189087483e-02   4.4689692902295512e-02   4.5514363913161632e-02   4.6332967131667124e-02   4.7109932750666605e-02   4.7812090960734979e-02   4.8411427771017375e-02   4.8886737731148065e-02   4.9222486024658438e-02   4.9404496836814672e-02   4.9414268817863483e-02   4.9224500871081038e-02   4.8797497115005077e-02   4.8087385245485045e-02   4.7047013862479531e-02   4.5639600259853141e-02   4.3852280870697057e-02   4.1705581701202379e-02   3.9254005286171637e-02   3.6578492843603178e-02   3.3775309821646525e-02   3.0944922500218654e-02   2.8181766006751031e-02   2.5564762330996599e-02   2.3149514911461277e-02   2.0964743823233257e-02   1.9015018385002067e-02   1.7288578858302865e-02   1.5766306534219631e-02   1.4428517314067800e-02   1.3258672096451311e-02   1.2244697507146809e-02   1.1378942509937193e-02   1.0657509399733728e-02   1.0079376988586249e-02   9.6455100362582633e-03   9.3580387066591331e-03   9.2195307230937724e-03   9.2323534308800803e-03   9.3980993867469054e-03   9.7170473708689947e-03   1.0187662560742512e-02   1.0806264290449757e-02   1.1567115893906996e-02   1.2463072526264420e-02   1.3486516561778468e-02   1.4630110812793317e-02   1.5887217547557831e-02   1.7252140601896324e-02   1.8720450647286557e-02   2.0289518441774623e-02   2.1959256608685473e-02   2.3732802050035015e-02   2.5616653157195912e-02   2.7619664130919153e-02   2.9750917300597000e-02   3.2017320627034641e-02   3.4422004829902514e-02   3.6963830386510230e-02   3.9637565534255945e-02   4.2434220431828498e-02   4.5341229139096051e-02   4.8342452219155466e-02   5.1418068791891744e-02
   5.9852903044912018e-02   6.2916541703116863e-02   6.5940873010453996e-02   6.8895436118392481e-02   7.1750100805578879e-02   7.4476637464176113e-02   7.7050362856117063e-02   7.9451625668673059e-02   8.1666946498750947e-02   8.3689619189068212e-02   8.5519692272331749e-02   8.7163271313876634e-02   8.8631195097171503e-02   8.9937158296397965e-02   9.1095451917254544e-02   9.2118552522689662e-02   9.3014903544228894e-02   9.3787311656512912e-02   9.4432315663133842e-02   9.4940656732616480e-02   9.5298558993329952e-02   9.5489271190800779e-02   9.5494331709626096e-02   9.5294413205682826e-02   9.4870032000920729e-02   9.4202664811322778e-02   9.3276690187852271e-02   9.2082149580943851e-02   9.0617788075413888e-02   8.8893506073242742e-02   8.6931418332895832e-02   8.4765152413061734e-02   8.2437532494394034e-02   7.9997164827583747e-02   7.7494504904010636e-02   7.4977901103818773e-02   7.2489929329770122e-02   7.0064292069693501e-02   6.7723564431699274e-02   6.5478228045923043e-02   6.3327414685801053e-02   6.1261549615843930e-02   5.9266440282331287e-02   5.7327795404543677e-02   5.5434989690938546e-02   5.3583363309471985e-02   5.1774975717226446e-02   5.0018195426232780e-02   4.8326598604517976e-02   4.6717559051001785e-02   4.5210758419942973e-02   4.3826745928160535e-02   4.2585615320866854e-02   4.1505843614663709e-02   4.0603317201415787e-02   3.9890558525130730e-02   3.9376147847136431e-02   3.9064322289237965e-02   3.8954722437756807e-02   3.9042254650248506e-02   3.9317037974730976e-02   3.9764413967929652e-02   4.0365008718906775e-02   4.1094854980116814e-02   4.1925604424991408e-02   4.2824894915774070e-02   4.3756984857122795e-02   4.4683831991670669e-02   4.5566841466423341e-02   4.6369439574515128e-02   4.7060186831840503e-02   4.7615195607800587e-02   4.8017806647828933e-02   4.8254429522429740e-02   4.8308157340992974e-02   4.8153328140861595e-02   4.7753335366244556e-02   4.7062840241967538e-02   4.6035358964649775e-02   4.4636103909950237e-02   4.2856309670437284e-02   4.0721972365130012e-02   3.8292570601904635e-02   3.5652147669030160e-02   3.2898190563896409e-02   3.0131577995498787e-02   2.7447748992169081e-02   2.4928190742768981e-02   2.2632342343120990e-02   2.0592257653115686e-02   1.8813211173747339e-02   1.7280779764232475e-02   1.5970771256787978e-02   1.4857552668275115e-02   1.3918885740654439e-02   1.3137770202990192e-02   1.2502534027105626e-02   1.2006124909953661e-02   1.1645148350691449e-02   1.1418893511248376e-02   1.1328448963283472e-02   1.1375929057244959e-02   1.1563807954522335e-02   1.1894325165449755e-02   1.2368922690895626e-02   1.2987674417520051e-02   1.3748789610169374e-02   1.4648419057367936e-02   1.5681036487292969e-02   1.6840263618459268e-02   1.8119694093315267e-02   1.9513422274854579e-02   2.1016356515377976e-02   2.2624573139407973e-02   2.4335845830942025e-02   2.6150343278808705e-02   2.8071166328854751e-02   3.0104168853124842e-02   3.2256530386825660e-02   3.4534379555702814e-02   3.6940625032613444e-02   3.9473895008139442e-02   4.2128558734897861e-02   4.4895181727590015e-02   4.7760980258108113e-02   5.0710062483659210e-02   5.3723513937061623e-02   5.6779407741469418e-02
   6.5371578226555066e-02   6.8343334296463581e-02   7.1242390185865145e-02   7.4040216497807204e-02   7.6709533045923983e-02   7.9225740604604689e-02   8.1568390448601161e-02   8.3722485852365663e-02   8.5679435176585730e-02   8.7437462905071525e-02   8.9001372223779587e-02   9.0381600003768978e-02   9.1592623162427639e-02   9.2650850258818085e-02   9.3572224506946342e-02   9.4369850302406105e-02   9.5051990095595923e-02   9.5620799834824133e-02   9.6072009604990086e-02   9.6395555068104280e-02   9.6576849664885792e-02   9.6598275883712753e-02   9.6440519305515643e-02   9.6083657653033228e-02   9.5508186802676184e-02   9.4696325728914246e-02   9.3633845919333714e-02   9.2312395892116317e-02   9.0731936559866916e-02   8.8902681326044175e-02   8.6845941314636493e-02   8.4593546358907215e-02   8.2185860468925301e-02   7.9668724546900604e-02   7.7089775738986371e-02   7.4494621223639784e-02   7.1923257662164397e-02   6.9407121314059475e-02   6.6967125851304599e-02   6.4613076426563776e-02   6.2344696918966241e-02   6.0154223759073394e-02   5.8030050344970760e-02   5.5960594428934640e-02   5.3937540499154488e-02   5.1957944089351268e-02   5.0025105758421354e-02   4.8148425782812122e-02   4.6342556185023628e-02   4.4626134554865513e-02   4.3020316429627614e-02   4.1547257002556300e-02   4.0228657730146604e-02   3.9084461082325057e-02   3.8131754745473784e-02   3.7383912619908165e-02   3.6849975628250820e-02   3.6534247015190577e-02   3.6436064981684876e-02   3.6549706853633609e-02   3.6864384949669204e-02   3.7364301996862116e-02   3.8028750191070493e-02   3.8832255201656798e-02   3.9744790810516149e-02   4.0732123314942879e-02   4.1756392827452894e-02   4.2777111279186056e-02   4.3752828324753093e-02   4.4643710427172335e-02   4.5414925356646027e-02   4.6039759288745784e-02   4.6500207511241495e-02   4.6783245872147036e-02   4.6873988493730409e-02   4.6749362130320674e-02   4.6375306289670959e-02   4.5708918467736066e-02   4.4706503682223050e-02   4.3337057867578271e-02   4.1596552488070301e-02   3.9515431638354373e-02   3.7155732992523588e-02   3.4601524621398046e-02   3.1948319385911993e-02   2.9294232477873862e-02   2.6732571324052032e-02   2.4344592019913132e-02   2.2191880603317695e-02   2.0309985085439984e-02   1.8706748925172049e-02   1.7367603714579211e-02   1.6265470892052530e-02   1.5370309700716130e-02   1.4655191819377324e-02   1.4098864968014518e-02   1.3686114582637285e-02   1.3407094589700769e-02   1.3256319707543748e-02   1.3231628672221836e-02   1.3333245388524081e-02   1.3562964412963060e-02   1.3923456882104078e-02   1.4417657539591344e-02   1.5048182261560069e-02   1.5816711638196809e-02   1.6723369005383362e-02   1.7766277180552733e-02   1.8941648387823626e-02   2.0244434166841310e-02   2.1669183645391235e-02   2.3210682309235668e-02   2.4864362622337044e-02   2.6626685723140892e-02   2.8495645041565335e-02   3.0471351148538592e-02   3.2556348014482664e-02   3.4755075966532295e-02   3.7072131543984720e-02   3.9509899245062569e-02   4.2066821242568622e-02   4.4736898174446468e-02   4.7510091528914951e-02   5.0372949120409072e-02   5.3309114074695345e-02   5.6299617119445255e-02   5.9323039307810244e-02   6.2355639045771558e-02
   7.1035500027201687e-02   7.3912398559141196e-02   7.6683319926319840e-02   7.9321860831342572e-02   8.1803805690900649e-02   8.4108456628747386e-02   8.6219935741023310e-02   8.8128271488299048e-02   8.9830064380005334e-02   9.1328559399298723e-02   9.2633027506712623e-02   9.3757475700687751e-02   9.4718810918615795e-02   9.5534676505483793e-02   9.6221212670535794e-02   9.6791026768499544e-02   9.7251632678063638e-02   9.7604588574217499e-02   9.7845423760035133e-02   9.7964291594708264e-02   9.7947110460040898e-02   9.7776896716857797e-02   9.7435054267471871e-02   9.6902557538057030e-02   9.6161135076334253e-02   9.5194641793600598e-02   9.3990745068272485e-02   9.2542868691307623e-02   9.0852115973927366e-02   8.8928747396993441e-02   8.6792784894378444e-02   8.4473478331458060e-02   8.2007602606553917e-02   7.9436794984495490e-02   7.6804280636696143e-02   7.4151405878657622e-02   7.1514388921821298e-02   6.8921695201520680e-02   6.6392403294549818e-02   6.3935861980889366e-02   6.1552758253932485e-02   5.9237443824689616e-02   5.6981063062549658e-02   5.4774835888051238e-02   5.2612883992721460e-02   5.0494196625131382e-02   4.8423616399376236e-02   4.6411922567267581e-02   4.4475201561606191e-02   4.2633703170849135e-02   4.0910379529108185e-02   3.9329275675337262e-02   3.7913933306318211e-02   3.6685933991578906e-02   3.5663679695002323e-02   3.4861456133427414e-02   3.4288785419201780e-02   3.3950034592945953e-02   3.3844229628214914e-02   3.3965015391900139e-02   3.4300709409461873e-02   3.4834408795375901e-02   3.5544127749151992e-02   3.6402962972466049e-02   3.7379308775919544e-02   3.8437177264594898e-02   3.9536728102618768e-02   4.0635189384758942e-02   4.1688443277456473e-02   4.2653592808604424e-02   4.3492556618964909e-02   4.4175786891267159e-02   4.4683762642089161e-02   4.5003897031667475e-02   4.5123552126431404e-02   4.5023063863398563e-02   4.4672402257514829e-02   4.4033156257734921e-02   4.3066637889905716e-02   4.1747228924271906e-02   4.0075823225651640e-02   3.8085925967796724e-02   3.5839804086479091e-02   3.3419014647074398e-02   3.0914698778185694e-02   2.8419876223146526e-02   2.6023259148767488e-02   2.3803254835569124e-02   2.1821305883039342e-02   2.0115392838112423e-02   1.8696670576345286e-02   1.7552470942780455e-02   1.6655116634511018e-02   1.5972001652676555e-02   1.5472789174624954e-02   1.5132834812090204e-02   1.4933971502339272e-02   1.4863984256414574e-02   1.4915615402915569e-02   1.5085498448358943e-02   1.5373180113200109e-02   1.5780273343704521e-02   1.6309737301855913e-02   1.6965248985860690e-02   1.7750605475114107e-02   1.8669080285879915e-02   1.9722706743312512e-02   2.0911630660324199e-02   2.2233897439833145e-02   2.3685872019851940e-02   2.5263065777168671e-02   2.6960879699131184e-02   2.8775131514153618e-02   3.0702477842330878e-02   3.2740876784085333e-02   3.4890014093545363e-02   3.7151350710417093e-02   3.9527249860845048e-02   4.2019070265516295e-02   4.4625012264542976e-02   4.7338899443787164e-02   5.0150174141836340e-02   5.3044562319781330e-02   5.6004802349668814e-02   5.9011185995734371e-02   6.2041902365155999e-02   6.5073276110517081e-02   6.8080005448062406e-02
   7.6780853597536280e-02   7.9561720777526906e-02   8.2203981550385330e-02   8.4683578814288618e-02   8.6979613640761955e-02   8.9075573871444172e-02   9.0960434549024374e-02   9.2629435495889603e-02   9.4084328721817170e-02   9.5332979570366266e-02   9.6388322414358921e-02   9.7266799156406250e-02   9.7986490902775475e-02   9.8565150149927630e-02   9.9018342299156140e-02   9.9357865782470411e-02   9.9590625043953857e-02   9.9718065621935414e-02   9.9736222702874772e-02   9.9636305867935093e-02   9.9405668554928023e-02   9.9028960623708737e-02   9.8489323762552150e-02   9.7769574414360211e-02   9.6853428013731493e-02   9.5726848245742721e-02   9.4379568436122580e-02   9.2806709692363945e-02   9.1010289971369812e-02   8.9000322031525900e-02   8.6795200943407258e-02   8.4421180477359345e-02   8.1910904614230007e-02   7.9301131376096096e-02   7.6629920834458326e-02   7.3933638219900094e-02   7.1244154483093083e-02   6.8586616747047413e-02   6.5978118539379058e-02   6.3427492610423269e-02   6.0936286821433108e-02   5.8500754154556758e-02   5.6114492973209071e-02   5.3771247208428796e-02   5.1467411446804459e-02   4.9203903303571057e-02   4.6987249788472310e-02   4.4829863100789680e-02   4.2749587377006959e-02   4.0768640550164159e-02   3.8912125252694746e-02   3.7206299298927208e-02   3.5676812094706647e-02   3.4347084697319043e-02   3.3236966752117299e-02   3.2361733595789241e-02   3.1731427485675048e-02   3.1350498548797956e-02   3.1217676430534892e-02   3.1325998712645652e-02   3.1662930097187451e-02   3.2210524401982264e-02   3.2945600773805254e-02   3.3839928822716817e-02   3.4860441955919447e-02   3.5969532427144429e-02   3.7125532491352378e-02   3.8283566867713732e-02   3.9397073955924324e-02   4.0420368255941377e-02   4.1312414184618881e-02   4.2041044434527122e-02   4.2585241351702788e-02   4.2932739682408100e-02   4.3073200605703119e-02   4.2990942143684666e-02   4.2661230376884206e-02   4.2051986146313405e-02   4.1131447113847350e-02   3.9880551154574083e-02   3.8304920811752602e-02   3.6439695156886165e-02   3.4345414517120698e-02   3.2099227202080534e-02   2.9786233633382550e-02   2.7492782999726517e-02   2.5301254619772978e-02   2.3285122848151520e-02   2.1503400722273108e-02   1.9994693777611639e-02   1.8773024245700480e-02   1.7828742266724516e-02   1.7135514879324916e-02   1.6660067421223085e-02   1.6370115564972129e-02   1.6238649837195161e-02   1.6245262398036552e-02   1.6375876425463370e-02   1.6621834226316926e-02   1.6978844709398939e-02   1.7445987845615716e-02   1.8024848103296305e-02   1.8718773086603076e-02   1.9532233109470838e-02   2.0470211373259179e-02   2.1537546302949850e-02   2.2738150164951749e-02   2.4074199346003050e-02   2.5545627541917873e-02   2.7150273120254691e-02   2.8884602496636533e-02   3.0744533450193234e-02   3.2726088016091164e-02   3.4825878908168906e-02   3.7041529936061073e-02   3.9371931449709067e-02   4.1817010040885748e-02   4.4376584715530312e-02   4.7048415905561171e-02   4.9826371563900358e-02   5.2699702704931281e-02   5.5653442408681211e-02   5.8669265871287686e-02   6.1726294306001336e-02   6.4801667791730078e-02   6.7870942934065245e-02   7.0908406753987102e-02   7.3887418636288685e-02
   8.2544593535416433e-02   8.5229624551226305e-02   8.7744598771214391e-02   9.0068075367121553e-02   9.2182761896674903e-02   9.4076589505186797e-02   9.5743522528760325e-02   9.7183888937073637e-02   9.8404107925767106e-02   9.9415799078576533e-02   1.0023444171915542e-01   1.0087776402992718e-01   1.0136407851284983e-01   1.0171066976960443e-01   1.0193236131086611e-01   1.0204033619323974e-01   1.0204132588565394e-01   1.0193722722311302e-01   1.0172518131468003e-01   1.0139805909907165e-01   1.0094525924062811e-01   1.0035369081433992e-01   9.9608849157372809e-02   9.8695939458303239e-02   9.7601060426348793e-02   9.6312471933742122e-02   9.4821941785972350e-02   9.3126091285348933e-02   9.1227578645067420e-02   8.9135904441874497e-02   8.6867629583854286e-02   8.4445864291676886e-02   8.1899001513529884e-02   7.9258796650264696e-02   7.6558008054705723e-02   7.3827886818380414e-02   7.1095842186133767e-02   6.8383601168306704e-02   6.5706135485316425e-02   6.3071526487141802e-02   6.0481800875251839e-02   5.7934599517091921e-02   5.5425404372024568e-02   5.2949962043693906e-02   5.0506552533464900e-02   4.8097812238887108e-02   4.5731920243744402e-02   4.3423042203930430e-02   4.1191013532323559e-02   3.9060322636696419e-02   3.7058545001955157e-02   3.5214450470398277e-02   3.3556042284073641e-02   3.2108763493081165e-02   3.0894035566978915e-02   2.9928206577855998e-02   2.9221900242804598e-02   2.8779706135036307e-02   2.8600120410889926e-02   2.8675649359306846e-02   2.8992996499255866e-02   2.9533279707639956e-02   3.0272244214821258e-02   3.1180465297583906e-02   3.2223558207082947e-02   3.3362449415295981e-02   3.4553816045831576e-02   3.5750888044945306e-02   3.6904934735131900e-02   3.7967860554519839e-02   3.8896159464505295e-02   3.9655531977841690e-02   4.0223752309822627e-02   4.0588870800568035e-02   4.0742771018223670e-02   4.0673999473295898e-02   4.0363937645382889e-02   3.9788141172875310e-02   3.8923102332396133e-02   3.7756994932243083e-02   3.6299801855356875e-02   3.4587114545428850e-02   3.2676312575757011e-02   3.0638845460250148e-02   2.8552697459423064e-02   2.6496563686900447e-02   2.4545378212122056e-02   2.2766218973381269e-02   2.1213775917273275e-02   1.9925297772761589e-02   1.8916398734259800e-02   1.8180522045703931e-02   1.7693910896734215e-02   1.7424257806328149e-02   1.7338796959977410e-02   1.7409273791006097e-02   1.7613852166283465e-02   1.7937183211869150e-02   1.8369646303791905e-02   1.8906354496275524e-02   1.9546167745337559e-02   2.0290820148996375e-02   2.1144165085082291e-02   2.2111526219307936e-02   2.3199080753194469e-02   2.4413195311717838e-02   2.5759604227809700e-02   2.7242474071870477e-02   2.8863634359547176e-02   3.0622421783626771e-02   3.2516233128485790e-02   3.4541386631879660e-02   3.6693903141299486e-02   3.8970081608786962e-02   4.1366895236582164e-02   4.3882096040990443e-02   4.6513741915378347e-02   4.9258860882490922e-02   5.2111533167911638e-02   5.5061374296460186e-02   5.8093232837357969e-02   6.1187916023512680e-02   6.4323222837356905e-02   6.7474822325759770e-02   7.0616874757889192e-02   7.3722486631255302e-02   7.6764104579073913e-02   7.9713954946351584e-02
   8.8264367976218477e-02   9.0854949579180416e-02   9.3245818026855942e-02   9.5418476109162625e-02   9.7359525195710783e-02   9.9061475715922831e-02   1.0052313069283784e-01   1.0174936347325524e-01   1.0275033153702205e-01   1.0354025629529240e-01   1.0413602409966019e-01   1.0455576165530661e-01   1.0481749345986813e-01   1.0493790855613705e-01   1.0493127639459245e-01   1.0480856546408041e-01   1.0457683013065538e-01   1.0423892445574312e-01   1.0379355957697789e-01   1.0323568588949429e-01   1.0255713280346115e-01   1.0174743581709096e-01   1.0079478055259758e-01   9.9687031426969247e-02   9.8412825543699553e-02   9.6962727102444010e-02   9.5330402741639286e-02   9.3513742560610805e-02   9.1515793605790485e-02   8.9345353443591818e-02   8.7017071084361353e-02   8.4550962850771946e-02   8.1971326313013002e-02   7.9305138513539181e-02   7.6580104138525909e-02   7.3822591520806807e-02   7.1055719085080293e-02   6.8297857192006470e-02   6.5561760100228100e-02   6.2854467793395125e-02   6.0178000544332609e-02   5.7530754965415515e-02   5.4909402124491483e-02   5.2311032119814027e-02   4.9735265877137953e-02   4.7186077537222058e-02   4.4673096649439345e-02   4.2212210944944512e-02   3.9825353349857644e-02   3.7539475786002259e-02   3.5384846630185936e-02   3.3392945568150818e-02   3.1594278968263764e-02   3.0016414527535659e-02   2.8682423288309083e-02   2.7609802571433830e-02   2.6809851303145421e-02   2.6287415911406507e-02   2.6040899654058945e-02   2.6062434843476458e-02   2.6338131775801514e-02   2.6848344610790810e-02   2.7567917504109057e-02   2.8466402705504955e-02   2.9508267927361859e-02   3.0653149890557754e-02   3.1856266573722321e-02   3.3069199400871802e-02   3.4241396049341045e-02   3.5322860829998304e-02   3.6268310147410096e-02   3.7042068732588071e-02   3.7621246652636151e-02   3.7994327930611159e-02   3.8155249495637561e-02   3.8096700196443130e-02   3.7806443178397243e-02   3.7268263480104556e-02   3.6467527111355300e-02   3.5399879572896725e-02   3.4079297813198468e-02   3.2541030689112065e-02   3.0838404895393433e-02   2.9036403944755117e-02   2.7205285517956139e-02   2.5415550833832887e-02   2.3734064977420269e-02   2.2220602842280116e-02   2.0924172461063512e-02   1.9878917327454552e-02   1.9100412101771429e-02   1.8584424022854359e-02   1.8310153970186871e-02   1.8247374737450008e-02   1.8364102874906481e-02   1.8631931615954132e-02   1.9028453270993576e-02   1.9537699086901117e-02   2.0149584218107631e-02   2.0859007040406892e-02   2.1664897408477310e-02   2.2569350292522234e-02   2.3576867245245672e-02   2.4693701315460566e-02   2.5927238530768483e-02   2.7285331872904894e-02   2.8775460097796218e-02   3.0403697957316855e-02   3.2173722557454897e-02   3.4086346253677645e-02   3.6139848322203155e-02   3.8330820962468232e-02   4.0655069455514781e-02   4.3108296984778444e-02   4.5686510978029914e-02   4.8386021204578120e-02   5.1202798360815371e-02   5.4131027258291844e-02   5.7161255860368881e-02   6.0279116187594690e-02   6.3465332895068713e-02   6.6696707397544200e-02   6.9947331822579950e-02   7.3189570051690037e-02   7.6394754053968117e-02   7.9533707307820140e-02   8.2577226584946067e-02   8.5496619409806032e-02
   9.3879277814599399e-02   9.6378191896457854e-02   9.8650296127152981e-02   1.0068037683418124e-01   1.0245909780722912e-01   1.0398340146093585e-01   1.0525634619403088e-01   1.0628636300018367e-01   1.0708612561199747e-01   1.0767127404396226e-01   1.0805917724472329e-01   1.0826781273483649e-01   1.0831474574878619e-01   1.0821620534437129e-01   1.0798625049005890e-01   1.0763608276262564e-01   1.0717354554403978e-01   1.0660287383511162e-01   1.0592470502716567e-01   1.0513635620486271e-01   1.0423232219727452e-01   1.0320495824304088e-01   1.0204529100073303e-01   1.0074393274371557e-01   9.9292063069217007e-02   9.7682457150801108e-02   9.5910504178107536e-02   9.3975146965322984e-02   9.1879629931796769e-02   8.9631944951633916e-02   8.7244863186047572e-02   8.4735495182645698e-02   8.2124369575397441e-02   7.9434106335178917e-02   7.6687815050615171e-02   7.3907411403906650e-02   7.1112058461043376e-02   6.8316947805265676e-02   6.5532589108427311e-02   6.2764726372832133e-02   6.0014906623230592e-02   5.7281654237654037e-02   5.4562118741374240e-02   5.1854023066241532e-02   4.9157692652368024e-02   4.6477931343177875e-02   4.3825472889637132e-02   4.1217746930119550e-02   3.8678741338313768e-02   3.6237906290915681e-02   3.3928246415285225e-02   3.1783954308025025e-02   2.9837999743511825e-02   2.8120026389275184e-02   2.6654744467950020e-02   2.5460862550702741e-02   2.4550498946469355e-02   2.3928969439029224e-02   2.3594841339796297e-02   2.3540147998004853e-02   2.3750680106668955e-02   2.4206286879510625e-02   2.4881150329815815e-02   2.5744017904189925e-02   2.6758414222114203e-02   2.7882889292671173e-02   2.9071431247748997e-02   3.0274274424352703e-02   3.1439490807651342e-02   3.2515850853990946e-02   3.3457189514504791e-02   3.4227409915717003e-02   3.4803639292534591e-02   3.5174971115900948e-02   3.5337159294616186e-02   3.5286682200132959e-02   3.5017440057960009e-02   3.4521349403091671e-02   3.3792594184079747e-02   3.2834150838089424e-02   3.1663697870637428e-02   3.0315743661490053e-02   2.8839157732270311e-02   2.7292123907728810e-02   2.5736924325873343e-02   2.4235658437375480e-02   2.2846862231148977e-02   2.1622545893300850e-02   2.0605188379734834e-02   1.9824499427750067e-02   1.9294424349042324e-02   1.9011797632849523e-02   1.8958388477097264e-02   1.9106505491344392e-02   1.9425828990207606e-02   1.9888733113359328e-02   2.0473059937407393e-02   2.1162894949855744e-02   2.1948231498626437e-02   2.2824183059122368e-02   2.3790083802147623e-02   2.4848637802105104e-02   2.6005164957907837e-02   2.7266943129290747e-02   2.8642592940781815e-02   3.0141413028448149e-02   3.1772532985959494e-02   3.3543816617120074e-02   3.5460686457187557e-02   3.7525358284960508e-02   3.9736914900371276e-02   4.2092086757568051e-02   4.4586250544994724e-02   4.7214237844383902e-02   4.9970789503753492e-02   5.2850508675997429e-02   5.5847142391957448e-02   5.8952112564297048e-02   6.2152747176683988e-02   6.5431128199634203e-02   6.8764260096445706e-02   7.2125234584440409e-02   7.5484637802910093e-02   7.8811682273103881e-02   8.2075021268651016e-02   8.5243368623159274e-02   8.8286082796052712e-02   9.1173812390574566e-02
   9.9332013489360743e-02   1.0174410247856606e-01   1.0390573411804158e-01   1.0580518477257880e-01   1.0743703276318334e-01   1.0880203980423230e-01   1.0990646997955249e-01   1.1076102173061068e-01   1.1137963234192944e-01   1.1177836787802284e-01   1.1197446010860185e-01   1.1198548081326763e-01   1.1182858407875586e-01   1.1151979815346605e-01   1.1107335808606104e-01   1.1050112825346850e-01   1.0981215481363574e-01   1.0901240575681520e-01   1.0810471931195270e-01   1.0708897569801626e-01   1.0596246791012993e-01   1.0472044952753488e-01   1.0335681870169788e-01   1.0186491205874663e-01   1.0023836974110999e-01   9.8472038553217636e-02   9.6562854480406496e-02   9.4510637533662137e-02   9.2318706978262305e-02   8.9994230586808124e-02   8.7548226484235200e-02   8.4995178320422207e-02   8.2352264880661843e-02   7.9638266944621894e-02   7.6872257265298560e-02   7.4072226306407599e-02   7.1253808735542351e-02   6.8429280369893444e-02   6.5606962715423323e-02   6.2791135655109589e-02   5.9982496245747002e-02   5.7179152058212758e-02   5.4378079529071699e-02   5.1576941219818144e-02   4.8776098965528841e-02   4.5980601392902776e-02   4.3201831380829323e-02   4.0458448693969251e-02   3.7776295600176028e-02   3.5187154268137150e-02   3.2726555106372790e-02   3.0431121417680222e-02   2.8335972003224373e-02   2.6472565289119430e-02   2.4867122159279841e-02   2.3539607144075658e-02   2.2503166833794955e-02   2.1763919848453193e-02   2.1320999694236741e-02   2.1166762860163474e-02   2.1287084468836107e-02   2.1661674663343226e-02   2.2264372592396962e-02   2.3063397999293616e-02   2.4021579399737668e-02   2.5096623071405019e-02   2.6241567447952224e-02   2.7405684768272209e-02   2.8536246141128763e-02   2.9581621317599546e-02   3.0495801658114871e-02   3.1243276529744970e-02   3.1801840726865337e-02   3.2161342234891949e-02   3.2319077443705428e-02   3.2274805727177044e-02   3.2027956845002911e-02   3.1577938960940445e-02   3.0927153897278861e-02   3.0085457493440472e-02   2.9073998190861407e-02   2.7926469987492361e-02   2.6687277363748048e-02   2.5407818980934527e-02   2.4142435962537193e-02   2.2944870028679575e-02   2.1865335216405189e-02   2.0947947496482378e-02   2.0228231792293674e-02   1.9730586249708314e-02   1.9466004001165497e-02   1.9430981919301982e-02   1.9608924083046750e-02   1.9974489147401249e-02   2.0499414679893198e-02   2.1157511221970644e-02   2.1927569479435541e-02   2.2794373269869252e-02   2.3748551620472756e-02   2.4785897117884190e-02   2.5906520581858727e-02   2.7114018936815278e-02   2.8414729187080542e-02   2.9817070677910774e-02   3.1330936043674595e-02   3.2967031332710485e-02   3.4736032769142444e-02   3.6647446596863122e-02   3.8708289667407789e-02   4.0922056147755792e-02   4.3288519614639781e-02   4.5804407292314650e-02   4.8464466372256966e-02   5.1262402988234694e-02   5.4191418037470823e-02   5.7244179963102763e-02   6.0412118998306299e-02   6.3684027644050914e-02   6.7044399181910908e-02   7.0472318459904162e-02   7.3941624608817855e-02   7.7422134657109939e-02   8.0881225800992024e-02   8.4285173108664860e-02   8.7600144192521379e-02   9.0792962471194935e-02   9.3831820285030773e-02   9.6687049003627693e-02
   1.0457274381482506e-01   1.0690588282156399e-01   1.0896915936129106e-01   1.1075417161433004e-01   1.1225876153211063e-01   1.1348641381774144e-01   1.1444526435512302e-01   1.1514697817624489e-01   1.1560571222189865e-01   1.1583726345484985e-01   1.1585837849756096e-01   1.1568616168919228e-01   1.1533750929948429e-01   1.1482854383082525e-01   1.1417404723762142e-01   1.1338693396822458e-01   1.1247780798624560e-01   1.1145466051784880e-01   1.1032274057663638e-01   1.0908462110256288e-01   1.0774045254951783e-01   1.0628838958590557e-01   1.0472515798989931e-01   1.0304673424432979e-01   1.0124909867326473e-01   9.9329023711106343e-02   9.7284840955093349e-02   9.5117124650094573e-02   9.2829214271244354e-02   9.0427505932043045e-02   8.7921452065089500e-02   8.5323241608359843e-02   8.2647165439278442e-02   7.9908719311666043e-02   7.7123530857650724e-02   7.4306231121886959e-02   7.1469401571962216e-02   6.8622731497705453e-02   6.5772498813708696e-02   6.2921463628776653e-02   6.0069223966605134e-02   5.7213055290508893e-02   5.4349218587833259e-02   5.1474693765438853e-02   4.8589229467225256e-02   4.5697502381179450e-02   4.2811013069940174e-02   3.9949224522860156e-02   3.7139463211377330e-02   3.4415438136421866e-02   3.1814689247865395e-02   2.9375656345667849e-02   2.7134996296575481e-02   2.5125507861603655e-02   2.3374677811779029e-02   2.1903746821653278e-02   2.0727146642349491e-02   1.9852232189478999e-02   1.9279234871665545e-02   1.9001396418708363e-02   1.9005212944309832e-02   1.9270737168090288e-02   1.9771877958923337e-02   2.0476678886449873e-02   2.1347581782720920e-02   2.2341757378889764e-02   2.3411658444940975e-02   2.4506100878119406e-02   2.5572280916985338e-02   2.6559134433318178e-02   2.7421872173025622e-02   2.8126451395992867e-02   2.8651817539749366e-02   2.8988642367304890e-02   2.9135497975980515e-02   2.9094870954192512e-02   2.8870919095663458e-02   2.8469565199769925e-02   2.7900456982674411e-02   2.7179633753012328e-02   2.6331483312533464e-02   2.5389026824412502e-02   2.4392495083496661e-02   2.3386790897605848e-02   2.2418573698284178e-02   2.1533462756154073e-02   2.0773551559468043e-02   2.0175169389075664e-02   1.9766780062780296e-02   1.9566982987835851e-02   1.9582853340062663e-02   1.9809249524929656e-02   2.0230000006503351e-02   2.0821407874790795e-02   2.1557152428428580e-02   2.2412780494491438e-02   2.3368532146348119e-02   2.4410448165516779e-02   2.5530331523861409e-02   2.6725132998825910e-02   2.7996139938620532e-02   2.9348154765874712e-02   3.0788754074035460e-02   3.2327633109128229e-02   3.3976004410607538e-02   3.5745947376060794e-02   3.7649572986780330e-02   3.9697861048664143e-02   4.1899233189537102e-02   4.4258292729794979e-02   4.6775361114037253e-02   4.9447014841008767e-02   5.2267192335971352e-02   5.5228256688622336e-02   5.8321640076798749e-02   6.1537887595390792e-02   6.4866039418537136e-02   6.8292378661685790e-02   7.1798926917556516e-02   7.5362355419235375e-02   7.8954020103467554e-02   8.2541088964319290e-02   8.6088217220503888e-02   8.9559107922467310e-02   9.2917754191311264e-02   9.6129412835326167e-02   9.9161488723098351e-02   1.0198443861518898e-01
   1.0956428154473913e-01   1.1183004085701875e-01   1.1381107322025048e-01   1.1550160778094359e-01   1.1690164001126520e-01   1.1801604920141937e-01   1.1885355506653682e-01   1.1942573728342473e-01   1.1974623596088542e-01   1.1983015152854798e-01   1.1969357303301324e-01   1.1935316563558282e-01   1.1882574067798912e-01   1.1812778785439638e-01   1.1727495901134398e-01   1.1628154903054833e-01   1.1516001425479562e-01   1.1392060030047495e-01   1.1257111658462268e-01   1.1111690044120312e-01   1.0956096263655575e-01   1.0790431146775191e-01   1.0614641560629551e-01   1.0428578363304000e-01   1.0232061313087638e-01   1.0024947846360979e-01   9.8071998797018278e-02   9.5789437041618117e-02   9.3405158181970316e-02   9.0924894482422539e-02   8.8356761548453636e-02   8.5711009815473638e-02   8.2999510780188385e-02   8.0235027272768419e-02   7.7430329426030856e-02   7.4597260019520842e-02   7.1745845435472355e-02   6.8883569261992142e-02   6.6014893853668058e-02   6.3141121343558496e-02   6.0260643568948849e-02   5.7369641757868045e-02   5.4463258562347294e-02   5.1537274779168113e-02   4.8590227603004653e-02   4.5625797632625781e-02   4.2655003021813465e-02   3.9697555860288100e-02   3.6781699865965155e-02   3.3942401962052123e-02   3.1218401514808748e-02   2.8649085755885685e-02   2.6271863211053990e-02   2.4120295223606609e-02   2.2222829631995098e-02   2.0601956871910646e-02   1.9273617912481538e-02   1.8246826031399314e-02   1.7523466731390398e-02   1.7098286716330138e-02   1.6959024872957255e-02   1.7086654039033176e-02   1.7455663932395605e-02   1.8034367612179997e-02   1.8785225820839004e-02   1.9665289021251309e-02   2.0626923642401332e-02   2.1619153772142186e-02   2.2589979007505048e-02   2.3489914589763676e-02   2.4276327503906084e-02   2.4917265081569807e-02   2.5393100312161007e-02   2.5695337925683542e-02   2.5823600263659943e-02   2.5782573991334712e-02   2.5580286087472572e-02   2.5228046036447085e-02   2.4741572872265707e-02   2.4142223103609861e-02   2.3457343399320041e-02   2.2719532660471303e-02   2.1965339022857553e-02   2.1233669165180512e-02   2.0563938396341085e-02   1.9994028082476075e-02   1.9558253332511346e-02   1.9285428065084570e-02   1.9197071855126372e-02   1.9305806556660900e-02   1.9614172222180242e-02   2.0114326824912501e-02   2.0789272168907757e-02   2.1615916840860266e-02   2.2569317709842506e-02   2.3626669818337304e-02   2.4769907752998279e-02   2.5986753127316714e-02   2.7270667580759241e-02   2.8620230982013870e-02   3.0038319637974618e-02   3.1531273051772751e-02   3.3108147228890050e-02   3.4780060076872316e-02   3.6559598177118180e-02   3.8460180344081107e-02   4.0495235378748176e-02   4.2677033339491202e-02   4.5015184443182220e-02   4.7515195934957288e-02   5.0177771592802206e-02   5.2999193231243441e-02   5.5972442732096769e-02   5.9088373942272190e-02   6.2336482230969603e-02   6.5705055147765840e-02   6.9180693103961341e-02   7.2747255490951027e-02   7.6384566494914596e-02   8.0067390444591519e-02   8.3765313155484675e-02   8.7443650364345482e-02   9.1065073683930742e-02   9.4591334178410882e-02   9.7984782467174791e-02   1.0120960816831791e-01   1.0423293123850942e-01   1.0702582339009303e-01
   1.1428622055119722e-01   1.1649936043616670e-01   1.1841704732494897e-01   1.2003507280190577e-01   1.2135433595488915e-01   1.2237990711847221e-01   1.2312008768815784e-01   1.2358564035333590e-01   1.2378920881097255e-01   1.2374492966272285e-01   1.2346813095873332e-01   1.2297506949711377e-01   1.2228260619828435e-01   1.2140781166655688e-01   1.2036746356933750e-01   1.1917749959915555e-01   1.1785245496851569e-01   1.1640499396704085e-01   1.1484557237276766e-01   1.1318230483142673e-01   1.1142101668612073e-01   1.0956548896803286e-01   1.0761783541680933e-01   1.0557899689794660e-01   1.0344929521435520e-01   1.0122902940076529e-01   9.8919055739590381e-02   9.6521320632757659e-02   9.4039275236628680e-02   9.1478135675910774e-02   8.8844929974726428e-02   8.6148327064932140e-02   8.3398232499269961e-02   8.0605201861915485e-02   7.7779708157860755e-02   7.4931359476362494e-02   7.2068129534088143e-02   6.9195711526971099e-02   6.6317052182433625e-02   6.3432166022064959e-02   6.0538271061721105e-02   5.7630347352952076e-02   5.4702167892653683e-02   5.1747917190049557e-02   4.8764384055883125e-02   4.5753610432643581e-02   4.2725430951697674e-02   3.9699070812366247e-02   3.6702887797958481e-02   3.3772198495901205e-02   3.0945981533379720e-02   2.8263677094162380e-02   2.5762736052004812e-02   2.3476991992930428e-02   2.1435574300609127e-02   1.9662127576235509e-02   1.8174181763725279e-02   1.6982653819530583e-02   1.6091481402537834e-02   1.5497429344727644e-02   1.5190062604793357e-02   1.5151872931624642e-02   1.5358513776488152e-02   1.5779117591729779e-02   1.6376707660557370e-02   1.7108793802709313e-02   1.7928349345564573e-02   1.8785452996042687e-02   1.9629888555063868e-02   2.0414689860789453e-02   2.1100070823676167e-02   2.1656509060371101e-02   2.2065912730826913e-02   2.2320605304126974e-02   2.2421081621832650e-02   2.2373760300905363e-02   2.2189706346641615e-02   2.1884478001264598e-02   2.1478635906802074e-02   2.0997898096467515e-02   2.0472213965946652e-02   1.9934030668357340e-02   1.9416821561286927e-02   1.8954153944735951e-02   1.8578778129389614e-02   1.8321339300802451e-02   1.8208817325339112e-02   1.8262892711660313e-02   1.8498406737548930e-02   1.8922045977607799e-02   1.9531494672380668e-02   2.0315443308585535e-02   2.1254946591626998e-02   2.2326341545416177e-02   2.3505158843943833e-02   2.4769781422022484e-02   2.6103795935211272e-02   2.7496853525212250e-02   2.8944474190081039e-02   3.0447308756202038e-02   3.2010233014519482e-02   3.3641462032164872e-02   3.5351777916018332e-02   3.7153870975115189e-02   3.9061756180215360e-02   4.1090154627673146e-02   4.3253691205466044e-02   4.5565732117528714e-02   4.8036845170244230e-02   5.0673219645114877e-02   5.3475765600795006e-02   5.6440339425845074e-02   5.9558857098241588e-02   6.2820561436927352e-02   6.6212918777751401e-02   6.9721899996405087e-02   7.3331663918670048e-02   7.7023726506402268e-02   8.0775908999498686e-02   8.4561444208311451e-02   8.8348768767825603e-02   9.2102188055172216e-02   9.5783327909554836e-02   9.9352891173402777e-02   1.0277238880010843e-01   1.0600563580912921e-01   1.0902004056532788e-01   1.1178769041221526e-01
   1.1873483986875213e-01   1.2091151080624746e-01   1.2278530936146778e-01   1.2435250432809401e-01   1.2561384280274945e-01   1.2657369257584716e-01   1.2723925274146450e-01   1.2761998003461017e-01   1.2772718867074984e-01   1.2757383826137625e-01   1.2717438271921247e-01   1.2654464738717891e-01   1.2570160438470021e-01   1.2466303726740884e-01   1.2344702626271041e-01   1.2207133296586400e-01   1.2055271807550136e-01   1.1890634437844548e-01   1.1714532076726308e-01   1.1528048328907713e-01   1.1332038290717239e-01   1.1127147453833358e-01   1.0913843303277769e-01   1.0692456918432039e-01   1.0463229554440050e-01   1.0226362761798390e-01   9.9820682570316094e-02   9.7306149048317386e-02   9.4723675008244287e-02   9.2078135814655418e-02   8.9375728446109234e-02   8.6623879289054073e-02   8.3830947266369776e-02   8.1005760870178370e-02   7.8157013264584407e-02   7.5292596501377707e-02   7.2418921898645752e-02   6.9540322271607599e-02   6.6658580497091224e-02   6.3772679519666642e-02   6.0878817460922705e-02   5.7970807265137508e-02   5.5040946815358691e-02   5.2081540897681800e-02   4.9087144136266095e-02   4.6057464222495910e-02   4.3000294956001432e-02   3.9933402556797712e-02   3.6884235293743961e-02   3.3887445601684982e-02   3.0981375804356781e-02   2.8204865079075839e-02   2.5594977664397993e-02   2.3185540448434107e-02   2.1006166190204102e-02   1.9081497777299682e-02   1.7430552253942543e-02   1.6066132099725263e-02   1.4994334485825239e-02   1.4214190576900421e-02   1.3717478476250090e-02   1.3488702572565545e-02   1.3505252715673446e-02   1.3737707281480448e-02   1.4150344367495606e-02   1.4701913262006511e-02   1.5346896780892884e-02   1.6037425492627003e-02   1.6726042008732192e-02   1.7369054984043272e-02   1.7929926967526294e-02   1.8381688199896024e-02   1.8707792712640246e-02   1.8901373080786890e-02   1.8963660812667815e-02   1.8902407293009307e-02   1.8730963813214180e-02   1.8468082912178121e-02   1.8137989368658361e-02   1.7769797216645337e-02   1.7395639394707018e-02   1.7048046301819938e-02   1.6758070840051958e-02   1.6554702068884847e-02   1.6464716949217841e-02   1.6512120052053235e-02   1.6717074989265800e-02   1.7094582903285017e-02   1.7653167374491539e-02   1.8393773934967262e-02   1.9309141044353384e-02   2.0384007917685170e-02   2.1596590185182698e-02   2.2921513055544556e-02   2.4333685167023583e-02   2.5811902075187094e-02   2.7341062894098572e-02   2.8912793289103150e-02   3.0524959666138388e-02   3.2180675922439443e-02   3.3887210126578055e-02   3.5654986041311246e-02   3.7496754875870210e-02   3.9426923040534717e-02   4.1460979510095572e-02   4.3614901322349103e-02   4.5904380570198175e-02   4.8343682873967314e-02   5.0944098130023846e-02   5.3712273227991152e-02   5.6649151878718752e-02   5.9750059878564257e-02   6.3005786291092686e-02   6.6403931725468837e-02   6.9929926677455206e-02   7.3567455575420784e-02   7.7298310864596625e-02   8.1101788279645065e-02   8.4953882644063991e-02   8.8826576595926660e-02   9.2687631936786988e-02   9.6501081247863843e-02   1.0022845732938235e-01   1.0383045022933718e-01   1.0726869819007313e-01   1.1050743505415188e-01   1.1351488289338542e-01   1.1626433221428711e-01
   1.2291786494379861e-01   1.2507353780438252e-01   1.2692143617905050e-01   1.2845746749003281e-01   1.2968149668965767e-01   1.3059660173986026e-01   1.3120843237638147e-01   1.3152479140375448e-01   1.3155539016749285e-01   1.3131178887602651e-01   1.3080740208004904e-01   1.3005752024159450e-01   1.2907920045113136e-01   1.2789097996877419e-01   1.2651232904245219e-01   1.2496291735943008e-01   1.2326177317852732e-01   1.2142652626800693e-01   1.1947284641133235e-01   1.1741415939958808e-01   1.1526161503485303e-01   1.1302424438000219e-01   1.1070923758828706e-01   1.0832227825908557e-01   1.0586791993800698e-01   1.0334997651389104e-01   1.0077193492153419e-01   9.8137356188012947e-02   9.5450245219407509e-02   9.2715333178943760e-02   8.9938235245901846e-02   8.7125443548646847e-02   8.4284142137268175e-02   8.1421854380614139e-02   7.8545952180922834e-02   7.5663079965140975e-02   7.2778545010998244e-02   6.9895742419325863e-02   6.7015666959033424e-02   6.4136582545733262e-02   6.1253910301718270e-02   5.8360443688414816e-02   5.5447025090526909e-02   5.2503900994716246e-02   4.9522949372709818e-02   4.6500786617877890e-02   4.3442143752211962e-02   4.0362160510255735e-02   3.7286248454098593e-02   3.4247476312606419e-02   3.1282935539498784e-02   2.8430532072730622e-02   2.5726781547498336e-02   2.3205397951020994e-02   2.0896347740352900e-02   1.8825094428284662e-02   1.7011929177309083e-02   1.5471335345723775e-02   1.4211425831818432e-02   1.3233469929940546e-02   1.2531583102096087e-02   1.2092578233870773e-02   1.1896045457286140e-02   1.1914637242758768e-02   1.2114665341005769e-02   1.2457044254393063e-02   1.2898783926662105e-02   1.3395080979639186e-02   1.3902061571963317e-02   1.4379816568266347e-02   1.4795225537507131e-02   1.5123874710550655e-02   1.5350751683924406e-02   1.5469808130449889e-02   1.5482920736180086e-02   1.5398846548098824e-02   1.5232581161432307e-02   1.5005151460259422e-02   1.4743395920476202e-02   1.4478916844416573e-02   1.4245578189748901e-02   1.4076164258790649e-02   1.3999958789898841e-02   1.4042195863719201e-02   1.4224456634514222e-02   1.4564774830257289e-02   1.5077073560493816e-02   1.5770175778177475e-02   1.6646705698475244e-02   1.7702157153701947e-02   1.8924399676380117e-02   2.0293985010045264e-02   2.1785667823693934e-02   2.3371388533137891e-02   2.5024296673330164e-02   2.6722600437623471e-02   2.8451893947389732e-02   3.0205599101410484e-02   3.1984082403184309e-02   3.3793246124797685e-02   3.5643112822878104e-02   3.7546629891060501e-02   3.9518744230656572e-02   4.1575704441028712e-02   4.3734501261839059e-02   4.6012307248201816e-02   4.8425743135811140e-02   5.0989776445840379e-02   5.3716189022117444e-02   5.6611874979631285e-02   5.9677659464121596e-02   6.2908264607433179e-02   6.6293343641285529e-02   6.9818893649240654e-02   7.3468387555487985e-02   7.7223344190716553e-02   8.1063352584820794e-02   8.4965685136441399e-02   8.8904727281507681e-02   9.2851468228187808e-02   9.6773358018144878e-02   1.0063471398220393e-01   1.0439774698693893e-01   1.0802404493498119e-01   1.1147626049869866e-01   1.1471974501962259e-01   1.1772391483168225e-01   1.2046325713408987e-01
   1.2684706004259524e-01   1.2899527586318346e-01   1.3083278228957063e-01   1.3235461247824665e-01   1.3355932192647862e-01   1.3444834944383210e-01   1.3502550633937810e-01   1.3529667753706770e-01   1.3526971799149359e-01   1.3495453787403328e-01   1.3436328306361275e-01   1.3351052137309882e-01   1.3241327504081443e-01   1.3109077955596982e-01   1.2956387967651062e-01   1.2785411977144029e-01   1.2598270616211554e-01   1.2396957402181948e-01   1.2183275300812862e-01   1.1958806309098341e-01   1.1724910625336292e-01   1.1482741526991898e-01   1.1233269811359962e-01   1.0977308789384067e-01   1.0715541307851210e-01   1.0448546382370620e-01   1.0176829654851267e-01   9.9008555036197168e-02   9.6210812513439159e-02   9.3379877405214140e-02   9.0521022755201991e-02   8.7640079003937804e-02   8.4743367115044682e-02   8.1837459553716019e-02   7.8928793648243567e-02   7.6023172050920199e-02   7.3125204765416119e-02   7.0237742478778162e-02   6.7361359013152933e-02   6.4493933057943070e-02   6.1630399573414069e-02   5.8762760913881648e-02   5.5880524126091985e-02   5.2971808330208134e-02   5.0025448041862916e-02   4.7034224528173948e-02   4.3998724635840931e-02   4.0930249457827292e-02   3.7851101395311268e-02   3.4792029046781935e-02   3.1788480536559111e-02   2.8877280008797211e-02   2.6094343055445300e-02   2.3473222154678678e-02   2.1044134385598295e-02   1.8833196423750906e-02   1.6861747331772890e-02   1.5145698064783520e-02   1.3694937283601541e-02   1.2512803583853423e-02   1.1595702124087465e-02   1.0932881979341422e-02   1.0506461959047071e-02   1.0291717680230456e-02   1.0257740489625140e-02   1.0368509203449672e-02   1.0584497557504055e-02   1.0864803412084525e-02   1.1169711540066615e-02   1.1463361705854366e-02   1.1716084127103780e-02   1.1905988506425061e-02   1.2019609449411356e-02   1.2051756525623805e-02   1.2004905486754119e-02   1.1888564055346218e-02   1.1718851793781210e-02   1.1518305268203237e-02   1.1315488102952728e-02   1.1143684852465641e-02   1.1038044955590545e-02   1.1031714200930361e-02   1.1152818832737679e-02   1.1423682468336728e-02   1.1861527373338156e-02   1.2479145788856460e-02   1.3284840712210755e-02   1.4281789115149714e-02   1.5467166493841562e-02   1.6831363149123247e-02   1.8357571434465529e-02   2.0022113396582875e-02   2.1795922341967210e-02   2.3647527022288683e-02   2.5547285019131061e-02   2.7471714006187843e-02   2.9406253250838160e-02   3.1345714331269883e-02   3.3292963740007439e-02   3.5256931456149984e-02   3.7250710649499016e-02   3.9290055864138612e-02   4.1392308209723130e-02   4.3575656062974040e-02   4.5858592682659377e-02   4.8259403649674390e-02   5.0795488184450815e-02   5.3482319800191497e-02   5.6331957685558015e-02   5.9351353017196726e-02   6.2541091798136550e-02   6.5895258176691549e-02   6.9402413935830951e-02   7.3047054146331739e-02   7.6810845486804447e-02   8.0673338237365444e-02   8.4612157281295966e-02   8.8602816880381893e-02   9.2618363556424096e-02   9.6629061166962890e-02   1.0060234237969380e-01   1.0450318889715583e-01   1.0829499951129250e-01   1.1194086749820169e-01   1.1540506620164798e-01   1.1865452815483785e-01   1.2166008031306544e-01   1.2439732559863756e-01
   1.3053231333439519e-01   1.3268439635968260e-01   1.3452445050336351e-01   1.3604640809906415e-01   1.3724732640745982e-01   1.3812683908780010e-01   1.3868675003586511e-01   1.3893083057742750e-01   1.3886484292241014e-01   1.3849677256703072e-01   1.3783720585395776e-01   1.3689971604801707e-01   1.3570107168916148e-01   1.3426104450098875e-01   1.3260171520920025e-01   1.3074633308466632e-01   1.2871805120236113e-01   1.2653883918909747e-01   1.2422882421626143e-01   1.2180601689892062e-01   1.1928634215211550e-01   1.1668378951802597e-01   1.1401061371819432e-01   1.1127750392842845e-01   1.0849373684804443e-01   1.0566731593539100e-01   1.0280514004362065e-01   9.9913227403213206e-02   9.6996999513758814e-02   9.4061604888082032e-02   9.1112217005263937e-02   8.8154248662047532e-02   8.5193413517607480e-02   8.2235616256183294e-02   7.9286667235816094e-02   7.6351858528406105e-02   7.3435442515856375e-02   7.0540066975824670e-02   6.7666215596854859e-02   6.4811701805182600e-02   6.1971274401806505e-02   5.9136417316059835e-02   5.6295506837504193e-02   5.3434600126502210e-02   5.0539287809933081e-02   4.7597946154803873e-02   4.4606077823362789e-02   4.1570050670402731e-02   3.8508090765250039e-02   3.5447977726374993e-02   3.2423167194228303e-02   2.9469241230102455e-02   2.6621431240211803e-02   2.3913050437734732e-02   2.1374461156054785e-02   1.9032288993669724e-02   1.6908738797359164e-02   1.5020945146740806e-02   1.3380368840832348e-02   1.1992255293743571e-02   1.0855222979635856e-02   9.9610189441599710e-03   9.2945278515742871e-03   8.8340790684514059e-03   8.5521425039770116e-03   8.4164587035018279e-03   8.3916458916827585e-03   8.4412350352657678e-03   8.5299731319607441e-03   8.6261291492881337e-03   8.7034554156884963e-03   8.7425606302168613e-03   8.7315711724220701e-03   8.6662174759528088e-03   8.5495635251957025e-03   8.3916789833657357e-03   8.2094000037609971e-03   8.0261612520756698e-03   7.8715303157851080e-03   7.7797952801068951e-03   7.7869784460472720e-03   7.9266416010702733e-03   8.2263058796577977e-03   8.7062228176985786e-03   9.3801282467583704e-03   1.0256346265474638e-02   1.1338213800591447e-02   1.2623815143058907e-02   1.4105345946024105e-02   1.5768471747419965e-02   1.7591972055708397e-02   1.9548040845747856e-02   2.1603659464284344e-02   2.3723495248241040e-02   2.5874295573380009e-02   2.8029815046596226e-02   3.0174335703394201e-02   3.2303436051496950e-02   3.4422311068883021e-02   3.6543054015367032e-02   3.8682083042535308e-02   4.0858196632489033e-02   4.3091285964075729e-02   4.5401535621307179e-02   4.7808906887023890e-02   5.0332688573640851e-02   5.2990895022734207e-02   5.5799309413399362e-02   5.8770073116115290e-02   6.1910033918724662e-02   6.5219457277075718e-02   6.8691795534471134e-02   7.2314609274870961e-02   7.6071044144113503e-02   7.9941165659701593e-02   8.3902804837011097e-02   8.7931909221851789e-02   9.2002539756179252e-02   9.6086703178860172e-02   1.0015420621483317e-01   1.0417270593772969e-01   1.0810808410309145e-01   1.1192519255228389e-01   1.1558892618672093e-01   1.1906547243610544e-01   1.2232356193315137e-01   1.2533551987040528e-01   1.2807799922258772e-01
   1.3397855452322563e-01   1.3614382501015360e-01   1.3799711729237679e-01   1.3953125125691607e-01   1.4074177975392932e-01   1.4162651163603868e-01   1.4218518120732199e-01   1.4241932003328028e-01   1.4233238844129931e-01   1.4193015779253232e-01   1.4122130524473020e-01   1.4021804507856581e-01   1.3893655461056031e-01   1.3739684750363035e-01   1.3562195918389264e-01   1.3363654611614734e-01   1.3146539518249181e-01   1.2913223435084126e-01   1.2665907993836564e-01   1.2406600561847156e-01   1.2137118582736625e-01   1.1859103192303801e-01   1.1574034074976949e-01   1.1283240048090548e-01   1.0987904859101476e-01   1.0689070130494532e-01   1.0387638520408088e-01   1.0084383590519078e-01   9.7799681241066888e-02   9.4749744376622314e-02   9.1699388248786512e-02   8.8653854250640138e-02   8.5618469780595577e-02   8.2598692108359573e-02   7.9599937898109166e-02   7.6627240605806002e-02   7.3684760528210602e-02   7.0775216203974839e-02   6.7899275743236592e-02   6.5054963381488390e-02   6.2237120936098275e-02   5.9437000477288421e-02   5.6642127710268761e-02   5.3836729185420554e-02   5.1003229837069688e-02   4.8125388942929614e-02   4.5193029083459547e-02   4.2206703470110019e-02   3.9179644437328354e-02   3.6135929583627054e-02   3.3106533380247619e-02   3.0125492677807619e-02   2.7227161261061381e-02   2.4444470765218558e-02   2.1807806860115641e-02   1.9344186196383485e-02   1.7076559402427662e-02   1.5023163664183924e-02   1.3196921493162633e-02   1.1604905584962407e-02   1.0247927840094153e-02   9.1203044681121559e-03   8.2098739605512075e-03   7.4983261704357450e-03   6.9619097669972596e-03   6.5725509777567331e-03   6.2993788103005571e-03   6.1105848121772305e-03   5.9754504371805212e-03   5.8663290711636201e-03   5.7603288009180770e-03   5.6405398354292535e-03   5.4967338608667565e-03   5.3256323118328480e-03   5.1308928704147522e-03   4.9230098459262794e-03   4.7192221351781832e-03   4.5433861956279409e-03   4.4255015064634945e-03   4.4003066668691776e-03   4.5043328143825438e-03   4.7715775641348282e-03   5.2294394945391655e-03   5.8969041547835832e-03   6.7851074528194073e-03   7.8987110082307729e-03   9.2367673170527832e-03   1.0792836255899196e-02   1.2554610854530666e-02   1.4503426738475626e-02   1.6613958705986007e-02   1.8854470966855098e-02   2.1188041005565747e-02   2.3575286912780241e-02   2.5978811191902450e-02   2.8368698852710459e-02   3.0727032275624511e-02   3.3049360352628052e-02   3.5342856006392379e-02   3.7622783875331321e-02   3.9909055626387108e-02   4.2223684526524211e-02   4.4589209349384845e-02   4.7027815123702632e-02   4.9560853286418266e-02   5.2208474252345149e-02   5.4989128273111865e-02   5.7918714423985149e-02   6.1009280572156793e-02   6.4267442732510616e-02   6.7693100293061581e-02   7.1279121849702157e-02   7.5012195894128733e-02   7.8874309026518916e-02   8.2844162447010455e-02   8.6898142872339740e-02   9.1010822760179438e-02   9.5155119422971626e-02   9.9302291225932898e-02   1.0342193228690183e-01   1.0748210726698244e-01   1.1144972308759488e-01   1.1529117522253085e-01   1.1897323304040744e-01   1.2246405990518197e-01   1.2573422564441655e-01   1.2875756099789956e-01   1.3151174300723673e-01
   1.3718486582457162e-01   1.3937091856177714e-01   1.4124622103729356e-01   1.4280261436713065e-01   1.4403427469975175e-01   1.4493728424797120e-01   1.4550934378499070e-01   1.4574969091933795e-01   1.4565931114326283e-01   1.4524146009561495e-01   1.4450248876374533e-01   1.4345277060887679e-01   1.4210740508139869e-01   1.4048620224838670e-01   1.3861275124576422e-01   1.3651277704901293e-01   1.3421244731627169e-01   1.3173711093688914e-01   1.2911062505430532e-01   1.2635511779251066e-01   1.2349099234688547e-01   1.2053702480298013e-01   1.1751046685348701e-01   1.1442711510299355e-01   1.1130132172596083e-01   1.0814596114332778e-01   1.0497236303780362e-01   1.0179028422673175e-01   9.8607956396383173e-02   9.5432295898830538e-02   9.2269234604422545e-02   8.9124147683689953e-02   8.6002213533391006e-02   8.2908634224578059e-02   7.9848610448455454e-02   7.6827098158689613e-02   7.3848358422975491e-02   7.0915382397758409e-02   6.8029232353765706e-02   6.5188361853247501e-02   6.2387944707126122e-02   5.9619279591459351e-02   5.6869383266907159e-02   5.4121059826959750e-02   5.1353987594920429e-02   4.8547577223882636e-02   4.5685860937959066e-02   4.2762977290496718e-02   3.9786246155589511e-02   3.6775113226523243e-02   3.3757333892225842e-02   3.0764881868768232e-02   2.7830889612454831e-02   2.4987679660247092e-02   2.2265510795336771e-02   1.9691689968272384e-02   1.7289848578772089e-02   1.5079287494349973e-02   1.3074376654359697e-02   1.1284028933760308e-02   9.7113011407003874e-03   8.3531771394370780e-03   7.2006014262645003e-03   6.2388185741317301e-03   5.4480650934188857e-03   4.8046296102994268e-03   4.2822515342101769e-03   3.8537776950549468e-03   3.4929298178865975e-03   3.1760141830089739e-03   2.8833930902040644e-03   2.6006085109867849e-03   2.3191140720391912e-03   2.0366771489765956e-03   1.7575529809072260e-03   1.4925552316508162e-03   1.2590816385759512e-03   1.0810407294619406e-03   9.8841519724215954e-04   1.0159506163419929e-03   1.2003709873945612e-03   1.5760961804211493e-03   2.1708118216352615e-03   3.0029974544279591e-03   4.0820754691339341e-03   5.4098725650564162e-03   6.9818599015139407e-03   8.7876536779246742e-03   1.0810926610316969e-02   1.3029084387171682e-02   1.5413026432970843e-02   1.7927346459113674e-02   2.0531394217517748e-02   2.3181772978552853e-02   2.5836705991148522e-02   2.8461972231775413e-02   3.1036507599524116e-02   3.3554937560415284e-02   3.6025891104193956e-02   3.8467663827634377e-02   4.0903716270863047e-02   4.3359355717475706e-02   4.5859786806551672e-02   4.8429134268521003e-02   5.1090012176904759e-02   5.3863259569756919e-02   5.6767567618885656e-02   5.9818759616429670e-02   6.3028629745106923e-02   6.6403466671329653e-02   6.9942793473440762e-02   7.3638978867276703e-02   7.7477997836147061e-02   8.1440891575800756e-02   8.5505247507833615e-02   8.9646285395260983e-02   9.3837493940075081e-02   9.8050934002249443e-02   1.0225737289176673e-01   1.0642639251832861e-01   1.1052659051485988e-01   1.1452594580649991e-01   1.1839237918018507e-01   1.2209447899031667e-01   1.2560231815822481e-01   1.2888825127637427e-01   1.3192758446763592e-01   1.3469902414329835e-01
   1.4014474760607862e-01   1.4235761073715275e-01   1.4426195470382036e-01   1.4584886523927532e-01   1.4711136230469837e-01   1.4804398979790528e-01   1.4864253570636549e-01   1.4890395767170872e-01   1.4882663066456808e-01   1.4841097930583863e-01   1.4766053423617193e-01   1.4658321195828844e-01   1.4519239348826674e-01   1.4350712640277108e-01   1.4155113963327959e-01   1.3935099501803461e-01   1.3693418097984714e-01   1.3432772515594016e-01   1.3155741879946475e-01   1.2864750246935994e-01   1.2562059507689213e-01   1.2249774225444082e-01   1.1929848649964031e-01   1.1604092577074707e-01   1.1274172103988765e-01   1.0941605354064013e-01   1.0607752346191873e-01   1.0273804123890851e-01   9.9407749893573455e-02   9.6095090409158729e-02   9.2807031425370320e-02   8.9549494713468486e-02   8.6327823834458847e-02   8.3147186264473774e-02   8.0012729395309568e-02   7.6929469821409052e-02   7.3901905347269869e-02   7.0933440766245470e-02   6.8025681551765083e-02   6.5177672474000525e-02   6.2385112490453504e-02   5.9639605121103820e-02   5.6928034816153252e-02   5.4232331764757981e-02   5.1530151940577827e-02   4.8797309026151550e-02   4.6012487010076007e-02   4.3163200901277024e-02   4.0250010982561688e-02   3.7286605073732805e-02   3.4296488080705997e-02   3.1308789483661392e-02   2.8354887091897499e-02   2.5466152187115464e-02   2.2672512861891182e-02   2.0001462412616827e-02   1.7477281397965613e-02   1.5120354480317809e-02   1.2946557259145505e-02   1.0966727736427925e-02   9.1862716239394897e-03   7.6049552690456972e-03   6.2169451307359375e-03   5.0111398674703694e-03   3.9718243522333940e-03   3.0796454656068228e-03   2.3128692434753878e-03   1.6488403829504200e-03   1.0655218968659008e-03   5.4298269559770185e-04   6.4702878330033520e-05  -3.8138317690773749e-04  -8.0213633211001500e-04  -1.1987184890026037e-03  -1.5662870154494607e-03  -1.8937992124205549e-03  -2.1638928556274722e-03  -2.3528985501864025e-03  -2.4312065201331778e-03  -2.3644284257428594e-03  -2.1159274414692675e-03  -1.6509094279268458e-03  -9.4107175194153847e-04   3.2255513515485473e-05   1.2776542153433573e-03   2.7949627504203663e-03   4.5767963765442708e-03   6.6094219021236005e-03   8.8729773558076271e-03   1.1341340948699728e-02   1.3981975795623675e-02   1.6756097139850979e-02   1.9619583464125821e-02   2.2525221288248035e-02   2.5426891916556019e-02   2.8285761670073156e-02   3.1076902167728352e-02   3.3793142331667483e-02   3.6443915024729240e-02   3.9050239248035114e-02   4.1639028692431898e-02   4.4238838460177954e-02   4.6877455069884076e-02   4.9580805522410919e-02   5.2372586094569976e-02   5.5274121814952129e-02   5.8304137906692415e-02   6.1478195422306321e-02   6.4807690508473820e-02   6.8298512174038054e-02   7.1949824014988978e-02   7.5753606518122435e-02   7.9695303842444803e-02   8.3755237982411426e-02   8.7910133117133832e-02   9.2134305008986256e-02   9.6400422420828108e-02   1.0067993731660699e-01   1.0494333578349058e-01   1.0916033733008956e-01   1.1330014492565012e-01   1.1733180180016897e-01   1.2122467969724826e-01   1.2494907166656760e-01   1.2847683928685008e-01   1.3178202856725316e-01   1.3484137905377519e-01   1.3763465154770499e-01
   1.4284682983747651e-01   1.4509098560632841e-01   1.4702968003399736e-01   1.4865351385959399e-01   1.4995462584012897e-01   1.5092627219735744e-01   1.5156251479831503e-01   1.5185810649290726e-01   1.5180871575235874e-01   1.5141161728268582e-01   1.5066696474908658e-01   1.4957949760804995e-01   1.4816015166060065e-01   1.4642665676129801e-01   1.4440259075928752e-01   1.4211530839033237e-01   1.3959373341860742e-01   1.3686672886246856e-01   1.3396214324388128e-01   1.3090637219904042e-01   1.2772420669536561e-01   1.2443883377457575e-01   1.2107188904988214e-01   1.1764351805529215e-01   1.1417240507806765e-01   1.1067575633530030e-01   1.0716922010053322e-01   1.0366676282574162e-01   1.0018052938235353e-01   9.6720777120492998e-02   9.3295955480288392e-02   8.9913017344793289e-02   8.6577896394838483e-02   8.3296034383886039e-02   8.0072729027998280e-02   7.6913194407660285e-02   7.3822274601774623e-02   7.0803891419438894e-02   6.7860301535646400e-02   6.4991262124417692e-02   6.2193152514970040e-02   5.9458111969184699e-02   5.6773269618805862e-02   5.4120291337364720e-02   5.1475712189803763e-02   4.8812856372377735e-02   4.6106031568804898e-02   4.3336456585159971e-02   4.0497371485379574e-02   3.7595530639434500e-02   3.4648896918086328e-02   3.1682675785476830e-02   2.8725711000696701e-02   2.5807912905720751e-02   2.2958577742020633e-02   2.0205239768744429e-02   1.7572797292218948e-02   1.5082768554632439e-02   1.2752635883016590e-02   1.0595289791548588e-02   8.6186165696610050e-03   6.8252808140435691e-03   5.2127517266514801e-03   3.7736095877705118e-03   2.4961458833147598e-03   1.3652465999834384e-03   3.6351225030954726e-04  -5.2745759472203058e-04  -1.3257161752930208e-03  -2.0476609478249364e-03  -2.7068611811205401e-03  -3.3130829929436251e-03  -3.8715358865663296e-03  -4.3823209202245028e-03  -4.8400371527197866e-03  -5.2334977843305208e-03  -5.5455371720201374e-03  -5.7529611327960389e-03  -5.8268231647526647e-03  -5.7334023376711257e-03  -5.4364156543264160e-03  -4.9007956621130791e-03  -4.0973902796686175e-03  -3.0067199904571691e-03  -1.6201927889528608e-03   6.0906575150137046e-05   2.0270882529500878e-03   4.2618830987142409e-03   6.7423882490861113e-03   9.4393581587228440e-03   1.2317160471071882e-02   1.5333939589596859e-02   1.8442403999598501e-02   2.1591830810147931e-02   2.4732012926467702e-02   2.7819529265833975e-02   3.0825198829233652e-02   3.3739335359530095e-02   3.6571464528512752e-02   3.9344854115589280e-02   4.2089589925816531e-02   4.4837263978915395e-02   4.7618031652032995e-02   5.0459395470182473e-02   5.3385901645025602e-02   5.6419136269654557e-02   5.9577649971368989e-02   6.2876562764142399e-02   6.6326742125104310e-02   6.9933620807653502e-02   7.3696039676061711e-02   7.7605720422966470e-02   8.1647772584714243e-02   8.5802030150450515e-02   9.0044595613089515e-02   9.4349120862645922e-02   9.8687681898071353e-02   1.0303132387755116e-01   1.0735041082050506e-01   1.1161489982927404e-01   1.1579462837314473e-01   1.1985966194531311e-01   1.2378072125854271e-01   1.2752966971638635e-01   1.3108002307012992e-01   1.3440741851953170e-01   1.3748998880195784e-01   1.4030858531332102e-01
   1.4527570329304185e-01   1.4755402483952840e-01   1.4953057479304205e-01   1.5119575343974692e-01   1.5254111703178136e-01   1.5355891958095957e-01   1.5424173012466980e-01   1.5458222741683592e-01   1.5457333064204443e-01   1.5420888274944247e-01   1.5348511330699718e-01   1.5240286551562360e-01   1.5096994226808602e-01   1.4920230708590887e-01   1.4712324090400686e-01   1.4476095469488692e-01   1.4214595435142058e-01   1.3930906413948149e-01   1.3628025262917573e-01   1.3308805642875465e-01   1.2975935493350330e-01   1.2631933064713624e-01   1.2279151247268569e-01   1.1919784591066927e-01   1.1555875154146850e-01   1.1189314812537030e-01   1.0821842139852705e-01   1.0455033559023455e-01   1.0090289954027380e-01   9.7288238043119646e-02   9.3716548052152265e-02   9.0196241842450620e-02   8.6734318575043184e-02   8.3336898114085345e-02   8.0009717572242497e-02   7.6758371795709351e-02   7.3588176194576249e-02   7.0503667901846284e-02   6.7507850745261139e-02   6.4601298342879199e-02   6.1781206547591519e-02   5.9040456109174425e-02   5.6366767209895481e-02   5.3742121257483504e-02   5.1142842891348309e-02   4.8541011649177436e-02   4.5907913430322557e-02   4.3219414045315943e-02   4.0461451311845274e-02   3.7632919321411343e-02   3.4744835972689000e-02   3.1817114863394391e-02   2.8874982752360966e-02   2.5946137174462352e-02   2.3058774675464772e-02   2.0240227909591499e-02   1.7515936644164443e-02   1.4908593381695437e-02   1.2437399907746383e-02   1.0117444186772274e-02   7.9592342123136137e-03   5.9684406464375738e-03   4.1458864447621816e-03   2.4878108844361702e-03   9.8640785388286190e-04  -3.6938131831824872e-04  -1.5928697409484244e-03  -2.6984874980615081e-03  -3.7005890021199750e-03  -4.6122875101339555e-03  -5.4443911928976213e-03  -6.2044888159760586e-03  -6.8962058557271860e-03  -7.5186223410540765e-03  -8.0658252371938743e-03  -8.5265655772545496e-03  -8.8840104015679849e-03  -9.1156350493143828e-03  -9.1934017445516741e-03  -9.0845369994838748e-03  -8.7533879595066630e-03  -8.1647846453935143e-03  -7.2886162865412017e-03  -6.1040857767807426e-03  -4.6017806252025908e-03  -2.7832239734077412e-03  -6.5922049718869502e-04   1.7516680941065798e-03   4.4240081157144832e-03   7.3258407343307214e-03   1.0418781869226911e-02   1.3658217623356499e-02   1.6994008144435600e-02   2.0372289884915185e-02   2.3739171716120909e-02   2.7046959483612257e-02   3.0262205299032639e-02   3.3372268335359251e-02   3.6386102368094128e-02   3.9328602502666281e-02   4.2232527643044658e-02   4.5132091590337979e-02   4.8059453168243352e-02   5.1043367440867828e-02   5.4108951790319965e-02   5.7277816525153721e-02   6.0568139634989394e-02   6.3994439618275223e-02   6.7566941913280651e-02   7.1290573151058467e-02   7.5163890843189002e-02   7.9178491242084606e-02   8.3319352202955610e-02   8.7566051010477389e-02   9.1894297369431527e-02   9.6277292881386242e-02   1.0068670967414127e-01   1.0509334202424259e-01   1.0946754279616799e-01   1.1377956284229467e-01   1.1799986758398534e-01   1.2209947906296956e-01   1.2605035474264487e-01   1.2982579289626400e-01   1.3340083295508115e-01   1.3675260894265251e-01   1.3986061163640842e-01   1.4270682313219396e-01
   1.4741274290249209e-01   1.4972641143800214e-01   1.5174241270418826e-01   1.5345122062372843e-01   1.5484410524893483e-01   1.5591261430384551e-01   1.5664808855292936e-01   1.5704131965364099e-01   1.5708252273025505e-01   1.5676194053071862e-01   1.5607146482988468e-01   1.5500746214402145e-01   1.5357405145173164e-01   1.5178508026165705e-01   1.4966341126629276e-01   1.4723812376392520e-01   1.4454135276592189e-01   1.4160590751227586e-01   1.3846385542948783e-01   1.3514580575727694e-01   1.3168061313926532e-01   1.2809530320644516e-01   1.2441510884719068e-01   1.2066355244647106e-01   1.1686253308454561e-01   1.1303239458691347e-01   1.0919194932027981e-01   1.0535845026576088e-01   1.0154750304905751e-01   9.7772947524546738e-02   9.4046754221010831e-02   9.0379033269600381e-02   8.6778242866256836e-02   8.3251617926983504e-02   7.9805701559363534e-02   7.6446726367681336e-02   7.3180651424754231e-02   7.0012756267848211e-02   6.6946906800109979e-02   6.3984610484590046e-02   6.1124019030046849e-02   5.8358945764147428e-02   5.5678000990035385e-02   5.3063968737431411e-02   5.0493740869523511e-02   4.7939304100733104e-02   4.5370400499065704e-02   4.2758992759533335e-02   4.0084507914551121e-02   3.7337689625942798e-02   3.4521423615845107e-02   3.1648807405200798e-02   2.8740048512725522e-02   2.5819555837089510e-02   2.2913701314397364e-02   2.0049194600780248e-02   1.7251833558749194e-02   1.4545472154070744e-02   1.1951124443733098e-02   9.4862154319953138e-03   7.1640124793725208e-03   4.9932889005957944e-03   2.9782504543112587e-03   1.1187418662446207e-03  -5.8927951436973935e-04  -2.1530320928007662e-03  -3.5820133885345051e-03  -4.8869807223909656e-03  -6.0788817450029425e-03  -7.1678024231641019e-03  -8.1619917306018919e-03  -9.0670023315151532e-03  -9.8849663505833074e-03  -1.0614003177052370e-02  -1.1247743931592807e-02  -1.1774953125571030e-02  -1.2179243732133457e-02  -1.2438919654441674e-02  -1.2527061176640431e-02  -1.2412101290775010e-02  -1.2059316525691931e-02  -1.1433698838852514e-02  -1.0504230059434475e-02  -9.2484430539815018e-03  -7.6553654260303923e-03  -5.7258607836335393e-03  -3.4712065109048940e-03  -9.1136556141833622e-04   1.9262408012410553e-03   5.0073663186689672e-03   8.2912254937640446e-03   1.1730762198794216e-02   1.5273318617027121e-02   1.8862290209277374e-02   2.2440602936554102e-02   2.5956826874612277e-02   2.9373595878522073e-02   3.2675226398137566e-02   3.5869577942754582e-02   3.8982447452071842e-02   4.2048540517716601e-02   4.5104048938206978e-02   4.8182602068046164e-02   5.1313788586793710e-02   5.4522981578914533e-02   5.7831582686215917e-02   6.1257224864993153e-02   6.4813694946506836e-02   6.8510482250904753e-02   7.2351961628150677e-02   7.6336437434213950e-02   8.0455501864261009e-02   8.4694197284876149e-02   8.9032068483249613e-02   9.3444648396738078e-02   9.7904875631528970e-02   1.0238417153850282e-01   1.0685319263891249e-01   1.1128234883378926e-01   1.1564220162108921e-01   1.1990380969321138e-01   1.2403906913831383e-01   1.2802105670114589e-01   1.3182437355936272e-01   1.3542546159455171e-01   1.3880286537677605e-01   1.4193740349784739e-01   1.4481222669507204e-01
   1.4923689525932954e-01   1.5158535627669872e-01   1.5364043284997153e-01   1.5539292009944300e-01   1.5683407834389390e-01   1.5795503798882157e-01   1.5874619662680156e-01   1.5919670966705635e-01   1.5929426260901303e-01   1.5902553325646088e-01   1.5837792714458537e-01   1.5734300784714492e-01   1.5592081111484357e-01   1.5412271002707667e-01   1.5197089425928176e-01   1.4949514920662843e-01   1.4672912990170420e-01   1.4370754297354960e-01   1.4046446160900422e-01   1.3703245990847604e-01   1.3344223767292115e-01   1.2972251083944952e-01   1.2590003893677379e-01   1.2199971999922152e-01   1.1804470570300479e-01   1.1405651357647455e-01   1.1005510602555901e-01   1.0605892968872851e-01   1.0208489210148181e-01   9.8148294802035949e-02   9.4262732071243416e-02   9.0440037079227764e-02   8.6690344213495640e-02   8.3022360560650391e-02   7.9443813297752269e-02   7.5961889997185547e-02   7.2583422880590803e-02   6.9314610401093268e-02   6.6160335036283865e-02   6.3123192934017497e-02   6.0202456785871231e-02   5.7393067240077894e-02   5.4684779934839042e-02   5.2061555097215002e-02   4.9501427283640140e-02   4.6977189324395409e-02   4.4458361149849891e-02   4.1914652082602900e-02   3.9320462517208547e-02   3.6659013420636558e-02   3.3924535464513655e-02   3.1121961798243954e-02   2.8264883825024144e-02   2.5372992632545277e-02   2.2469757298446330e-02   1.9580561513907850e-02   1.6731184348468174e-02   1.3946511330859971e-02   1.1249401034024543e-02   8.6597283158547245e-03   6.1936441216574106e-03   3.8631093583544685e-03   1.6757263773788736e-03  -3.6512585985300043e-04  -2.2598817890038536e-03  -4.0121454370183468e-03  -5.6278733607042497e-03  -7.1144450439700191e-03  -8.4796880660994445e-03  -9.7309141315531644e-03  -1.0874017175077924e-02  -1.1912663618441455e-02  -1.2847594668619969e-02  -1.3676038677314956e-02  -1.4391227976032983e-02  -1.4982003799845850e-02  -1.5432511465055157e-02  -1.5722005470961420e-02  -1.5824856248151636e-02  -1.5710942510832895e-02  -1.5346790552694230e-02  -1.4697915973299502e-02  -1.3732633599184137e-02  -1.2426675930014057e-02  -1.0766911095793093e-02  -8.7526565722765293e-03  -6.3947571765064631e-03  -3.7138120716395592e-03  -7.3863246425915491e-04   2.4947085946120402e-03   5.9433930254927068e-03   9.5582468634757400e-03   1.3284430648793262e-02   1.7063014178312665e-02   2.0834299540559174e-02   2.4543816293684947e-02   2.8150932456664640e-02   3.1637192448481302e-02   3.5009046748080377e-02   3.8292414226089450e-02   4.1523004219584887e-02   4.4738115751071471e-02   4.7972155857108276e-02   5.1255046695822128e-02   5.4612080075614466e-02   5.8064234064811232e-02   6.1628462474077050e-02   6.5317734308303288e-02   6.9140740213822771e-02   7.3101263453642235e-02   7.7197361606577558e-02   8.1420712712955479e-02   8.5756597259029205e-02   9.0184739375585229e-02   9.4680697526683746e-02   9.9217311810298442e-02   1.0376587415454862e-01   1.0829697855985916e-01   1.1278112204401661e-01   1.1718916034615404e-01   1.2149268518626694e-01   1.2566436899436104e-01   1.2967828669306980e-01   1.3351021397954621e-01   1.3713788097537166e-01   1.4054116227353333e-01   1.4370217470604923e-01   1.4660526849497266e-01
   1.5072541117743521e-01   1.5310640812445078e-01   1.5519824257452969e-01   1.5699224440196966e-01   1.5847990931347977e-01   1.5965222218086303e-01   1.6049893556804923e-01   1.6100788882028780e-01   1.6116457096971454e-01   1.6095239958163687e-01   1.6035449420556330e-01   1.5935760142973329e-01   1.5795739634137854e-01   1.5616231347996853e-01   1.5399338012787400e-01   1.5148069556400645e-01   1.4865915791233969e-01   1.4556517980602754e-01   1.4223469178478604e-01   1.3870209864794300e-01   1.3499980646594553e-01   1.3115806991899590e-01   1.2720500683166963e-01   1.2316670493293308e-01   1.1906736447817112e-01   1.1492945401038165e-01   1.1077384457106264e-01   1.0661991507318129e-01   1.0248560045284404e-01   9.8387392604179336e-02   9.4340283132936104e-02   9.0357703122221508e-02   8.6451500691425931e-02   8.2632067436557488e-02   7.8908633618963789e-02   7.5289667700480581e-02   7.1783140863727141e-02   6.8396388782634293e-02   6.5135509037325623e-02   6.2004389474890287e-02   5.9003630588819557e-02   5.6129514867589998e-02   5.3373173851945191e-02   5.0720020534171378e-02   4.8149611003514316e-02   4.5636141313470886e-02   4.3149893851748881e-02   4.0659814667431488e-02   3.8137075953616414e-02   3.5558854897806996e-02   3.2911216375910615e-02   3.0190257846988242e-02   2.7401512732483837e-02   2.4558294485480348e-02   2.1679700873063101e-02   1.8788698043405529e-02   1.5910364299228021e-02   1.3070284326779567e-02   1.0293076513419822e-02   7.6011188209801506e-03   5.0135420699290393e-03   2.5455647417838021e-03   2.0818827710636888e-04  -1.9917547702181307e-03  -4.0512520265733321e-03  -5.9705192503385629e-03  -7.7522398408626375e-03  -9.4006984676305028e-03  -1.0920875749235989e-02  -1.2317551372632796e-02  -1.3594461828613957e-02  -1.4753535588845096e-02  -1.5794226033662248e-02  -1.6712939102613955e-02  -1.7502556681247783e-02  -1.8152040681001042e-02  -1.8646122948299065e-02  -1.8965088999968654e-02  -1.9084725176564177e-02  -1.8976559267754212e-02  -1.8608686609227595e-02  -1.7947589717327479e-02  -1.6961358596548775e-02  -1.5624080953526118e-02  -1.3920100953287617e-02  -1.1846381733646150e-02  -9.4123816920430002e-03  -6.6384741594613592e-03  -3.5541755016615471e-03  -1.9686482925477047e-04   3.3890128127661802e-03   7.1525124696236019e-03   1.1036963844724404e-02   1.4981542652478544e-02   1.8924526863558590e-02   2.2809210248757088e-02   2.6592571886961590e-02   3.0253951323576337e-02   3.3798269294743138e-02   3.7250768128306119e-02   4.0647049933914770e-02   4.4024469121617289e-02   4.7417395878126781e-02   5.0855532265590267e-02   5.4363749341679889e-02   5.7962416034155341e-02   6.1667719984198760e-02   6.5491776531345497e-02   6.9442455445444889e-02   7.3522921796656482e-02   7.7730972697012513e-02   8.2058416834626710e-02   8.6490902451399912e-02   9.1008519220354384e-02   9.5587036613268769e-02   1.0019934247326737e-01   1.0481669366301163e-01   1.0940966542663857e-01   1.1394883841905722e-01   1.1840531594129633e-01   1.2275113914984678e-01   1.2695964455941192e-01   1.3100577654826617e-01   1.3486635630782653e-01   1.3852029043865099e-01   1.4194870474475263e-01   1.4513498205214651e-01   1.4806469336566558e-01
   1.5185451763703928e-01   1.5426422733706882e-01   1.5638871140294708e-01   1.5822001337294378e-01   1.5975007665641383e-01   1.6096999109956778e-01   1.6186916864535722e-01   1.6243451579695570e-01   1.6264981057059114e-01   1.6249578750340327e-01   1.6195184169879484e-01   1.6100021992705482e-01   1.5963208447750576e-01   1.5785234334275561e-01   1.5568011651011737e-01   1.5314517809164307e-01   1.5028322143990069e-01   1.4713207315145349e-01   1.4372932179845721e-01   1.4011104562724513e-01   1.3631121180022399e-01   1.3236146307607294e-01   1.2829111301517804e-01   1.2412726154591472e-01   1.1989496656151845e-01   1.1561744290874046e-01   1.1131625293135707e-01   1.0701147654941121e-01   1.0272183259255512e-01   9.8464751507160247e-02   9.4256382228764035e-02   9.0111562958972893e-02   8.6043774077004628e-02   8.2065161166464798e-02   7.8186674832021685e-02   7.4418353038765706e-02   7.0769581478163562e-02   6.7249069812630041e-02   6.3864353439554530e-02   6.0620849708633136e-02   5.7520737164691062e-02   5.4561886943302093e-02   5.1737035768121178e-02   4.9033264707778280e-02   4.6431884375121794e-02   4.3908832286939502e-02   4.1435767018208350e-02   3.8981973849413536e-02   3.6517055812101365e-02   3.4014038366845037e-02   3.1452261394922625e-02   2.8819374168430514e-02   2.6112100199439839e-02   2.3335869278958858e-02   2.0503686442620891e-02   1.7634582611362321e-02   1.4751835273645684e-02   1.1881076398405859e-02   9.0483976087226570e-03   6.2786244239815487e-03   3.5939113838720452e-03   1.0127793252294268e-03  -1.4503822601856092e-03  -3.7853760900243370e-03  -5.9859063259944806e-03  -8.0490220672963797e-03  -9.9743899114512341e-03  -1.1763466765345912e-02  -1.3418641067477796e-02  -1.4942385763396113e-02  -1.6336463948866939e-02  -1.7601205118980390e-02  -1.8734869892157419e-02  -1.9733100904116813e-02  -2.0588462364182589e-02  -2.1290055958600326e-02  -2.1823217161855993e-02  -2.2169294268359271e-02  -2.2305558394347849e-02  -2.2205333902460808e-02  -2.1838568650866915e-02  -2.1173183649567519e-02  -2.0177649274183675e-02  -1.8824886194779872e-02  -1.7096709382578804e-02  -1.4987125963211993e-02  -1.2503263381873034e-02  -9.6643041251503366e-03  -6.4996653372958769e-03  -3.0474129574192179e-03   6.4685462729335667e-04   4.5308131029113746e-03   8.5463437686120799e-03   1.2631190160002614e-02   1.6722246426329856e-02   2.0761453478033577e-02   2.4704410399266557e-02   2.8528993648466606e-02   3.2238593957377826e-02   3.5856975247266880e-02   3.9418432681474547e-02   4.2959232243004339e-02   4.6512842755574171e-02   5.0108181013263788e-02   5.3769374419654438e-02   5.7516028966652907e-02   6.1363523043000759e-02   6.5323131943190699e-02   6.9401931486698376e-02   7.3602469858508240e-02   7.7922259927059229e-02   8.2353234620506505e-02   8.6881479087437485e-02   9.1487593352248653e-02   9.6147721113223339e-02   1.0083492869403204e-01   1.0552051111786610e-01   1.1017504220132524e-01   1.1476915316709412e-01   1.1927412082560829e-01   1.2366232803830522e-01   1.2790764548496816e-01   1.3198574773073082e-01   1.3587436701465261e-01   1.3955347158369280e-01   1.4300535689938695e-01   1.4621463327933337e-01   1.4916810258281443e-01
   1.5260000378593064e-01   1.5503327754693219e-01   1.5718478888377324e-01   1.5904744522785558e-01   1.6061382022815462e-01   1.6187533743388627e-01   1.6282137034750696e-01   1.6343831482979265e-01   1.6370883191450492e-01   1.6361175797129598e-01   1.6312362745451189e-01   1.6222282617394829e-01   1.6089604660258361e-01   1.5914404816427630e-01   1.5698309241734792e-01   1.5444174603873195e-01   1.5155586255301245e-01   1.4836427452715831e-01   1.4490597041084835e-01   1.4121851832901761e-01   1.3733729215005019e-01   1.3329517025810814e-01   1.2912250110013537e-01   1.2484722282803129e-01   1.2049506544405413e-01   1.1608979445570150e-01   1.1165346069180587e-01   1.0720663483559077e-01   1.0276860247228259e-01   9.8357508595278670e-02   9.3990436518660236e-02   8.9683427855428849e-02   8.5451452316603810e-02   8.1308378249429603e-02   7.7266993719171728e-02   7.3339136586758058e-02   6.9535872435885160e-02   6.5867522592103406e-02   6.2343282834771731e-02   5.8970345598882652e-02   5.5752742056977958e-02   5.2690209104411898e-02   4.9777333470222861e-02   4.7003057176758727e-02   4.4350594831490085e-02   4.1797790070274177e-02   3.9317993257484342e-02   3.6881508630131121e-02   3.4457609581743667e-02   3.2016944523645480e-02   2.9534034543834825e-02   2.6989465879084636e-02   2.4371485950822353e-02   2.1676847629370256e-02   1.8910902112279290e-02   1.6086957076139628e-02   1.3224933764712923e-02   1.0349427005189392e-02   7.4874013956770895e-03   4.6658858206382707e-03   1.9100041580079902e-03  -7.5842401510828848e-04  -3.3216568956292471e-03  -5.7662339921245084e-03  -8.0827434171942131e-03  -1.0265284601177344e-02  -1.2310751025513197e-02  -1.4218020269220213e-02  -1.5987122364724660e-02  -1.7618428371884487e-02  -1.9111893994427115e-02  -2.0466373125769668e-02  -2.1679015018057177e-02  -2.2744743098078973e-02  -2.3655817323789990e-02  -2.4401470600178513e-02  -2.4967621280450089e-02  -2.5336661151898754e-02  -2.5487350428829936e-02  -2.5394879260105072e-02  -2.5031252414794588e-02  -2.4366257753783482e-02  -2.3369428536440598e-02  -2.2013279154456535e-02  -2.0277531417219222e-02  -1.8153018095096334e-02  -1.5643746223618984e-02  -1.2766690843799116e-02  -9.5502273207411052e-03  -6.0323505208053838e-03  -2.2592297901905221e-03   1.7159050061890287e-03   5.8339318953440616e-03   1.0031680588068850e-02   1.4245356597043349e-02   1.8416484307290697e-02   2.2500331369184723e-02   2.6474064710298596e-02   3.0339542537711144e-02   3.4118251264134453e-02   3.7842006109405253e-02   4.1544878410009513e-02   4.5258610409896184e-02   4.9010801921294596e-02   5.2824542416253645e-02   5.6718548692564388e-02   6.0707377337345290e-02   6.4801514437193675e-02   6.9007310597794747e-02   7.3326737446766210e-02   7.7757013954112802e-02   8.2290160560874362e-02   8.6912703904684072e-02   9.1605838117124694e-02   9.6346211517174665e-02   1.0110718316531722e-01   1.0586014450731451e-01   1.1057566463211607e-01   1.1522436701786432e-01   1.1977760073641142e-01   1.2420795826247073e-01   1.2848969383171163e-01   1.3259905611510892e-01   1.3651454178112216e-01   1.4021705725738465e-01   1.4368997875800441e-01   1.4691909788937796e-01   1.4989244712184249e-01
   1.5293771014479632e-01   1.5538841517527235e-01   1.5756020816696098e-01   1.5944699108333513e-01   1.6104212959812628e-01   1.6233758996755965e-01   1.6332299690745775e-01   1.6398466218938085e-01   1.6430476018784501e-01   1.6426110679540770e-01   1.6382842498528269e-01   1.6298216315960523e-01   1.6170488485418866e-01   1.5999271958653785e-01   1.5785803258759401e-01   1.5532708704064357e-01   1.5243505236587923e-01   1.4922121539271735e-01   1.4572562291553712e-01   1.4198710910804313e-01   1.3804228282744391e-01   1.3392509969848621e-01   1.2966677958728678e-01   1.2529592393520383e-01   1.2083874912197348e-01   1.1631937813996861e-01   1.1176015345965179e-01   1.0718193909613938e-01   1.0260438993112292e-01   9.8046167805015377e-02   9.3525092504004675e-02   8.9058219372941158e-02   8.4661848328470998e-02   8.0351482276453751e-02   7.6141776830807639e-02   7.2046531785667306e-02   6.8078738645349024e-02   6.4250574939799285e-02   6.0573111415934730e-02   5.7055538752537348e-02   5.3704006903410373e-02   5.0520410187368532e-02   4.7501450356905790e-02   4.4638128877793858e-02   4.1915683595244453e-02   3.9313939116199799e-02   3.6808063654775763e-02   3.4369729711449144e-02   3.1968659491050364e-02   2.9574468304921168e-02   2.7158665024686501e-02   2.4696634040334155e-02   2.2169467289901674e-02   1.9565543860382166e-02   1.6881738769083859e-02   1.4124022014728548e-02   1.1307121963703015e-02   8.4530434188950301e-03   5.5885971305917517e-03   2.7424787133378970e-03  -5.7441702925651802e-05  -2.7861403078777332e-03  -5.4226076073780032e-03  -7.9502484592292831e-03  -1.0356713553841213e-02  -1.2633368506178397e-02  -1.4774565894832892e-02  -1.6776833954305986e-02  -1.8638055666714476e-02  -2.0356682033674273e-02  -2.1931006183475543e-02  -2.3358511399453066e-02  -2.4635300115226633e-02  -2.5755603683491252e-02  -2.6711371395473166e-02  -2.7491933069850372e-02  -2.8083733890662335e-02  -2.8470141729869197e-02  -2.8631345245443751e-02  -2.8544383565624873e-02  -2.8183412447784193e-02  -2.7520397384012327e-02  -2.6526561027440734e-02  -2.5174918873093581e-02  -2.3443956625372634e-02  -2.1321662133050194e-02  -1.8808511392696195e-02  -1.5918356437977035e-02  -1.2677492362988240e-02  -9.1229205631571178e-03  -5.3006404748492022e-03  -1.2641849235926362e-03   2.9268732247381257e-03   7.2090599628821285e-03   1.1518663374866981e-02   1.5797748834377411e-02   2.0002227326113051e-02   2.4109152502645226e-02   2.8118741271339218e-02   3.2049451312277315e-02   3.5929601064816324e-02   3.9790132195973410e-02   4.3660355641137502e-02   4.7566093968714106e-02   5.1529135655553351e-02   5.5567196550521884e-02   5.9694005900170440e-02   6.3919327504657869e-02   6.8248882946454703e-02   7.2684150209071208e-02   7.7222079439654825e-02   8.1854744001214397e-02   8.6569071277331655e-02   9.1346868697849595e-02   9.6165376789115048e-02   1.0099834147797014e-01   1.0581729995123929e-01   1.1059279817289577e-01   1.1529537274039396e-01   1.1989631813662553e-01   1.2436827692570249e-01   1.2868571005263083e-01   1.3282526182603929e-01   1.3676602780732841e-01   1.4048971366295071e-01   1.4398067547655699e-01   1.4722582955924746e-01   1.5021442914894678e-01
   1.5284389980309299e-01   1.5530534242149366e-01   1.5749002875426854e-01   1.5939297791997953e-01   1.6100849695972164e-01   1.6232928693113169e-01   1.6334549071783799e-01   1.6404373069984501e-01   1.6440628589239309e-01   1.6441079851682894e-01   1.6403126407734203e-01   1.6324130750535285e-01   1.6202006660894852e-01   1.6035891106881528e-01   1.5826538490816061e-01   1.5576222188625538e-01   1.5288284376779315e-01   1.4966625449327212e-01   1.4615310076778645e-01   1.4238319659953172e-01   1.3839418308935492e-01   1.3422091990108564e-01   1.2989532614343197e-01   1.2544648559033023e-01   1.2090090975650175e-01   1.1628288279624864e-01   1.1161484224166970e-01   1.0691775431689077e-01   1.0221145919276434e-01   9.7514959885012062e-02   9.2846642663059309e-02   8.8224413835160914e-02   8.3665753888675642e-02   7.9187690426296406e-02   7.4806716296633852e-02   7.0538683227700544e-02   6.6398711717240030e-02   6.2401082570393097e-02   5.8558963489342593e-02   5.4883743251379825e-02   5.1383921980324286e-02   4.8063826032920053e-02   4.4922547631255708e-02   4.1953364236819154e-02   3.9143663161030635e-02   3.6475296918911916e-02   3.3925284586624777e-02   3.1466808545517533e-02   2.9070462073346841e-02   2.6705694776496737e-02   2.4342384876129608e-02   2.1952481867069176e-02   1.9511702222119103e-02   1.7001309725304118e-02   1.4409969291151906e-02   1.1735448518899572e-02   8.9856178253555144e-03   6.1780516152156843e-03   3.3379253782398945e-03   4.9467020667958838e-04  -2.3215840095912321e-03  -5.0828581972881016e-03  -7.7650490060467495e-03  -1.0348605149605970e-02  -1.2818443744397959e-02  -1.5163418231196352e-02  -1.7375564181442441e-02  -1.9449272436116494e-02  -2.1380467818301871e-02  -2.3165839745417929e-02  -2.4802141693612320e-02  -2.6285571767686478e-02  -2.7611233127972354e-02  -2.8772676245260989e-02  -2.9761516245823558e-02  -3.0567124916709848e-02  -3.1176390980094518e-02  -3.1573553267301435e-02  -3.1740113264950506e-02  -3.1654860557144567e-02  -3.1294075261788741e-02  -3.0632047727619328e-02  -2.9642145451831317e-02  -2.8298736851616657e-02  -2.6580163344895321e-02  -2.4472450098450550e-02  -2.1972739344836959e-02  -1.9091217133153662e-02  -1.5851125632539785e-02  -1.2287431899181921e-02  -8.4450408415950775e-03  -4.3770026108789174e-03  -1.4262578159511541e-04   4.1950580908059233e-03   8.5732756263790025e-03   1.2935562705718794e-02   1.7239253445233291e-02   2.1461612214280040e-02   2.5600971861479707e-02   2.9672142016195974e-02   3.3699206636047321e-02   3.7709308031780235e-02   4.1728794390949307e-02   4.5781336687484527e-02   4.9887187103873513e-02   5.4062946324261681e-02   5.8321497220925861e-02   6.2671937401047512e-02   6.7119458493789447e-02   7.1665153172563639e-02   7.6305772863331886e-02   8.1033450565400636e-02   8.5835472706650831e-02   9.0694237599300065e-02   9.5587619273763996e-02   1.0048982331197800e-01   1.0537257822487622e-01   1.1020638348198726e-01   1.1496159532197618e-01   1.1960930232921835e-01   1.2412200848561217e-01   1.2847417295374469e-01   1.3264262538485783e-01   1.3660686593666557e-01   1.4034923653624595e-01   1.4385495337588805e-01   1.4711198788928215e-01   1.5011079584502671e-01
   1.5229551652760981e-01   1.5476092934713076e-01   1.5695102020176904e-01   1.5886204950957045e-01   1.6048941252457222e-01   1.6182672370698903e-01   1.6286488091092277e-01   1.6359115365277221e-01   1.6398841996051619e-01   1.6403486197203729e-01   1.6370471973516293e-01   1.6297094991185848e-01   1.6181029039147060e-01   1.6020972484678042e-01   1.5817141859233780e-01   1.5571339261274122e-01   1.5286608169057625e-01   1.4966725646431892e-01   1.4615754265323505e-01   1.4237735028426562e-01   1.3836509774781222e-01   1.3415634822368636e-01   1.2978353107313623e-01   1.2527601856995693e-01   1.2066041494517663e-01   1.1596096001445852e-01   1.1119998424806066e-01   1.0639836554515816e-01   1.0157595422755525e-01   9.6751937443959754e-02   9.1945125670039485e-02   8.7174146271465497e-02   8.2457540002356888e-02   7.7813757699712938e-02   7.3261069181314586e-02   6.8817401429138780e-02   6.4500138262829132e-02   6.0325886365726458e-02   5.6310142961480014e-02   5.2466687880340153e-02   4.8806561166877226e-02   4.5336754801409189e-02   4.2059016380727295e-02   3.8969132215281851e-02   3.6056790986573231e-02   3.3305932230130002e-02   3.0695432506406953e-02   2.8200022028798122e-02   2.5791361428166289e-02   2.3439231808607131e-02   2.1112799298098776e-02   1.8781942882027773e-02   1.6418688983956632e-02   1.3998865567889245e-02   1.1504105468927016e-02   8.9241708257429223e-03   6.2591405740848247e-03   3.5204715243675414e-03   7.2993519183326902e-04  -2.0836481892141882e-03  -4.8887233477888682e-03  -7.6548379159556770e-03  -1.0355113519866109e-02  -1.2967306016145101e-02  -1.5473847698883603e-02  -1.7861316901566157e-02  -2.0119653076742863e-02  -2.2241305951405124e-02  -2.4220410314625573e-02  -2.6052029336569527e-02  -2.7731479225057434e-02  -2.9253740062027744e-02  -3.0612948882146301e-02  -3.1801973411237888e-02  -3.2812060019621891e-02  -3.3632554292140238e-02  -3.4250689369718507e-02  -3.4651445486281587e-02  -3.4817485414082416e-02  -3.4729190022761224e-02  -3.4364837504625240e-02  -3.3701023944571501e-02  -3.2713483928615929e-02  -3.1378550338011561e-02  -2.9675463483304583e-02  -2.7589493421111441e-02  -2.5115297043793304e-02  -2.2259494975166362e-02  -1.9041668645571157e-02  -1.5493768051881554e-02  -1.1658548664754142e-02  -7.5875925053838413e-03  -3.3390217317489750e-03   1.0254915056944966e-03   5.4450441909113401e-03   9.8654726202153688e-03   1.4246032110668709e-02   1.8564235035229575e-02   2.2816248268254846e-02   2.7012846081362514e-02   3.1173486461780635e-02   3.5321130412808904e-02   3.9478815010078105e-02   4.3667768812113934e-02   4.7906495010901377e-02   5.2210348973016775e-02   5.6591318733679598e-02   6.1057858604172871e-02   6.5614709834280027e-02   7.0262689536581824e-02   7.4998454234592574e-02   7.9814257287243798e-02   8.4697746960711459e-02   8.9631897922309911e-02   9.4595237027741086e-02   9.9562492481324691e-02   1.0450563652038375e-01   1.0939510996558661e-01   1.1420099384339993e-01   1.1889400243629113e-01   1.2344628151227519e-01   1.2783204072138812e-01   1.3202804341776883e-01   1.3601395878934744e-01   1.3977256546418290e-01   1.4328979051352336e-01   1.4655457061842539e-01   1.4955853432957172e-01
   1.5127033208777929e-01   1.5373340343024011e-01   1.5592188485293962e-01   1.5783341297404802e-01   1.5946462089508553e-01   1.6081020486845427e-01   1.6186202058811580e-01   1.6260824968118046e-01   1.6303273700103851e-01   1.6311473014256045e-01   1.6282946748582600e-01   1.6215026728500623e-01   1.6105265086788262e-01   1.5952010022234081e-01   1.5754943618096520e-01   1.5515309338356015e-01   1.5235724057253544e-01   1.4919726025650915e-01   1.4571293794939866e-01   1.4194475885835708e-01   1.3793158220207055e-01   1.3370942666424621e-01   1.2931101319983554e-01   1.2476578632739610e-01   1.2010022184146701e-01   1.1533829355558013e-01   1.1050201132565629e-01   1.0561196880354898e-01   1.0068785551950228e-01   9.5748900425327535e-02   9.0814223548591713e-02   8.5903080946460431e-02   8.1034995303876839e-02   7.6229771529880669e-02   7.1507402292545180e-02   6.6887874602815839e-02   6.2390894968064187e-02   5.8035547199805693e-02   5.3839863067851712e-02   4.9820205109443377e-02   4.5990315865239217e-02   4.2360035662043986e-02   3.8933997965996635e-02   3.5710735785916645e-02   3.2682421454129564e-02   2.9835175933103093e-02   2.7149754361959377e-02   2.4602439419223458e-02   2.2166037344458052e-02   1.9810921483713769e-02   1.7506097948652280e-02   1.5220301971117230e-02   1.2923184049575705e-02   1.0586726583090723e-02   8.1871004166511989e-03   5.7071281353962312e-03   3.1391721556356372e-03   4.8755068687195147e-04  -2.2310260632130924e-03  -4.9899669342891141e-03  -7.7574881278609040e-03  -1.0501444391656994e-02  -1.3192704125237036e-02  -1.5806718939506671e-02  -1.8323752729589124e-02  -2.0728374730580104e-02  -2.3008651756489432e-02  -2.5155277361796180e-02  -2.7160745965048333e-02  -2.9018610859334465e-02  -3.0722835428037998e-02  -3.2267234688943686e-02  -3.3645001747253794e-02  -3.4848312696937458e-02  -3.5868005313497819e-02  -3.6693327377135515e-02  -3.7311753037856735e-02  -3.7708867889718604e-02  -3.7868329545534790e-02  -3.7771919860014783e-02  -3.7399723766631011e-02  -3.6730500153061910e-02  -3.5742357365534813e-02  -3.4413897941009325e-02  -3.2726009927870628e-02  -3.0664365092654317e-02  -2.8222361220522404e-02  -2.5403836772268224e-02  -2.2224755024246950e-02  -1.8713436800084388e-02  -1.4909506130248086e-02  -1.0861970782799744e-02  -6.6266500561457855e-03  -2.2627760631484285e-03   2.1715842788222403e-03   6.6252374407730977e-03   1.1059585660798787e-02   1.5452264118990509e-02   1.9797087991861029e-02   2.4100698252392125e-02   2.8377859852699250e-02   3.2647227820411309e-02   3.6928339561345683e-02   4.1239767585200926e-02   4.5598073149581975e-02   5.0017221135263960e-02   5.4508222389912285e-02   5.9078868768160583e-02   6.3733491368875766e-02   6.8472716167146230e-02   7.3293213840686100e-02   7.8187459235381479e-02   8.3143531367080914e-02   8.8145020406772301e-02   9.3171152779724570e-02   9.8197261681880268e-02   1.0319564924368700e-01   1.0813672805525876e-01   1.1299023594316290e-01   1.1772634623669054e-01   1.2231660314793216e-01   1.2673467697250709e-01   1.3095695791905865e-01   1.3496299015647270e-01   1.3873573346489171e-01   1.4226162961195499e-01   1.4553045690969324e-01   1.4853496861476542e-01
   1.4974701869255269e-01   1.5220244953657108e-01   1.5438336979120379e-01   1.5628894168413743e-01   1.5791719425013143e-01   1.5926406663397064e-01   1.6032254147663805e-01   1.6108190513437551e-01   1.6152720816767652e-01   1.6163909044333585e-01   1.6139428062854769e-01   1.6076723672078563e-01   1.5973338458881917e-01   1.5827391895497422e-01   1.5638100890092999e-01   1.5406121636045395e-01   1.5133538078258585e-01   1.4823524539836608e-01   1.4479873315412309e-01   1.4106570608583138e-01   1.3707501054844595e-01   1.3286280009417642e-01   1.2846182167458559e-01   1.2390134017352823e-01   1.1920745254229519e-01   1.1440361955661782e-01   1.0951129731101754e-01   1.0455058711073276e-01   9.9540845215260937e-02   9.4501211307745969e-02   8.9451026382396132e-02   8.4410122834447293e-02   7.9398978767476827e-02   7.4438737430678498e-02   6.9551098965230707e-02   6.4758096070943238e-02   6.0081766654465525e-02   5.5543733883423631e-02   5.1164688740188903e-02   4.6963723632186143e-02   4.2957411538969585e-02   3.9158572368768220e-02   3.5574906543276066e-02   3.2207919150839245e-02   2.9052475331348179e-02   2.6097018439212416e-02   2.3324243951871326e-02   2.0712002941942642e-02   1.8234279120571090e-02   1.5862167979361998e-02   1.3564831128013856e-02   1.1310442674184264e-02   9.0671883222235607e-03   6.8044574814647880e-03   4.4944540244319410e-03   2.1145060057730994e-03  -3.4983829359077831e-04  -2.9014986305910331e-03  -5.5299251291005165e-03  -8.2123204724267214e-03  -1.0918114394923507e-02  -1.3614553124618595e-02  -1.6271015770754398e-02  -1.8861198436043867e-02  -2.1363602162469908e-02  -2.3761093874474157e-02  -2.6040101440413382e-02  -2.8189741796178350e-02  -3.0201005596865588e-02  -3.2066038584209089e-02  -3.3777523163208867e-02  -3.5328153742256480e-02  -3.6710196412967730e-02  -3.7915125856309753e-02  -3.8933333397524326e-02  -3.9753902840388669e-02  -4.0364452488104184e-02  -4.0751045083846534e-02  -4.0898171776005479e-02  -4.0788823972363511e-02  -4.0404680046272720e-02  -3.9726454886899625e-02  -3.8734491095055675e-02  -3.7409704385799811e-02  -3.5735010846839221e-02  -3.3697308545158192e-02  -3.1289906680583721e-02  -2.8515010670297901e-02  -2.5385650461495327e-02  -2.1926511550933052e-02  -1.8173468549555993e-02  -1.4171951522275791e-02  -9.9743100404259648e-03  -5.6361920798256443e-03  -1.2119133875772084e-03   3.2507967903869540e-03   7.7155450502032069e-03   1.2159976720536141e-02   1.6575565550542737e-02   2.0964994959868054e-02   2.5338522852484995e-02   2.9710570994623285e-02   3.4097120404838414e-02   3.8513948953817094e-02   4.2975511641535492e-02   4.7494234043151388e-02   5.2080041018898821e-02   5.6740003897607652e-02   6.1478039274242280e-02   6.6294626518008090e-02   7.1186534942061647e-02   7.6146567556985290e-02   8.1163345293901762e-02   8.6221178104679830e-02   9.1300105084211436e-02   9.6376208288329532e-02   1.0142228198462359e-01   1.0640883207071052e-01   1.1130526872642886e-01   1.1608110741073562e-01   1.2070705230555000e-01   1.2515591057137393e-01   1.2940333051772110e-01   1.3342835901721081e-01   1.3721379850634119e-01   1.4074633405154519e-01   1.4401640236970056e-01   1.4701779560132783e-01
   1.4770518466677376e-01   1.5014925504896903e-01   1.5231830462938106e-01   1.5421318642894605e-01   1.5583349287172329e-01   1.5717656118564988e-01   1.5823663958063000e-01   1.5900424567865018e-01   1.5946576129683054e-01   1.5960337018075560e-01   1.5939553637804257e-01   1.5881833525083408e-01   1.5784797371624773e-01   1.5646461658600963e-01   1.5465697053644095e-01   1.5242617143080536e-01   1.4978718892620316e-01   1.4676699920651784e-01   1.4340051506971435e-01   1.3972609496709626e-01   1.3578196914325777e-01   1.3160400231075925e-01   1.2722463076716470e-01   1.2267263512651576e-01   1.1797343942078851e-01   1.1314970763027800e-01   1.0822207880965573e-01   1.0320993292005168e-01   9.8132111346949102e-02   9.3007539325233299e-02   8.7855713367855748e-02   8.2697031968662793e-02   7.7552960313719402e-02   7.2446033305281876e-02   6.7399710132571025e-02   6.2438099762170504e-02   5.7585576589135344e-02   5.2866299440484495e-02   4.8303632585675431e-02   4.3919438694960816e-02   3.9733168757244211e-02   3.5760678766843870e-02   3.2012846221707435e-02   2.8494338203797688e-02   2.5202938019788824e-02   2.2129603726732422e-02   1.9259092089964437e-02   1.6570879706974899e-02   1.4040163532584547e-02   1.1638834267361411e-02   9.3363868627720781e-03   7.1007866899266900e-03   4.8993486696910678e-03   2.6997576781831560e-03   4.7144778923519440e-04  -1.8123447187195999e-03  -4.1715919239702394e-03  -6.6157750632231706e-03  -9.1408145196110319e-03  -1.1728858114967156e-02  -1.4351994946430429e-02  -1.6978156245113320e-02  -1.9576224474467017e-02  -2.2118855864317763e-02  -2.4583294009141582e-02  -2.6951058676036907e-02  -2.9207190292820748e-02  -3.1339409757139801e-02  -3.3337335660265061e-02  -3.5191802068859405e-02  -3.6894277777957105e-02  -3.8436378925346633e-02  -3.9809463431703218e-02  -4.1004299912588520e-02  -4.2010804371235083e-02  -4.2817842468454971e-02  -4.3413095587944310e-02  -4.3782993800819722e-02  -4.3912720869181111e-02  -4.3786304750131545e-02  -4.3386814603816222e-02  -4.2696702028421990e-02  -4.1698341332079336e-02  -4.0374847363537268e-02  -3.8711254851364577e-02  -3.6696117001568967e-02  -3.4323472601317170e-02  -3.1594957165689073e-02  -2.8521635051492505e-02  -2.5125074630708618e-02  -2.1437305117588498e-02  -1.7499539835927988e-02  -1.3359700703122616e-02  -9.0688624615689814e-03  -4.6768538319528138e-03  -2.2761423688903888e-04   4.2446868151579525e-03   8.7177217943771382e-03   1.3180845599196092e-02   1.7633165192725203e-02   2.2080792855488619e-02   2.6534136544032090e-02   3.1005678863959947e-02   3.5508343926921940e-02   4.0054361055247914e-02   4.4654483780933424e-02   4.9317434462415190e-02   5.4049480598127815e-02   5.8854081262254672e-02   6.3731569327296067e-02   6.8678854655536831e-02   7.3689148293581280e-02   7.8751723622471487e-02   8.3851747108865088e-02   8.8970239867988327e-02   9.4084251694413951e-02   9.9167336005525381e-02   1.0419035729645874e-01   1.0912257602315609e-01   1.1393287132233711e-01   1.1859095138298260e-01   1.2306845055561323e-01   1.2733985915061258e-01   1.3138326320273283e-01   1.3518085483027986e-01   1.3871917364650882e-01   1.4198903059056744e-01   1.4498509849378152e-01
   1.4512545643746472e-01   1.4755658309273001e-01   1.4971165156636729e-01   1.5159337909207393e-01   1.5320309864031412e-01   1.5453969622601835e-01   1.5559879779864660e-01   1.5637222346617641e-01   1.5684772153872037e-01   1.5700903458805249e-01   1.5683640936663690e-01   1.5630774009411408e-01   1.5540056870624563e-01   1.5409507769382730e-01   1.5237787052688562e-01   1.5024572208054654e-01   1.4770791968539856e-01   1.4478598065375928e-01   1.4151072624096522e-01   1.3791800410160801e-01   1.3404466774466373e-01   1.2992574181883065e-01   1.2559292001341568e-01   1.2107411984186223e-01   1.1639373700396946e-01   1.1157330269340021e-01   1.0663233245466709e-01   1.0158922349539040e-01   9.6462101905887707e-02   9.1269551850367836e-02   8.6031178788974566e-02   8.0767977909265001e-02   7.5502496154798260e-02   7.0258794305128769e-02   6.5062231199299242e-02   5.9939103359753096e-02   5.4916174779281228e-02   5.0020124731535415e-02   4.5276921143328146e-02   4.0711100798146195e-02   3.6344891316888249e-02   3.2197103191866895e-02   2.8281780962010346e-02   2.4606864734835435e-02   2.1173270552584625e-02   1.7974710838850938e-02   1.4998198434200263e-02   1.2224960217937557e-02   9.6314812468989430e-03   7.1905151175198807e-03   4.8720057189986302e-03   2.6439263737785615e-03   4.7309833957963343e-04  -1.6739011449107936e-03  -3.8295364341220696e-03  -6.0235119320933492e-03  -8.2800185315347885e-03  -1.0614008957451865e-02  -1.3027486005828726e-02  -1.5508079882176489e-02  -1.8031720369262951e-02  -2.0568346940494107e-02  -2.3087479764244988e-02  -2.5561582747988233e-02  -2.7967233947777018e-02  -3.0285007876694151e-02  -3.2498831389870746e-02  -3.4595219779747548e-02  -3.6562555740093580e-02  -3.8390460747326521e-02  -4.0069261569360928e-02  -4.1589544800958715e-02  -4.2941787710385620e-02  -4.4116059618688294e-02  -4.5101786651545954e-02  -4.5887579542379736e-02  -4.6461122114962672e-02  -4.6809125657826155e-02  -4.6917352744284282e-02  -4.6770724605490629e-02  -4.6353527342845771e-02  -4.5649749010114413e-02  -4.4643584676080213e-02  -4.3320166428757391e-02  -4.1666568594539335e-02  -3.9673127331997668e-02  -3.7335036230375415e-02  -3.4654077616686936e-02  -3.1640194013599160e-02  -2.8312528341151718e-02  -2.4699559537758146e-02  -2.0838109042495560e-02  -1.6771157993909856e-02  -1.2544617232378716e-02  -8.2034154737645002e-03  -3.7875495179937116e-03   6.7107324379476335e-04   5.1503137211761640e-03   9.6377928898822157e-03   1.4129555658384974e-02   1.8628045186196547e-02   2.3139984541863640e-02   2.7674518315004872e-02   3.2241742834282834e-02   3.6851603886079699e-02   4.1513085861899744e-02   4.6233604728796458e-02   5.1018533586913037e-02   5.5870808404043834e-02   6.0790580607465797e-02   6.5774899552878477e-02   7.0817419397872838e-02   7.5908140055817946e-02   8.1033202929224363e-02   8.6174786455132019e-02   9.1311161485721021e-02   9.6416985421697424e-02   1.0146389217645907e-01   1.0642138691431847e-01   1.1125798089466929e-01   1.1594244440669246e-01   1.2044506178396802e-01   1.2473878157805278e-01   1.2880020447024293e-01   1.3261032955682683e-01   1.3615499803138439e-01   1.3942494706239419e-01   1.4241543749545221e-01
   1.4198970994851665e-01   1.4440895246295371e-01   1.4655063244781674e-01   1.4841949713725339e-01   1.5001879875849972e-01   1.5134911702096687e-01   1.5240754508261245e-01   1.5318723260666972e-01   1.5367726233658530e-01   1.5386285537525002e-01   1.5372595013586476e-01   1.5324625230038666e-01   1.5240289000553373e-01   1.5117677549295347e-01   1.4955362123455479e-01   1.4752720369933831e-01   1.4510200071920926e-01   1.4229404625553260e-01   1.3912933154255688e-01   1.3564022444464091e-01   1.3186133606540698e-01   1.2782616913679490e-01   1.2356512757636032e-01   1.1910479122883137e-01   1.1446809077517284e-01   1.0967501888505904e-01   1.0474360200760111e-01   9.9690946475081935e-02   9.4534231497023363e-02   8.9291561710141118e-02   8.3982616584216560e-02   7.8629057153365947e-02   7.3254671900412835e-02   6.7885270642805084e-02   6.2548357731942866e-02   5.7272637175890616e-02   5.2087407549862144e-02   4.7021901791947124e-02   4.2104598834426812e-02   3.7362506683957047e-02   3.2820356067812501e-02   2.8499624764987040e-02   2.4417307641781322e-02   2.0584564723508496e-02   1.7005582450550574e-02   1.3677086007060267e-02   1.0588616293344337e-02   7.7233670893983933e-03   5.0592605539877475e-03   2.5700189637124192e-03   2.2613946315539965e-04  -2.0042454371055826e-03  -4.1545613939676998e-03  -6.2589431730418268e-03  -8.3511501237293374e-03  -1.0462963190588577e-02  -1.2621684839814903e-02  -1.4846577444020121e-02  -1.7144924064834928e-02  -1.9509799929419015e-02  -2.1921725688717551e-02  -2.4353798569793621e-02  -2.6777303896501500e-02  -2.9165408464250066e-02  -3.1494662803509842e-02  -3.3745132096877295e-02  -3.5899926481961379e-02  -3.7944563628741962e-02  -3.9866341205065312e-02  -4.1653781321990595e-02  -4.3296154141993511e-02  -4.4783079783811124e-02  -4.6104197697879504e-02  -4.7248901290031523e-02  -4.8206130387302704e-02  -4.8964224012718244e-02  -4.9510830274901024e-02  -4.9832880627927588e-02  -4.9916630507252466e-02  -4.9747780950241752e-02  -4.9311692269691100e-02  -4.8593716867517581e-02  -4.7579675831933080e-02  -4.6256520089756552e-02  -4.4613203732254407e-02  -4.2641790673593589e-02  -4.0338756289934885e-02  -3.7706380929102057e-02  -3.4754019238588174e-02  -3.1498961198627058e-02  -2.7966570258965852e-02  -2.4189465280681478e-02  -2.0205664038602682e-02  -1.6055820722936116e-02  -1.1779933068293905e-02  -7.4140899141782249e-03  -2.9879024305264068e-03   1.4769203197864886e-03   5.9667308432160351e-03   1.0475085866761359e-02   1.5001297507146419e-02   1.9548809317540203e-02   2.4123674933160588e-02   2.8733271814301395e-02   3.3385273689667427e-02   3.8086848994421420e-02   4.2844033833099704e-02   4.7661227725265244e-02   5.2540772311776798e-02   5.7482582425896121e-02   6.2483813596609740e-02   6.7538556502867525e-02   7.2637563775828140e-02   7.7768021090196190e-02   8.2913394302973509e-02   8.8053394977309837e-02   9.3164125573217377e-02   9.8218463333572592e-02   1.0318672238932317e-01   1.0803759563895095e-01   1.1273931495948852e-01   1.1726095266280673e-01   1.2157374439212223e-01   1.2565234904670952e-01   1.2947591667366679e-01   1.3302885683803847e-01   1.3630115576269453e-01   1.3928814889661789e-01
   1.3828163022584902e-01   1.4069306608703858e-01   1.4282505415427521e-01   1.4468448824351654e-01   1.4627670266839732e-01   1.4760410477276795e-01   1.4866532250147352e-01   1.4945482773985475e-01   1.4996295804600551e-01   1.5017627240439635e-01   1.5007822565383061e-01   1.4965019266629062e-01   1.4887291169514980e-01   1.4772840761414133e-01   1.4620239071183860e-01   1.4428694171497553e-01   1.4198299347006946e-01   1.3930176121981602e-01   1.3626425730005395e-01   1.3289867537578229e-01   1.2923654545301699e-01   1.2530908327768367e-01   1.2114474483569734e-01   1.1676818821240943e-01   1.1220034268736617e-01   1.0745916812174794e-01   1.0256075980336325e-01   9.7520562116495818e-02   9.2354529327062396e-02   8.7080123394489575e-02   8.1717064973069631e-02   7.6287782880930993e-02   7.0817532301734043e-02   6.5334190076630480e-02   5.9867768451787311e-02   5.4449725238600082e-02   4.9112159625280830e-02   4.3886986569945934e-02   3.8805147942552423e-02   3.3895886850308893e-02   2.9186036046580689e-02   2.4699236380545685e-02   2.0454939134491090e-02   1.6467190192128722e-02   1.2743382618067567e-02   9.2834447436405260e-03   6.0797637474530250e-03   3.1178208533232873e-03   3.7722962986129135e-04  -2.1671338578659501e-03  -4.5440762861738530e-03  -6.7851649351419879e-03  -8.9238909305863930e-03  -1.0994830162276911e-02  -1.3032623627757960e-02  -1.5070511196145879e-02  -1.7138049002136134e-02  -1.9257776762654184e-02  -2.1441326404053222e-02  -2.3686797859687407e-02  -2.5979604995131314e-02  -2.8296828964338237e-02  -3.0612478978439120e-02  -3.2901254583163349e-02  -3.5140302770901098e-02  -3.7309624581135972e-02  -3.9391830082080484e-02  -4.1371670846008859e-02  -4.3235534610597315e-02  -4.4970980588920823e-02  -4.6566330110300244e-02  -4.8010321226578528e-02  -4.9291819010060064e-02  -5.0399584521936595e-02  -5.1322095274722361e-02  -5.2047422589162749e-02  -5.2563162198757417e-02  -5.2856427118493560e-02  -5.2913903578752072e-02  -5.2721984437490224e-02  -5.2266987602284293e-02  -5.1535482124984461e-02  -5.0514737622287573e-02  -4.9193325214563988e-02  -4.7561881710967258e-02  -4.5614043333704127e-02  -4.3347507931961071e-02  -4.0765140382098046e-02  -3.7875954928199430e-02  -3.4695758916022862e-02  -3.1247212802732956e-02  -2.7559118142097168e-02  -2.3664866881864602e-02  -1.9600170762404688e-02  -1.5400389615964072e-02  -1.1097914111481552e-02  -6.7200778622146032e-03  -2.2879237911671707e-03   2.1840902919674013e-03   6.6875996299440368e-03   1.1219333998209149e-02   1.5779901569539186e-02   2.0372572548637849e-02   2.5002184501181329e-02   2.9674216864076668e-02   3.4394030387287881e-02   3.9166247705791898e-02   4.3994240449887576e-02   4.8879695263732578e-02   5.3822232692529295e-02   5.8819065733067145e-02   6.3864687228537692e-02   6.8950588957176290e-02   7.4065018130432869e-02   7.9192793692240096e-02   8.4315210569262417e-02   8.9410076940586544e-02   9.4451931813074957e-02   9.9412488479233202e-02   1.0426133467996444e-01   1.0896688559293949e-01   1.1349756842526915e-01   1.1782316912367909e-01   1.2191627307259637e-01   1.2575366023481790e-01   1.2931750200511535e-01   1.3259612023640188e-01   1.3558410295540102e-01
   1.3398781730227391e-01   1.3639863353487683e-01   1.3852792662724342e-01   1.4038472725446705e-01   1.4197655525422861e-01   1.4330774806292523e-01   1.4437850926898499e-01   1.4518459558283550e-01   1.4571748778302585e-01   1.4596490866663972e-01   1.4591161284209789e-01   1.4554043118887033e-01   1.4483359488963549e-01   1.4377437009451524e-01   1.4234900726030747e-01   1.4054891255738178e-01   1.3837277655394103e-01   1.3582810925706143e-01   1.3293143214753717e-01   1.2970657125937107e-01   1.2618137044156422e-01   1.2238402488401293e-01   1.1834031715531391e-01   1.1407229694915512e-01   1.0959824739916020e-01   1.0493349818346724e-01   1.0009167849079686e-01   9.5086119330305238e-02   8.9931208976622906e-02   8.4643562647540666e-02   7.9242898660198097e-02   7.3752540863891269e-02   6.8199500158420939e-02   6.2614136810304033e-02   5.7029458318635276e-02   5.1480159832459904e-02   4.6001542893599479e-02   4.0628451862842876e-02   3.5394331844006269e-02   3.0330462118324037e-02   2.5465339261504124e-02   2.0824122046889361e-02   1.6427963826637214e-02   1.2293105746811563e-02   8.4297290828630259e-03   4.8409218248373700e-03   1.5221738960028708e-03  -1.5383569647120718e-03  -4.3589885602366082e-03  -6.9633872161281515e-03  -9.3794371986505691e-03  -1.1638224846714167e-02  -1.3773133978322336e-02  -1.5818973555474698e-02  -1.7810974489854511e-02  -1.9783401321798740e-02  -2.1767432006261658e-02  -2.3788056949335657e-02  -2.5860387268409075e-02  -2.7986950324154072e-02  -3.0157992143815038e-02  -3.2355012308854673e-02  -3.4555410893700095e-02  -3.6736080039873810e-02  -3.8875313087307656e-02  -4.0953474699003616e-02  -4.2953004278127344e-02  -4.4858144089272876e-02  -4.6654577016367833e-02  -4.8329065618447367e-02  -4.9869118292723877e-02  -5.1262700997629501e-02  -5.2497991603711977e-02  -5.3563184292992956e-02  -5.4446338873818188e-02  -5.5135282615789594e-02  -5.5617561405751526e-02  -5.5880450060346726e-02  -5.5911021928190259e-02  -5.5696291452445770e-02  -5.5223434510803436e-02  -5.4480104875234074e-02  -5.3454855175920843e-02  -5.2137680838946411e-02  -5.0520687230687061e-02  -4.8598876092546095e-02  -4.6371007323176117e-02  -4.3840463156343303e-02  -4.1015982300956669e-02  -3.7912102834771866e-02  -3.4549132205558539e-02  -3.0952511323320862e-02  -2.7151530532414300e-02  -2.3177502388182215e-02  -1.9061637229539366e-02  -1.4832964306995551e-02  -1.0516637916455570e-02  -6.1328650606642457e-03  -1.6965257633012702e-03   2.7825980405794676e-03   7.2991666434397001e-03   1.1851396794904809e-02   1.6440112608971508e-02   2.1067838459585615e-02   2.5737990941702284e-02   3.0454182269394427e-02   3.5219630894001062e-02   4.0036658485412956e-02   4.4906257084865446e-02   4.9827705540006838e-02   5.4798226062363800e-02   5.9812669513563142e-02   6.4863232087254696e-02   6.9939204487938805e-02   7.5026770903064449e-02   8.0108874552900639e-02   8.5165183833933830e-02   9.0172190531578683e-02   9.5103481656709107e-02   9.9930216157340310e-02   1.0462183220274666e-01   1.0914700013013380e-01   1.1347481553606509e-01   1.1757621896411720e-01   1.2142556617177871e-01   1.2500221658327512e-01   1.2829185732451423e-01   1.3128721823141154e-01
   1.2909969519303405e-01   1.3151978076474363e-01   1.3365651882466842e-01   1.3552080588312818e-01   1.3712231029296887e-01   1.3846732752828356e-01   1.3955763160765428e-01   1.4039019338112613e-01   1.4095750188496078e-01   1.4124825496515353e-01   1.4124827962289729e-01   1.4094162504694965e-01   1.4031182781170293e-01   1.3934336337400785e-01   1.3802328672245090e-01   1.3634300990981477e-01   1.3430006060109548e-01   1.3189947144729297e-01   1.2915422869305890e-01   1.2608417001054167e-01   1.2271327015876807e-01   1.1906617140967132e-01   1.1516529036738446e-01   1.1102932276347072e-01   1.0667316334029496e-01   1.0210880744024652e-01   9.7346779831631411e-02   9.2397752362370897e-02   8.7274125858259929e-02   8.1991406893649671e-02   7.6569242210845212e-02   7.1031993000657184e-02   6.5408775302124633e-02   5.9732951044417747e-02   5.4041140846728238e-02   4.8371903135575482e-02   4.2764280664183821e-02   3.7256415174903433e-02   3.1884393537735284e-02   2.6681406456349303e-02   2.1677214621290616e-02   1.6897825607352840e-02   1.2365203063121007e-02   8.0967947983179647e-03   4.1047229690022308e-03   3.9476549852461573e-04  -3.0344946308665695e-03  -6.1918995128249013e-03  -9.0932438908182603e-03  -1.1760300261522742e-02  -1.4219676821820508e-02  -1.6501709062467420e-02  -1.8639459914102229e-02  -2.0667773213163113e-02  -2.2622241876342132e-02  -2.4537842404274913e-02  -2.6446918833633242e-02  -2.8376281352886785e-02  -3.0343783453636811e-02  -3.2355737773301481e-02  -3.4406899175945367e-02  -3.6483243191952980e-02  -3.8565886539082390e-02  -4.0634347061554062e-02  -4.2668498717890524e-02  -4.4649457706757649e-02  -4.6559824916490418e-02  -4.8383612810860559e-02  -5.0106034473878035e-02  -5.1713252787015662e-02  -5.3192128314729303e-02  -5.4529991448615818e-02  -5.5714443870262094e-02  -5.6733199586640901e-02  -5.7573964594828060e-02  -5.8224363052740612e-02  -5.8671909185447076e-02  -5.8904033780967792e-02  -5.8908166414412835e-02  -5.8671884476877344e-02  -5.8183132663833660e-02  -5.7430526122220250e-02  -5.6403741312121509e-02  -5.5094004258504164e-02  -5.3494669468530771e-02  -5.1601877522091569e-02  -4.9415248250418854e-02  -4.6938545813095034e-02  -4.4180211051848675e-02  -4.1153641661599509e-02  -3.7877090599353271e-02  -3.4373096119829978e-02  -3.0667423386709605e-02  -2.6787605950029686e-02  -2.2761269433701305e-02  -1.8614486153853395e-02  -1.4370401196436143e-02  -1.0048304621263084e-02  -5.6632112457559933e-03  -1.2259087902926971e-03   3.2566394008751443e-03   7.7806698711927261e-03   1.2344897575525971e-02   1.6949783710645976e-02   2.1596849693553744e-02   2.6288058627424060e-02   3.1025272237757591e-02   3.5809773418317405e-02   4.0641846748262989e-02   4.5520401910399494e-02   5.0442634350154919e-02   5.5403713572980594e-02   6.0396501391966027e-02   6.5411299433597553e-02   7.0435638987310339e-02   7.5454123703087739e-02   8.0448350060935148e-02   8.5396926320995159e-02   9.0275621974469283e-02   9.5057671741471395e-02   9.9714264828553292e-02   1.0421524358208291e-01   1.0853004297745007e-01   1.1262890308158803e-01   1.1648436885480483e-01   1.2007303685345042e-01   1.2337735188296822e-01   1.2638705353097465e-01
   1.2361628870614402e-01   1.2605712982958669e-01   1.2821390239450206e-01   1.3009868335589378e-01   1.3172298147394529e-01   1.3309492204458301e-01   1.3421775556995791e-01   1.3508954686939131e-01   1.3570363507548419e-01   1.3604950184597153e-01   1.3611382807870429e-01   1.3588165113502937e-01   1.3533760531582892e-01   1.3446725809457061e-01   1.3325854472565374e-01   1.3170326968193974e-01   1.2979856492144809e-01   1.2754806064631577e-01   1.2496232554194722e-01   1.2205803171337598e-01   1.1885560520207276e-01   1.1537596877842141e-01   1.1163765519773831e-01   1.0765528938340771e-01   1.0343958146337034e-01   9.8998398714085820e-02   9.4338421430444908e-02   8.9467015033825564e-02   8.4394078034958797e-02   7.9133672085731355e-02   7.3705260857835089e-02   6.8134389577149457e-02   6.2452684443706469e-02   5.6697130990085262e-02   5.0908715300839506e-02   4.5130628174490747e-02   3.9406320243080280e-02   3.3777700323049345e-02   2.8283710601894087e-02   2.2959391092966564e-02   1.7835428886913095e-02   1.2938073332755227e-02   8.2892250580936383e-03   3.9064431079132399e-03  -1.9737240224201869e-04  -4.0147123196708212e-03  -7.5443964011597323e-03  -1.0792254099562061e-02  -1.3771187003971338e-02  -1.6500571436586238e-02  -1.9005257336876732e-02  -2.1314435316659011e-02  -2.3460543640582577e-02  -2.5478221992287747e-02  -2.7403205908302995e-02  -2.9270930160274232e-02  -3.1114551955379821e-02  -3.2962206892204853e-02  -3.4833865977669631e-02  -3.6738981713005360e-02  -3.8676308672118451e-02  -4.0636047041420660e-02  -4.2603047236392542e-02  -4.4559662965292408e-02  -4.6487657140797396e-02  -4.8369232471269341e-02  -5.0187474081824585e-02  -5.1926457170171934e-02  -5.3571182935785250e-02  -5.5107437390286070e-02  -5.6521623595151185e-02  -5.7800596036780533e-02  -5.8931512052999929e-02  -5.9901710527283915e-02  -6.0698623535183273e-02  -6.1309726875889148e-02  -6.1722533252659591e-02  -6.1924633684132542e-02  -6.1903791328140542e-02  -6.1648094244269425e-02  -6.1146172004601984e-02  -6.0387482587477330e-02  -5.9362672255057244e-02  -5.8064009260964861e-02  -5.6485882554107622e-02  -5.4625346798841096e-02  -5.2482675310178702e-02  -5.0061864260103124e-02  -4.7371008534008524e-02  -4.4422459850167219e-02  -4.1232679707733338e-02  -3.7821731700694868e-02  -3.4212410006658658e-02  -3.0429074389023945e-02  -2.6496326209818476e-02  -2.2437702376159489e-02  -1.8274558202945879e-02  -1.4025267210330636e-02  -9.7047930938336871e-03  -5.3246198108346521e-03  -8.9297156681533013e-04   3.5847658214628181e-03   8.1055116730035029e-03   1.2667915160763963e-02   1.7271787916047675e-02   2.1917570570066762e-02   2.6605846150734899e-02   3.1336899945814123e-02   3.6110323004139938e-02   4.0924651330565304e-02   4.5777036485571500e-02   5.0662941826083226e-02   5.5575865199537444e-02   6.0507088760494515e-02   6.5445464477634607e-02   7.0377243829096492e-02   7.5285968559938785e-02   8.0152437589972841e-02   8.4954772416676302e-02   8.9668598231514129e-02   9.4267365314724821e-02   9.8722832178790118e-02   1.0300574854307284e-01   1.0708678424176524e-01   1.1093777608239097e-01   1.1453334349651204e-01   1.1785284322591953e-01   1.2088238545916130e-01
   1.1754750413798952e-01   1.2002041590738469e-01   1.2221095332323401e-01   1.2413118891241777e-01   1.2579375406607826e-01   1.2720820783874975e-01   1.2837902631817716e-01   1.2930516518790747e-01   1.2998062289827725e-01   1.3039547398001136e-01   1.3053705565512766e-01   1.3039118834600172e-01   1.2994340657800002e-01   1.2918021960788362e-01   1.2809040860413085e-01   1.2666634322091549e-01   1.2490522817337238e-01   1.2281008487304636e-01   1.2039008937084905e-01   1.1765976310774309e-01   1.1463671493451837e-01   1.1133841997806948e-01   1.0777932485522375e-01   1.0396941745629017e-01   9.9914453495704478e-02   9.5617334825706737e-02   9.1080079178876644e-02   8.6306004444824780e-02   8.1301894351469145e-02   7.6079944382771311e-02   7.0659269245387055e-02   6.5066738259429366e-02   5.9336943468721245e-02   5.3511218300403618e-02   4.7635799761257674e-02   4.1759414592355541e-02   3.5930696307067057e-02   3.0195857007303564e-02   2.4596936336615437e-02   1.9170774126303802e-02   1.3948674446134544e-02   8.9565924899610676e-03   4.2156049638892891e-03  -2.5761708243226406e-04  -4.4506078277371137e-03  -8.3553858965523756e-03  -1.1969189080988998e-02  -1.5295357110950827e-02  -1.8343891876653189e-02  -2.1131405161669826e-02  -2.3680473600456449e-02  -2.6018643793279089e-02  -2.8177312893864118e-02  -3.0190590503721852e-02  -3.2094081846323855e-02  -3.3923405541971555e-02  -3.5712187081008741e-02  -3.7489423309155778e-02  -3.9276613159675698e-02  -4.1085690014502456e-02  -4.2918785701827493e-02  -4.4769874302930897e-02  -4.6627339523029041e-02  -4.8476405449049409e-02  -5.0300917382573709e-02  -5.2084438581676190e-02  -5.3810836672604834e-02  -5.5464540313001395e-02  -5.7030605914158906e-02  -5.8494680180733061e-02  -5.9842915019665321e-02  -6.1061865007306496e-02  -6.2138389628656393e-02  -6.3059571183830099e-02  -6.3812659117004261e-02  -6.4385045605394875e-02  -6.4764279665043292e-02  -6.4938123110977741e-02  -6.4894654615945790e-02  -6.4622424805970219e-02  -6.4110667682630990e-02  -6.3349569790024970e-02  -6.2330598722395984e-02  -6.1046885714413468e-02  -5.9493652391274063e-02  -5.7668659501215712e-02  -5.5572644752844194e-02  -5.3209700693548925e-02  -5.0587533092400321e-02  -4.7717533537194656e-02  -4.4614608839643778e-02  -4.1296732843226470e-02  -3.7784227301253588e-02  -3.4098826186306656e-02  -3.0262623101651828e-02  -2.6297026138545340e-02  -2.2221843840161085e-02  -1.8054595899939380e-02  -1.3810096722952372e-02  -9.5003111362409395e-03  -5.1344449909363835e-03  -7.1921153969113985e-04   3.7407884982187598e-03   8.2426280920252781e-03   1.2784596981277156e-02   1.7365753789680523e-02   2.1985501522393498e-02   2.6643192427669098e-02   3.1337762335171576e-02   3.6067392182762663e-02   4.0829193819885076e-02   4.5618918075572140e-02   5.0430685064725166e-02   5.5256738791629137e-02   6.0087231606424214e-02   6.4910046090773499e-02   6.9710665757972815e-02   7.4472106334609878e-02   7.9174922429224762e-02   8.3797302342741561e-02   8.8315267655586713e-02   9.2702993283540855e-02   9.6933278268570761e-02   1.0097821048700242e-01   1.0481010537315874e-01   1.0840281973070749e-01   1.1173353807317359e-01   1.1478496727178063e-01
   1.1091687527405208e-01   1.1343104351542778e-01   1.1566846226284924e-01   1.1763966168562996e-01   1.1935721662543622e-01   1.2083134991888030e-01   1.2206727419535962e-01   1.2306450423982908e-01   1.2381745637141814e-01   1.2431660420442162e-01   1.2454976790582353e-01   1.2450337868827786e-01   1.2416369950385099e-01   1.2351802642942798e-01   1.2255589272652119e-01   1.2127026388402688e-01   1.1965865322205149e-01   1.1772397645594512e-01   1.1547479546392751e-01   1.1292443738940543e-01   1.1008862652469839e-01   1.0698204308086960e-01   1.0361523523303123e-01   9.9993263272736638e-02   9.6116296699353079e-02   9.1981470370563923e-02   8.7585293746106560e-02   8.2926230820927010e-02   7.8007255082878757e-02   7.2838192856803666e-02   6.7437588371630733e-02   6.1833765652860063e-02   5.6064784412705446e-02   5.0177142605390697e-02   4.4223330630070987e-02   3.8258622012151758e-02   3.2337678597676653e-02   2.6511567805779828e-02   2.0825637800412813e-02   1.5318423164113706e-02   1.0021497616066449e-02   4.9600048275143978e-03   1.5354482573480543e-04  -4.3829107491948332e-03  -8.6383525869226010e-03  -1.2605550180891528e-02  -1.6281427463846369e-02  -1.9667860361904311e-02  -2.2772504981880382e-02  -2.5609254489646689e-02  -2.8198100847434113e-02  -3.0564472664882356e-02  -3.2738238699430662e-02  -3.4752538994306859e-02  -3.6642454672681915e-02  -3.8443389559470457e-02  -4.0188984346868413e-02  -4.1908560421612534e-02  -4.3624532178996756e-02  -4.5350645625670587e-02  -4.7091753396875741e-02  -4.8845068942838112e-02  -5.0602192803908319e-02  -5.2351135603388582e-02  -5.4077921395926792e-02  -5.5767680269764905e-02  -5.7405319046164388e-02  -5.8975888789895445e-02  -6.0464759519786103e-02  -6.1857675849003022e-02  -6.3140748769771105e-02  -6.4300415098115446e-02  -6.5323389789099628e-02  -6.6196623980218888e-02  -6.6907281783589762e-02  -6.7442741760546279e-02  -6.7790631255333453e-02  -6.7938896891110281e-02  -6.7875917249293302e-02  -6.7590659601574274e-02  -6.7072884620274054e-02  -6.6313398153346609e-02  -6.5304349197357184e-02  -6.4039566247366453e-02  -6.2514920732679669e-02  -6.0728695821180123e-02  -5.8681931736225573e-02  -5.6378707259477322e-02  -5.3826312470551745e-02  -5.1035264854846357e-02  -4.8019131184044758e-02  -4.4794134935054221e-02  -4.1378559927983449e-02  -3.7791992426658212e-02  -3.4054475130777084e-02  -3.0185661920164558e-02  -2.6204062635560552e-02  -2.2126447106364126e-02  -1.7967449590264532e-02  -1.3739380143897084e-02  -9.4522236215701366e-03  -5.1137887535086558e-03  -7.2996498246817414e-04   3.6949544931045991e-03   8.1579160132725335e-03   1.2656739640078563e-02   1.7189758700428603e-02   2.1755473466359185e-02   2.6352221770574953e-02   3.0977867727898487e-02   3.5629507514766179e-02   4.0303192336163973e-02   4.4993668936660410e-02   4.9694140592687647e-02   5.4396052659787489e-02   5.9088909484751692e-02   6.3760130561112655e-02   6.8394955575530894e-02   7.2976408001529658e-02   7.7485327149629163e-02   8.1900478405599872e-02   8.6198753972982101e-02   9.0355482564248871e-02   9.4344883466180252e-02   9.8140729283666767e-02   1.0171732712671176e-01   1.0505096190779582e-01   1.0812191233637050e-01
   1.0376260703094067e-01   1.0632369665489122e-01   1.0861879955267643e-01   1.1065539325588890e-01   1.1244449036500009e-01   1.1399582119439561e-01   1.1531455552916864e-01   1.1640026983307836e-01   1.1724748585517099e-01   1.1784687198666474e-01   1.1818657792531061e-01   1.1825350513734562e-01   1.1803449952604553e-01   1.1751749736317912e-01   1.1669265917631701e-01   1.1555348622974357e-01   1.1409786273611346e-01   1.1232884989448737e-01   1.1025488785744161e-01   1.0788884949357538e-01   1.0524547595922037e-01   1.0233751413880494e-01   9.9172160591994490e-02   9.5749613284090720e-02   9.2064078400896407e-02   8.8106264203373474e-02   8.3866380530062706e-02   7.9337223829125364e-02   7.4517219462190476e-02   6.9413272181326743e-02   6.4043105343650403e-02   5.8436635298111890e-02   5.2635936172781367e-02   4.6693551959279350e-02   4.0669290773911390e-02   3.4626021483971231e-02   2.8625278309651180e-02   2.2723487652578471e-02   1.6969424607618414e-02   1.1403098864430618e-02   6.0559035389666262e-03   9.5160506122690842e-04  -3.8922823412999331e-03  -8.4631366316741310e-03  -1.2752162685813214e-02  -1.6753827116694382e-02  -2.0465883383464341e-02  -2.3889936758983953e-02  -2.7032290029664788e-02  -2.9904695857140489e-02  -3.2524685913893833e-02  -3.4915343003240340e-02  -3.7104582840193100e-02  -3.9124062545107849e-02  -4.1007784902632259e-02  -4.2790344453449751e-02  -4.4504767990507350e-02  -4.6180059271268788e-02  -4.7838916564323535e-02  -4.9496267576747369e-02  -5.1159065797123052e-02  -5.2827228902870074e-02  -5.4495208469063805e-02  -5.6153637665510653e-02  -5.7790728712170197e-02  -5.9393308686060943e-02  -6.0947521651664630e-02  -6.2439268814326002e-02  -6.3854465065284249e-02  -6.5179173230110771e-02  -6.6399664049357154e-02  -6.7502433842837828e-02  -6.8474204388978402e-02  -6.9301920638226350e-02  -6.9972759215281191e-02  -7.0474155719392695e-02  -7.0793858511508462e-02  -7.0920013457062447e-02  -7.0841284365061111e-02  -7.0547011056028314e-02  -7.0027406839755210e-02  -6.9273793811519171e-02  -6.8278872773824786e-02  -6.7037019352995608e-02  -6.5544593904760612e-02  -6.3800245460851987e-02  -6.1805184644023910e-02  -5.9563393471666080e-02  -5.7081737789604757e-02  -5.4369948388879895e-02  -5.1440445943979306e-02  -4.8307998975368180e-02  -4.4989226031666454e-02  -4.1501975237310126e-02  -3.7864635405126898e-02  -3.4095442830374412e-02  -3.0211849122431658e-02  -2.6230002335428562e-02  -2.2164374934326009e-02  -1.8027548888337228e-02  -1.3830149983637924e-02  -9.5809081759269457e-03  -5.2868155452371855e-03  -9.5335183155976361e-04   3.4152476526418292e-03   7.8157025580717372e-03   1.2245390051145010e-02   1.6702048967730289e-02   2.1183489893577399e-02   2.5687314330241830e-02   3.0210643531183488e-02   3.4749858895887810e-02   3.9300354760399350e-02   4.3856307146930132e-02   4.8410461644375652e-02   5.2953946889964881e-02   5.7476119135506328e-02   6.1964446383321117e-02   6.6404438000562116e-02   7.0779628411041892e-02   7.5071619657711516e-02   7.9260192446108740e-02   8.3323495585353208e-02   8.7238340820883692e-02   9.0980648247857759e-02   9.4526137341852404e-02   9.7851406577104533e-02   1.0093558498223465e-01
   9.6136427719739626e-02   9.8746270600121311e-02   1.0110646587540534e-01   1.0322036657809822e-01   1.0509590230350303e-01   1.0674090152683591e-01   1.0815945208098582e-01   1.0935052971354209e-01   1.1030837336957641e-01   1.1102362577814182e-01   1.1148462429102733e-01   1.1167862263335557e-01   1.1159292354890446e-01   1.1121596276384677e-01   1.1053838176376821e-01   1.0955409398445429e-01   1.0826129248336587e-01   1.0666323677560077e-01   1.0476846824128080e-01   1.0258985625694203e-01   1.0014185613104255e-01   9.7436140618675948e-02   9.4477333005381137e-02   9.1261193546792019e-02   8.7775935725279586e-02   8.4005438335413449e-02   7.9932977946220368e-02   7.5544949872411393e-02   7.0834530996231271e-02   6.5805181327545106e-02   6.0473600549978093e-02   5.4871500241433238e-02   4.9045566345608228e-02   4.3055269904126107e-02   3.6968733939629336e-02   3.0857358942883370e-02   2.4790265636686189e-02   1.8829613650548221e-02   1.3027588513339962e-02   7.4253168061283598e-03   2.0534326929132971e-03  -3.0663259245967238e-03  -7.9191526541593157e-03  -1.2495335014064255e-02  -1.6788839161714378e-02  -2.0796460379524675e-02  -2.4517592477606091e-02  -2.7954564695685864e-02  -3.1113377515657088e-02  -3.4004534886551009e-02  -3.6643657024201332e-02  -3.9051624445274227e-02  -4.1254184327141924e-02  -4.3281032961335841e-02  -4.5164445199634973e-02  -4.6937470582577009e-02  -4.8631784544849510e-02  -5.0275409524790343e-02  -5.1890737721410486e-02  -5.3493316707501182e-02  -5.5091640365168226e-02  -5.6687819899658501e-02  -5.8278768244700865e-02  -5.9857513793292808e-02  -6.1414384559751560e-02  -6.2937952518770934e-02  -6.4415725853031791e-02  -6.5834626499306409e-02  -6.7181302764016362e-02  -6.8442324888461969e-02  -6.9604302239361815e-02  -7.0653952490336791e-02  -7.1578145243790692e-02  -7.2363936920633559e-02  -7.2998609512066506e-02  -7.3469722623643846e-02  -7.3765186017069967e-02  -7.3873357812767659e-02  -7.3783172198684494e-02  -7.3484298548338017e-02  -7.2967332447827979e-02  -7.2224016355677156e-02  -7.1247485299149926e-02  -7.0032528946919317e-02  -6.8575857848886007e-02  -6.6876356355325878e-02  -6.4935300802881901e-02  -6.2756517427074762e-02  -6.0346454126182003e-02  -5.7714141879145725e-02  -5.4871029507265016e-02  -5.1830686319374097e-02  -4.8608383380822656e-02  -4.5220579249019857e-02  -4.1684350434765718e-02  -3.8016813953250725e-02  -3.4234589995192043e-02  -3.0353344484378632e-02  -2.6387439420755790e-02  -2.2349702673260884e-02  -1.8251315380367818e-02  -1.4101804104111380e-02  -9.9091193722145293e-03  -5.6797794581645300e-03  -1.4190603431069523e-03   2.8687846914677469e-03   7.1802877835183063e-03   1.1512520574108542e-02   1.5862844980406937e-02   2.0228664696189991e-02   2.4607179428086150e-02   2.8995144313166750e-02   3.3388636439727629e-02   3.7782831976344661e-02   4.2171797371164887e-02   4.6548299917642477e-02   5.0903642721215156e-02   5.5227530413149678e-02   5.9507970844034357e-02   6.3731218334390799e-02   6.7881762613697993e-02   7.1942368891615163e-02   7.5894176189100160e-02   7.9716870330360234e-02   8.3388965949624055e-02   8.6888267148654955e-02   9.0192631832619177e-02   9.3281224508453622e-02
   8.8100927729630282e-02   9.0758165999101109e-02   9.3187261066194807e-02   9.5386969437415453e-02   9.7360917355107435e-02   9.9113624328287186e-02   1.0064694486417336e-01   1.0195849359081936e-01   1.0304178972800290e-01   1.0388721445628980e-01   1.0448315389559765e-01   1.0481710251131590e-01   1.0487669843611885e-01   1.0465073116395238e-01   1.0413015549933247e-01   1.0330912139413156e-01   1.0218597205331079e-01   1.0076405847382799e-01   9.9052017508297258e-02   9.7062873537161115e-02   9.4811197594572752e-02   9.2308264556442171e-02   8.9556955228123125e-02   8.6549296730148093e-02   8.3267861373116980e-02   7.9689649523705650e-02   7.5790641858591731e-02   7.1550293893244729e-02   6.6955994492381390e-02   6.2007410777805423e-02   5.6720216765175219e-02   5.1128300279557518e-02   4.5283615746532856e-02   3.9253308316622271e-02   3.3114498905366184e-02   2.6947673283759875e-02   2.0829925513435404e-02   1.4829307005568997e-02   9.0012662886558518e-03   3.3875905978455051e-03  -1.9825108180400175e-03  -7.0900470896544804e-03  -1.1923561939540233e-02  -1.6476765090259759e-02  -2.0746792741399307e-02  -2.4733158942505797e-02  -2.8437375119186221e-02  -3.1863137807168394e-02  -3.5016942186596713e-02  -3.7908878654583270e-02  -4.0553346384431629e-02  -4.2969415103973806e-02  -4.5180683481720198e-02  -4.7214564898970010e-02  -4.9101034646668436e-02  -5.0870915313720323e-02  -5.2553867414840534e-02  -5.4176359707975748e-02  -5.5759980330800520e-02  -5.7320407345389172e-02  -5.8867165914627699e-02  -6.0404068429137599e-02  -6.1930080491897563e-02  -6.3440343209803990e-02  -6.4927152594168605e-02  -6.6380791902389158e-02  -6.7790184735769574e-02  -6.9143379476389960e-02  -7.0427894138256286e-02  -7.1630954459033946e-02  -7.2739656217838067e-02  -7.3741076828459776e-02  -7.4622357311928816e-02  -7.5370770135222517e-02  -7.5973785977723862e-02  -7.6419148276726051e-02  -7.6694963484949030e-02  -7.6789811592711782e-02  -7.6692881057014162e-02  -7.6394129042915565e-02  -7.5884467285360774e-02  -7.5155970293558402e-02  -7.4202101321243955e-02  -7.3017947091945562e-02  -7.1600450129359894e-02  -6.9948622832261387e-02  -6.8063725760226221e-02  -6.5949389506240963e-02  -6.3611660709977633e-02  -6.1058954534016711e-02  -5.8301903005972967e-02  -5.5353096822948443e-02  -5.2226730094777775e-02  -4.8938168223732002e-02  -4.5503469320076165e-02  -4.1938894230150653e-02  -3.8260441446322714e-02  -3.4483437891360436e-02  -3.0622208104664476e-02  -2.6689833845094692e-02  -2.2698006452863087e-02  -1.8656965613123945e-02  -1.4575513043352825e-02  -1.0461087282649148e-02  -6.3198855736843196e-03  -2.1570204093765977e-03   2.0232996023598097e-03   6.2175721229235544e-03   1.0422792555469001e-02   1.4636238342876810e-02   1.8855249579288951e-02   2.3077008295185213e-02   2.7298319723686827e-02   3.1515398182513955e-02   3.5723662087791590e-02   3.9917541758198470e-02   4.4090305755341300e-02   4.8233909690168220e-02   5.2338873294050792e-02   5.6394188535212372e-02   6.0387263608455914e-02   6.4303904134324977e-02   6.8128338624114257e-02   7.1843296190486197e-02   7.5430163040045420e-02   7.8869264753866769e-02   8.2140376524789338e-02   8.5223617082521672e-02
   7.9726478059394576e-02   8.2427625894713918e-02   8.4926275252119071e-02   8.7216587362903220e-02   8.9297129867340980e-02   9.1167977032197006e-02   9.2827708596426292e-02   9.4271851812942814e-02   9.5492780005233202e-02   9.6480377182201885e-02   9.7222934025576413e-02   9.7708063987602525e-02   9.7923605809985895e-02   9.7858536703225446e-02   9.7503926294044418e-02   9.6853934938537417e-02   9.5906816941414397e-02   9.4665780734871877e-02   9.3139361408191915e-02   9.1340630370751644e-02   8.9284353688264373e-02   8.6981791464252028e-02   8.4434795083672146e-02   8.1632513968318873e-02   7.8552581538706048e-02   7.5165478498270794e-02   7.1439896178281018e-02   6.7348139677279539e-02   6.2871607150547626e-02   5.8006218561911189e-02   5.2767043902136532e-02   4.7190847180622907e-02   4.1335529316377802e-02   3.5276283714181081e-02   2.9099233106561810e-02   2.2893756660317493e-02   1.6744741073663621e-02   1.0726004344135811e-02   4.8960497199840008e-03  -7.0310599727126284e-04  -6.0443196052852640e-03  -1.1112054853940742e-02  -1.5898825652849197e-02  -2.0402221115796815e-02  -2.4622849804395480e-02  -2.8563160484740061e-02  -3.2227003303817094e-02  -3.5619756368886410e-02  -3.8748858733958585e-02  -4.1624539962643758e-02  -4.4260525298237430e-02  -4.6674477143809415e-02  -4.8887998036130864e-02  -5.0926092979847404e-02  -5.2816096072624878e-02  -5.4586156590550085e-02  -5.6263477256550315e-02  -5.7872573754759751e-02  -5.9433844920402074e-02  -6.0962677566241470e-02  -6.2469161556515135e-02  -6.3958337985003652e-02  -6.5430806181029602e-02  -6.6883498078570372e-02  -6.8310468670877214e-02  -6.9703608282761620e-02  -7.1053236409193338e-02  -7.2348569363586079e-02  -7.3578075932433956e-02  -7.4729740360942404e-02  -7.5791256267061083e-02  -7.6750170734642770e-02  -7.7593997540154835e-02  -7.8310312797520279e-02  -7.8886845983501624e-02  -7.9311574457715708e-02  -7.9572829590051117e-02  -7.9659418538301219e-02  -7.9560765847937420e-02  -7.9267075280730709e-02  -7.8769512043558268e-02  -7.8060401647073396e-02  -7.7133440696950592e-02  -7.5983910873103730e-02  -7.4608885979512027e-02  -7.3007418241680125e-02  -7.1180689024070667e-02  -6.9132107362846862e-02  -6.6867341295920493e-02  -6.4394269107543672e-02  -6.1722843196574534e-02  -5.8864865856630456e-02  -5.5833684978476905e-02  -5.2643825658109641e-02  -4.9310580530772308e-02  -4.5849585954344754e-02  -4.2276411260645637e-02  -3.8606185693247697e-02  -3.4853281825533509e-02  -3.1031067427091320e-02  -2.7151729657130998e-02  -2.3226170408143402e-02  -1.9263966162105059e-02  -1.5273384079531717e-02  -1.1261444126065228e-02  -7.2340188216592303e-03  -3.1959619332292116e-03   8.4873958532852116e-04   4.8967964926529446e-03   8.9454341021133026e-03   1.2992199505864228e-02   1.7034761014961888e-02   2.1070704251658808e-02   2.5097326906615716e-02   2.9111437506973786e-02   3.3109160673092622e-02   3.7085755100698503e-02   4.1035446611205707e-02   4.4951282517741789e-02   4.8825008154286517e-02   5.2646970897323467e-02   5.6406051044506522e-02   6.0089625585733816e-02   6.3683567822500786e-02   6.7172302602824224e-02   7.0538947879676170e-02   7.3765618608533909e-02   7.6834014660118438e-02
   7.1088523531708983e-02   7.3828913822335668e-02   7.6395258404115665e-02   7.8777351599823978e-02   8.0968394407931008e-02   8.2963338465204164e-02   8.4756781648369722e-02   8.6341629885398744e-02   8.7708771072138481e-02   8.8847379202171714e-02   8.9745494197123479e-02   9.0390700856232131e-02   9.0770871213520329e-02   9.0874969350903848e-02   9.0693940575111112e-02   9.0221677433235628e-02   8.9456031664346264e-02   8.8399726757900920e-02   8.7060841038269360e-02   8.5452161315266312e-02   8.3588430370522118e-02   8.1480950825128490e-02   7.9131030314874617e-02   7.6525808861304584e-02   7.3638948298421381e-02   7.0435177146055905e-02   6.6876353781523817e-02   6.2927900739473255e-02   5.8565580387176790e-02   5.3782267947831384e-02   4.8593480532440989e-02   4.3039898590594594e-02   3.7185869325485961e-02   3.1114294532280876e-02   2.4919273604535469e-02   1.8697861320126102e-02   1.2541820981446232e-02   6.5302989991311618e-03   7.2468722617173749e-04  -4.8330033452452167e-03  -1.0118152197088105e-02  -1.5119257718216157e-02  -1.9833327786909639e-02  -2.4262191807348784e-02  -2.8410120222781284e-02  -3.2282568652177310e-02  -3.5885756592046431e-02  -3.9226807554029214e-02  -4.2314253545700523e-02  -4.5158708059597812e-02  -4.7773522407999376e-02  -5.0175227134050024e-02  -5.2383602294401956e-02  -5.4421276585102249e-02  -5.6312851299434669e-02  -5.8083639036793575e-02  -5.9758193983642530e-02  -6.1358864430863851e-02  -6.2904594677990200e-02  -6.4410138183084997e-02  -6.5885738510980035e-02  -6.7337228414732858e-02  -6.8766431899150340e-02  -7.0171732933431069e-02  -7.1548697195726971e-02  -7.2890665262533988e-02  -7.4189275210166897e-02  -7.5434896583105884e-02  -7.6616978791641935e-02  -7.7724323267589726e-02  -7.8745295741315974e-02  -7.9667992655032313e-02  -8.0480377464576286e-02  -8.1170398267621333e-02  -8.1726098486970586e-02  -8.2135728146294051e-02  -8.2387863417656318e-02  -8.2471538389075436e-02  -8.2376392824936015e-02  -8.2092836262358734e-02  -8.1612228113983637e-02  -8.0927070187503614e-02  -8.0031206823437367e-02  -7.8920024649449347e-02  -7.7590642420780467e-02  -7.6042078945221761e-02  -7.4275386359452328e-02  -7.2293735423343039e-02  -7.0102440655652534e-02  -6.7708915728183716e-02  -6.5122553639944319e-02  -6.2354532079605819e-02  -5.9417550116445748e-02  -5.6325509151716434e-02  -5.3093155487330249e-02  -4.9735705576662528e-02  -4.6268475074520025e-02  -4.2706532030812011e-02  -3.9064389461026361e-02  -3.5355749047595808e-02  -3.1593301407966908e-02  -2.7788584769424203e-02  -2.3951898804262947e-02  -2.0092269783103335e-02  -1.6217460149010560e-02  -1.2334017222704947e-02  -8.4473540815461698e-03  -4.5618585989826259e-03  -6.8102504569523235e-04   3.1923941854576070e-03   7.0562215180946623e-03   1.0908673552190587e-02   1.4748171674183901e-02   1.8573145660911526e-02   2.2381835826941150e-02   2.6172095812743910e-02   2.9941202147546725e-02   3.3685672451133068e-02   3.7401098060589111e-02   4.1081991769259744e-02   4.4721655181685860e-02   4.8312064520434982e-02   5.1843779326470989e-02   5.5305874808997159e-02   5.8685909690479980e-02   6.1969948697120546e-02   6.5142690824903884e-02   6.8187791407903944e-02
   6.2265408116809952e-02   6.5039716267714667e-02   6.7669799742806069e-02   7.0141347785287217e-02   7.2442262267684673e-02   7.4562240442933123e-02   7.6491670748155396e-02   7.8220610982767530e-02   7.9738269178201523e-02   8.1032937799409385e-02   8.2092236248294051e-02   8.2903535758095309e-02   8.3454529400346478e-02   8.3733920654429320e-02   8.3732242071336213e-02   8.3442785292812766e-02   8.2862617708311506e-02   8.1993545184418259e-02   8.0842707657137206e-02   7.9422099988026698e-02   7.7745985337684814e-02   7.5825480201789738e-02   7.3661582981374762e-02   7.1240213771012167e-02   6.8532198016682838e-02   6.5497651293529233e-02   6.2092566846537703e-02   5.8276399536714908e-02   5.4020425645915346e-02   4.9316014658555118e-02   4.4180771292399106e-02   3.8660352411543163e-02   3.2825439305841572e-02   2.6765299122986596e-02   2.0579909502663078e-02   1.4371839272288448e-02   8.2381266344426201e-03   2.2624905743766285e-03  -3.4908823212471268e-03  -8.9799185792493637e-03  -1.4182649714443482e-02  -1.9091938105878205e-02  -2.3709626892177357e-02  -2.8041998373270892e-02  -3.2097040604587269e-02  -3.5883155618584003e-02  -3.9408817423115479e-02  -4.2682784417095339e-02  -4.5714622279723262e-02  -4.8515345133647643e-02  -5.1098021270029909e-02  -5.3478186667963362e-02  -5.5673944373604324e-02  -5.7705669625496656e-02  -5.9595319474817054e-02  -6.1365421786133578e-02  -6.3037890927769194e-02  -6.4632851127385496e-02  -6.6167642616923275e-02  -6.7656132881028785e-02  -6.9108381867115987e-02  -7.0530633793300407e-02  -7.1925562139503768e-02  -7.3292672514405036e-02  -7.4628778556174030e-02  -7.5928483186305143e-02  -7.7184625289847431e-02  -7.8388668997071836e-02  -7.9531031407383226e-02  -8.0601350653660545e-02  -8.1588704568580625e-02  -8.2481789401007422e-02  -8.3269071136276976e-02  -8.3938918590178671e-02  -8.4479728746666052e-02  -8.4880051031412274e-02  -8.5128717683774252e-02  -8.5214983782483641e-02  -8.5128680538326187e-02  -8.4860381984210226e-02  -8.4401584794267404e-02  -8.3744897491360465e-02  -8.2884234477459323e-02  -8.1815007187525268e-02  -8.0534303905270638e-02  -7.9041047428988334e-02  -7.7336119663659830e-02  -7.5422441592960437e-02  -7.3304998860111811e-02  -7.0990805048415109e-02  -6.8488798698049899e-02  -6.5809674080164332e-02  -6.2965651104434972e-02  -5.9970194167000584e-02  -5.6837693800629419e-02  -5.3583127623195101e-02  -5.0221717712258210e-02  -4.6768600643774111e-02  -4.3238524279560660e-02  -3.9645581969037606e-02  -3.6002990758921716e-02  -3.2322917248862888e-02  -2.8616351397925302e-02  -2.4893026613172001e-02  -2.1161382754547764e-02  -1.7428568544095101e-02  -1.3700479147060282e-02  -9.9818254071967968e-03  -6.2762307514106705e-03  -2.5863528311825118e-03   1.0859737207093781e-03   4.7395759989355760e-03   8.3737668657481307e-03   1.1988157189603589e-02   1.5582460665289760e-02   1.9156294340178279e-02   2.2708979520809990e-02   2.6239345963350456e-02   2.9745543541560147e-02   3.3224863017927736e-02   3.6673568596960686e-02   4.0086742415450807e-02   4.3458141692780949e-02   4.6780068560175851e-02   5.0043256178136916e-02   5.3236781231173771e-02   5.6348027590406503e-02   5.9362759548586157e-02
   5.3336502566137360e-02   5.6138720992904394e-02   5.8826454696145461e-02   6.1381548065486562e-02   6.3787014402570480e-02   6.6027711911826450e-02   6.8090097945089467e-02   6.9961487307935832e-02   7.1629372319130968e-02   7.3081036529818344e-02   7.4303492245884714e-02   7.5283669929037775e-02   7.6008820499800289e-02   7.6467088662221808e-02   7.6648255063819920e-02   7.6544624238526870e-02   7.6152036122628081e-02   7.5470873042147751e-02   7.4506764731168268e-02   7.3270294922117687e-02   7.1774647446851109e-02   7.0030346068429283e-02   6.8038130501886729e-02   6.5783390562220309e-02   6.3235339705098204e-02   6.0350948146558989e-02   5.7081882947971174e-02   5.3383338295720860e-02   4.9224157939969829e-02   4.4596441334924151e-02   3.9521602219721202e-02   3.4050680091200047e-02   2.8259546587949706e-02   2.2241555805644006e-02   1.6099830416901405e-02   9.9398550738156698e-03   3.8619546429146910e-03  -2.0466457467733547e-03  -7.7191246681968181e-03  -1.3113051055673376e-02  -1.8208868121359863e-02  -2.3003784090753265e-02  -2.7504547071800091e-02  -3.1721899346327041e-02  -3.5667445457670831e-02  -3.9352348728813220e-02  -4.2787114437511195e-02  -4.5981916504168399e-02  -4.8947174636486623e-02  -5.1694189632525443e-02  -5.4235713636055095e-02  -5.6586335005777498e-02  -5.8762594852456301e-02  -6.0782776621563575e-02  -6.2666376720989292e-02  -6.4433314270225708e-02  -6.6102997150473311e-02  -6.7693379673376949e-02  -6.9220147264872883e-02  -7.0696119872515298e-02  -7.2130920159705958e-02  -7.3530894198770375e-02  -7.4899241670951883e-02  -7.6236288291424384e-02  -7.7539840118758724e-02  -7.8805563770893816e-02  -8.0027358489545106e-02  -8.1197694792822100e-02  -8.2307912607150785e-02  -8.3348474641960532e-02  -8.4309181772448061e-02  -8.5179354733105561e-02  -8.5947992918970373e-02  -8.6603916256593083e-02  -8.7135900311438905e-02  -8.7532809176831275e-02  -8.7783733975315581e-02  -8.7878138998843155e-02  -8.7806020083778774e-02  -8.7558074029200683e-02  -8.7125879881978285e-02  -8.6502087267598754e-02  -8.5680608682150466e-02  -8.4656807256319022e-02  -8.3427673309828809e-02  -8.1991978479922026e-02  -8.0350399000741812e-02  -7.8505596694902494e-02  -7.6462250499278753e-02  -7.4227030319297796e-02  -7.1808511022164928e-02  -6.9217025203408514e-02  -6.6464460108476980e-02  -6.3564005085551378e-02  -6.0529862132453836e-02  -5.7376931239698628e-02  -5.4120486336195685e-02  -5.0775854432099754e-02  -4.7358111738567583e-02  -4.3881805559907519e-02  -4.0360711279021272e-02  -3.6807627739585694e-02  -3.3234215033238236e-02  -2.9650873860679626e-02  -2.6066667167620426e-02  -2.2489280680448295e-02  -1.8925021501461435e-02  -1.5378850612038079e-02  -1.1854448103223315e-02  -8.3543068030791021e-03  -4.8798528917348948e-03  -1.4315889037755068e-03   1.9907425650262170e-03   5.3879793335149945e-03   8.7613464095949237e-03   1.2112254308372247e-02   1.5442091139500704e-02   1.8752013522247073e-02   2.2042737697969234e-02   2.5314334952077012e-02   2.8566030606071283e-02   3.1796008355906916e-02   3.5001216466731960e-02   3.8177175543135579e-02   4.1317780637400811e-02   4.4415098909132596e-02   4.7459162710742867e-02   5.0437790092930979e-02
   4.4380171536748392e-02   4.7203034556021810e-02   4.9939710267278836e-02   5.2568572473716671e-02   5.5068530039357133e-02   5.7420491318856466e-02   5.9607661365197934e-02   6.1614971369065567e-02   6.3428281539602713e-02   6.5033770331207788e-02   6.6417638665174833e-02   6.7566110286397807e-02   6.8465684920493750e-02   6.9103603465681077e-02   6.9468508981659932e-02   6.9551286926600703e-02   6.9346060682571098e-02   6.8851238010749910e-02   6.8070325675688978e-02   6.7011848837753157e-02   6.5687296840097720e-02   6.4106174369212121e-02   6.2268963441034719e-02   6.0161161676167384e-02   5.7751649666960315e-02   5.4996004788417333e-02   5.1843682010429340e-02   4.8248101237039979e-02   4.4178391108256408e-02   3.9629682716990959e-02   3.4628172215517596e-02   2.9229508285840131e-02   2.3512644281092721e-02   1.7572338226337227e-02   1.1512163842120091e-02   5.4380872567205418e-03  -5.4828029152920871e-04  -6.3575254980076691e-03  -1.1920637040606710e-02  -1.7194566548559526e-02  -2.2161674052379381e-02  -2.6823116686702474e-02  -3.1190264761939833e-02  -3.5278059995006765e-02  -3.9101439441629415e-02  -4.2674024989926063e-02  -4.6008053421411017e-02  -4.9114838648855040e-02  -5.2005424189374434e-02  -5.4691231906395105e-02  -5.7184614057610772e-02  -5.9499219015794247e-02  -6.1650123671445026e-02  -6.3653692707649007e-02  -6.5527182819304960e-02  -6.7288134282486492e-02  -6.8953644795453586e-02  -7.0539621659583579e-02  -7.2060118782145507e-02  -7.3526825984581309e-02  -7.4948755356195731e-02  -7.6332119594891085e-02  -7.7680381754185540e-02  -7.8994428285052640e-02  -8.0272824961751560e-02  -8.1512109294704788e-02  -8.2707093089615602e-02  -8.3851148926388161e-02  -8.4936473665355977e-02  -8.5954319723136885e-02  -8.6895199361103931e-02  -8.7749061554182980e-02  -8.8505451452376663e-02  -8.9153654782136313e-02  -8.9682837667673515e-02  -9.0082184016227390e-02  -9.0341039143453025e-02  -9.0449059920894317e-02  -9.0396377228828262e-02  -9.0173768201106730e-02  -8.9772840393210096e-02  -8.9186221969508511e-02  -8.8407755983758135e-02  -8.7432689554619664e-02  -8.6257852637513052e-02  -8.4881815016036033e-02  -8.3305014381267931e-02  -8.1529844116134162e-02  -7.9560694737230778e-02  -7.7403940838029511e-02  -7.5067871854952242e-02  -7.2562564266202875e-02  -6.9899699880394892e-02  -6.7092334833901007e-02  -6.4154629801833063e-02  -6.1101551219795394e-02  -5.7948557083461791e-02  -5.4711278263286776e-02  -5.1405208492950119e-02  -4.8045411963299367e-02  -4.4646257850293025e-02  -4.1221186923745004e-02  -3.7782515741051279e-02  -3.4341279525077484e-02  -3.0907115944060561e-02  -2.7488188429151801e-02  -2.4091149359334506e-02  -2.0721140175234305e-02  -1.7381827694296133e-02  -1.4075472860258093e-02  -1.0803030744869893e-02  -7.5642775281854965e-03  -4.3579628011652105e-03  -1.1819823177972658e-03   1.9664307842317402e-03   5.0905014237523361e-03   8.1936966281755917e-03   1.1279502984909706e-02   1.4351198677617388e-02   1.7411623153751478e-02   2.0462943438880020e-02   2.3506417208363078e-02   2.6542146444348592e-02   2.9568815489360113e-02   3.2583399815783461e-02   3.5580830596582090e-02   3.8553595802397832e-02   4.1491287316740677e-02
   3.5471115196678865e-02   3.8305106972332588e-02   4.1078689561409892e-02   4.3767450038586175e-02   4.6347338753260921e-02   4.8796497863109384e-02   5.1095759018040129e-02   5.3228144493621593e-02   5.5178020929817467e-02   5.6930376994473147e-02   5.8470384617890933e-02   5.9783267015858066e-02   6.0854430201761719e-02   6.1669831281492088e-02   6.2216557096083175e-02   6.2483611825613163e-02   6.2462891084427985e-02   6.2150272320029259e-02   6.1546558342341517e-02   6.0657654150263474e-02   5.9492883459020901e-02   5.8060463582650837e-02   5.6360717347608592e-02   5.4379898800964624e-02   5.2087863120271985e-02   4.9440756741591103e-02   4.6388369175968051e-02   4.2885271817252241e-02   3.8903584086221882e-02   3.4442996797691819e-02   2.9534198145236744e-02   2.4235636656006310e-02   1.8626866598639828e-02   1.2801600003457134e-02   6.8616879381134463e-03   9.1165070868903450e-04  -4.9473633781451469e-03  -1.0625195802496105e-02  -1.6051488766894589e-02  -2.1182632234494979e-02  -2.6002383780396564e-02  -3.0515138917666329e-02  -3.4736218433437084e-02  -3.8684186345759444e-02  -4.2376820929842990e-02  -4.5829786774380286e-02  -4.9056699224739833e-02  -5.2069718453129264e-02  -5.4880276973212357e-02  -5.7499751782743566e-02  -5.9940008671418618e-02  -6.2213759565634630e-02  -6.4334710872451684e-02  -6.6317481757869418e-02  -6.8177315327070220e-02  -6.9929616967373584e-02  -7.1589393629937242e-02  -7.3170664477643865e-02  -7.4685924901398318e-02  -7.6145714931100089e-02  -7.7558331876143097e-02  -7.8929688470909962e-02  -8.0263308528411015e-02  -8.1560427161214394e-02  -8.2820168638854025e-02  -8.4039765654529669e-02  -8.5214799080833153e-02  -8.6339434670899662e-02  -8.7406649157998728e-02  -8.8408435474679969e-02  -8.9335989668624369e-02  -9.0179877359926192e-02  -9.0930187256366979e-02  -9.1576673196087782e-02  -9.2108893337125367e-02  -9.2516348520154001e-02  -9.2788627309318653e-02  -9.2915558577758489e-02  -9.2887376397864874e-02  -9.2694895752066742e-02  -9.2329700044630592e-02  -9.1784335926459668e-02  -9.1052512303111580e-02  -9.0129296079139110e-02  -8.9011297697696001e-02  -8.7696837149569606e-02  -8.6186081476259335e-02  -8.4481144910263664e-02  -8.2586143228568165e-02  -8.0507196719429519e-02  -7.8252376549321032e-02  -7.5831595010079633e-02  -7.3256439766869588e-02  -7.0539959064720034e-02  -6.7696403243906689e-02  -6.4740934761854635e-02  -6.1689315018069221e-02  -5.8557582784353815e-02  -5.5361732060978427e-02  -5.2117403173630270e-02  -4.8839592742103671e-02  -4.5542393413782564e-02  -4.2238765083396690e-02  -3.8940345572923460e-02  -3.5657299241117928e-02  -3.2398208570609072e-02  -2.9170004762340072e-02  -2.5977940545531958e-02  -2.2825599863838544e-02  -1.9714946329330442e-02  -1.6646404183529626e-02  -1.3618972657047750e-02  -1.0630367088040989e-02  -7.6771871480370013e-03  -4.7551053398766606e-03  -1.8590758292705047e-03   1.0164430369291079e-03   3.8772518794056160e-03   6.7291645462925972e-03   9.5777509020456286e-03   1.2428070498905805e-02   1.5284388703507519e-02   1.8149871972605251e-02   2.1026242335593193e-02   2.3913373348601219e-02   2.6808789687250218e-02   2.9707049463722345e-02   3.2599008628777529e-02
   2.6676806133770256e-02   2.9509150519994972e-02   3.2303846181302887e-02   3.5034765868881407e-02   3.7676257202620994e-02   4.0204920035167971e-02   4.2600070318468103e-02   4.4843276597203774e-02   4.6917546560325582e-02   4.8806593014962742e-02   5.0494337653011839e-02   5.1964698645884738e-02   5.3201632122049501e-02   5.4189414157860737e-02   5.4913142630113258e-02   5.5359472317321870e-02   5.5517577605330846e-02   5.5380309282838686e-02   5.4945318043540775e-02   5.4215552043867535e-02   5.3198001196417835e-02   5.1899621274061683e-02   5.0320852973796154e-02   4.8449381816107376e-02   4.6257313710703601e-02   4.3703363693932198e-02   4.0740271816694706e-02   3.7326497083313967e-02   3.3439075736985284e-02   2.9082546047205796e-02   2.4290739606319809e-02   1.9122717985207618e-02   1.3656432720914193e-02   7.9827002235743107e-03   2.2001289643988689e-03  -3.5895863927609302e-03  -9.2871701670163009e-03  -1.4803147217576494e-02  -2.0066979526790010e-02  -2.5034982292487469e-02  -2.9691978501663371e-02  -3.4044723222021130e-02  -3.8111473583063417e-02  -4.1913520851772745e-02  -4.5470784393191382e-02  -4.8800448211044831e-02  -5.1917116162143215e-02  -5.4833502790156696e-02  -5.7561215573138973e-02  -6.0111445709999656e-02  -6.2495507516134641e-02  -6.4725193151682417e-02  -6.6812936031788811e-02  -6.8771779013014553e-02  -7.0615170221315068e-02  -7.2356617525144218e-02  -7.4009257903783154e-02  -7.5585395673938044e-02  -7.7096070664026684e-02  -7.8550697632043143e-02  -7.9956809495102948e-02  -8.1319910532945003e-02  -8.2643437454246474e-02  -8.3928808223421830e-02  -8.5175539470494402e-02  -8.6381406451429124e-02  -8.7542627951701535e-02  -8.8654057369088574e-02  -8.9709371339519423e-02  -9.0701246942011274e-02  -9.1621527008659248e-02  -9.2461371846274121e-02  -9.3211401635010974e-02  -9.3861831584152899e-02  -9.4402605784757149e-02  -9.4823533123131826e-02  -9.5114430415596501e-02  -9.5265275487511181e-02  -9.5266372925554815e-02  -9.5108533237065071e-02  -9.4783264376478410e-02  -9.4282973579453894e-02  -9.3601173886707828e-02  -9.2732690540421228e-02  -9.1673857563291439e-02  -9.0422698104787383e-02  -8.8979076183316338e-02  -8.7344813937049792e-02  -8.5523761873546988e-02  -8.3521819746365827e-02  -8.1346898597734446e-02  -7.9008827180252900e-02  -7.6519197910028536e-02  -7.3891162763790555e-02  -7.1139179048517839e-02  -6.8278721287380634e-02  -6.5325962209533073e-02  -6.2297441844368889e-02  -5.9209728326231191e-02  -5.6079089676065147e-02  -5.2921177542389987e-02  -4.9750740215314344e-02  -4.6581362880901436e-02  -4.3425248976358015e-02  -4.0293037203544393e-02  -3.7193665349459150e-02  -3.4134272889060339e-02  -3.1120150967404461e-02  -2.8154729822450819e-02  -2.5239610446344721e-02  -2.2374629713157845e-02  -1.9557964622849085e-02  -1.6786264493654134e-02  -1.4054815885897392e-02  -1.1357729269354803e-02  -8.6881520798624511e-03  -6.0384979316065665e-03  -3.4006974840114536e-03  -7.6646237183444418e-04   1.8724287185238157e-03   4.5238266333327108e-03   7.1948744356668919e-03   9.8916300787606735e-03   1.2618615755900963e-02   1.5378271954242018e-02   1.8170262674954259e-02   2.0990622763866287e-02   2.3830791764604013e-02
   1.8053405157059874e-02   2.0867690348769855e-02   2.3664327200678223e-02   2.6416770048028219e-02   2.9099045852330918e-02   3.1687235444561493e-02   3.4159822411031528e-02   3.6497281787418588e-02   3.8681364321112827e-02   4.0694421426030997e-02   4.2518913566714986e-02   4.4137159296970811e-02   4.5531314247959358e-02   4.6683581822188132e-02   4.7576650045675538e-02   4.8194387938811596e-02   4.8522828762794214e-02   4.8551450169013716e-02   4.8274561462174022e-02   4.7692184319386814e-02   4.6809210591840525e-02   4.5631675861924348e-02   4.4160549359944554e-02   4.2385577038120625e-02   4.0282238670336715e-02   3.7813594869892789e-02   3.4937543839806795e-02   3.1618357500648966e-02   2.7838741126783570e-02   2.3607309567209120e-02   1.8959272536858893e-02   1.3952373124871223e-02   8.6613635829683594e-03   3.1729659678945699e-03  -2.4184111884832868e-03  -8.0148371180164824e-03  -1.3520009363921139e-02  -1.8846458375504763e-02  -2.3924788242174911e-02  -2.8712069965580192e-02  -3.3194110116338084e-02  -3.7379123597540691e-02  -4.1287072575473503e-02  -4.4940839928554230e-02  -4.8361617885872614e-02  -5.1567500097064144e-02  -5.4573663778676181e-02  -5.7393095915908701e-02  -6.0037392715286006e-02  -6.2517450207822525e-02  -6.4843994074631664e-02  -6.7027930793642887e-02  -6.9080524278490124e-02  -7.1013404004301631e-02  -7.2838427948819770e-02  -7.4567428247115278e-02  -7.6211882730515643e-02  -7.7782554652494271e-02  -7.9289146655645348e-02  -8.0740002150718096e-02  -8.2141880395894831e-02  -8.3499814268878120e-02  -8.4817051666302337e-02  -8.6095068960071436e-02  -8.7333643127773017e-02  -8.8530964463817655e-02  -8.9683775187263268e-02  -9.0787519752759616e-02  -9.1836497745393042e-02  -9.2824012490169514e-02  -9.3742512520323812e-02  -9.4583725261653068e-02  -9.5338784351699041e-02  -9.5998354028656779e-02  -9.6552753717200471e-02  -9.6992088046662706e-02  -9.7306385010755420e-02  -9.7485747535091150e-02  -9.7520518605016593e-02  -9.7401463764309026e-02  -9.7119966976058861e-02  -9.6668241193792151e-02  -9.6039544742813274e-02  -9.5228402247919119e-02  -9.4230816323490785e-02  -9.3044467065529948e-02  -9.1668882338448512e-02  -9.0105576379330574e-02  -8.8358139289970786e-02  -8.6432278054384817e-02  -8.4335793955929439e-02  -8.2078503315576853e-02  -7.9672091680561594e-02  -7.7129914998503357e-02  -7.4466743618450945e-02  -7.1698468570310842e-02  -6.8841770038152381e-02  -6.5913770965383284e-02  -6.2931676709451906e-02  -5.9912423289503053e-02  -5.6872334557160925e-02  -5.3826807916152561e-02  -5.0790025907441805e-02  -4.7774710044184460e-02  -4.4791911409234907e-02  -4.1850850214952141e-02  -3.8958796343737813e-02  -3.6120999831411899e-02  -3.3340661998047909e-02  -3.0618953541031828e-02  -2.7955069469576856e-02  -2.5346325178005284e-02  -2.2788283765440696e-02  -2.0274918005758175e-02  -1.7798797944575485e-02  -1.5351307402671023e-02  -1.2922881916876058e-02  -1.0503272840630962e-02  -8.0818333446577399e-03  -5.6478347903584532e-03  -3.1908167288505762e-03  -7.0098958868425321e-04   1.8302947404023502e-03   4.4099655272949213e-03   7.0425162087288384e-03   9.7291108390673963e-03   1.2466543993093045e-02   1.5246200899719514e-02
   9.6425091688253778e-03   1.2419522236274620e-02   1.5196945291510049e-02   1.7948993006241497e-02   2.0650341982706044e-02   2.3277265989345028e-02   2.5807884681358507e-02   2.8221834104774600e-02   3.0499678621052011e-02   3.2622333076845846e-02   3.4570609842968808e-02   3.6324961430937636e-02   3.7865419006322232e-02   3.9171752789448566e-02   4.0223865041514636e-02   4.1002487079484895e-02   4.1490246081251070e-02   4.1673165940236276e-02   4.1542409377192696e-02   4.1095546629446644e-02   4.0335971910860857e-02   3.9269318854682773e-02   3.7897477099594096e-02   3.6212720274342608e-02   3.4194730116679652e-02   3.1812197436593970e-02   2.9029588102463325e-02   2.5817820657175750e-02   2.2164972642350296e-02   1.8082446408017257e-02   1.3605222689012800e-02   8.7883573331138283e-03   3.7024407914238305e-03  -1.5705633530991234e-03  -6.9410002565206200e-03  -1.2315335977947449e-02  -1.7601111779241205e-02  -2.2714040649066427e-02  -2.7587183650270523e-02  -3.2179333671201162e-02  -3.6477363891075448e-02  -4.0490110183888352e-02  -4.4237949874640525e-02  -4.7744122435150020e-02  -5.1030142947487318e-02  -5.4114361538833637e-02  -5.7012103078127221e-02  -5.9736357199008619e-02  -6.2298546255091881e-02  -6.4709188430859543e-02  -6.6978406139660718e-02  -6.9116267989615163e-02  -7.1132973814496098e-02  -7.3038893814495617e-02  -7.4844484229145095e-02  -7.6560103886057981e-02  -7.8195766313858675e-02  -7.9760860282561380e-02  -8.1263874103760639e-02  -8.2712150427369749e-02  -8.4111692950821756e-02  -8.5467034413122145e-02  -8.6781168692116606e-02  -8.8055541130537152e-02  -8.9290087695247738e-02  -9.0483310760015645e-02  -9.1632379536987218e-02  -9.2733244744243548e-02  -9.3780758698991884e-02  -9.4768795788462243e-02  -9.5690369099517947e-02  -9.6537743818611493e-02  -9.7302546639424087e-02  -9.7975876040991283e-02  -9.8548414242577403e-02  -9.9010548404584564e-02  -9.9352501027488105e-02  -9.9564478082128371e-02  -9.9636831830986136e-02  -9.9560246286774151e-02  -9.9325937300644623e-02  -9.8925873652861873e-02  -9.8353004796274124e-02  -9.7601499757887608e-02  -9.6666976781765362e-02  -9.5546727009465746e-02  -9.4239907095724593e-02  -9.2747704459410982e-02  -9.1073448293830170e-02  -8.9222673576347195e-02  -8.7203113875049407e-02  -8.5024635886295816e-02  -8.2699097331662821e-02  -8.0240148999853211e-02  -7.7662969562131368e-02  -7.4983960236797903e-02  -7.2220393537864386e-02  -6.9390045668796169e-02  -6.6510809683859057e-02  -6.3600318129285377e-02  -6.0675571263161088e-02  -5.7752596229653314e-02  -5.4846131857172867e-02  -5.1969358622542934e-02  -4.9133666261703443e-02  -4.6348473692476862e-02  -4.3621092457650085e-02  -4.0956643534839250e-02  -3.8358017689227163e-02  -3.5825885126191705e-02  -3.3358744967952034e-02  -3.0953017494283877e-02  -2.8603170820125812e-02  -2.6301882956589112e-02  -2.4040233237230577e-02  -2.1807923715595978e-02  -1.9593528313986131e-02  -1.7384771762873265e-02  -1.5168842003195845e-02  -1.2932743791367666e-02  -1.0663705977239500e-02  -8.3496620350416856e-03  -5.9798340555508311e-03  -3.5454499183404219e-03  -1.0406239394406755e-03   1.5366092026970375e-03   4.1832020431897456e-03   6.8902097560631197e-03
   1.4704740716688855e-03   4.1901171070858056e-03   6.9271617745843145e-03   9.6574058818715905e-03   1.2356770467495823e-02   1.5002147404281185e-02   1.7571588401085421e-02   2.0044066302567241e-02   2.2399015045549017e-02   2.4615857947141072e-02   2.6673609094885975e-02   2.8550630453859041e-02   3.0224551470388598e-02   3.1672408662178603e-02   3.2871035569969870e-02   3.3797829996150434e-02   3.4432005430288778e-02   3.4756430305978907e-02   3.4759764316811693e-02   3.4437974520768022e-02   3.3793709248851646e-02   3.2832651335752146e-02   3.1557823072034530e-02   2.9964244222332292e-02   2.8036233005300407e-02   2.5748742448154140e-02   2.3073282232411636e-02   1.9987260076800205e-02   1.6483201821050866e-02   1.2573995334392501e-02   8.2932304230298702e-03   3.6924933566270185e-03  -1.1622416842191688e-03  -6.1940594945274485e-03  -1.1318353071732731e-02  -1.6446427635829854e-02  -2.1490380422002301e-02  -2.6370132860292564e-02  -3.1022384634352005e-02  -3.5408530971807683e-02  -3.9516598203965123e-02  -4.3355277549848456e-02  -4.6944160868480564e-02  -5.0305670012591765e-02  -5.3460722687467585e-02  -5.6427286184436445e-02  -5.9220418019893625e-02  -6.1852854080508626e-02  -6.4335696302333906e-02  -6.6679018377826860e-02  -6.8892337069887261e-02  -7.0984936017361264e-02  -7.2966052908774115e-02  -7.4844940131644930e-02  -7.6630821264592211e-02  -7.8332762593831637e-02  -7.9959489098825734e-02  -8.1519168982006091e-02  -8.3019196447417884e-02  -8.4465991727435755e-02  -8.5864838157760776e-02  -8.7219763071685108e-02  -8.8533468644609772e-02  -8.9807307368826764e-02  -9.1041298732519510e-02  -9.2234176028864551e-02  -9.3383456724472610e-02  -9.4485525745269555e-02  -9.5535726827728248e-02  -9.6528455232863186e-02  -9.7457250448176380e-02  -9.8314886883595382e-02  -9.9093464340161003e-02  -9.9784500589807507e-02  -1.0037902922358410e-01  -1.0086770818703909e-01  -1.0124094130060463e-01  -1.0148901991951695e-01  -1.0160228319677389e-01  -1.0157130464360864e-01  -1.0138709708671298e-01  -1.0104134342931326e-01  -1.0052663764994957e-01  -9.9836742939139481e-02  -9.8966842997952109e-02  -9.7913793122863094e-02  -9.6676339899658112e-02  -9.5255317292564881e-02  -9.3653784116381741e-02  -9.1877114045075425e-02  -8.9933004838592498e-02  -8.7831425781736874e-02  -8.5584476063431197e-02  -8.3206182705722886e-02  -8.0712219428204821e-02  -7.8119582735677859e-02  -7.5446213009864233e-02  -7.2710600513291229e-02  -6.9931366362577685e-02  -6.7126857008574015e-02  -6.4314742153405435e-02  -6.1511649248333564e-02  -5.8732821823021086e-02  -5.5991829854219230e-02  -5.3300317316814838e-02  -5.0667809369377120e-02  -4.8101562332054246e-02  -4.5606473920518219e-02  -4.3185036384493225e-02  -4.0837345938997641e-02  -3.8561151040206479e-02  -3.6351949236170078e-02  -3.4203116465390079e-02  -3.2106076823977932e-02  -3.0050500001651860e-02  -2.8024534532557880e-02  -2.6015069492390901e-02  -2.4008035699244916e-02  -2.1988747303909293e-02  -1.9942300854799588e-02  -1.7854046921066541e-02  -1.5710158716471048e-02  -1.3498323359647697e-02  -1.1208578679202186e-02  -8.8342923292800933e-03  -6.3732107037223450e-03  -3.8284194542289422e-03  -1.2089205791767860e-03
  -6.4489918506339047e-03  -3.8055604084620484e-03  -1.1282660231395972e-03   1.5607187821476617e-03   4.2388641996209120e-03   6.8839128835692376e-03   9.4740368647329015e-03   1.1987674808313677e-02   1.4403185194063799e-02   1.6698469726099036e-02   1.8850636587924526e-02   2.0835785197184792e-02   2.2628936399422636e-02   2.4204190655839779e-02   2.5535185588273265e-02   2.6596035103528745e-02   2.7362892624603154e-02   2.7816201366940782e-02   2.7943122056359737e-02   2.7738976072155804e-02   2.7206257811084256e-02   2.6350886319748731e-02   2.5176994107508031e-02   2.3682312987226159e-02   2.1855818228744786e-02   1.9678688283260689e-02   1.7129131710336361e-02   1.4190227328763114e-02   1.0857827538584507e-02   7.1452756607398044e-03   3.0840978577750238e-03  -1.2779039910483696e-03  -5.8794759909677335e-03  -1.0648809169886753e-02  -1.5506488693305592e-02  -2.0368995063951512e-02  -2.5153585456166604e-02  -2.9785257669665187e-02  -3.4205293090817337e-02  -3.8378307642969137e-02  -4.2293431315428398e-02  -4.5958516471976289e-02  -4.9391367356032084e-02  -5.2612607790880533e-02  -5.5641768775252412e-02  -5.8495866409594512e-02  -6.1189310466437760e-02  -6.3734343721145587e-02  -6.6141610722381658e-02  -6.8420679664305747e-02  -7.0580460764205544e-02  -7.2629501761742307e-02  -7.4576169286772062e-02  -7.6428722572244326e-02  -7.8195300357016245e-02  -7.9883834256377739e-02  -8.1501915295227337e-02  -8.3056629456773029e-02  -8.4554388743097814e-02  -8.6000769669659166e-02  -8.7400378926062075e-02  -8.8756748475376679e-02  -9.0072270199679699e-02  -9.1348162978549113e-02  -9.2584474853993098e-02  -9.3780107564682191e-02  -9.4932863674696749e-02  -9.6039502631941442e-02  -9.7095807491273903e-02  -9.8096650705720823e-02  -9.9036064259863263e-02  -9.9907306024459214e-02  -1.0070293120861884e-01  -1.0141486408336853e-01  -1.0203448128786358e-01  -1.0255270439550532e-01  -1.0296011265167553e-01  -1.0324707472417197e-01  -1.0340390690569502e-01  -1.0342105686803758e-01  -1.0328931421013034e-01  -1.0300004733994418e-01  -1.0254545932105294e-01  -1.0191886285366576e-01  -1.0111495741161307e-01  -1.0013010871010895e-01  -9.8962603570471569e-02  -9.7612880267215540e-02  -9.6083700976580547e-02  -9.4380270774418379e-02  -9.2510268774375043e-02  -9.0483805691397412e-02  -8.8313282544602370e-02  -8.6013176609410269e-02  -8.3599739137953183e-02  -8.1090642248480588e-02  -7.8504566731803893e-02  -7.5860772549965039e-02  -7.3178645196222039e-02  -7.0477257657353520e-02  -6.7774937948816116e-02  -6.5088877974502080e-02  -6.2434769728227715e-02  -5.9826498708055759e-02  -5.7275876736655990e-02  -5.4792439536935057e-02  -5.2383289044295886e-02  -5.0053002243410416e-02  -4.7803584230535087e-02  -4.5634483693998369e-02  -4.3542647021502304e-02  -4.1522627079933261e-02  -3.9566722792434748e-02  -3.7665164925123909e-02  -3.5806326453093562e-02  -3.3976975362413467e-02  -3.2162554136768232e-02  -3.0347509316715690e-02  -2.8515665146822793e-02  -2.6650672500843686e-02  -2.4736536504077047e-02  -2.2758260944675420e-02  -2.0702611157576222e-02  -1.8559003499819746e-02  -1.6320470029027905e-02  -1.3984597732103548e-02  -1.1554249725830452e-02  -9.0378401902717585e-03
  -1.4110229974556035e-02  -1.1559086477521366e-02  -8.9580009126014187e-03  -6.3269306638591705e-03  -3.6867277551994385e-03  -1.0586757777644104e-03   1.5356424532236290e-03   4.0742338326673760e-03   6.5344386813393635e-03   8.8926328422563941e-03   1.1123956700472719e-02   1.3202142139754389e-02   1.5099492289994514e-02   1.6787119212449908e-02   1.8235569960280709e-02   1.9416058343574134e-02   2.0302434957333942e-02   2.0873785495280378e-02   2.1116854868985103e-02   2.1027034001669651e-02   2.0606879874019997e-02   1.9862446449263667e-02   1.8798777728237060e-02   1.7416080027486049e-02   1.5707635813639948e-02   1.3660255118645083e-02   1.1257929377956648e-02   8.4882858025891739e-03   5.3494773282296675e-03   1.8546323827796050e-03  -1.9670568431573617e-03  -6.0715706360829295e-03  -1.0402271797687185e-02  -1.4892392532204410e-02  -1.9467781636994523e-02  -2.4050373639566129e-02  -2.8563098273967486e-02  -3.2936711500584283e-02  -3.7117696029910059e-02  -4.1074140742069123e-02  -4.4796033732541297e-02  -4.8289784901418539e-02  -5.1570675085605387e-02  -5.4656823011911007e-02  -5.7565778745415186e-02  -6.0313151461814159e-02  -6.2912378127365734e-02  -6.5374992227120912e-02  -6.7711050564793651e-02  -6.9929553505827524e-02  -7.2038796868466384e-02  -7.4046630276406164e-02  -7.5960624394905363e-02  -7.7788149915956423e-02  -7.9536384768085180e-02  -8.1212259823557925e-02  -8.2822364177793234e-02  -8.4372822186576671e-02  -8.5869163670150767e-02  -8.7316196030712223e-02  -8.8717894956579349e-02  -9.0077315359541527e-02  -9.1396532219363669e-02  -9.2676605057677497e-02  -9.3917570451576518e-02  -9.5118451176691557e-02  -9.6277284416915285e-02  -9.7391155911537727e-02  -9.8456244041817659e-02  -9.9467861678292802e-02  -1.0042050362435836e-01  -1.0130788953099912e-01  -1.0212301490173505e-01  -1.0285820220317637e-01  -1.0350516828814615e-01  -1.0405510081504717e-01  -1.0449876093540222e-01  -1.0482660409127009e-01  -1.0502893383447838e-01  -1.0509607972564133e-01  -1.0501860932860566e-01  -1.0478756598701378e-01  -1.0439473627808009e-01  -1.0383293926855779e-01  -1.0309633160685183e-01  -1.0218071859127623e-01  -1.0108385275081098e-01  -9.9805707200924271e-02  -9.8348694714078672e-02  -9.6717820922071804e-02  -9.4920745341597695e-02  -9.2967748969013775e-02  -9.0871591189059783e-02  -8.8647274248408708e-02  -8.6311712773084359e-02  -8.3883339628945675e-02  -8.1381653419219796e-02  -7.8826743741681540e-02  -7.6238799077441299e-02  -7.3637630981382041e-02  -7.1042214078118310e-02  -6.8470268948776253e-02  -6.5937881237474211e-02  -6.3459179026844587e-02  -6.1046057592770119e-02  -5.8707970236149307e-02  -5.6451770893860630e-02  -5.4281624392314390e-02  -5.2198967429074927e-02  -5.0202534042045020e-02  -4.8288425896038337e-02  -4.6450239009149907e-02  -4.4679225283728446e-02  -4.2964500878985623e-02  -4.1293281102907232e-02  -3.9651158274781897e-02  -3.8022407625860184e-02  -3.6390346321267718e-02  -3.4737738619307179e-02  -3.3047282104315352e-02  -3.1302173703855074e-02  -2.9486786506651867e-02  -2.7587441141381949e-02  -2.5593265414727312e-02  -2.3497055255581264e-02  -2.1296035908920635e-02  -1.8992354487906173e-02  -1.6593166005931033e-02
  -2.1510970407011470e-02  -1.9064802169676459e-02  -1.6553062800450082e-02  -1.3993461603598135e-02  -1.1405142524517443e-02  -8.8083561136126295e-03  -6.2243584165084936e-03  -3.6754926473353752e-03  -1.1853793903935511e-03   1.2208522068202290e-03   3.5163628944386155e-03   5.6724985417451954e-03   7.6588730750887096e-03   9.4437718685949426e-03   1.0995060417974219e-02   1.2281804080417368e-02   1.3276617399739531e-02   1.3958354744631980e-02   1.4314139583769543e-02   1.4339681914227180e-02   1.4037455639124653e-02   1.3413385922193585e-02   1.2473150902731819e-02   1.1219044281777453e-02   9.6480061865720362e-03   7.7514925582748001e-03   5.5180693850587839e-03   2.9387690282670700e-03   1.3252240102816157e-05  -3.2459115679426432e-03  -6.8118577207734315e-03  -1.0644165287573606e-02  -1.4690610071235018e-02  -1.8889350976535678e-02  -2.3171545906376961e-02  -2.7464823154818893e-02  -3.1698193464746408e-02  -3.5808612348901592e-02  -3.9747997499930639e-02  -4.3487780253830599e-02  -4.7018406038610086e-02  -5.0344375124888957e-02  -5.3478000583756957e-02  -5.6434480568077858e-02  -5.9229004702425911e-02  -6.1875450643522567e-02  -6.4386025998089985e-02  -6.6771368190735522e-02  -6.9040823676129015e-02  -7.1202758406046146e-02  -7.3264835179035648e-02  -7.5234227652470204e-02  -7.7117766030795176e-02  -7.8922014437740481e-02  -8.0653290077159670e-02  -8.2317632507409755e-02  -8.3920738278822113e-02  -8.5467871495543093e-02  -8.6963765548070227e-02  -8.8412524593547911e-02  -8.9817536431353442e-02  -9.1181399876267749e-02  -9.2505872986146945e-02  -9.3791839506773569e-02  -9.5039295259424700e-02  -9.6247347570162053e-02  -9.7414227816898652e-02  -9.8537308517260475e-02  -9.9613126398618912e-02  -1.0063740344482056e-01  -1.0160507130648404e-01  -1.0251029318686933e-01  -1.0334649354116711e-01  -1.0410639111540512e-01  -1.0478204970136153e-01  -1.0536494124065743e-01  -1.0584603646422215e-01  -1.0621591464862423e-01  -1.0646490663054312e-01  -1.0658326110037022e-01  -1.0656134797214445e-01  -1.0638989003039287e-01  -1.0606023385249785e-01  -1.0556465145303415e-01  -1.0489667452440213e-01  -1.0405144586141445e-01  -1.0302607352285638e-01  -1.0181996149296960e-01  -1.0043508978972769e-01  -9.8876216231792033e-02  -9.7150971721935125e-02  -9.5269837302055807e-02  -9.3245994639027482e-02  -9.1095059825418767e-02  -8.8834711793782259e-02  -8.6484243909596623e-02  -8.4064059379213185e-02  -8.1595142867007420e-02  -7.9098525717406096e-02  -7.6594770735924203e-02  -7.4103485117243989e-02  -7.1642879757603445e-02  -6.9229375860092895e-02  -6.6877271489071799e-02  -6.4598464132822678e-02  -6.2402239013403235e-02  -6.0295117044658786e-02  -5.8280770887072869e-02  -5.6360000525872575e-02  -5.4530774307105664e-02  -5.2788323305136504e-02  -5.1125292544075218e-02  -4.9531934165160850e-02  -4.7996345721909105e-02  -4.6504739147409678e-02  -4.5041748232901059e-02  -4.3590765657595933e-02  -4.2134326696051730e-02  -4.0654538715685640e-02  -3.9133581105084032e-02  -3.7554275250339594e-02  -3.5900743990808920e-02  -3.4159134183458013e-02  -3.2318379420992423e-02  -3.0370919720859521e-02  -2.8313292220054201e-02  -2.6146466568319648e-02  -2.3875855534298378e-02
  -2.8648913581903343e-02  -2.6317030686235802e-02  -2.3904516267114415e-02  -2.1426886803138291e-02  -1.8901610236091396e-02  -1.6347893924024089e-02  -1.3786624009778127e-02  -1.1240434848565642e-02  -8.7338524131310089e-03  -6.2934628954666241e-03  -3.9480321370690477e-03  -1.7285007616366713e-03   3.3227211326442019e-04   2.2001776256176317e-03   3.8411356775826869e-03   5.2230917132726137e-03   6.3185360891128313e-03   7.1069217349746840e-03   7.5760386244182465e-03   7.7217450396740855e-03   7.5461060382949093e-03   7.0546301941253331e-03   6.2533245260527129e-03   5.1460598162851694e-03   3.7325671222184151e-03   2.0077550585630224e-03  -3.6499780735659015e-05  -2.4067502353636097e-03  -5.1023552839487007e-03  -8.1114078377967705e-03  -1.1409207758473662e-02  -1.4958671542819175e-02  -1.8711757709284918e-02  -2.2611433223233494e-02  -2.6594201994269272e-02  -3.0593573414706362e-02  -3.4544897008281235e-02  -3.8391471769411580e-02  -4.2090489781553303e-02  -4.5616288704065720e-02  -4.8959319638063395e-02  -5.2121886466120974e-02  -5.5113166545873164e-02  -5.7945283754354052e-02  -6.0630885256488638e-02  -6.3181920789422252e-02  -6.5609184583732133e-02  -6.7922265805296589e-02  -7.0129688973187887e-02  -7.2239116091390138e-02  -7.4257547116056241e-02  -7.6191485177995094e-02  -7.8047055748642846e-02  -7.9830075643335982e-02  -8.1546077270600675e-02  -8.3200293944237835e-02  -8.4797616563110551e-02  -8.6342530389297692e-02  -8.7839042842044565e-02  -8.9290609755621572e-02  -9.0700068211381338e-02  -9.2069579811910121e-02  -9.3400588020244563e-02  -9.4693788822099292e-02  -9.5949114657844115e-02  -9.7165727651077144e-02  -9.8342020126281779e-02  -9.9475617533658134e-02  -1.0056338266458675e-01  -1.0160141801909636e-01  -1.0258506868368089e-01  -1.0350892560640670e-01  -1.0436683600322183e-01  -1.0515192262091783e-01  -1.0585662008424965e-01  -1.0647272749680003e-01  -1.0699148433119499e-01  -1.0740366518456171e-01  -1.0769970122508626e-01  -1.0786982472919693e-01  -1.0790424867720355e-01  -1.0779338249073647e-01  -1.0752809771828316e-01  -1.0710004275561130e-01  -1.0650201051179059e-01  -1.0572834399593221e-01  -1.0477536189018247e-01  -1.0364176918308887e-01  -1.0232901496768820e-01  -1.0084155543882010e-01  -9.9186990510903891e-02  -9.7376050712053672e-02  -9.5422428980823995e-02  -9.3342469313576190e-02  -9.1154736100616113e-02  -8.8879496998402793e-02  -8.6538152934146212e-02  -8.4152648771381400e-02  -8.1744890479362189e-02  -7.9336191564025979e-02  -7.6946761797231533e-02  -7.4595249680043468e-02  -7.2298342239654576e-02  -7.0070427586286177e-02  -6.7923320242941523e-02  -6.5866053456898749e-02  -6.3904737316343219e-02  -6.2042486193942523e-02  -6.0279412725759200e-02  -5.8612689863169802e-02  -5.7036674451277670e-02  -5.5543089824980477e-02  -5.4121256547053215e-02  -5.2758366796811298e-02  -5.1439791348436889e-02  -5.0149418395430842e-02  -4.8870018858231681e-02  -4.7583646290478204e-02  -4.6272073392953660e-02  -4.4917280475736537e-02  -4.3501996534890945e-02  -4.2010298004712961e-02  -4.0428243689638189e-02  -3.8744517249899628e-02  -3.6951009529866047e-02  -3.5043276439837880e-02  -3.3020793261027304e-02  -3.0886968783962850e-02
  -3.5519765814775353e-02  -3.3308404457141193e-02  -3.1002009774082240e-02  -2.8614022907523629e-02  -2.6160318734251412e-02  -2.3659097683451570e-02  -2.1130870719732686e-02  -1.8598527420667074e-02  -1.6087440709672420e-02  -1.3625566055295836e-02  -1.1243451304364944e-02  -8.9740650584549456e-03  -6.8522868710062038e-03  -4.9139005629516078e-03  -3.1939541725432077e-03  -1.7245564464608565e-03  -5.3250748033061360e-04   3.6257339039117570e-04   9.4898168871851776e-04   1.2223480938364055e-03   1.1839970125402041e-03   8.3876700352137484e-04   1.9265911530852789e-04  -7.4949980599892801e-04  -1.9861872430893962e-03  -3.5202782481590644e-03  -5.3577253453841941e-03  -7.5034182529824592e-03  -9.9560375072374960e-03  -1.2704296374433655e-02  -1.5725434655776489e-02  -1.8985437101963348e-02  -2.2440228861922602e-02  -2.6037477924779766e-02  -2.9719052503414996e-02  -3.3424441176708702e-02  -3.7095383035135016e-02  -4.0681334834529972e-02  -4.4144270051218307e-02  -4.7460836524365758e-02  -5.0621105645333987e-02  -5.3625095329718875e-02  -5.6478906176915797e-02  -5.9191637175659714e-02  -6.1773369774985890e-02  -6.4234040253112482e-02  -6.6582914378543911e-02  -6.8828418098505373e-02  -7.0978157619042359e-02  -7.3039022259934527e-02  -7.5017310898998601e-02  -7.6918847171926277e-02  -7.8749068674476841e-02  -8.0513082820124829e-02  -8.2215690781666517e-02  -8.3861382031922407e-02  -8.5454307107729804e-02  -8.6998234348650602e-02  -8.8496499126177713e-02  -8.9951950879616729e-02  -9.1366904519556105e-02  -9.2743098375224917e-02  -9.4081661990564780e-02  -9.5383092415483317e-02  -9.6647238915907027e-02  -9.7873291891776404e-02  -9.9059774771338455e-02  -1.0020453395421597e-01  -1.0130472742220174e-01  -1.0235680931789268e-01  -1.0335651556419120e-01  -1.0429885188932704e-01  -1.0517809193471289e-01  -1.0598778721031460e-01  -1.0672079345096197e-01  -1.0736931170524502e-01  -1.0792494438637548e-01  -1.0837876438257762e-01  -1.0872140060541113e-01  -1.0894314565531324e-01  -1.0903409814154916e-01  -1.0898435283731681e-01  -1.0878425532619415e-01  -1.0842473182106276e-01  -1.0789769820248984e-01  -1.0719653699726471e-01  -1.0631661531072426e-01  -1.0525579919251253e-01  -1.0401491024210716e-01  -1.0259806767457254e-01  -1.0101286754230265e-01  -9.9270372679042748e-02  -9.7384909861109079e-02  -9.5373694043747417e-02  -9.3256315635477816e-02  -9.1054136945958569e-02  -8.8789642182492967e-02  -8.6485781625435187e-02  -8.4165339409214598e-02  -8.1850346909164762e-02  -7.9561553004706978e-02  -7.7317958941443873e-02  -7.5136418949330666e-02  -7.3031308778575124e-02  -7.1014260620701403e-02  -6.9093966626306194e-02  -6.7276050807147006e-02  -6.5563013017088917e-02  -6.3954244400443575e-02  -6.2446115586302656e-02  -6.1032132250888667e-02  -5.9703153720932191e-02  -5.8447663180433512e-02  -5.7252080907199167e-02  -5.6101107370572972e-02  -5.4978090324337495e-02  -5.3865408471909688e-02  -5.2744874742011887e-02  -5.1598160208916194e-02  -5.0407247683809948e-02  -4.9154916100635077e-02  -4.7825258371986132e-02  -4.6404213908270465e-02  -4.4880093027366959e-02  -4.3244047541132584e-02  -4.1490443957121981e-02  -3.9617089164604047e-02  -3.7625292620594497e-02
  -4.2116530350871158e-02  -4.0029236620111167e-02  -3.7833219755417022e-02  -3.5540014977721426e-02  -3.3164035907988096e-02  -3.0722558269736328e-02  -2.8235748183314820e-02  -2.5726729970750782e-02  -2.3221645823562204e-02  -2.0749664287967831e-02  -1.8342835571991886e-02  -1.6035691927351242e-02  -1.3864431188582389e-02  -1.1865585310371879e-02  -1.0074161895810105e-02  -8.5215079298545035e-03  -7.2333452156605749e-03  -6.2284819280868930e-03  -5.5185032189668699e-03  -5.1083933966829601e-03  -4.9978389520786773e-03  -5.1829093214820869e-03  -5.6580030299722729e-03  -6.4180519135187131e-03  -7.4607776272190632e-03  -8.7879719045812904e-03  -1.0404322335564715e-02  -1.2313560381276699e-02  -1.4513827564757838e-02  -1.6994355415393028e-02  -1.9734103449311063e-02  -2.2701885921398029e-02  -2.5857408048930580e-02  -2.9152936700252992e-02  -3.2535671920411124e-02  -3.5951037098854319e-02  -3.9346960382029790e-02  -4.2678573528447727e-02  -4.5911939975507701e-02  -4.9025419707521577e-02  -5.2008459965639242e-02  -5.4858877619705579e-02  -5.7579915540291141e-02  -6.0177834241743056e-02  -6.2660239857718833e-02  -6.5035056620560625e-02  -6.7309967439234258e-02  -6.9492157395140031e-02  -7.1588236976745850e-02  -7.3604259618114287e-02  -7.5545780709165650e-02  -7.7417924620163364e-02  -7.9225442828869314e-02  -8.0972753102441175e-02  -8.2663958479729169e-02  -8.4302846184395805e-02  -8.5892871179031369e-02  -8.7437128029703381e-02  -8.8938317496392069e-02  -9.0398711210134083e-02  -9.1820119590742821e-02  -9.3203864134733791e-02  -9.4550756334994907e-02  -9.5861080772365506e-02  -9.7134582492537591e-02  -9.8370453316476383e-02  -9.9567316966617928e-02  -1.0072320736722877e-01  -1.0183554416966288e-01  -1.0290110282979423e-01  -1.0391598994120457e-01  -1.0487562242228213e-01  -1.0577472214686628e-01  -1.0660731996484930e-01  -1.0736677379312852e-01  -1.0804579030082188e-01  -1.0863645214540599e-01  -1.0913024620207654e-01  -1.0951810187013862e-01  -1.0979044775276778e-01  -1.0993730710074792e-01  -1.0994845290127475e-01  -1.0981364841583643e-01  -1.0952299256333350e-01  -1.0906738048127362e-01  -1.0843906874507425e-01  -1.0763231130340924e-01  -1.0664400635232603e-01  -1.0547427665597910e-01  -1.0412690359067603e-01  -1.0260955141362359e-01  -1.0093374725019051e-01  -9.9114618346394512e-02  -9.7170422339307241e-02  -9.5121925692084358e-02  -9.2991693857107774e-02  -9.0803350419287082e-02  -8.8580852431908691e-02  -8.6347812713690866e-02  -8.4126889114563300e-02  -8.1939247861625236e-02  -7.9804103796597692e-02  -7.7738333755111702e-02  -7.5756161351554691e-02  -7.3868909563844648e-02  -7.2084822647473443e-02  -7.0408957312740952e-02  -6.8843147752801176e-02  -6.7386045202444775e-02  -6.6033234784019804e-02  -6.4777424655916543e-02  -6.3608702117506771e-02  -6.2514842495142359e-02  -6.1481658540753381e-02  -6.0493372794013386e-02  -5.9533002813709483e-02  -5.8582748275943529e-02  -5.7624380192913924e-02  -5.6639631337031884e-02  -5.5610597344045290e-02  -5.4520149488122303e-02  -5.3352363895484686e-02  -5.2092957012506623e-02  -5.0729715075024710e-02  -4.9252885492317607e-02  -4.7655506276354717e-02  -4.5933641478622805e-02  -4.4086513638914901e-02
  -4.8429883975892526e-02  -4.6467926488197808e-02  -4.4384305808299995e-02  -4.2188870160746614e-02  -3.9894751459230923e-02  -3.7518422808045890e-02  -3.5079758427899038e-02  -3.2602087450613153e-02  -3.0112186941663371e-02  -2.7640162554641211e-02  -2.5219104390473958e-02  -2.2884425612352779e-02  -2.0672762973516112e-02  -1.8620450042257319e-02  -1.6761670226538544e-02  -1.5126611623722488e-02  -1.3739969723933456e-02  -1.2620097358707061e-02  -1.1778879447662080e-02  -1.1222238906258043e-02  -1.0951101431631981e-02  -1.0962709915510235e-02  -1.1252331009105523e-02  -1.1815422922419050e-02  -1.2649927143237524e-02  -1.3757471036885658e-02  -1.5142099301873314e-02  -1.6806680977960578e-02  -1.8748872072243142e-02  -2.0958321936883104e-02  -2.3415528586803489e-02  -2.6091940735748782e-02  -2.8950878035986470e-02  -3.1949081325780990e-02  -3.5038955338372250e-02  -3.8171631951445392e-02  -4.1300783610836944e-02  -4.4386533720125299e-02  -4.7398302747597716e-02  -5.0315679155082726e-02  -5.3127399059105504e-02  -5.5829288528881353e-02  -5.8422043153764515e-02  -6.0909349224909662e-02  -6.3296499914563514e-02  -6.5589471967397020e-02  -6.7794361097531133e-02  -6.9917069189289249e-02  -7.1963155136409204e-02  -7.3937783152392522e-02  -7.5845723576455720e-02  -7.7691375776715754e-02  -7.9478795384277684e-02  -8.1211715378787935e-02  -8.2893556865110074e-02  -8.4527428312053537e-02  -8.6116115450320579e-02  -8.7662064474185619e-02  -8.9167362170645054e-02  -9.0633716265761471e-02  -9.2062438180367412e-02  -9.3454429590728194e-02  -9.4810172126808798e-02  -9.6129719268741337e-02  -9.7412686328421053e-02  -9.8658236269559829e-02  -9.9865057799457452e-02  -1.0103133541837368e-01  -1.0215471478630932e-01  -1.0323226637260301e-01  -1.0426045784483490e-01  -1.0523513381216107e-01  -1.0615151089212319e-01  -1.0700417513171129e-01  -1.0778708499387646e-01  -1.0849356414324775e-01  -1.0911629049051239e-01  -1.0964727405817204e-01  -1.1007784025372969e-01  -1.1039862650540162e-01  -1.1059962333160843e-01  -1.1067028426677336e-01  -1.1059974656134955e-01  -1.1037718946920666e-01  -1.0999235535957572e-01  -1.0943622192116301e-01  -1.0870178754771359e-01  -1.0778488326566746e-01  -1.0668490745641274e-01  -1.0540536625368477e-01  -1.0395413614093321e-01  -1.0234340607619899e-01  -1.0058931920491263e-01  -9.8711370015744065e-02  -9.6731643920609997e-02  -9.4673981374055666e-02  -9.2563141136439847e-02  -9.0424010760490586e-02  -8.8280896869035536e-02  -8.6156905658960239e-02  -8.4073417005258694e-02  -8.2049644785252979e-02  -8.0102277760533330e-02  -7.8245192320041818e-02  -7.6489233886993982e-02  -7.4842064175370232e-02  -7.3308077761166657e-02  -7.1888391290947554e-02  -7.0580910943645880e-02  -6.9380479165117789e-02  -6.8279098529149054e-02  -6.7266222923541924e-02  -6.6329101380425193e-02  -6.5453154719808254e-02  -6.4622365147728081e-02  -6.3819661588743998e-02  -6.3027289903412539e-02  -6.2227165015815031e-02  -6.1401208610369823e-02  -6.0531681157178122e-02  -5.9601517983527960e-02  -5.8594677899653835e-02  -5.7496502226296778e-02  -5.6294079142023098e-02  -5.4976596260102775e-02  -5.3535663962821722e-02  -5.1965586251946139e-02  -5.0263572603850830e-02
  -5.4449761717168497e-02  -5.2612613310545682e-02  -5.0641654360429667e-02  -4.8545309109886831e-02  -4.6335644093192400e-02  -4.4028469718863879e-02  -4.1643409159040350e-02  -3.9203907394263111e-02  -3.6737126842795349e-02  -3.4273664693448794e-02  -3.1846997751308934e-02  -2.9492594232882891e-02  -2.7246655038982145e-02  -2.5144579916522268e-02  -2.3219320288609055e-02  -2.1499894346290606e-02  -2.0010268400524840e-02  -1.8768753954342542e-02  -1.7787903757936284e-02  -1.7074847617702324e-02  -1.6631982551192338e-02  -1.6458050475109232e-02  -1.6549723158156518e-02  -1.6903743142360955e-02  -1.7519085351053953e-02  -1.8397845984611621e-02  -1.9543784630261983e-02  -2.0959061960266825e-02  -2.2640875476475447e-02  -2.4579227585713435e-02  -2.6756023045961062e-02  -2.9145184281135501e-02  -3.1713478571206578e-02  -3.4421937892715568e-02  -3.7227913199199436e-02  -4.0087828285318469e-02  -4.2960477788212569e-02  -4.5810232105760580e-02  -4.8609221801112538e-02  -5.1337937441724116e-02  -5.3984443334880713e-02  -5.6542852737251285e-02  -5.9011659946102080e-02  -6.1392274111817080e-02  -6.3687876796055184e-02  -6.5902604327801331e-02  -6.8041000199605073e-02  -7.0107672717319158e-02  -7.2107095711540198e-02  -7.4043504201417365e-02  -7.5920846899229164e-02  -7.7742770712853460e-02  -7.9512619022659312e-02  -8.1233434087010753e-02  -8.2907957175949981e-02  -8.4538625494178704e-02  -8.6127564963115771e-02  -8.7676581718127963e-02  -8.9187153208702616e-02  -9.0660422192044302e-02  -9.2097193193618768e-02  -9.3497933520943863e-02  -9.4862774353967338e-02  -9.6191511816522884e-02  -9.7483600238034207e-02  -9.8738138434279366e-02  -9.9953841874338062e-02  -1.0112900948381698e-01  -1.0226148392944834e-01  -1.0334861927509670e-01  -1.0438725550705183e-01  -1.0537370379647781e-01  -1.0630373633816942e-01  -1.0717257329271097e-01  -1.0797486128991875e-01  -1.0870463439083225e-01  -1.0935525922962795e-01  -1.0991936213150594e-01  -1.1038875244842557e-01  -1.1075435481471047e-01  -1.1100618478484600e-01  -1.1113340321513795e-01  -1.1112450445048998e-01  -1.1096768345604463e-01  -1.1065142330613000e-01  -1.1016529845716874e-01  -1.0950094672411184e-01  -1.0865309149806962e-01  -1.0762046354191171e-01  -1.0640645608643141e-01  -1.0501940463017205e-01  -1.0347244625481873e-01  -1.0178300914233561e-01  -9.9972027080552014e-02  -9.8063008623644504e-02  -9.6081064245672698e-02  -9.4051980671196633e-02  -9.2001384045166515e-02  -8.9954020849281974e-02  -8.7933152216057395e-02  -8.5960060587190606e-02  -8.4053648904778622e-02  -8.2230125561908646e-02  -8.0502757184639548e-02  -7.8881689396835555e-02  -7.7373827461415343e-02  -7.5982786226959309e-02  -7.4708908590380485e-02  -7.3549364961644367e-02  -7.2498330648737411e-02  -7.1547244375736396e-02  -7.0685130031975824e-02  -6.9898967797579925e-02  -6.9174083035072664e-02  -6.8494533332221330e-02  -6.7843466825879509e-02  -6.7203447061409377e-02  -6.6556738225582113e-02  -6.5885567776790610e-02  -6.5172377495213596e-02  -6.4400086961432915e-02  -6.3552377378354355e-02  -6.2614009775549762e-02  -6.1571166712521455e-02  -6.0411810191271412e-02  -5.9126033089759777e-02  -5.7706391339091889e-02  -5.6148195867388416e-02
  -6.0168262629880315e-02  -5.8454157452039260e-02  -5.6594926304246750e-02  -5.4597855889377142e-02  -5.2474166699008132e-02  -5.0239118938182607e-02  -4.7912055072041798e-02  -4.5516329615567848e-02  -4.3079086777684225e-02  -4.0630814076333607e-02  -3.8204628444029096e-02  -3.5835268342215884e-02  -3.3557835916063539e-02  -3.1406400580046130e-02  -2.9412623309907071e-02  -2.7604576402374924e-02  -2.6005872384349329e-02  -2.4635162431595671e-02  -2.3505981444516825e-02  -2.2626918855527960e-02  -2.2002116247615118e-02  -2.1632205851690553e-02  -2.1515830792508336e-02  -2.1651684505192552e-02  -2.2040349945400238e-02  -2.2684728376686308e-02  -2.3588445088674734e-02  -2.4753034720841692e-02  -2.6175279285830161e-02  -2.7845510889053807e-02  -2.9746947444464510e-02  -3.1855835769311350e-02  -3.4142191805109808e-02  -3.6571065427441388e-02  -3.9104356685432398e-02  -4.1703223547672690e-02  -4.4330893679392684e-02  -4.6955294748136672e-02  -4.9550766061818484e-02  -5.2098515763181419e-02  -5.4586052748737637e-02  -5.7006074204834799e-02  -5.9355216111362470e-02  -6.1632909715381989e-02  -6.3840442291101362e-02  -6.5980242906507849e-02  -6.8055367543858769e-02  -7.0069147991959679e-02  -7.2024961720523917e-02  -7.3926089689109103e-02  -7.5775630929438675e-02  -7.7576454625125024e-02  -7.9331172075769923e-02  -8.1042121015473201e-02  -8.2711354206936871e-02  -8.4340631561011931e-02  -8.5931413525812156e-02  -8.7484858152683823e-02  -8.9001821571929721e-02  -9.0482864427783624e-02  -9.1928262862533194e-02  -9.3338023439081610e-02  -9.4711897542532356e-02  -9.6049391625354766e-02  -9.7349765352951173e-02  -9.8612018157442125e-02  -9.9834860094619976e-02  -1.0101667929972237e-01  -1.0215550537830699e-01  -1.0324898425259435e-01  -1.0429435506816417e-01  -1.0528843634753263e-01  -1.0622760476607700e-01  -1.0710776799679385e-01  -1.0792431632729134e-01  -1.0867205451886204e-01  -1.0934510454118640e-01  -1.0993678578178864e-01  -1.1043947582023322e-01  -1.1084447503193740e-01  -1.1114190414487632e-01  -1.1132068972225415e-01  -1.1136870186391296e-01  -1.1127312315429200e-01  -1.1102110750781066e-01  -1.1060074765514771e-01  -1.1000228285729272e-01  -1.0921938940300116e-01  -1.0825032280289507e-01  -1.0709868514914526e-01  -1.0577366674177550e-01  -1.0428974495228320e-01  -1.0266594059953282e-01  -1.0092479832874506e-01  -9.9091261744811185e-02  -9.7191574370980624e-02  -9.5252289375393540e-02  -9.3299421910536959e-02  -9.1357752843398629e-02  -8.9450268870573058e-02  -8.7597723791766974e-02  -8.5818296347872303e-02  -8.4127331592097704e-02  -8.2537148082228423e-02  -8.1056908042885914e-02  -7.9692543131634305e-02  -7.8446744725963302e-02  -7.7319020333959099e-02  -7.6305829704123196e-02  -7.5400797868878669e-02  -7.4595006452757240e-02  -7.3877340875826231e-02  -7.3234873886878507e-02  -7.2653245922010029e-02  -7.2117017637447600e-02  -7.1609964719025268e-02  -7.1115315199830276e-02  -7.0615931666620016e-02  -7.0094470896654257e-02  -6.9533544078865084e-02  -6.8915918605125720e-02  -6.8224772527070474e-02  -6.7444017335959019e-02  -6.6558671501254385e-02  -6.5555275866329504e-02  -6.4422312192614115e-02  -6.3150612059036132e-02  -6.1733727087627810e-02
  -6.5583262384985491e-02  -6.3989657281907975e-02  -6.2240421204073818e-02  -6.0341972585814543e-02  -5.8304856532002736e-02  -5.6143815777046420e-02  -5.3877769751744201e-02  -5.1529652718299707e-02  -4.9126081675977498e-02  -4.6696801595437057e-02  -4.4273905394693919e-02  -4.1890832662274176e-02  -3.9581225605888032e-02  -3.7377729986242191e-02  -3.5310869130060533e-02  -3.3408080376356564e-02  -3.1692985826222549e-02  -3.0184912050840514e-02  -2.8898664431896776e-02  -2.7844564945147844e-02  -2.7028828627896895e-02  -2.6454417347719066e-02  -2.6122480181927671e-02  -2.6034152875963303e-02  -2.6191916163771162e-02  -2.6599561537252639e-02  -2.7260611576542779e-02  -2.8176039422353808e-02  -2.9342277819790451e-02  -3.0749994019542096e-02  -3.2383639884243989e-02  -3.4221620724930998e-02  -3.6236945376108748e-02  -3.8398310127589944e-02  -4.0671659946922400e-02  -4.3022270480339179e-02  -4.5417151830273367e-02  -4.7827220792765468e-02  -5.0228665565500930e-02  -5.2603323593102304e-02  -5.4938295585147567e-02  -5.7225145090650090e-02  -5.9458967599549641e-02  -6.1637500117592448e-02  -6.3760354135880784e-02  -6.5828398619852194e-02  -6.7843288406693569e-02  -6.9807118521374667e-02  -7.1722179393996971e-02  -7.3590788721940109e-02  -7.5415178229403565e-02  -7.7197418536819606e-02  -7.8939369062607359e-02  -8.0642644273450567e-02  -8.2308590733082249e-02  -8.3938272575003317e-02  -8.5532464353900564e-02  -8.7091651918276447e-02  -8.8616042270333872e-02  -9.0105582113481936e-02  -9.1559984954555446e-02  -9.2978761922993203e-02  -9.4361251798100856e-02  -9.5706639898324244e-02  -9.7013963818836813e-02  -9.8282099438874310e-02  -9.9509735776202576e-02  -1.0069534346024524e-01  -1.0183714512650455e-01  -1.0293309160930314e-01  -1.0398084009645010e-01  -1.0497773323451662e-01  -1.0592076797102611e-01  -1.0680655234486634e-01  -1.0763123744989866e-01  -1.0839042328114545e-01  -1.0907902745388640e-01  -1.0969112062108280e-01  -1.1021972816214673e-01  -1.1065662089131620e-01  -1.1099212537632230e-01  -1.1121502139861997e-01  -1.1131261138483915e-01  -1.1127107859840535e-01  -1.1107622999989235e-01  -1.1071467040137463e-01  -1.1017531835136959e-01  -1.0945103470351188e-01  -1.0854001225408576e-01  -1.0744660928758609e-01  -1.0618144803121193e-01  -1.0476082948324564e-01  -1.0320565990038030e-01  -1.0154015598024688e-01  -9.9790535222121515e-02  -9.7983835141037159e-02  -9.6146912065519730e-02  -9.4305636257046535e-02  -9.2484258132754738e-02  -9.0704925484337534e-02  -8.8987317772419944e-02  -8.7348379959757194e-02  -8.5802130797928339e-02  -8.4359536760320014e-02  -8.3028439217384675e-02  -8.1813538317541776e-02  -8.0716433938762933e-02  -7.9735734643455070e-02  -7.8867238052775054e-02  -7.8104187199797656e-02  -7.7437591871982764e-02  -7.6856595037610748e-02  -7.6348847536963887e-02  -7.5900850944802700e-02  -7.5498229928889896e-02  -7.5125913492834484e-02  -7.4768227554850977e-02  -7.4408928298788868e-02  -7.4031225439287154e-02  -7.3617850377634186e-02  -7.3151215416576848e-02  -7.2613689047625260e-02  -7.1987987286808525e-02  -7.1257650259412331e-02  -7.0407566733248522e-02  -6.9424501249614218e-02  -6.8297592740050941e-02  -6.7018795878515267e-02
  -7.0700777253728905e-02  -6.9224389594553473e-02  -6.7582538313556595e-02  -6.5780983723448455e-02  -6.3829686344640924e-02  -6.1742812049487679e-02  -5.9538630312737761e-02  -5.7239276895144062e-02  -5.4870352448282603e-02  -5.2460339819207849e-02  -5.0039846536176283e-02  -4.7640702700232664e-02  -4.5294976892316652e-02  -4.3033979849676308e-02  -4.0887333556939930e-02  -3.8882157632253708e-02  -3.7042412599793226e-02  -3.5388411721454495e-02  -3.3936526353567920e-02  -3.2699129166066404e-02  -3.1684887237453108e-02  -3.0899535301848129e-02  -3.0347150878502975e-02  -3.0031567703572546e-02  -2.9957189856458063e-02  -3.0128618930427113e-02  -3.0549256319945810e-02  -3.1219586054565526e-02  -3.2135771313278161e-02  -3.3288823330502849e-02  -3.4664333886380669e-02  -3.6242662030916133e-02  -3.7999485531633070e-02  -3.9906701034393949e-02  -4.1933755335436113e-02  -4.4049458506003947e-02  -4.6224048416079862e-02  -4.8430986328751625e-02  -5.0648054058656168e-02  -5.2857682460915149e-02  -5.5046709685198147e-02  -5.7205817328626223e-02  -5.9328842557753787e-02  -6.1412088198909073e-02  -6.3453700401328555e-02  -6.5453141466650960e-02  -6.7410765847868509e-02  -6.9327490110980633e-02  -7.1204544783541823e-02  -7.3043290455869797e-02  -7.4845084707956533e-02  -7.6611185238267709e-02  -7.8342680480957064e-02  -8.0040439339545424e-02  -8.1705076696618834e-02  -8.3336931420955593e-02  -8.4936057781157773e-02  -8.6502230199282631e-02  -8.8034963175154385e-02  -8.9533545839393353e-02  -9.0997088391757533e-02  -9.2424572691250692e-02  -9.3814898695060100e-02  -9.5166913694982411e-02  -9.6479421449607847e-02  -9.7751168645968292e-02  -9.8980821758556214e-02  -1.0016693579773794e-01  -1.0130792830427557e-01  -1.0240205256480325e-01  -1.0344737442470259e-01  -1.0444174241286457e-01  -1.0538275037961202e-01  -1.0626768096942350e-01  -1.0709342580167376e-01  -1.0785637012885421e-01  -1.0855223702207872e-01  -1.0917588208311771e-01  -1.0972104203380345e-01  -1.1018004783413905e-01  -1.1054354146538214e-01  -1.1080026587918476e-01  -1.1093704886270420e-01  -1.1093913776011721e-01  -1.1079105039581112e-01  -1.1047801949067669e-01  -1.0998791819580275e-01  -1.0931329815168477e-01  -1.0845301782311235e-01  -1.0741301381269561e-01  -1.0620607211964350e-01  -1.0485079169573691e-01  -1.0337010855498512e-01  -1.0178973521687361e-01  -1.0013673968059006e-01  -9.8438365965550181e-02  -9.6721102152231481e-02  -9.5009971702423701e-02  -9.3328001973601499e-02  -9.1695838808438707e-02  -9.0131470165910582e-02  -8.8650041148554848e-02  -8.7263736718778045e-02  -8.5981727756615695e-02  -8.4810168188020896e-02  -8.3752249226803036e-02  -8.2808307277885101e-02  -8.1975998443294465e-02  -8.1250537460310329e-02  -8.0625005376279785e-02  -8.0090703130041685e-02  -7.9637525566684547e-02  -7.9254302542610400e-02  -7.8929062186683330e-02  -7.8649167729867270e-02  -7.8401318799230915e-02  -7.8171432823864601e-02  -7.7944473574344642e-02  -7.7704306278526619e-02  -7.7433674159685772e-02  -7.7114354882106134e-02  -7.6727522942603765e-02  -7.6254286541761002e-02  -7.5676345427214117e-02  -7.4976686420142991e-02  -7.4140252590763955e-02  -7.3154532752879892e-02  -7.2010055023611630e-02
  -7.5534167154061305e-02  -7.4170458137428036e-02  -7.2631898994610450e-02  -7.0923734167453623e-02  -6.9055365100066629e-02  -6.7040270989517883e-02  -6.4895834745573033e-02  -6.2643059805164825e-02  -6.0306155901123280e-02  -5.7911994525260566e-02  -5.5489440738323785e-02  -5.3068595426000321e-02  -5.0679984830019828e-02  -4.8353747837333996e-02  -4.6118858770759864e-02  -4.4002420411138873e-02  -4.2029045879274904e-02  -4.0220354212912500e-02  -3.8594614877669645e-02  -3.7166618904803557e-02  -3.5947887326598857e-02  -3.4947311113035090e-02  -3.4172136317441620e-02  -3.3628897211172973e-02  -3.3323748730948899e-02  -3.3261949031004906e-02  -3.3446758243755682e-02  -3.3878245783738159e-02  -3.4552371915643816e-02  -3.5460477453053307e-02  -3.6589164515337724e-02  -3.7920493263019883e-02  -3.9432436551121795e-02  -4.1099622056156172e-02  -4.2894486608303167e-02  -4.4788874802194498e-02  -4.6755802695715630e-02  -4.8770927304949821e-02  -5.0813431469748614e-02  -5.2866323353724973e-02  -5.4916306468695136e-02  -5.6953395617347198e-02  -5.8970414446626394e-02  -6.0962465430431108e-02  -6.2926427431358622e-02  -6.4860510223451573e-02  -6.6763877815095254e-02  -6.8636340833067605e-02  -7.0478111890455622e-02  -7.2289614471796465e-02  -7.4071335345679001e-02  -7.5823711174072300e-02  -7.7547042042480252e-02  -7.9241426231080464e-02  -8.0906713550677870e-02  -8.2542476618350805e-02  -8.4148001051206636e-02  -8.5722297343896581e-02  -8.7264135202964416e-02  -8.8772100087551181e-02  -9.0244663909321760e-02  -9.1680260013283568e-02  -9.3077342276370323e-02  -9.4434421186331274e-02  -9.5750070027966178e-02  -9.7022909877408747e-02  -9.8251582668647947e-02  -9.9434720853951886e-02  -1.0057091874121402e-01  -1.0165870421785679e-01  -1.0269651097693172e-01  -1.0368264443830086e-01  -1.0461523827540589e-01  -1.0549219149909310e-01  -1.0631108000232270e-01  -1.0706902924973236e-01  -1.0776253953815722e-01  -1.0838725041483467e-01  -1.0893764139159307e-01  -1.0940667288818094e-01  -1.0978540410815267e-01  -1.1006266568533027e-01  -1.1022494120607007e-01  -1.1025668001902997e-01  -1.1014129602557141e-01  -1.0986298255673341e-01  -1.0940916494239154e-01  -1.0877299196288358e-01  -1.0795508059887339e-01  -1.0696396963179605e-01  -1.0581530734335301e-01  -1.0453023223728575e-01  -1.0313351435020887e-01  -1.0165183981504063e-01  -1.0011241225748607e-01  -9.8541881457024361e-02  -9.6965554679949550e-02  -9.5406823740528779e-02  -9.3886758491204231e-02  -9.2423823611134728e-02  -9.1033694950774430e-02  -8.9729154662179803e-02  -8.8520055257015867e-02  -8.7413342499680788e-02  -8.6413134526973218e-02  -8.5520855703075729e-02  -8.4735429482243357e-02  -8.4053533046220971e-02  -8.3469913044418115e-02  -8.2977751000123307e-02  -8.2569050999153251e-02  -8.2235004459803196e-02  -8.1966270453950010e-02  -8.1753109876197660e-02  -8.1585327530736149e-02  -8.1452020044508550e-02  -8.1341179194603083e-02  -8.1239257767466239e-02  -8.1130832419213122e-02  -8.0998495497724088e-02  -8.0823056218840811e-02  -8.0584063728324287e-02  -8.0260582650523576e-02  -7.9832107193381435e-02  -7.9279485304891817e-02  -7.8585752619741239e-02  -7.7736812059840135e-02  -7.6721945241408074e-02
  -8.0100641871482622e-02  -7.8843014705087797e-02  -7.7401391275391418e-02  -7.5780601517493912e-02  -7.3989485179057762e-02  -7.2040725147707443e-02  -6.9950622946760549e-02  -6.7738802367113979e-02  -6.5427832083582618e-02  -6.3042765257230349e-02  -6.0610603768579699e-02  -5.8159703843044676e-02  -5.5719143894341253e-02  -5.3318077002172795e-02  -5.0985085325631299e-02  -4.8747553572982244e-02  -4.6631077628352002e-02  -4.4658938098046830e-02  -4.2851688710205130e-02  -4.1226943371657970e-02  -3.9799453842347073e-02  -3.8581515401709364e-02  -3.7583559977354630e-02  -3.6814615338025394e-02  -3.6282313310957451e-02  -3.5992401780073360e-02  -3.5947982925093061e-02  -3.6148769162110829e-02  -3.6590549706570559e-02  -3.7264936356983379e-02  -3.8159368001640881e-02  -3.9257315586607833e-02  -4.0538661204623710e-02  -4.1980329888223228e-02  -4.3557316652863678e-02  -4.5244090126102129e-02  -4.7016071926347658e-02  -4.8850825602741330e-02  -5.0728778146147638e-02  -5.2633501776142490e-02  -5.4551670833664793e-02  -5.6472813099522734e-02  -5.8388949407345285e-02  -6.0294189682257866e-02  -6.2184329976926314e-02  -6.4056478407507708e-02  -6.5908723993102325e-02  -6.7739853758824992e-02  -6.9549116708929631e-02  -7.1336030241138354e-02  -7.3100222887941629e-02  -7.4841307333545395e-02  -7.6558778735325003e-02  -7.8251935362283295e-02  -7.9919820976952508e-02  -8.1561190197346825e-02  -8.3174501574811321e-02  -8.4757941628455541e-02  -8.6309483342889057e-02  -8.7826972936906070e-02  -8.9308230787833023e-02  -9.0751144496417135e-02  -9.2153734886868316e-02  -9.3514187236475546e-02  -9.4830849346693821e-02  -9.6102212245038440e-02  -9.7326879101472585e-02  -9.8503534182389801e-02  -9.9630910754745589e-02  -1.0070776148138942e-01  -1.0173282590306271e-01  -1.0270479398727476e-01  -1.0362225781526758e-01  -1.0448364630929580e-01  -1.0528713138973790e-01  -1.0603049570939316e-01  -1.0671094592751788e-01  -1.0732485806649796e-01  -1.0786744038447303e-01  -1.0833231411663163e-01  -1.0871103802519341e-01  -1.0899266654542628e-01  -1.0916352868805532e-01  -1.0920754225661357e-01  -1.0910743176617783e-01  -1.0884704259873838e-01  -1.0841441181271698e-01  -1.0780463069890760e-01  -1.0702139336500044e-01  -1.0607676362596591e-01  -1.0498956958708401e-01  -1.0378323865563858e-01  -1.0248372931531301e-01  -1.0111785887442254e-01  -9.9712067217930411e-02  -9.8291538190326475e-02  -9.6879586848266031e-02  -9.5497233488362587e-02  -9.4162916255638371e-02  -9.2892307807600508e-02  -9.1698219928696534e-02  -9.0590581065135248e-02  -8.9576482303403995e-02  -8.8660283855709621e-02  -8.7843783649356161e-02  -8.7126444957711879e-02  -8.6505686950745980e-02  -8.5977232976851364e-02  -8.5535511128603678e-02  -8.5174081552654421e-02  -8.4886052180937033e-02  -8.4664417097293054e-02  -8.4502244281491667e-02  -8.4392637009934407e-02  -8.4328428642037809e-02  -8.4301621513960423e-02  -8.4302659577115746e-02  -8.4319689946823428e-02  -8.4338011477576483e-02  -8.4339889896869247e-02  -8.4304846155690116e-02  -8.4210407129096568e-02  -8.4033199815646525e-02  -8.3750198443196450e-02  -8.3339929588561734e-02  -8.2783487767575464e-02  -8.2065290660503748e-02  -8.1173569999970274e-02
  -8.4417379415393637e-02  -8.3256468643187004e-02  -8.1902575105785247e-02  -8.0360199886084671e-02  -7.8637616095938584e-02  -7.6746624941782970e-02  -7.4702300418712245e-02  -7.2522712947585471e-02  -7.0228623966706455e-02  -6.7843144681730222e-02  -6.5391358263197238e-02  -6.2899904533597950e-02  -6.0396528817860874e-02  -5.7909593364612953e-02  -5.5467553520969326e-02  -5.3098401377263627e-02  -5.0829093112212100e-02  -4.8684989910111914e-02  -4.6689368357141034e-02  -4.4863070793652329e-02  -4.3224362981703360e-02  -4.1789002304385675e-02  -4.0570411560146208e-02  -3.9579771600785088e-02  -3.8825888984708991e-02  -3.8314847090310813e-02  -3.8049565462855366e-02  -3.8029416634352504e-02  -3.8249996678959147e-02  -3.8703080821887482e-02  -3.9376736735789550e-02  -4.0255549536861772e-02  -4.1320959791278769e-02  -4.2551828678204728e-02  -4.3925357651656241e-02  -4.5418293428656470e-02  -4.7008140269199576e-02  -4.8674116808951430e-02  -5.0397756431006066e-02  -5.2163179706380007e-02  -5.3957116305653620e-02  -5.5768756661646754e-02  -5.7589499664836896e-02  -5.9412647402219437e-02  -6.1233083526618250e-02  -6.3046960348182385e-02  -6.4851409401713259e-02  -6.6644283230703510e-02  -6.8423930223334178e-02  -7.0189001536352436e-02  -7.1938286653618122e-02  -7.3670574656567761e-02  -7.5384538623590347e-02  -7.7078642871642858e-02  -7.8751075580744942e-02  -8.0399712848476468e-02  -8.2022122109223564e-02  -8.3615611100331624e-02  -8.5177321359361957e-02  -8.6704349897814309e-02  -8.8193876209059732e-02  -8.9643261894841245e-02  -9.1050110938090900e-02  -9.2412288501438677e-02  -9.3727912004208228e-02  -9.4995325055573870e-02  -9.6213065166865591e-02  -9.7379829619768821e-02  -9.8494441551814138e-02  -9.9555816314301326e-02  -1.0056292588698544e-01  -1.0151475842335672e-01  -1.0241026725052754e-01  -1.0324830290376102e-01  -1.0402751811608381e-01  -1.0474623378022810e-01  -1.0540224924691932e-01  -1.0599257852504812e-01  -1.0651309269659123e-01  -1.0695805901797056e-01  -1.0731959679940070e-01  -1.0758714498281585e-01  -1.0774717348932744e-01  -1.0778355676240664e-01  -1.0767911624844606e-01  -1.0741853624162680e-01  -1.0699200868646140e-01  -1.0639813411029453e-01  -1.0564479656082588e-01  -1.0474794873295228e-01  -1.0372925939173952e-01  -1.0261366013108530e-01  -1.0142733806556616e-01  -1.0019628412708613e-01  -9.8945299206784604e-02  -9.7697327695918601e-02  -9.6473010708476428e-02  -9.5290392465093632e-02  -9.4164738290935149e-02  -9.3108444109849059e-02  -9.2131024932661537e-02  -9.1239177335793981e-02  -9.0436911309823245e-02  -8.9725750266650667e-02  -8.9104996670887782e-02  -8.8572062494015988e-02  -8.8122861309498646e-02  -8.7752254808279528e-02  -8.7454534950351104e-02  -8.7223905784016009e-02  -8.7054907246681593e-02  -8.6942702422543011e-02  -8.6883140847843626e-02  -8.6872520394602054e-02  -8.6907011564370043e-02  -8.6981774447932050e-02  -8.7089888299005977e-02  -8.7221296455731956e-02  -8.7362023281455370e-02  -8.7493901733353904e-02  -8.7594955545029107e-02  -8.7640418320783328e-02  -8.7604208476755790e-02  -8.7460576078647517e-02  -8.7185636080578832e-02  -8.6758583300480724e-02  -8.6162505322387825e-02  -8.5384813939784254e-02
  -8.8498789404079431e-02  -8.7422029580192073e-02  -8.6143538285445104e-02  -8.4667570943262202e-02  -8.3001834842734601e-02  -8.1157180880880947e-02  -7.9147339121807186e-02  -7.6988689488016834e-02  -7.4700056010661972e-02  -7.2302512563159671e-02  -6.9819185059381256e-02  -6.7275032789533354e-02  -6.4696588007385231e-02  -6.2111633011539408e-02  -5.9548796605474075e-02  -5.7037063259211040e-02  -5.4605202952528936e-02  -5.2281148533147956e-02  -5.0091365207340949e-02  -4.8060269505831643e-02  -4.6209761360097981e-02  -4.4558909185808585e-02  -4.3123774899584584e-02  -4.1917299604274968e-02  -4.0949172606838884e-02  -4.0225662369015605e-02  -3.9749451223852039e-02  -3.9519536553197648e-02  -3.9531244608383871e-02  -3.9776365878655129e-02  -4.0243378543842342e-02  -4.0917714391913544e-02  -4.1782088035124544e-02  -4.2817012392380872e-02  -4.4001600131703469e-02  -4.5314564979306041e-02  -4.6735200358871451e-02  -4.8244156377234657e-02  -4.9823951227180890e-02  -5.1459236377264364e-02  -5.3136864598082409e-02  -5.4845814793600900e-02  -5.6577020202371653e-02  -5.8323139753393885e-02  -6.0078301731657971e-02  -6.1837842348358936e-02  -6.3598052757498205e-02  -6.5355943991186938e-02  -6.7109032656245432e-02  -6.8855149305694724e-02  -7.0592267578845694e-02  -7.2318354521789294e-02  -7.4031240850450000e-02  -7.5728516866355830e-02  -7.7407459219121150e-02  -7.9065003002842943e-02  -8.0697767653706384e-02  -8.2302145514423025e-02  -8.3874437099481211e-02  -8.5411006458095712e-02  -8.6908416256485099e-02  -8.8363520757221495e-02  -8.9773512800136651e-02  -9.1135931249815727e-02  -9.2448646158844017e-02  -9.3709829199760453e-02  -9.4917919263277001e-02  -9.6071584774134619e-02  -9.7169686489665730e-02  -9.8211238880164725e-02  -9.9195370098066532e-02  -1.0012127634474106e-01  -1.0098816738216969e-01  -1.0179519574233301e-01  -1.0254136150822071e-01  -1.0322537954549109e-01  -1.0384549338043128e-01  -1.0439921428777466e-01  -1.0488296336729758e-01  -1.0529160049194342e-01  -1.0561785693614051e-01  -1.0585177419959568e-01  -1.0598042852511376e-01  -1.0598846405842689e-01  -1.0586005139218467e-01  -1.0558237157387358e-01  -1.0514951602286937e-01  -1.0456487636122491e-01  -1.0384094700526088e-01  -1.0299715641421764e-01  -1.0205711006331351e-01  -1.0104619699383599e-01  -9.9989853198376444e-02  -9.8912402950684861e-02  -9.7836309237645469e-02  -9.6781690601302039e-02  -9.5766012788430610e-02  -9.4803903405343809e-02  -9.3907063400167509e-02  -9.3084263770299283e-02  -9.2341421604311261e-02  -9.1681753475841690e-02  -9.1106003203890201e-02  -9.0612742124632203e-02  -9.0198738231635364e-02  -8.9859391100912372e-02  -8.9589223446783217e-02  -8.9382414152703024e-02  -8.9233341171165645e-02  -8.9137086297428794e-02  -8.9089829457503475e-02  -8.9089047462085347e-02  -8.9133426570098817e-02  -8.9222421600305454e-02  -8.9355435028699859e-02  -8.9530661394200350e-02  -8.9743726343054095e-02  -8.9986346015348648e-02  -9.0245302677879585e-02  -9.0502042264910085e-02  -9.0733101688334594e-02  -9.0911376027109816e-02  -9.1008000319540011e-02  -9.0994453606434822e-02  -9.0844473950260796e-02  -9.0535495434825308e-02  -9.0049503814605900e-02  -8.9373367843147145e-02
  -9.2354960780768131e-02  -9.1346448275711825e-02  -9.0127916041040021e-02  -8.8703451008180903e-02  -8.7080191619877623e-02  -8.5267970104598495e-02  -8.3279058803228723e-02  -8.1128010680309448e-02  -7.8831578822267573e-02  -7.6408694463376572e-02  -7.3880475545008914e-02  -7.1270229326305584e-02  -6.8603404952169295e-02  -6.5907450586031147e-02  -6.3211536118869469e-02  -6.0546116340274028e-02  -5.7942326186685732e-02  -5.5431220430839645e-02  -5.3042890064043488e-02  -5.0805532385665181e-02  -4.8744593957197775e-02  -4.6882121741902247e-02  -4.5236376609612036e-02  -4.3821661907159373e-02  -4.2648273013860191e-02  -4.1722504722583958e-02  -4.1046707184154298e-02  -4.0619412219472725e-02  -4.0435553247364531e-02  -4.0486771420902803e-02  -4.0761759365148309e-02  -4.1246585525863771e-02  -4.1925021681975178e-02  -4.2778996041948111e-02  -4.3789262618227354e-02  -4.4936212071722541e-02  -4.6200661812136862e-02  -4.7564496523014511e-02  -4.9011113537283324e-02  -5.0525678932120108e-02  -5.2095225480337681e-02  -5.3708627891295629e-02  -5.5356490538092010e-02  -5.7030976699910585e-02  -5.8725604316520436e-02  -6.0435026175748162e-02  -6.2154808306701254e-02  -6.3881214312324186e-02  -6.5611000971064010e-02  -6.7341226609724594e-02  -6.9069073696369526e-02  -7.0791686629180603e-02  -7.2506029684308304e-02  -7.4208773550303836e-02  -7.5896225599450848e-02  -7.7564323299503954e-02  -7.9208700602362792e-02  -8.0824826377308534e-02  -8.2408176087461871e-02  -8.3954404593473100e-02  -8.5459475297881587e-02  -8.6919741181625931e-02  -8.8331977489854552e-02  -8.9693383612899982e-02  -9.1001563036735345e-02  -9.2254491448253581e-02  -9.3450478515569910e-02  -9.4588126276886744e-02  -9.5666286153528984e-02  -9.6684014262349377e-02  -9.7640524469958273e-02  -9.8535136509380450e-02  -9.9367215681949478e-02  -1.0013609846558290e-01  -1.0084099617368701e-01  -1.0148086560096758e-01  -1.0205423127650051e-01  -1.0255894026182213e-01  -1.0299182728189972e-01  -1.0334827661237410e-01  -1.0362169967410709e-01  -1.0380304726024640e-01  -1.0388067361294781e-01  -1.0384114551913211e-01  -1.0367161086780477e-01  -1.0336357020864040e-01  -1.0291645564090555e-01  -1.0233899713017987e-01  -1.0164791200361656e-01  -1.0086516041913635e-01  -1.0001520248588716e-01  -9.9122910642440429e-02  -9.8212181382096114e-02  -9.7305054731616186e-02  -9.6421167204966934e-02  -9.5577410392394715e-02  -9.4787732729897711e-02  -9.4063045540784332e-02  -9.3411224006775456e-02  -9.2837192701076959e-02  -9.2343098684878278e-02  -9.1928565054505168e-02  -9.1591026326327790e-02  -9.1326136140198869e-02  -9.1128244641467349e-02  -9.0990930735481840e-02  -9.0907577003157006e-02  -9.0871956912588286e-02  -9.0878795461237977e-02  -9.0924240286886671e-02  -9.1006169186521518e-02  -9.1124251860163263e-02  -9.1279694027598640e-02  -9.1474619075816332e-02  -9.1711077930941534e-02  -9.1989734991627131e-02  -9.2308339505244558e-02  -9.2660189428901293e-02  -9.3032881858751623e-02  -9.3407713459325734e-02  -9.3760035280736245e-02  -9.4060669025443661e-02  -9.4278161945322125e-02  -9.4381384514492475e-02  -9.4341887136071501e-02  -9.4135596324698381e-02  -9.3743707978276497e-02  -9.3152881762014916e-02
  -9.5990762735915280e-02  -9.5031384999547650e-02  -9.3854477752465512e-02  -9.2464022822535699e-02  -9.0866569610236564e-02  -8.9070844731984539e-02  -8.7087527854331215e-02  -8.4929183226211971e-02  -8.2610328452806747e-02  -8.0147614527926181e-02  -7.7560075493535705e-02  -7.4869389477022583e-02  -7.2100079639917714e-02  -6.9279576320302183e-02  -6.6438068710026069e-02  -6.3608086455712046e-02  -6.0823776638932861e-02  -5.8119870883772254e-02  -5.5530403429952080e-02  -5.3087345841737188e-02  -5.0819393150798260e-02  -4.8751112724924731e-02  -4.6902494584043178e-02  -4.5288822602452476e-02  -4.3920729937913253e-02  -4.2804358312366550e-02  -4.1941588001226229e-02  -4.1330352495748388e-02  -4.0965046532639583e-02  -4.0837008445983695e-02  -4.0934994176771988e-02  -4.1245557161187066e-02  -4.1753352687758288e-02  -4.2441507607619992e-02  -4.3292157685438044e-02  -4.4287101368574888e-02  -4.5408445376716899e-02  -4.6639142451714875e-02  -4.7963382288074702e-02  -4.9366834086838576e-02  -5.0836760471276762e-02  -5.2362026212897976e-02  -5.3933027930155149e-02  -5.5541566649726662e-02  -5.7180683779605793e-02  -5.8844474507351620e-02  -6.0527891392164107e-02  -6.2226544140472975e-02  -6.3936502090495728e-02  -6.5654099864255452e-02  -6.7375751514366533e-02  -6.9097774652471453e-02  -7.0816237642306490e-02  -7.2526843661527993e-02  -7.4224879082550543e-02  -7.5905245233147775e-02  -7.7562578095021942e-02  -7.9191433752648657e-02  -8.0786485266222716e-02  -8.2342695947477063e-02  -8.3855435409837698e-02  -8.5320550333844766e-02  -8.6734388714708205e-02  -8.8093797615395694e-02  -8.9396098971473353e-02  -9.0639054801929755e-02  -9.1820823550566269e-02  -9.2939913073206468e-02  -9.3995130045589681e-02  -9.4985527616422843e-02  -9.5910349553879226e-02  -9.6768970105531107e-02  -9.7560825958849823e-02  -9.8285336538829621e-02  -9.8941805672362146e-02  -9.9529296357003569e-02  -1.0004646621079691e-01  -1.0049134974195870e-01  -1.0086107247769509e-01  -1.0115149447605216e-01  -1.0135681786612424e-01  -1.0146929826205671e-01  -1.0147939543852968e-01  -1.0137693352972897e-01  -1.0115371708484577e-01  -1.0080708707068799e-01  -1.0034258016624178e-01  -9.9774069373565658e-02  -9.9121645422445240e-02  -9.8408759864012776e-02  -9.7659795228139404e-02  -9.6898379297152060e-02  -9.6146325317365083e-02  -9.5422980708395902e-02  -9.4744835282106615e-02  -9.4125290179883289e-02  -9.3574551690253360e-02  -9.3099622907693358e-02  -9.2704397069916622e-02  -9.2389841804386641e-02  -9.2154282768385970e-02  -9.1993771545846620e-02  -9.1902541587512737e-02  -9.1873527799707602e-02  -9.1898948034358316e-02  -9.1970912492515572e-02  -9.2082048345270312e-02  -9.2226086320681314e-02  -9.2398372438414880e-02  -9.2596228376576772e-02  -9.2819107287616526e-02  -9.3068476183094231e-02  -9.3347395671952008e-02  -9.3659775877284843e-02  -9.4009323416216650e-02  -9.4398211437951157e-02  -9.4825547340307237e-02  -9.5285782094754565e-02  -9.5767310178287227e-02  -9.6251633184571639e-02  -9.6713493516312657e-02  -9.7122252606564805e-02  -9.7444394634501760e-02  -9.7646605802420253e-02  -9.7698630072169057e-02  -9.7575280404768761e-02  -9.7257374134258223e-02  -9.6731759610338322e-02
  -9.9405210035044822e-02  -9.8473024420014571e-02  -9.7316933249966375e-02  -9.5940851132708185e-02  -9.4350689363839502e-02  -9.2553951127045772e-02  -9.0559552991639397e-02  -8.8377867521549414e-02  -8.6020967324046779e-02  -8.3503044471310559e-02  -8.0840949156949934e-02  -7.8054765830242276e-02  -7.5168314116746793e-02  -7.2209444302906031e-02  -6.9209999975105463e-02  -6.6205330625440928e-02  -6.3233291015975912e-02  -6.0332746535141729e-02  -5.7541768343441227e-02  -5.4895845897076911e-02  -5.2426453133539497e-02  -5.0160155142603649e-02  -4.8118207865041437e-02  -4.6316515390431641e-02  -4.4765784834431790e-02  -4.3471805308890374e-02  -4.2435817249464498e-02  -4.1654997044545304e-02  -4.1123056780996828e-02  -4.0830914356229001e-02  -4.0767288723191346e-02  -4.0919102544530364e-02  -4.1271731157756467e-02  -4.1809284418382608e-02  -4.2515034733895202e-02  -4.3371951044509888e-02  -4.4363233218583209e-02  -4.5472767799716401e-02  -4.6685469682567544e-02  -4.7987507015199792e-02  -4.9366418959351961e-02  -5.0811144975875799e-02  -5.2311982599935247e-02  -5.3860492151163515e-02  -5.5449362278423675e-02  -5.7072249483350435e-02  -5.8723600071403571e-02  -6.0398461164047818e-02  -6.2092284908951703e-02  -6.3800728685498881e-02  -6.5519456632178438e-02  -6.7243950239597852e-02  -6.8969348443923287e-02  -7.0690342319503191e-02  -7.2401157689204534e-02  -7.4095642516565932e-02  -7.5767440818435935e-02  -7.7410213999343100e-02  -7.9017846015738705e-02  -8.0584612313266302e-02  -8.2105286568331881e-02  -8.3575203325099989e-02  -8.4990276746303023e-02  -8.6346995232150364e-02  -8.7642392787388723e-02  -8.8874010017111760e-02  -9.0039844141928532e-02  -9.1138295146999213e-02  -9.2168106105207703e-02  -9.3128301641990721e-02  -9.4018121493744777e-02  -9.4836950765633338e-02  -9.5584242459149218e-02  -9.6259431422770617e-02  -9.6861833328087524e-02  -9.7390524888263538e-02  -9.7844196873033584e-02  -9.8220975515426981e-02  -9.8518209971028003e-02  -9.8732244207060449e-02  -9.8858234441802847e-02  -9.8890174559043531e-02  -9.8821447483521493e-02  -9.8646332757058183e-02  -9.8362596520702963e-02  -9.7974312352327231e-02  -9.7493226470582880e-02  -9.6937767509989489e-02  -9.6330526924209139e-02  -9.5695624529570242e-02  -9.5056719656753927e-02  -9.4435725918495583e-02  -9.3852033058581447e-02  -9.3322039459105277e-02  -9.2858882053925007e-02  -9.2472299091956117e-02  -9.2168609439378976e-02  -9.1950795750133402e-02  -9.1818701133829228e-02  -9.1769329545708628e-02  -9.1797257640268248e-02  -9.1895133621201636e-02  -9.2054261207304561e-02  -9.2265228459407433e-02  -9.2518572995424986e-02  -9.2805429434990816e-02  -9.3118142980644414e-02  -9.3450780359826319e-02  -9.3799511688464510e-02  -9.4162790678776087e-02  -9.4541314786221103e-02  -9.4937722866896751e-02  -9.5356044691650321e-02  -9.5800899244838256e-02  -9.6276472441246111e-02  -9.6785285066019799e-02  -9.7326794102321951e-02  -9.7895898643901705e-02  -9.8481527813590111e-02  -9.9065622782832541e-02  -9.9622971965212900e-02  -1.0012234112745942e-01  -1.0052900882037230e-01  -1.0080821452670488e-01  -1.0092852813191296e-01  -1.0086422537492272e-01  -1.0059628384622857e-01  -1.0011221653776374e-01
  -1.0259096413285464e-01  -1.0166182587663818e-01  -1.0050385911078788e-01  -9.9120921026106076e-02  -9.7518204620176865e-02  -9.5701836543519145e-02  -9.3678760714206055e-02  -9.1456909429444594e-02  -8.9045653422490018e-02  -8.6456509683325633e-02  -8.3704039871075733e-02  -8.0806822190168368e-02  -7.7788320017766754e-02  -7.4677429011768118e-02  -7.1508474623054957e-02  -6.8320473816215199e-02  -6.5155611916906303e-02  -6.2057103533600742e-02  -5.9066849322727676e-02  -5.6223372545531280e-02  -5.3560354768156758e-02  -5.1105829133220620e-02  -4.8881885677730302e-02  -4.6904713897014075e-02  -4.5184835126295383e-02  -4.3727469706574117e-02  -4.2533029296220395e-02  -4.1597772163544350e-02  -4.0914609998813967e-02  -4.0473963342901140e-02  -4.0264444077748762e-02  -4.0273232233757165e-02  -4.0486254995764817e-02  -4.0888397087317264e-02  -4.1463850970592533e-02  -4.2196559668122843e-02  -4.3070662143776209e-02  -4.4070877559664504e-02  -4.5182800090646888e-02  -4.6393100425012275e-02  -4.7689639955726421e-02  -4.9061510053976562e-02  -5.0499008309131885e-02  -5.1993565282150378e-02  -5.3537632053139481e-02  -5.5124538130401489e-02  -5.6748326138116069e-02  -5.8403567887048549e-02  -6.0085165484927983e-02  -6.1788140263627812e-02  -6.3507419027741679e-02  -6.5237632427248921e-02  -6.6972955838075068e-02  -6.8707031552864284e-02  -7.0433001045756422e-02  -7.2143655758082861e-02  -7.3831656369159698e-02  -7.5489779405230689e-02  -7.7111125173679726e-02  -7.8689280882768761e-02  -8.0218421212481586e-02  -8.1693366230449996e-02  -8.3109596486319520e-02  -8.4463243394418158e-02  -8.5751056743067669e-02  -8.6970360149713891e-02  -8.8118994261646294e-02  -8.9195254493092915e-02  -9.0197821735977415e-02  -9.1125690199604828e-02  -9.1978089929067530e-02  -9.2754406260679406e-02  -9.3454092900134927e-02  -9.4076579221678280e-02  -9.4621167796216779e-02  -9.5086922219493150e-02  -9.5472543294692236e-02  -9.5776239675441868e-02  -9.5995607908320957e-02  -9.6127565372040646e-02  -9.6168428287559199e-02  -9.6114312553184172e-02  -9.5962120229150349e-02  -9.5711317437757210e-02  -9.5366247408289265e-02  -9.4937909718175700e-02  -9.4443951715267066e-02  -9.3906761156251115e-02  -9.3350815898277401e-02  -9.2800409793891536e-02  -9.2278123784338209e-02  -9.1803904190586330e-02  -9.1394526649083582e-02  -9.1063284920474621e-02  -9.0819829442145061e-02  -9.0670121831128075e-02  -9.0616507649801295e-02  -9.0657906144661266e-02  -9.0790130883603812e-02  -9.1006330005525229e-02  -9.1297545476788602e-02  -9.1653355132459965e-02  -9.2062579715844264e-02  -9.2513998126830477e-02  -9.2997046315116988e-02  -9.3502437561688537e-02  -9.4022681996584298e-02  -9.4552447578807736e-02  -9.5088747816323607e-02  -9.5630917291435136e-02  -9.6180380738455973e-02  -9.6740210312673922e-02  -9.7314498180732567e-02  -9.7907558357403307e-02  -9.8522981165260481e-02  -9.9162548006655415e-02  -9.9825023518242129e-02  -1.0050485925025937e-01  -1.0119091373793651e-01  -1.0186541448708812e-01  -1.0250357236399817e-01  -1.0307437859331448e-01  -1.0354294232508625e-01  -1.0387408590863081e-01  -1.0403613571381432e-01  -1.0400365721253062e-01  -1.0375850896723796e-01  -1.0328945323523731e-01
  -1.0553404257475378e-01  -1.0458246219035423e-01  -1.0339879832120548e-01  -1.0198683823435173e-01  -1.0035095118579652e-01  -9.8495707642037564e-02  -9.6425837313925206e-02  -9.4146545692069386e-02  -9.1664208265129610e-02  -8.8987434989649117e-02  -8.6128430189334068e-02  -8.3104472335217477e-02  -7.9939224216945798e-02  -7.6663496070077275e-02  -7.3315088373172299e-02  -6.9937499867944702e-02  -6.6577612410553572e-02  -6.3282845374973015e-02  -6.0098425991247900e-02  -5.7065281335004860e-02  -5.4218706012171047e-02  -5.1587709174173282e-02  -4.9194827826520557e-02  -4.7056230691953624e-02  -4.5181999427502652e-02  -4.3576562852483368e-02  -4.2239311139609298e-02  -4.1165438007155927e-02  -4.0346970878572086e-02  -3.9773785410284354e-02  -3.9434317115626699e-02  -3.9315877490385676e-02  -3.9404776632844841e-02  -3.9686491751147940e-02  -4.0145962864640700e-02  -4.0767959755009769e-02  -4.1537449423297228e-02  -4.2439913734879056e-02  -4.3461598790751926e-02  -4.4589689603268909e-02  -4.5812415343227358e-02  -4.7119090778795947e-02  -4.8500104296165109e-02  -4.9946858759344508e-02  -5.1451674803516187e-02  -5.3007659975708249e-02  -5.4608550569795161e-02  -5.6248525564843888e-02  -5.7921998745151193e-02  -5.9623390507077420e-02  -6.1346896384667497e-02  -6.3086276107733069e-02  -6.4834708733376531e-02  -6.6584758701948257e-02  -6.8328470378004727e-02  -7.0057578581595031e-02  -7.1763766826885886e-02  -7.3438929206040476e-02  -7.5075382117304537e-02  -7.6666023358118410e-02  -7.8204430028860877e-02  -7.9684910857239763e-02  -8.1102519706249612e-02  -8.2453041552440626e-02  -8.3732956688803969e-02  -8.4939389210949276e-02  -8.6070043913221914e-02  -8.7123133890246895e-02  -8.8097302054135532e-02  -8.8991536854546846e-02  -8.9805084766971827e-02  -9.0537358278863070e-02  -9.1187841595325614e-02  -9.1755991906846524e-02  -9.2241139452608381e-02  -9.2642385966755586e-02  -9.2958511328081667e-02  -9.3187900577179072e-02  -9.3328528520836840e-02  -9.3378063126844962e-02  -9.3334209734096701e-02  -9.3195467569390997e-02  -9.2962488435735235e-02  -9.2640005127417574e-02  -9.2238755195807279e-02  -9.1776230674744955e-02  -9.1275461961330392e-02  -9.0762367726866439e-02  -9.0263036200201388e-02  -8.9801777842317132e-02  -8.9399997522584138e-02  -8.9075596077422783e-02  -8.8842657917830220e-02  -8.8711290523433503e-02  -8.8687578233912087e-02  -8.8773642299422556e-02  -8.8967829572053847e-02  -8.9265036295862937e-02  -8.9657182356414650e-02  -9.0133816031051722e-02  -9.0682833494056286e-02  -9.1291257705442455e-02  -9.1946033370450458e-02  -9.2634771834779792e-02  -9.3346403650748283e-02  -9.4071692435773790e-02  -9.4803586549906976e-02  -9.5537390403065192e-02  -9.6270748776887974e-02  -9.7003449425720228e-02  -9.7737051621337584e-02  -9.8474364307335305e-02  -9.9218789625832415e-02  -9.9973558559754469e-02  -1.0074086717564348e-01  -1.0152092991303655e-01  -1.0231095333385387e-01  -1.0310406006606333e-01  -1.0388822168675800e-01  -1.0464536423166189e-01  -1.0535095922986762e-01  -1.0597461018309656e-01  -1.0648212286047862e-01  -1.0683903753827050e-01  -1.0701462555784713e-01  -1.0698485404718532e-01  -1.0673341538403555e-01  -1.0625105786980676e-01
  -1.0821388557598852e-01  -1.0721406901789596e-01  -1.0598063147651225e-01  -1.0451727226108708e-01  -1.0282742474330085e-01  -1.0091391538166231e-01  -9.8779005313283638e-02  -9.6424869723051088e-02  -9.3854585051025272e-02  -9.1073648704364379e-02  -8.8091944556199370e-02  -8.4925871436759032e-02  -8.1600135135165855e-02  -7.8148569082979596e-02  -7.4613464864798015e-02  -7.1043353013227381e-02  -6.7489751782270208e-02  -6.4003764484883666e-02  -6.0633244370237899e-02  -5.7420854435056179e-02  -5.4402954014281801e-02  -5.1609101853124048e-02  -4.9061946433206508e-02  -4.6777357359107208e-02  -4.4764728785735314e-02  -4.3027473475038193e-02  -4.1563774578027832e-02  -4.0367641342204295e-02  -3.9430158935885154e-02  -3.8740611120769083e-02  -3.8287168269819635e-02  -3.8057142153784258e-02  -3.8037081256207958e-02  -3.8212919356190818e-02  -3.8570224080839759e-02  -3.9094494014194528e-02  -3.9771452158442591e-02  -4.0587301524085490e-02  -4.1528929090761169e-02  -4.2584052856710713e-02  -4.3741314254477970e-02  -4.4990318294454254e-02  -4.6321627115907163e-02  -4.7726710383067153e-02  -4.9197857626333753e-02  -5.0728053687325178e-02  -5.2310819880120679e-02  -5.3940019991216948e-02  -5.5609634429906983e-02  -5.7313509884223679e-02  -5.9045107979262039e-02  -6.0797294467829360e-02  -6.2562221882664026e-02  -6.4331353023538387e-02  -6.6095624304128575e-02  -6.7845710605985890e-02  -6.9572319217771572e-02  -7.1266462322969099e-02  -7.2919673498662019e-02  -7.4524161951578113e-02  -7.6072910080667466e-02  -7.7559722868479480e-02  -7.8979240591998817e-02  -8.0326920993558204e-02  -8.1599000242485564e-02  -8.2792434614592098e-02  -8.3904830039159869e-02  -8.4934359648589100e-02  -8.5879675378583417e-02  -8.6739812330456162e-02  -8.7514091370971783e-02  -8.8202017678690708e-02  -8.8803180753249625e-02  -8.9317153668884736e-02  -8.9743399420192022e-02  -9.0081186371501976e-02  -9.0329530845123310e-02  -9.0487186712360418e-02  -9.0552734060888276e-02  -9.0524841139223836e-02  -9.0402832004457340e-02  -9.0187710007828353e-02  -8.9883745220811440e-02  -8.9500420596169084e-02  -8.9053983504266104e-02  -8.8567436244263262e-02  -8.8068463978183048e-02  -8.7586197694878756e-02  -8.7148324125564891e-02  -8.6779288709845942e-02  -8.6499446390043255e-02  -8.6324734814301821e-02  -8.6266576232573527e-02  -8.6331885046134427e-02  -8.6523162490260402e-02  -8.6838698015610671e-02  -8.7272910558445368e-02  -8.7816846130815418e-02  -8.8458834827569471e-02  -8.9185276139251021e-02  -8.9981502612360278e-02  -9.0832651683361104e-02  -9.1724475404909522e-02  -9.2644029372313863e-02  -9.3580199039708822e-02  -9.4524049229475895e-02  -9.5468988774859639e-02  -9.6410764227023341e-02  -9.7347287037693075e-02  -9.8278316913165867e-02  -9.9205010619212747e-02  -1.0012936255274407e-01  -1.0105354881746839e-01  -1.0197919837248028e-01  -1.0290659944058386e-01  -1.0383385858348612e-01  -1.0475602156929267e-01  -1.0566418571047138e-01  -1.0654465549343896e-01  -1.0737826930622682e-01  -1.0814014789223639e-01  -1.0880030212169720e-01  -1.0932559812802008e-01  -1.0968318794558576e-01  -1.0984451806215791e-01  -1.0978827412750473e-01  -1.0950116356383117e-01  -1.0897682245315765e-01
  -1.1060395392706887e-01  -1.0953093013161665e-01  -1.0822432154748907e-01  -1.0668773440916320e-01  -1.0492357075883774e-01  -1.0293274571864652e-01  -1.0071481475856053e-01  -9.8268637731756425e-02  -9.5593724459818147e-02  -9.2692352570968264e-02  -8.9572326152705939e-02  -8.6249897167630901e-02  -8.2751963265085285e-02  -7.9116581903214175e-02  -7.5391302496922497e-02  -7.1629749299977646e-02  -6.7887555628297069e-02  -6.4218730516510114e-02  -6.0673000993032661e-02  -5.7294155153032572e-02  -5.4119155549327343e-02  -5.1177756936782122e-02  -4.8492431223263785e-02  -4.6078491072970601e-02  -4.3944399690124522e-02  -4.2092331028214337e-02  -4.0519088269779659e-02  -3.9217395264488503e-02  -3.8177342023879249e-02  -3.7387557296233227e-02  -3.6835846426684124e-02  -3.6509412677418120e-02  -3.6394947864684848e-02  -3.6478765339117328e-02  -3.6746995500690015e-02  -3.7185813281604987e-02  -3.7781659573238965e-02  -3.8521439131179537e-02  -3.9392680761551079e-02  -4.0383658612615364e-02  -4.1483469487166247e-02  -4.2682070237022404e-02  -4.3970272629577083e-02  -4.5339700403896024e-02  -4.6782704634886069e-02  -4.8292240981596811e-02  -4.9861701825842486e-02  -5.1484707314371062e-02  -5.3154851605525306e-02  -5.4865426676873871e-02  -5.6609150050020984e-02  -5.8377964178712827e-02  -6.0162963306942895e-02  -6.1954486267978864e-02  -6.3742351768521152e-02  -6.5516172275147236e-02  -6.7265678411788044e-02  -6.8980999738591856e-02  -7.0652884685265482e-02  -7.2272854327273053e-02  -7.3833300317090345e-02  -7.5327534584915271e-02  -7.6749801772740892e-02  -7.8095260181216500e-02  -7.9359937944319864e-02  -8.0540669008403051e-02  -8.1635013570898363e-02  -8.2641166650734607e-02  -8.3557858253106049e-02  -8.4384248431000675e-02  -8.5119819723156798e-02  -8.5764270075936899e-02  -8.6317408674397050e-02  -8.6779059195682004e-02  -8.7148975910365967e-02  -8.7426783740870179e-02  -8.7611959725613184e-02  -8.7703888350106632e-02  -8.7702043007894137e-02  -8.7606378014405795e-02  -8.7418046658429338e-02  -8.7140567566099239e-02  -8.6781463935405923e-02  -8.6354094724082064e-02  -8.5878893200721160e-02  -8.5382956096428930e-02  -8.4897573085753894e-02  -8.4454630061562272e-02  -8.4083441724095931e-02  -8.3808853250632684e-02  -8.3650464895089149e-02  -8.3622482259864087e-02  -8.3733819522505665e-02  -8.3988301261304202e-02  -8.4384943787527103e-02  -8.4918349732531886e-02  -8.5579253920185810e-02  -8.6355232478991503e-02  -8.7231557262447884e-02  -8.8192136108226557e-02  -8.9220466208854474e-02  -9.0300510722750721e-02  -9.1417439125620253e-02  -9.2558183954460888e-02  -9.3711808417288267e-02  -9.4869685187438837e-02  -9.6025508668331094e-02  -9.7175154517280191e-02  -9.8316408150460249e-02  -9.9448574999313116e-02  -1.0057199071865286e-01  -1.0168744493539118e-01  -1.0279553586913104e-01  -1.0389596988374039e-01  -1.0498682156835007e-01  -1.0606376911853307e-01  -1.0711932553497933e-01  -1.0814209712375697e-01  -1.0911613005937947e-01  -1.1002046357265013e-01  -1.1082912275341535e-01  -1.1151193737706724e-01  -1.1203665730365206e-01  -1.1237246046411892e-01  -1.1249394767239602e-01  -1.1238381730208599e-01  -1.1203306796253902e-01  -1.1143922760518393e-01
  -1.1267294735502745e-01  -1.1150366813640182e-01  -1.1010208266960139e-01  -1.0847172713909588e-01  -1.0661392057398013e-01  -1.0452755224154869e-01  -1.0220929419686728e-01  -9.9654475850554244e-02  -9.6858880615294213e-02  -9.3821651258363906e-02  -9.0549063524451412e-02  -8.7058305129128530e-02  -8.3379791481586543e-02  -7.9556799248793900e-02  -7.5642372638088567e-02  -7.1694739488873671e-02  -6.7772802747174010e-02  -6.3932628871588792e-02  -6.0225136304771457e-02  -5.6694737460212238e-02  -5.3378631946385383e-02  -5.0306483063195927e-02  -4.7500332638223106e-02  -4.4974688530682601e-02  -4.2736834967236972e-02  -4.0787481788377052e-02  -3.9121886956229694e-02  -3.7731395902616482e-02  -3.6605039191067737e-02  -3.5730716580356675e-02  -3.5095792920445221e-02  -3.4687310947149400e-02  -3.4492078756930500e-02  -3.4496772365093714e-02  -3.4688069410540076e-02  -3.5052804996892895e-02  -3.5578125920679007e-02  -3.6251635127289794e-02  -3.7061512861756296e-02  -3.7996613398587897e-02  -3.9046529229137469e-02  -4.0201624379787006e-02  -4.1453029809872768e-02  -4.2792603252718678e-02  -4.4212844705787679e-02  -4.5706768383061883e-02  -4.7267719453365671e-02  -4.8889138876569815e-02  -5.0564274381609882e-02  -5.2285869291039316e-02  -5.4045877971589329e-02  -5.5835285578789098e-02  -5.7644097132442090e-02  -5.9461507148350717e-02  -6.1276207614498777e-02  -6.3076746728544963e-02  -6.4851875179766053e-02  -6.6590835202155960e-02  -6.8283583698958761e-02  -6.9920949701061677e-02  -7.1494736110974580e-02  -7.2997773724810644e-02  -7.4423934754281509e-02  -7.5768113018749278e-02  -7.7026175630511479e-02  -7.8194892465175816e-02  -7.9271847008835272e-02  -8.0255335043143181e-02  -8.1144253867674473e-02  -8.1937988113329224e-02  -8.2636294108209718e-02  -8.3239188853264770e-02  -8.3746845813573167e-02  -8.4159505550784705e-02  -8.4477407184469500e-02  -8.4700756459968343e-02  -8.4829749207101166e-02  -8.4864687262207208e-02  -8.4806237013280689e-02  -8.4655909589061523e-02  -8.4416852931722824e-02  -8.4095035973108329e-02  -8.3700788981542845e-02  -8.3250402896025685e-02  -8.2767091353192657e-02  -8.2280437739648410e-02  -8.1823944289473122e-02  -8.1431409082255518e-02  -8.1133531969803566e-02  -8.0955720280636898e-02  -8.0917153897284266e-02  -8.1030654283881023e-02  -8.1302935106485300e-02  -8.1735011127418655e-02  -8.2322719851179713e-02  -8.3057364133498457e-02  -8.3926507667684780e-02  -8.4914902901237904e-02  -8.6005514667781044e-02  -8.7180546077348445e-02  -8.8422393100534930e-02  -8.9714443988494291e-02  -9.1041693757842740e-02  -9.2391151996953746e-02  -9.3752064048958403e-02  -9.5115959517985321e-02  -9.6476556793789678e-02  -9.7829539549521491e-02  -9.9172224246679375e-02  -1.0050313116997918e-01  -1.0182147259757740e-01  -1.0312657181314669e-01  -1.0441722590440586e-01  -1.0569102845746670e-01  -1.0694366641697640e-01  -1.0816821207635137e-01  -1.0935443372168847e-01  -1.1048816665235436e-01  -1.1155081225030168e-01  -1.1251909498242094e-01  -1.1336531472527085e-01  -1.1405848166065932e-01  -1.1456678415330357e-01  -1.1486142464825019e-01  -1.1492072870111865e-01  -1.1473243419727483e-01  -1.1429297286624708e-01  -1.1360471019982606e-01
  -1.1438664273846129e-01  -1.1310093004014811e-01  -1.1158496374797540e-01  -1.0984226313052467e-01  -1.0787307624664719e-01  -1.0567423947754719e-01  -1.0323947313730492e-01  -1.0056049865552233e-01  -9.7629413221154732e-02  -9.4442605886499345e-02  -9.1005743370780712e-02  -8.7338277635995512e-02  -8.3475336041756318e-02  -7.9465874015128057e-02  -7.5368037285217918e-02  -7.1243771436245579e-02  -6.7154303383802280e-02  -6.3156992349125612e-02  -5.9303399009821373e-02  -5.5638179038828818e-02  -5.2198484703391043e-02  -4.9013646786738051e-02  -4.6105037330152074e-02  -4.3486103978456189e-02  -4.1162687055875308e-02  -3.9133797230724923e-02  -3.7392979719741051e-02  -3.5930104158949504e-02  -3.4733078371958270e-02  -3.3789029203720337e-02  -3.3084871872808168e-02  -3.2607515038232476e-02  -3.2343925222259526e-02  -3.2281177388234515e-02  -3.2406519452821247e-02  -3.2707457428259895e-02  -3.3171849260557135e-02  -3.3788001598566417e-02  -3.4544758277877965e-02  -3.5431576029785257e-02  -3.6438578473513034e-02  -3.7556585462994847e-02  -3.8777109700741247e-02  -4.0092316657987015e-02  -4.1494937640782173e-02  -4.2978128938098659e-02  -4.4535265828820114e-02  -4.6159667336009735e-02  -4.7844264429641389e-02  -4.9581247408969874e-02  -5.1361778073351419e-02  -5.3175845387164883e-02  -5.5012336226401906e-02  -5.6859288400338638e-02  -5.8704262883310286e-02  -6.0534738998647947e-02  -6.2338476745961283e-02  -6.4103815374075723e-02  -6.5819904027763554e-02  -6.7476868991324684e-02  -6.9065923921020470e-02  -7.0579430631509482e-02  -7.2010916141748899e-02  -7.3355052067902021e-02  -7.4607601678857424e-02  -7.5765340947134316e-02  -7.6825959616294834e-02  -7.7787948112186117e-02  -7.8650476398401142e-02  -7.9413269817990864e-02  -8.0076487725388473e-02  -8.0640609314875655e-02  -8.1106333436876843e-02  -8.1474498416583038e-02  -8.1746033388441386e-02  -8.1921954284636209e-02  -8.2003428949459070e-02  -8.1991942414934127e-02  -8.1889612429884143e-02  -8.1699713183628592e-02  -8.1427475177750605e-02  -8.1081189970394513e-02  -8.0673553524699501e-02  -8.0222959427516533e-02  -7.9754193791539432e-02  -7.9297848276787333e-02  -7.8888131083313648e-02  -7.8559522496920192e-02  -7.8343384632762428e-02  -7.8265484140626479e-02  -7.8344746170549484e-02  -7.8592968723862788e-02  -7.9015119995603136e-02  -7.9609928095267984e-02  -8.0370656924685396e-02  -8.1286018994008308e-02  -8.2341214450325731e-02  -8.3519041296869184e-02  -8.4801010516886474e-02  -8.6168380291992613e-02  -8.7603038864541335e-02  -8.9088195600110762e-02  -9.0608862828324047e-02  -9.2152145498706178e-02  -9.3707352150479817e-02  -9.5265961492274065e-02  -9.6821456472131001e-02  -9.8369054052397653e-02  -9.9905334413856614e-02  -1.0142779177001499e-01  -1.0293430829711833e-01  -1.0442257255441290e-01  -1.0588944661949733e-01  -1.0733030544942415e-01  -1.0873835826937975e-01  -1.1010398168577804e-01  -1.1141408878735030e-01  -1.1265158777089293e-01  -1.1379500549657502e-01  -1.1481842570538882e-01  -1.1569199899898236e-01  -1.1638344064703977e-01  -1.1686097338707245e-01  -1.1709768036922075e-01  -1.1707587580674481e-01  -1.1678897740818828e-01  -1.1623963371225804e-01  -1.1543572316712961e-01
  -1.1571018955383655e-01  -1.1429145007204906e-01  -1.1264475052403941e-01  -1.1077366819091301e-01  -1.0867746838811788e-01  -1.0635102674435595e-01  -1.0378520764529131e-01  -1.0096826585899553e-01  -9.7888946032068672e-02  -9.4541624541554847e-02  -9.0932571003225215e-02  -8.7084797855172077e-02  -8.3038850219145546e-02  -7.8849142149996845e-02  -7.4578043294205795e-02  -7.0290190413190970e-02  -6.6048276499316230e-02  -6.1910346183175119e-02  -5.7928195180128428e-02  -5.4146439190561002e-02  -5.0601955248065239e-02  -4.7323519737175308e-02  -4.4331585057778393e-02  -4.1638252491952549e-02  -3.9247618967743189e-02  -3.7156739066968605e-02  -3.5357276648440378e-02  -3.3837543331309408e-02  -3.2584305139350560e-02  -3.1583953146537613e-02  -3.0823040825664602e-02  -3.0288451730555443e-02  -2.9967411297598459e-02  -2.9847468302976923e-02  -2.9916488414244085e-02  -3.0162674634441194e-02  -3.0574609076629476e-02  -3.1141310622525110e-02  -3.1852297047450559e-02  -3.2697644938200279e-02  -3.3668037026724031e-02  -3.4754790448484348e-02  -3.5949854950222890e-02  -3.7245772426711274e-02  -3.8635583658458220e-02  -4.0112668169585655e-02  -4.1670503828758643e-02  -4.3302338683213232e-02  -4.5000803530018348e-02  -4.6757518430470379e-02  -4.8562815861056416e-02  -5.0405656708391970e-02  -5.2273791170791381e-02  -5.4154094282750739e-02  -5.6032989557989098e-02  -5.7896872511914124e-02  -5.9732487153141722e-02  -6.1527239270764089e-02  -6.3269441852066954e-02  -6.4948498690687792e-02  -6.6555028576567379e-02  -6.8080936651064558e-02  -6.9519435663664780e-02  -7.0865024404806340e-02  -7.2113428502291604e-02  -7.3261511718263714e-02  -7.4307164541742743e-02  -7.5249178408899761e-02  -7.6087112522941078e-02  -7.6821160223712076e-02  -7.7452021568685192e-02  -7.7980788094503664e-02  -7.8408847285438218e-02  -7.8737814023010499e-02  -7.8969501150019772e-02  -7.9105942728334558e-02  -7.9149493267398688e-02  -7.9103029996191052e-02  -7.8970298997731378e-02  -7.8756445007553647e-02  -7.8468764249514183e-02  -7.8117673027885318e-02  -7.7717805131386528e-02  -7.7288983400528866e-02  -7.6856652352079266e-02  -7.6451276054745929e-02  -7.6106461220714947e-02  -7.5856056485053322e-02  -7.5731015181550870e-02  -7.5756830994245322e-02  -7.5952019794275849e-02  -7.6327600707181684e-02  -7.6887327538287295e-02  -7.7628374834469424e-02  -7.8542307903996994e-02  -7.9616212270161177e-02  -8.0833907306020372e-02  -8.2177160657763620e-02  -8.3626821591636355e-02  -8.5163810561626682e-02  -8.6769912535507171e-02  -8.8428369081516925e-02  -9.0124261682205678e-02  -9.1844720452273182e-02  -9.3578967657666240e-02  -9.5318234337679608e-02  -9.7055554944966108e-02  -9.8785469410729590e-02  -1.0050363138385322e-01  -1.0220634602545640e-01  -1.0389003575256725e-01  -1.0555065668552482e-01  -1.0718306813362434e-01  -1.0878038088697334e-01  -1.1033329447050264e-01  -1.1182945812233186e-01  -1.1325288382502641e-01  -1.1458347541540706e-01  -1.1579676142781453e-01  -1.1686400475091022e-01  -1.1775297726199467e-01  -1.1842985858298728e-01  -1.1886273118047688e-01  -1.1902653685157762e-01  -1.1890774918013736e-01  -1.1850576338986432e-01  -1.1782975599846758e-01  -1.1689335136350734e-01
  -1.1661063164377936e-01  -1.1504630062051580e-01  -1.1325603119217915e-01  -1.1124353888406380e-01  -1.0900727141623236e-01  -1.0654037988851175e-01  -1.0383118371650750e-01  -1.0086490476893212e-01  -9.7627624210341282e-02  -9.4112772865454858e-02  -9.0328502278331460e-02  -8.6302294742113705e-02  -8.2080128147327513e-02  -7.7721090151312747e-02  -7.3290695626366018e-02  -6.8855320034351714e-02  -6.4478439814112151e-02  -6.0218339509539309e-02  -5.6126758317941186e-02  -5.2248054124976344e-02  -4.8618624694148099e-02  -4.5266456000188693e-02  -4.2210788143372008e-02  -3.9462031037337017e-02  -3.7022191392649534e-02  -3.4886095723419622e-02  -3.3043384656931712e-02  -3.1480799049505931e-02  -3.0184053144645680e-02  -2.9138960126906595e-02  -2.8331898177198653e-02  -2.7749900579844528e-02  -2.7380590369485720e-02  -2.7212086130223745e-02  -2.7232929813068803e-02  -2.7432052026081767e-02  -2.7798772266730519e-02  -2.8322826168575455e-02  -2.8994409276722231e-02  -2.9804227275265043e-02  -3.0743541545492428e-02  -3.1804199485376279e-02  -3.2978636691846558e-02  -3.4259835770981663e-02  -3.5641223271907330e-02  -3.7116481588621679e-02  -3.8679259909582452e-02  -4.0322776730761248e-02  -4.2039366432006807e-02  -4.3820054182326387e-02  -4.5654308650708159e-02  -4.7530042743220695e-02  -4.9433865118022412e-02  -5.1351484791924099e-02  -5.3268172013189112e-02  -5.5169204881829151e-02  -5.7040265615349126e-02  -5.8867776382200934e-02  -6.0639169872995786e-02  -6.2343097200117145e-02  -6.3969571844798068e-02  -6.5510053758159520e-02  -6.6957475909820902e-02  -6.8306220396999545e-02  -6.9552050542216109e-02  -7.0692009207719675e-02  -7.1724292247643470e-02  -7.2648107354429003e-02  -7.3463527002693083e-02  -7.4171344275418521e-02  -7.4772939010359821e-02  -7.5270161607151970e-02  -7.5665242133173896e-02  -7.5960733046704004e-02  -7.6159496705139315e-02  -7.6264751060904995e-02  -7.6280192942777214e-02  -7.6210221307802681e-02  -7.6060288943965507e-02  -7.5837406381034062e-02  -7.5550811151391589e-02  -7.5212772817036880e-02  -7.4839436907434234e-02  -7.4451497448452725e-02  -7.4074391770813833e-02  -7.3737678735854253e-02  -7.3473433373255251e-02  -7.3313810438516966e-02  -7.3288303037301952e-02  -7.3421323945024722e-02  -7.3730584736479671e-02  -7.4226393168421459e-02  -7.4911757906231002e-02  -7.5783065568617136e-02  -7.6831120906128259e-02  -7.8042374496495731e-02  -7.9400206013839000e-02  -8.0886160773200100e-02  -8.2481055178320828e-02  -8.4165906765069576e-02  -8.5922654821378425e-02  -8.7734680947382127e-02  -8.9587132978661749e-02  -9.1467085287345068e-02  -9.3363547706854191e-02  -9.5267354574728291e-02  -9.7170940694075308e-02  -9.9068027616038723e-02  -1.0095322199240825e-01  -1.0282154477485822e-01  -1.0466789254704498e-01  -1.0648645014500095e-01  -1.0827005986328737e-01  -1.1000957159041727e-01  -1.1169318816545164e-01  -1.1330584314198064e-01  -1.1482864696720899e-01  -1.1623847612987340e-01  -1.1750781020810167e-01  -1.1860502031388871e-01  -1.1949543623077322e-01  -1.2014370111345719e-01  -1.2051787854817841e-01  -1.2059501673663461e-01  -1.2036599202270504e-01  -1.1983623250725631e-01  -1.1902126656372423e-01  -1.1794018409645271e-01
  -1.1705935117791275e-01  -1.1534109012448393e-01  -1.1339821917303117e-01  -1.1123466432158914e-01  -1.0884829062241536e-01  -1.0623091607399557e-01  -1.0336887396580718e-01  -1.0024512211439231e-01  -9.6844111375447142e-02  -9.3159560848595419e-02  -8.9202541858059189e-02  -8.5005291903656632e-02  -8.0618612952858409e-02  -7.6105187559671439e-02  -7.1532632088657594e-02  -6.6968286729208570e-02  -6.2475910649503266e-02  -5.8113713915143556e-02  -5.3933162566955545e-02  -4.9978165245499188e-02  -4.6284420722610894e-02  -4.2878835849803766e-02  -3.9779066022236451e-02  -3.6993403310600477e-02  -3.4521373535637639e-02  -3.2355331535452656e-02  -3.0482855975950560e-02  -2.8889253717745395e-02  -2.7559430287547926e-02  -2.6478902113103588e-02  -2.5634134991320098e-02  -2.5012525178160758e-02  -2.4602246734171229e-02  -2.4392087429563721e-02  -2.4371321523088706e-02  -2.4529632704056094e-02  -2.4857083542175910e-02  -2.5344122481848974e-02  -2.5981616766408658e-02  -2.6760899844342163e-02  -2.7673820782812580e-02  -2.8712781836156130e-02  -2.9870747456127597e-02  -3.1141203032326099e-02  -3.2518037388770037e-02  -3.3995315355854962e-02  -3.5566921382309130e-02  -3.7226075185903998e-02  -3.8964807455853040e-02  -4.0773523189840899e-02  -4.2640811221263550e-02  -4.4553536833094154e-02  -4.6497171270047905e-02  -4.8456246042074866e-02  -5.0414842534090523e-02  -5.2357063180317576e-02  -5.4267457054423138e-02  -5.6131390577297352e-02  -5.7935354794153460e-02  -5.9667206039508175e-02  -6.1316335665107372e-02  -6.2873769494312212e-02  -6.4332199152304370e-02  -6.5685952979410420e-02  -6.6930915908931354e-02  -6.8064410347815185e-02  -6.9085050249752589e-02  -6.9992580824635234e-02  -7.0787715044636296e-02  -7.1471976701158707e-02  -7.2047558993973915e-02  -7.2517206130065778e-02  -7.2884126042441919e-02  -7.3151941792282821e-02  -7.3324692086981461e-02  -7.3406891864036400e-02  -7.3403668509549519e-02  -7.3320989017130633e-02  -7.3165995899365205e-02  -7.2947460336113434e-02  -7.2676347812700617e-02  -7.2366452675887552e-02  -7.2035008162925782e-02  -7.1703101837819166e-02  -7.1395676341694692e-02  -7.1140888834406155e-02  -7.0968726846963051e-02  -7.0908984425935906e-02  -7.0988955630270176e-02  -7.1231304526018197e-02  -7.1652518852684949e-02  -7.2262135503357638e-02  -7.3062725585204755e-02  -7.4050480079042455e-02  -7.5216197657655276e-02  -7.6546484826294212e-02  -7.8025009799340919e-02  -7.9633697675179110e-02  -8.1353782560924709e-02  -8.3166679559817214e-02  -8.5054653309247413e-02  -8.7001294744425015e-02  -8.8991813880265433e-02  -9.1013176963004039e-02  -9.3054101299437655e-02  -9.5104933441483214e-02  -9.7157419199727160e-02  -9.9204384278181929e-02  -1.0123932944869227e-01  -1.0325595543047197e-01  -1.0524762110529215e-01  -1.0720675146290597e-01  -1.0912420315868375e-01  -1.1098861070289279e-01  -1.1278573210445092e-01  -1.1449783397951643e-01  -1.1610316233977001e-01  -1.1757558655951866e-01  -1.1888454697824728e-01  -1.1999554593505835e-01  -1.2087156178961778e-01  -1.2147593683130516e-01  -1.2177715105053442e-01  -1.2175490292192814e-01  -1.2140482194801977e-01  -1.2073822192648392e-01  -1.1977636683499492e-01  -1.1854306024085497e-01
  -1.1703419097768515e-01  -1.1515788244481349e-01  -1.1305732842988370e-01  -1.1073672000985993e-01  -1.0819363032590015e-01  -1.0541907971336366e-01  -1.0239821768797010e-01  -9.9112817843502399e-02  -9.5546975554009067e-02  -9.1695874298684699e-02  -8.7574074067643004e-02  -8.3218221645514984e-02  -7.8682939996154236e-02  -7.4033388760927049e-02  -6.9338403396345644e-02  -6.4665705923368691e-02  -6.0078981679034443e-02  -5.5636135774040960e-02  -5.1388174400697179e-02  -4.7378348668674339e-02  -4.3641377074261356e-02  -4.0202698744586499e-02  -3.7077896515109537e-02  -3.4272638063870126e-02  -3.1783592721113682e-02  -2.9600531019091519e-02  -2.7709133577274767e-02  -2.6093616357870969e-02  -2.4738475499047244e-02  -2.3629300095822335e-02  -2.2752941887333122e-02  -2.2097378785461939e-02  -2.1651481847625022e-02  -2.1404795795183600e-02  -2.1347370858974455e-02  -2.1469656961666299e-02  -2.1762453025071436e-02  -2.2216903358927551e-02  -2.2824527543656971e-02  -2.3577273157822654e-02  -2.4467575187957322e-02  -2.5488407423667508e-02  -2.6633302156966500e-02  -2.7896310227856422e-02  -2.9271861803553081e-02  -3.0754483853280334e-02  -3.2338352709650853e-02  -3.4016708273114420e-02  -3.5781269338729105e-02  -3.7621812499801337e-02  -3.9526056199526274e-02  -4.1479836073519030e-02  -4.3467490120927016e-02  -4.5472344808460588e-02  -4.7477230779972728e-02  -4.9464986629908697e-02  -5.1418928301129929e-02  -5.3323269305095344e-02  -5.5163478040365872e-02  -5.6926561447310967e-02  -5.8601266007007338e-02  -6.0178194119559422e-02  -6.1649838597388762e-02  -6.3010544547126263e-02  -6.4256411102782227e-02  -6.5385148936886364e-02  -6.6395909306727952e-02  -6.7289099914643186e-02  -6.8066200938554616e-02  -6.8729592733411823e-02  -6.9282404564638786e-02  -6.9728392236578007e-02  -7.0071851908084848e-02  -7.0317576974231466e-02  -7.0470866041960400e-02  -7.0537590437137282e-02  -7.0524331589415054e-02  -7.0438597424286431e-02  -7.0289125316387674e-02  -7.0086269235949947e-02  -6.9842453847939384e-02  -6.9572647512706448e-02  -6.9294769372886811e-02  -6.9029898452903984e-02  -6.8802128957303837e-02  -6.8637925425565530e-02  -6.8564922531165501e-02  -6.8610250995812333e-02  -6.8798639392528574e-02  -6.9150622065071554e-02  -6.9681175303111853e-02  -7.0398967112604252e-02  -7.1306262117182176e-02  -7.2399383999498676e-02  -7.3669578182999101e-02  -7.5104097500577782e-02  -7.6687357666591099e-02  -7.8402045920128241e-02  -8.0230103198680527e-02  -8.2153539596161396e-02  -8.4155063705655550e-02  -8.6218532196339223e-02  -8.8329228616144700e-02  -9.0473992931173919e-02  -9.2641215630005186e-02  -9.4820716458303839e-02  -9.7003517364002978e-02  -9.9181524652608447e-02  -1.0134712600852568e-01  -1.0349271464745965e-01  -1.0561014571656208e-01  -1.0769013886277612e-01  -1.0972163673706392e-01  -1.1169114180803495e-01  -1.1358205471956614e-01  -1.1537405863017090e-01  -1.1704260832794788e-01  -1.1855862999804230e-01  -1.1988859574866179e-01  -1.2099526198565327e-01  -1.2183951109260195e-01  -1.2238386982644037e-01  -1.2259797320116632e-01  -1.2246495215203140e-01  -1.2198555623982978e-01  -1.2117659427439154e-01  -1.2006407909620939e-01  -1.1867541832151413e-01
  -1.1652104698321752e-01  -1.1448664618594787e-01  -1.1222731119471278e-01  -1.0974753696954628e-01  -1.0704493123927293e-01  -1.0411035645634537e-01  -1.0092876588296086e-01  -9.7482040655475943e-02  -9.3755274381479251e-02  -8.9746043582331361e-02  -8.5472445089876212e-02  -8.0974735652615509e-02  -7.6310214912371166e-02  -7.1545508990477041e-02  -6.6749972201222099e-02  -6.1991278630807570e-02  -5.7332775028643493e-02  -5.2831864680751767e-02  -4.8538888069838776e-02  -4.4496160787830738e-02  -4.0737023210403664e-02  -3.7284913844946886e-02  -3.4152734366379577e-02  -3.1343006368236906e-02  -2.8849312368232710e-02  -2.6658995639708083e-02  -2.4756283652685437e-02  -2.3124845137815625e-02  -2.1749267470971917e-02  -2.0615611936000526e-02  -1.9711406717465588e-02  -1.9025407507815444e-02  -1.8547303715418809e-02  -1.8267462039415545e-02  -1.8176732759796005e-02  -1.8266327603780989e-02  -1.8527759042586821e-02  -1.8952835117941366e-02  -1.9533694195341296e-02  -2.0262870885005606e-02  -2.1133373594058286e-02  -2.2138757834447395e-02  -2.3273162051102476e-02  -2.4531268971124093e-02  -2.5908133234622870e-02  -2.7398820946503866e-02  -2.8997846538083766e-02  -3.0698483592257408e-02  -3.2492143358279116e-02  -3.4367996779722153e-02  -3.6312931091814382e-02  -3.8311781345485116e-02  -4.0347746808880723e-02  -4.2402897655505326e-02  -4.4458721231279794e-02  -4.6496671622845515e-02  -4.8498700301282241e-02  -5.0447743815809160e-02  -5.2328146472215536e-02  -5.4125997433004211e-02  -5.5829369198225662e-02  -5.7428451872040799e-02  -5.8915587525903160e-02  -6.0285216514376731e-02  -6.1533753739390011e-02  -6.2659414805733699e-02  -6.3662012760476075e-02  -6.4542743991560042e-02  -6.5303979369249379e-02  -6.5949072946156706e-02  -6.6482198333483497e-02  -6.6908219897770349e-02  -6.7232605068111281e-02  -6.7461382690870417e-02  -6.7601153026362118e-02  -6.7659154372207514e-02  -6.7643391806679387e-02  -6.7562831131288387e-02  -6.7427657691344248e-02  -6.7249590087023262e-02  -6.7042224931306585e-02  -6.6821365734555577e-02  -6.6605263410553200e-02  -6.6414668805821211e-02  -6.6272589131264506e-02  -6.6203657919890760e-02  -6.6233094348315966e-02  -6.6385321779346709e-02  -6.6682425563693637e-02  -6.7142688243674115e-02  -6.7779443338770090e-02  -6.8600406346767409e-02  -6.9607541061221315e-02  -7.0797406398253937e-02  -7.2161870284028498e-02  -7.3689043667812204e-02  -7.5364301813894183e-02  -7.7171281687811843e-02  -7.9092781206470647e-02  -8.1111515144447449e-02  -8.3210708814795281e-02  -8.5374527336826114e-02  -8.7588348452357162e-02  -8.9838892475518545e-02  -9.2114223073865478e-02  -9.4403633208505713e-02  -9.6697427201909936e-02  -9.8986609675589282e-02  -1.0126248873215660e-01  -1.0351620200014466e-01  -1.0573817243008948e-01  -1.0791750463862806e-01  -1.1004133375713000e-01  -1.1209414766482015e-01  -1.1405711139499458e-01  -1.1590744350437289e-01  -1.1761792032341821e-01  -1.1915663904784074e-01  -1.2048725045758996e-01  -1.2157001184783227e-01  -1.2236416262019748e-01  -1.2283217076234443e-01  -1.2294583091162221e-01  -1.2269258706191186e-01  -1.2207850891019104e-01  -1.2112519342026676e-01  -1.1986213351856363e-01  -1.1831904602060939e-01
  -1.1551482809808841e-01  -1.1332610815137639e-01  -1.1091081952186883e-01  -1.0827379345080594e-01  -1.0541300832162427e-01  -1.0231984940592236e-01  -9.8980131801605725e-02  -9.5377184687948216e-02  -9.1498358790209094e-02  -8.7344235270426451e-02  -8.2936101682843572e-02  -7.8316806099387626e-02  -7.3545207893915027e-02  -6.8688540479942065e-02  -6.3816126382701149e-02  -5.8995257070382071e-02  -5.4288710246695286e-02  -4.9753168207427444e-02  -4.5438022262471574e-02  -4.1384244070580216e-02  -3.7623227573896051e-02  -3.4175718486554416e-02  -3.1051276570751192e-02  -2.8248905735053689e-02  -2.5759208211612775e-02  -2.3567629929923867e-02  -2.1657653753465969e-02  -2.0013064231096327e-02  -1.8619059175798591e-02  -1.7462540407376465e-02  -1.6531958284842850e-02  -1.5816999843292642e-02  -1.5308259073865804e-02  -1.4996961818077040e-02  -1.4874760104338039e-02  -1.4933603938636297e-02  -1.5165679427194489e-02  -1.5563409592215742e-02  -1.6119502623597549e-02  -1.6827039937471706e-02  -1.7679582160817942e-02  -1.8671273422275293e-02  -1.9796900171930115e-02  -2.1051849564503074e-02  -2.2431886044916957e-02  -2.3932683232223972e-02  -2.5549129548579713e-02  -2.7274552078991814e-02  -2.9100090488107390e-02  -3.1014370656262398e-02  -3.3003510707391583e-02  -3.5051377423677602e-02  -3.7140011004224302e-02  -3.9250148731376396e-02  -4.1361809826225449e-02  -4.3454908845016516e-02  -4.5509868430864020e-02  -4.7508195399684996e-02  -4.9432986144399817e-02  -5.1269330033224973e-02  -5.3004590882995611e-02  -5.4628558838691568e-02  -5.6133479350943073e-02  -5.7513975696527442e-02  -5.8766889384668695e-02  -5.9891064939797317e-02  -6.0887105615337653e-02  -6.1757122232567865e-02  -6.2504494003377001e-02  -6.3133654618917248e-02  -6.3649913564553240e-02  -6.4059318531304685e-02  -6.4368563618355495e-02  -6.4584945733915211e-02  -6.4716371893472818e-02  -6.4771418586381690e-02  -6.4759444423692802e-02  -6.4690753905295342e-02  -6.4576806563860362e-02  -6.4430456655054813e-02  -6.4266197609927606e-02  -6.4100368490564552e-02  -6.3951263611815010e-02  -6.3839072171587311e-02  -6.3785575320304697e-02  -6.3813547493874301e-02  -6.3945857784948351e-02  -6.4204332507222961e-02  -6.4608510966991856e-02  -6.5174467629195362e-02  -6.5913877379933150e-02  -6.6833449431797948e-02  -6.7934785410642559e-02  -6.9214635372502206e-02  -7.0665472695713771e-02  -7.2276275294623660e-02  -7.4033403543607254e-02  -7.5921477810440965e-02  -7.7924186922740779e-02  -8.0024981294148131e-02  -8.2207628528462556e-02  -8.4456623228609473e-02  -8.6757454656197719e-02  -8.9096740037195088e-02  -9.1462234744627294e-02  -9.3842729558230559e-02  -9.6227845040826404e-02  -9.8607731021481682e-02  -1.0097267856165019e-01  -1.0331265064231618e-01  -1.0561673836017918e-01  -1.0787255103665777e-01  -1.1006555273716773e-01  -1.1217836581677745e-01  -1.1419007527469990e-01  -1.1607559244134966e-01  -1.1780517525973377e-01  -1.1934427219733675e-01  -1.2065396069556369e-01  -1.2169240784803124e-01  -1.2241790226656159e-01  -1.2279388554157414e-01  -1.2279548241227835e-01  -1.2241521277410591e-01  -1.2166430261767658e-01  -1.2056808827270596e-01  -1.1915812829020839e-01  -1.1746514647064217e-01
  -1.1401973396476610e-01  -1.1168394832474203e-01  -1.0911930723754036e-01  -1.0633101861704732e-01  -1.0331775303613314e-01  -1.0007206192163455e-01  -9.6581607242789913e-02  -9.2832370085195126e-02  -8.8814987935595238e-02  -8.4533379936058584e-02  -8.0011481364584816e-02  -7.5293699167894163e-02  -7.0439447790556720e-02  -6.5515840871245540e-02  -6.0591707768162750e-02  -5.5733653700299951e-02  -5.1003628586265864e-02  -4.6457288811856276e-02  -4.2142648459915125e-02  -3.8098736122730639e-02  -3.4354240803599070e-02  -3.0926440502416164e-02  -2.7821037644941718e-02  -2.5033541194135214e-02  -2.2552159149044668e-02  -2.0361318795245373e-02  -1.8444610044780013e-02  -1.6786590535790277e-02  -1.5373521179100534e-02  -1.4193436610267805e-02  -1.3235890411022508e-02  -1.2491604162615397e-02  -1.1952125649014420e-02  -1.1609548751135922e-02  -1.1456307019805767e-02  -1.1485046304774579e-02  -1.1688569500851613e-02  -1.2059850091331752e-02  -1.2592103271537120e-02  -1.3278905673512378e-02  -1.4114343121095593e-02  -1.5093156517403339e-02  -1.6210829700374053e-02  -1.7463532327839183e-02  -1.8847818741233452e-02  -2.0360023799124299e-02  -2.1995442534383333e-02  -2.3747499029704466e-02  -2.5607138303578345e-02  -2.7562538244025138e-02  -2.9599128199067196e-02  -3.1699837094141647e-02  -3.3845510295191034e-02  -3.6015450048525466e-02  -3.8188051608300022e-02  -4.0341501098664037e-02  -4.2454494438589979e-02  -4.4506926568888716e-02  -4.6480499901946762e-02  -4.8359207646355373e-02  -5.0129664529569774e-02  -5.1781275023454330e-02  -5.3306249313555841e-02  -5.4699490452740224e-02  -5.5958386417050712e-02  -5.7082541314624993e-02  -5.8073479499707606e-02  -5.8934349309490611e-02  -5.9669648156678252e-02  -6.0284982176017285e-02  -6.0786870224765976e-02  -6.1182595737554100e-02  -6.1480109099989924e-02  -6.1687979469518865e-02  -6.1815396042635258e-02  -6.1872215828482707e-02  -6.1869055739853851e-02  -6.1817422312293570e-02  -6.1729870234960182e-02  -6.1620172199283924e-02  -6.1503475644538383e-02  -6.1396409150175406e-02  -6.1317093333044484e-02  -6.1285003309201919e-02  -6.1320636490054314e-02  -6.1444956329824260e-02  -6.1678620239880008e-02  -6.2041043581389774e-02  -6.2549399720812471e-02  -6.3217681709456366e-02  -6.4055953835587542e-02  -6.5069888721523736e-02  -6.6260637441619613e-02  -6.7625021375299382e-02  -6.9155992095822322e-02  -7.0843276701635788e-02  -7.2674121543927842e-02  -7.4634053496723723e-02  -7.6707596722857707e-02  -7.8878900660862769e-02  -8.1132254220974392e-02  -8.3452473809421723e-02  -8.5825163709719696e-02  -8.8236852277866054e-02  -9.0675011134978584e-02  -9.3127964917170514e-02  -9.5584699261036910e-02  -9.8034573428269767e-02  -1.0046694298484729e-01  -1.0287069745237129e-01  -1.0523371769593416e-01  -1.0754226041105971e-01  -1.0978028057221931e-01  -1.1192871378558088e-01  -1.1396475613737246e-01  -1.1586121398909456e-01  -1.1758604691736622e-01  -1.1910232288182909e-01  -1.2036893126540359e-01  -1.2134256702610609e-01  -1.2198152982279022e-01  -1.2225149100577436e-01  -1.2213204871351810e-01  -1.2162118481446281e-01  -1.2073463077511218e-01  -1.1950015040009596e-01  -1.1794997648571219e-01  -1.1611469331440728e-01
  -1.1204887803427138e-01  -1.0957634218696359e-01  -1.0687245945364607e-01  -1.0394287628404009e-01  -1.0078724483391940e-01  -9.7399822759609872e-02  -9.3770902581905041e-02  -8.9890021316274826e-02  -8.5751812145885592e-02  -8.1363661895999154e-02  -7.6751604971655882e-02  -7.1960695525202359e-02  -6.7050033046408664e-02  -6.2085971514656092e-02  -5.7136408252087600e-02  -5.2266920224116109e-02  -4.7538272476194091e-02  -4.3004632926251375e-02  -3.8712003541460052e-02  -3.4696663465072344e-02  -3.0983736515510181e-02  -2.7586402826365222e-02  -2.4506441067585732e-02  -2.1736475091531024e-02  -1.9263351777081404e-02  -1.7071526024062672e-02  -1.5145506668353993e-02  -1.3471164516542941e-02  -1.2036157045238832e-02  -1.0829849387189276e-02  -9.8430109344594396e-03  -9.0674538840274724e-03  -8.4956962551483439e-03  -8.1206858328349077e-03  -7.9355994145238126e-03  -7.9337209022029564e-03  -8.1083984736465275e-03  -8.4530773851893629e-03  -8.9614043306410485e-03  -9.6273918619282015e-03  -1.0445623406877644e-02  -1.1411452139612373e-02  -1.2521116575255301e-02  -1.3771645675196412e-02  -1.5160446534581783e-02  -1.6684554105005148e-02  -1.8339711998811424e-02  -2.0119522025451808e-02  -2.2014855272888465e-02  -2.4013568525218534e-02  -2.6100495465142554e-02  -2.8257656629527075e-02  -3.0464655021722263e-02  -3.2699235553121202e-02  -3.4937986587054486e-02  -3.7157145647233714e-02  -3.9333452903015806e-02  -4.1444981026881801e-02  -4.3471870179163964e-02  -4.5396907181729743e-02  -4.7205911660915895e-02  -4.8887917796310069e-02  -5.0435167720239024e-02  -5.1842949481768763e-02  -5.3109325070272828e-02  -5.4234793418564006e-02  -5.5221931232880377e-02  -5.6075042809887794e-02  -5.6799843618886958e-02  -5.7403190430704354e-02  -5.7892866505427999e-02  -5.8277422057913218e-02  -5.8566070142761190e-02  -5.8768632871902607e-02  -5.8895535040620964e-02  -5.8957838157416856e-02  -5.8967310073285595e-02  -5.8936520056871160e-02  -5.8878949147412526e-02  -5.8809097363532375e-02  -5.8742566509249597e-02  -5.8696087330718322e-02  -5.8687457981202160e-02  -5.8735356558734436e-02  -5.8859000356222636e-02  -5.9077637398391204e-02  -5.9409885356219182e-02  -5.9872961409289147e-02  -6.0481879383402271e-02  -6.1248705458090753e-02  -6.2181966721988467e-02  -6.3286282699239360e-02  -6.4562258303397763e-02  -6.6006634278549026e-02  -6.7612659556234619e-02  -6.9370624699876218e-02  -7.1268489484958411e-02  -7.3292538512257366e-02  -7.5428011477431056e-02  -7.7659666732837154e-02  -7.9972252368701341e-02  -8.2350869345732242e-02  -8.4781221470131035e-02  -8.7249751704337575e-02  -8.9743668867996437e-02  -9.2250869200528635e-02  -9.4759758238155342e-02  -9.7258977320197962e-02  -9.9737038531616556e-02  -1.0218187107783290e-01  -1.0458028182687309e-01  -1.0691733523733546e-01  -1.0917566196673316e-01  -1.1133471896323247e-01  -1.1337004417384668e-01  -1.1525259555497296e-01  -1.1694833345687727e-01  -1.1841833207192011e-01  -1.1961985689525295e-01  -1.2050899333460315e-01  -1.2104526418526765e-01  -1.2119789719279744e-01  -1.2095180615477916e-01  -1.2031024486256876e-01  -1.1929234545526785e-01  -1.1792690956303392e-01  -1.1624564533760345e-01  -1.1427811076526281e-01
  -1.0962334032598589e-01  -1.0702693103823635e-01  -1.0419702178945672e-01  -1.0113979099277720e-01  -9.7856121419610392e-02  -9.4342377206560565e-02  -9.0591990830384786e-02  -8.6598572651071432e-02  -8.2361091715221976e-02  -7.7890370264388401e-02  -7.3214081232326755e-02  -6.8377199114242254e-02  -6.3437771603813531e-02  -5.8460783165013838e-02  -5.3512711981298353e-02  -4.8657649834429245e-02  -4.3954649304863133e-02  -3.9455711796969120e-02  -3.5203985214834296e-02  -3.1232094131341724e-02  -2.7560903270217416e-02  -2.4199362606701483e-02  -2.1145943804260298e-02  -1.8391531983968479e-02  -1.5922839420193791e-02  -1.3725312429154007e-02  -1.1785004022311467e-02  -1.0089461902696426e-02  -8.6279422989835527e-03  -7.3912516706198320e-03  -6.3714320458564538e-03  -5.5614078186236315e-03  -4.9546613857533867e-03  -4.5449650501942981e-03  -4.3261880654291013e-03  -4.2921831144558456e-03  -4.4367602079465260e-03  -4.7537469813995134e-03  -5.2371380032237985e-03  -5.8813204209429704e-03  -6.6813526690303257e-03  -7.6332257452391486e-03  -8.7339922835676445e-03  -9.9816018517123739e-03  -1.1374350756070059e-02  -1.2910004677806404e-02  -1.4584821338459689e-02  -1.6392702330869362e-02  -1.8324602328274889e-02  -2.0368209110876976e-02  -2.2507866525603840e-02  -2.4724719037231120e-02  -2.6997074539489841e-02  -2.9300985352963004e-02  -3.1611031686267027e-02  -3.3901260537030978e-02  -3.6146203749386083e-02  -3.8321879021346310e-02  -4.0406676799679422e-02  -4.2382052450119445e-02  -4.4232975431252979e-02  -4.5948122276806939e-02  -4.7519836137816490e-02  -4.8943899217152670e-02  -5.0219178675977139e-02  -5.1347205094117110e-02  -5.2331735981098214e-02  -5.3178342652889704e-02  -5.3894046602342621e-02  -5.4487017827603609e-02  -5.4966340388700588e-02  -5.5341842490259002e-02  -5.5623986341224688e-02  -5.5823809593319604e-02  -5.5952911060197792e-02  -5.6023471379729586e-02  -5.6048300255037771e-02  -5.6040899083714693e-02  -5.6015527152084008e-02  -5.5987254884822077e-02  -5.5971985365486213e-02  -5.5986420319072860e-02  -5.6047946383544558e-02  -5.6174417586755170e-02  -5.6383818445548003e-02  -5.6693804113604140e-02  -5.7121134493166137e-02  -5.7681039554642752e-02  -5.8386574085164969e-02  -5.9248029738647977e-02  -6.0272472049509557e-02  -6.1463454905636289e-02  -6.2820941630040816e-02  -6.4341432387464648e-02  -6.6018272979240122e-02  -6.7842101321991283e-02  -6.9801379642083897e-02  -7.1882959787817835e-02  -7.4072635682258706e-02  -7.6355646407351707e-02  -7.8717104116396153e-02  -8.1142330517888744e-02  -8.3617093390829830e-02  -8.6127740317272647e-02  -8.8661230018235671e-02  -9.1205064077965442e-02  -9.3747121750564960e-02  -9.6275400915370304e-02  -9.8777666352943660e-02  -1.0124100686949658e-01  -1.0365130116421366e-01  -1.0599259587713533e-01  -1.0824640289084438e-01  -1.1039093970365048e-01  -1.1240036316401338e-01  -1.1424410790127665e-01  -1.1588653610132314e-01  -1.1728726582646549e-01  -1.1840271621209711e-01  -1.1918946986286522e-01  -1.1960962419930130e-01  -1.1963710293833937e-01  -1.1926240978143471e-01  -1.1849327162440108e-01  -1.1735086507352593e-01  -1.1586377662116368e-01  -1.1406229529234622e-01  -1.1197437094197338e-01
  -1.0677079077562868e-01  -1.0406536055888513e-01  -1.0112518187490512e-01  -9.7957086460117096e-02  -9.4563394659336913e-02  -9.0942833196449274e-02  -8.7092212096798058e-02  -8.3009349957271536e-02  -7.8697524378700520e-02  -7.4170790891409294e-02  -6.9458079354252134e-02  -6.4603731701663419e-02  -5.9664101082580329e-02  -5.4702166845345096e-02  -4.9782379442142477e-02  -4.4966704890073525e-02  -4.0311741810004013e-02  -3.5866455600665967e-02  -3.1670235282275985e-02  -2.7751354040226703e-02  -2.4126275494700249e-02  -2.0800336112022394e-02  -1.7769915812215820e-02  -1.5025514491033176e-02  -1.2554797086025311e-02  -1.0344898734613944e-02  -8.3837987881877352e-03  -6.6609167779826672e-03  -5.1672046763349549e-03  -3.8949601041339751e-03  -2.8375204369834733e-03  -1.9889257940225655e-03  -1.3436072663332715e-03  -8.9612666430144428e-04  -6.4098963588354874e-04  -5.7254236208423293e-04  -6.8496578825917587e-04  -9.7237338508738419e-04  -1.4290200816059889e-03  -2.0496102424467644e-03  -2.8296654954669265e-03  -3.7658471483704020e-03  -4.8560689601538226e-03  -6.0992296251678804e-03  -7.4945247909027346e-03  -9.0404844342550222e-03  -1.0733976568223023e-02  -1.2569360745021588e-02  -1.4537862450335188e-02  -1.6627171770246627e-02  -1.8821261374261666e-02  -2.1100439517491139e-02  -2.3441669122817345e-02  -2.5819175058803684e-02  -2.8205326511040435e-02  -3.0571735156567158e-02  -3.2890467309148443e-02  -3.5135243928753127e-02  -3.7282504313514320e-02  -3.9312230508480928e-02  -4.1208469916368146e-02  -4.2959539750222202e-02  -4.4557943480748527e-02  -4.6000061065634201e-02  -4.7285692545682434e-02  -4.8417532463824159e-02  -4.9400641073281640e-02  -5.0241957698016412e-02  -5.0949884274939461e-02  -5.1533950216649617e-02  -5.2004559218838800e-02  -5.2372810776372361e-02  -5.2650386447959122e-02  -5.2849488671008915e-02  -5.2982820515581119e-02  -5.3063594533465722e-02  -5.3105559740902697e-02  -5.3123034979558115e-02  -5.3130936423452665e-02  -5.3144785010969767e-02  -5.3180678161884973e-02  -5.3255208512387200e-02  -5.3385312813501132e-02  -5.3588036936800219e-02  -5.3880209593963897e-02  -5.4278027913813726e-02  -5.4796571906079200e-02  -5.5449279835202557e-02  -5.6247428650607466e-02  -5.7199670595170823e-02  -5.8311675298948623e-02  -5.9585915983282875e-02  -6.1021620798148768e-02  -6.2614890620212471e-02  -6.4358965107034732e-02  -6.6244604758597211e-02  -6.8260548317514963e-02  -7.0394003824189005e-02  -7.2631134416223653e-02  -7.4957507107210025e-02  -7.7358479891045676e-02  -7.9819510978798552e-02  -8.2326379725819174e-02  -8.4865314793062585e-02  -8.7423027640937984e-02  -8.9986652283061644e-02  -9.2543591892747148e-02  -9.5081273738942512e-02  -9.7586811882667629e-02  -1.0004657721025424e-01  -1.0244567248307518e-01  -1.0476731302751562e-01  -1.0699211870641356e-01  -1.0909734157461924e-01  -1.1105608967546392e-01  -1.1283668420314756e-01  -1.1440241678907720e-01  -1.1571216543973900e-01  -1.1672249510909197e-01  -1.1739175644769595e-01  -1.1768589008979249e-01  -1.1758417888197154e-01  -1.1708231096852031e-01  -1.1619126150913338e-01  -1.1493291991262621e-01  -1.1333470223611306e-01  -1.1142492904259654e-01  -1.0922964495091908e-01
  -1.0352386628888921e-01  -1.0072558803428301e-01  -9.7692727943553256e-02  -9.4432906664825136e-02  -9.0950040657003905e-02  -8.7245342986957547e-02  -8.3319013320205693e-02  -7.9172909522930338e-02  -7.4814291614916290e-02  -7.0260065381930192e-02  -6.5540032809513649e-02  -6.0697442343980987e-02  -5.5786348838486814e-02  -5.0867007235786528e-02  -4.6001053537868521e-02  -4.1247482436491345e-02  -3.6659536458169113e-02  -3.2282270331778398e-02  -2.8150677588576846e-02  -2.4288578695241120e-02  -2.0708658635912577e-02  -1.7413865626643626e-02  -1.4399887625074756e-02  -1.1657998434635358e-02  -9.1775586177673812e-03  -6.9477844749015749e-03  -4.9587588113493217e-03  -3.2018491055144441e-03  -1.6697387123737056e-03  -3.5623837936941960e-04   7.4400589925644606e-04   1.6358348567747927e-03   2.3238808506052464e-03   2.8128243461171890e-03   3.1075782730549464e-03   3.2133801678352475e-03   3.1357728018121742e-03   2.8804556497675146e-03   2.4529973620379744e-03   1.8584239415561782e-03   1.1007532189071731e-03   1.8262867109392761e-04  -8.9473972384420536e-04  -2.1311871819778422e-03  -3.5268008266642406e-03  -5.0809213098070918e-03  -6.7911513123412176e-03  -8.6524926221730469e-03  -1.0656647749095732e-02  -1.2791494916570268e-02  -1.5040764261897141e-02  -1.7383975436177888e-02  -1.9796706309657033e-02  -2.2251236017193751e-02  -2.4717547720948869e-02  -2.7164608668437562e-02  -2.9561794951695933e-02  -3.1880307587113174e-02  -3.4094430084661460e-02  -3.6182505276190970e-02  -3.8127550198539362e-02  -3.9917483434756637e-02  -4.1544996118163473e-02  -4.3007145994014742e-02  -4.4304777276130962e-02  -4.5441869051357872e-02  -4.6424895020211007e-02  -4.7262251091309757e-02  -4.7963779949883274e-02  -4.8540400977883001e-02  -4.9003840109396936e-02  -4.9366446384569371e-02  -4.9641078574903574e-02  -4.9841044952708795e-02  -4.9980080371434768e-02  -5.0072346306581930e-02  -5.0132440906555865e-02  -5.0175406986460051e-02  -5.0216726285565248e-02  -5.0272288131335580e-02  -5.0358320477115068e-02  -5.0491271444674246e-02  -5.0687631048843315e-02  -5.0963685939422486e-02  -5.1335205960440014e-02  -5.1817069472684732e-02  -5.2422844399955794e-02  -5.3164351706296381e-02  -5.4051246288785673e-02  -5.5090653505697348e-02  -5.6286897322102923e-02  -5.7641348144298214e-02  -5.9152405833353239e-02  -6.0815618131899188e-02  -6.2623920769149632e-02  -6.4567974276824466e-02  -6.6636565825400729e-02  -6.8817041886721997e-02  -7.1095739447607942e-02  -7.3458387719581644e-02  -7.5890458371395964e-02  -7.8377448088809393e-02  -8.0905083117192217e-02  -8.3459439521376411e-02  -8.6026976430761626e-02  -8.8594481194262692e-02  -9.1148926528969942e-02  -9.3677239003940663e-02  -9.6165977629072280e-02  -9.8600919467189824e-02  -1.0096654895045377e-01  -1.0324544834354976e-01  -1.0541759470378906e-01  -1.0745958826012474e-01  -1.0934388537119022e-01  -1.1103820361405040e-01  -1.1250543347661053e-01  -1.1370460666552010e-01  -1.1459358456603373e-01  -1.1513374798877321e-01  -1.1529579128484084e-01  -1.1506436107509280e-01  -1.1443936626440365e-01  -1.1343368728241021e-01  -1.1206885002164434e-01  -1.1037050176563705e-01  -1.0836475660017064e-01  -1.0607569264727901e-01
  -9.9918489484929346e-02  -9.7044160237662574e-02  -9.3937224789976459e-02  -9.0606217996666835e-02  -8.7056746093840703e-02  -8.3292513025176818e-02  -7.9316945421747234e-02  -7.5135565987466943e-02  -7.0759083735482842e-02  -6.6206714734747832e-02  -6.1508681679935548e-02  -5.6706683071620023e-02  -5.1851855794481039e-02  -4.7000912438363407e-02  -4.2211734147479765e-02  -3.7539382022117748e-02  -3.3032884845460464e-02  -2.8732818771310578e-02  -2.4669731904699760e-02  -2.0863602826376046e-02  -1.7324502331582350e-02  -1.4054347098359662e-02  -1.1049288296646337e-02  -8.3021319362483401e-03  -5.8043276597587040e-03  -3.5473348056523565e-03  -1.5233946586532404e-03   2.7415627756549599e-04   1.8508837314510709e-03   3.2114398781403208e-03   4.3598450748593143e-03   5.2998037041152579e-03   6.0350097720827008e-03   6.5694071690116096e-03   6.9073752507284175e-03   7.0538100545661370e-03   7.0140718205993491e-03   6.7937703248018497e-03   6.3983748623044831e-03   5.8326798245183775e-03   5.1002450317688269e-03   4.2030209032480406e-03   3.1413735143892840e-03   1.9145799261084742e-03   5.2167551078310254e-04  -1.0375534895950278e-03  -2.7615876485398913e-03  -4.6462696855513949e-03  -6.6839935403316779e-03  -8.8630131337012613e-03  -1.1166942112257910e-02  -1.3574557548487777e-02  -1.6060023943920226e-02  -1.8593596947049599e-02  -2.1142772955703201e-02  -2.3673762901589495e-02  -2.6153124454124144e-02  -2.8549380039615636e-02  -3.0834468020456668e-02  -3.2984891311710729e-02  -3.4982459877841605e-02  -3.6814574278141082e-02  -3.8474069329007460e-02  -3.9958707391686776e-02  -4.1270453242315090e-02  -4.2414668540494894e-02  -4.3399335819620292e-02  -4.4234383257792068e-02  -4.4931141384189681e-02  -4.5501936670620920e-02  -4.5959806982347681e-02  -4.6318317960943566e-02  -4.6591455255492770e-02  -4.6793570628669817e-02  -4.6939360761734245e-02  -4.7043862581586840e-02  -4.7122449971844838e-02  -4.7190820639004205e-02  -4.7264961775120781e-02  -4.7361085891172480e-02  -4.7495527571660687e-02  -4.7684594757068967e-02  -4.7944368691260765e-02  -4.8290451671883200e-02  -4.8737665056254903e-02  -4.9299707664648348e-02  -4.9988790221794241e-02  -5.0815269558739967e-02  -5.1787309296663434e-02  -5.2910596842076878e-02  -5.4188142785003876e-02  -5.5620183294632697e-02  -5.7204195064966525e-02  -5.8935022829175829e-02  -6.0805107258140270e-02  -6.2804793567859729e-02  -6.4922694214847948e-02  -6.7146078277000545e-02  -6.9461259519856752e-02  -7.1853959582599325e-02  -7.4309625732180890e-02  -7.6813688946426012e-02  -7.9351751270010790e-02  -8.1909696799308290e-02  -8.4473722150923677e-02  -8.7030285435323290e-02  -8.9565972003106384e-02  -9.2067276488730337e-02  -9.4520298097910127e-02  -9.6910346084739946e-02  -9.9221449616604007e-02  -1.0143576911268190e-01  -1.0353291249435220e-01  -1.0548918555819957e-01  -1.0727686080929918e-01  -1.0886366785405284e-01  -1.1021290249054312e-01  -1.1128477677368588e-01  -1.1203962200431075e-01  -1.1244286477229443e-01  -1.1247029900861698e-01  -1.1211132677633584e-01  -1.1136885363146917e-01  -1.1025648910072872e-01  -1.0879467487351832e-01  -1.0700702433203639e-01  -1.0491744983468172e-01  -1.0254817118119605e-01
  -9.5992301098420149e-02  -9.3058650632502959e-02  -8.9896422702227419e-02  -8.6515153322545849e-02  -8.2922151765342025e-02  -7.9123499252206367e-02  -7.5125547437101203e-02  -7.0936970951670481e-02  -6.6571269820652743e-02  -6.2049322217005917e-02  -5.7401236503071065e-02  -5.2666676109616686e-02  -4.7893246896184537e-02  -4.3133299297780363e-02  -3.8440022299015747e-02  -3.3863685380858405e-02  -2.9448540720585628e-02  -2.5230615172336344e-02  -2.1236530147917682e-02  -1.7483432995096089e-02  -1.3979990733055364e-02  -1.0728160738767048e-02  -7.7252929663317454e-03  -4.9661169492956972e-03  -2.4443282732641777e-03  -1.5367131599371836e-04   1.9114437573516593e-03   3.7556945276746925e-03   5.3828611769193152e-03   6.7960114749521516e-03   7.9977814865611271e-03   8.9906972293005011e-03   9.7774912908864149e-03   1.0361376400264948e-02   1.0746236710714396e-02   1.0936697564093750e-02   1.0938028785998276e-02   1.0755843177175865e-02   1.0395578847902653e-02   9.8618339650474035e-03   9.1577334613806571e-03   8.2845818754090292e-03   7.2419793816096770e-03   6.0283855953049414e-03   4.6419689185659488e-03   3.0815681328286576e-03   1.3476730605837609e-03  -5.5660002537094577e-04  -2.6245436718291548e-03  -4.8449578774478717e-03  -7.2014378090574198e-03  -9.6720401073095430e-03  -1.2229493991778511e-02  -1.4842018504759344e-02  -1.7474655073722197e-02  -2.0090927610395218e-02  -2.2654629485769968e-02  -2.5131581225269282e-02  -2.7491237238272383e-02  -2.9708018446662536e-02  -3.1762241255132509e-02  -3.3640530440946989e-02  -3.5335691472509888e-02  -3.6846119141240447e-02  -3.8174911572957340e-02  -3.9328874812726927e-02  -4.0317576173639173e-02  -4.1152539292404547e-02  -4.1846620545775176e-02  -4.2413561441172032e-02  -4.2867693224180853e-02  -4.3223758475889412e-02  -4.3496816544480996e-02  -4.3702201683030378e-02  -4.3855509754355065e-02  -4.3972592997142138e-02  -4.4069548071301291e-02  -4.4162685061659053e-02  -4.4268468868578117e-02  -4.4403425713627098e-02  -4.4584010115971309e-02  -4.4826429028782935e-02  -4.5146422866806701e-02  -4.5559005745630043e-02  -4.6078171708005641e-02  -4.6716578014444815e-02  -4.7485221541508110e-02  -4.8393128061193766e-02  -4.9447077004201694e-02  -5.0651384070245116e-02  -5.2007761026039191e-02  -5.3515266754224154e-02  -5.5170355825536574e-02  -5.6967022088554295e-02  -5.8897026331126097e-02  -6.0950190653091138e-02  -6.3114737347093150e-02  -6.5377648427649218e-02  -6.7725022056562154e-02  -7.0142404982204976e-02  -7.2615083163818511e-02  -7.5128317404619893e-02  -7.7667514175740721e-02  -8.0218325937220267e-02  -8.2766677053137977e-02  -8.5298714092319899e-02  -8.7800678976354962e-02  -9.0258704188216798e-02  -9.2658526875688346e-02  -9.4985118413528732e-02  -9.7222223398204022e-02  -9.9351805053673026e-02  -1.0135340111012740e-01  -1.0320342321199291e-01  -1.0487449613158062e-01  -1.0633506953276101e-01  -1.0754974671247564e-01  -1.0848097670584761e-01  -1.0909257611028129e-01  -1.0935459036074893e-01  -1.0924766863262281e-01  -1.0876498732724843e-01  -1.0791127328832034e-01  -1.0670001391548578e-01  -1.0515019604661453e-01  -1.0328339014230525e-01  -1.0112147612127978e-01  -9.8685031494466446e-02
  -9.1783320869319243e-02  -8.8806374430954738e-02  -8.5607026790425561e-02  -8.2195842180671136e-02  -7.8581755240930681e-02  -7.4772998115132994e-02  -7.0778432648046230e-02  -6.6609276701859774e-02  -6.2281092379824196e-02  -5.7815706384911139e-02  -5.3242529778999653e-02  -4.8598710890683516e-02  -4.3927809060008247e-02  -3.9277173729247328e-02  -3.4694614020822821e-02  -3.0225073604363422e-02  -2.5907858951645109e-02  -2.1774760612501456e-02  -1.7849211546305685e-02  -1.4146482462939196e-02  -1.0674737824235649e-02  -7.4366359039395799e-03  -4.4310983407820914e-03  -1.6549327965502542e-03   8.9588212664400840e-04   3.2253139576510839e-03   5.3367699276567690e-03   7.2329005381339476e-03   8.9156344447588881e-03   1.0386373696721588e-02   1.1646287185508870e-02   1.2696651263953210e-02   1.3539190467958775e-02   1.4176374117781151e-02   1.4611619883729242e-02   1.4849349285091740e-02   1.4894833343630370e-02   1.4753779261454662e-02   1.4431662765084605e-02   1.3932933102347736e-02   1.3260337412599972e-02   1.2414627300159166e-02   1.1394745733320756e-02   1.0198410799615650e-02   8.8229275295397258e-03   7.2661079447869301e-03   5.5272618973398746e-03   3.6082744168957487e-03   1.5147701681742301e-03  -7.4272157154112867e-04  -3.1478133285129523e-03  -5.6778084959929545e-03  -8.3039770041461389e-03  -1.0992576595871557e-02  -1.3706407692313436e-02  -1.6406621262197385e-02  -1.9054557312668731e-02  -2.1613523708881331e-02  -2.4050469430596362e-02  -2.6337487548835296e-02  -2.8452992364916108e-02  -3.0382383667889468e-02  -3.2118061943793727e-02  -3.3658819030838449e-02  -3.5008790146013838e-02  -3.6176227715293344e-02  -3.7172331520212813e-02  -3.8010272935259347e-02  -3.8704466556167022e-02  -3.9270073671805572e-02  -3.9722697772254449e-02  -4.0078217923544351e-02  -4.0352715607210821e-02  -4.0562452809268762e-02  -4.0723873292572946e-02  -4.0853601887634941e-02  -4.0968427991054671e-02  -4.1085259855650952e-02  -4.1221044601429703e-02  -4.1392647596487239e-02  -4.1616691633564108e-02  -4.1909354674340024e-02  -4.2286131444256483e-02  -4.2761563252047517e-02  -4.3348947327565883e-02  -4.4060036518959199e-02  -4.4904746879833812e-02  -4.5890889375047969e-02  -4.7023945984478073e-02  -4.8306906016602293e-02  -4.9740178844802148e-02  -5.1321590374664681e-02  -5.3046467377105014e-02  -5.4907803636029748e-02  -5.6896498532629874e-02  -5.9001649850576682e-02  -6.1210882497526722e-02  -6.3510690188611829e-02  -6.5886771042179909e-02  -6.8324336768015484e-02  -7.0808381689873676e-02  -7.3323898065807747e-02  -7.5856031170732793e-02  -7.8390167320280757e-02  -8.0911954005299852e-02  -8.3407249151464330e-02  -8.5862000804254879e-02  -8.8262054580680094e-02  -9.0592889068480620e-02  -9.2839273956868196e-02  -9.4984848774379460e-02  -9.7011617557560700e-02  -9.8899368967523077e-02  -1.0062505546636395e-01  -1.0216224004157272e-01  -1.0348085379313415e-01  -1.0454772714611488e-01  -1.0532849426616464e-01  -1.0579114504513595e-01  -1.0591040991683995e-01  -1.0567112920601876e-01  -1.0506920009365991e-01  -1.0411024626978332e-01  -1.0280712868211170e-01  -1.0117728600373163e-01  -9.9240411051630409e-02  -9.7016619539352200e-02  -9.4525117461842681e-02
  -8.7328902006719694e-02  -8.4323441909731053e-02  -8.1103872428948259e-02  -7.7681747196732390e-02  -7.4067461630512810e-02  -7.0271077542327295e-02  -6.6303467685232792e-02  -6.2177729629203364e-02  -5.7910733770288922e-02  -5.3524534788907098e-02  -4.9047270424486644e-02  -4.4513158286432847e-02  -3.9961381426508610e-02  -3.5433962422997720e-02  -3.0973036420043669e-02  -2.6618077602283147e-02  -2.2403578542233293e-02  -1.8357522279281266e-02  -1.4500780017602306e-02  -1.0847393226921118e-02  -7.4055361212671186e-03  -4.1788778222692571e-03  -1.1680432724031423e-03   1.6280572156685824e-03   4.2111733827934067e-03   6.5829835132122580e-03   8.7446771587164490e-03   1.0696805581402832e-02   1.2439345281572763e-02   1.3971916316040521e-02   1.5294104108435541e-02   1.6405834138482359e-02   1.7307752542226707e-02   1.8001558476860208e-02   1.8490227675453656e-02   1.8778049256242969e-02   1.8870394985517829e-02   1.8773163169472182e-02   1.8491944126561369e-02   1.8031108959690609e-02   1.7393121634325919e-02   1.6578302421611388e-02   1.5585054110903648e-02   1.4410424200388933e-02   1.3050853196327990e-02   1.1503048520241921e-02   9.7649975785249823e-03   7.8371816672268141e-03   5.7239965403779007e-03   3.4352446437042813e-03   9.8735195338050044e-04  -1.5961262741139397e-03  -4.2849777839345897e-03  -7.0436697379874132e-03  -9.8331529541176611e-03  -1.2612744638922715e-02  -1.5341894370214462e-02  -1.7981840538017730e-02  -2.0497222419446463e-02  -2.2857674071159323e-02  -2.5039267680555470e-02  -2.7025553883236280e-02  -2.8807900201471490e-02  -3.0385015443495644e-02  -3.1761793120961279e-02  -3.2947826918746245e-02  -3.3955944802153123e-02  -3.4800999128557122e-02  -3.5498990527425646e-02  -3.6066505800072590e-02  -3.6520401216178278e-02  -3.6877655764458429e-02  -3.7155327637601418e-02  -3.7370562194510036e-02  -3.7540614295657332e-02  -3.7682858754223364e-02  -3.7814772461472829e-02  -3.7953877427404401e-02  -3.8117640139477708e-02  -3.8323325191962035e-02  -3.8587805580270002e-02  -3.8927333296171172e-02  -3.9357278026547482e-02  -3.9891842553938225e-02  -4.0543767759452204e-02  -4.1324040603788165e-02  -4.2241622058154391e-02  -4.3303210643881984e-02  -4.4513058973173841e-02  -4.5872856272975410e-02  -4.7381688108788012e-02  -4.9036077457823610e-02  -5.0830107672560111e-02  -5.2755619120058217e-02  -5.4802468297107859e-02  -5.6958831567852933e-02  -5.9211535716797256e-02  -6.1546393948577457e-02  -6.3948529798888681e-02  -6.6402670813558717e-02  -6.8893400089855755e-02  -7.1405354081617772e-02  -7.3923361857695116e-02  -7.6432520397914136e-02  -7.8918206397597515e-02  -8.1366022798272694e-02  -8.3761682908577675e-02  -8.6090830528598533e-02  -8.8338798149110248e-02  -9.0490299507799299e-02  -9.2529057569165379e-02  -9.4437365902978340e-02  -9.6195597516695514e-02  -9.7781696573177049e-02  -9.9170762589511685e-02  -1.0033495823695050e-01  -1.0124417155642124e-01  -1.0186793368492023e-01  -1.0217869759750617e-01  -1.0215553588430830e-01  -1.0178664564020977e-01  -1.0106974116123249e-01  -1.0001073371071743e-01  -9.8621646913235855e-02  -9.6918471704432019e-02  -9.4919290432034176e-02  -9.2642770239863212e-02  -9.0107035825521653e-02
  -8.2664985430693422e-02  -7.9644136787175662e-02  -7.6419468144694302e-02  -7.3003423590172256e-02  -6.9407625465801398e-02  -6.5643579910019290e-02  -6.1723627964078043e-02  -5.7662075603702900e-02  -5.3476373708829197e-02  -4.9188133136701104e-02  -4.4823707923641036e-02  -4.0414083362832837e-02  -3.5993937976974970e-02  -3.1599948765763143e-02  -2.7268636347443410e-02  -2.3034160139726652e-02  -1.8926474083771634e-02  -1.4970126342654377e-02  -1.1183821127972754e-02  -7.5806936400206332e-03  -4.1691248575795870e-03  -9.5386313339247686e-04   2.0627802516289817e-03   4.8798407265365079e-03   7.4968296448773633e-03   9.9131291518900558e-03   1.2127655345284427e-02   1.4138761050393238e-02   1.5944339106455131e-02   1.7542079976953791e-02   1.8929838848141346e-02   2.0106063869317771e-02   2.1070234896712552e-02   2.1823248520313747e-02   2.2367670301650676e-02   2.2707745947986375e-02   2.2849067052018099e-02   2.2797836011958429e-02   2.2559849223968233e-02   2.2139487600538174e-02   2.1539042380983510e-02   2.0758528970086614e-02   1.9795920174704228e-02   1.8647655928451794e-02   1.7309310928651830e-02   1.5776416676780057e-02   1.4045506831079177e-02   1.2115506460704167e-02   9.9894814490715314e-03   7.6765329553431239e-03   5.1932747310482336e-03   2.5642785135069415e-03  -1.7876227902740086e-04  -2.9987774625158704e-03  -5.8553538650769760e-03  -8.7066070846927336e-03  -1.1510782376847224e-02  -1.4227687111514807e-02  -1.6820122868317786e-02  -1.9255427428119549e-02  -2.1507087992346054e-02  -2.3556181172469375e-02  -2.5392219205636134e-02  -2.7013051597381300e-02  -2.8423775390590714e-02  -2.9635025658042331e-02  -3.0661146570132490e-02  -3.1518656523905703e-02  -3.2225152740628184e-02  -3.2798649830399283e-02  -3.3257239974797084e-02  -3.3618970805881054e-02  -3.3901839995935323e-02  -3.4123843953066113e-02  -3.4303028726326242e-02  -3.4457518150471475e-02  -3.4605497654368343e-02  -3.4765148568175357e-02  -3.4954526680576206e-02  -3.5191389794874739e-02  -3.5492976466231750e-02  -3.5875746524384314e-02  -3.6355091288604750e-02  -3.6945028558443949e-02  -3.7657894857089438e-02  -3.8504053031745117e-02  -3.9491630098971775e-02  -4.0626303655925539e-02  -4.1911149803574778e-02  -4.3346565839998012e-02  -4.4930273695008488e-02  -4.6657407251042365e-02  -4.8520678029600202e-02  -5.0510610858740652e-02  -5.2615833823109852e-02  -5.4823405525604642e-02  -5.7119158837072630e-02  -5.9488042545368928e-02  -6.1914442007851019e-02  -6.4382464517891910e-02  -6.6876176926393138e-02  -6.9379788334773124e-02  -7.1877772672331613e-02  -7.4354930260782812e-02  -7.6796388529741411e-02  -7.9187544327428055e-02  -8.1513950033475099e-02  -8.3761146435588935e-02  -8.5914444432307308e-02  -8.7958657635134052e-02  -8.9877788240349740e-02  -9.1654671698740503e-02  -9.3270595720542526e-02  -9.4704932401563732e-02  -9.5934876444449729e-02  -9.6935481513435437e-02  -9.7680337541117906e-02  -9.8143277731883374e-02  -9.8301150437793569e-02  -9.8136809268410077e-02  -9.7641023733790133e-02  -9.6812674057560666e-02  -9.5657637224054806e-02  -9.4187100899082277e-02  -9.2415827469963130e-02  -9.0360608780768847e-02  -8.8038993952822414e-02  -8.5468311604850217e-02
  -7.7825628464719715e-02  -7.4800579544544776e-02  -7.1583832369717340e-02  -6.8188578782727605e-02  -6.4627392797299912e-02  -6.0912810855758656e-02  -5.7058098823734950e-02  -5.3078135344659300e-02  -4.8990295147705011e-02  -4.4815167027503620e-02  -4.0576914863721385e-02  -3.6303110098357662e-02  -3.2023958019325963e-02  -2.7770977155268325e-02  -2.3575346678711400e-02  -1.9466221507175991e-02  -1.5469325281820510e-02  -1.1606040939061556e-02  -7.8930973412515426e-03  -4.3428129017677244e-03  -9.6376396542782738e-04   2.2383040223368025e-03   5.2595019709709284e-03   8.0969040311619778e-03   1.0747831353073278e-02   1.3209359916569186e-02   1.5478063466082909e-02   1.7549977279947497e-02   1.9420755341174892e-02   2.1085985164653480e-02   2.2541620789159490e-02   2.3784487878852453e-02   2.4812805643204632e-02   2.5626647188899378e-02   2.6228229783281945e-02   2.6621883583013164e-02   2.6813568798107486e-02   2.6809913982242535e-02   2.6617010830655895e-02   2.6239334925162200e-02   2.5679107488725129e-02   2.4936149523111573e-02   2.4008100148174200e-02   2.2890850205895048e-02   2.1579113812553969e-02   2.0067186546060337e-02   1.8350031076006294e-02   1.6424886148975068e-02   1.4293435170181088e-02   1.1964176084812622e-02   9.4541209848766940e-03   6.7890124683396662e-03   4.0019680795163985e-03   1.1313023289794902e-03  -1.7816702377511547e-03  -4.6944275447469430e-03  -7.5646438807141225e-03  -1.0351374347201320e-02  -1.3016247945068383e-02  -1.5524823306486947e-02  -1.7848186017249620e-02  -1.9964634096519714e-02  -2.1861065390563136e-02  -2.3533493199953365e-02  -2.4986339500709498e-02  -2.6230680183947759e-02  -2.7282060981457187e-02  -2.8158537672349430e-02  -2.8879262463960123e-02  -2.9463657841461849e-02  -2.9931027797883931e-02  -3.0300457448514697e-02  -3.0590853145798867e-02  -3.0821041022486236e-02  -3.1009854843458175e-02  -3.1176187648665442e-02  -3.1338980730447039e-02  -3.1517150190143089e-02  -3.1729443947269162e-02  -3.1994240697535495e-02  -3.2329293233905265e-02  -3.2751433495065138e-02  -3.3276247763222772e-02  -3.3917743192132976e-02  -3.4688018101610360e-02  -3.5596959284845610e-02  -3.6651979971091417e-02  -3.7857819851915095e-02  -3.9216417301194295e-02  -4.0726868233452534e-02  -4.2385472225905579e-02  -4.4185868774760141e-02  -4.6119252455174883e-02  -4.8174657440140725e-02  -5.0339289781194313e-02  -5.2598890592043479e-02  -5.4938105101596149e-02  -5.7340840692395582e-02  -5.9790592596064007e-02  -6.2270726739172846e-02  -6.4764706472515754e-02  -6.7256261051576255e-02  -6.9729490581602577e-02  -7.2168911931323659e-02  -7.4559445318042400e-02  -7.6886349581754942e-02  -7.9135107870841326e-02  -8.1291272548157489e-02  -8.3340271100282040e-02  -8.5267182444502473e-02  -8.7056487341724470e-02  -8.8691808188195595e-02  -9.0155653722751083e-02  -9.1429207902682330e-02  -9.2492222225957016e-02  -9.3323135356196879e-02  -9.3899634996396086e-02  -9.4199965552505927e-02  -9.4205074295419508e-02  -9.3901002108142992e-02  -9.3280478472433287e-02  -9.2343157304133588e-02  -9.1094782131083421e-02  -8.9545846651323285e-02  -8.7710170694558651e-02  -8.5603594417846568e-02  -8.3242874513332010e-02  -8.0644812755828299e-02
  -7.2842759701426410e-02  -6.9822607231888989e-02  -6.6624532654388099e-02  -6.3262308742252929e-02  -5.9749171247674981e-02  -5.6098277984883219e-02  -5.2323310707406541e-02  -4.8439153075744243e-02  -4.4462544354457109e-02  -4.0412583342399659e-02  -3.6310946560120627e-02  -3.2181710570221081e-02  -2.8050735101382108e-02  -2.3944661501608958e-02  -1.9889682343506590e-02  -1.5910298286861833e-02  -1.2028286618677629e-02  -8.2620453463614005e-03  -4.6263887529559358e-03  -1.1327692636193126e-03   2.2101707504102244e-03   5.3958553842800572e-03   8.4189791971231095e-03   1.1274776262587875e-02   1.3958437342678369e-02   1.6464722163414165e-02   1.8787785170663478e-02   2.0921210646734592e-02   2.2858240070746209e-02   2.4592164914891593e-02   2.6116851235555440e-02   2.7427352633802311e-02   2.8520548424803002e-02   2.9395706492833237e-02   3.0054814713901649e-02   3.0502467431985977e-02   3.0745162952814729e-02   3.0790062860239116e-02   3.0643610608613168e-02   3.0310427621810073e-02   2.9792739330030387e-02   2.9090261024771753e-02   2.8200383356342153e-02   2.7118509034380421e-02   2.5838511968907078e-02   2.4353412516762790e-02   2.2656509457662788e-02   2.0743257252519749e-02   1.8613956508138563e-02   1.6276651806847512e-02   1.3748963190980224e-02   1.1057888908561395e-02   8.2378468891188307e-03   5.3281090646379106e-03   2.3705265703885502e-03  -5.9215227201346587e-04  -3.5175014906871013e-03  -6.3643910162087189e-03  -9.0939466479611625e-03  -1.1670665789459155e-02  -1.4063829964883156e-02  -1.6249191878349913e-02  -1.8210703790823929e-02  -1.9941686333512711e-02  -2.1444816386800337e-02  -2.2730677003986767e-02  -2.3815399336405262e-02  -2.4718242582064547e-02  -2.5459755797038644e-02  -2.6060686908470868e-02  -2.6541498342857107e-02  -2.6922267626966690e-02  -2.7222776750827404e-02  -2.7462665286694811e-02  -2.7661564572434960e-02  -2.7839175762338974e-02  -2.8015268151019252e-02  -2.8209596286886154e-02  -2.8441734982811662e-02  -2.8730844357568421e-02  -2.9095373690605855e-02  -2.9552722690234578e-02  -3.0118874375343520e-02  -3.0808022258222260e-02  -3.1632209403377590e-02  -3.2601003601172379e-02  -3.3721226193401246e-02  -3.4996756134507215e-02  -3.6428421109618227e-02  -3.8013988264159561e-02  -3.9748255050659889e-02  -4.1623238879225748e-02  -4.3628451305080307e-02  -4.5751242102631262e-02  -4.7977188255375211e-02  -5.0290506055670474e-02  -5.2674458829415058e-02  -5.5111741022963318e-02  -5.7584817516366293e-02  -6.0076208026862477e-02  -6.2568705727938295e-02  -6.5045530390438644e-02  -6.7490414127747339e-02  -6.9887627481298786e-02  -7.2221949035957883e-02  -7.4478589554045654e-02  -7.6643075133820487e-02  -7.8701101413634039e-02  -8.0638363889524056e-02  -8.2440378423487060e-02  -8.4092300391107877e-02  -8.5578763915435396e-02  -8.6883758724262211e-02  -8.7990575912123004e-02  -8.8881839336904772e-02  -8.9539652837145170e-02  -8.9945940094313337e-02  -9.0083237417735856e-02  -8.9936204300501005e-02  -8.9493570255774646e-02  -8.8749623588033066e-02  -8.7704616739653268e-02  -8.6364216927092952e-02  -8.4738451015693841e-02  -8.2840514144730176e-02  -8.0685635645399365e-02  -7.8290092047445109e-02  -7.5670407249473437e-02
  -6.7746111771553125e-02  -6.4737814475844493e-02  -6.1566856071549117e-02  -5.8247418942156459e-02  -5.4793120083010044e-02  -5.1217359162269771e-02  -4.7533781026586390e-02  -4.3756790045004927e-02  -3.9902034215506171e-02  -3.5986762842761040e-02  -3.2029962797930168e-02  -2.8052202416153162e-02  -2.4075163686577607e-02  -2.0120908519546545e-02  -1.6210994389475999e-02  -1.2365592826791085e-02  -8.6027714332414101e-03  -4.9380561365370973e-03  -1.3843324746703953e-03   2.0479324782918529e-03   5.3502157794931837e-03   8.5153181294064656e-03   1.1536704164875601e-02   1.4407903110979128e-02   1.7122040147628068e-02   1.9671547633950758e-02   2.2048076503091988e-02   2.4242615222813152e-02   2.6245804756925086e-02   2.8048435479036710e-02   2.9642095389018849e-02   3.1019932920419286e-02   3.2177453793702432e-02   3.3113215142875171e-02   3.3829175881333079e-02   3.4330418352558567e-02   3.4624126106581908e-02   3.4718036765250912e-02   3.4618937466120957e-02   3.4331601533959144e-02   3.3858299455288413e-02   3.3198709997666262e-02   3.2350055481499135e-02   3.1307325211679525e-02   3.0063600125964249e-02   2.8610626473984938e-02   2.6939993292219029e-02   2.5045331350601691e-02   2.2925611320514693e-02   2.0588583423858876e-02   1.8052613609560255e-02   1.5345930896114114e-02   1.2504070184435525e-02   9.5670075108136160e-03   6.5768735829737340e-03   3.5763818390182386e-03   6.0775884210517370e-04  -2.2880715975747319e-03  -5.0722595609954922e-03  -7.7089235831022326e-03  -1.0166309443194594e-02  -1.2418292919379587e-02  -1.4446142033057340e-02  -1.6240125955671827e-02  -1.7800257636076778e-02  -1.9135523316119160e-02  -2.0261709350018767e-02  -2.1198664231702188e-02  -2.1967981749238308e-02  -2.2591537191681266e-02  -2.3090829641554352e-02  -2.3486846858030021e-02  -2.3800194901210842e-02  -2.4051306021325478e-02  -2.4260624017596988e-02  -2.4448711092198153e-02  -2.4636257132332823e-02  -2.4843985191422932e-02  -2.5092461572373048e-02  -2.5401820863025840e-02  -2.5791423872721892e-02  -2.6279465806519190e-02  -2.6882557541736806e-02  -2.7615301591938382e-02  -2.8489888496231439e-02  -2.9515737096538784e-02  -3.0699203743599725e-02  -3.2043380319821450e-02  -3.3547998921454575e-02  -3.5209452214141485e-02  -3.7020932279815857e-02  -3.8972680129664948e-02  -4.1052331295139799e-02  -4.3245333419685061e-02  -4.5535408398645907e-02  -4.7905028119370710e-02  -5.0335875423842324e-02  -5.2809264399141423e-02  -5.5306501270951408e-02  -5.7809173113840095e-02  -6.0299359401073428e-02  -6.2759766730298885e-02  -6.5173792407150641e-02  -6.7525525273825729e-02  -6.9799694201364212e-02  -7.1981575516737270e-02  -7.4056870734266200e-02  -7.6011566374279499e-02  -7.7831787774335290e-02  -7.9503661316258412e-02  -8.1013201773349169e-02  -8.2346246942709159e-02  -8.3488461588880722e-02  -8.4425424477880137e-02  -8.5142772717857057e-02  -8.5626327772561711e-02  -8.5862160187635483e-02  -8.5836839916274069e-02  -8.5538369622815191e-02  -8.4957816548254586e-02  -8.4090821482269248e-02  -8.2938224062077764e-02  -8.1505775816072976e-02  -7.9803313320727542e-02  -7.7843738259967835e-02  -7.5642002827372851e-02  -7.3214200421993308e-02  -7.0576808732650168e-02
