  -6.7005979825379036e-02  -6.9394993778548769e-02  -7.1324582618685156e-02  -7.2844067817104174e-02  -7.4012585713551848e-02  -7.4892603695639215e-02  -7.5541153488693849e-02  -7.6001725733682302e-02  -7.6300744463996803e-02  -7.6449656720688930e-02  -7.6450103427637389e-02  -7.6298987081959646e-02  -7.5991984917860272e-02  -7.5525523976942732e-02  -7.4897732540584877e-02  -7.4108824030883549e-02  -7.3161197705101044e-02  -7.2059407365651001e-02  -7.0810068053298453e-02  -6.9421732384017165e-02  -6.7904743917490615e-02  -6.6271071134122644e-02  -6.4534115744483839e-02  -6.2708494325238923e-02  -6.0809784398139714e-02  -5.8854234901802187e-02  -5.6858432121193382e-02  -5.4838922264043230e-02  -5.2811781662689794e-02  -5.0792137718938937e-02  -4.8793632759923454e-02  -4.6827839315657177e-02  -4.4903628934611618e-02  -4.3026530822713016e-02  -4.1198142280874525e-02  -3.9415759333937074e-02  -3.7672545733912668e-02  -3.5958805338128078e-02  -3.4264947080189324e-02  -3.2585975936013215e-02  -3.0925418636285798e-02  -2.9295694893688804e-02  -2.7714511392665293e-02  -2.6200197333655809e-02  -2.4768555068192224e-02  -2.3431580933190269e-02  -2.2197256263996313e-02  -2.1069736576602147e-02  -2.0049600023874885e-02  -1.9134099792811859e-02  -1.8317426030077036e-02  -1.7591056967534106e-02  -1.6944215923525453e-02  -1.6364484866266429e-02  -1.5838526318907833e-02  -1.5352910322932862e-02  -1.4894932421386994e-02  -1.4453383602504963e-02  -1.4019110395489722e-02  -1.3585295591371727e-02  -1.3147277475374641e-02  -1.2701868298839143e-02  -1.2246187617345246e-02  -1.1776260278584534e-02  -1.1285762558163694e-02  -1.0765229671331644e-02  -1.0201904150871001e-02  -9.5801045625511436e-03  -8.8819383836129875e-03  -8.0881210579313925e-03  -7.1787911688331874e-03  -6.1342694986685695e-03  -4.9358219715898849e-03  -3.5665283980773343e-03  -2.0123832015069634e-03  -2.6370273886563989e-04   1.6832627751191750e-03   3.8248947135049727e-03   6.1496506240553070e-03   8.6390009471297158e-03   1.1269814331731440e-02   1.4017252609320243e-02   1.6857032661472142e-02   1.9766517839039943e-02   2.2724741334781518e-02   2.5711754149189112e-02   2.8707604864638168e-02   3.1691174061675459e-02   3.4638988957996636e-02   3.7524163225094512e-02   4.0315617523258351e-02   4.2977788996391986e-02   4.5471021325023793e-02   4.7752760376135447e-02   4.9779503927126545e-02   5.1509250962265503e-02   5.2904027187823048e-02   5.3932013446273769e-02   5.4568906216889410e-02   5.4798304767726631e-02   5.4611134373289946e-02   5.4004235380186699e-02   5.2978386924609662e-02   5.1536060166294112e-02   4.9679290960260178e-02   4.7408039671546415e-02   4.4719433570723464e-02   4.1608140141890987e-02   3.8067971838680742e-02   3.4094524705338386e-02   2.9688434861877850e-02   2.4858667108184893e-02   1.9625268406550010e-02   1.4021176068483847e-02   8.0928771742001804e-03   1.8999455704735366e-03  -4.4864256763813420e-03  -1.0985678078046325e-02  -1.7510760977650697e-02  -2.3971416776169395e-02  -3.0277731770161596e-02  -3.6343720399133077e-02  -4.2090742719863648e-02  -4.7450467376960945e-02  -5.2367214396543904e-02  -5.6799551200432549e-02  -6.0721237828379467e-02  -6.4121661933153357e-02
  -7.1591597055245537e-02  -7.4092123265069240e-02  -7.6110620536146270e-02  -7.7691394107628903e-02  -7.8889827795034811e-02  -7.9766762412412720e-02  -8.0380481867622450e-02  -8.0778825309053365e-02  -8.0994865901397775e-02  -8.1047398401390885e-02  -8.0944604249686372e-02  -8.0688351163405683e-02  -8.0277644854768612e-02  -7.9710894698204249e-02  -7.8987235206169099e-02  -7.8107226237474112e-02  -7.7073192038358357e-02  -7.5889353329588405e-02  -7.4561846018282751e-02  -7.3098669656873783e-02  -7.1509591006926970e-02  -6.9806009298526789e-02  -6.8000787323780565e-02  -6.6108046027433420e-02  -6.4142920955342506e-02  -6.2121276762628422e-02  -6.0059376108096141e-02  -5.7973500097002098e-02  -5.5879515910027551e-02  -5.3792390300603357e-02  -5.1725645548001548e-02  -4.9690762414847607e-02  -4.7696538165512024e-02  -4.5748433373651365e-02  -4.3847979892009573e-02  -4.1992426127835658e-02  -4.0174958432271965e-02  -3.8386073202677881e-02  -3.6616659992123803e-02  -3.4862493970713615e-02  -3.3127927966312913e-02  -3.1425930901657712e-02  -2.9774359843331318e-02  -2.8191415310353074e-02  -2.6692640487919476e-02  -2.5289696227427071e-02  -2.3990134474741517e-02  -2.2797541225345573e-02  -2.1711744532803681e-02  -2.0729046533064323e-02  -1.9842502728542655e-02  -1.9042337448127260e-02  -1.8316520686434946e-02  -1.7651549899094929e-02  -1.7033366974624129e-02  -1.6448370248614282e-02  -1.5884350916586340e-02  -1.5331260223861557e-02  -1.4781593491745768e-02  -1.4230315290276165e-02  -1.3674210877796928e-02  -1.3110776458568632e-02  -1.2536858573430457e-02  -1.1947385339737222e-02  -1.1334508462956382e-02  -1.0687285602594035e-02  -9.9918967800767117e-03  -9.2322114099386565e-03  -8.3905481041569308e-03  -7.4484616862873082e-03  -6.3874949424281846e-03  -5.1898778348653737e-03  -3.8392277738796138e-03  -2.3213281939885588e-03  -6.2506680259115377e-04   1.2564284815902022e-03   3.3245453293350019e-03   5.5740985621913972e-03   7.9928834544824648e-03   1.0562328797439582e-02   1.3259353710959694e-02   1.6058843072900439e-02   1.8935828634789660e-02   2.1866719691440158e-02   2.4829507502701333e-02   2.7803239228994924e-02   3.0767093299808205e-02   3.3699317099653417e-02   3.6576184365241515e-02   3.9371114949393951e-02   4.2054083875382370e-02   4.4591470808691837e-02   4.6946469490442233e-02   4.9080120900486288e-02   5.0952910849252991e-02   5.2526735610571480e-02   5.3766921684348191e-02   5.4643943543073989e-02   5.5134541502580944e-02   5.5222052869514315e-02   5.4895936259894015e-02   5.4150587455124785e-02   5.2983679771394572e-02   5.1394310053533176e-02   4.9381314543284767e-02   4.6942094340259893e-02   4.4072285493451852e-02   4.0766448876409039e-02   3.7019793084944103e-02   3.2830680910276501e-02   2.8203502328144923e-02   2.3151409208815914e-02   1.7698470340801624e-02   1.1880970110423113e-02   5.7477349716673620e-03  -6.4046082357286510e-04  -7.2123091036828194e-03  -1.3888041964753843e-02  -2.0582042914471136e-02  -2.7205839746370884e-02  -3.3671357065856902e-02  -3.9894233519256667e-02  -4.5797007050714156e-02  -5.1311898468898262e-02  -5.6382996409429974e-02  -6.0967707750452363e-02  -6.5037569698210035e-02  -6.8578617333277220e-02
  -7.5786362716963734e-02  -7.8404455317790361e-02  -8.0524337816778493e-02  -8.2185572802086437e-02  -8.3439670890974899e-02  -8.4345001557210586e-02  -8.4959381231846015e-02  -8.5332636986728577e-02  -8.5502066439914440e-02  -8.5491913807762138e-02  -8.5315804880648466e-02  -8.4980196423133120e-02  -8.4487514068958783e-02  -8.3838466842120193e-02  -8.3033578723787443e-02  -8.2074121244476217e-02  -8.0962656986198478e-02  -7.9703327707041777e-02  -7.8301991229661916e-02  -7.6766252258132356e-02  -7.5105427144118317e-02  -7.3330449881961912e-02  -7.1453734968524835e-02  -6.9488991689135249e-02  -6.7450996748149472e-02  -6.5355316710161399e-02  -6.3217984274315575e-02  -6.1055119227909294e-02  -5.8882496855113223e-02  -5.6715055821305163e-02  -5.4566349508873846e-02  -5.2447938635362207e-02  -5.0368741185087586e-02  -4.8334369809707019e-02  -4.6346542768905430e-02  -4.4402747796430567e-02  -4.2496523052559736e-02  -4.0618922003803973e-02  -3.8761663406382214e-02  -3.6921493162095059e-02  -3.5103475030260067e-02  -3.3320665043402600e-02  -3.1590447222663458e-02  -2.9930337828184720e-02  -2.8355257246316962e-02  -2.6876370557107589e-02  -2.5500801624137676e-02  -2.4231674596296250e-02  -2.3068237764133463e-02  -2.2006046390931906e-02  -2.1037255946178727e-02  -2.0151120089533004e-02  -1.9334730340779923e-02  -1.8574015327990450e-02  -1.7854887608028960e-02  -1.7164418955220376e-02  -1.6491789578033534e-02  -1.5828855886818548e-02  -1.5170120170074814e-02  -1.4512124185514896e-02  -1.3852330183437754e-02  -1.3187790502246152e-02  -1.2513903994844016e-02  -1.1823542738535722e-02  -1.1106688671462292e-02  -1.0350552705493676e-02  -9.5400696766290288e-03  -8.6585938476591226e-03  -7.6886657283590301e-03  -6.6127465082451778e-03  -5.4138922966837297e-03  -4.0763715340073128e-03  -2.5862754768346125e-03  -9.3217987412769210e-04   8.9408797409038648e-04   2.8965620603290110e-03   5.0742050395257005e-03   7.4201178474305601e-03   9.9212211002606479e-03   1.2558731117832699e-02   1.5309575555397964e-02   1.8148427448130396e-02   2.1049714049261700e-02   2.3988946246642499e-02   2.6943138462522883e-02   2.9890461372186029e-02   3.2809445825207770e-02   3.5678019085773227e-02   3.8472572083611170e-02   4.1167201654402866e-02   4.3733241238828116e-02   4.6139182817000420e-02   4.8351062929690082e-02   5.0333335934571136e-02   5.2050169958870920e-02   5.3467007057806770e-02   5.4552153088441101e-02   5.5278128547108486e-02   5.5622550941799201e-02   5.5568396153132013e-02   5.5103615275987276e-02   5.4220182735502970e-02   5.2912776977785077e-02   5.1177345967990576e-02   4.9009885872885545e-02   4.6405728091906503e-02   4.3359600330072003e-02   3.9866557977226838e-02   3.5923723167190169e-02   3.1532555226159359e-02   2.6701272384792051e-02   2.1447026824223288e-02   1.5797520639561045e-02   9.7918927607948195e-03   3.4808134383527492e-03  -3.0741734982026869e-03  -9.8019950884768031e-03  -1.6623973298263151e-02  -2.3456235423129058e-02  -3.0212489028368449e-02  -3.6807033043445007e-02  -4.3157825894868135e-02  -4.9189406308169981e-02  -5.4835416266787423e-02  -6.0040528374429886e-02  -6.4761676842480673e-02  -6.8968707718110228e-02  -7.2644708919759549e-02
  -7.9508219719307882e-02  -8.2248575873586249e-02  -8.4482689300516112e-02  -8.6245336071240353e-02  -8.7583505182098079e-02  -8.8551742504310804e-02  -8.9205432635861448e-02  -8.9594081912325499e-02  -8.9756939330726510e-02  -8.9721856804460168e-02  -8.9506714664198406e-02  -8.9122001957889746e-02  -8.8573471611093593e-02  -8.7864311069417889e-02  -8.6996732972642460e-02  -8.5973047151514936e-02  -8.4796360392687370e-02  -8.3471002178843443e-02  -8.2002776035763669e-02  -8.0399077287297532e-02  -7.8668926469039918e-02  -7.6822924533934897e-02  -7.4873154596851343e-02  -7.2833022499092973e-02  -7.0717051253171404e-02  -6.8540616479347102e-02  -6.6319633764849534e-02  -6.4070183735568401e-02  -6.1808084319168080e-02  -5.9548396128664825e-02  -5.7304871699846868e-02  -5.5089340154314367e-02  -5.2911052369653877e-02  -5.0776011232852303e-02  -4.8686387819742327e-02  -4.6640206796890793e-02  -4.4631685316963939e-02  -4.2652769704098349e-02  -4.0696282564335204e-02  -3.8760009317293877e-02  -3.6849476843704883e-02  -3.4977323170126758e-02  -3.3159892016263175e-02  -3.1413555461087234e-02  -2.9752327310142903e-02  -2.8186762077586209e-02  -2.6723573550187781e-02  -2.5365533417333171e-02  -2.4111481100703901e-02  -2.2956443693179653e-02  -2.1891958541378900e-02  -2.0906695213557962e-02  -1.9987423882614121e-02  -1.9120280703852337e-02  -1.8292135330263044e-02  -1.7491805138013804e-02  -1.6710782644949507e-02  -1.5943318699572776e-02  -1.5185783589453862e-02  -1.4435534161935930e-02  -1.3689545220148130e-02  -1.2943179663432856e-02  -1.2189325196928110e-02  -1.1418032936218982e-02  -1.0616634107448099e-02  -9.7702229835531160e-03  -8.8623583483446802e-03  -7.8758370516180884e-03  -6.7934449396107599e-03  -5.5986246073925147e-03  -4.2760558407959129e-03  -2.8121687804075479e-03  -1.1956387370629720e-03   5.8209092761749015e-04   2.5262184495105228e-03   4.6379264372258464e-03   6.9137156749908418e-03   9.3448683472283217e-03   1.1917258467060765e-02   1.4611733788189120e-02   1.7405194250898065e-02   2.0272209085646115e-02   2.3186763906394816e-02   2.6123599518304046e-02   2.9058834907889877e-02   3.1969847936715048e-02   3.4834657110889747e-02   3.7631069632934278e-02   4.0335838697147977e-02   4.2923979060996736e-02   4.5368357430239072e-02   4.7639628306767816e-02   4.9706563290141989e-02   5.1536763545965196e-02   5.3097696136089972e-02   5.4357919067668486e-02   5.5288318981983151e-02   5.5863156641649855e-02   5.6060752118726867e-02   5.5863688787156918e-02   5.5258522561189481e-02   5.4235059089144007e-02   5.2785375615990893e-02   5.0902804257815924e-02   4.8581159887224314e-02   4.5814444736623806e-02   4.2597219869842919e-02   3.8925662199414693e-02   3.4799197853789363e-02   3.0222448732726535e-02   2.5207192519205657e-02   1.9774050809283850e-02   1.3953698076181686e-02   7.7874755056421413e-03   1.3273598434084544e-03  -5.3647027566292027e-03  -1.2218069357670724e-02  -1.9155219658934200e-02  -2.6094048730756512e-02  -3.2950522559937717e-02  -3.9641553335438645e-02  -4.6087900963074788e-02  -5.2216862981838065e-02  -5.7964507240023846e-02  -6.3277253239406459e-02  -6.8112760741978973e-02  -7.2440301727540360e-02  -7.6240984284697125e-02
  -8.2718962796619402e-02  -8.5584787534268597e-02  -8.7945011450835275e-02  -8.9829266070432456e-02  -9.1279019898862918e-02  -9.2343502936678784e-02  -9.3073872689310694e-02  -9.3517382936000509e-02  -9.3713335716055141e-02  -9.3691546700129524e-02  -9.3472941543416427e-02  -9.3071321338076246e-02  -9.2495457289685723e-02  -9.1750991946529387e-02  -9.0841966014095499e-02  -8.9771943802690587e-02  -8.8544812105652515e-02  -8.7165316088846020e-02  -8.5639410777973851e-02  -8.3974464955843861e-02  -8.2179363299483041e-02  -8.0264516849086559e-02  -7.8241807269427130e-02  -7.6124460721114937e-02  -7.3926867038798416e-02  -7.1664333901345079e-02  -6.9352787766238641e-02  -6.7008408125839719e-02  -6.4647205308929132e-02  -6.2284527682967085e-02  -5.9934510314391322e-02  -5.7609455892242492e-02  -5.5319174914975899e-02  -5.3070311726282987e-02  -5.0865765073504932e-02  -4.8704392128608401e-02  -4.6581391423047264e-02  -4.4489871369958078e-02  -4.2423898829566348e-02  -4.0382194239639402e-02  -3.8370369639835936e-02  -3.6400134882296258e-02  -3.4486336023516681e-02  -3.2643882116416827e-02  -3.0885703678771543e-02  -2.9221689208932828e-02  -2.7658183213572968e-02  -2.6197721586817491e-02  -2.4838916252804065e-02  -2.3576522689196213e-02  -2.2401834381660209e-02  -2.1303499951031864e-02  -2.0268791547439179e-02  -1.9285139299493416e-02  -1.8341592662065066e-02  -1.7429796562914768e-02  -1.6544175568954204e-02  -1.5681317354337129e-02  -1.4838744651803494e-02  -1.4013485384746716e-02  -1.3200771294626462e-02  -1.2393160394173097e-02  -1.1580175515106376e-02  -1.0748458406757005e-02  -9.8823141553120303e-03  -8.9644949842964949e-03  -7.9770659548290546e-03  -6.9022333218316731e-03  -5.7230633628852501e-03  -4.4240666516662391e-03  -2.9916650609875042e-03  -1.4145763149115351e-03   3.1583117174183162e-04   2.2051726948214487e-03   4.2556380535699531e-03   6.4655468748192196e-03   8.8289112853887700e-03   1.1335112648467871e-02   1.3968833147721911e-02   1.6710399789996028e-02   1.9536623319130239e-02   2.2422067076198624e-02   2.5340491713286565e-02   2.8266100559530435e-02   3.1174279562077786e-02   3.4041708863768345e-02   3.6845964753640631e-02   3.9564821929873761e-02   4.2175502491284066e-02   4.4654036222029389e-02   4.6974866673135413e-02   4.9110757213624984e-02   5.1033034266564581e-02   5.2712140885737058e-02   5.4118447369217490e-02   5.5223201187218560e-02   5.5999486037599799e-02   5.6423028805881459e-02   5.6472735379222996e-02   5.6130863127715799e-02   5.5382831876750513e-02   5.4216725163245716e-02   5.2622637620636611e-02   5.0592042959933900e-02   4.8117412358750236e-02   4.5192242830146591e-02   4.1811615135065150e-02   3.7973247567074896e-02   3.3678936737474699e-02   2.8936169505168665e-02   2.3759694820787144e-02   1.8172852186461627e-02   1.2208515685090043e-02   5.9095555911220093e-03  -6.7123773551519550e-04  -7.4717955024384136e-03  -1.4421982270589703e-02  -2.1445354652203860e-02  -2.8461409972018913e-02  -3.5388218849396344e-02  -4.2145274020531635e-02  -4.8656326693012807e-02  -5.4851931954894587e-02  -6.0671427119283645e-02  -6.6064142598757439e-02  -7.0989853721834112e-02  -7.5418737815151932e-02  -7.9331332482629455e-02
  -8.5419491516746299e-02  -8.8412383280770127e-02  -9.0908007488920972e-02  -9.2930505166757230e-02  -9.4514976766266037e-02  -9.5704191801238667e-02  -9.6543779940131622e-02  -9.7077313538057514e-02  -9.7342638784458035e-02  -9.7370094585518041e-02  -9.7182451520729199e-02  -9.6795963150532557e-02  -9.6221899600371447e-02  -9.5468116049900797e-02  -9.4540429551249749e-02  -9.3443724098868808e-02  -9.2182792295458602e-02  -9.0762947663852983e-02  -8.9190454269169939e-02  -8.7472808070228628e-02  -8.5618902920255202e-02  -8.3639098099868983e-02  -8.1545205351089362e-02  -7.9350400422769946e-02  -7.7069068793460468e-02  -7.4716583777830706e-02  -7.2309022310032681e-02  -6.9862813299237103e-02  -6.7394322110683774e-02  -6.4919364547018910e-02  -6.2452655171868002e-02  -6.0007188235333714e-02  -5.7593572349023486e-02  -5.5219353022240639e-02  -5.2888428879581006e-02  -5.0600764509333110e-02  -4.8352783603462360e-02  -4.6138910527991725e-02  -4.3954421380123031e-02  -4.1798679336855063e-02  -3.9676915307845742e-02  -3.7599469319804651e-02  -3.5579388754052171e-02  -3.3629957515158772e-02  -3.1762956405167506e-02  -2.9987613505871744e-02  -2.8309971252449693e-02  -2.6732463128814100e-02  -2.5253685770737999e-02  -2.3868458509042945e-02  -2.2568361389058347e-02  -2.1342836126014664e-02  -2.0180780255913428e-02  -1.9072229386317901e-02  -1.8009615382741616e-02  -1.6988147552718907e-02  -1.6005230318430909e-02  -1.5059171088244359e-02  -1.4147598414021242e-02  -1.3266028123251880e-02  -1.2406855932537958e-02  -1.1558940177614864e-02  -1.0707759217097070e-02  -9.8360495006036136e-03  -8.9247426183454229e-03  -7.9540237420060583e-03  -6.9043462566870731e-03  -5.7572993435966308e-03  -4.4962798646970142e-03  -3.1069725624538469e-03  -1.5776772459663996e-03   1.0046208632272929e-04   1.9332674991029350e-03   3.9233335969181202e-03   6.0698020661840851e-03   8.3681131490440930e-03   1.0809767667161733e-02   1.3382180650815569e-02   1.6068720536086219e-02   1.8849044248022417e-02   2.1699778041477054e-02   2.4595519720044545e-02   2.7509998523392056e-02   3.0417157954407286e-02   3.3291906658551598e-02   3.6110398151022433e-02   3.8849846110415011e-02   4.1488016909511455e-02   4.4002593959726034e-02   4.6370592822875499e-02   4.8567959388886250e-02   5.0569422128150396e-02   5.2348631344182564e-02   5.3878560375731598e-02   5.5132118689230444e-02   5.6082879812848388e-02   5.6705821052684319e-02   5.6977954547528326e-02   5.6878762221187068e-02   5.6390368269193636e-02   5.5497457795895155e-02   5.4186988093818597e-02   5.2447820202904692e-02   5.0270403477473843e-02   4.7646684250464671e-02   4.4570337950756989e-02   4.1037396491160658e-02   3.7047220598683865e-02   3.2603732580533576e-02   2.7716746514841600e-02   2.2403255555452330e-02   1.6688523601981666e-02   1.0606877312158938e-02   4.2020990833094296e-03  -2.4726433102738657e-03  -9.3553939690002724e-03  -1.6376567191659440e-02  -2.3460680953410123e-02  -3.0528620901808842e-02  -3.7500327397692650e-02  -4.4297708183441156e-02  -5.0847503476328534e-02  -5.7083767168829111e-02  -6.2949644684467343e-02  -6.8398236937909057e-02  -7.3392587877223803e-02  -7.7905142248380257e-02  -8.1917279603754778e-02
  -8.7633031754173668e-02  -9.0753492569281516e-02  -9.3390749736012191e-02  -9.5563427142479576e-02  -9.7299921228256828e-02  -9.8636000428564630e-02  -9.9611043011060649e-02  -1.0026399248142165e-01  -1.0063008720868546e-01  -1.0073895060673504e-01  -1.0061404514582570e-01  -1.0027313721235953e-01  -9.9729320178503014e-02  -9.8992232685178316e-02  -9.8069237218959632e-02  -9.6966447908105324e-02  -9.5689566873732396e-02  -9.4244535643669580e-02  -9.2638019115122788e-02  -9.0877748814048309e-02  -8.8972744396924652e-02  -8.6933433700164292e-02  -8.4771681817575786e-02  -8.2500740773607195e-02  -8.0135123251784166e-02  -7.7690406387846023e-02  -7.5182965037724855e-02  -7.2629636754718271e-02  -7.0047315399851665e-02  -6.7452474134202370e-02  -6.4860615390439358e-02  -6.2285653097221505e-02  -5.9739238896407490e-02  -5.7230075891130008e-02  -5.4763316863584412e-02  -5.2340258077432221e-02  -4.9958693270829489e-02  -4.7614353766526812e-02  -4.5303486719813615e-02  -4.3025662595070138e-02  -4.0785267690782376e-02  -3.8590965885895709e-02  -3.6453886650283429e-02  -3.4385678513766789e-02  -3.2397003737924999e-02  -3.0496487546867561e-02  -2.8689966014111213e-02  -2.6979934662532561e-02  -2.5365250872469016e-02  -2.3841262953426829e-02  -2.2400582331389342e-02  -2.1034524513738696e-02  -1.9734927542945552e-02  -1.8495693684056159e-02  -1.7313468084913474e-02  -1.6187193145781213e-02  -1.5116785713026198e-02  -1.4101395856555551e-02  -1.3137732451314901e-02  -1.2218811269259357e-02  -1.1333327113362893e-02  -1.0465711319198722e-02  -9.5967979235472289e-03  -8.7049348192196375e-03  -7.7673143498230013e-03  -6.7613087614143003e-03  -5.6656349187991506e-03  -4.4612523816277838e-03  -3.1319665333113672e-03  -1.6647738331315998e-03  -5.0016340632327849e-05   1.7185754955631183e-03   3.6438821998084625e-03   5.7253870423741651e-03   7.9591353152390285e-03   1.0337666074949785e-02   1.2849947451810520e-02   1.5481375289568243e-02   1.8213904784296568e-02   2.1026388300038577e-02   2.3895153217111536e-02   2.6794806234036319e-02   2.9699161268489878e-02   3.2582140355468921e-02   3.5418460793010142e-02   3.8183990009681645e-02   4.0855721464263930e-02   4.3411451031642775e-02   4.5829279081876936e-02   4.8087101018714350e-02   5.0162206906459991e-02   5.2031084946844858e-02   5.3669454489624915e-02   5.5052527695668110e-02   5.6155448793705362e-02   5.6953845409080800e-02   5.7424400000755757e-02   5.7545356791835436e-02   5.7296891449437400e-02   5.6661304522545981e-02   5.5623040634517652e-02   5.4168578267959788e-02   5.2286280397981624e-02   4.9966308883604579e-02   4.7200717473971560e-02   4.3983791219631599e-02   4.0312671087198701e-02   3.6188223304347060e-02   3.1616091261857986e-02   2.6607815782162099e-02   2.1181925385391587e-02   1.5364880799426349e-02   9.1917882760794364e-03   2.7067823411530620e-03  -4.0370020488167055e-03  -1.0977963577093429e-02  -1.8047142989954947e-02  -2.5169954920672723e-02  -3.2268513002869384e-02  -3.9264435371858371e-02  -4.6081889937651152e-02  -5.2650547302005524e-02  -5.8908041995478652e-02  -6.4801582299535712e-02  -7.0288487716948386e-02  -7.5335725546754426e-02  -7.9918858693459105e-02  -8.4021087418336249e-02
  -8.9387457095898348e-02  -9.2636106178689573e-02  -9.5419193290538329e-02  -9.7750181117748774e-02  -9.9650967690004047e-02  -1.0115034791730607e-01  -1.0228123227210313e-01  -1.0307740556402500e-01  -1.0357067014822208e-01  -1.0378891891926242e-01  -1.0375526348271988e-01  -1.0348804573176354e-01  -1.0300142964835107e-01  -1.0230628676381907e-01  -1.0141115920055783e-01  -1.0032317250056248e-01  -9.9048830633376134e-02  -9.7594672374008665e-02  -9.5967785947615167e-02  -9.4176194729848534e-02  -9.2229124459981493e-02  -9.0137167245767022e-02  -8.7912350099888223e-02  -8.5568119288220737e-02  -8.3119243495939743e-02  -8.0581642693770383e-02  -7.7972141458083441e-02  -7.5308150761919157e-02  -7.2607273991849408e-02  -6.9886839312316595e-02  -6.7163352994423442e-02  -6.4451879631545667e-02  -6.1765356687054823e-02  -5.9113884058255836e-02  -5.6504077985785078e-02  -5.3938700605848350e-02  -5.1416910834265139e-02  -4.8935540332287544e-02  -4.6491397678991665e-02  -4.4083771854180345e-02  -4.1715851457407777e-02  -3.9394512234881988e-02  -3.7129023810800812e-02  -3.4929511213460454e-02  -3.2805622787886166e-02  -3.0765479481144765e-02  -2.8814840343196431e-02  -2.6956477417743221e-02  -2.5189883452453571e-02  -2.3511566209899280e-02  -2.1916124253440042e-02  -2.0397975240744839e-02  -1.8953137025335475e-02  -1.7580264920884520e-02  -1.6280502882077042e-02  -1.5056236635974579e-02  -1.3909234931251787e-02  -1.2838688812185167e-02  -1.1839584760203831e-02  -1.0901688165488321e-02  -1.0009293630883875e-02  -9.1417509245492953e-03  -8.2746480293967618e-03  -7.3814220183683228e-03  -6.4351177107820623e-03  -5.4100273328938769e-03  -4.2830139188807168e-03  -3.0344236145247450e-03  -1.6485895050898786e-03  -1.1400110339393477e-04   1.5767548209047605e-03   3.4271725845118409e-03   5.4370396848875749e-03   7.6026247004883155e-03   9.9168181754014095e-03   1.2369230200651581e-02   1.4946275031850011e-02   1.7631288282643584e-02   2.0404732991668659e-02   2.3244542928893761e-02   2.6126630810560825e-02   2.9025547343512561e-02   3.1915228743769522e-02   3.4769728871116859e-02   3.7563812810917141e-02   4.0273312851828225e-02   4.2875198254765365e-02   4.5347388605293165e-02   4.7668388753497146e-02   4.9816868686251459e-02   5.1771292618252571e-02   5.3509689192755519e-02   5.5009600298364381e-02   5.6248223971386617e-02   5.7202711747257370e-02   5.7850576224781805e-02   5.8170131777723122e-02   5.8140911696753991e-02   5.7743995419349964e-02   5.6962225112576023e-02   5.5780303593341629e-02   5.4184816587850973e-02   5.2164235312275632e-02   4.9708982629074125e-02   4.6811632507804096e-02   4.3467296686226987e-02   3.9674214339196476e-02   3.5434524545674986e-02   3.0755171463169816e-02   2.5648870862398251e-02   2.0135063024191491e-02   1.4240770500573895e-02   8.0012811193910169e-03   1.4605627179001407e-03  -5.3286929991639004e-03  -1.2305519361751123e-02  -1.9401730821381143e-02  -2.6543670027330254e-02  -3.3654637143339952e-02  -4.0657864933035900e-02  -4.7479743725761588e-02  -5.4052883125146223e-02  -6.0318542388389476e-02  -6.6228043712893980e-02  -7.1742976787209423e-02  -7.6834322319909776e-02  -8.1480956831416734e-02  -8.5668254388651249e-02
  -9.0704568710585770e-02  -9.4083651932791862e-02  -9.7016530710592463e-02  -9.9512112403757791e-02  -1.0158638188817690e-01  -1.0326159596073210e-01  -1.0456435739040056e-01  -1.0552310336805844e-01  -1.0616567203858508e-01  -1.0651745287886380e-01  -1.0660032724947016e-01  -1.0643235553449754e-01  -1.0602802450633203e-01  -1.0539884041727503e-01  -1.0455408130412276e-01  -1.0350157836970357e-01  -1.0224844477412941e-01  -1.0080171091174789e-01  -9.9168848277988178e-02  -9.7358179882792675e-02  -9.5379180646941550e-02  -9.3242675808608344e-02  -9.0960944030108737e-02  -8.8547732474927476e-02  -8.6018188253022487e-02  -8.3388710801036547e-02  -8.0676726699444118e-02  -7.7900388095456310e-02  -7.5078192999548668e-02  -7.2228525760053008e-02  -6.9369113941749189e-02  -6.6516400197033879e-02  -6.3684832805300157e-02  -6.0886104549469425e-02  -5.8128422388802697e-02  -5.5416008359712915e-02  -5.2749191973663095e-02  -5.0125508364751631e-02  -4.7541828979252701e-02  -4.4996759943251488e-02  -4.2492142396104993e-02  -4.0033155695892428e-02  -3.7627414210286078e-02  -3.5283716798663115e-02  -3.3010849500356876e-02  -3.0816558161254445e-02  -2.8706692266777824e-02  -2.6684581554363863e-02  -2.4750843827919197e-02  -2.2903922613177967e-02  -2.1141458337474914e-02  -1.9462104959331802e-02  -1.7866940837968880e-02  -1.6359754117695996e-02  -1.4946066501891789e-02  -1.3631272593129889e-02  -1.2418438461100481e-02  -1.1306231098410970e-02  -1.0287351804438138e-02  -9.3477316977468930e-03  -8.4666387207943013e-03  -7.6176843263935125e-03  -6.7705653641776387e-03  -5.8932364360412617e-03  -4.9541546596134980e-03  -3.9242608605182250e-03  -2.7784694811473706e-03  -1.4965746169054925e-03  -6.3610713176932843e-05   1.5302066411269216e-03   3.2898013916790730e-03   5.2156741401125778e-03   7.3043482236637008e-03   9.5487621070528272e-03   1.1938585810848744e-02   1.4460468961682481e-02   1.7098251026289292e-02   1.9833174798754669e-02   2.2644149223588025e-02   2.5508097974745889e-02   2.8400414594794348e-02   3.1295513680022737e-02   3.4167438455422916e-02   3.6990451697549526e-02   3.9739528870970681e-02   4.2390677608321381e-02   4.4921044569278687e-02   4.7308812767546629e-02   4.9532942751102482e-02   5.1572835894599836e-02   5.3408008716241809e-02   5.5017854961401318e-02   5.6381543094097861e-02   5.7478066513428544e-02   5.8286431133350247e-02   5.8785946627915996e-02   5.8956566805280608e-02   5.8779231110750785e-02   5.8236159074060684e-02   5.7311077775550237e-02   5.5989374731159169e-02   5.4258207177089998e-02   5.2106605178125084e-02   4.9525629544372965e-02   4.6508628970124699e-02   4.3051638007781320e-02   3.9153921934767494e-02   3.4818660947443542e-02   3.0053736608823180e-02   2.4872580209471074e-02   1.9295027020662717e-02   1.3348122341448051e-02   7.0668067469225188e-03   4.9439350977583535e-04  -6.3172875268747014e-03  -1.3308231602420451e-02  -2.0411257421831683e-02  -2.7553787273596114e-02  -3.4660424774572575e-02  -4.1656150367917227e-02  -4.8469752132994141e-02  -5.5036960378168492e-02  -6.1302762959138522e-02  -6.7222529583262511e-02  -7.2761846929838656e-02  -7.7895284557152333e-02  -8.2604601816875761e-02  -8.6877074973698107e-02
  -9.1597397038008996e-02  -9.5112027670105098e-02  -9.8200100562919584e-02  -1.0086664538699006e-01  -1.0312250574442132e-01  -1.0498407208703579e-01  -1.0647205648969787e-01  -1.0760962301550173e-01  -1.0842037921646452e-01  -1.0892667926951230e-01  -1.0914848935558295e-01  -1.0910286269191370e-01  -1.0880392880834795e-01  -1.0826324582660593e-01  -1.0749036212184968e-01  -1.0649346560337007e-01  -1.0528003356960755e-01  -1.0385743040070809e-01  -1.0223342283901285e-01  -1.0041660042658138e-01  -9.8416696909824186e-02  -9.6244814494923447e-02  -9.3913554353603712e-02  -9.1437058274949246e-02  -8.8830965384476851e-02  -8.6112287165980989e-02  -8.3299202386014265e-02  -8.0410772268201522e-02  -7.7466574108363634e-02  -7.4486248857441900e-02  -7.1488955544552993e-02  -6.8492723252789794e-02  -6.5513695557440882e-02  -6.2565277698067509e-02  -5.9657260642821605e-02  -5.6795132710382765e-02  -5.3979996253641437e-02  -5.1209579151970906e-02  -4.8480380619997203e-02  -4.5790132636312111e-02  -4.3139423281784141e-02  -4.0532005273840259e-02  -3.7974136391020055e-02  -3.5473531247678998e-02  -3.3038289232584048e-02  -3.0675934967776985e-02  -2.8392614935985203e-02  -2.6192564102984255e-02  -2.4078099278869117e-02  -2.2050422849299488e-02  -2.0111170466570266e-02  -1.8264042538166405e-02  -1.6515605312522816e-02  -1.4874790554275704e-02  -1.3351251330860379e-02  -1.1953062037931079e-02  -1.0684258854187615e-02  -9.5426468062181045e-03  -8.5182383521082462e-03  -7.5926194490139008e-03  -6.7394102660597449e-03  -5.9257986033965059e-03  -5.1149124778517921e-03  -4.2686342620134807e-03  -3.3503953809746745e-03  -2.3275386947624530e-03  -1.1729785658544170e-03   1.3392909349016491e-04   1.6072208457325043e-03   3.2546731695832914e-03   5.0784392055515104e-03   7.0757828438087131e-03   9.2397792266412787e-03   1.1559914734779110e-02   1.4022569561617862e-02   1.6611399258047957e-02   1.9307649258186940e-02   2.2090443919184848e-02   2.4937090425721897e-02   2.7823428979607809e-02   3.0724245269829819e-02   3.3613739283789787e-02   3.6466022046674512e-02   3.9255591994712569e-02   4.1957734068486394e-02   4.4548787896300276e-02   4.7006254538204742e-02   4.9308738885752698e-02   5.1435759343847448e-02   5.3367478880920666e-02   5.5084426758518157e-02   5.6567270052177376e-02   5.7796683224347931e-02   5.8753336224817251e-02   5.9418000652376339e-02   5.9771749143139284e-02   5.9796214236671093e-02   5.9473865518937741e-02   5.8788271535473155e-02   5.7724324966710649e-02   5.6268428214545092e-02   5.4408654562400287e-02   5.2134914445009471e-02   4.9439164518985404e-02   4.6315693051900579e-02   4.2761506836163692e-02   3.8776827495425506e-02   3.4365692935392704e-02   2.9536644488232025e-02   2.4303475756281112e-02   1.8686011051041770e-02   1.2710877085699943e-02   6.4122113008183504e-03  -1.6777911027514303e-04  -6.9785478483783414e-03  -1.3961425050217968e-02  -2.1050551707564064e-02  -2.8174722111737167e-02  -3.5260164187698950e-02  -4.2234005314421751e-02  -4.9027893037382975e-02  -5.5581099113735905e-02  -6.1842549882350488e-02  -6.7771514348397885e-02  -7.3337033078515218e-02  -7.8516427988362975e-02  -8.3293414304884114e-02  -8.7656388662634921e-02
  -9.2073674212587803e-02  -9.5732208250546014e-02  -9.8983180551774130e-02  -1.0182832579584652e-01  -1.0427413048493089e-01  -1.0633188749622463e-01  -1.0801698845356197e-01  -1.0934759326268523e-01  -1.1034303072522969e-01  -1.1102230542544078e-01  -1.1140297808567820e-01  -1.1150052237429400e-01  -1.1132813516321112e-01  -1.1089690122068949e-01  -1.1021619417604503e-01  -1.0929420369352125e-01  -1.0813850449933812e-01  -1.0675660723216643e-01  -1.0515645437971712e-01  -1.0334683925071625e-01  -1.0133773818618799e-01  -9.9140552130112414e-02  -9.6768258421927406e-02  -9.4235474399542468e-02  -9.1558435870188859e-02  -8.8754892294077931e-02  -8.5843920393658832e-02  -8.2845654658411025e-02  -7.9780931588957701e-02  -7.6670838994762056e-02  -7.3536157519208514e-02  -7.0396672274048194e-02  -6.7270331069303163e-02  -6.4172242881921596e-02  -6.1113590528639516e-02  -5.8100722716323425e-02  -5.5134976188558137e-02  -5.2213795912439048e-02  -4.9333092040746027e-02  -4.6489817844360147e-02  -4.3683617711880222e-02  -4.0917198120932627e-02  -3.8195802152995909e-02  -3.5526316075363093e-02  -3.2916337468859344e-02  -3.0373340250162771e-02  -2.7904002765084510e-02  -2.5513847719218299e-02  -2.3207466982831524e-02  -2.0989540907576751e-02  -1.8866375017368611e-02  -1.6847129341371399e-02  -1.4943945938364137e-02  -1.3170780469068489e-02  -1.1541253056156085e-02  -1.0065983025921668e-02  -8.7498462504127412e-03  -7.5895783045634123e-03  -6.5721487983913807e-03  -5.6742773314491651e-03  -4.8632941562357854e-03  -4.0992821473126613e-03  -3.3381668461100848e-03  -2.5352373103159978e-03  -1.6485327428625365e-03  -6.4160870172407652e-04   5.1462989815748150e-04   1.8411152105812026e-03   3.3506947572107884e-03   5.0488284719508794e-03   6.9345983702814515e-03   9.0017785913299522e-03   1.1239808405090722e-02   1.3634600031913323e-02   1.6169176086887845e-02   1.8824165574801183e-02   2.1578202408943828e-02   2.4408271276770171e-02   2.7290040191098180e-02   3.0198207910830215e-02   3.3106880346356518e-02   3.5989973135221814e-02   3.8821621096552107e-02   4.1576560863840116e-02   4.4230447268396256e-02   4.6760066967323072e-02   4.9143425769307594e-02   5.1359706526956601e-02   5.3389118459612264e-02   5.5212676333467867e-02   5.6811958887259262e-02   5.8168896362362096e-02   5.9265627453277257e-02   6.0084447919521597e-02   6.0607856542094857e-02   6.0818685253909273e-02   6.0700290214905805e-02   6.0236774072357446e-02   5.9413214375754794e-02   5.8215879431779596e-02   5.6632427797204392e-02   5.4652098920904377e-02   5.2265914467112137e-02   4.9466913012427192e-02   4.6250441562751397e-02   4.2614519664008713e-02   3.8560284424247138e-02   3.4092514557769085e-02   2.9220227248650716e-02   2.3957337394642383e-02   1.8323367846554247e-02   1.2344191319344926e-02   6.0527667167417018e-03  -5.1021148312640346e-04  -7.2959032770228555e-03  -1.4247399298943246e-02  -2.1300596092088522e-02  -2.8386140858280846e-02  -3.5432475107380033e-02  -4.2369595001382904e-02  -4.9132771134535631e-02  -5.5665412617386140e-02  -6.1920582638943109e-02  -6.7861135553671584e-02  -7.3458775354647080e-02  -7.8692475432663209e-02  -8.3546714448195294e-02  -8.8009950630816319e-02
  -9.2143217935795413e-02  -9.5956319936526729e-02  -9.9379803552310186e-02  -1.0241248436624066e-01  -1.0505714227318046e-01  -1.0732070751038086e-01  -1.0921387870792540e-01  -1.1075020675529285e-01  -1.1194485954143618e-01  -1.1281336155769121e-01  -1.1337055252844150e-01  -1.1362990446166230e-01  -1.1360322057025976e-01  -1.1330066555547025e-01  -1.1273103803464225e-01  -1.1190219361038629e-01  -1.1082153791110758e-01  -1.0949652948812721e-01  -1.0793514960281753e-01  -1.0614631278104045e-01  -1.0414020215983963e-01  -1.0192852213965913e-01  -9.9524665133541662e-02  -9.6943792700665068e-02  -9.4202832020345156e-02  -9.1320388845080452e-02  -8.8316576494185506e-02  -8.5212758469900410e-02  -8.2031197551788365e-02  -7.8794597128367991e-02  -7.5525509123989948e-02  -7.2245569965196599e-02  -6.8974518835544896e-02  -6.5728977689132259e-02  -6.2521107129949585e-02  -5.9357541380305516e-02  -5.6239318244681077e-02  -5.3163350478768204e-02  -5.0125064838253852e-02  -4.7120986666153927e-02  -4.4150261013035437e-02  -4.1214970285315788e-02  -3.8319683966749452e-02  -3.5470709821336377e-02  -3.2675329863088062e-02  -2.9941143964317195e-02  -2.7275599405766328e-02  -2.4685860327183104e-02  -2.2179264669361647e-02  -1.9764458707773668e-02  -1.7452757119300798e-02  -1.5258884825212111e-02  -1.3200499834495186e-02  -1.1296502198485780e-02  -9.5644609948324043e-03  -8.0175599874956829e-03  -6.6614719106631512e-03  -5.4916511795759099e-03  -4.4915976088733094e-03  -3.6325719024148523e-03  -2.8749753511556481e-03  -2.1712205878808427e-03  -1.4696013385320505e-03  -7.1851197394923877e-04   1.2960132505897282e-04   1.1150799346150916e-03   2.2690262147604598e-03   3.6125353855615133e-03   5.1570338501350094e-03   6.9053757949598393e-03   8.8532834063285160e-03   1.0990796739667817e-02   1.3303539478134722e-02   1.5773734090606270e-02   1.8380980837167160e-02   2.1102850390790295e-02   2.3915347777862216e-02   2.6793299098111872e-02   2.9710701868038245e-02   3.2641066072066946e-02   3.5557759553714048e-02   3.8434356774502604e-02   4.1244977597423842e-02   4.3964593225880422e-02   4.6569271879937979e-02   4.9036338675190708e-02   5.1344434203995981e-02   5.3473469974917094e-02   5.5404494823734378e-02   5.7119500975245999e-02   5.8601208018405251e-02   5.9832863124529512e-02   6.0798090950189593e-02   6.1480815580729639e-02   6.1865262624922160e-02   6.1936036331764248e-02   6.1678256630535659e-02   6.1077735826556331e-02   6.0121175157200599e-02   5.8796367124891134e-02   5.7092397540974130e-02   5.4999850215979515e-02   5.2511024274231557e-02   4.9620178239743254e-02   4.6323814302276521e-02   4.2621013335916919e-02   3.8513826276853874e-02   3.4007724689687990e-02   2.9112111068146925e-02   2.3840891325436268e-02   1.8213112842870006e-02   1.2253669014789643e-02   5.9940510444943598e-03  -5.2692098606176713e-04  -7.2625524592973348e-03  -1.4158212484488140e-02  -2.1152169302982450e-02  -2.8177680906315741e-02  -3.5166335166417706e-02  -4.2052027903353342e-02  -4.8774554160522322e-02  -5.5281948156982584e-02  -6.1531320597430522e-02  -6.7488475428492720e-02  -7.3126777620296041e-02  -7.8425688013078906e-02  -8.3369291304623477e-02  -8.7945083146445946e-02
  -9.1825772426848445e-02  -9.5804445089963983e-02  -9.9410445776541206e-02  -1.0263983980912067e-01  -1.0549213866581181e-01  -1.0797049878626773e-01  -1.1008151308888359e-01  -1.1183457074104491e-01  -1.1324091439360605e-01  -1.1431260272922181e-01  -1.1506158814407852e-01  -1.1549905207445073e-01  -1.1563505224631035e-01  -1.1547846686607377e-01  -1.1503717288465960e-01  -1.1431838644853852e-01  -1.1332909019409115e-01  -1.1207649188749644e-01  -1.1056846663178849e-01  -1.0881395574173335e-01  -1.0682329947288315e-01  -1.0460849615745416e-01  -1.0218337883187711e-01  -9.9563710400101646e-02  -9.6767193539529395e-02  -9.3813398009438276e-02  -9.0723600510203631e-02  -8.7520533827295591e-02  -8.4228029741530819e-02  -8.0870533499470529e-02  -7.7472446093028849e-02  -7.4057233099634259e-02  -7.0646232065456657e-02  -6.7257161137168203e-02  -6.3902554540571394e-02  -6.0588731717609257e-02  -5.7316120145483464e-02  -5.4081205712383701e-02  -5.0879337998698954e-02  -4.7707121154439897e-02  -4.4563677977150648e-02  -4.1450871838574814e-02  -3.8372918213139220e-02  -3.5335786522622849e-02  -3.2346626306656384e-02  -2.9413331257371472e-02  -2.6544316291253645e-02  -2.3748642701198721e-02  -2.1036676718417881e-02  -1.8421244797832855e-02  -1.5918736233601904e-02  -1.3549381045566494e-02  -1.1336284197650745e-02  -9.3033068483601711e-03  -7.4720621372015676e-03  -5.8583689836808131e-03  -4.4685920272801334e-03  -3.2965267249006128e-03  -2.3215771101516743e-03  -1.5088472684159394e-03  -8.1126438229483025e-04  -1.7332205327373618e-04   4.6430312352914449e-04   1.1599854790678918e-03   1.9667941911272399e-03   2.9289929854266344e-03   4.0797608973726848e-03   5.4403682353026048e-03   7.0207186594382701e-03   8.8208643023035410e-03   1.0832933195723850e-02   1.3043016984186362e-02   1.5432758440196717e-02   1.7980580915197393e-02   2.0662598153303013e-02   2.3453287700367656e-02   2.6326003257699571e-02   2.9253389884999585e-02   3.2207743778980655e-02   3.5161345156731152e-02   3.8086776001150832e-02   4.0957224533830730e-02   4.3746766626581959e-02   4.6430608405483936e-02   4.8985270815927247e-02   5.1388699798527095e-02   5.3620291271337925e-02   5.5660831082009740e-02   5.7492362141193437e-02   5.9098000937162339e-02   6.0461732480729544e-02   6.1568215199462872e-02   6.2402624121312172e-02   6.2950551684035586e-02   6.3197976720010610e-02   6.3131300507040244e-02   6.2737441612949044e-02   6.2003975184584309e-02   6.0919302714174978e-02   5.9472839607430980e-02   5.7655214222965927e-02   5.5458476806651655e-02   5.2876322409669108e-02   4.9904333624657973e-02   4.6540250418819457e-02   4.2784272522019252e-02   3.8639398815859927e-02   3.4111806924315972e-02   2.9211278885694931e-02   2.3951683199328749e-02   1.8351529462061832e-02   1.2434612564651486e-02   6.2307481816528468e-03  -2.2345207798901007e-04  -6.8839337118788008e-03  -1.3699030222278766e-02  -2.0610283235474910e-02  -2.7554680047128771e-02  -3.4468198317113813e-02  -4.1289751984850936e-02  -4.7964321870717606e-02  -5.4444568065163040e-02  -6.0691050501143914e-02  -6.6671565426572307e-02  -7.2360073338396336e-02  -7.7735510553995205e-02  -8.2780678985857406e-02  -8.7481359263893013e-02
  -9.1155425982661478e-02  -9.5308999864527150e-02  -9.9106099480777199e-02  -1.0254009555822750e-01  -1.0560748224002871e-01  -1.0830805105566405e-01  -1.1064476366211531e-01  -1.1262327710297565e-01  -1.1425120915503048e-01  -1.1553728112612302e-01  -1.1649052333522454e-01  -1.1711965997908541e-01  -1.1743275497302934e-01  -1.1743711015884581e-01  -1.1713938834347448e-01  -1.1654589230538058e-01  -1.1566294460509710e-01  -1.1449730698488439e-01  -1.1305659969449539e-01  -1.1134968592484432e-01  -1.0938700166406350e-01  -1.0718081627515497e-01  -1.0474541643324436e-01  -1.0209720985721110e-01  -9.9254745733717800e-02  -9.6238650742494408e-02  -9.3071473346121231e-02  -8.9777427970627488e-02  -8.6382014094631199e-02  -8.2911473718945389e-02  -7.9392018196989225e-02  -7.5848744135993462e-02  -7.2304172743254722e-02  -6.8776496904642104e-02  -6.5277965033938928e-02  -6.1814187363534091e-02  -5.8385056810784278e-02  -5.4987086840588117e-02  -5.1616124894134516e-02  -4.8269375583885804e-02  -4.4946376961914551e-02  -4.1649133402139348e-02  -3.8381801151121817e-02  -3.5150244632246731e-02  -3.1961661775366773e-02  -2.8824383239332854e-02  -2.5747915952455874e-02  -2.2743327801570467e-02  -1.9824080835990000e-02  -1.7007161587296444e-02  -1.4313928079381342e-02  -1.1770000342899527e-02  -9.4039060579972945e-03  -7.2445576680779424e-03  -5.3177353373228299e-03  -3.6418721028531505e-03  -2.2236827566410183e-03  -1.0545860476832356e-03  -1.0897241965162133e-04   6.5496640663920830e-04   1.2920441157622808e-03   1.8653726931787684e-03   2.4411994213433402e-03   3.0839361549071242e-03   3.8517096949342439e-03   4.7926369096812985e-03   5.9421974329684837e-03   7.3221249797764260e-03   8.9409694732131423e-03   1.0795973928007720e-02   1.2875546033262131e-02   1.5161664066086350e-02   1.7631843218341485e-02   2.0260599326312613e-02   2.3020487030822087e-02   2.5882843018423814e-02   2.8818334320330388e-02   3.1797392084529419e-02   3.4790574688182141e-02   3.7768891413386449e-02   4.0704096231575539e-02   4.3568955870638817e-02   4.6337483377822966e-02   4.8985128116968882e-02   5.1488907347596341e-02   5.3827469555676841e-02   5.5981082892401904e-02   5.7931551748956506e-02   5.9662071128046668e-02   6.1157038211006993e-02   6.2401845506982967e-02   6.3382681358984228e-02   6.4086361663940189e-02   6.4500211070951108e-02   6.4612004629633027e-02   6.4409971593569870e-02   6.3882857694243969e-02   6.3020035352911535e-02   6.1811651937488603e-02   6.0248804183748041e-02   5.8323732783924054e-02   5.6030030779697010e-02   5.3362866621709470e-02   5.0319220536878068e-02   4.6898138138722074e-02   4.3101000147276226e-02   3.8931812554892989e-02   3.4397517811906773e-02   2.9508337359931937e-02   2.4278156457224455e-02   1.8724977786161563e-02   1.2871469034760000e-02   6.7456273719471924e-03   3.8152473094574257e-04  -6.1800200184998141e-03  -1.2891221653865192e-02  -1.9698126911634264e-02  -2.6542874595362538e-02  -3.3367141674717826e-02  -4.0115662172746709e-02  -4.6738650574334226e-02  -5.3192770092959786e-02  -5.9441039206386125e-02  -6.5452198833913955e-02  -7.1199888653954130e-02  -7.6661795649518333e-02  -8.1818881939913282e-02  -8.6654778540844801e-02
  -9.0180115190035645e-02  -9.4514985382850691e-02  -9.8509039244888380e-02  -1.0215298665175780e-01  -1.0544045237913241e-01  -1.0836812785174738e-01  -1.1093568362301910e-01  -1.1314540739915147e-01  -1.1500160373639642e-01  -1.1650987061770096e-01  -1.1767640133019594e-01  -1.1850742586446410e-01  -1.1900887695815540e-01  -1.1918627782703391e-01  -1.1904484346055694e-01  -1.1858972572059176e-01  -1.1782636666547849e-01  -1.1676089044063158e-01  -1.1540050851785780e-01  -1.1375389093604993e-01  -1.1183149437333662e-01  -1.0964582082828243e-01  -1.0721160738175493e-01  -1.0454593339675375e-01  -1.0166824710791013e-01  -9.8600301701203139e-02  -9.5365994160976256e-02  -9.1991086167177827e-02  -8.8502770370089856e-02  -8.4929024680613863e-02  -8.1297663308399964e-02  -7.7635000414215213e-02  -7.3964115087439303e-02  -7.0302980323095121e-02  -6.6663087403330323e-02  -6.3049349147566838e-02  -5.9461590667512443e-02  -5.5896988752752466e-02  -5.2352458531162591e-02  -4.8826248971834393e-02  -4.5318672385874136e-02  -4.1832188295919774e-02  -3.8371176273057375e-02  -3.4941634141943942e-02  -3.1550990138548007e-02  -2.8208121743358242e-02  -2.4923662157696407e-02  -2.1710641976219615e-02  -1.8585500031962496e-02  -1.5569198692078724e-02  -1.2687868360900273e-02  -9.9723934468727016e-03  -7.4567300880267924e-03  -5.1749376502011994e-03  -3.1569943676878556e-03  -1.4236703073191859e-03   1.8731262208422639e-05   1.1823405631529033e-03   2.0989398915509591e-03   2.8178565718586755e-03   3.4013821122525385e-03   3.9192020029175656e-03   4.4430691723284337e-03   5.0420929181480417e-03   5.7785752373784582e-03   6.7042568135204372e-03   7.8572717666420197e-03   9.2604474891235106e-03   1.0921539992305711e-02   1.2835282248685992e-02   1.4986416673966760e-02   1.7352724769033323e-02   1.9907470778460577e-02   2.2621147836639134e-02   2.5462660720700331e-02   2.8400134188917944e-02   3.1401490748959843e-02   3.4434895634010185e-02   3.7469120552967812e-02   4.0473857322206319e-02   4.3419991226718246e-02   4.6279838067290149e-02   4.9027338469676114e-02   5.1638202423227426e-02   5.4089993895472380e-02   5.6362149864417552e-02   5.8435930130912410e-02   6.0294302431170496e-02   6.1921773497452433e-02   6.3304183375365378e-02   6.4428483833525063e-02   6.5282524046876539e-02   6.5854865329065579e-02   6.6134641209390416e-02   6.6111474628683789e-02   6.5775455440345076e-02   6.5117177452184094e-02   6.4127826979936575e-02   6.2799315519013021e-02   6.1124444778577286e-02   5.9097097617143934e-02   5.6712445523685678e-02   5.3967170440211140e-02   5.0859694045852819e-02   4.7390415286092259e-02   4.3561950265513551e-02   3.9379377718916628e-02   3.4850486357583602e-02   2.9986034983853820e-02   2.4800033043763613e-02   1.9310071227070787e-02   1.3537727055574322e-02   7.5090821103419858e-03   1.2553303613496575e-03  -5.1866398134673974e-03  -1.1774040898491905e-02  -1.8458872025322814e-02  -2.5189880011320040e-02  -3.1915433137046714e-02  -3.8586279713875980e-02  -4.5157304869477541e-02  -5.1588191246772372e-02  -5.7843373278502794e-02  -6.3891657562090809e-02  -6.9705716779030258e-02  -7.5261554250894952e-02  -8.0538007148653779e-02  -8.5516358692128105e-02
  -8.8958084548385025e-02  -9.3477238419084036e-02  -9.7670800885322234e-02  -1.0152685948073675e-01  -1.0503627732389734e-01  -1.0819282848901693e-01  -1.1099313567866026e-01  -1.1343639494162573e-01  -1.1552387273830114e-01  -1.1725828881658266e-01  -1.1864317605926394e-01  -1.1968236474490426e-01  -1.2037965291849677e-01  -1.2073870158217620e-01  -1.2076312902700512e-01  -1.2045675514038338e-01  -1.1982394863325360e-01  -1.1887001478312637e-01  -1.1760159663416837e-01  -1.1602704349450102e-01  -1.1415673915716514e-01  -1.1200336050003035e-01  -1.0958206929163312e-01  -1.0691061919960054e-01  -1.0400938057360420e-01  -1.0090126665345189e-01  -9.7611547832325812e-02  -9.4167521910943464e-02  -9.0597984668411985e-02  -8.6932426314626818e-02  -8.3199847831136903e-02  -7.9427165141528464e-02  -7.5637313210458718e-02  -7.1847518810363414e-02  -6.8068448858882191e-02  -6.4304751199720595e-02  -6.0556850574641559e-02  -5.6823197342203938e-02  -5.3102215301929621e-02  -4.9393523570440384e-02  -4.5698496402269563e-02  -4.2020334707216056e-02  -3.8363924624246586e-02  -3.4735653812694126e-02  -3.1143372096521908e-02  -2.7596590512738457e-02  -2.4107025786943785e-02  -2.0689505740531657e-02  -1.7363191433458748e-02  -1.4152730451435964e-02  -1.1088770319753208e-02  -8.2073128225965582e-03  -5.5477180807936254e-03  -3.1491901328932204e-03  -1.0456903661286258e-03   7.4038584880351671e-04   2.2044460662424548e-03   3.3637117482519241e-03   4.2572264317400632e-03   4.9419108948650578e-03   5.4865513186787181e-03   5.9657518591990609e-03   6.4549108025512489e-03   7.0261529308404645e-03   7.7447387742601015e-03   8.6655200022569823e-03   9.8295496339910540e-03   1.1261583263210535e-02   1.2969539155311509e-02   1.4946338717625247e-02   1.7173386068189606e-02   1.9624321773066264e-02   2.2268082786131703e-02   2.5071024078219886e-02   2.7998285659593995e-02   3.1014679187154108e-02   3.4085295179937844e-02   3.7175957207094962e-02   4.0253583886685186e-02   4.3286493401260798e-02   4.6244658772924628e-02   4.9099919261195210e-02   5.1826140174062715e-02   5.4399318427309454e-02   5.6797623795806856e-02   5.9001374804059793e-02   6.0992946487102975e-02   6.2756618631674338e-02   6.4278372792352587e-02   6.5545657508999960e-02   6.6547139965451349e-02   6.7272467688301085e-02   6.7712058298384351e-02   6.7856936093373982e-02   6.7698624925440209e-02   6.7229104122547234e-02   6.6440825671939596e-02   6.5326788487268972e-02   6.3880660693335811e-02   6.2096940693452646e-02   5.9971146961657375e-02   5.7500027173854759e-02   5.4681779055374781e-02   5.1516275211414692e-02   4.8005286827538927e-02   4.4152699132397721e-02   3.9964716038390004e-02   3.5450049516441817e-02   3.0620098100550958e-02   2.5489118694386487e-02   2.0074411655267556e-02   1.4396539110882445e-02   8.4796093304597767e-03   2.3516262574515001e-03  -3.9551517629865668e-03  -1.0404061761913663e-02  -1.6954423426335477e-02  -2.3562747279123830e-02  -3.0184569887224746e-02  -3.6776337344822572e-02  -4.3296774933584248e-02  -4.9707628665423435e-02  -5.5973925129845253e-02  -6.2063940167888222e-02  -6.7949002428696448e-02  -7.3603219717352744e-02  -7.9003195680580507e-02  -8.4127806872141567e-02
  -8.7553878258061879e-02  -9.2256844847276809e-02  -9.6649053023263626e-02  -1.0071601042653569e-01  -1.0444590875097667e-01  -1.0782974344962845e-01  -1.1086127445371136e-01  -1.1353681615031272e-01  -1.1585482102092516e-01  -1.1781535221518200e-01  -1.1941949265927752e-01  -1.2066885409008359e-01  -1.2156522687707225e-01  -1.2211046831749621e-01  -1.2230657996554917e-01  -1.2215596770993938e-01  -1.2166179637854994e-01  -1.2082840339130896e-01  -1.1966171125849136e-01  -1.1816961357710785e-01  -1.1636230811353711e-01  -1.1425256337990947e-01  -1.1185590865417906e-01  -1.0919073903235013e-01  -1.0627832514703711e-01  -1.0314271443272405e-01  -9.9810492524212674e-02  -9.6310366176064671e-02  -9.2672485041081831e-02  -8.8927432051664562e-02  -8.5104796183956805e-02  -8.1231406951660021e-02  -7.7329505347053448e-02  -7.3415434321219150e-02  -6.9499394728001707e-02  -6.5586416173802259e-02  -6.1678145902430516e-02  -5.7774745378415732e-02  -5.3876430072447051e-02  -4.9984415339712956e-02  -4.6101374599839540e-02  -4.2231525700854991e-02  -3.8380560265651190e-02  -3.4555541365191636e-02  -3.0764956833108360e-02  -2.7019040134878092e-02  -2.3330512684091056e-02  -1.9715763833522904e-02  -1.6196334946346133e-02  -1.2800186495288531e-02  -9.5621562302462514e-03  -6.5231359200535292e-03  -3.7277346531473521e-03  -1.2200539595003390e-03   9.6259661530923718e-04   2.7974663167869077e-03   4.2834210764416437e-03   5.4442864362745057e-03   6.3268425836941686e-03   6.9948208873491166e-03   7.5218677886041106e-03   7.9855817357778677e-03   8.4631546501205655e-03   9.0281005485792001e-03   9.7473365905514642e-03   1.0678022149109623e-02   1.1864043401020735e-02   1.3332764064759008e-02   1.5093394256572780e-02   1.7138108721259739e-02   1.9445647084929824e-02   2.1985782656375491e-02   2.4723147459643782e-02   2.7619866110599661e-02   3.0637187106450622e-02   3.3736481206589550e-02   3.6879890876331117e-02   4.0030797015332922e-02   4.3154180675715026e-02   4.6216919295024292e-02   4.9188026263653636e-02   5.2038839885205405e-02   5.4743153500237784e-02   5.7277285464939195e-02   5.9620079315260505e-02   6.1752836670298739e-02   6.3659179568348656e-02   6.5324854242225505e-02   6.6737484496527721e-02   6.7886297051514943e-02   6.8761834395276888e-02   6.9355682053631212e-02   6.9660226170008929e-02   6.9668462716753782e-02   6.9373865601327189e-02   6.8770323943401740e-02   6.7852144182623433e-02   6.6614116366689971e-02   6.5051632040954877e-02   6.3160847078915699e-02   6.0938874167743830e-02   5.8383997445564315e-02   5.5495895052776245e-02   5.2275862918885946e-02   4.8727027397268655e-02   4.4854541211102092e-02   4.0665752355312793e-02   3.6170341567643996e-02   3.1380421480407400e-02   2.6310597541706057e-02   2.0977991844670914e-02   1.5402238639369552e-02   9.6054655135231065e-03   3.6122810596734486e-03  -2.5502015657245664e-03  -8.8522832680440061e-03  -1.5261562456635833e-02  -2.1742977764625110e-02  -2.8259308214768727e-02  -3.4772232483113182e-02  -4.1243613001299029e-02  -4.7636586290851463e-02  -5.3916262257084756e-02  -6.0050062243205506e-02  -6.6007802174272545e-02  -7.1761631495767170e-02  -7.7285916342724609e-02  -8.2557141707496964e-02
  -8.6035206746908344e-02  -9.0918131141135006e-02  -9.5504762313826846e-02  -9.9778068443219944e-02  -1.0372364353454491e-01  -1.0732981718550709e-01  -1.1058763818593971e-01  -1.1349070985678657e-01  -1.1603485317809212e-01  -1.1821765516123013e-01  -1.2003793943617599e-01  -1.2149529323210774e-01  -1.2258969753552773e-01  -1.2332137898087371e-01  -1.2369084750662174e-01  -1.2369915097608794e-01  -1.2334823692983332e-01  -1.2264140498841636e-01  -1.2158374937104921e-01  -1.2018258612758179e-01  -1.1844780551640946e-01  -1.1639215938601680e-01  -1.1403144948709790e-01  -1.1138462780923106e-01  -1.0847377595910171e-01  -1.0532396068704312e-01  -1.0196290498124438e-01  -9.8420441206419546e-02  -9.4727642901399900e-02  -9.0915603696167330e-02  -8.7013841343132808e-02  -8.3048555199151872e-02  -7.9041098222003947e-02  -7.5007187222173866e-02  -7.0957127151515934e-02  -6.6896926707410320e-02  -6.2829881947243177e-02  -5.8758111995310836e-02  -5.4683777695568821e-02  -5.0609849110363939e-02  -4.6540511101474065e-02  -4.2481273381364232e-02  -3.8438950278576099e-02  -3.4421600682783021e-02  -3.0438611742103511e-02  -2.6501069183270540e-02  -2.2622641098584050e-02  -1.8821026734291278e-02  -1.5119750948632039e-02  -1.1549625589436823e-02  -8.1492283128157469e-03  -4.9639387847624887e-03  -2.0431914792481409e-03   5.6467315663909223e-04   2.8201857993282523e-03   4.7020072165607496e-03   6.2142511222886068e-03   7.3882042316894408e-03   8.2778249970756751e-03   8.9520402177607136e-03   9.4874029487824335e-03   9.9627035447778373e-03   1.0455418317141012e-02   1.1039176291224816e-02   1.1781437339787482e-02   1.2740760650161047e-02   1.3963388031642980e-02   1.5479514526738472e-02   1.7300561248026987e-02   1.9419152678863613e-02   2.1812334837131117e-02   2.4446550828108135e-02   2.7282308232307324e-02   3.0277477448406656e-02   3.3389303165944330e-02   3.6575577027505898e-02   3.9795359563782995e-02   4.3009470371461869e-02   4.6180854829015162e-02   4.9274873793274797e-02   5.2259530675536153e-02   5.5105640400096911e-02   5.7786933262630923e-02   6.0280091780303538e-02   6.2564711655294189e-02   6.4623189329094527e-02   6.6440534892219183e-02   6.8004123962559407e-02   6.9303397605447820e-02   7.0329534998747736e-02   7.1075116465872834e-02   7.1533805772623443e-02   7.1700067768783571e-02   7.1568945464339936e-02   7.1135902924539848e-02   7.0396745988986681e-02   6.9347614436510441e-02   6.7985046044262920e-02   6.6306096642340315e-02   6.4308510216936732e-02   6.1990919527840922e-02   5.9353069880483778e-02   5.6396046830817899e-02   5.3122501784230697e-02   4.9536857576514236e-02   4.5645488815005575e-02   4.1456859454706459e-02   3.6981612613657011e-02   3.2232594755231089e-02   2.7224807505666214e-02   2.1975266987240581e-02   1.6502762869757888e-02   1.0827506263943187e-02   4.9707052305243971e-03  -1.0458025921090200e-03  -7.1995486059637792e-03  -1.3466723518236988e-02  -1.9820874908859441e-02  -2.6231956197818269e-02  -3.2666604145271803e-02  -3.9089478322840369e-02  -4.5464812161545617e-02  -5.1757603973116406e-02  -5.7934325752920485e-02  -6.3963266529768081e-02  -6.9814653135141430e-02  -7.5460671929895973e-02  -8.0875472273337315e-02
  -8.4470831735894980e-02  -8.9526540507891897e-02  -9.4300087223748011e-02  -9.8771941301103755e-02  -1.0292516110130076e-01  -1.0674550525353083e-01  -1.1022143674055167e-01  -1.1334399638734599e-01  -1.1610652955624215e-01  -1.1850430038023767e-01  -1.2053402733328314e-01  -1.2219343771112885e-01  -1.2348089430483150e-01  -1.2439520217953257e-01  -1.2493559496500894e-01  -1.2510194592591356e-01  -1.2489511532663683e-01  -1.2431742262297306e-01  -1.2337312637740352e-01  -1.2206890303518644e-01  -1.2041423871768916e-01  -1.1842175060212531e-01  -1.1610738167004150e-01  -1.1349049322715622e-01  -1.1059379876135983e-01  -1.0744314712316591e-01  -1.0406707053712146e-01  -1.0049607796559461e-01  -9.6761597051758824e-02  -9.2894607046490704e-02  -8.8924028650951670e-02  -8.4875187194103696e-02  -8.0768696594304940e-02  -7.6620101180017816e-02  -7.2440335120241145e-02  -6.8236784389072824e-02  -6.4014611160989679e-02  -5.9777990274583748e-02  -5.5531103606424229e-02  -5.1278795752645365e-02  -4.7026956212860953e-02  -4.2782657859632506e-02  -3.8554168371227875e-02  -3.4350897252897541e-02  -3.0183452050631793e-02  -2.6063979914556255e-02  -2.2007114696306364e-02  -1.8031648660575651e-02  -1.4162657759956711e-02  -1.0433227910366018e-02  -6.8850280873821793e-03  -3.5672302288679084e-03  -5.3324973732612330e-04   2.1655325700673730e-03   4.4892063421068176e-03   6.4197544335627410e-03   7.9677477730528273e-03   9.1716656764107354e-03   1.0091066680647784e-02   1.0797998684023452e-02   1.1370035432429759e-02   1.1885708675437499e-02   1.2421711981828926e-02   1.3050943056187460e-02   1.3840628800280634e-02   1.4849958784303133e-02   1.6126880357832107e-02   1.7704181044516078e-02   1.9595921817389644e-02   2.1796156700801234e-02   2.4281293144246083e-02   2.7015191541221589e-02   2.9954589853511966e-02   3.3053186387140929e-02   3.6264156835408873e-02   3.9541592914298193e-02   4.2841339256600802e-02   4.6121532060624006e-02   4.9342978008517835e-02   5.2469444197562179e-02   5.5467873981955830e-02   5.8308540617953070e-02   6.0965126895791026e-02   6.3414732002014834e-02   6.5637792470410267e-02   6.7617923678775727e-02   6.9341677211641001e-02   7.0798232391831695e-02   7.1979031005480504e-02   7.2877385876512268e-02   7.3488080699664296e-02   7.3806996497737226e-02   7.3830781309025650e-02   7.3556590991854048e-02   7.2981906137513181e-02   7.2104439046918267e-02   7.0922120991070814e-02   6.9433170468105918e-02   6.7636222259334494e-02   6.5530510895161986e-02   6.3116084490792215e-02   6.0394041598436782e-02   5.7366767586370507e-02   5.4038164374041353e-02   5.0413851293324048e-02   4.6501331773210600e-02   4.2310103405829726e-02   3.7851703896267727e-02   3.3139665829891682e-02   2.8189365688261154e-02   2.3017729320062092e-02   1.7642769231598517e-02   1.2082922545822938e-02   6.3562416964485363e-03   4.7965339457432116e-04  -5.5311544094017243e-03  -1.1660537767015512e-02  -1.7890392651728780e-02  -2.4197795375273300e-02  -3.0554421858888917e-02  -3.6927842914857116e-02  -4.3283496087471139e-02  -4.9586367768391967e-02  -5.5802085505621338e-02  -6.1897523369952280e-02  -6.7841100286766279e-02  -7.3602927741626634e-02  -7.9154906040895534e-02
  -8.2929160495758852e-02  -8.8147184442617099e-02  -9.3096896995562423e-02  -9.7756317653312830e-02  -1.0210602929739701e-01  -1.0612930561900877e-01  -1.0981213400537881e-01  -1.1314312556701904e-01  -1.1611328918427646e-01  -1.1871570551653435e-01  -1.2094511716904571e-01  -1.2279752218366438e-01  -1.2426981013633107e-01  -1.2535954405882421e-01  -1.2606489637164839e-01  -1.2638480137002722e-01  -1.2631925949776168e-01  -1.2586979450442537e-01  -1.2503994989407191e-01  -1.2383580705297012e-01  -1.2226642246410016e-01  -1.2034418747249548e-01  -1.1808503912346568e-01  -1.1550853873215366e-01  -1.1263775436452919e-01  -1.0949894886358946e-01  -1.0612099543056247e-01  -1.0253451466486449e-01  -9.8770693344942567e-02  -9.4859879741027497e-02  -9.0830115340519907e-02  -8.6705889120532134e-02  -8.2507389196741013e-02  -7.8250402391817853e-02  -7.3946840541281950e-02  -6.9605659922318111e-02  -6.5233952741386783e-02  -6.0837958877679489e-02  -5.6423906823970707e-02  -5.1998604203700866e-02  -4.7569815792352109e-02  -4.3146431118486046e-02  -3.8738497076819950e-02  -3.4357151773969995e-02  -3.0014607017159776e-02  -2.5724387761021952e-02  -2.1502232561070832e-02  -1.7367889038758712e-02  -1.3347531421686990e-02  -9.4757953731669543e-03  -5.7965192105186511e-03  -2.3615620468296350e-03   7.7304790237831683e-04   3.5546323930662968e-03   5.9448191843331083e-03   7.9304295226755722e-03   9.5286277235312952e-03   1.0783681598168379e-02   1.1758558745218181e-02   1.2526333469381819e-02   1.3164014304127218e-02   1.3748818598088106e-02   1.4355979976014774e-02   1.5057189325783156e-02   1.5919008053462413e-02   1.7000754832567244e-02   1.8351510359979929e-02   2.0006187409067400e-02   2.1981443006267191e-02   2.4273291280205472e-02   2.6858366086997987e-02   2.9698724994283845e-02   3.2747810243923536e-02   3.5955334683800848e-02   3.9270409854611610e-02   4.2643346290909830e-02   4.6026662535045615e-02   4.9375702347099260e-02   5.2649039729047588e-02   5.5808776753766665e-02   5.8820753285188598e-02   6.1654689643332594e-02   6.4284245535997375e-02   6.6686999725605878e-02   6.8844331842709799e-02   7.0741214341619951e-02   7.2365908221027828e-02   7.3709584530347996e-02   7.4765881570691084e-02   7.5530434111843348e-02   7.6000397143692333e-02   7.6174004630315095e-02   7.6050183447934627e-02   7.5628253441462928e-02   7.4907719521190033e-02   7.3888168123210474e-02   7.2569256754415432e-02   7.0950793017528074e-02   6.9032880750716091e-02   6.6816122217399868e-02   6.4301851224920645e-02   6.1492385418693764e-02   5.8391274329788731e-02   5.5003533468538798e-02   5.1335842755858833e-02   4.7396699923879453e-02   4.3196505474785707e-02   3.8747566498883314e-02   3.4063989044788051e-02   2.9161435296170751e-02   2.4056699055433929e-02   1.8767062078897240e-02   1.3309392761837124e-02   7.6990476478218800e-03   1.9488453021740751e-03  -3.9311949991327477e-03  -9.9324489979772043e-03  -1.6044421113249802e-02  -2.2251208747325835e-02  -2.8529911170724981e-02  -3.4851558062921804e-02  -4.1183296927730144e-02  -4.7490503420797421e-02  -5.3738271339866944e-02  -5.9892303255959102e-02  -6.5919407190196455e-02  -7.1787776342763482e-02  -7.7467184400695263e-02
  -8.1477172238587955e-02  -8.6843747423635376e-02  -9.1955649451599425e-02  -9.6788517650247194e-02  -1.0132053406798983e-01  -1.0553257555185377e-01  -1.0940826074407575e-01  -1.1293389459669628e-01  -1.1609828145803248e-01  -1.1889244765299273e-01  -1.2130927849201321e-01  -1.2334315156438302e-01  -1.2498959158409294e-01  -1.2624504553280133e-01  -1.2710678537214065e-01  -1.2757300910362734e-01  -1.2764309050345679e-01  -1.2731799502139865e-01  -1.2660075854729258e-01  -1.2549701333256508e-01  -1.2401544915010371e-01  -1.2216819812940331e-01  -1.1997105708283680e-01  -1.1744354651156172e-01  -1.1460874019357600e-01  -1.1149285895258271e-01  -1.0812457974882198e-01  -1.0453406814786623e-01  -1.0075177189633637e-01  -9.6807090000807422e-02  -9.2727118476034723e-02  -8.8535676129909938e-02  -8.4252815598121589e-02  -7.9894842284520762e-02  -7.5474808422042822e-02  -7.1003283433858949e-02  -6.6489255128831554e-02  -6.1940979734988889e-02  -5.7366719813504684e-02  -5.2775298363163838e-02  -4.8176485238008868e-02  -4.3581201129475354e-02  -3.9001570728715740e-02  -3.4450838693520516e-02  -2.9943252494640263e-02  -2.5494137616644850e-02  -2.1120617738995692e-02  -1.6843372782791934e-02  -1.2689224075715908e-02  -8.6934780592568053e-03  -4.9008980013183212e-03  -1.3644572281594769e-03   1.8590957930489718e-03   4.7178932805207810e-03   7.1769156893031899e-03   9.2284808646958053e-03   1.0895336823513117e-02   1.2225382980201434e-02   1.3282674534715030e-02   1.4139471752172013e-02   1.4870997703386568e-02   1.5552437590829860e-02   1.6257179879984381e-02   1.7055503635952235e-02   1.8013146835537508e-02   1.9189335747000554e-02   2.0633925683256220e-02   2.2383511111368118e-02   2.4457032208463930e-02   2.6852543607709979e-02   2.9547393287369744e-02   3.2502446700227568e-02   3.5668319746993873e-02   3.8990981045100660e-02   4.2415549562447710e-02   4.5888526499636789e-02   4.9359035492560530e-02   5.2779547179325655e-02   5.6106330598360073e-02   5.9299766525572561e-02   6.2324560442797022e-02   6.5149878605072431e-02   6.7749393893184684e-02   7.0101240115989616e-02   7.2187856956485580e-02   7.3995728615368267e-02   7.5515011903904430e-02   7.6739074094393150e-02   7.7663958836203723e-02   7.8287819175014928e-02   7.8610350580696348e-02   7.8632268158028651e-02   7.8354858617880899e-02   7.7779636095985261e-02   7.6908113055129068e-02   7.5741691404611539e-02   7.4281663669309883e-02   7.2529310601055719e-02   7.0486073404355892e-02   6.8153780115726759e-02   6.5534902843696924e-02   6.2632827234013394e-02   5.9452113803080235e-02   5.5998735795532141e-02   5.2280274799675397e-02   4.8306059617219017e-02   4.4087227413787317e-02   3.9636688249587756e-02   3.4968962565736908e-02   3.0099861305242479e-02   2.5045962156398927e-02   1.9823841152107908e-02   1.4449028128048200e-02   8.9347545942830911e-03   3.2907761759881499e-03  -2.4770329692461457e-03  -8.3653627348692292e-03  -1.4370025567316660e-02  -2.0481721445929038e-02  -2.6683392957308476e-02  -3.2950368665739950e-02  -3.9252373945588913e-02  -4.5555893422361791e-02  -5.1826034755294820e-02  -5.8027739071130693e-02  -6.4126512119020346e-02  -7.0088863837139012e-02  -7.5882618845813085e-02
  -8.0179340560069312e-02  -8.5677436543222421e-02  -9.0934350557375032e-02  -9.5923452787111771e-02  -1.0062062911297509e-01  -1.0500446567137493e-01  -1.0905632764339336e-01  -1.1276033623869795e-01  -1.1610321941236444e-01  -1.1907407324803641e-01  -1.2166403953654135e-01  -1.2386597205106108e-01  -1.2567411628776648e-01  -1.2708388757354713e-01  -1.2809175963528727e-01  -1.2869532688973348e-01  -1.2889350806356323e-01  -1.2868690899893095e-01  -1.2807826239534939e-01  -1.2707292497229208e-01  -1.2567932889626515e-01  -1.2390935933627532e-01  -1.2177856801214461e-01  -1.1930620270961054e-01  -1.1651499038925120e-01  -1.1343066349900707e-01  -1.1008121320951628e-01  -1.0649589973427667e-01  -1.0270410211847972e-01  -9.8734127450195386e-02  -9.4612168363643778e-02  -9.0361544204312583e-02  -8.6002358441731167e-02  -8.1551559299364501e-02  -7.7023364116558427e-02  -7.2429897927319978e-02  -6.7781945408327576e-02  -6.3089685967550296e-02  -5.8363359673726051e-02  -5.3613807349756668e-02  -4.8852877289740318e-02  -4.4093673236279621e-02  -3.9350640030272735e-02  -3.4639472436112914e-02  -2.9976898334419026e-02  -2.5380540955067938e-02  -2.0869323591438303e-02  -1.6464966402192305e-02  -1.2194526570325138e-02  -8.0929783442553575e-03  -4.2044596907447190e-03  -5.8106254347104619e-04   2.7220223060059126e-03   5.6558921895854333e-03   8.1901453333707158e-03   1.0322255943898476e-02   1.2078715124517525e-02   1.3508633000269575e-02   1.4675031776915162e-02   1.5647871596195802e-02   1.6499696466874852e-02   1.7303194976351154e-02   1.8129726517931946e-02   1.9048136446439962e-02   2.0123380263219880e-02   2.1414598249930930e-02   2.2972299768794537e-02   2.4834475167677436e-02   2.7021983628018359e-02   2.9534702524626547e-02   3.2350776851766447e-02   3.5430186693063428e-02   3.8721049915787606e-02   4.2165813242788855e-02   4.5705709209277703e-02   4.9283452741476455e-02   5.2844752116267130e-02   5.6339164543964919e-02   5.9720611680720743e-02   6.2947719001110736e-02   6.5984042992787290e-02   6.8798208807449163e-02   7.1363951427541233e-02   7.3660050088766416e-02   7.5670139262817376e-02   7.7382389796731621e-02   7.8789060917989998e-02   7.9885940238322337e-02   8.0671700672939967e-02   8.1147216570956665e-02   8.1314889228710205e-02   8.1178029595230267e-02   8.0740341964494949e-02   8.0005535580962600e-02   7.8977080905452621e-02   7.7658104997232497e-02   7.6051415974942208e-02   7.4159629699552809e-02   7.1985376678185900e-02   6.9531558330037033e-02   6.6801631541061252e-02   6.3799895935715722e-02   6.0531767071737325e-02   5.7004016168663643e-02   5.3224960710677532e-02   4.9204588452956041e-02   4.4954594262929179e-02   4.0488308714109092e-02   3.5820488325311095e-02   3.0966937166841835e-02   2.5943916719395062e-02   2.0767312046134939e-02   1.5451536818734880e-02   1.0008258898283690e-02   4.4452114746449320e-03  -1.2342962618798470e-03  -7.0303274793987111e-03  -1.2943208133047682e-02  -1.8969224967253659e-02  -2.5097193158116871e-02  -3.1307539262171807e-02  -3.7573643313717035e-02  -4.3864115712592133e-02  -5.0144900505657682e-02  -5.6380804900002607e-02  -6.2536501657674881e-02  -6.8577172340763992e-02  -7.4468962099806302e-02
  -7.9096208674566876e-02  -8.4705685166955078e-02  -9.0087350448680256e-02  -9.5212486093921522e-02  -1.0005483870008312e-01  -1.0459084601939639e-01  -1.0879975416735976e-01  -1.1266363170113636e-01  -1.1616725685669185e-01  -1.1929791430234628e-01  -1.2204510819813279e-01  -1.2440025716724862e-01  -1.2635639768718640e-01  -1.2790797003244450e-01  -1.2905070432515978e-01  -1.2978165756828741e-01  -1.3009938317679898e-01  -1.3000424193836935e-01  -1.2949879372509598e-01  -1.2858824176891429e-01  -1.2728084461508765e-01  -1.2558825247754890e-01  -1.2352568847020928e-01  -1.2111193793895669e-01  -1.1836909640253312e-01  -1.1532206579422244e-01  -1.1199780724079537e-01  -1.0842439692405229e-01  -1.0462998256470817e-01  -1.0064175335042097e-01  -9.6485072555755169e-02  -9.2182871579178399e-02  -8.7755386746739134e-02  -8.3220219941729442e-02  -7.8592684893061399e-02  -7.3886338317840181e-02  -6.9113615578469789e-02  -6.4286481885177479e-02  -5.9417050935201672e-02  -5.4518123593564977e-02  -4.9603626177902212e-02  -4.4688914954566020e-02  -3.9790913493230794e-02  -3.4928037204320972e-02  -3.0119898623685630e-02  -2.5386931437291621e-02  -2.0750361073151535e-02  -1.6233181914336165e-02  -1.1862364517739685e-02  -7.6715045618960739e-03  -3.7023733935182823e-03  -3.9272496872924667e-06   3.3726037262496456e-03   6.3831661423529792e-03   9.0025211772743474e-03   1.1232163437194478e-02   1.3100113227864058e-02   1.4654389622936408e-02   1.5955207088879729e-02   1.7069081809252595e-02   1.8065243120736221e-02   1.9013598588609494e-02   1.9983428149377435e-02   2.1042240273620071e-02   2.2254382884489790e-02   2.3679084894758614e-02   2.5367595083251440e-02   2.7359207378858968e-02   2.9676416547081100e-02   3.2320565950890418e-02   3.5270359806767314e-02   3.8484862660470021e-02   4.1909798686140892e-02   4.5484225933067154e-02   4.9145592599004487e-02   5.2832888013571000e-02   5.6488430113175975e-02   6.0058865055982263e-02   6.3495757831332461e-02   6.6755970099461479e-02   6.9801912781454242e-02   7.2601698066208586e-02   7.5129186788634506e-02   7.7363911411929831e-02   7.9290855746473404e-02   8.0900076257393594e-02   8.2186166632044699e-02   8.3147581326644238e-02   8.3785860184614813e-02   8.4104805022730933e-02   8.4109677055648174e-02   8.3806472242728178e-02   8.3201333492535348e-02   8.2300123752315824e-02   8.1108179325526594e-02   7.9630225009050135e-02   7.7870436238219626e-02   7.5832607855213854e-02   7.3520403635806253e-02   7.0937647825808595e-02   6.8088636611954051e-02   6.4978442605541600e-02   6.1613195424350613e-02   5.8000320958453810e-02   5.4148722049020763e-02   5.0068886258521003e-02   4.5772897634138852e-02   4.1274335560532491e-02   3.6588026419288815e-02   3.1729626316462062e-02   2.6714994130948327e-02   2.1559343678079001e-02   1.6276170452631550e-02   1.0876053443843681e-02   5.3655597114441594e-03  -2.5324386478126071e-04  -5.9820237354359651e-03  -1.1823657443763000e-02  -1.7778407276826946e-02  -2.3840242274181751e-02  -2.9994969122652593e-02  -3.6220558177452511e-02  -4.2488884955472220e-02  -4.8767788183823359e-02  -5.5022814171749465e-02  -6.1218488118512264e-02  -6.7319193795160992e-02  -7.3289810448642717e-02
  -7.8282246404865849e-02  -8.3980296103799021e-02  -8.9463716492017370e-02  -9.4701985118126497e-02  -9.9666947143671053e-02  -1.0433309332531984e-01  -1.0867772176542956e-01  -1.1268099639651070e-01  -1.1632587463011924e-01  -1.1959794272046928e-01  -1.2248516145542404e-01  -1.2497758894980981e-01  -1.2706710501211982e-01  -1.2874720784474367e-01  -1.3001290135930127e-01  -1.3086071736440952e-01  -1.3128885922321865e-01  -1.3129746912216250e-01  -1.3088896972826181e-01  -1.3006844665853512e-01  -1.2884400237365173e-01  -1.2722703174543568e-01  -1.2523235335859639e-01  -1.2287815524094986e-01  -1.2018571955276602e-01  -1.1717891939896144e-01  -1.1388351139129163e-01  -1.1032627596401065e-01  -1.0653409775692001e-01  -1.0253308529575339e-01  -9.8347844176436772e-02  -9.4000976840237893e-02  -8.9512859105181850e-02  -8.4901683675155909e-02  -8.0183736870825084e-02  -7.5373840404872050e-02  -7.0485898171693179e-02  -6.5533484432300296e-02  -6.0530430738769125e-02  -5.5491374192517262e-02  -5.0432237681943728e-02  -4.5370602362689583e-02  -4.0325919928028656e-02  -3.5319485362665021e-02  -3.0374099916861855e-02  -2.5513459909195277e-02  -2.0761604653640190e-02  -1.6143128058072883e-02  -1.1684720455578248e-02  -7.4176362272131147e-03  -3.3795521184556004e-03   3.8595221687416637e-04   3.8338271755342171e-03   6.9262751078665794e-03   9.6431258702393691e-03   1.1988348791198825e-02   1.3989315814265546e-02   1.5690983825079260e-02   1.7149357140777970e-02   1.8426654863429516e-02   1.9588348541933059e-02   2.0701404705006900e-02   2.1833059844332887e-02   2.3049658740750531e-02   2.4415204139596653e-02   2.5989305801616781e-02   2.7824192750281258e-02   2.9960542811413589e-02   3.2422323981529964e-02   3.5211958761685785e-02   3.8308263991083807e-02   4.1669067019651854e-02   4.5237566111933594e-02   4.8949439810234668e-02   5.2738421763210253e-02   5.6539854628217943e-02   6.0292727945611399e-02   6.3940817052812154e-02   6.7433352062873222e-02   7.0725445642578058e-02   7.3778384173914413e-02   7.6559810126941158e-02   7.9043789417705110e-02   8.1210735205730120e-02   8.3047161046012369e-02   8.4545237624110231e-02   8.5702154618048240e-02   8.6519304330589950e-02   8.7001344296126437e-02   8.7155204015100005e-02   8.6989132499284527e-02   8.6511856077615218e-02   8.5731921743450901e-02   8.4657245472072845e-02   8.3294883084232038e-02   8.1650986833710387e-02   7.9730924065725892e-02   7.7539501555223517e-02   7.5081264469628151e-02   7.2360825274380453e-02   6.9383199741249152e-02   6.6154124133974354e-02   6.2680336559994526e-02   5.8969809936200185e-02   5.5031917282250750e-02   5.0877522287039151e-02   4.6518966018037858e-02   4.1969941287054710e-02   3.7245215736343470e-02   3.2360195205746192e-02   2.7330287134778346e-02   2.2170076510738174e-02   1.6892319179917611e-02   1.1506871603102306e-02   6.0197446709858715e-03   4.3268135560688148e-04  -5.2562891333267775e-03  -1.1050916436469028e-02  -1.6953626185142734e-02  -2.2962124492598851e-02  -2.9067028941859474e-02  -3.5251214613595427e-02  -4.1490705854229343e-02  -4.7756319525097714e-02  -5.4015381341214461e-02  -6.0233166590427212e-02  -6.6374002198841542e-02  -7.2402106490042140e-02
  -7.7782686863312536e-02  -8.3544776091578801e-02  -8.9104986585622797e-02  -9.4431417412519925e-02  -9.9494367543220080e-02  -1.0426667020165678e-01  -1.0872390704813401e-01  -1.1284451972209626e-01  -1.1660978571848771e-01  -1.2000370105683227e-01  -1.2301276374134765e-01  -1.2562572788628606e-01  -1.2783334777653238e-01  -1.2962818701690354e-01  -1.3100450766940216e-01  -1.3195828420914379e-01  -1.3248732673924571e-01  -1.3259151322526502e-01  -1.3227308385007064e-01  -1.3153696380173630e-01  -1.3039105250462302e-01  -1.2884643353657493e-01  -1.2691744995023657e-01  -1.2462160961818161e-01  -1.2197929588373541e-01  -1.1901328422399418e-01  -1.1574809248938560e-01  -1.1220921691813349e-01  -1.0842233325340234e-01  -1.0441254583038428e-01  -1.0020376969908862e-01  -9.5818303855513307e-02  -9.1276630476768081e-02  -8.6597435209428822e-02  -8.1797824436355637e-02  -7.6893695373806137e-02  -7.1900212950196135e-02  -6.6832349473576871e-02  -6.1705452159581113e-02  -5.6535806429637528e-02  -5.1341165628643250e-02  -4.6141204228709945e-02  -4.0957826415553275e-02  -3.5815221610654271e-02  -3.0739528292392231e-02  -2.5758015872845989e-02  -2.0897963723058119e-02  -1.6185915974597620e-02  -1.1648233690196651e-02  -7.3130933810179322e-03  -3.2126194416176035e-03   6.1688639962188124e-04   4.1383127439731243e-03   7.3209834486539574e-03   1.0149306395651231e-02   1.2628156485168102e-02   1.4782388774516958e-02   1.6652341348154041e-02   1.8288751939825446e-02   1.9748925110481423e-02   2.1094277900028817e-02   2.2388764888576322e-02   2.3697672437508765e-02   2.5086401461439051e-02   2.6618924931632801e-02   2.8355602884642849e-02   3.0349993809156588e-02   3.2644371613826828e-02   3.5264122436935164e-02   3.8212372721570964e-02   4.1467480941337211e-02   4.4985507100348390e-02   4.8706802302595283e-02   5.2563560727931127e-02   5.6485832439477857e-02   6.0405398372453074e-02   6.4258006777304533e-02   6.7984630016728262e-02   7.1532209222232607e-02   7.4854141005708447e-02   7.7910622573424210e-02   8.0668883456513671e-02   8.3103291977090446e-02   8.5195293874488931e-02   8.6933144656208175e-02   8.8311395383811969e-02   8.9330131024296322e-02   8.9993978914450920e-02   9.0310970061187407e-02   9.0291340106599144e-02   8.9946404883206474e-02   8.9287594785677049e-02   8.8325745200395850e-02   8.7070645746272463e-02   8.5530861414198592e-02   8.3713757863452254e-02   8.1625698095194141e-02   7.9272333381180435e-02   7.6658956299943293e-02   7.3790864304043940e-02   7.0673714363930440e-02   6.7313844646790535e-02   6.3718548438314399e-02   5.9896293136248238e-02   5.5856864617175893e-02   5.1611435589347845e-02   4.7172527561586922e-02   4.2553866615910166e-02   3.7770089770213282e-02   3.2836305629478479e-02   2.7767470065638997e-02   2.2577610808441770e-02   1.7278910649967540e-02   1.1880779957273470e-02   6.3890683667806175e-03   8.0573441217553221e-04  -4.8707298758245143e-03  -1.0643825735247817e-02  -1.6516641120254916e-02  -2.2488996929995848e-02  -2.8555060480025429e-02  -3.4702078782042491e-02  -4.0910438765020554e-02  -4.7154653545038748e-02  -5.3404773729259031e-02  -5.9627796281302020e-02  -6.5788890496336211e-02  -7.1852404688759516e-02
  -7.7629532274147858e-02  -8.3430948178790945e-02  -8.9042343820768061e-02  -9.4431016487697680e-02  -9.9566213392776298e-02  -1.0441951753480636e-01  -1.0896511825964561e-01  -1.1317997798061052e-01  -1.1704386959042291e-01  -1.2053931664616724e-01  -1.2365142778686310e-01  -1.2636769145407151e-01  -1.2867774549293279e-01  -1.3057320122807056e-01  -1.3204753508133946e-01  -1.3309609757894025e-01  -1.3371621997833491e-01  -1.3390741979325385e-01  -1.3367165430805356e-01  -1.3301359124648732e-01  -1.3194083762043884e-01  -1.3046408865885090e-01  -1.2859714985446344e-01  -1.2635680809964850e-01  -1.2376253477228166e-01  -1.2083602904570892e-01  -1.1760062848630677e-01  -1.1408063554443097e-01  -1.1030062384656594e-01  -1.0628479258420649e-01  -1.0205643402020234e-01  -9.7637559719430764e-02  -9.3048711794847208e-02  -8.8308960806021852e-02  -8.3436074711501898e-02  -7.8446829423807762e-02  -7.3357430510643931e-02  -6.8184014131993126e-02  -6.2943201100372104e-02  -5.7652679799756967e-02  -5.2331789964976748e-02  -4.7002063915647416e-02  -4.1687649810661004e-02  -3.6415481346925405e-02  -3.1214986830980739e-02  -2.6117108893317469e-02  -2.1152615527567597e-02  -1.6350288781022793e-02  -1.1736236665209510e-02  -7.3351584778034856e-03  -3.1726843194432169e-03   7.2341827609131992e-04   4.3250598881194036e-03   7.6090410623348148e-03   1.0563720149054365e-02   1.3193571064946633e-02   1.5519520298537121e-02   1.7576159294723663e-02   1.9408213690270557e-02   2.1067654310819736e-02   2.2611665721005501e-02   2.4101188284792949e-02   2.5599691030258023e-02   2.7171877403096942e-02   2.8882034251109620e-02   3.0791684209995507e-02   3.2956129812084491e-02   3.5419534582901410e-02   3.8208714288828299e-02   4.1327134456848873e-02   4.4752055684966298e-02   4.8437124229537949e-02   5.2319412926919898e-02   5.6327458480854353e-02   6.0387632995712745e-02   6.4428242433821753e-02   6.8381895523043953e-02   7.2186846308291336e-02   7.5787807004205496e-02   7.9136502136234133e-02   8.2192085409696067e-02   8.4921443732987614e-02   8.7299365639395457e-02   8.9308513516386440e-02   9.0939141320092592e-02   9.2188496519115259e-02   9.3059902140484457e-02   9.3561542001470530e-02   9.3705067956939475e-02   9.3504150641313316e-02   9.2973165766461627e-02   9.2126115294983477e-02   9.0975899511371278e-02   8.9533910363560301e-02   8.7809946181534343e-02   8.5812335942806350e-02   8.3548233806922598e-02   8.1023981247406979e-02   7.8245513806614389e-02   7.5218750706811888e-02   7.1949961870904425e-02   6.8446082122352842e-02   6.4714970853385512e-02   6.0765605347852220e-02   5.6608198084079776e-02   5.2254236609199242e-02   4.7716422207389364e-02   4.3008507020517311e-02   3.8144993676526934e-02   3.3140705826361756e-02   2.8010196212612696e-02   2.2767034071265957e-02   1.7422986488549723e-02   1.1987225339443963e-02   6.4656812279782067e-03   8.6079882198002167e-04  -4.8281142975988012e-03  -1.0603738345195554e-02  -1.6468879244751218e-02  -2.2424166185891228e-02  -2.8465915609793502e-02  -3.4584645767852557e-02  -4.0764577290841389e-02  -4.6983990490234703e-02  -5.3216179469926052e-02  -5.9430629254211151e-02  -6.5594213162415732e-02  -7.1672267732272102e-02
  -7.7838075721042704e-02  -8.3655817587820591e-02  -8.9293902458411178e-02  -9.4719503478414430e-02  -9.9901425354179160e-02  -1.0481052535994442e-01  -1.0942003579785206e-01  -1.1370577573984102e-01  -1.1764625580344645e-01  -1.2122268141648962e-01  -1.2441885898483444e-01  -1.2722104362517425e-01  -1.2961775097155856e-01  -1.3159960193817608e-01  -1.3315922175029093e-01  -1.3429124565154180e-01  -1.3499241380770460e-01  -1.3526175673401367e-01  -1.3510081770639942e-01  -1.3451388207808262e-01  -1.3350815573248731e-01  -1.3209386243355409e-01  -1.3028422083669999e-01  -1.2809528734353251e-01  -1.2554565505307214e-01  -1.2265602270399734e-01  -1.1944865884143877e-01  -1.1594680434229657e-01  -1.1217406524123265e-01  -1.0815385022748956e-01  -1.0390890302388456e-01  -9.9460966441255544e-02  -9.4830601345501545e-02  -9.0037163535775067e-02  -8.5098932130123386e-02  -8.0033371145076693e-02  -7.4857505007463784e-02  -6.9588386580626299e-02  -6.4243641816382271e-02  -5.8842071120601941e-02  -5.3404287639464421e-02  -4.7953350389397027e-02  -4.2515313255289892e-02  -3.7119531975173856e-02  -3.1798459024305309e-02  -2.6586554351134630e-02  -2.1518072765850320e-02  -1.6624169815933398e-02  -1.1930848094259226e-02  -7.4593133756669788e-03  -3.2284429507066226e-03   7.4292224678915858e-04   4.4359880290334441e-03   7.8349207619354613e-03   1.0931440805843413e-02   1.3728731002135772e-02   1.6242889994378500e-02   1.8502055447509297e-02   2.0544481458422491e-02   2.2416565585583241e-02   2.4171190974398044e-02   2.5866343038066245e-02   2.7563836296617371e-02   2.9327933806610938e-02   3.1223584403313354e-02   3.3313896786285872e-02   3.5656356280534422e-02   3.8297340357389804e-02   4.1265122667468082e-02   4.4563131313679012e-02   4.8166857412179805e-02   5.2026858132951867e-02   5.6076480513395865e-02   6.0240424878060743e-02   6.4441391994182987e-02   6.8604305433031837e-02   7.2658742815285754e-02   7.6540330604840404e-02   8.0191616568803553e-02   8.3562701440670156e-02   8.6611747708283171e-02   8.9305385016166999e-02   9.1618968707337337e-02   9.3536607753171741e-02   9.5050870072600629e-02   9.6162080253361149e-02   9.6877192517885152e-02   9.7208281648005365e-02   9.7170825106497910e-02   9.6781962619550646e-02   9.6058991678869721e-02   9.5018213634084969e-02   9.3674248684678330e-02   9.2039734779168200e-02   9.0125381897288498e-02   8.7940220121173224e-02   8.5491999746673528e-02   8.2787621553791241e-02   7.9833590327515427e-02   7.6636420622740814e-02   7.3203008588384563e-02   6.9540929353783670e-02   6.5658676820965170e-02   6.1565820884403544e-02   5.7273094903685429e-02   5.2792394926461143e-02   4.8136691258925730e-02   4.3319841153272587e-02   3.8356289761010992e-02   3.3260654063083692e-02   2.8047177189225135e-02   2.2729084219163004e-02   1.7317867240987148e-02   1.1822610278346767e-02   6.2494624802911791e-03   6.0145881000878143e-04  -5.1211772649692178e-03  -1.0920109549893323e-02  -1.6797414548346587e-02  -2.2753726913415151e-02  -2.8786412843984657e-02  -3.4888113177305106e-02  -4.1045971999438539e-02  -4.7241552623052484e-02  -5.3451362298277752e-02  -5.9647716581960844e-02  -6.5799780995725088e-02  -7.1874600448301768e-02
  -7.8406232000140755e-02  -8.4220526297031251e-02  -8.9863512019004541e-02  -9.5302903350144033e-02  -1.0050769778317391e-01  -1.0544861405098249e-01  -1.1009844535814171e-01  -1.1443229882166489e-01  -1.1842775663376304e-01  -1.2206493478776376e-01  -1.2532647079658310e-01  -1.2819743760583657e-01  -1.3066522233244143e-01  -1.3271940508978849e-01  -1.3435168057081662e-01  -1.3555586286332477e-01  -1.3632797494312654e-01  -1.3666641981539523e-01  -1.3657218306662744e-01  -1.3604903285070707e-01  -1.3510366184346945e-01  -1.3374574423857935e-01  -1.3198787668107612e-01  -1.2984539780136897e-01  -1.2733608385633405e-01  -1.2447973761972425e-01  -1.2129769536029908e-01  -1.1781228883140207e-01  -1.1404630474915189e-01  -1.1002248460194149e-01  -1.0576310591065691e-01  -1.0128967305899231e-01  -9.6622738975464750e-02  -9.1781862599037228e-02  -8.6785702992783570e-02  -8.1652237524782484e-02  -7.6399097438179214e-02  -7.1044005198109120e-02  -6.5605308459479067e-02  -6.0102597024999614e-02  -5.4557391532763719e-02  -4.8993864300896674e-02  -4.3439517730969615e-02  -3.7925641840505092e-02  -3.2487227026477987e-02  -2.7161820576960347e-02  -2.1986868775119798e-02  -1.6995813642690816e-02  -1.2214699176142298e-02  -7.6615779833268949e-03  -3.3490462609027799e-03   7.1242237416681287e-04   4.5127297807492570e-03   8.0428342409057246e-03   1.1297310862466756e-02   1.4277610064059802e-02   1.6994619011186297e-02   1.9469723699704088e-02   2.1734525635381370e-02   2.3829788680653011e-02   2.5804136478875909e-02   2.7712720802651004e-02   2.9615889300126527e-02   3.1577719104729438e-02   3.3664150604223494e-02   3.5940278326830992e-02   3.8466187756855466e-02   4.1290771035231114e-02   4.4443754199052402e-02   4.7928121372522968e-02   5.1716931259531099e-02   5.5757033811219762e-02   5.9977672849056883e-02   6.4299586358557148e-02   6.8641838985008155e-02   7.2926075640768570e-02   7.7078953284635848e-02   8.1033559437310304e-02   8.4730338469868466e-02   8.8117814982593023e-02   9.1153219531905166e-02   9.3803031238220702e-02   9.6043359874506004e-02   9.7860056199718284e-02   9.9248400086865113e-02   1.0021225222770885e-01   1.0076263256731964e-01   1.0091581964473878e-01   1.0069122492868279e-01   1.0010933640952407e-01   9.9190060277265485e-02   9.7951577361235678e-02   9.6409785650258345e-02   9.4578170616517160e-02   9.2468028392886523e-02   9.0088846455565280e-02   8.7448800303659813e-02   8.4555241259436836e-02   8.1415185504922827e-02   7.8035729902649814e-02   7.4424424758241681e-02   7.0589552075879788e-02   6.6540343379909689e-02   6.2287097768004750e-02   5.7841231353265035e-02   5.3215225978635143e-02   4.8422507593610178e-02   4.3477222410714028e-02   3.8393932038592059e-02   3.3187203198238036e-02   2.7871113880804915e-02   2.2458676338228387e-02   1.6961227634538674e-02   1.1387858392460468e-02   5.7449918129170024e-03   3.6251548969898351e-05  -5.7372647723624021e-03  -1.1576220991577547e-02  -1.7481835139912361e-02  -2.3454360391516799e-02  -2.9491533148465504e-02  -3.5587240257677545e-02  -4.1730659987541829e-02  -4.7905938536710380e-02  -5.4092400917923472e-02  -6.0265132195577428e-02  -6.6395813512863749e-02  -7.2453635914324466e-02
  -7.9317860566204518e-02  -8.5112668664753130e-02  -9.0742268216677469e-02  -9.6175462617167043e-02  -1.0138200026702834e-01  -1.0633301635678198e-01  -1.1100139104235340e-01  -1.1536200158324944e-01  -1.1939190918854310e-01  -1.2307045739292560e-01  -1.2637932452895037e-01  -1.2930250761168521e-01  -1.3182628407780508e-01  -1.3393914751562996e-01  -1.3563177449415861e-01  -1.3689704135026007e-01  -1.3773012009592900e-01  -1.3812864059143029e-01  -1.3809288542317594e-01  -1.3762597224765849e-01  -1.3673397351682787e-01  -1.3542594463686253e-01  -1.3371383804538256e-01  -1.3161230274026470e-01  -1.2913837499065378e-01  -1.2631107976384992e-01  -1.2315096796072605e-01  -1.1967962101036887e-01  -1.1591915910433483e-01  -1.1189178617700993e-01  -1.0761940523147547e-01  -1.0312332616222110e-01  -9.8424086729800520e-02  -9.3541390822090190e-02  -8.8494170665212757e-02  -8.3300766002008669e-02  -7.7979221202047630e-02  -7.2547691431120331e-02  -6.7024962433180457e-02  -6.1431074779849500e-02  -5.5788053185849243e-02  -5.0120706079778025e-02  -4.4457426587077770e-02  -3.8830802833350456e-02  -3.3277669859627768e-02  -2.7837964683032450e-02  -2.2551726134413849e-02  -1.7454337230638828e-02  -1.2571964574514781e-02  -7.9201275051911935e-03  -3.5062706716507339e-03   6.6604454481167946e-04   4.5939666151337266e-03   8.2741746905464070e-03   1.1703598953452500e-02   1.4881892505073845e-02   1.7814822192637386e-02   2.0517123231498922e-02   2.3013845470674400e-02   2.5340248170124730e-02   2.7540859475580257e-02   2.9668187134235781e-02   3.1781322058048574e-02   3.3944393026148864e-02   3.6224615128803407e-02   3.8689404472286373e-02   4.1401791324269153e-02   4.4413404348336336e-02   4.7755341452697331e-02   5.1429706427775126e-02   5.5406525202362326e-02   5.9628458348607555e-02   6.4020410580918244e-02   6.8499127790856651e-02   7.2980121826990083e-02   7.7381878126066422e-02   8.1628242440437176e-02   8.5649844002980216e-02   8.9385077832753818e-02   9.2780938295839360e-02   9.5793795179784008e-02   9.8390117319882342e-02   1.0054702140302840e-01   1.0225248789223707e-01   1.0350501086304600e-01   1.0431252608963966e-01   1.0469056472556262e-01   1.0465983139056054e-01   1.0424360142273792e-01   1.0346538213313619e-01   1.0234720269226830e-01   1.0090860209912209e-01   9.9166283374990408e-02   9.7134198669595384e-02   9.4823940540049056e-02   9.2245243386385942e-02   8.9406555289660794e-02   8.6315574458984343e-02   8.2979762890718123e-02   7.9406774756934417e-02   7.5604827632785990e-02   7.1582969261470869e-02   6.7351272764020170e-02   6.2920918906399059e-02   5.8304204155384884e-02   5.3514439182833641e-02   4.8565777255996256e-02   4.3472940259677115e-02   3.8250887640219597e-02   3.2914396701239586e-02   2.7477601021893241e-02   2.1953469539374604e-02   1.6353296733762332e-02   1.0686230622171555e-02   4.9589529473236943e-03  -8.2440676582647143e-04  -6.6620079199210952e-03  -1.2553647445000662e-02  -1.8499736773300010e-02  -2.4500027794193184e-02  -3.0552277481782658e-02  -3.6651061705106174e-02  -4.2786924162670319e-02  -4.8945948630322936e-02  -5.5109775126809854e-02  -6.1255975031698773e-02  -6.7358693648601850e-02  -7.3389427442204128e-02
  -8.0548435900793344e-02  -8.6310993632832941e-02  -9.1912266265142178e-02  -9.7322537574700260e-02  -1.0251273665525774e-01  -1.0745486969865503e-01  -1.1212236350082115e-01  -1.1649031983310601e-01  -1.2053570186893878e-01  -1.2423745407301140e-01  -1.2757658407799211e-01  -1.3053620313292441e-01  -1.3310155645787772e-01  -1.3526003666927075e-01  -1.3700121900669843e-01  -1.3831691962715431e-01  -1.3920131564400468e-01  -1.3965111218139969e-01  -1.3966574142450772e-01  -1.3924753925114738e-01  -1.3840185707417163e-01  -1.3713707141131332e-01  -1.3546447854477633e-01  -1.3339807573329948e-01  -1.3095424408344425e-01  -1.2815135381740028e-01  -1.2500931939766685e-01  -1.2154913169168360e-01  -1.1779239838016901e-01  -1.1376091878130502e-01  -1.0947632131631763e-01  -1.0495978069189603e-01  -1.0023183298762088e-01  -9.5312294220121177e-02  -9.0220291682431258e-02  -8.4974404810040829e-02  -7.9592923307503616e-02  -7.4094218907516760e-02  -6.8497242463926453e-02  -6.2822145470326773e-02  -5.7091034725951367e-02  -5.1328833348161712e-02  -4.5564188464976597e-02  -3.9830225894108673e-02  -3.4164750725634449e-02  -2.8609150926064794e-02  -2.3205176750497047e-02  -1.7989554283098667e-02  -1.2988557465551449e-02  -8.2159816517983278e-03  -3.6757498820370119e-03   6.3332542081895316e-04   4.7134660701971670e-03   8.5654815439571708e-03   1.2188014801841458e-02   1.5579076075619189e-02   1.8739795109512909e-02   2.1678734163778919e-02   2.4414782690050735e-02   2.6978030175336641e-02   2.9409209108134639e-02   3.1758449874489197e-02   3.4083817747783490e-02   3.6449699587924031e-02   3.8924791067511191e-02   4.1579053202645308e-02   4.4478672441062732e-02   4.7678100579575319e-02   5.1209627567675373e-02   5.5074040957114601e-02   5.9237868900613486e-02   6.3639306907056353e-02   6.8198868695272363e-02   7.2829394110203644e-02   7.7442981037093184e-02   8.1955090251424348e-02   8.6286863199701969e-02   9.0366541695756281e-02   9.4130518829569687e-02   9.7524308194335885e-02   1.0050351630268156e-01   1.0303479966370210e-01   1.0509663204662156e-01   1.0667963942617752e-01   1.0778615700453963e-01   1.0842878997560376e-01   1.0862796133541655e-01   1.0840883846491854e-01   1.0779825079919023e-01   1.0682218924253678e-01   1.0550420318622525e-01   1.0386464441148374e-01   1.0192058109285423e-01   9.9686098693717945e-02   9.7172834020033544e-02   9.4390576145283359e-02   9.1347894108222846e-02   8.8052715310255311e-02   8.4512860238209753e-02   8.0736488431339917e-02   7.6732470919000817e-02   7.2510654835400326e-02   6.8082037831340494e-02   6.3458826135350116e-02   5.8654398887172277e-02   5.3683157455186314e-02   4.8560293423054811e-02   4.3301460569349470e-02   3.7922390623920624e-02   3.2438440827882761e-02   2.6864125369214287e-02   2.1212626263798946e-02   1.5495350810412131e-02   9.7215522167536511e-03   3.8981096041979246e-03  -1.9704902063679419e-03  -7.8818720720464641e-03  -1.3835182482468969e-02  -1.9830189935705719e-02  -2.5866186947326425e-02  -3.1940825456673962e-02  -3.8049066831765239e-02  -4.4182382484331040e-02  -5.0328303616905053e-02  -5.6470333907284495e-02  -6.2588190784966899e-02  -6.8658295915885126e-02  -7.4654425584945686e-02
  -8.2070254868120862e-02  -8.7790158234943794e-02  -9.3350788773325963e-02  -9.8724160167378491e-02  -1.0388268252976524e-01  -1.0879956927330012e-01  -1.1344915575118866e-01  -1.1780714548149915e-01  -1.2185078397077766e-01  -1.2555898409275579e-01  -1.2891241000619560e-01  -1.3189354817332649e-01  -1.3448677375733545e-01  -1.3667843463715490e-01  -1.3845695590871429e-01  -1.3981297696056011e-01  -1.4073952333751463e-01  -1.4123220992914742e-01  -1.4128945959159148e-01  -1.4091269012136864e-01  -1.4010642981976137e-01  -1.3887831864891467e-01  -1.3723898939465728e-01  -1.3520183023255244e-01  -1.3278265492800972e-01  -1.2999930270702278e-01  -1.2687119910389186e-01  -1.2341890144474688e-01  -1.1966365762760187e-01  -1.1562699838124607e-01  -1.1133038593366469e-01  -1.0679493300750927e-01  -1.0204120815235740e-01  -9.7089132950082035e-02  -9.1957980943852172e-02  -8.6666480190185316e-02  -8.1233028590810552e-02  -7.5676025870891173e-02  -7.0014337797265527e-02  -6.4267899691672542e-02  -5.8458475592299580e-02  -5.2610558318089050e-02  -4.6752357256198598e-02  -4.0916678944086501e-02  -3.5141275279112164e-02  -2.9467845974584905e-02  -2.3938738557223317e-02  -1.8591221647775838e-02  -1.3451581112665353e-02  -8.5328140512919148e-03  -3.8372596613834575e-03   6.3842187413744311e-04   4.8988582008637066e-03   8.9469320794599710e-03   1.2782069252212577e-02   1.6400799439332238e-02   1.9800348753548788e-02   2.2983911066564541e-02   2.5964894405773049e-02   2.8768773031775594e-02   3.1432935179227982e-02   3.4005487401582213e-02   3.6543720729896950e-02   3.9112440120363287e-02   4.1781915420707610e-02   4.4624709732366319e-02   4.7710179072832357e-02   5.1095499711289863e-02   5.4813875160401343e-02   5.8864401161102142e-02   6.3209855507380924e-02   6.7783946702727943e-02   7.2502944415966067e-02   7.7275983894461692e-02   8.2011938778961818e-02   8.6623393786180725e-02   9.1028889453211845e-02   9.5154344272823849e-02   9.8934197888255346e-02   1.0231255224026878e-01   1.0524440089709068e-01   1.0769688625782572e-01   1.0965034084898446e-01   1.1109872366965384e-01   1.1204896081058567e-01   1.1251891348094092e-01   1.1253410231892301e-01   1.1212391539986638e-01   1.1131816620779213e-01   1.1014464164485373e-01   1.0862777030074564e-01   1.0678819671088828e-01   1.0464295534208895e-01   1.0220596182471531e-01   9.9488658286061460e-02   9.6500692871635166e-02   9.3250591524684012e-02   8.9746375478980539e-02   8.5996117672445180e-02   8.2008411209154600e-02   7.7792748679622187e-02   7.3359790904963113e-02   6.8721527374878175e-02   6.3891313216111217e-02   5.8883792031864224e-02   5.3714702050530812e-02   4.8400582758133165e-02   4.2958387884564145e-02   3.7405032490285164e-02   3.1756890584138303e-02   2.6029280807995762e-02   2.0235967577038827e-02   1.4388732272541060e-02   8.4970558783536571e-03   2.5679773485969559e-03  -3.3938320402056577e-03  -9.3857319962785124e-03  -1.5406516424321955e-02  -2.1455575306907379e-02  -2.7531907132548251e-02  -3.3633086794401620e-02  -3.9754337349026531e-02  -4.5887807290001699e-02  -5.2022142019415490e-02  -5.8142358325078809e-02  -6.4230009437428959e-02  -7.0263569399125383e-02  -7.6218976788137979e-02
  -8.3855752458038793e-02  -8.9524021684075417e-02  -9.5033462704612201e-02  -1.0035796224088722e-01  -1.0547160655678112e-01  -1.1034904940782658e-01  -1.1496580031978001e-01  -1.1929845215605246e-01  -1.2332483967138336e-01  -1.2702415901574224e-01  -1.3037704467667949e-01  -1.3336564548711269e-01  -1.3597369812978238e-01  -1.3818664786567533e-01  -1.3999180153521792e-01  -1.4137854927675561e-01  -1.4233861326114677e-01  -1.4286633381054292e-01  -1.4295893758624351e-01  -1.4261676498609088e-01  -1.4184340247666777e-01  -1.4064568707332342e-01  -1.3903357580709211e-01  -1.3701988836753964e-01  -1.3461995714587349e-01  -1.3185121158546464e-01  -1.2873273217625678e-01  -1.2528479695227890e-01  -1.2152844549574063e-01  -1.1748507761988698e-01  -1.1317610431175229e-01  -1.0862266300620772e-01  -1.0384540799763453e-01  -9.8864384409563827e-02  -9.3698992794368122e-02  -8.8368051008910334e-02  -8.2889962058441805e-02  -7.7282999027977001e-02  -7.1565722283449609e-02  -6.5757548289822526e-02  -5.9879487319933013e-02  -5.3955052308175697e-02  -4.8011291706770577e-02  -4.2079768641336432e-02  -3.6197048095907083e-02  -3.0403854063992923e-02  -2.4741857356459923e-02  -1.9247951338057581e-02  -1.3948318374768891e-02  -8.8561552019212272e-03  -3.9742730171200141e-03   7.0009441819812029e-04   5.1711216454210368e-03   9.4413995081894728e-03   1.3509843914721480e-02   1.7371457366907039e-02   2.1020354127239016e-02   2.4455393701784567e-02   2.7685445574258720e-02   3.0732146608378086e-02   3.3630154095569062e-02   3.6425999119067153e-02   3.9176470830681515e-02   4.1946892564944431e-02   4.4809057580050701e-02   4.7837966576061715e-02   5.1105896923275204e-02   5.4672426323891049e-02   5.8571319713933034e-02   6.2799743633450283e-02   6.7316751743744074e-02   7.2051819173921963e-02   7.6917303801580877e-02   8.1818937070233994e-02   8.6662598500543253e-02   9.1358156557992704e-02   9.5821653852078525e-02   9.9976753344285546e-02   1.0375600866649282e-01   1.0710223279246289e-01   1.0997006263052431e-01   1.1232759821428853e-01   1.1415775603818716e-01   1.1545872620705075e-01   1.1624285385549238e-01   1.1653370389171758e-01   1.1636178497766098e-01   1.1576012307864372e-01   1.1476071286282180e-01   1.1339235349485752e-01   1.1167970660347132e-01   1.0964321559589896e-01   1.0729950887308816e-01   1.0466204111027813e-01   1.0174182296612402e-01   9.8548160897513615e-02   9.5089366589664992e-02   9.1373410655240933e-02   8.7408505441233089e-02   8.3203599369384165e-02   7.8768770276672576e-02   7.4115502315055509e-02   6.9256836837135308e-02   6.4207390601820735e-02   5.8983242065140114e-02   5.3601690895490314e-02   4.8080904271751469e-02   4.2439469722014039e-02   3.6695875023496180e-02   3.0867944468383431e-02   2.4972260249341793e-02   1.9023617582330857e-02   1.3034557939023375e-02   7.0150530415673956e-03   9.7239012548198944e-04  -5.0886786257583888e-03  -1.1165517939283956e-02  -1.7256930557877879e-02  -2.3362296179238871e-02  -2.9480611316944433e-02  -3.5609543235357213e-02  -4.1744600584038630e-02  -4.7878502582848335e-02  -5.4000805853197900e-02  -6.0097790157916470e-02  -6.6152591581455575e-02  -7.2145523122272515e-02  -7.8054536495731505e-02
  -8.5879029844629459e-02  -9.1487344206275772e-02  -9.6936062385448135e-02  -1.0220101327221093e-01  -1.0725807477532776e-01  -1.1208349346985470e-01  -1.1665413729022978e-01  -1.2094769676596187e-01  -1.2494282701071620e-01  -1.2861925485075093e-01  -1.3195784799677651e-01  -1.3494068294384717e-01  -1.3755111280785140e-01  -1.3977388764458409e-01  -1.4159532419110965e-01  -1.4300357782316150e-01  -1.4398897042519396e-01  -1.4454438751121251e-01  -1.4466564476435848e-01  -1.4435180420885663e-01  -1.4360535171126659e-01  -1.4243222483866086e-01  -1.4084167223718985e-01  -1.3884597352721689e-01  -1.3646005731729266e-01  -1.3370105867270404e-01  -1.3058785178189211e-01  -1.2714058516688953e-01  -1.2338023903884786e-01  -1.1932822168583405e-01  -1.1500601414223044e-01  -1.1043487621605490e-01  -1.0563561824244885e-01  -1.0062844967909224e-01  -9.5432906168915477e-02  -9.0067868470520090e-02  -8.4551676426654690e-02  -7.8902358233105471e-02  -7.3137986220740969e-02  -6.7277189479641522e-02  -6.1339840315469615e-02  -5.5347936307963405e-02  -4.9326635055802752e-02  -4.3305295963744293e-02  -3.7318096515460829e-02  -3.1403410569257634e-02  -2.5600889651744327e-02  -1.9946124303179810e-02  -1.4465135707412438e-02  -9.1723637379560324e-03  -4.0730997783307785e-03   8.3226450949124703e-04   5.5447074201356236e-03   1.0064091557159573e-02   1.4387221648231779e-02   1.8507167817351469e-02   2.2415564203121845e-02   2.6108051250816083e-02   2.9590102481960034e-02   3.2880501899775517e-02   3.6011954233568476e-02   3.9029961854046717e-02   4.1991106042246110e-02   4.4961259148779270e-02   4.8013517888974830e-02   5.1224890415616738e-02   5.4670015688913449e-02   5.8410305536497391e-02   6.2479698706382779e-02   6.6873403509278992e-02   7.1547089659006718e-02   7.6426518529485704e-02   8.1420628385379709e-02   8.6432126248397259e-02   9.1364158288706060e-02   9.6124048895528696e-02   1.0062545549496388e-01   1.0478987905903753e-01   1.0854811290233662e-01   1.1184191991560807e-01   1.1462603140720042e-01   1.1687025689826507e-01   1.1856112738958594e-01   1.1970215454197938e-01   1.2031185727072213e-01   1.2041959674200362e-01   1.2006029199058954e-01   1.1926965558629000e-01   1.1808088130246847e-01   1.1652295493929199e-01   1.1462014700470369e-01   1.1239223854249958e-01   1.0985510600892839e-01   1.0702146879144087e-01   1.0390167909489402e-01   1.0050450549657397e-01   9.6837877011842266e-02   9.2909571733228918e-02   8.8727831462645068e-02   8.4301886214744770e-02   7.9642369165054613e-02   7.4761604469797197e-02   6.9673753906681679e-02   6.4394813582307045e-02   5.8942461414384403e-02   5.3335766096650042e-02   4.7594774434011895e-02   4.1740000328951872e-02   3.5791840091948947e-02   2.9769945669886218e-02   2.3692584009198159e-02   1.7576028990446815e-02   1.1434030563684083e-02   5.2774413528710734e-03  -8.8593714045268057e-04  -7.0511982913040033e-03  -1.3215856375849544e-02  -1.9379059375604642e-02  -2.5540614732430494e-02  -3.1699945285127165e-02  -3.7855136512104863e-02  -4.4002160728546638e-02  -5.0134339599246708e-02  -5.6242054009229069e-02  -6.2312685606458737e-02  -6.8330761780772367e-02  -7.4278250775256044e-02  -8.0134967077646876e-02
  -8.8116257845633150e-02  -9.3656385809640419e-02  -9.9035276145391218e-02  -1.0423071945573303e-01  -1.0922044375879078e-01  -1.1398237960950972e-01  -1.1849487281859335e-01  -1.2273685380901841e-01  -1.2668796103069860e-01  -1.3032863320835220e-01  -1.3364017214262941e-01  -1.3660479918540541e-01  -1.3920571513290170e-01  -1.4142720215128762e-01  -1.4325478496494046e-01  -1.4467550251300068e-01  -1.4567828328416244e-01  -1.4625443621994028e-01  -1.4639815481677310e-01  -1.4610697849643245e-01  -1.4538207541431100e-01  -1.4422833157342996e-01  -1.4265421158375446e-01  -1.4067145422573488e-01  -1.3829464324228680e-01  -1.3554072258268154e-01  -1.3242849055011272e-01  -1.2897811081893662e-01  -1.2521065063992884e-01  -1.2114766594014821e-01  -1.1681083293324525e-01  -1.1222164069429948e-01  -1.0740114030957870e-01  -1.0236976552108625e-01  -9.7147220295669356e-02  -9.1752450619514384e-02  -8.6203699448602622e-02  -8.0518670040432366e-02  -7.4714804738023388e-02  -6.8809718486340210e-02  -6.2821802299880755e-02  -5.6771034895688875e-02  -5.0679972436637140e-02  -4.4574809137858017e-02  -3.8486118058609763e-02  -3.2448532950552486e-02  -2.6498373668230532e-02  -2.0669098908933859e-02  -1.4986632832758626e-02  -9.4677192235090649e-03  -4.1219555564668414e-03   1.0448658815263301e-03   6.0281485152527056e-03   1.0822772337475715e-02   1.5421683561596851e-02   1.9815224250935994e-02   2.3992841606760018e-02   2.7947972282978316e-02   3.1683931831861703e-02   3.5217798451096280e-02   3.8581250570507174e-02   4.1819402175996466e-02   4.4988940779914610e-02   4.8156247187605000e-02   5.1395324259490761e-02   5.4784473357161918e-02   5.8399799480393047e-02   6.2303735269397559e-02   6.6529999233568199e-02   7.1072053738045343e-02   7.5882836872398704e-02   8.0885152769179319e-02   8.5985143761165284e-02   9.1082933571911467e-02   9.6079225270609414e-02   1.0087899290997376e-01   1.0539365634746732e-01   1.0954271592297667e-01   1.1325545819999486e-01   1.1647305452767702e-01   1.1915111129688873e-01   1.2126229543821224e-01   1.2279809746512139e-01   1.2376845437758452e-01   1.2419842486717050e-01   1.2412263575942253e-01   1.2357930097538378e-01   1.2260557552749915e-01   1.2123479185454022e-01   1.1949532900794199e-01   1.1741050514252517e-01   1.1499903568386162e-01   1.1227574282458802e-01   1.0925236685435957e-01   1.0593839527831039e-01   1.0234187759657645e-01   9.8470202208389368e-02   9.4330821486242403e-02   8.9931905467334289e-02   8.5282903023426740e-02   8.0394985976346922e-02   7.5281351949859437e-02   6.9957366886476746e-02   6.4440536623953826e-02   5.8750311107864647e-02   5.2907733284567889e-02   4.6934959998497540e-02   4.0854683411973507e-02   3.4689485951769579e-02   2.8461155242471264e-02   2.2189989012725578e-02   1.5894124519171420e-02   9.5889393029574554e-03   3.2865941797964870e-03  -3.0042032258505019e-03  -9.2781170254969680e-03  -1.5532729741632084e-02  -2.1767699344886419e-02  -2.7983642515492006e-02  -3.4180910304777788e-02  -4.0358491610171313e-02  -4.6513185282570334e-02  -5.2639109948927343e-02  -5.8727511454753425e-02  -6.4766804589332927e-02  -7.0742777853472452e-02  -7.6638906009433502e-02  -8.2436728939014145e-02
  -9.0545474190314751e-02  -9.6008884420168139e-02  -1.0130885542101234e-01  -1.0642512686374134e-01  -1.1133729509466886e-01  -1.1602502007596539e-01  -1.2046819440405553e-01  -1.2464707705247516e-01  -1.2854239591383998e-01  -1.3213542408121007e-01  -1.3540803741356697e-01  -1.3834276271909435e-01  -1.4092283212583318e-01  -1.4313226449795285e-01  -1.4495600708626652e-01  -1.4638017508548917e-01  -1.4739242674732608e-01  -1.4798249090988874e-01  -1.4814279794399632e-01  -1.4786911590919585e-01  -1.4716102123506569e-01  -1.4602211681526689e-01  -1.4445993751110331e-01  -1.4248562727949945e-01  -1.4011344886963562e-01  -1.3736023620135313e-01  -1.3424482862155174e-01  -1.3078754034432188e-01  -1.2700966689360949e-01  -1.2293304973041508e-01  -1.1857968835232013e-01  -1.1397141398027473e-01  -1.0912961424301762e-01  -1.0407502300382179e-01  -9.8827566644003967e-02  -9.3406284908383277e-02  -8.7829321883536066e-02  -8.2114012808966130e-02  -7.6277072283474856e-02  -7.0334922747342848e-02  -6.4304182535527582e-02  -5.8202360421152219e-02  -5.2048749346882146e-02  -4.5865458071408523e-02  -3.9678279317842742e-02  -3.3516780529159962e-02  -2.7412760218800368e-02  -2.1396901633826456e-02  -1.5495241297620262e-02  -9.7278563992076739e-03  -4.1101954606050858e-03   1.3447650861085625e-03   6.6249837566443592e-03   1.1718483896412085e-02   1.6612677659569725e-02   2.1294099422982042e-02   2.5749881419291243e-02   2.9972003010054010e-02   3.3962814173356587e-02   3.7738918838024958e-02   4.1332004759425771e-02   4.4787511712249657e-02   4.8162558738465998e-02   5.1523927951581179e-02   5.4945968505107218e-02   5.8507299748203644e-02   6.2284281827007966e-02   6.6339323091110264e-02   7.0705520257076521e-02   7.5375011593268579e-02   8.0298923423553534e-02   8.5398056528580735e-02   9.0576496107492230e-02   9.5732283835118420e-02   1.0076401192082909e-01   1.0557454601248012e-01   1.1007329647994783e-01   1.1417806602905463e-01   1.1781712909434729e-01   1.2093188983063696e-01   1.2348007873924277e-01   1.2543879431158939e-01   1.2680594888489696e-01   1.2759860811812587e-01   1.2784795940206256e-01   1.2759261564176075e-01   1.2687254086018290e-01   1.2572498454665010e-01   1.2418242581196171e-01   1.2227195877420874e-01   1.2001549035658438e-01   1.1743034600028115e-01   1.1453004624627802e-01   1.1132514736497739e-01   1.0782409157333284e-01   1.0403404588334469e-01   9.9961712704440375e-02   9.5614096932844700e-02   9.0999207276250549e-02   8.6126663853688071e-02   8.1008179612619940e-02   7.5657882127105003e-02   7.0092451224395086e-02   6.4331057553324134e-02   5.8395108989671457e-02   5.2307826809378580e-02   4.6093690264853167e-02   3.9777786732288260e-02   3.3385107289687750e-02   2.6939812413966438e-02   2.0464494232787254e-02   1.3979455176384593e-02   7.5020462446073466e-03   1.0461210817810651e-03  -5.3783032236549427e-03  -1.1765081448470355e-02  -1.8111578443004789e-02  -2.4417868534867035e-02  -3.0685542329256826e-02  -3.6916295341749915e-02  -4.3110571290411237e-02  -4.9266528316517080e-02  -5.5379472022499890e-02  -6.1441720432191642e-02  -6.7442770605630004e-02  -7.3369618947917881e-02  -7.9207143806467234e-02  -8.4938495336701378e-02
  -9.3146101003943244e-02  -9.8523723614729358e-02  -1.0373543045494739e-01  -1.0876287847983315e-01  -1.1358752293834525e-01  -1.1819076515650886e-01  -1.2255407403835492e-01  -1.2665908256590716e-01  -1.3048766625995975e-01  -1.3402200450122326e-01  -1.3724463270304021e-01  -1.4013848750747052e-01  -1.4268695969453996e-01  -1.4487396480091916e-01  -1.4668406354446020e-01  -1.4810266154706514e-01  -1.4911634702044957e-01  -1.4971339684906432e-01  -1.4988446830897281e-01  -1.4962338418443072e-01  -1.4892784427178968e-01  -1.4779986081335389e-01  -1.4624579903178442e-01  -1.4427607042074117e-01  -1.4190458193892255e-01  -1.3914809962610078e-01  -1.3602559733039232e-01  -1.3255766132122127e-01  -1.2876594892143753e-01  -1.2467272057124731e-01  -1.2030042628505812e-01  -1.1567135601951779e-01  -1.1080733728324198e-01  -1.0572949154025488e-01  -1.0045803831084656e-01  -9.5012161364355571e-02  -8.9409931976062521e-02  -8.3668310090555226e-02  -7.7803227984038131e-02  -7.1829791327306630e-02  -6.5762619001782027e-02  -5.9616373226370818e-02  -5.3406504262057237e-02  -4.7150206963803724e-02  -4.0867423871456324e-02  -3.4581475149212393e-02  -2.8318646653330913e-02  -2.2106429370258619e-02  -1.5971304209866227e-02  -9.9376087511861416e-03  -4.0278430052733960e-03   1.7365516615719528e-03   7.3347730376447165e-03   1.2746604065209000e-02   1.7952510065753408e-02   2.2934042616252960e-02   2.7675517304336539e-02   3.2167829641775517e-02   3.6413370884299877e-02   4.0429482387697502e-02   4.4248935685786826e-02   4.7918243053070922e-02   5.1495271474716456e-02   5.5047039174561420e-02   5.8647560142635419e-02   6.2374606528929427e-02   6.6303343759183966e-02   7.0494909251194338e-02   7.4981323373426542e-02   7.9753929759905251e-02   8.4763145890899561e-02   8.9928881553736378e-02   9.5154016707181543e-02   1.0033509206297357e-01   1.0536899682715847e-01   1.1015682940185575e-01   1.1460637752508464e-01   1.1863430571258747e-01   1.2216876068863243e-01   1.2515271969006858e-01   1.2754779961438678e-01   1.2933731970590534e-01   1.3052669453474869e-01   1.3113990509514123e-01   1.3121288264396433e-01   1.3078637254599385e-01   1.2990041788042819e-01   1.2859113722382590e-01   1.2688934750194364e-01   1.2482034333143301e-01   1.2240428205890347e-01   1.1965685794936581e-01   1.1659009763787589e-01   1.1321320475618586e-01   1.0953341944247917e-01   1.0555687922753731e-01   1.0128946705777798e-01   9.6737629875087078e-02   9.1909139598534875e-02   8.6813760101601731e-02   8.1463775227671190e-02   7.5874333759610418e-02   7.0063574881829155e-02   6.4052520044022454e-02   5.7864741993318744e-02   5.1525848136173745e-02   4.5062831606193808e-02   3.8503346752018865e-02   3.1874952347504523e-02   2.5204346076704010e-02   1.8516600429909817e-02   1.1834406539128338e-02   5.1773544602308486e-03  -1.4386979994971821e-03  -8.0020745384495329e-03  -1.4505446681409281e-02  -2.0945600916112417e-02  -2.7322743837695104e-02  -3.3639335023248659e-02  -3.9898576198065382e-02  -4.6102798558398023e-02  -5.2252106158447387e-02  -5.8343550552706423e-02  -6.4370922925519394e-02  -7.0325009980356540e-02  -7.6194070285799109e-02  -8.1964346970566856e-02  -8.7620522391804526e-02
  -9.5898322476443393e-02  -1.0118045231837790e-01  -1.0629416652069218e-01  -1.1122299936608469e-01  -1.1595023908702884e-01  -1.2045901691499163e-01  -1.2473237826653760e-01  -1.2875334107580588e-01  -1.3250494763596074e-01  -1.3597031186264319e-01  -1.3913266651716027e-01  -1.4197541127111987e-01  -1.4448216877790768e-01  -1.4663685521638098e-01  -1.4842378782676036e-01  -1.4982785413527894e-01  -1.5083479660778457e-01  -1.5143166101802089e-01  -1.5160746717756762e-01  -1.5135406720746925e-01  -1.5066707088086145e-01  -1.4954656637872638e-01  -1.4799741575004582e-01  -1.4602905180611703e-01  -1.4365490103545983e-01  -1.4089164173006397e-01  -1.3775843684191047e-01  -1.3427624217076023e-01  -1.3046719588126471e-01  -1.2635410355285487e-01  -1.2195999011691326e-01  -1.1730772109971471e-01  -1.1241967074748455e-01  -1.0731744353695141e-01  -1.0202163423188244e-01  -9.6551638165750409e-02  -9.0925502742929015e-02  -8.5159837157870164e-02  -7.9269780230354803e-02  -7.3269054842611051e-02  -6.7170128998335132e-02  -6.0984540335705544e-02  -5.4723438199486461e-02  -4.8398423577647412e-02  -4.2022696752549070e-02  -3.5612368112800163e-02  -2.9187469241381582e-02  -2.2772096272005406e-02  -1.6393563929854527e-02  -1.0081212277572464e-02  -3.8654159309619296e-03   2.2231274551984398e-03   8.1540625862115829e-03   1.3898053157297967e-02   1.9427588104338020e-02   2.4718171986847795e-02   2.9750582072558644e-02   3.4514628882157110e-02   3.9013461302207279e-02   4.3266229615442499e-02   4.7307812592330890e-02   5.1186506361134886e-02   5.4961196280896275e-02   5.8698914851674590e-02   6.2472596163674683e-02   6.6357923381535663e-02   7.0427313583421164e-02   7.4739252131461029e-02   7.9324101222363219e-02   8.4172887209599326e-02   8.9236471330859102e-02   9.4435100840026376e-02   9.9671430560162061e-02   1.0484120673522530e-01   1.0984016140280972e-01   1.1456815272743484e-01   1.1893200697050652e-01   1.2284821527966577e-01   1.2624621888805454e-01   1.2907246850292742e-01   1.3129451628103164e-01   1.3290334663554831e-01   1.3391193995536710e-01   1.3434979870507185e-01   1.3425547434612017e-01   1.3366983679229097e-01   1.3263152671774792e-01   1.3117458464183102e-01   1.2932759537127558e-01   1.2711370814285661e-01   1.2455110347284856e-01   1.2165367408678654e-01   1.1843180550945581e-01   1.1489320829742825e-01   1.1104378121652747e-01   1.0688849618676979e-01   1.0243229264082296e-01   9.7680960853844589e-02   9.2641979222534823e-02   8.7325256659472356e-02   8.1743718615262251e-02   7.5913675386716353e-02   6.9854924397508622e-02   6.3590569850005371e-02   5.7146581383106243e-02   5.0551155100695126e-02   4.3833955707325463e-02   3.7025316553388976e-02   3.0155445559046874e-02   2.3253653357647775e-02   1.6347592581993829e-02   9.4624898991038549e-03   2.6203777043695142e-03  -4.1606295768718826e-03  -1.0866910831753812e-02  -1.7489643298744570e-02  -2.4024707179746294e-02  -3.0472113894164064e-02  -3.6834923638719499e-02  -4.3117734665491958e-02  -4.9324922051903509e-02  -5.5458968414238856e-02  -6.1519260653102571e-02  -6.7501618205190572e-02  -7.3398506101633093e-02  -7.9199645809768071e-02  -8.4892705149384448e-02  -9.0463879268315284e-02
  -9.8782416334829537e-02  -1.0395874496495378e-01  -1.0896434623035303e-01  -1.1378459466054880e-01  -1.1840457924086836e-01  -1.2280913555852033e-01  -1.2698286525012889e-01  -1.3091015555425664e-01  -1.3457520289930741e-01  -1.3796204710237142e-01  -1.4105461482066653e-01  -1.4383677518921739e-01  -1.4629240559674703e-01  -1.4840547354769684e-01  -1.5016014186595827e-01  -1.5154092152675810e-01  -1.5253290975609513e-01  -1.5312217061915817e-01  -1.5329632882502409e-01  -1.5304540962906071e-01  -1.5236287799481579e-01  -1.5124663221479334e-01  -1.4969964994737825e-01  -1.4773002613678787e-01  -1.4535046449304270e-01  -1.4257744271056466e-01  -1.3943030578758814e-01  -1.3593043905388319e-01  -1.3210055871705556e-01  -1.2796412816233529e-01  -1.2354486377221144e-01  -1.1886632066913939e-01  -1.1395152730421831e-01  -1.0882267008054092e-01  -1.0350080852348506e-01  -9.8005628681343285e-02  -9.2355221293067585e-02  -8.6565896917328869e-02  -8.0652029891330052e-02  -7.4625954322106142e-02  -6.8497922864986682e-02  -6.2276191273246573e-02  -5.5967312054275686e-02  -4.9576820223095744e-02  -4.3110533272896177e-02  -3.6576670418839018e-02  -2.9988535467160467e-02  -2.3366786034082036e-02  -1.6739919877302181e-02  -1.0142763962277493e-02  -3.6140030285515407e-03   2.8060575010662309e-03   9.0771701649793035e-03   1.5160458302913210e-02   2.1019823124402502e-02   2.6623922313952948e-02   3.1949251086309645e-02   3.6984261174849473e-02   4.1733251616901938e-02   4.6218012177213774e-02   5.0476390832328244e-02   5.4559052754667985e-02   5.8526070574539027e-02   6.2444202643516147e-02   6.6384552567898492e-02   7.0419525812049355e-02   7.4617309795442927e-02   7.9032337508933043e-02   8.3692559171118230e-02   8.8588929020473300e-02   9.3673786647920698e-02   9.8868995902696655e-02   1.0407811486378932e-01   1.0919699807799588e-01   1.1412100061825894e-01   1.1874957631713480e-01   1.2298967173673724e-01   1.2675911236638582e-01   1.2999062354354762e-01   1.3263635071094640e-01   1.3467151945649342e-01   1.3609514851069554e-01   1.3692648996999124e-01   1.3719826282615077e-01   1.3694932506376847e-01   1.3621893788164277e-01   1.3504325154221705e-01   1.3345360710574225e-01   1.3147601117333033e-01   1.2913126261617447e-01   1.2643542394129961e-01   1.2340046633327836e-01   1.2003501621040968e-01   1.1634516594208985e-01   1.1233534221995446e-01   1.0800922076131374e-01   1.0337068111615344e-01   9.8424772337973143e-02   9.3178650336897650e-02   8.7642414753617767e-02   8.1829766315883207e-02   7.5758392242924313e-02   6.9450020895817643e-02   6.2930125167746598e-02   5.6227327918454369e-02   4.9372601694608165e-02   4.2398385966929478e-02   3.5337717581795255e-02   2.8223429580999264e-02   2.1087414176408560e-02   1.3959906329304432e-02   6.8687357401314240e-03  -1.6148000864969758e-04  -7.1101593141230518e-03  -1.3961487335157632e-02  -2.0704888173358124e-02  -2.7335079384034233e-02  -3.3851609923150242e-02  -4.0257861192632548e-02  -4.6559577039579768e-02  -5.2763062829455649e-02  -5.8873321403881518e-02  -6.4892491812421321e-02  -7.0818983686615281e-02  -7.6647457907267055e-02  -8.2369456284314246e-02  -8.7974258842843378e-02  -9.3449643258887313e-02
  -1.0177807282205431e-01  -1.0683785276056973e-01  -1.1172493922912735e-01  -1.1642652652434718e-01  -1.2092947747042217e-01  -1.2522030239771276e-01  -1.2928512745511173e-01  -1.3310967492834613e-01  -1.3667925817300028e-01  -1.3997880340886124e-01  -1.4299289201725501e-01  -1.4570582863793458e-01  -1.4810172342015590e-01  -1.5016459435175830e-01  -1.5187848424660441e-01  -1.5322761319068262e-01  -1.5419658539882686e-01  -1.5477070981475821e-01  -1.5493649746945209e-01  -1.5468241582769868e-01  -1.5399991920409756e-01  -1.5288461593058039e-01  -1.5133726826068405e-01  -1.4936420546237875e-01  -1.4697703742045987e-01  -1.4419180554181993e-01  -1.4102793925635571e-01  -1.3750725370999792e-01  -1.3365310431447436e-01  -1.2948970427348838e-01  -1.2504156701085667e-01  -1.2033304451392289e-01  -1.1538792415554334e-01  -1.1022907345783865e-01  -1.0487810959426962e-01  -9.9355095630201049e-02  -9.3678245769593341e-02  -8.7863645578622820e-02  -8.1924971377038330e-02  -7.5873221585100070e-02  -6.9716462072693788e-02  -6.3459649367630211e-02  -5.7104643494307258e-02  -5.0650706055725692e-02  -4.4095951925784152e-02  -3.7440356950879709e-02  -3.0690282949918338e-02  -2.3862981923638109e-02  -1.6988335772942287e-02  -1.0106828032283133e-02  -3.2655102739800185e-03   3.4857283434030772e-03   1.0096776688541004e-02   1.6519170877745987e-02   2.2708004505343576e-02   2.8624634468107125e-02   3.4240690572108240e-02   3.9542888439005094e-02   4.4536789206613206e-02   4.9247345891711286e-02   5.3715969907627434e-02   5.7996053673597642e-02   6.2148851334904394e-02   6.6240467804676101e-02   7.0339453973434218e-02   7.4513912952888256e-02   7.8826563598164645e-02   8.3326540656072062e-02   8.8038505046513935e-02   9.2953231118218821e-02   9.8025270492694661e-02   1.0317932531818613e-01   1.0832114407227075e-01   1.1334787008401112e-01   1.1815562433052457e-01   1.2264474447383034e-01   1.2672392330051316e-01   1.3031437576709196e-01   1.3335441227884073e-01   1.3580378562711015e-01   1.3764603164780689e-01   1.3888708849915268e-01   1.3955012648895049e-01   1.3966854908468276e-01   1.3927957018771356e-01   1.3841962690269946e-01   1.3712171900511511e-01   1.3541415382908739e-01   1.3332018678323573e-01   1.3085815883945201e-01   1.2804192529664715e-01   1.2488144172275456e-01   1.2138346842196530e-01   1.1755235749808865e-01   1.1339093219267640e-01   1.0890144180962041e-01   1.0408659780492154e-01   9.8950646781661725e-02   9.3500439519636616e-02   8.7746385728758106e-02   8.1703193674084920e-02   7.5390250331085970e-02   6.8831583441379490e-02   6.2055378771949214e-02   5.5093170329275687e-02   4.7978838640723061e-02   4.0747605166474313e-02   3.3435119767758453e-02   2.6076696768429598e-02   1.8706659154241807e-02   1.1357715810739688e-02   4.0602766725083336e-03  -3.1583703043900069e-03  -1.0274994190445114e-02  -1.7271353585342528e-02  -2.4134884211654245e-02  -3.0858937557035615e-02  -3.7442418133534439e-02  -4.3888831697035544e-02  -5.0204827670962175e-02  -5.6398399692447254e-02  -6.2476940323881167e-02  -6.8445455545768266e-02  -7.4305322102226068e-02  -8.0053904520724375e-02  -8.5685026232440842e-02  -9.1189900599687151e-02  -9.6558069018251022e-02
  -1.0486376239056752e-01  -1.0979608833797563e-01  -1.1455419316598139e-01  -1.1912710139375152e-01  -1.2350344044984024e-01  -1.2767137256953995e-01  -1.3161851482912332e-01  -1.3533188009378044e-01  -1.3879784393041772e-01  -1.4200215485245890e-01  -1.4492997928872833e-01  -1.4756598694104056e-01  -1.4989445840927940e-01  -1.5189941780278221e-01  -1.5356477345825334e-01  -1.5487448396985243e-01  -1.5581275380038614e-01  -1.5636431129304690e-01  -1.5651481694036645e-01  -1.5625150245587369e-01  -1.5556409860645809e-01  -1.5444603527285827e-01  -1.5289568771180276e-01  -1.5091721750788473e-01  -1.4852067363735671e-01  -1.4572128705744655e-01  -1.4253835085003821e-01  -1.3899402508875558e-01  -1.3511231230002202e-01  -1.3091823545645065e-01  -1.2643719135581888e-01  -1.2169442620561696e-01  -1.1671458602461617e-01  -1.1152131657582962e-01  -1.0613688627415319e-01  -1.0058182497711246e-01  -9.4874559007444112e-02  -8.9031039396297473e-02  -8.3064341381814816e-02  -7.6984235998405884e-02  -7.0796725184463283e-02  -6.4503599111701837e-02  -5.8102156659516208e-02  -5.1585490308590436e-02  -4.4944070217728407e-02  -3.8169643908159814e-02  -3.1261649447245771e-02  -2.4233956373028429e-02  -1.7117787476460013e-02  -9.9590992360253511e-03  -2.8130100152538307e-03   4.2613440589609752e-03   1.1204302829395982e-02   1.7958058971565972e-02   2.4469009479545376e-02   3.0691114363474735e-02   3.6590842520026458e-02   4.2152869843987618e-02   4.7383959510289696e-02   5.2312431737732881e-02   5.6983496531571344e-02   6.1453303905311604e-02   6.5784038730594657e-02   7.0040650127307744e-02   7.4288453281534467e-02   7.8590444759636391e-02   8.3002995034661853e-02   8.7569019654617969e-02   9.2309053022292586e-02   9.7213262914626161e-02   1.0223872978077686e-01   1.0731402670043456e-01   1.1234849965087791e-01   1.1724210650883352e-01   1.2189335314962878e-01   1.2620529482153037e-01   1.3009051226938750e-01   1.3347592470675168e-01   1.3630739562257435e-01   1.3855309021312640e-01   1.4020395952473236e-01   1.4127059738292275e-01   1.4177747702899085e-01   1.4175659402905785e-01   1.4124221171413553e-01   1.4026726660170447e-01   1.3886130125832985e-01   1.3704945791823939e-01   1.3485217333548505e-01   1.3228527381076055e-01   1.2936033798636079e-01   1.2608521510902310e-01   1.2246468648160341e-01   1.1850123249161902e-01   1.1419593374572418e-01   1.0954948368116939e-01   1.0456333479858511e-01   9.9240915428232629e-02   9.3588872057390804e-02   8.7618167663728708e-02   8.1344900330301603e-02   7.4790625665534016e-02   6.7982135912629332e-02   6.0950689858045928e-02   5.3730922538295166e-02   4.6359628740167337e-02   3.8874667491846926e-02   3.1314064037385965e-02   2.3715343591695123e-02   1.6115007916567742e-02   8.5480473692714810e-03   1.0473522215556520e-03  -6.3570980393702903e-03  -1.3639277187760382e-02  -2.0778286561905751e-02  -2.7759336224630199e-02  -3.4574231867848040e-02  -4.1221119435854416e-02  -4.7703532968759677e-02  -5.4028880704087005e-02  -6.0206613163106749e-02  -6.6246249292406856e-02  -7.2155503667550663e-02  -7.7938798920536539e-02  -8.3596529141552495e-02  -8.9125237644581717e-02  -9.4518471942279775e-02  -9.9767827836463929e-02
  -1.0801618755324341e-01  -1.1281038552985319e-01  -1.1742928887775812e-01  -1.2186380937332172e-01  -1.2610436106440176e-01  -1.3014075419608967e-01  -1.3396207175825564e-01  -1.3755657170485819e-01  -1.4091162694479470e-01  -1.4401372564172518e-01  -1.4684852382275637e-01  -1.4940095497385361e-01  -1.5165537231893100e-01  -1.5359572146763500e-01  -1.5520571848008075e-01  -1.5646904272019499e-01  -1.5736953758171565e-01  -1.5789146428646608e-01  -1.5801984191513485e-01  -1.5774097263573539e-01  -1.5704322381214314e-01  -1.5591813770662025e-01  -1.5436175959919374e-01  -1.5237582789849963e-01  -1.4996835595328373e-01  -1.4715327329415059e-01  -1.4394937266286445e-01  -1.4037895657353827e-01  -1.3646660288250653e-01  -1.3223815716693665e-01  -1.2771995989665808e-01  -1.2293823422745567e-01  -1.1791857674359704e-01  -1.1268550557882639e-01  -1.0726203332041380e-01  -1.0166924850188294e-01  -9.5925883294640690e-02  -9.0047856318503802e-02  -8.4047763566356029e-02  -7.7934304359046150e-02  -7.1711625618135225e-02  -6.5378632731417419e-02  -5.8928429909298891e-02  -5.2348382520642819e-02  -4.5621788083585982e-02  -3.8732575175887317e-02  -3.1673486178489363e-02  -2.4454954820256287e-02  -1.7109190910523153e-02  -9.6870647450308378e-03  -2.2511315655849851e-03   5.1308245210175407e-03   1.2390127799967315e-02   1.9460090377369163e-02   2.6278788011403466e-02   3.2793024100575358e-02   3.8964163162523387e-02   4.4774759466527904e-02   5.0232671536451529e-02   5.5369492000036998e-02   6.0234046602627267e-02   6.4884871025279955e-02   6.9384531693423443e-02   7.3796175084097582e-02   7.8181231718412930e-02   8.2597012419289836e-02   8.7093046578808023e-02   9.1705542573023630e-02   9.6450325732613071e-02   1.0131641805070267e-01   1.0626337361727602e-01   1.1122438058978953e-01   1.1611382104514295e-01   1.2083631856978103e-01   1.2529486109992477e-01   1.2939750785349455e-01   1.3306305370239102e-01   1.3622606277851856e-01   1.3884083882441783e-01   1.4088328327518276e-01   1.4234971639165170e-01   1.4325285594272394e-01   1.4361635732834271e-01   1.4346946796054216e-01   1.4284283157625782e-01   1.4176561980692964e-01   1.4026383980565871e-01   1.3835944910527920e-01   1.3607004478101228e-01   1.3340889234786318e-01   1.3038521689790081e-01   1.2700465442376396e-01   1.2326987558196822e-01   1.1918134142560302e-01   1.1473824306717949e-01   1.0993959957384225e-01   1.0478555817333832e-01   9.9278807927517088e-02   9.3426045595588245e-02   8.7239233663271964e-02   8.0736450729418180e-02   7.3942038609372165e-02   6.6886047034608334e-02   5.9603066848426131e-02   5.2130823076135063e-02   4.4508800236782962e-02   3.6777144205064033e-02   2.8975871883000187e-02   2.1144358807336672e-02   1.3320982457284447e-02   5.5427857130926905e-03  -2.1549954084066139e-03  -9.7397048262035657e-03  -1.7182406128131100e-02  -2.4459324887096012e-02  -3.1553203712573807e-02  -3.8454126746150195e-02  -4.5159411386578918e-02  -5.1672609372915936e-02  -5.8001848455376634e-02  -6.4157887408106545e-02  -7.0152102426145113e-02  -7.5994606640366794e-02  -8.1692676197784586e-02  -8.7249781981359159e-02  -9.2665463255242345e-02  -9.7935981255077326e-02  -1.0305534131990843e-01
  -1.1120988930391029e-01  -1.1585597671621731e-01  -1.2032608931711151e-01  -1.2461313963883758e-01  -1.2870939307685092e-01  -1.3260633489147339e-01  -1.3629450862413298e-01  -1.3976338072518052e-01  -1.4300125443074937e-01  -1.4599526248278483e-01  -1.4873143381835308e-01  -1.5119483632787575e-01  -1.5336976649073364e-01  -1.5523997445745613e-01  -1.5678889101763041e-01  -1.5799985802806241e-01  -1.5885634922248459e-01  -1.5934221558475292e-01  -1.5944197943913477e-01  -1.5914126326542558e-01  -1.5842742479016891e-01  -1.5729050680157192e-01  -1.5572449423884954e-01  -1.5372867935790951e-01  -1.5130868336003936e-01  -1.4847660116685688e-01  -1.4525022518973904e-01  -1.4165165732406454e-01  -1.3770587292202943e-01  -1.3343948452078463e-01  -1.2887979615295408e-01  -1.2405407030075263e-01  -1.1898893710953554e-01  -1.1370987808176064e-01  -1.0824074337757911e-01  -1.0260327438632527e-01  -9.6816607692374781e-02  -9.0896740711964852e-02  -8.4855929495689084e-02  -7.8701994049944712e-02  -7.2437506737114757e-02  -6.6058899239890903e-02  -5.9555666083938051e-02  -5.2910217455852719e-02  -4.6099572609261792e-02  -3.9100658795104742e-02  -3.1899962897457113e-02  -2.4504328980184023e-02  -1.6946268341010998e-02  -9.2806264769344088e-03  -1.5764559518976762e-03   6.0906373637075739e-03   1.3643672749779137e-02   2.1007716173967572e-02   2.8113113730632251e-02   3.4900052342969938e-02   4.1325220332052992e-02   4.7369274296619544e-02   5.3041114510447657e-02   5.8375250753650250e-02   6.3423492823477937e-02   6.8245950458901208e-02   7.2904712759305462e-02   7.7460341692772550e-02   8.1969773228531079e-02   8.6484258704977751e-02   9.1046342164696578e-02   9.5685473547251793e-02   1.0041258327043080e-01   1.0521517297676897e-01   1.1005507018332417e-01   1.1487055506558941e-01   1.1958238117630997e-01   1.2410182791404591e-01   1.2833869453513408e-01   1.3220837410156747e-01   1.3563778581808111e-01   1.3857008062571941e-01   1.4096756450590772e-01   1.4281216450948939e-01   1.4410329509250941e-01   1.4485378870794519e-01   1.4508517251506095e-01   1.4482330518932382e-01   1.4409499674645582e-01   1.4292563772714778e-01   1.4133773526430987e-01   1.3935008216889216e-01   1.3697741481674661e-01   1.3423037468718657e-01   1.3111573044993133e-01   1.2763677128548309e-01   1.2379390075011677e-01   1.1958539898880398e-01   1.1500842725910446e-01   1.1006025907638708e-01   1.0473979695395233e-01   9.9049257240947236e-02   9.2995900285714722e-02   8.6593416513834648e-02   7.9862659541304101e-02   7.2831412301121057e-02   6.5533311288603749e-02   5.8006235375222731e-02   5.0290654988761750e-02   4.2428244137742939e-02   3.4460904221646403e-02   2.6430162528596431e-02   1.8376849252954734e-02   1.0340915254213639e-02   2.3612468385005598e-03  -5.5246935968335364e-03  -1.3281587443604873e-02  -2.0877486311614332e-02  -2.8285526629133390e-02  -3.5485739182513083e-02  -4.2466312378041028e-02  -4.9223696084582616e-02  -5.5761516611796076e-02  -6.2088673368382023e-02  -6.8217176479052399e-02  -7.4160045119494089e-02  -7.9929448170132839e-02  -8.5535160299917229e-02  -9.0983521033253578e-02  -9.6277099879061176e-02  -1.0141511774211022e-01  -1.0639432822455080e-01
  -1.1441704739424588e-01  -1.1890623151342018e-01  -1.2321902366805312e-01  -1.2735050943282508e-01  -1.3129492097796339e-01  -1.3504548674393618e-01  -1.3859423632752801e-01  -1.4193182690286288e-01  -1.4504743125456490e-01  -1.4792872512118435e-01  -1.5056197676102284e-01  -1.5293223525304966e-01  -1.5502358346457820e-01  -1.5681942964512249e-01  -1.5830279838333725e-01  -1.5945660809024714e-01  -1.6026392073138179e-01  -1.6070818848165325e-01  -1.6077352011955109e-01  -1.6044503579542657e-01  -1.5970937662478252e-01  -1.5855547814080378e-01  -1.5697566292560011e-01  -1.5496699386653920e-01  -1.5253257056364750e-01  -1.4968220175687524e-01  -1.4643210612640167e-01  -1.4280369821499717e-01  -1.3882203781685887e-01  -1.3451435469762887e-01  -1.2990888159346572e-01  -1.2503395354928504e-01  -1.1991730483454245e-01  -1.1458546923868881e-01  -1.0906323119354110e-01  -1.0337308509142934e-01  -9.7534677591610788e-02  -9.1564204809462035e-02  -8.5473736433813868e-02  -7.9270430563244079e-02  -7.2955614951669287e-02  -6.6523754786318334e-02  -5.9961492400641414e-02  -5.3247333868336508e-02  -4.6353298918909366e-02  -3.9250535438802914e-02  -3.1919960940629877e-02  -2.4364624546909477e-02  -1.6616354958783636e-02  -8.7326724830171371e-03  -7.8788698868349771e-04   7.1356151251388555e-03   1.4953420382584307e-02   2.2583134879481992e-02   2.9948159938970445e-02   3.6982885702339915e-02   4.3640114156615992e-02   4.9899153037514563e-02   5.5769973316389061e-02   6.1289393363463417e-02   6.6511130052196499e-02   7.1495635937650390e-02   7.6303397945189408e-02   8.0991523082440980e-02   8.5611909394376490e-02   9.0209562704776078e-02   9.4820184548652792e-02   9.9466785355185119e-02   1.0415563609781385e-01   1.0887269186276886e-01   1.1358196130192140e-01   1.1822713625339511e-01   1.2273642781024327e-01   1.2702953848777918e-01   1.3102512907257335e-01   1.3464772385079221e-01   1.3783337447228053e-01   1.4053367095232591e-01   1.4271766033552005e-01   1.4437144130595619e-01   1.4549576316542204e-01   1.4610236693182327e-01   1.4621005565090017e-01   1.4584113573161203e-01   1.4501862722615416e-01   1.4376423648150483e-01   1.4209703882464508e-01   1.4003267586690377e-01   1.3758297774978689e-01   1.3475586650483462e-01   1.3155551822380759e-01   1.2798271217900953e-01   1.2403541099619950e-01   1.1970955874267637e-01   1.1500019680645980e-01   1.0990290224918425e-01   1.0441561258637204e-01   9.8540654187339566e-02   9.2286718455305103e-02   8.5670210302316696e-02   7.8715577800124489e-02   7.1454440997172464e-02   6.3923918140834701e-02   5.6164689588122783e-02   4.8219306934866882e-02   4.0130958549030295e-02   3.1942710814957032e-02   2.3697121783851444e-02   1.5436105174864824e-02   7.2009068695328866e-03  -9.6793726627486532e-04  -9.0308467370328188e-03  -1.6949848729114758e-02  -2.4689873349611188e-02  -3.2220744961442158e-02  -3.9519516287665923e-02  -4.6572294190723541e-02  -5.3374637393513627e-02  -5.9930353717759788e-02  -6.6249231436427053e-02  -7.2344546345244384e-02  -7.8230806191264102e-02  -8.3921918551769975e-02  -8.9429747867863132e-02  -9.4763136716414537e-02  -9.9927498526860323e-02  -1.0492506815401406e-01  -1.0975558824615830e-01
  -1.1760752025794959e-01  -1.2193268630515533e-01  -1.2608112983983633e-01  -1.3005032780640496e-01  -1.3383664499574305e-01  -1.3743516904626588e-01  -1.4083948182313377e-01  -1.4404144289567014e-01  -1.4703104851316384e-01  -1.4979641532671362e-01  -1.5232390362256645e-01  -1.5459836841703262e-01  -1.5660349754909447e-01  -1.5832218994200944e-01  -1.5973692408301313e-01  -1.6083009089845196e-01  -1.6158427756765342e-01  -1.6198251978997227e-01  -1.6200854898749822e-01  -1.6164709149694245e-01  -1.6088428003395649e-01  -1.5970827095526507e-01  -1.5811014346444474e-01  -1.5608511058298519e-01  -1.5363388253345350e-01  -1.5076373634442161e-01  -1.4748878080962166e-01  -1.4382915657283149e-01  -1.3980955297830480e-01  -1.3545754746611843e-01  -1.3080218719552977e-01  -1.2587287155538754e-01  -1.2069849365124466e-01  -1.1530672753284579e-01  -1.0972339632558284e-01  -1.0397185949889309e-01  -9.8072392840307901e-02  -9.2041524523573295e-02  -8.5891303953872289e-02  -7.9628461134001974e-02  -7.3253435630573627e-02  -6.6759284539569808e-02  -6.0130656144511276e-02  -5.3343387542423772e-02  -4.6366066617407428e-02  -3.9165647087858586e-02  -3.1718465949537235e-02  -2.4023647354023514e-02  -1.6111167656274780e-02  -8.0396059122053720e-03   1.1300850471730739e-04   8.2587793998940007e-03   1.6306908944788603e-02   2.4168496799675400e-02   3.1760987776027122e-02   3.9014071759709376e-02   4.5877787391786946e-02   5.2330906481818810e-02   5.8384515587052939e-02   6.4076852327135669e-02   6.9462051577523845e-02   7.4599339585561059e-02   7.9546310342952647e-02   8.4355739240559294e-02   8.9074052986296184e-02   9.3740007299690148e-02   9.8382831605644927e-02   1.0301969030779000e-01   1.0765276620981939e-01   1.1226679918994502e-01   1.1682810810996747e-01   1.2128604221423576e-01   1.2557696579059280e-01   1.2963016325424725e-01   1.3337443792929091e-01   1.3674433728645202e-01   1.3968514914279145e-01   1.4215613980035527e-01   1.4413176873073882e-01   1.4560092374000438e-01   1.4656466800033119e-01   1.4703313089576237e-01   1.4702227280642260e-01   1.4655094618184411e-01   1.4563854076773669e-01   1.4430320782254855e-01   1.4256065189410977e-01   1.4042334962132952e-01   1.3790014621940647e-01   1.3499611406539883e-01   1.3171267221722369e-01   1.2804791022819753e-01   1.2399718568824640e-01   1.1955400631590049e-01   1.1471133831661892e-01   1.0946335621739874e-01   1.0380767180199649e-01   9.7747709764472945e-02   9.1294746973737073e-02   8.4468875957892986e-02   7.7298588351042460e-02   6.9819170765506575e-02   6.2070592380826822e-02   5.4095517990610457e-02   4.5937788486862086e-02   3.7641445397764539e-02   2.9250202987593614e-02   2.0807254126656842e-02   1.2355283205917032e-02   3.9365775633417519e-03  -4.4068868993120472e-03  -1.2633562405674592e-02  -2.0702887316959254e-02  -2.8576600771666211e-02  -3.6221000396536404e-02  -4.3609856371091271e-02  -5.0726954153456419e-02  -5.7566907741768363e-02  -6.4133821773249042e-02  -7.0438519476048025e-02  -7.6495587057020947e-02  -8.2320901457989371e-02  -8.7929826534255628e-02  -9.3335920939792039e-02  -9.8550111044279382e-02  -1.0358033568194824e-01  -1.0843172119782157e-01  -1.1310709489780174e-01
  -1.2074913028707115e-01  -1.2490528750350166e-01  -1.2888428231940213e-01  -1.3268622216648290e-01  -1.3630981026006955e-01  -1.3975215849288514e-01  -1.4300851493655298e-01  -1.4607199209168156e-01  -1.4893338635935485e-01  -1.5158115890973700e-01  -1.5400160443615402e-01  -1.5617919026236624e-01  -1.5809700688597123e-01  -1.5973725935518338e-01  -1.6108173064747056e-01  -1.6211217786873156e-01  -1.6281064662297448e-01  -1.6315972574123586e-01  -1.6314277467821911e-01  -1.6274417884851033e-01  -1.6194968615320382e-01  -1.6074690228856794e-01  -1.5912601436356338e-01  -1.5708080900295851e-01  -1.5460993787168109e-01  -1.5171817050619626e-01  -1.4841714625106081e-01  -1.4472514511920606e-01  -1.4066591267601544e-01  -1.3626696820583400e-01  -1.3155795799650927e-01  -1.2656927848075908e-01  -1.2133101106959365e-01  -1.1587205696463249e-01  -1.1021939532787134e-01  -1.0439738331753391e-01  -9.8427067606344010e-02  -9.2325463429346152e-02  -8.6104784401369275e-02  -7.9771578535251075e-02  -7.3325760366373061e-02  -6.6759543222140089e-02  -6.0056454957865976e-02  -5.3190950886120851e-02  -4.6129888867631037e-02  -3.8837870145353712e-02  -3.1287986551655683e-02  -2.3475570297605407e-02  -1.5427593824620889e-02  -7.2018659809829910e-03   1.1216923571393811e-03   9.4512118241136672e-03   1.7690783421173667e-02   2.5746168862604245e-02   3.3530090863117076e-02   4.0968923925964996e-02   4.8011339942490516e-02   5.4636501990289403e-02   6.0856510033468460e-02   6.6709790427207830e-02   7.2249079460435198e-02   7.7530627480496189e-02   8.2607821429330347e-02   8.7528317033906136e-02   9.2332783290761195e-02   9.7053888288460816e-02   1.0171492298487110e-01   1.0632796680209006e-01   1.1089188461487243e-01   1.1539076111290925e-01   1.1979350615150768e-01   1.2405527094562042e-01   1.2812080715331822e-01   1.3192936581158238e-01   1.3542024923782398e-01   1.3853806804760468e-01   1.4123689979223980e-01   1.4348283685901439e-01   1.4525478518597446e-01   1.4654365479701426e-01   1.4735041529216228e-01   1.4768351894032172e-01   1.4755623139650581e-01   1.4698417626833410e-01   1.4598331361182737e-01   1.4456836717634322e-01   1.4275170915316227e-01   1.4054260974226243e-01   1.3794682086224794e-01   1.3496641245230540e-01   1.3159986983098623e-01   1.2784242899148152e-01   1.2368673955065183e-01   1.1912391882349269e-01   1.1414515851646034e-01   1.0874390883510514e-01   1.0291852404941101e-01   9.6674814913562446e-02   9.0027733607359939e-02   8.3001555706508787e-02   7.5628579102286986e-02   6.7946998954051888e-02   5.9998694843184888e-02   5.1827447891748028e-02   4.3477701306769215e-02   3.4993840308819892e-02   2.6419852334380933e-02   1.7799271974726284e-02   9.1753023806952841e-03   5.9103356886757233e-04  -7.9103566079193333e-03  -1.6285581994345537e-02  -2.4491679209455886e-02  -3.2487271082484198e-02  -4.0235019616380450e-02  -4.7705127162734347e-02  -5.4878745188836155e-02  -6.1749394116079749e-02  -6.8321514666191907e-02  -7.4607067804159044e-02  -8.0621965210808194e-02  -8.6383326402622612e-02  -9.1907705631175923e-02  -9.7209997923588101e-02  -1.0230281715855746e-01  -1.0719627620102540e-01  -1.1189816833880774e-01  -1.1641436403708286e-01
  -1.2380817217137358e-01  -1.2779283750479348e-01  -1.3159960593106793e-01  -1.3523143598527976e-01  -1.3868959395959238e-01  -1.4197342339783664e-01  -1.4508000393660350e-01  -1.4800379820220208e-01  -1.5073641077656985e-01  -1.5326656182972323e-01  -1.5558031666540079e-01  -1.5766154482543299e-01  -1.5949252186893392e-01  -1.6105456801619897e-01  -1.6232862489854549e-01  -1.6329571908419541e-01  -1.6393730009169313e-01  -1.6423548490766471e-01  -1.6417325552419051e-01  -1.6373467084799131e-01  -1.6290514540066384e-01  -1.6167185657311212e-01  -1.6002433430017177e-01  -1.5795529712280487e-01  -1.5546174398735904e-01  -1.5254619260102828e-01  -1.4921771826599808e-01  -1.4549228751513837e-01  -1.4139209593119054e-01  -1.3694407756911969e-01  -1.3217813880803614e-01  -1.2712552450486370e-01  -1.2181749661057213e-01  -1.1628426573550760e-01  -1.1055410120415629e-01  -1.0465251989448948e-01  -9.8601516048957019e-02  -9.2418781531223765e-02  -8.6116906168487301e-02  -7.9702518175656989e-02  -7.3175366719017310e-02  -6.6527354500041894e-02  -5.9741699154464332e-02  -5.2792674729311151e-02  -4.5647049105030264e-02  -3.8268985185128800e-02  -3.0629968873595474e-02  -2.2722122804541289e-02  -1.4568565918149284e-02  -6.2244912282882620e-03   2.2303613616075080e-03   1.0701996207693298e-02   1.9090970311775729e-02   2.7299174299084489e-02   3.5236153574884813e-02   4.2826636987586757e-02   5.0019468439353371e-02   5.6794996709143987e-02   6.3165864104095887e-02   6.9169103102010188e-02   7.4854067272860647e-02   8.0272309472428610e-02   8.5471827356939617e-02   9.0494539321475095e-02   9.5375231490355400e-02   1.0014077861807882e-01   1.0480915376542127e-01   1.0938816570078239e-01   1.1387417399795638e-01   1.1825121929917798e-01   1.2249108715994241e-01   1.2655471639730617e-01   1.3039505103139604e-01   1.3396103377498689e-01   1.3720210260593180e-01   1.4007242478622656e-01   1.4253421319479054e-01   1.4455970306990287e-01   1.4613169880943866e-01   1.4724284767032295e-01   1.4789401681344500e-01   1.4809217758096804e-01   1.4784818650152870e-01   1.4717471792025430e-01   1.4608451105483242e-01   1.4458897813306887e-01   1.4269717776902885e-01   1.4041511248671490e-01   1.3774531706688325e-01   1.3468670430867011e-01   1.3123467200980179e-01   1.2738151024045052e-01   1.2311720629492079e-01   1.1843079441803941e-01   1.1331237613430870e-01   1.0775578471663046e-01   1.0176146702704671e-01   9.5338789203518487e-02   8.8506911977602964e-02   8.1294017831040261e-02   7.3735372293232668e-02   6.5871054326597456e-02   5.7743948465371640e-02   4.9398261780184027e-02   4.0878561947245227e-02   3.2229246532013103e-02   2.3494335647548707e-02   1.4717501465750293e-02   5.9422650866635326e-03  -2.7877075792707082e-03  -1.1428302485095902e-02  -1.9934803991562316e-02  -2.8262171345562193e-02  -3.6366188152229764e-02  -4.4206000124754008e-02  -5.1748122012451027e-02  -5.8970767617801102e-02  -6.5866087082441377e-02  -7.2438724995211118e-02  -7.8701727169889490e-02  -8.4672230675271853e-02  -9.0368401821345118e-02  -9.5807709728548657e-02  -1.0100606674419155e-01  -1.0597744580218751e-01  -1.1073382941367849e-01  -1.1528544069284745e-01  -1.1964106334236141e-01
  -1.2675010599031514e-01  -1.3056362457702164e-01  -1.3419806639428200e-01  -1.3765939798008470e-01  -1.4095166021815719e-01  -1.4407666204670647e-01  -1.4703352743014708e-01  -1.4981821593061878e-01  -1.5242318593803647e-01  -1.5483734993816131e-01  -1.5704638143621633e-01  -1.5903333500982450e-01  -1.6077944811291836e-01  -1.6226496855637171e-01  -1.6346986866024743e-01  -1.6437437687458206e-01  -1.6495932201760899e-01  -1.6520634502656112e-01  -1.6509804828137406e-01  -1.6461815716284911e-01  -1.6375174943237483e-01  -1.6248560214213179e-01  -1.6080869301844380e-01  -1.5871289986459192e-01  -1.5619391993503534e-01  -1.5325238171981712e-01  -1.4989495930392144e-01  -1.4613510296675963e-01  -1.4199294537232943e-01  -1.3749424765413604e-01  -1.3266871815397549e-01  -1.2754819932547179e-01  -1.2216506668709189e-01  -1.1655090888361572e-01  -1.1073543656845458e-01  -1.0474552655486710e-01  -9.8604344095400115e-02  -9.2330496788128158e-02  -8.5937204855713212e-02  -7.9431465413956528e-02  -7.2813217904613231e-02  -6.6074538940645633e-02  -5.9199026672432570e-02  -5.2161775399286500e-02  -4.4930850545040084e-02  -3.7471723380807204e-02  -2.9756042389551408e-02  -2.1773814983351021e-02  -1.3544049812152084e-02  -5.1177626089982803e-03   3.4276646126529531e-03   1.1998284006264764e-02   2.0493088029644460e-02   2.8811964290571764e-02   3.6863185016011116e-02   4.4571722143412318e-02   5.1888027882290653e-02   5.8793988833995538e-02   6.5301793295239566e-02   7.1445247054101824e-02   7.7268416862711548e-02   8.2816686363569036e-02   8.8131744324589964e-02   9.3249364664006629e-02   9.8198468123714924e-02   1.0300050309242902e-01   1.0766874860863954e-01   1.1220750376133282e-01   1.1661135037430236e-01   1.2086480327385936e-01   1.2494269585449978e-01   1.2881155753817258e-01   1.3243202512269250e-01   1.3576205351378320e-01   1.3876045515736976e-01   1.4139019980538356e-01   1.4362096867321630e-01   1.4543064985303436e-01   1.4680569901148977e-01   1.4774050804537836e-01   1.4823605326606193e-01   1.4829814868916985e-01   1.4793558670484125e-01   1.4715838667010009e-01   1.4597627258524720e-01   1.4439744736421578e-01   1.4242766393179246e-01   1.4006958846988443e-01   1.3732242359588170e-01   1.3418180071298574e-01   1.3063995500554515e-01   1.2668628503786597e-01   1.2230841893771577e-01   1.1749397783508023e-01   1.1223306769637616e-01   1.0652125767339055e-01   1.0036229703416215e-01   9.3769666669090396e-02   8.6766467578319129e-02   7.9383910752109155e-02   7.1659175537366948e-02   6.3633304180182870e-02   5.5349515444491043e-02   4.6852003054829547e-02   3.8185181699960900e-02   2.9393278766570261e-02   2.0520203537143480e-02   1.1609624173444109e-02   2.7052108611108419e-03  -6.1490115733812932e-03  -1.4908275992116478e-02  -2.3526799627271062e-02  -3.1957904084681063e-02  -4.0155011622475964e-02  -4.8074158379831138e-02  -5.5678349713054201e-02  -6.2942730057772567e-02  -6.9857740336609270e-02  -7.6427868505998434e-02  -8.2666919537437156e-02  -8.8592938019591977e-02  -9.4224807026061619e-02  -9.9580593799087763e-02  -1.0467694468093125e-01  -1.0952895446653237e-01  -1.1415027183503990e-01  -1.1855336955627857e-01  -1.2274978832924821e-01
  -1.2954034393147648e-01  -1.3318616709388942e-01  -1.3665118762698869e-01  -1.3994442636745352e-01  -1.4307285768966613e-01  -1.4604098870689292e-01  -1.4885023244807208e-01  -1.5149823712361840e-01  -1.5397840114073247e-01  -1.5627979112678470e-01  -1.5838754370843441e-01  -1.6028369277409371e-01  -1.6194822912871618e-01  -1.6336016636389780e-01  -1.6449841565160839e-01  -1.6534238219994879e-01  -1.6587229238814089e-01  -1.6606934104837129e-01  -1.6591576450490081e-01  -1.6539493818066758e-01  -1.6449155951673977e-01  -1.6319195704311418e-01  -1.6148454312738278e-01  -1.5936043152716817e-01  -1.5681422965642172e-01  -1.5384500478636762e-01  -1.5045733477180412e-01  -1.4666221498696705e-01  -1.4247742368750310e-01  -1.3792701828250198e-01  -1.3303997531586115e-01  -1.2784837154974063e-01  -1.2238554983421893e-01  -1.1668451280096975e-01  -1.1077657521627851e-01  -1.0469021454169783e-01  -9.8450049516941612e-02  -9.2075906032339339e-02  -8.5581947323532193e-02  -7.8975867933961455e-02  -7.2258160263636059e-02  -6.5421507586752886e-02  -5.8450442667776374e-02  -5.1321622931072799e-02  -4.4005422425768125e-02  -3.6469968677622477e-02  -2.8688686605666296e-02  -2.0650906600310295e-02  -1.2372004231994360e-02  -3.8978789062497493e-03   4.6984607627307412e-03   1.3325531566904580e-02   2.1883170109800246e-02   3.0271593159752641e-02   3.8400038670358745e-02   4.6195625133136700e-02   5.3611417715800115e-02   6.0630503453137460e-02   6.7263155394533453e-02   7.3538137000420112e-02   7.9492682202614462e-02   8.5164943385228842e-02   9.0589706100743961e-02   9.5796395071222687e-02   1.0080818210322978e-01   1.0564146232695606e-01   1.1030537457800710e-01   1.1480133573224638e-01   1.1912271055914644e-01   1.2325483432275146e-01   1.2717560406307779e-01   1.3085678987621505e-01   1.3426605882131393e-01   1.3736952667860630e-01   1.4013448723799835e-01   1.4253191131531173e-01   1.4453834370637056e-01   1.4613697661427563e-01   1.4731783896746564e-01   1.4807721522598138e-01   1.4841649327621709e-01   1.4834069472586464e-01   1.4785690171851862e-01   1.4697276273433033e-01   1.4569517782594910e-01   1.4402923077078997e-01   1.4197737451805911e-01   1.3953888135221376e-01   1.3670954457366466e-01   1.3348166829273894e-01   1.2984439779749976e-01   1.2578453467403669e-01   1.2128799088016487e-01   1.1634201151312545e-01   1.1093801958232399e-01   1.0507450947032247e-01   9.8759125114206758e-02   9.2009231373464812e-02   8.4851019011269485e-02   7.7317686758552689e-02   6.9447419355200296e-02   6.1281581204169051e-02   5.2863324526352069e-02   4.4236603029065874e-02   3.5445547581254760e-02   2.6534129506833044e-02   1.7546064922284436e-02   8.5249149170481403e-03  -4.8564779694695165e-04  -9.4414477429932385e-03  -1.8297356488047766e-02  -2.7006920778679885e-02  -3.5522343237337550e-02  -4.3795317627761746e-02  -5.1779446441608187e-02  -5.9434763195631721e-02  -6.6733517884620841e-02  -7.3664168464608534e-02  -8.0230476093009706e-02  -8.6446339879998321e-02  -9.2330090455565894e-02  -9.7900810334928243e-02  -1.0317678537947551e-01  -1.0817515146240383e-01  -1.1291199218208491e-01  -1.1740254871856969e-01  -1.2166146376268061e-01  -1.2570289823215655e-01
  -1.3214505736676996e-01  -1.3562998347043501e-01  -1.3893179796129237e-01  -1.4206247138904249e-01  -1.4503197269911158e-01  -1.4784769531962580e-01  -1.5051358256787550e-01  -1.5302918248402858e-01  -1.5538895550880361e-01  -1.5758213034310081e-01  -1.5959321513437774e-01  -1.6140307204198553e-01  -1.6299029028952169e-01  -1.6433253794445113e-01  -1.6540762805685089e-01  -1.6619417435140785e-01  -1.6667187056533656e-01  -1.6682153197732749e-01  -1.6662506046061409e-01  -1.6606546053240706e-01  -1.6512697686430783e-01  -1.6379538207871919e-01  -1.6205841497160081e-01  -1.5990636532310468e-01  -1.5733279763495148e-01  -1.5433540756332007e-01  -1.5091696931722337e-01  -1.4708625599939748e-01  -1.4285866350780224e-01  -1.3825619523548122e-01  -1.3330658463567546e-01  -1.2804169501941623e-01  -1.2249559178515382e-01  -1.1670266982384904e-01  -1.1069600663248265e-01  -1.0450595797473208e-01  -9.8158943569582560e-02  -9.1676385435497026e-02  -8.5073777019388896e-02  -7.8359893289587701e-02  -7.1536163311322259e-02  -6.4596270442494136e-02  -5.7526107889396834e-02  -5.0304380056571743e-02  -4.2904371610714996e-02  -3.5297688812809938e-02  -2.7460707956068350e-02  -1.9383496293601813e-02  -1.1078836190874783e-02  -2.5873769843261507e-03   6.0237592988061778e-03   1.4667968198034731e-02   2.3248673676938544e-02   3.1669132285007971e-02   3.9841931046669207e-02   4.7697924400584672e-02   5.5193093853600834e-02   6.2310735813797057e-02   6.9057612827011658e-02   7.5455991428388769e-02   8.1535273559936616e-02   8.7325786737641131e-02   9.2855127508664537e-02   9.8146324059674050e-02   1.0321695696063352e-01   1.0807869028647549e-01   1.1273695386291507e-01   1.1719073420357347e-01   1.2143254243255300e-01   1.2544869207117001e-01   1.2922001077375456e-01   1.3272305954577651e-01   1.3593182164698325e-01   1.3881970857565645e-01   1.4136162372006067e-01   1.4353579386595197e-01   1.4532510693295844e-01   1.4671780233329274e-01   1.4770747777450699e-01   1.4829250137173403e-01   1.4847498345044763e-01   1.4825950175175534e-01   1.4765175144647263e-01   1.4665726403948470e-01   1.4528028284028688e-01   1.4352285198094938e-01   1.4138413719751736e-01   1.3885999536889129e-01   1.3594280997234978e-01   1.3262165215934144e-01   1.2888287175839400e-01   1.2471127368402737e-01   1.2009202051424994e-01   1.1501320555061789e-01   1.0946871070787734e-01   1.0346056985369870e-01   9.7000160074381447e-02   9.0107959243717742e-02   8.2812256546253307e-02   7.5147371172002458e-02   6.7151882516709657e-02   5.8867114901766215e-02   5.0335965768304736e-02   4.1602063429913606e-02   3.2709215658047415e-02   2.3701107363867609e-02   1.4621213962461042e-02   5.5129068155920918e-03  -3.5802731409657271e-03  -1.2614202425926962e-02  -2.1543684616847955e-02  -3.0322008225498690e-02  -3.8900823168665680e-02  -4.7230837137298726e-02  -5.5264103513351384e-02  -6.2958543627283814e-02  -7.0284033420631123e-02  -7.7226941515130404e-02  -8.3789594608662393e-02  -8.9984994962766685e-02  -9.5830816711045846e-02  -1.0134562900042457e-01  -1.0654749823852072e-01  -1.1145385787087472e-01  -1.1608176514520883e-01  -1.2044811879975403e-01  -1.2456975716896135e-01  -1.2846335369092118e-01
  -1.3453183408024597e-01  -1.3786621280178041e-01  -1.4101461931143616e-01  -1.4399169315515625e-01  -1.4681031553062951e-01  -1.4948085081975160e-01  -1.5200994721134189e-01  -1.5439923501085909e-01  -1.5664437591916169e-01  -1.5873483991332915e-01  -1.6065453071997199e-01  -1.6238311845002240e-01  -1.6389775273452672e-01  -1.6517473738820759e-01  -1.6619081899823968e-01  -1.6692390532775392e-01  -1.6735327188267324e-01  -1.6745945277694319e-01  -1.6722406047048646e-01  -1.6662970056949644e-01  -1.6566006650959558e-01  -1.6430022209074047e-01  -1.6253705379778724e-01  -1.6035986183467288e-01  -1.5776106785335012e-01  -1.5473701653155747e-01  -1.5128884358765077e-01  -1.4742334276002400e-01  -1.4315368021059235e-01  -1.3849969867397496e-01  -1.3348751730066874e-01  -1.2814832850633301e-01  -1.2251658591954438e-01  -1.1662797184389052e-01  -1.1051745104648328e-01  -1.0421755716288589e-01  -9.7756920352530419e-02  -9.1159020985596126e-02  -8.4441154993676160e-02  -7.7613630968597011e-02  -7.0679231853278304e-02  -6.3633012268672628e-02  -5.6462546676454284e-02  -4.9148852767061338e-02  -4.1668361436478674e-02  -3.3996461536739409e-02  -2.6113062988377841e-02  -1.8009980739178869e-02  -9.6985601754148165e-03  -1.2147095043784362e-03   7.3811255846978896e-03   1.6009253741790935e-02   2.4579403834114333e-02   3.3000617332927945e-02   4.1190977830495065e-02   4.9086057430126263e-02   5.6644380435891740e-02   6.3848205510540545e-02   7.0699499705345767e-02   7.7213188791681875e-02   8.3410423297579916e-02   8.9313525775528230e-02   9.4942854342404709e-02   1.0031509239104913e-01   1.0544238042066720e-01   1.1033188839938894e-01   1.1498562247116891e-01   1.1940040765306592e-01   1.2356807168787719e-01   1.2747589577048157e-01   1.3110738972614119e-01   1.3444340898840687e-01   1.3746355761891677e-01   1.4014774624963872e-01   1.4247771224024208e-01   1.4443829492193966e-01   1.4601828964992819e-01   1.4721078211246180e-01   1.4801295299803369e-01   1.4842542904999068e-01   1.4845130980770888e-01   1.4809502150919057e-01   1.4736113770571130e-01   1.4625327853040151e-01   1.4477316512654792e-01   1.4291987406529724e-01   1.4068931973008203e-01   1.3807398935127116e-01   1.3506298186592061e-01   1.3164243185324276e-01   1.2779645922727945e-01   1.2350876032028391e-01   1.1876487114658429e-01   1.1355480665123038e-01   1.0787552885050072e-01   1.0173254262942799e-01   9.5140299261192537e-02   8.8121493830584638e-02   8.0705701883545811e-02   7.2927787135883382e-02   6.4826387792357498e-02   5.6442628132353082e-02   4.7819097621714962e-02   3.8999095440039683e-02   3.0026114930735395e-02   2.0943550187574995e-02   1.1794602857543315e-02   2.6223796103065772e-03  -6.5298392984139107e-03  -1.5618181748281612e-02  -2.4597676192267767e-02  -3.3421772937884148e-02  -4.2042160068132384e-02  -5.0409363503695043e-02  -5.8474904403950624e-02  -6.6195677993352520e-02  -7.3539976515079777e-02  -8.0492144069959262e-02  -8.7052308815302348e-02  -9.3231355592838350e-02  -9.9045118517542802e-02  -1.0451080491375142e-01  -1.0964581232558758e-01  -1.1446776310814848e-01  -1.1899479975270763e-01  -1.2324566738615229e-01  -1.2723950542027543e-01  -1.3099540094336792e-01
  -1.3667005084059058e-01  -1.3986786926337241e-01  -1.4287640785788891e-01  -1.4571251283291672e-01  -1.4839171119082756e-01  -1.5092725060250592e-01  -1.5332850667596742e-01  -1.5559927272732343e-01  -1.5773654209959023e-01  -1.5973021460980294e-01  -1.6156381448518264e-01  -1.6321603394856526e-01  -1.6466274259648239e-01  -1.6587898960587810e-01  -1.6684055736735082e-01  -1.6752477441482391e-01  -1.6791063695196709e-01  -1.6797850864851205e-01  -1.6770975611793201e-01  -1.6708654405843443e-01  -1.6609189035717753e-01  -1.6470996093986881e-01  -1.6292656161093194e-01  -1.6072976661452354e-01  -1.5811064955085671e-01  -1.5506407788319576e-01  -1.5158954742691044e-01  -1.4769200383488776e-01  -1.4338256735470337e-01  -1.3867898955016433e-01  -1.3360560597725230e-01  -1.2819257156537317e-01  -1.2247435280810515e-01  -1.1648771970061561e-01  -1.1026957942304169e-01  -1.0385493322050915e-01  -9.7275077798594789e-02  -9.0556097845473721e-02  -8.3717659720524307e-02  -7.6772141913017844e-02  -6.9724146435109449e-02  -6.2570464634168460e-02  -5.5300592394178394e-02  -4.7897955991323952e-02  -4.0342082920965701e-02  -3.2612024608421337e-02  -2.4691237499092182e-02  -1.6573694813862144e-02  -8.2701241258007485e-03   1.8759282736656446e-04   8.7458278603358419e-03   1.7333122590284619e-02   2.5867656074740841e-02   3.4266469755595143e-02   4.2454648474846923e-02   5.0372815700692297e-02   5.7981362984045250e-02   6.5260521321568857e-02   7.2206794139303462e-02   7.8827562542955587e-02   8.5135785720685364e-02   9.1145906106501917e-02   9.6871153988776618e-02   1.0232197119249753e-01   1.0750517630518369e-01   1.1242358597043071e-01   1.1707592552221308e-01   1.2145696144842819e-01   1.2555784503144790e-01   1.2936668300376988e-01   1.3286934298512509e-01   1.3605047223449773e-01   1.3889465912305579e-01   1.4138762223281939e-01   1.4351727900043076e-01   1.4527454866928863e-01   1.4665377598396517e-01   1.4765272463973367e-01   1.4827215742230576e-01   1.4851508198014865e-01   1.4838577681743298e-01   1.4788872333575587e-01   1.4702755828978475e-01   1.4580413430011058e-01   1.4421775027855499e-01   1.4226458917810267e-01   1.3993739891665591e-01   1.3722545369119316e-01   1.3411487373137052e-01   1.3058939819618753e-01   1.2663173548925810e-01   1.2222550131352566e-01   1.1735760094792855e-01   1.1202060081615478e-01   1.0621457138859565e-01   9.9947973242063698e-02   9.3237554229023079e-02   8.6107483314913413e-02   7.8588079560728413e-02   7.0714430173721421e-02   6.2525086995860957e-02   5.4060937589224624e-02   4.5364282230271009e-02   3.6478125462296417e-02   2.7445672859608750e-02   1.8310029417287165e-02   9.1140897241769152e-03  -9.9382702386928423e-05  -9.2875015800992014e-03  -1.8406849445882230e-02  -2.7412974662453397e-02  -3.6259911429215502e-02  -4.4899983881651256e-02  -5.3284362656487075e-02  -6.1365098692583914e-02  -6.9099223534116211e-02  -7.6454335995467096e-02  -8.3412896103234796e-02  -8.9972069864678275e-02  -9.6139340260157177e-02  -1.0192746046457593e-01  -1.0735143297404526e-01  -1.1242761696121788e-01  -1.1717384183109622e-01  -1.2160957674635878e-01  -1.2575568402707205e-01  -1.2963372133518936e-01  -1.3326504315146931e-01
  -1.3853074606145413e-01  -1.4160947617607478e-01  -1.4449531949838895e-01  -1.4720669536360248e-01  -1.4976130609787605e-01  -1.5217497025909466e-01  -1.5445960193571912e-01  -1.5662109638918784e-01  -1.5865789404545685e-01  -1.6056064940110351e-01  -1.6231299003479574e-01  -1.6389314590656326e-01  -1.6527612432432437e-01  -1.6643599284966401e-01  -1.6734773460430272e-01  -1.6798823383534198e-01  -1.6833634001012762e-01  -1.6837235011955895e-01  -1.6807741458546130e-01  -1.6743319369359100e-01  -1.6642187864398253e-01  -1.6502652067095466e-01  -1.6323158548719163e-01  -1.6102364493691257e-01  -1.5839215747475233e-01  -1.5533029116314456e-01  -1.5183576374006244e-01  -1.4791165159529990e-01  -1.4356711377992623e-01  -1.3881791626744608e-01  -1.3368659612056533e-01  -1.2820205173832111e-01  -1.2239842073017920e-01  -1.1631328347966360e-01  -1.0998544012624327e-01  -1.0345258937041958e-01  -9.6749162552246387e-02  -8.9904465524572652e-02  -8.2941203959108811e-02  -7.5874461047296879e-02  -6.8711189824461810e-02  -6.1450296272911556e-02  -5.4083384429795690e-02  -4.6596256003693631e-02  -3.8971276158363564e-02  -3.1190730200406101e-02  -2.3241193066510804e-02  -1.5118637257409355e-02  -6.8334542969746143e-03   1.5859746999472013e-03   1.0092611178695476e-02   1.8623733219844507e-02   2.7107114421584769e-02   3.5469013922268491e-02   4.3642189192013355e-02   5.1572213847617059e-02   5.9220798364725998e-02   6.6565708141049312e-02   7.3597959194569768e-02   8.0317694934771713e-02   8.6730080901497114e-02   9.2842004958028995e-02   9.8659783662933348e-02   1.0418774766580741e-01   1.0942747697343608e-01   1.1437749055659707e-01   1.1903325655046136e-01   1.2338745175573233e-01   1.2743043269473300e-01   1.3115089813698905e-01   1.3453671167356374e-01   1.3757583415135147e-01   1.4025728227476728e-01   1.4257200806478529e-01   1.4451358089375002e-01   1.4607857271605659e-01   1.4726658209773247e-01   1.4807989145207948e-01   1.4852280305074353e-01   1.4860074556746120e-01   1.4831926102726251e-01   1.4768298403884750e-01   1.4669470487152686e-01   1.4535458578202357e-01   1.4365957797606316e-01   1.4160307336847283e-01   1.3917483130739991e-01   1.3636123337768419e-01   1.3314595164479456e-01   1.2951110452311826e-01   1.2543894252216178e-01   1.2091393889703840e-01   1.1592500522070745e-01   1.1046738807665216e-01   1.0454389941376049e-01   9.8165308597922663e-02   9.1349996914421777e-02   8.4123092890722895e-02   7.6515342253545768e-02   6.8561905980994639e-02   6.0301213415938942e-02   5.1773940561293530e-02   4.3022146927000522e-02   3.4088587045932608e-02   2.5016202885018816e-02   1.5847802550510715e-02   6.6259262847597963e-03  -2.6070995743563662e-03  -1.1808931317479447e-02  -2.0936822443598062e-02  -2.9947145775354941e-02  -3.8794945477952363e-02  -4.7433772549064022e-02  -5.5816239958305890e-02  -6.3895926049073209e-02  -7.1631049834502233e-02  -7.8989271168158071e-02  -8.5951228976924171e-02  -9.2510413472591924e-02  -9.8669773655237936e-02  -1.0443793815602120e-01  -1.0982706781936802e-01  -1.1485231804575416e-01  -1.1953191652891941e-01  -1.2388700308083969e-01  -1.2794082958299438e-01  -1.3171741041073315e-01  -1.3524011193097929e-01
  -1.4008598692980476e-01  -1.4306600215983750e-01  -1.4584934775381525e-01  -1.4845523246325215e-01  -1.5090287003390673e-01  -1.5321012847437057e-01  -1.5539109648914320e-01  -1.5745362321175729e-01  -1.5939774490261688e-01  -1.6121532950177786e-01  -1.6289079718254804e-01  -1.6440267719071150e-01  -1.6572576642015580e-01  -1.6683357860603379e-01  -1.6770052380448244e-01  -1.6830317290089350e-01  -1.6862033576561319e-01  -1.6863232279499996e-01  -1.6832007711042915e-01  -1.6766467076119518e-01  -1.6664729683922294e-01  -1.6524965754591800e-01  -1.6345460448488330e-01  -1.6124691571782940e-01  -1.5861414349506939e-01  -1.5554748810417723e-01  -1.5204266859016546e-01  -1.4810075128932487e-01  -1.4372888919415688e-01  -1.3894089054716793e-01  -1.3375750497437272e-01  -1.2820626336324806e-01  -1.2232070699526712e-01  -1.1613891269366539e-01  -1.0970140051665714e-01  -1.0304867434373974e-01  -9.6218715263251889e-02  -8.9244700356464521e-02  -8.2153140290006213e-02  -7.4962575245653792e-02  -6.7682938712634824e-02  -6.0315674851513762e-02  -5.2854660245065889e-02  -4.5287951053123797e-02  -3.7600346673316604e-02  -2.9776734128991813e-02  -2.1806089850821345e-02  -1.3685819747998200e-02  -5.4257909664952725e-03   2.9489036631634713e-03   1.1397458649024542e-02   1.9865718753544717e-02   2.8291154864200883e-02   3.6609397752804494e-02   4.4760814269605008e-02   5.2695639473618980e-02   6.0376662975779774e-02   6.7779274504214990e-02   7.4889460034555794e-02   8.1700764564910863e-02   8.8211166998775112e-02   9.4420457243601333e-02   1.0032832664192011e-01   1.0593314804516595e-01   1.1123132252689541e-01   1.1621706433243995e-01   1.2088251979383779e-01   1.2521814831785472e-01   1.2921330996982633e-01   1.3285701052587198e-01   1.3613874347834812e-01   1.3904935318105530e-01   1.4158182216931647e-01   1.4373188003353748e-01   1.4549833667925413e-01   1.4688307662551797e-01   1.4789069503718311e-01   1.4852781366511666e-01   1.4880215716731063e-01   1.4872150175910762e-01   1.4829260763921270e-01   1.4752023600478709e-01   1.4640632403316234e-01   1.4494937019984955e-01   1.4314406339139052e-01   1.4098118951200783e-01   1.3844785729413989e-01   1.3552809736043553e-01   1.3220389304154034e-01   1.2845665718594801e-01   1.2426908349616836e-01   1.1962715451711493e-01   1.1452200765704078e-01   1.0895134419400544e-01   1.0292020519946697e-01   9.6441086834262071e-02   8.9533516091603954e-02   8.2223255222538288e-02   7.4541307383542976e-02   6.6522854154382083e-02   5.8206219137052859e-02   4.9631914779236494e-02   4.0841810591414868e-02   3.1878445781762965e-02   2.2784504614104695e-02   1.3602467004709975e-02   4.3744444837094318e-03  -4.8577966577867601e-03  -1.4052633071283682e-02  -2.3168232182023459e-02  -3.2162114874054584e-02  -4.0990763358155484e-02  -4.9609514854257832e-02  -5.7973127814864245e-02  -6.6037499891576867e-02  -7.3762752036874171e-02  -8.1116982862763531e-02  -8.8078870354879296e-02  -9.4637640813003521e-02  -1.0079096505068247e-01  -1.0654277014877403e-01  -1.1190216072778129e-01  -1.1688324912380654e-01  -1.2150504851541664e-01  -1.2579075061971073e-01  -1.2976615660994198e-01  -1.3345758776369238e-01  -1.3688999702795743e-01
  -1.4130792650424709e-01  -1.4421140617999748e-01  -1.4691426418825934e-01  -1.4943560590410537e-01  -1.5179537358065653e-01  -1.5401287864045501e-01  -1.5610401085332345e-01  -1.5807849087541861e-01  -1.5993818498553336e-01  -1.6167669317316666e-01  -1.6327995230998935e-01  -1.6472760147548560e-01  -1.6599497983380615e-01  -1.6705559759565428e-01  -1.6788359000172237e-01  -1.6845534708752033e-01  -1.6874972353825574e-01  -1.6874710364532242e-01  -1.6842821974831285e-01  -1.6777346008691843e-01  -1.6676284088706442e-01  -1.6537647848934994e-01  -1.6359533953935917e-01  -1.6140212112450086e-01  -1.5878218001947858e-01  -1.5572447128918507e-01  -1.5222246604069459e-01  -1.4827501760722075e-01  -1.4388713224772182e-01  -1.3907058475939782e-01  -1.3384429120037131e-01  -1.2823431950742753e-01  -1.2227339341463106e-01  -1.1599975659681128e-01  -1.0945534833610732e-01  -1.0268339778420990e-01  -9.5725699104086889e-02  -8.8619903305735756e-02  -8.1397153110514639e-02  -7.4080329428139802e-02  -6.6683117229664579e-02  -5.9210024486401211e-02  -5.1657400795817494e-02  -4.4015403352333976e-02  -3.6270778961019212e-02  -2.8410268573292256e-02  -2.0424380276863913e-02  -1.2311171717489008e-02  -4.0795216373903653e-03   4.2487781366715716e-03   1.2638768247062337e-02   2.1044263971253405e-02   2.9411797533408307e-02   3.7685763628630742e-02   4.5813599864827650e-02   5.3749854755249175e-02   6.1458402152904705e-02   6.8912675960453820e-02   7.6094353230745204e-02   8.2991194560562809e-02   8.9594715745323517e-02   9.5898148070171926e-02   1.0189490110826974e-01   1.0757756765707613e-01   1.1293742091944090e-01   1.1796432571103402e-01   1.2264698536397492e-01   1.2697345403447835e-01   1.3093184684092640e-01   1.3451117552363748e-01   1.3770222315490119e-01   1.4049835639028138e-01   1.4289616325337395e-01   1.4489580975610653e-01   1.4650103521368354e-01   1.4771875563263143e-01   1.4855830441797410e-01   1.4903039801138715e-01   1.4914594941838227e-01   1.4891486274109342e-01   1.4834492417816136e-01   1.4744087743567841e-01   1.4620373654465002e-01   1.4463037083166347e-01   1.4271338432050773e-01   1.4044131653496694e-01   1.3779919569372256e-01   1.3476947605847070e-01   1.3133335965764920e-01   1.2747244034718372e-01   1.2317052220145430e-01   1.1841539135273665e-01   1.1320030763663694e-01   1.0752503555164182e-01   1.0139634232848693e-01   9.4827988454081524e-02   8.7840307703821091e-02   8.0459496682952131e-02   7.2716731681194580e-02   6.4647208402769024e-02   5.6289178424162714e-02   4.7683035759331874e-02   3.8870494235537609e-02   2.9893886639017410e-02   2.0795612448935935e-02   1.1617754461119244e-02   2.4018797133843403e-03  -6.8109708987163231e-03  -1.5980113362384585e-02  -2.5064906368134292e-02  -3.4024362694717536e-02  -4.2816819017872529e-02  -5.1399880908046564e-02  -5.9730954697196192e-02  -6.7768673744695584e-02  -7.5475237666902534e-02  -8.2819037283254515e-02  -8.9776434344796083e-02  -9.6332048991794983e-02  -1.0247811090641151e-01  -1.0821394119415460e-01  -1.1354596156823796e-01  -1.1848780404017846e-01  -1.2305981515309797e-01  -1.2728753473485860e-01  -1.3119923238923725e-01  -1.3482312310481823e-01  -1.3818513252648151e-01
  -1.4216818133503803e-01  -1.4501760690530380e-01  -1.4766218509656870e-01  -1.5012000739200931e-01  -1.5241098465732728e-01  -1.5455536483422178e-01  -1.5657061957688378e-01  -1.5846840413494578e-01  -1.6025271055662729e-01  -1.6191933436688002e-01  -1.6345631482251180e-01  -1.6484507620878583e-01  -1.6606219378195763e-01  -1.6708176096299049e-01  -1.6787801532304056e-01  -1.6842734259594672e-01  -1.6870872370206030e-01  -1.6870266115837873e-01  -1.6838966746404110e-01  -1.6774935559334009e-01  -1.6676039764368891e-01  -1.6540110289985249e-01  -1.6365030125421137e-01  -1.6148834082485708e-01  -1.5889811127011605e-01  -1.5586605687161262e-01  -1.5238315366494215e-01  -1.4844582446142121e-01  -1.4405675206606605e-01  -1.3922554182836877e-01  -1.3396916387678659e-01  -1.2831208919189296e-01  -1.2228600210160519e-01  -1.1592896256050604e-01  -1.0928390895486814e-01  -1.0239647870957469e-01  -9.5312268233254116e-02  -8.8073811312138595e-02  -8.0717670302371536e-02  -7.3272057013638064e-02  -6.5755366245839414e-02  -5.8175881095967545e-02  -5.0532749591470978e-02  -4.2818127117431916e-02  -3.5020215913503114e-02  -2.7126831707466128e-02  -1.9129102989234724e-02  -1.1024897264674059e-02  -2.8215503908141648e-03   5.4625466864715727e-03   1.3797884727963020e-02   2.2145459741047036e-02   3.0459874766705322e-02   3.8693313853143355e-02   4.6799532053988679e-02   5.4737031289325916e-02   6.2470887063612958e-02   6.9973123407147161e-02   7.7221916901028045e-02   8.4200110701253800e-02   9.0893522956007958e-02   9.7289408302801139e-02   1.0337527519648396e-01   1.0913813565304453e-01   1.1456418595789288e-01   1.1963887691999760e-01   1.2434731601026776e-01   1.2867493393412904e-01   1.3260833850435477e-01   1.3613626169371512e-01   1.3925048770701981e-01   1.4194663146241904e-01   1.4422463394364157e-01   1.4608886024523440e-01   1.4754773743380736e-01   1.4861294200681444e-01   1.4929822724028419e-01   1.4961803814498092e-01   1.4958608365000561e-01   1.4921401818061464e-01   1.4851034197905733e-01   1.4747958481859719e-01   1.4612180222465876e-01   1.4443239749111550e-01   1.4240227535114242e-01   1.4001834137470837e-01   1.3726434999213236e-01   1.3412209142850748e-01   1.3057286017348599e-01   1.2659910067058855e-01   1.2218607005826625e-01   1.1732334513724291e-01   1.1200601810399118e-01   1.0623548740388306e-01   1.0001981345149477e-01   9.3373671582635598e-02   8.6317969749248616e-02   7.8879216340158084e-02   7.1088720915687825e-02   6.2981702939720774e-02   5.4596370995570576e-02   4.5973024716090542e-02   3.7153223642369886e-02   2.8179061174063703e-02   1.9092577121299120e-02   9.9353361274653121e-03   7.4819221377358386e-04  -8.4287551503629890e-03  -1.7556023740105602e-02  -2.6594469576759535e-02  -3.5504938257191358e-02  -4.4247973637720837e-02  -5.2783761846902089e-02  -6.1072528920981313e-02  -6.9075539822593596e-02  -7.6756630353166627e-02  -8.4083866664776102e-02  -9.1030860585471204e-02  -9.7577654182778514e-02  -1.0371154056464887e-01  -1.0942808051983176e-01  -1.1473202204688707e-01  -1.1963745151470521e-01  -1.2416663580694062e-01  -1.2834752876282141e-01  -1.3221045306812101e-01  -1.3578482183049939e-01  -1.3909675457544346e-01
  -1.4263820415986520e-01  -1.4545482993008776e-01  -1.4806203123075856e-01  -1.5047610532375816e-01  -1.5271634110968177e-01  -1.5480360099109761e-01  -1.5675687828151291e-01  -1.5858989658210823e-01  -1.6030902821699727e-01  -1.6191258929933330e-01  -1.6339111072935791e-01  -1.6472826979621211e-01  -1.6590242785056974e-01  -1.6688882230495874e-01  -1.6766223429723484e-01  -1.6819928725363689e-01  -1.6847919015205681e-01  -1.6848259768385285e-01  -1.6818978738565815e-01  -1.6757951521793735e-01  -1.6662896804839866e-01  -1.6531446053852775e-01  -1.6361246735864465e-01  -1.6150074778277676e-01  -1.5895947514343794e-01  -1.5597233526421053e-01  -1.5252757671954723e-01  -1.4861898380289840e-01  -1.4424673946591121e-01  -1.3941813249410895e-01  -1.3414805711670916e-01  -1.2845923625191161e-01  -1.2238208671190832e-01  -1.1595412031439056e-01  -1.0921876778659789e-01  -1.0222352583264364e-01  -9.5017417570666646e-02  -8.7647887517166068e-02  -8.0157460807659384e-02  -7.2580649610100079e-02  -6.4941692606937301e-02  -5.7253629807303509e-02  -4.9518987268832332e-02  -4.1731990158259277e-02  -3.3881898684285101e-02  -2.5956878281139899e-02  -1.7947813050049007e-02  -9.8515847522471917e-03  -1.6734615755074761e-03   6.5716612228219340e-03   1.4859328220807974e-02   2.3156896923176865e-02   3.1425986407871490e-02   3.9625530473221253e-02   4.7714823224631123e-02   5.5655974725034342e-02   6.3415400590470156e-02   7.0964258000502822e-02   7.8278004460126560e-02   8.5335404262749937e-02   9.2117331128736005e-02   9.8605649193861764e-02   1.0478235863330108e-01   1.1062909923505518e-01   1.1612704068508736e-01   1.2125714402561735e-01   1.2600075255768789e-01   1.3034044672776551e-01   1.3426107525995282e-01   1.3775084602395718e-01   1.4080233140417225e-01   1.4341322153849431e-01   1.4558666261680464e-01   1.4733105840755242e-01   1.4865929903994807e-01   1.4958749049288775e-01   1.5013335766755043e-01   1.5031454136113662e-01   1.5014700009383339e-01   1.4964366557173367e-01   1.4881343539193104e-01   1.4766052732363544e-01   1.4618419427776280e-01   1.4437878857545833e-01   1.4223416759444613e-01   1.3973642828961688e-01   1.3686894992071691e-01   1.3361369707722082e-01   1.2995270266982600e-01   1.2586961751900574e-01   1.2135119639655648e-01   1.1638859409664920e-01   1.1097837403440676e-01   1.0512316893429395e-01   9.8831981018056334e-02   9.2120140365847897e-02   8.5008970106563983e-02   7.7525214464108594e-02   6.9700296781637389e-02   6.1569466246851154e-02   5.3170894745660974e-02   4.4544773010880889e-02   3.5732457938243214e-02   2.6775711505203959e-02   1.7716075828955763e-02   8.5944138069052531e-03  -5.4935772931282920e-04  -9.6763388522115718e-03  -1.8748530347732030e-02  -2.7728574006788430e-02  -3.6579415455097554e-02  -4.5263997524354990e-02  -5.3745110313907010e-02  -6.1985531866985660e-02  -6.9948525399851788e-02  -7.7598657630521664e-02  -8.4902846295128565e-02  -9.1831654070596375e-02  -9.8361000465438150e-02  -1.0447436552726178e-01  -1.1016506396772391e-01  -1.1543769694013227e-01  -1.2030792623928929e-01  -1.2480036432260960e-01  -1.2894509263224763e-01  -1.3277373975045825e-01  -1.3631601457770889e-01  -1.3959737017513721e-01
  -1.4269103333240377e-01  -1.4549373812631763e-01  -1.4808222725822515e-01  -1.5047047611756148e-01  -1.5267675454790361e-01  -1.5472232455277121e-01  -1.5662765719981803e-01  -1.5840861751382829e-01  -1.6007409526414809e-01  -1.6162510115466505e-01  -1.6305487801335672e-01  -1.6434965664130397e-01  -1.6548999167744688e-01  -1.6645275774922394e-01  -1.6721375608866879e-01  -1.6775017668254127e-01  -1.6804159721990178e-01  -1.6806884751312073e-01  -1.6781193782392850e-01  -1.6724869902080847e-01  -1.6635472763478021e-01  -1.6510420182756799e-01  -1.6347106285139040e-01  -1.6143027195849213e-01  -1.5895905661146262e-01  -1.5603810966298806e-01  -1.5265272970495528e-01  -1.4879386618952789e-01  -1.4445904088733225e-01  -1.3965309661958392e-01  -1.3438873935553342e-01  -1.2868681681632940e-01  -1.2257628616531871e-01  -1.1609378422685855e-01  -1.0928271976784601e-01  -1.0219176247344131e-01  -9.4872647830132106e-02  -8.7377254518498496e-02  -7.9754110159496974e-02  -7.2044700706456896e-02  -6.4280261742712924e-02  -5.6479848095143309e-02  -4.8650316048984420e-02  -4.0788363761507254e-02  -3.2884144968459122e-02  -2.4925604492512334e-02  -1.6902637257818161e-02  -8.8104526164243524e-03  -6.5181447117840241e-04   7.5619290585693943e-03   1.5810995630070171e-02   2.4068351045588937e-02   3.2301670546223911e-02   4.0475698817572063e-02   4.8554574153392205e-02   5.6503713628760215e-02   6.4291002021848898e-02   7.1887215850512484e-02   7.9265796569222141e-02   8.6402194045828495e-02   9.3273037418463198e-02   9.9855357167416212e-02   1.0612602404303265e-01   1.1206150486797303e-01   1.1763798164712938e-01   1.2283183658660222e-01   1.2762047095896209e-01   1.3198339306867396e-01   1.3590347175380688e-01   1.3936821057988444e-01   1.4237085154722096e-01   1.4491109411073344e-01   1.4699522707225846e-01   1.4863555597700834e-01   1.4984914818257566e-01   1.5065607020123001e-01   1.5107740342270065e-01   1.5113331978415603e-01   1.5084144166257724e-01   1.5021558318777034e-01   1.4926491150098453e-01   1.4799349515040375e-01   1.4640022472801484e-01   1.4447906482873724e-01   1.4221963138099902e-01   1.3960805589832778e-01   1.3662811036712386e-01   1.3326251989564367e-01   1.2949439212260502e-01   1.2530865332307661e-01   1.2069339923328928e-01   1.1564105755286985e-01   1.1014929934687188e-01   1.0422164633549739e-01   9.7867765581689387e-02   9.1103451890738707e-02   8.3950334529152432e-02   7.6435344198721347e-02   6.8590000054148365e-02   6.0449566661269327e-02   5.2052144516451675e-02   4.3437743827094019e-02   3.4647399672142240e-02   2.5722376425453008e-02   1.6703508831621906e-02   7.6307182634691890e-03  -1.4572730407390252e-03  -1.0523018179919508e-02  -1.9530232412415638e-02  -2.8443518250947493e-02  -3.7227998315845952e-02  -4.5848921049165964e-02  -5.4271338924485067e-02  -6.2459919960215451e-02  -7.0378976869986676e-02  -7.7992791518425961e-02  -8.5266442015398403e-02  -9.2167442139428873e-02  -9.8668441768702153e-02  -1.0475069949279553e-01  -1.1040722948471192e-01  -1.1564421656115784e-01  -1.2047988661505313e-01  -1.2494126368345770e-01  -1.2905990824443841e-01  -1.3286778260504783e-01  -1.3639391640042009e-01  -1.3966226923236527e-01
  -1.4230409924376261e-01  -1.4510882924788238e-01  -1.4769471689999278e-01  -1.5007318581181300e-01  -1.5226120275966415e-01  -1.5428016992077084e-01  -1.5615186797206820e-01  -1.5789423734679964e-01  -1.5951868806754599e-01  -1.6102898104883551e-01  -1.6242117852113536e-01  -1.6368425113393834e-01  -1.6480124632481088e-01  -1.6575110163301882e-01  -1.6651111827469869e-01  -1.6705945078740839e-01  -1.6737624622637820e-01  -1.6744254411890863e-01  -1.6723804454718066e-01  -1.6673960071378752e-01  -1.6592115763220427e-01  -1.6475466779664705e-01  -1.6321140252477995e-01  -1.6126334045606019e-01  -1.5888454229462440e-01  -1.5605247355031612e-01  -1.5274925819564061e-01  -1.4896281666288294e-01  -1.4468785651479155e-01  -1.3992666481012786e-01  -1.3468967965808354e-01  -1.2899579544522724e-01  -1.2287238364774195e-01  -1.1635496786598057e-01  -1.0948650749988725e-01  -1.0231617708135037e-01  -9.4897548576244953e-02  -8.7286033797100399e-02  -7.9535564635162231e-02  -7.1694645651739913e-02  -6.3802320647222521e-02  -5.5884993089364683e-02  -4.7955195205507326e-02  -4.0012978175753194e-02  -3.2049620786381752e-02  -2.4052554602066220e-02  -1.6010139244819917e-02  -7.9153795170551419e-03   2.3178749851235358e-04   8.4235605192352070e-03   1.6644477936671245e-02   2.4872468795558364e-02   3.3080465151972931e-02   4.1238253931315014e-02   4.9314257744543774e-02   5.7276968082637360e-02   6.5095862913590569e-02   7.2741762288533948e-02   8.0186703389256569e-02   8.7403495078795121e-02   9.4365147322788404e-02   1.0104435804441249e-01   1.0741320617449902e-01   1.1344315195041489e-01   1.1910540036493447e-01   1.2437164312705952e-01   1.2921515195278024e-01   1.3361215505023283e-01   1.3754336892834151e-01   1.4099549851865548e-01   1.4396244734468350e-01   1.4644595607401784e-01   1.4845543359625168e-01   1.5000689681968477e-01   1.5112116665094055e-01   1.5182163998576489e-01   1.5213204185857196e-01   1.5207444090917216e-01   1.5166770712560326e-01   1.5092641570496493e-01   1.4986018744786739e-01   1.4847339103433299e-01   1.4676519460087223e-01   1.4472991812212593e-01   1.4235768583247221e-01   1.3963532899084247e-01   1.3654751424218070e-01   1.3307801924990620e-01   1.2921109543287071e-01   1.2493282003649854e-01   1.2023236563386652e-01   1.1510310020237242e-01   1.0954346613151610e-01   1.0355758469246761e-01   9.7155570166453389e-02   9.0353541930375106e-02   8.3173357177786789e-02   7.5642092340729244e-02   6.7791327089105929e-02   5.9656285622465374e-02   5.1274897385233734e-02   4.2686840955661359e-02   3.3932625036260620e-02   2.5052772975869032e-02   1.6087147661614488e-02   7.0744745929476535e-03  -1.9479371465535994e-03  -1.0944244737203485e-02  -1.9879937158262487e-02  -2.8721514118746724e-02  -3.7436057644215870e-02  -4.5990710163048169e-02  -5.4352152232179457e-02  -6.2486110248538451e-02  -7.0357039232608859e-02  -7.7928182568772320e-02  -8.5162461744080875e-02  -9.2024714221509374e-02  -9.8485493604019050e-02  -1.0452567462529425e-01  -1.1013997978371232e-01  -1.1533767094361072e-01  -1.2014007189369404e-01  -1.2457624138460002e-01  -1.2867832273610302e-01  -1.3247758919616134e-01  -1.3600149140070245e-01  -1.3927181383914791e-01
  -1.4146228598973765e-01  -1.4428202530001646e-01  -1.4687892976311448e-01  -1.4926190647576368e-01  -1.5144637572719374e-01  -1.5345349448717324e-01  -1.5530600667060807e-01  -1.5702370365267726e-01  -1.5862040023995172e-01  -1.6010257305219858e-01  -1.6146913801821280e-01  -1.6271192174200111e-01  -1.6381668816183900e-01  -1.6476479428833468e-01  -1.6553550120842650e-01  -1.6610836797140491e-01  -1.6646437497329086e-01  -1.6658484373807206e-01  -1.6644915011893385e-01  -1.6603316152902034e-01  -1.6530916920869662e-01  -1.6424686460941379e-01  -1.6281474807842314e-01  -1.6098164348661725e-01  -1.5871821825824595e-01  -1.5599846005450699e-01  -1.5280107547093608e-01  -1.4911074873770094e-01  -1.4491921753151471e-01  -1.4022611303227203e-01  -1.3503954914280977e-01  -1.2937643213389832e-01  -1.2326249327572576e-01  -1.1673201056230260e-01  -1.0982720484629580e-01  -1.0259722929612874e-01  -9.5096674203356990e-02  -8.7383422950902734e-02  -7.9515726761577074e-02  -7.1548400036230392e-02  -6.3528374549143299e-02  -5.5490376473445721e-02  -4.7454109870160452e-02  -3.9424346519848857e-02  -3.1394265077642355e-02  -2.3350917394520040e-02  -1.5280879205571841e-02  -7.1746244488472763e-03   9.7092330388902359e-04   9.1514521796531023e-03   1.7355501080073679e-02   2.5565433799262606e-02   3.3758811582073910e-02   4.1909878098062826e-02   4.9990929202773982e-02   5.7973383176968603e-02   6.5828447967400977e-02   7.3527365394269156e-02   8.1041300900385083e-02   8.8341005580390222e-02   9.5396409701655860e-02   1.0217630542511492e-01   1.0864825363694609e-01   1.1477881805514861e-01   1.2053418873110211e-01   1.2588121965731766e-01   1.3078885425181866e-01   1.3522985907257620e-01   1.3918270013859999e-01   1.4263330335255728e-01   1.4557634667144120e-01   1.4801571511843992e-01   1.4996388362960572e-01   1.5144025775206579e-01   1.5246883001501108e-01   1.5307562463102631e-01   1.5328637834318284e-01   1.5312465875989811e-01   1.5261049067574642e-01   1.5175941745100571e-01   1.5058195449326800e-01   1.4908336683658827e-01   1.4726376126338664e-01   1.4511846008410414e-01   1.4263865326033145e-01   1.3981228795873810e-01   1.3662516326212004e-01   1.3306216365472456e-01   1.2910857077104651e-01   1.2475137288921864e-01   1.1998050378981073e-01   1.1478993693826313e-01   1.0917857673660936e-01   1.0315089421504482e-01   9.6717272314732358e-02   8.9894042883268327e-02   8.2703221031506083e-02   7.5171971167026799e-02   6.7331853404726277e-02   5.9217924944449891e-02   5.0867756942759523e-02   4.2320452593493429e-02   3.3615713332011812e-02   2.4793038320551970e-02   1.5891075310336764e-02   6.9471875007185574e-03  -2.0027847051757204e-03  -1.0924530363739554e-02  -1.9785095875635497e-02  -2.8552518999812773e-02  -3.7195335782118401e-02  -4.5681956428272240e-02  -5.3979979674013398e-02  -6.2055485026032448e-02  -6.9872489856539544e-02  -7.7392915390151723e-02  -8.4577697556148662e-02  -9.1389764578874322e-02  -9.7798978450750557e-02  -1.0378764115575140e-01  -1.0935382320822307e-01  -1.1451072460319746e-01  -1.1928268905695692e-01  -1.2370007489614407e-01  -1.2779463730953888e-01  -1.3159603872408634e-01  -1.3512942309612666e-01  -1.3841393052887091e-01
  -1.4016041150680855e-01  -1.4300549012987776e-01  -1.4562471172914915e-01  -1.4802472793943544e-01  -1.5021922407161606e-01  -1.5222862271603271e-01  -1.5407612389226072e-01  -1.5578300058694505e-01  -1.5736525111497815e-01  -1.5883196059615642e-01  -1.6018487659151667e-01  -1.6141874278895682e-01  -1.6252220498927347e-01  -1.6347933654636002e-01  -1.6427177184756625e-01  -1.6488091252016140e-01  -1.6528889334468100e-01  -1.6547747223694106e-01  -1.6542577585489132e-01  -1.6510876499339458e-01  -1.6449715519461583e-01  -1.6355839810711720e-01  -1.6225814857041412e-01  -1.6056190152496591e-01  -1.5843668296216715e-01  -1.5585272105118247e-01  -1.5278503150021597e-01  -1.4921483044655293e-01  -1.4513071447868850e-01  -1.4052955459316799e-01  -1.3541709429957591e-01  -1.2980824299089250e-01  -1.2372708577715119e-01  -1.1720660674552266e-01  -1.1028813186098216e-01  -1.0302044726381171e-01  -9.5458537798578075e-02  -8.7661804678879504e-02  -7.9691592117272780e-02  -7.1607792201936013e-02  -6.3464460296794256e-02  -5.5304815258442330e-02  -4.7156888674493899e-02  -3.9031771017408609e-02  -3.0925859072646313e-02  -2.2826506567823864e-02  -1.4718673953821454e-02  -6.5902605791681515e-03   1.5648367170000010e-03   9.7456642238860081e-03   1.7944462453598695e-02   2.6147605273100352e-02   3.4336812524245960e-02   4.2490369502644391e-02   5.0584178481791496e-02   5.8592527602791766e-02   6.6488520426521341e-02   7.4244174361002752e-02   8.1830253710593076e-02   8.9215954825919375e-02   9.6368581813889742e-02   1.0325336124618682e-01   1.0983352539473738e-01   1.1607077269604701e-01   1.2192617349012372e-01   1.2736155396152257e-01   1.3234132886279482e-01   1.3683467797010102e-01   1.4081783593449074e-01   1.4427612004036489e-01   1.4720521148555005e-01   1.4961124890944855e-01   1.5150959681932727e-01   1.5292255923082135e-01   1.5387663279816635e-01   1.5439985571218631e-01   1.5451959632048254e-01   1.5426085345955812e-01   1.5364502450120021e-01   1.5268905422456369e-01   1.5140491004447973e-01   1.4979935280419901e-01   1.4787399498978410e-01   1.4562564133342537e-01   1.4304689741288512e-01   1.4012702269945315e-01   1.3685298425586048e-01   1.3321066111798138e-01   1.2918613191611214e-01   1.2476698276605200e-01   1.1994355903896753e-01   1.1471009797832796e-01   1.0906566707329560e-01   1.0301485300309331e-01   9.6568140081955259e-02   8.9741957494007069e-02   8.2558383791412338e-02   7.5044560637204549e-02   6.7231869416722739e-02   5.9154976693036092e-02   5.0850815387981065e-02   4.2357606077622859e-02   3.3713960735303465e-02   2.4958144223056353e-02   1.6127500174804802e-02   7.2580827188354208e-03  -1.6155257268084949e-03  -1.0460192463127089e-02  -1.9244037913691427e-02  -2.7936060155972744e-02  -3.6505609676200451e-02  -4.4921718317125749e-02  -5.3152318012635813e-02  -6.1163419683413711e-02  -6.8918455847983603e-02  -7.6378255123065314e-02  -8.3502450206700593e-02  -9.0253216109092094e-02  -9.6601240330330823e-02  -1.0253175053598580e-01  -1.0804710384885338e-01  -1.1316450695028700e-01  -1.1791069456280942e-01  -1.2231639975349960e-01  -1.2641208653403671e-01  -1.3022507093505029e-01  -1.3377767169634899e-01  -1.3708612848116808e-01
  -1.3840457865041181e-01  -1.4128316212803541e-01  -1.4393390212962254e-01  -1.4636162216405668e-01  -1.4857821376471989e-01  -1.5060288513571599e-01  -1.5245869399440476e-01  -1.5416790466963667e-01  -1.5574837682785156e-01  -1.5721162119846682e-01  -1.5856213743531736e-01  -1.5979759709177127e-01  -1.6090963663141269e-01  -1.6188527758003105e-01  -1.6270888759469002e-01  -1.6336412578570253e-01  -1.6383464661481098e-01  -1.6410291340719693e-01  -1.6414803216479701e-01  -1.6394427428520472e-01  -1.6346095605839833e-01  -1.6266336657390698e-01  -1.6151425916312623e-01  -1.5997561499060953e-01  -1.5801054109427198e-01  -1.5558518731208454e-01  -1.5267056832556830e-01  -1.4924416968031862e-01  -1.4529125359232209e-01  -1.4080581178582074e-01  -1.3579116343036340e-01  -1.3026021488487555e-01  -1.2423542011745953e-01  -1.1774846879137787e-01  -1.1083972643718745e-01  -1.0355741634167470e-01  -9.5956506425222743e-02  -8.8097199288389133e-02  -8.0042856719258815e-02  -7.1857093005824949e-02  -6.3599769987161478e-02  -5.5321877140290507e-02  -4.7060114735899793e-02  -3.8833209808109823e-02  -3.0642386575314266e-02  -2.2476528523289144e-02  -1.4319659938199926e-02  -6.1574344163039078e-03   2.0190601872472624e-03   1.0211989453941500e-02   1.8416994646618584e-02   2.6624113832504910e-02   3.4818884179915459e-02   4.2983361692311033e-02   5.1096915761854503e-02   5.9136735835774168e-02   6.7078026962397785e-02   7.4893929648557039e-02   8.2555236021931655e-02   9.0030022625676470e-02   9.7283335631589710e-02   1.0427708094095953e-01   1.1097025253533888e-01   1.1731961971882660e-01   1.2328095247495051e-01   1.2881082450910833e-01   1.3386895464620074e-01   1.3842092721697069e-01   1.4244094491491802e-01   1.4591405632478929e-01   1.4883722707703712e-01   1.5121884322041770e-01   1.5307677094767988e-01   1.5443557991465623e-01   1.5532365212261609e-01   1.5577065374462046e-01   1.5580551642946197e-01   1.5545489332258391e-01   1.5474198686431620e-01   1.5368568960840961e-01   1.5229999758956414e-01   1.5059370619152274e-01   1.4857038496553857e-01   1.4622864773609306e-01   1.4356269839068805e-01   1.4056314054386829e-01   1.3721799955310326e-01   1.3351391788515893e-01   1.2943745028205803e-01   1.2497640582155381e-01   1.2012115269239088e-01   1.1486582503265805e-01   1.0920933671194442e-01   1.0315613757099254e-01   9.6716620580817897e-02   8.9907153571457260e-02   8.2749715455364026e-02   7.5271220655295484e-02   6.7502610138847646e-02   5.9477851628452143e-02   5.1232932008888621e-02   4.2804937372677425e-02   3.4231253939517189e-02   2.5548924821153091e-02   1.6794166341437062e-02   8.0020508416970004e-03  -7.9364238122633241e-04  -9.5604087270292522e-03  -1.8266831064222114e-02  -2.6882231452140817e-02  -3.5376160116613660e-02  -4.3717734686227236e-02  -5.1874843809154136e-02  -5.9813304401488014e-02  -6.7496197575041494e-02  -7.4883934918480027e-02  -8.1935983653500050e-02  -8.8615239445484134e-02  -9.4894700103819896e-02  -1.0076351511729416e-01  -1.0622847539373619e-01  -1.1131017370838968e-01  -1.1603675611024548e-01  -1.2043837301103005e-01  -1.2454343241508015e-01  -1.2837636460297469e-01  -1.3195633764369619e-01  -1.3529660384334957e-01
  -1.3621226893860214e-01  -1.3913087998307519e-01  -1.4182050108019162e-01  -1.4428463297317889e-01  -1.4653349452497846e-01  -1.4858473295787974e-01  -1.5046067561083010e-01  -1.5218401002503607e-01  -1.5377403835562822e-01  -1.5524442775570865e-01  -1.5660228039857021e-01  -1.5784814166361161e-01  -1.5897669338353282e-01  -1.5997808133924918e-01  -1.6083971124204940e-01  -1.6154788888373692e-01  -1.6208821218193864e-01  -1.6244426533165748e-01  -1.6259553996832979e-01  -1.6251598988372237e-01  -1.6217381441953871e-01  -1.6153227652299557e-01  -1.6055119245434007e-01  -1.5918883879470080e-01  -1.5740410409468272e-01  -1.5515871341710114e-01  -1.5241934328314022e-01  -1.4915946139443381e-01  -1.4536077812055453e-01  -1.4101426233570774e-01  -1.3612073121443197e-01  -1.3069106027801403e-01  -1.2474607379324275e-01  -1.1831617221177611e-01  -1.1144073599909932e-01  -1.0416732187457481e-01  -9.6550632527481306e-02  -8.8651190558816081e-02  -8.0533569720190629e-02  -7.2263929915712899e-02  -6.3906501458247805e-02  -5.5518735688653259e-02  -4.7145434304967856e-02  -3.8813535879747049e-02  -3.0530522049079221e-02  -2.2288363359855682e-02  -1.4071328989411831e-02  -5.8635941130378393e-03   2.3460539282968013e-03   1.0562511143218906e-02   1.8784484098749513e-02   2.7005374956032967e-02   3.5214292505333727e-02   4.3396905213234568e-02   5.1536016143916417e-02   5.9611826158181835e-02   6.7601891810749687e-02   7.5480831122453490e-02   8.3219865838742885e-02   9.0786330842357377e-02   9.8143302290506815e-02   1.0524950952489580e-01   1.1205968847314035e-01   1.1852551273175854e-01   1.2459720482768950e-01   1.3022586549958362e-01   1.3536645535575220e-01   1.3998115322452942e-01   1.4404254506360889e-01   1.4753584768669362e-01   1.5045947205505672e-01   1.5282376905406841e-01   1.5464848939598355e-01   1.5595981122218724e-01   1.5678756959488088e-01   1.5716296180980655e-01   1.5711670060604654e-01   1.5667753403041529e-01   1.5587103486828049e-01   1.5471864298354823e-01   1.5323694975824975e-01   1.5143726343222261e-01   1.4932546588980478e-01   1.4690218919616843e-01   1.4416329320778551e-01   1.4110063569434983e-01   1.3770308077836288e-01   1.3395770838560284e-01   1.2985114929012029e-01   1.2537099460354545e-01   1.2050718947179201e-01   1.1525334488258224e-01   1.0960785220161064e-01   1.0357471371488351e-01   9.7163966812682939e-02   9.0391668181745016e-02   8.3279427968481881e-02   7.5853626465605326e-02   6.8144441223157215e-02   6.0184853936128789e-02   5.2009720535831090e-02   4.3654957966199961e-02   3.5156861696474945e-02   2.6551545800598528e-02   1.7874517124330254e-02   9.1603757106929057e-03   4.4266315019060934e-04  -8.2461484490386622e-03  -1.6874508916608692e-02  -2.5411494866030036e-02  -3.3826353699011165e-02  -4.2087901720904444e-02  -5.0163789256278526e-02  -5.8019732477951301e-02  -6.5618956790080729e-02  -7.2922437183486122e-02  -7.9890915694235065e-02  -8.6489647351264909e-02  -9.2695259393037244e-02  -9.8501302331362339e-02  -1.0391852889887207e-01  -1.0896988057746522e-01  -1.1368380353171881e-01  -1.1808897310721922e-01  -1.2221112643856968e-01  -1.2607143431120565e-01  -1.2968573758455243e-01  -1.3306431800579543e-01
  -1.3361131038036456e-01  -1.3657524337585833e-01  -1.3930955060872108e-01  -1.4181686979829863e-01  -1.4410601047768190e-01  -1.4619292866698547e-01  -1.4809874647171228e-01  -1.4984598907273863e-01  -1.5145489576401402e-01  -1.5294092440300835e-01  -1.5431354553574533e-01  -1.5557606021147399e-01  -1.5672619607018989e-01  -1.5775736307935190e-01  -1.5866028723991515e-01  -1.5942431701308740e-01  -1.6003747361337173e-01  -1.6048501341500904e-01  -1.6074737943375872e-01  -1.6079871763312187e-01  -1.6060648914997538e-01  -1.6013213076109750e-01  -1.5933252490341179e-01  -1.5816207447577965e-01  -1.5657516330047655e-01  -1.5452875355506726e-01  -1.5198485022166749e-01  -1.4891260948187213e-01  -1.4528995351638604e-01  -1.4110464945157994e-01  -1.3635488717179509e-01  -1.3104942968649383e-01  -1.2520742441925675e-01  -1.1885795225432491e-01  -1.1203937493371877e-01  -1.0479851204473870e-01  -9.7189647211502944e-02  -8.9273315002359618e-02  -8.1114749666182262e-02  -7.2781765623805922e-02  -6.4341704190987933e-02  -5.5857019869245142e-02  -4.7379431022211344e-02  -3.8943797401826130e-02  -3.0564689734612727e-02  -2.2238673861612004e-02  -1.3951779102653338e-02  -5.6878845627417601e-03   2.5656957408007192e-03   1.0816017023445743e-02   1.9064447783127741e-02   2.7307465020341010e-02   3.5537559973888536e-02   4.3743932543137007e-02   5.1912863253902757e-02   6.0027739394074485e-02   6.8068761509844047e-02   7.6012395073707911e-02   8.3830678686267340e-02   9.1490537053346616e-02   9.8953284487404952e-02   1.0617451394569645e-01   1.1310456977818838e-01   1.1968977091338805e-01   1.2587451502191538e-01   1.3160428722169457e-01   1.3682942168014656e-01   1.4150912563722676e-01   1.4561491313782765e-01   1.4913247912883693e-01   1.5206149495887855e-01   1.5441366232377765e-01   1.5620989584209680e-01   1.5747747327245501e-01   1.5824753494086685e-01   1.5855300576121598e-01   1.5842683117524059e-01   1.5790045381212126e-01   1.5700247347906943e-01   1.5575751320287801e-01   1.5418531624488163e-01   1.5230013692691424e-01   1.5011045321885208e-01   1.4761903627631892e-01   1.4482336245202426e-01   1.4171635595539145e-01   1.3828740602772041e-01   1.3452361696162168e-01   1.3041121386957313e-01   1.2593705009197773e-01   1.2109012216184703e-01   1.1586301424565279e-01   1.1025313391823707e-01   1.0426362223226431e-01   9.7903782557343402e-02   9.1188992884629741e-02   8.4140129220083737e-02   7.6782700954728583e-02   6.9145875241872573e-02   6.1261550046170704e-02   5.3163533148865773e-02   4.4886827195078263e-02   3.6467023012019859e-02   2.7939780282555001e-02   1.9340418173609045e-02   1.0703608807770420e-02   2.0632007343115676e-03  -6.5478334641834168e-03  -1.5097306686311197e-02  -2.3553592563828232e-02  -3.1885255740280297e-02  -4.0060553226277731e-02  -4.8046830978627345e-02  -5.5809923432066935e-02  -6.3313815714591243e-02  -7.0521139751736642e-02  -7.7395424000626073e-02  -8.3905875305478939e-02  -9.0033832158605165e-02  -9.5777358806836368e-02  -1.0115039742815635e-01  -1.0617708911058779e-01  -1.1088512052978931e-01  -1.1530091716989525e-01  -1.1944706063946477e-01  -1.2334120440491576e-01  -1.2699577930875741e-01  -1.3041815814594640e-01
  -1.3063809984898811e-01  -1.3365155881385862e-01  -1.3643494233024356e-01  -1.3899034776955019e-01  -1.4132547704187678e-01  -1.4345465498894358e-01  -1.4539749897145210e-01  -1.4717584079731402e-01  -1.4881029559016257e-01  -1.5031765337191907e-01  -1.5170942935027698e-01  -1.5299150732063452e-01  -1.5416464537179014e-01  -1.5522566594903889e-01  -1.5616889656742600e-01  -1.5698713618737670e-01  -1.5767135192242199e-01  -1.5820909635662886e-01  -1.5858241930890132e-01  -1.5876625820699300e-01  -1.5872780190179325e-01  -1.5842693902010840e-01  -1.5781769679743082e-01  -1.5685051111722215e-01  -1.5547505587757984e-01  -1.5364327123079369e-01  -1.5131222169709163e-01  -1.4844648991865939e-01  -1.4501996255402433e-01  -1.4101697399078073e-01  -1.3643288014547120e-01  -1.3127415390658440e-01  -1.2555812270137384e-01  -1.1931243676502232e-01  -1.1257435117991721e-01  -1.0538986130564845e-01  -9.7812712085730752e-02  -8.9903244407270294e-02  -8.1726986793302370e-02  -7.3352784881281163e-02  -6.4850121354811552e-02  -5.6285143855279822e-02  -4.7715092764230721e-02  -3.9181826710350483e-02  -3.0707101617010076e-02  -2.2293189288955465e-02  -1.3929448524784803e-02  -5.6009191499683739e-03   2.7054567175304328e-03   1.0998141713959186e-02   1.9280672449645070e-02   2.7552288076668471e-02   3.5808689208792592e-02   4.4042565250078436e-02   5.2243765057093876e-02   6.0399083978284848e-02   6.8491695570991495e-02   7.6500303183499527e-02   8.4398142405345822e-02   9.2152019624147624e-02   9.9721618821523611e-02   1.0705933155491114e-01   1.1411086734474180e-01   1.2081686569412710e-01   1.2711565422185916e-01   1.3294712344690882e-01   1.3825735165827513e-01   1.4300315447811809e-01   1.4715538842044093e-01   1.5070013496149789e-01   1.5363772614341725e-01   1.5598043403192877e-01   1.5774974708597495e-01   1.5897382603805874e-01   1.5968527697941348e-01   1.5991919998596180e-01   1.5971140412188728e-01   1.5909674523871667e-01   1.5810757679999932e-01   1.5677237215333212e-01   1.5511458101186393e-01   1.5315180593178440e-01   1.5089534849510902e-01   1.4835016623221436e-01   1.4551522808572834e-01   1.4238424886330467e-01   1.3894674077770852e-01   1.3518933158381491e-01   1.3109726964956492e-01   1.2665605692885951e-01   1.2185311193865095e-01   1.1667937163338996e-01   1.1113066978234681e-01   1.0520873599665000e-01   9.8921633046678004e-02   9.2283606454714964e-02   8.5314438062003187e-02   7.8038556617208710e-02   7.0484108352207586e-02   6.2682098548525578e-02   5.4665636694579328e-02   4.6469261804048125e-02   3.8128357452874219e-02   2.9678640139684624e-02   2.1155744069176856e-02   1.2594899129345589e-02   4.0307224519043304e-03  -4.5028793369847678e-03  -1.2972685747527586e-02  -2.1346021534872809e-02  -2.9590497934243863e-02  -3.7673654974622571e-02  -4.5562546612977532e-02  -5.3223387051344023e-02  -6.0621522093832252e-02  -6.7722240847504112e-02  -7.4493186128136407e-02  -8.0908851206080185e-02  -8.6956108463468323e-02  -9.2637501614681081e-02  -9.7969423026932206e-02  -1.0297622261363015e-01  -1.0768395308530053e-01  -1.1211616650474793e-01  -1.1629191150817079e-01  -1.2022513820199822e-01  -1.2392482365250715e-01  -1.2739548775095669e-01
  -1.2733548986177459e-01  -1.3040139544369792e-01  -1.3323670599046916e-01  -1.3584312956860861e-01  -1.3822750247310470e-01  -1.4040268228172767e-01  -1.4238666270376876e-01  -1.4420016040662603e-01  -1.4586360642501825e-01  -1.4739460187783657e-01  -1.4880633106619007e-01  -1.5010707046984836e-01  -1.5130060926085659e-01  -1.5238734785101851e-01  -1.5336549340899050e-01  -1.5423165824958393e-01  -1.5498024219690582e-01  -1.5560170541589918e-01  -1.5608038168423446e-01  -1.5639264583732898e-01  -1.5650595120561220e-01  -1.5637901040339622e-01  -1.5596319461488078e-01  -1.5520503273989500e-01  -1.5404946602822189e-01  -1.5244334300197404e-01  -1.5033867487082908e-01  -1.4769529749037391e-01  -1.4448281871362215e-01  -1.4068183641176368e-01  -1.3628453800308832e-01  -1.3129477713152357e-01  -1.2572776850343131e-01  -1.1960949110098694e-01  -1.1297590588043072e-01  -1.0587203717653260e-01  -9.8350958149026751e-02  -9.0472655575327646e-02  -8.2302702729779520e-02  -7.3910553178147514e-02  -6.5367133353795737e-02  -5.6741241488418359e-02  -4.8094332627468352e-02  -3.9474068771032787e-02  -3.0908909260207257e-02  -2.2407402259985026e-02  -1.3963578512639380e-02  -5.5651417788466911e-03   2.8000903981828390e-03   1.1141102438738393e-02   1.9463014482525950e-02   2.7767462727990362e-02   3.6053161131924867e-02   4.4316244823279810e-02   5.2550236541448248e-02   6.0745587058396666e-02   6.8888802278207678e-02   7.6961236078724876e-02   8.4937702492476119e-02   9.2785144773859338e-02   1.0046166797322947e-01   1.0791628709685691e-01   1.1508973513485800e-01   1.2191662151578485e-01   1.2832905785171764e-01   1.3426155684256944e-01   1.3965645276479388e-01   1.4446862519712367e-01   1.4866827042213285e-01   1.5224130349595669e-01   1.5518791920103925e-01   1.5752030983795562e-01   1.5926025977210603e-01   1.6043692452345795e-01   1.6108479818586358e-01   1.6124178995851204e-01   1.6094733108725739e-01   1.6024049701032897e-01   1.5915817943503754e-01   1.5773339965517078e-01   1.5599386993196818e-01   1.5396091682903096e-01   1.5164884246626514e-01   1.4906476825270135e-01   1.4620895018940114e-01   1.4307552989310809e-01   1.3965365054862822e-01   1.3592887088462322e-01   1.3188479517809040e-01   1.2750485258000369e-01   1.2277413112361421e-01   1.1768115959045951e-01   1.1221945763179320e-01   1.0638865616527063e-01   1.0019499179626827e-01   9.3651150539126662e-02   8.6775619633136791e-02   7.9591799122375392e-02   7.2127086993655026e-02   6.4412013629095932e-02   5.6479475409272124e-02   4.8364047339068447e-02   4.0101389058377804e-02   3.1727729445609969e-02   2.3279443364859619e-02   1.4792715169539474e-02   6.3032989504893042e-03  -2.1536276661899764e-03  -1.0543511515881759e-02  -1.8832379733239174e-02  -2.6986710274310710e-02  -3.4973244429688091e-02  -4.2758799441110343e-02  -5.0310212069970155e-02  -5.7594668485705124e-02  -6.4580854103702373e-02  -7.1241454861180054e-02  -7.7557152412044889e-02  -8.3520904871305535e-02  -8.9139735968580810e-02  -9.4432033106766289e-02  -9.9421722901595899e-02  -1.0413264175187524e-01  -1.0858503216385397e-01  -1.1279412952252862e-01  -1.1677003391721517e-01  -1.2051822106793231e-01  -1.2404037219258095e-01
  -1.2375072752516879e-01  -1.2687026155926504e-01  -1.2975842274421925e-01  -1.3241652540769613e-01  -1.3485067290000483e-01  -1.3707243218984722e-01  -1.3909819162106180e-01  -1.4094729176969631e-01  -1.4263951625062302e-01  -1.4419278001910954e-01  -1.4562156322701475e-01  -1.4693635390641041e-01  -1.4814397917416064e-01  -1.4924852813850692e-01  -1.5025225786944216e-01  -1.5115583706594177e-01  -1.5195747899008999e-01  -1.5265108489159041e-01  -1.5322391245795861e-01  -1.5365443334309459e-01  -1.5391095915500833e-01  -1.5395149969651614e-01  -1.5372512592382737e-01  -1.5317475068515257e-01  -1.5224085340685950e-01  -1.5086543602934629e-01  -1.4899561047522653e-01  -1.4658645867946588e-01  -1.4360310211781924e-01  -1.4002201890227037e-01  -1.3583173049011421e-01  -1.3103294082007946e-01  -1.2563825304661802e-01  -1.1967155276131368e-01  -1.1316717608731112e-01  -1.0616893072338106e-01  -9.8729033478763217e-02  -9.0906956445859902e-02  -8.2768128596320989e-02  -7.4382322057301220e-02  -6.5821422082945155e-02  -5.7156101851599653e-02  -4.8450948101365243e-02  -3.9758245874476655e-02  -3.1112378046483584e-02  -2.2528264792400558e-02  -1.4005555618345236e-02  -5.5359292654047002e-03   2.8907073138994682e-03   1.1282928229582906e-02   1.9646780603467584e-02   2.7985860898484538e-02   3.6301642047156024e-02   4.4593621700710691e-02   5.2859085832622422e-02   6.1092393694632062e-02   6.9283765092858912e-02   7.7417640659635023e-02   8.5470796374811212e-02   9.3410525897549584e-02   1.0119331439225628e-01   1.0876450199911247e-01   1.1605940860567407e-01   1.2300626517207826e-01   1.2953093625224446e-01   1.3556288260074847e-01   1.4104110349707685e-01   1.4591860861806580e-01   1.5016448019257259e-01   1.5376372176340897e-01   1.5671574446535180e-01   1.5903235543995906e-01   1.6073570573138993e-01   1.6185632416586518e-01   1.6243119304327608e-01   1.6250178179307478e-01   1.6211198498263144e-01   1.6130596739050801e-01   1.6012598990282331e-01   1.5861034569151239e-01   1.5679156688149293e-01   1.5469505262614269e-01   1.5233822785592560e-01   1.4973028051376405e-01   1.4687246091942574e-01   1.4375888264976075e-01   1.4037773586866745e-01   1.3671282461342238e-01   1.3274534175587610e-01   1.2845580997535491e-01   1.2382610236275472e-01   1.1884143233036806e-01   1.1349212773048915e-01   1.0777495230773035e-01   1.0169376062771052e-01   9.5259423543032254e-02   8.8489197096068811e-02   8.1405768209751941e-02   7.4036241309854936e-02   6.6411172154556095e-02   5.8563730517537833e-02   5.0528976534772466e-02   4.2343254059251940e-02   3.4043675756530972e-02   2.5667697846215226e-02   1.7252771842600243e-02   8.8360744543807233e-03   4.5430916971323301e-04  -7.8564203699404631e-03  -1.6060674345724894e-02  -2.4123691110195602e-02  -3.2011388180619500e-02  -3.9690420048742549e-02  -4.7128432707962006e-02  -5.4294751325158125e-02  -6.1161841052451066e-02  -6.7707839733130187e-02  -7.3919972008475610e-02  -7.9797516659920076e-02  -8.5352069059587615e-02  -9.0603966607577760e-02  -9.5576569389685451e-02  -1.0029130050956062e-01  -1.0476489535215114e-01  -1.0900860972946569e-01  -1.1302857657904333e-01  -1.1682669540344598e-01  -1.2040175565912611e-01
  -1.1993360404121536e-01  -1.2310568245940148e-01  -1.2604523083752003e-01  -1.2875304187860692e-01  -1.3123450531833805e-01  -1.3350003529508930e-01  -1.3556452323282353e-01  -1.3744586052313115e-01  -1.3916290912819299e-01  -1.4073353390879853e-01  -1.4217319971064518e-01  -1.4349441119777603e-01  -1.4470694015581706e-01  -1.4581851352152086e-01  -1.4683540982276858e-01  -1.4776241005977600e-01  -1.4860176996591357e-01  -1.4935125994484427e-01  -1.5000164158853935e-01  -1.5053413150669023e-01  -1.5091852662473268e-01  -1.5111269610658445e-01  -1.5106393317435834e-01  -1.5071209315223674e-01  -1.4999381782589818e-01  -1.4884689171756069e-01  -1.4721402106660056e-01  -1.4504576742647288e-01  -1.4230267108773703e-01  -1.3895669054985010e-01  -1.3499205608732739e-01  -1.3040559123268330e-01  -1.2520655962325797e-01  -1.1941611066459862e-01  -1.1306643579767940e-01  -1.0619973799866991e-01  -9.8867100433598171e-02  -9.1127279998320071e-02  -8.3045386221620721e-02  -7.4691295902933955e-02  -6.6137514644620296e-02  -5.7456032492598133e-02  -4.8713732532695231e-02  -3.9966515641046980e-02  -3.1253855134543450e-02  -2.2596816162045192e-02  -1.4001165150843601e-02  -5.4634979902480063e-03   3.0231722340224310e-03   1.1466125670760788e-02   1.9871638981709183e-02   2.8244752981586317e-02   3.6589359852490663e-02   4.4908165682123101e-02   5.3202264341601191e-02   6.1470164485440744e-02   6.9706195829285167e-02   7.7898342781162311e-02   8.6025721568881344e-02   9.4056124381053402e-02   1.0194424029203700e-01   1.0963127049482284e-01   1.1704656913018756e-01   1.2411163283618810e-01   1.3074609477963670e-01   1.3687461293534262e-01   1.4243295434348127e-01   1.4737195297557004e-01   1.5165898125524466e-01   1.5527757972759576e-01   1.5822610753814936e-01   1.6051605195160437e-01   1.6217026972236240e-01   1.6322120459014652e-01   1.6370901893582207e-01   1.6367955043351159e-01   1.6318204211459461e-01   1.6226665814139196e-01   1.6098189336851040e-01   1.5937205531693191e-01   1.5747504588733446e-01   1.5532064860469158e-01   1.5292946932271770e-01   1.5031258114121709e-01   1.4747184186468421e-01   1.4440078667864120e-01   1.4108597674689899e-01   1.3750868676834313e-01   1.3364683852277823e-01   1.2947711006725487e-01   1.2497715717166370e-01   1.2012785291827902e-01   1.1491537531062460e-01   1.0933287224072659e-01   1.0338141076377470e-01   9.7070037714526311e-02   9.0415075473106066e-02   8.3438962448935339e-02   7.6169007474322328e-02   6.8636260327909981e-02   6.0874579007911989e-02   5.2919873521697004e-02   4.4809494302833215e-02   3.6581727524865715e-02   2.8275374339128873e-02   1.9929394904667493e-02   1.1582607161514460e-02   3.2734319216105520e-03  -4.9603211098449493e-03  -1.3081635722542246e-02  -2.1054458532536683e-02  -2.8843895151278831e-02  -3.6416512043872029e-02  -4.3740880490474671e-02  -5.0788574582093002e-02  -5.7535867320912100e-02  -6.3966234549911821e-02  -7.0073219158288708e-02  -7.5862260652414415e-02  -8.1349614527955083e-02  -8.6557897864351141e-02  -9.1510288770040665e-02  -9.6226067878932453e-02  -1.0071857845382629e-01  -1.0499509227439502e-01  -1.0905770700062173e-01  -1.1290464668360592e-01  -1.1653168598310872e-01
  -1.1593482641264595e-01  -1.1915566518153414e-01  -1.2214241182184457e-01  -1.2489512949233265e-01  -1.2741843021727045e-01  -1.2972166374508629e-01  -1.3181837854209591e-01  -1.3372510513558566e-01  -1.3545972899578218e-01  -1.3703988677463200e-01  -1.3848179068288421e-01  -1.3979971497851168e-01  -1.4100610923726348e-01  -1.4211205009398228e-01  -1.4312757692417943e-01  -1.4406144905771812e-01  -1.4492003291139166e-01  -1.4570527161733959e-01  -1.4641193460458130e-01  -1.4702461212038470e-01  -1.4751524237044239e-01  -1.4784219084594288e-01  -1.4795163551175489e-01  -1.4778114620881561e-01  -1.4726441943838153e-01  -1.4633593193123173e-01  -1.4493476061059463e-01  -1.4300744896966258e-01  -1.4051010253031687e-01  -1.3740992741799443e-01  -1.3368630058900602e-01  -1.2933137613914930e-01  -1.2435019412549606e-01  -1.1876031341601069e-01  -1.1259104378618245e-01  -1.0588240372657376e-01  -9.8683919443444887e-02  -9.1053337684657953e-02  -8.3055234511727194e-02  -7.4759395987000821e-02  -6.6238689992606875e-02  -5.7566014971809819e-02  -4.8809924562805709e-02  -4.0029134341607951e-02  -3.1267443283962928e-02  -2.2551635291421627e-02  -1.3893668197379336e-02  -5.2955555997271451e-03   3.2458602246163565e-03   1.1735798070467027e-02   2.0180057154353725e-02   2.8584531118678126e-02   3.6955093823712003e-02   4.5297414466120810e-02   5.3616374843562374e-02   6.1914845766934519e-02   7.0191665751997173e-02   7.8438825917498123e-02   8.6638120262451407e-02   9.4757855440398858e-02   1.0275052405225281e-01   1.1055247415081867e-01   1.1808637213591673e-01   1.2526656906382916e-01   1.3200643743356200e-01   1.3822591318384680e-01   1.4385741229685364e-01   1.4884924482504333e-01   1.5316672293242534e-01   1.5679178070435199e-01   1.5972184472863812e-01   1.6196841905011161e-01   1.6355555681016082e-01   1.6451822729024276e-01   1.6490048995430598e-01   1.6475336736401164e-01   1.6413234338493604e-01   1.6309450229072844e-01   1.6169544644554712e-01   1.5998623847411703e-01   1.5801067775157035e-01   1.5580319413718147e-01   1.5338755581211475e-01   1.5077644515337904e-01   1.4797184090732352e-01   1.4496605555865277e-01   1.4174326229064799e-01   1.3828135777594017e-01   1.3455406254378585e-01   1.3053319881364825e-01   1.2619112750512765e-01   1.2150330006106708e-01   1.1645079676222113e-01   1.1102251830706367e-01   1.0521654593566553e-01   9.9040299584361613e-02   9.2509586843054270e-02   8.5647076888189413e-02   7.8480729713158975e-02   7.1042475710644204e-02   6.3367188160414742e-02   5.5491905108019352e-02   4.7455225592359006e-02   3.9296826323668342e-02   3.1057052921386108e-02   2.2776559190097793e-02   1.4495973085742350e-02   6.2555793770090531e-03  -1.9049907861764630e-03  -9.9470713292485781e-03  -1.7833293872967591e-02  -2.5527979591605000e-02  -3.2997667206427453e-02  -4.0211901387080348e-02  -4.7144458081684465e-02  -5.3775169496607385e-02  -6.0092323662658619e-02  -6.6095057221112252e-02  -7.1794355520970493e-02  -7.7211015735828198e-02  -8.2370429264923328e-02  -8.7296419494209770e-02  -9.2006904228438768e-02  -9.6512351017301490e-02  -1.0081629004591500e-01  -1.0491682051133899e-01  -1.0880840081321592e-01  -1.1248361738063072e-01
  -1.1180447549969849e-01  -1.1506735807653565e-01  -1.1809428018413251e-01  -1.2088433388461772e-01  -1.2344124832821554e-01  -1.2577336474517062e-01  -1.2789306073137491e-01  -1.2981569420011005e-01  -1.3155827449359150e-01  -1.3313817248894533e-01  -1.3457216223860907e-01  -1.3587596923940773e-01  -1.3706429254511873e-01  -1.3815107566551038e-01  -1.3914966250597796e-01  -1.4007247184368865e-01  -1.4092988645615001e-01  -1.4172819729933372e-01  -1.4246661626139279e-01  -1.4313373131256363e-01  -1.4370432555245954e-01  -1.4413797134157824e-01  -1.4438047136114168e-01  -1.4436793242547158e-01  -1.4403201024625059e-01  -1.4330478328441287e-01  -1.4212253397995303e-01  -1.4042847294056746e-01  -1.3817474127648716e-01  -1.3532396625988141e-01  -1.3185049805050797e-01  -1.2774129853215543e-01  -1.2299640081229142e-01  -1.1762885642315724e-01  -1.1166418831396173e-01  -1.0513943762301127e-01  -9.8101948621791613e-02  -9.0607998741567539e-02  -8.2721305660446512e-02  -7.4511310966337521e-02  -6.6050987627103902e-02  -5.7413790712295076e-02  -4.8669441125416893e-02  -3.9878817518228887e-02  -3.1089346618146871e-02  -2.2332952018766339e-02  -1.3627497270512354e-02  -4.9805089438436853e-03   3.6069164377728474e-03   1.2137312188042954e-02   2.0615313290820281e-02   2.9047017678682160e-02   3.7439751092670975e-02   4.5801802611148870e-02   5.4141743167461370e-02   6.2466972154994894e-02   7.0781214539974324e-02   7.9080891508446938e-02   8.7350686379753212e-02   9.5559168160191679e-02   1.0365585122899318e-01   1.1157115675185045e-01   1.1922014938106737e-01   1.2650959980687432e-01   1.3334660290352027e-01   1.3964645418119689e-01   1.4533820851298915e-01   1.5036761039970281e-01   1.5469798243730928e-01   1.5830989419460909e-01   1.6120022693509939e-01   1.6338098669289811e-01   1.6487797890324943e-01   1.6572932242219612e-01   1.6598367481405224e-01   1.6569802778088713e-01   1.6493495780345266e-01   1.6375934827626676e-01   1.6223474337318752e-01   1.6041966185534484e-01   1.5836427866101171e-01   1.5610786624175041e-01   1.5367725318301326e-01   1.5108636072664261e-01   1.4833670784312231e-01   1.4541865755488337e-01   1.4231317254109796e-01   1.3899387916315656e-01   1.3542933740038818e-01   1.3158548318738555e-01   1.2742830107351771e-01   1.2292677307766335e-01   1.1805603205857174e-01   1.1280026206892260e-01   1.0715452955974411e-01   1.0112491316155620e-01   9.4727124230503543e-02   8.7984476802598799e-02   8.0925944563653443e-02   7.3584634962829895e-02   6.5996678778937445e-02   5.8200440434508519e-02   5.0235938127286314e-02   4.2144391692861813e-02   3.3967836472909532e-02   2.5748760594587486e-02   1.7529738562055711e-02   9.3530430694386806e-03   1.2602284182882551e-03  -6.7083236790714835e-03  -1.4513906107412104e-02  -2.2120071563137965e-02  -2.9493360334726729e-02  -3.6604278451293534e-02  -4.3428653311110371e-02  -4.9949469994605936e-02  -5.6159075690167662e-02  -6.2061162861075284e-02  -6.7671242651483762e-02  -7.3014140667537475e-02  -7.8118341528986723e-02  -8.3009324180094143e-02  -8.7704860251030414e-02  -9.2213528773845560e-02  -9.6535716215741460e-02  -1.0066576267238475e-01  -1.0459434838605192e-01  -1.0831069763388484e-01
  -1.0759043655922647e-01  -1.1088571577031925e-01  -1.1394308795858665e-01  -1.1676043591865679e-01  -1.1934049585637833e-01  -1.2169064491547180e-01  -1.2382225954705332e-01  -1.2574974248456733e-01  -1.2748939133696799e-01  -1.2905833597546612e-01  -1.3047374821773133e-01  -1.3175244651326204e-01  -1.3291086042461003e-01  -1.3396519469326038e-01  -1.3493151101050366e-01  -1.3582542276610779e-01  -1.3666107816480827e-01  -1.3744915361795687e-01  -1.3819366521383414e-01  -1.3888783680073985e-01  -1.3951007183325276e-01  -1.4002192085634552e-01  -1.4036952953225099e-01  -1.4048822488688856e-01  -1.4030827607898849e-01  -1.3976000110563783e-01  -1.3877753611838484e-01  -1.3730144262553795e-01  -1.3528058954160391e-01  -1.3267364306754606e-01  -1.2945033842565379e-01  -1.2559253291250161e-01  -1.2109495791730762e-01  -1.1596552846185465e-01  -1.1022514592881698e-01  -1.0390698716022720e-01  -9.7055403860185643e-02  -8.9724535298950414e-02  -8.1976723989625286e-02  -7.3880656197143693e-02  -6.5509035662583370e-02  -5.6935454508369246e-02  -4.8230283037805424e-02  -3.9455934217637115e-02  -3.0662757026509203e-02  -2.1887107925150941e-02  -1.3152215578883974e-02  -4.4709166598913500e-03   4.1512560676504051e-03   1.2713673465578598e-02   2.1219170494596110e-02   2.9673380994987050e-02   3.8084485134027117e-02   4.6462959472728313e-02   5.4820875791372729e-02   6.3170252921114639e-02   7.1520000545586868e-02   7.9871249999189306e-02   8.8211485224952535e-02   9.6508799681503096e-02   1.0470839801475301e-01   1.1273333557796998e-01   1.2049013022324813e-01   1.2787775914359353e-01   1.3479731014039778e-01   1.4115983061647336e-01   1.4689137366669575e-01   1.5193548034578488e-01   1.5625390282656845e-01   1.5982633137042487e-01   1.6264963563093773e-01   1.6473688984031160e-01   1.6611624810341893e-01   1.6682961015380660e-01   1.6693090195453114e-01   1.6648379106505659e-01   1.6555867940201408e-01   1.6422898719817539e-01   1.6256689865506219e-01   1.6063897993283491e-01   1.5850217770523345e-01   1.5620073458755507e-01   1.5376436654178344e-01   1.5120778847603283e-01   1.4853140838890511e-01   1.4572286079559799e-01   1.4275904862019931e-01   1.3960843758251204e-01   1.3623349687079783e-01   1.3259330243155637e-01   1.2864646595369555e-01   1.2435457062388992e-01   1.1968610066498109e-01   1.1462019030253316e-01   1.0914892934870717e-01   1.0327731934191149e-01   9.7021315619233300e-02   9.0405199083856219e-02   8.3459229937536086e-02   7.6217907517866973e-02   6.8718783943705244e-02   6.1001674054298301e-02   5.3108115820532383e-02   4.5080964976545762e-02   3.6964044684296711e-02   2.8801787398835627e-02   2.0638835735385747e-02   1.2519575625944326e-02   4.4876006305251612e-03  -3.4148997072800079e-03  -1.1147821759578441e-02  -1.8673924235231391e-02  -2.5959730961618653e-02  -3.2976642830400998e-02  -3.9702334819816096e-02  -4.6122494063592770e-02  -5.2232742666538275e-02  -5.8040223157857312e-02  -6.3563744566433156e-02  -6.8831226850572455e-02  -7.3874081359355456e-02  -7.8720225819452982e-02  -8.3388676269409892e-02  -8.7887544874136497e-02  -9.2215121241384673e-02  -9.6362554558508617e-02  -1.0031691621690408e-01  -1.0406396948320611e-01
  -1.0333669159079334e-01  -1.0665204754619878e-01  -1.0972779960568364e-01  -1.1256040821628301e-01  -1.1515152202562792e-01  -1.1750759563209798e-01  -1.1963916090630995e-01  -1.2155987046795896e-01  -1.2328547317307366e-01  -1.2483288959272452e-01  -1.2621953250004300e-01  -1.2746295064318180e-01  -1.2858077166166126e-01  -1.2959082552761450e-01  -1.3051123869950665e-01  -1.3136024182777453e-01  -1.3215534931225048e-01  -1.3291150525186624e-01  -1.3363777870542454e-01  -1.3433262959417092e-01  -1.3497887830704858e-01  -1.3554083323458033e-01  -1.3596561284219372e-01  -1.3618823213459691e-01  -1.3613792789904899e-01  -1.3574358470167727e-01  -1.3493757915466154e-01  -1.3365834655052217e-01  -1.3185216400005417e-01  -1.2947454334429717e-01  -1.2649142913088487e-01  -1.2288026893405721e-01  -1.1863089445142151e-01  -1.1374610093114573e-01  -1.0824179497801958e-01  -1.0214663684115255e-01  -9.5501194379650087e-02  -8.8356674922914213e-02  -8.0773315858300068e-02  -7.2818393739281104e-02  -6.4563719188642857e-02  -5.6082383110401687e-02  -4.7444731307773054e-02  -3.8713998107440528e-02  -2.9942686507396357e-02  -2.1170793168026870e-02  -1.2426235399662609e-02  -3.7267785265010719e-03   4.9176120218398095e-03   1.3502821221978878e-02   2.2029344590927299e-02   3.0501716988081698e-02   3.8928349907403528e-02   4.7321401906195548e-02   5.5696149636053773e-02   6.4069185414129412e-02   7.2454704636090841e-02   8.0858489456388974e-02   8.9270176588921224e-02   9.7655937529892309e-02   1.0595477863956729e-01   1.1408087919137400e-01   1.2193168825014113e-01   1.2939878956248485e-01   1.3637807951384967e-01   1.4277718652726454e-01   1.4851987710934716e-01   1.5354812398704953e-01   1.5782271643771725e-01   1.6132307642978180e-01   1.6404669298666436e-01   1.6600836641299915e-01   1.6723928029998256e-01   1.6778579336675342e-01   1.6770773669153874e-01   1.6707601352032175e-01   1.6596932747650017e-01   1.6447005796706651e-01   1.6265943231658742e-01   1.6061244224438134e-01   1.5839308619553083e-01   1.5605065960118747e-01   1.5361757647063079e-01   1.5110888627593477e-01   1.4852321986446054e-01   1.4584470100172992e-01   1.4304534650835840e-01   1.4008763039952460e-01   1.3692709939021447e-01   1.3351513262871739e-01   1.2980214332811615e-01   1.2574157285136539e-01   1.2129470761478614e-01   1.1643536547506106e-01   1.1115265600695705e-01   1.0545066738540107e-01   9.9345828470614253e-02   9.2863617619007077e-02   8.6035773709311841e-02   7.8898327145979996e-02   7.1490337518640437e-02   6.3853118013732446e-02   5.6029755471655854e-02   4.8064774569552368e-02   4.0003840969766252e-02   3.1893420527718055e-02   2.3780348580540366e-02   1.5711276924780276e-02   7.7320009917779958e-03  -1.1332868669878399e-04  -7.7830854227683086e-03  -1.5239136071111707e-02  -2.2447902423060148e-02  -2.9381560891029612e-02  -3.6019411008283965e-02  -4.2349428647980011e-02  -4.8369838922035488e-02  -5.4090283246504237e-02  -5.9531711085051835e-02  -6.4723991852180626e-02  -6.9700748895678566e-02  -7.4492508338990363e-02  -7.9120643489076020e-02  -8.3594401442722135e-02  -8.7911454138119793e-02  -9.2060765744082035e-02  -9.6026281866215063e-02  -9.9790385318998087e-02
  -9.9081463081028068e-02  -1.0240243228475422e-01  -1.0548272614085037e-01  -1.0831720633403984e-01  -1.1090635955612665e-01  -1.1325575967101474e-01  -1.1537522991814902e-01  -1.1727784646704084e-01  -1.1897894659074514e-01  -1.2049526491275681e-01  -1.2184431216671961e-01  -1.2304404050778110e-01  -1.2411278533278441e-01  -1.2506939513188589e-01  -1.2593340309008494e-01  -1.2672501290709953e-01  -1.2746455961199316e-01  -1.2817092330044891e-01  -1.2885824035211785e-01  -1.2953061954175743e-01  -1.3017599529778215e-01  -1.3076217054293354e-01  -1.3123782346703500e-01  -1.3153803348670556e-01  -1.3159122352475194e-01  -1.3132500412388196e-01  -1.3067020160871629e-01  -1.2956346190206197e-01  -1.2794898848975753e-01  -1.2577984824840890e-01  -1.2301906704242703e-01  -1.1964062536755081e-01  -1.1563033076990301e-01  -1.1098650669589785e-01  -1.0572036130287163e-01  -9.9855942519088706e-02  -9.3429594642240779e-02  -8.6488918225821332e-02  -7.9091233056275217e-02  -7.1301527404404402e-02  -6.3189805136679836e-02  -5.4827744132820148e-02  -4.6284787622919210e-02  -3.7624168693670815e-02  -2.8899732534696632e-02  -2.0154298408680729e-02  -1.1419738466048681e-02  -2.7182515582409488e-03   5.9359329977937553e-03   1.4535066388374818e-02   2.3076915571027132e-02   3.1564375592808627e-02   4.0005490013921695e-02   4.8413534650197362e-02   5.6806549864949360e-02   6.5205405727916749e-02   7.3629286381717604e-02   8.2087945360777181e-02   9.0571706649832606e-02   9.9042649136220212e-02   1.0743153777833743e-01   1.1564273926176707e-01   1.2356504382096663e-01   1.3108384638797713e-01   1.3809117620995753e-01   1.4449235620989942e-01   1.5020974538528692e-01   1.5518448512081179e-01   1.5937708906582876e-01   1.6276741850060167e-01   1.6535435112363178e-01   1.6715524939860063e-01   1.6820518313326055e-01   1.6855574918499433e-01   1.6827326067026455e-01   1.6743614227140241e-01   1.6613140840996959e-01   1.6445025712283731e-01   1.6248284825917114e-01   1.6031263461080975e-01   1.5801081971109671e-01   1.5563186657027325e-01   1.5321079692143125e-01   1.5076263046342181e-01   1.4828362855663985e-01   1.4575368871972211e-01   1.4313919916678364e-01   1.4039592827036795e-01   1.3747183100185995e-01   1.3430996159196695e-01   1.3085194636023853e-01   1.2704255765401237e-01   1.2283546102777461e-01   1.1819888133618467e-01   1.1311882999698204e-01   1.0759850596234909e-01   1.0165492582945548e-01   9.5314907881028477e-02   8.8611786245296337e-02   8.1583184527631317e-02   7.4269674197853616e-02   6.6714029719172979e-02   5.8960835967715917e-02   5.1056253477536340e-02   4.3047803005321364e-02   3.4984060504732468e-02   2.6914199548635120e-02   1.8887342514858924e-02   1.0951728381371666e-02   3.1537186971179049e-03  -4.4633055954359201e-03  -1.1860121936093249e-02  -1.9002880146797838e-02  -2.5864359071188781e-02  -3.2425256903437817e-02  -3.8675503270623093e-02  -4.4615438516602109e-02  -5.0256537083637684e-02  -5.5621033948388715e-02  -6.0739724433600560e-02  -6.5647442126735372e-02  -7.0376798163785587e-02  -7.4951930294437447e-02  -7.9384529963124076e-02  -8.3673317900606850e-02  -8.7806507106920173e-02  -9.1765818360446991e-02  -9.5530630759873045e-02
  -9.4855248827078409e-02  -9.8166051933319176e-02  -1.0123609153929124e-01  -1.0405849773343387e-01  -1.0663253988450727e-01  -1.0896295159751460e-01  -1.1105896362408575e-01  -1.1293322139418630e-01  -1.1460076276473766e-01  -1.1607815692048952e-01  -1.1738289760483848e-01  -1.1853307376598268e-01  -1.1954731916400858e-01  -1.2044497385170611e-01  -1.2124635864653413e-01  -1.2197297124360866e-01  -1.2264727574562420e-01  -1.2329147761062345e-01  -1.2392440435709247e-01  -1.2455583342282173e-01  -1.2517926620268385e-01  -1.2576670918693708e-01  -1.2626909256621527e-01  -1.2662205452253103e-01  -1.2675349358894100e-01  -1.2658991443982417e-01  -1.2606074610227472e-01  -1.2510106524065234e-01  -1.2365335075803993e-01  -1.2166873796397398e-01  -1.1910802892015285e-01  -1.1594258907900466e-01  -1.1215514742714333e-01  -1.0774047151705227e-01  -1.0270581713360499e-01  -9.7071057720652887e-02  -9.0868369931716320e-02  -8.4141411722546480e-02  -7.6943917132625564e-02  -6.9337674971367225e-02  -6.1389840354002703e-02  -5.3169631579641691e-02  -4.4744636654181200e-02  -3.6177237442864635e-02  -2.7521806372052406e-02  -1.8823166314179598e-02  -1.0116375966215556e-02  -1.4274707749094007e-03   7.2253935882044262e-03   1.5830890298130701e-02   2.4383864700380287e-02   3.2885179326268901e-02   4.1341974095715037e-02   4.9768019688891871e-02   5.8183461541574971e-02   6.6612732603628988e-02   7.5079046373191946e-02   8.3594565407480254e-02   9.2147991905764989e-02   1.0069486450454150e-01   1.0915629191098204e-01   1.1742708369888197e-01   1.2538884353786112e-01   1.3292256813689726e-01   1.3991795205307528e-01   1.4627916515207887e-01   1.5192803749674741e-01   1.5680563868016115e-01   1.6087297819285884e-01   1.6411123390227947e-01   1.6652169477573164e-01   1.6812541807469858e-01   1.6896246392828765e-01   1.6909052211264397e-01   1.6858276823678292e-01   1.6752494561338135e-01   1.6601167619129742e-01   1.6414204195241039e-01   1.6201432643856759e-01   1.5972003198199372e-01   1.5733759665909483e-01   1.5492690844699694e-01   1.5252577381656707e-01   1.5014907575303421e-01   1.4779030977048657e-01   1.4542457854757773e-01   1.4301203892538283e-01   1.4050120406287464e-01   1.3783197664606733e-01   1.3493870847471545e-01   1.3175391993070640e-01   1.2821341191973007e-01   1.2426290580503392e-01   1.1986469856989423e-01   1.1500143398048611e-01   1.0967528956072686e-01   1.0390386883442879e-01   9.7715387734355313e-02   9.1144815296974213e-02   8.4231345645647437e-02   7.7016971275391116e-02   6.9545790709709718e-02   6.1863741842508105e-02   5.4018511278224407e-02   4.6059440348363220e-02   3.8037283473569508e-02   3.0003734134167039e-02   2.2010668435378439e-02   1.4109123008666395e-02   6.3480523482361854e-03  -1.2270409139166156e-03  -8.5755225214577679e-03  -1.5663002639624807e-02  -2.2462635648663222e-02  -2.8956300641535357e-02  -3.5135637831253064e-02  -4.1002811914411214e-02  -4.6570777190513418e-02  -5.1862600528126995e-02  -5.6909358674971912e-02  -6.1746219361188071e-02  -6.6406988505119002e-02  -7.0918195802205014e-02  -7.5294543231027800e-02  -7.9537177396123038e-02  -8.3635176511938830e-02  -8.7569338328035623e-02  -9.1316797581738648e-02
  -9.0678953965514814e-02  -9.3963610161546418e-02  -9.7008681139051978e-02  -9.9805478929934702e-02  -1.0235201543233335e-01  -1.0465222133667584e-01  -1.0671483444054876e-01  -1.0855219409125053e-01  -1.1017913948330094e-01  -1.1161210622516742e-01  -1.1286849930855153e-01  -1.1396635515599005e-01  -1.1492429503444161e-01  -1.1576172345383323e-01  -1.1649920318751070e-01  -1.1715884916355609e-01  -1.1776443371559704e-01  -1.1834056394895821e-01  -1.1890988627492415e-01  -1.1948732298328399e-01  -1.2007203715786548e-01  -1.2064092601891671e-01  -1.2114809022966916e-01  -1.2153050849505975e-01  -1.2171606493946749e-01  -1.2163045316883982e-01  -1.2120189654696220e-01  -1.2036408632263176e-01  -1.1905802090914847e-01  -1.1723325537491698e-01  -1.1484885683171321e-01  -1.1187421305373078e-01  -1.0828974363512504e-01  -1.0408750316523487e-01  -9.9271611603976101e-02  -9.3858424579267269e-02  -8.7876324431483438e-02  -8.1365028076083562e-02  -7.4374304125936180e-02  -6.6962045738408402e-02  -5.9191685439864417e-02  -5.1129075082834222e-02  -4.2839109531141575e-02  -3.4382551003054117e-02  -2.5813533221940601e-02  -1.7178074562070801e-02  -8.5136185029460482e-03   1.5065870307228064e-04   8.7931754057331418e-03   1.7399289786234146e-02   2.5960944127563348e-02   3.4476749994932727e-02   4.2952489287259144e-02   5.1401729847959078e-02   5.9845754220852129e-02   6.8311241229651445e-02   7.6823595692047289e-02   8.5394907925577940e-02   9.4009515860923529e-02   1.0261451987496831e-01   1.1112128500056515e-01   1.1941660471798607e-01   1.2737705692156642e-01   1.3488118415153777e-01   1.4181779755920196e-01   1.4809096205445588e-01   1.5362282504541735e-01   1.5835521863966306e-01   1.6225061811296404e-01   1.6529271350677543e-01   1.6748661786024729e-01   1.6885856051895839e-01   1.6945483724567345e-01   1.6933990240263702e-01   1.6859366267575548e-01   1.6730823746024590e-01   1.6558432741775037e-01   1.6352715727813810e-01   1.6124162296300096e-01   1.5882638122666229e-01   1.5636699318408820e-01   1.5392924285168536e-01   1.5155431999564706e-01   1.4925729537884858e-01   1.4702883511574655e-01   1.4483891610160790e-01   1.4264105248957298e-01   1.4037614625780720e-01   1.3797581043437615e-01   1.3536557701574209e-01   1.3246881039087421e-01   1.2921225187461780e-01   1.2553344290237037e-01   1.2138835499981568e-01   1.1675584353692163e-01   1.1163677929659790e-01   1.0604923588005817e-01   1.0002279447054917e-01   9.3594010983702153e-02   8.6803527390541979e-02   7.9694552304905686e-02   7.2312249856916588e-02   6.4703650029177551e-02   5.6917760927012416e-02   4.9005652357271542e-02   4.1020318049624527e-02   3.3016201707041198e-02   2.5048318880013000e-02   1.7171002893026314e-02   9.4363511827487614e-03   1.8925229358985867e-03  -5.4179701392380441e-03  -1.2459828921245267e-02  -1.9206309231848975e-02  -2.5640272006383039e-02  -3.1754921138424132e-02  -3.7554137927428274e-02  -4.3052281858167486e-02  -4.8273175247226102e-02  -5.3247985904957773e-02  -5.8011749586466460e-02  -6.2598687059276251e-02  -6.7036938186823852e-02  -7.1343981945188290e-02  -7.5524053040273265e-02  -7.9568441088299899e-02  -8.3458483621037735e-02  -8.7170170485637063e-02
  -8.6562459356742727e-02  -8.9806102790003922e-02  -9.2812788413963759e-02  -9.5571962578965691e-02  -9.8080343431170336e-02  -1.0034108517377441e-01  -1.0236251847880193e-01  -1.0415679067149100e-01  -1.0573864370494707e-01  -1.0712443304534741e-01  -1.0833145399363381e-01  -1.0937757987412061e-01  -1.1028121130571168e-01  -1.1106149980188659e-01  -1.1173879441066036e-01  -1.1233518413902951e-01  -1.1287485596551823e-01  -1.1338364521373974e-01  -1.1388668263778379e-01  -1.1440291901803992e-01  -1.1493680424880345e-01  -1.1547069541875724e-01  -1.1596299774999666e-01  -1.1635315952151690e-01  -1.1656986981325193e-01  -1.1653851575309318e-01  -1.1618641454907663e-01  -1.1544608235113440e-01  -1.1425723819126135e-01  -1.1256810539510675e-01  -1.1033634600171280e-01  -1.0752980493874430e-01  -1.0412713261454101e-01  -1.0011829565951970e-01  -9.5504931713564153e-02  -9.0300475897141130e-02  -8.4529952496602057e-02  -7.8229324951606005e-02  -7.1444297680363464e-02  -6.4228513861347425e-02  -5.6641166517116814e-02  -4.8744166634782413e-02  -4.0599141232243632e-02  -3.2264633143921903e-02  -2.3793864625851643e-02  -1.5233286148257717e-02  -6.6219225204566905e-03   2.0086657410574426e-03   1.0634093189470881e-02   1.9236834541279210e-02   2.7806132515252484e-02   3.6338287854626554e-02   4.4837340924581207e-02   5.3315856546643524e-02   6.1794911144546542e-02   7.0301417053485901e-02   7.8860262509340112e-02   8.7480411587360099e-02   9.6139418348367922e-02   1.0477530544169514e-01   1.1329102296680028e-01   1.2156770546269825e-01   1.2947921206250701e-01   1.3690340051564645e-01   1.4372945501324086e-01   1.4986230587447277e-01   1.5522534054321147e-01   1.5976222908188195e-01   1.6343827497546731e-01   1.6624134984485681e-01   1.6818220234795569e-01   1.6929382343694957e-01   1.6962967243113775e-01   1.6926093066590214e-01   1.6827322726771493e-01   1.6676331614758982e-01   1.6483583935994844e-01   1.6259995496307558e-01   1.6016523031179331e-01   1.5763617442283842e-01   1.5510511678663158e-01   1.5264430458935185e-01   1.5029934271752995e-01   1.4808637342540720e-01   1.4599364933825110e-01   1.4398602796457935e-01   1.4201021156787519e-01   1.3999934495993743e-01   1.3787673137778944e-01   1.3555920136888083e-01   1.3296115232306879e-01   1.3000038016795976e-01   1.2660611418517348e-01   1.2272757754353882e-01   1.1833929477877032e-01   1.1344040278297654e-01   1.0804920990819036e-01   1.0219653098602992e-01   9.5920357669002879e-02   8.9262536704218659e-02   8.2267148998806439e-02   7.4980017883704758e-02   6.7448861664109253e-02   5.9723686282161195e-02   5.1857121592376917e-02   4.3904446425972757e-02   3.5923141659051375e-02   2.7971874798707011e-02   2.0108954287575368e-02   1.2390374314933193e-02   4.8676807460831424e-03  -2.4141126744194209e-03  -9.4183273851648902e-03  -1.6118014872269229e-02  -2.2496858648455652e-02  -2.8549585987583150e-02  -3.4281856020359991e-02  -3.9709587406726775e-02  -4.4857578003753597e-02  -4.9757280052524833e-02  -5.4443591165400700e-02  -5.8950775594926987e-02  -6.3307891164774893e-02  -6.7534548933948779e-02  -7.1637987950648130e-02  -7.5612410867327645e-02  -7.9440921534684739e-02  -8.3099589024760792e-02
  -8.2504212263111873e-02  -8.5694374809559312e-02  -8.8651783796021982e-02  -9.1363979447958224e-02  -9.3826320058420926e-02  -9.6041176660906710e-02  -9.8016533598495534e-02  -9.9764449449638443e-02  -1.0129967756861732e-01  -1.0263857482990421e-01  -1.0379835701767776e-01  -1.0479669819685096e-01  -1.0565166167715152e-01  -1.0638192801381274e-01  -1.0700727466881174e-01  -1.0754919501190380e-01  -1.0803141024543768e-01  -1.0847970919118459e-01  -1.0892009075498542e-01  -1.0937393146903353e-01  -1.0985003124638253e-01  -1.1033641918586314e-01  -1.1079696319542494e-01  -1.1117500607013969e-01  -1.1140121084987827e-01  -1.1140143636022369e-01  -1.1110256364865513e-01  -1.1043622290252778e-01  -1.0934106217757616e-01  -1.0776416826922458e-01  -1.0566202189942425e-01  -1.0300120275541005e-01  -9.9758934920703826e-02  -9.5923501136677483e-02  -9.1494496811006770e-02  -8.6482868788012909e-02  -8.0910650217157043e-02  -7.4810299049217960e-02  -6.8223553596842096e-02  -6.1199765038430401e-02  -5.3793740609494850e-02  -4.6063232379570218e-02  -3.8066310936583886e-02  -2.9858910316329555e-02  -2.1492814421769264e-02  -1.3014242523068979e-02  -4.4630542373090085e-03   4.1275533274335134e-03   1.2731057847052502e-02   2.1327571057374248e-02   2.9903952388700153e-02   3.8454233055588830e-02   4.6980363828056329e-02   5.5492995327822717e-02   6.4011314169431566e-02   7.2559889444039460e-02   8.1159864713965524e-02   8.9814084958003998e-02   9.8491855960421315e-02   1.0712284485668314e-01   1.1560384185805218e-01   1.2381287938006788e-01   1.3162318791014291e-01   1.3891344950355050e-01   1.4557436175633615e-01   1.5151277450446926e-01   1.5665452572662492e-01   1.6094666433342347e-01   1.6435922714724291e-01   1.6688635452696660e-01   1.6854626164860897e-01   1.6937973630174744e-01   1.6944730214099316e-01   1.6882569371256931e-01   1.6760438042585252e-01   1.6588255958957970e-01   1.6376657978454029e-01   1.6136737811442470e-01   1.5879722672883032e-01   1.5616494199738767e-01   1.5356888907160166e-01   1.5108813786263348e-01   1.4877394336127925e-01   1.4664493143182061e-01   1.4468793762677851e-01   1.4286316265341192e-01   1.4111064708212362e-01   1.3935586739655031e-01   1.3751399886589391e-01   1.3549348503156980e-01   1.3320014322025642e-01   1.3054311958285203e-01   1.2744333355993684e-01   1.2384288001468569e-01   1.1971135338643299e-01   1.1504562020709737e-01   1.0986387190987591e-01   1.0419791297397350e-01   9.8086895514967520e-02   9.1573483461941593e-02   8.4702120703605499e-02   7.7518706282746153e-02   7.0071068131585978e-02   6.2409734974670159e-02   5.4588625204563673e-02   4.6665318981157500e-02   3.8700680167798818e-02   3.0757687962703235e-02   2.2899518033239592e-02   1.5187057874632738e-02   7.6761952827677973e-03   4.1523923157086792e-04  -6.5571933787174769e-03  -1.3213637931223057e-02  -1.9538510335675260e-02  -2.5528148061222375e-02  -3.1190216898015752e-02  -3.6542540736768728e-02  -4.1611331446349362e-02  -4.6428787375750784e-02  -5.1030017101652628e-02  -5.5449385921729114e-02  -5.9716539069820482e-02  -6.3852628495674024e-02  -6.7867431523962019e-02  -7.1758131829985888e-02  -7.5510308733633236e-02  -7.9101151454552598e-02
  -7.8492442856581107e-02  -8.1619948881590895e-02  -8.4520676123304272e-02  -8.7180167234575418e-02  -8.9592260755464531e-02  -9.1758448633571868e-02  -9.3686370125456220e-02  -9.5388071268963384e-02  -9.6878425433244569e-02  -9.8173895949874926e-02  -9.9291693653606322e-02  -1.0024931847980925e-01  -1.0106445584831628e-01  -1.0175518492102929e-01  -1.0234044757922790e-01  -1.0284067426968818e-01  -1.0327834910423878e-01  -1.0367803028887160e-01  -1.0406495644867045e-01  -1.0446107679001632e-01  -1.0487805473392331e-01  -1.0530918020276889e-01  -1.0572461730472255e-01  -1.0607311861865124e-01  -1.0628880887656529e-01  -1.0629912361961577e-01  -1.0603121529236997e-01  -1.0541625234445856e-01  -1.0439207344530377e-01  -1.0290481199166752e-01  -1.0090992851237453e-01  -9.8372908270753359e-02  -9.5269748775750354e-02  -9.1587282542894402e-02  -8.7323328252577076e-02  -8.2486626949923217e-02  -7.7096500073305180e-02  -7.1182155090940641e-02  -6.4781581310285608e-02  -5.7940009851619956e-02  -5.0707984465978878e-02  -4.3139156917265886e-02  -3.5288000507939572e-02  -2.7207655339958295e-02  -1.8948111220560018e-02  -1.0554841992086585e-02  -2.0679185674258409e-03   6.4784848827461067e-03   1.5056328178258957e-02   2.3643868735221368e-02   3.2225911354883868e-02   4.0794274770178204e-02   4.9348462126231896e-02   5.7896224742951211e-02   6.6453014977306990e-02   7.5038310278037174e-02   8.3666365532659798e-02   9.2331570430365995e-02   1.0099462427571723e-01   1.0957846988894579e-01   1.1797625890816357e-01   1.2606526885227642e-01   1.3371989242462529e-01   1.4082099528987513e-01   1.4726201337541539e-01   1.5295308885115255e-01   1.5782423286129094e-01   1.6182798576893448e-01   1.6494141332322484e-01   1.6716688350046766e-01   1.6853108451062804e-01   1.6908228984852913e-01   1.6888662333740986e-01   1.6802426431292783e-01   1.6658628937574341e-01   1.6467226866673637e-01   1.6238839880891628e-01   1.5984566297134697e-01   1.5715734767032305e-01   1.5443500233812657e-01   1.5178191052300544e-01   1.4928380829226887e-01   1.4699860571990672e-01   1.4494909780419468e-01   1.4312226543315998e-01   1.4147467305121952e-01   1.3994026218367145e-01   1.3843721527861694e-01   1.3687296370900506e-01   1.3514804061748076e-01   1.3316021798017422e-01   1.3081045016665641e-01   1.2801151840094163e-01   1.2469813973397036e-01   1.2083441291380004e-01   1.1641433906350186e-01   1.1145553909896637e-01   1.0599044132259013e-01   1.0005894006160121e-01   9.3703960809574979e-02   8.6969610808773384e-02   7.9901076339904592e-02   7.2545509273816811e-02   6.4953298081285887e-02   5.7179238691423662e-02   4.9283172065408970e-02   4.1329742914790975e-02   3.3387066356583658e-02   2.5524326598582489e-02   1.7808582303399382e-02   1.0301270861347901e-02   3.0549650999776874e-03  -3.8891482170924363e-03  -1.0502805485881984e-02  -1.6771173614310429e-02  -2.2692444542647794e-02  -2.8276695893336645e-02  -3.3544176319108276e-02  -3.8523112866890918e-02  -4.3247080857665342e-02  -4.7751966039455737e-02  -5.2072596581738156e-02  -5.6239235438646944e-02  -6.0274263869561300e-02  -6.4189534122542635e-02  -6.7984941510481109e-02  -7.1648754537849510e-02  -7.5159964681325117e-02
  -7.4508353446022552e-02  -7.7567532979142623e-02  -8.0408035923198187e-02  -8.3013239909291839e-02  -8.5375142697355910e-02  -8.7494086726380219e-02  -8.9377234666962069e-02  -9.1036618994591312e-02  -9.2487314716627161e-02  -9.3746004425809965e-02  -9.4830000047814417e-02  -9.5756700193083827e-02  -9.6543430232702343e-02  -9.7207606349897072e-02  -9.7767159239977933e-02  -9.8241111133547832e-02  -9.8650113039688875e-02  -9.9016548382771546e-02  -9.9363517562802123e-02  -9.9711765979942746e-02  -1.0007399131770903e-01  -1.0044758502691023e-01  -1.0080912370811262e-01  -1.0111401141048726e-01  -1.0130147530319905e-01  -1.0130195336504659e-01  -1.0104387367236331e-01  -1.0045856973609189e-01  -9.9483441421858540e-02  -9.8063887422932830e-02  -9.6154489406954813e-02  -9.3719748238651354e-02  -9.0734543611985158e-02  -8.7184383222706177e-02  -8.3065461084480971e-02  -7.8384496777602272e-02  -7.3158318526068994e-02  -6.7413134933275679e-02  -6.1183464907136803e-02  -5.4510714435642496e-02  -4.7441449235289715e-02  -4.0025456002352931e-02  -3.2313745054391899e-02  -2.4356652304809469e-02  -1.6202193328581090e-02  -7.8947571633831912e-03   5.2582955071465640e-04   9.0249220213951351e-03   1.7573450376899794e-02   2.6148217319753801e-02   3.4732212235399906e-02   4.3315026174583424e-02   5.1893310548413028e-02   6.0470939478851758e-02   6.9057914043966884e-02   7.7666233507109064e-02   8.6300828565942331e-02   9.4946266816972907e-02   1.0355510818865793e-01   1.1204549014471418e-01   1.2030925520518135e-01   1.2822493951664071e-01   1.3566970209103121e-01   1.4252801362203449e-01   1.4869759411907549e-01   1.5409375469861639e-01   1.5865294471356767e-01   1.6233559181700591e-01   1.6512776405750995e-01   1.6704092034593815e-01   1.6810963413316687e-01   1.6838787451730752e-01   1.6794501661261277e-01   1.6686238855360855e-01   1.6523073306796957e-01   1.6314843978313395e-01   1.6072024984690653e-01   1.5805596510873671e-01   1.5526857389737300e-01   1.5247092104558135e-01   1.4976984694628143e-01   1.4725700522662324e-01   1.4499737481952482e-01   1.4301945936791660e-01   1.4131229654368904e-01   1.3983039342599893e-01   1.3850265123891617e-01   1.3724068513089321e-01   1.3594478964323214e-01   1.3450820761697141e-01   1.3282131318679632e-01   1.3077746084618466e-01   1.2828165254862503e-01   1.2526118800374125e-01   1.2167424799725043e-01   1.1751139858030946e-01   1.1278916859899360e-01   1.0754012036829451e-01   1.0180431278575212e-01   9.5624191494502839e-02   8.9042621571367858e-02   8.2103065029322839e-02   7.4850978600694701e-02   6.7335721826351433e-02   5.9612374804693724e-02   5.1742904874425809e-02   4.3796168395646026e-02   3.5846410855248458e-02   2.7970243410320360e-02   2.0242491277073733e-02   1.2731627434866177e-02   5.4956321171016013e-03  -1.4210595363692360e-03  -7.9891715167591457e-03  -1.4194789597004209e-02  -2.0038393244876079e-02  -2.5533065616895771e-02  -3.0702163575879647e-02  -3.5576657685757095e-02  -4.0192234543105297e-02  -4.4586232690605687e-02  -4.8794466672883882e-02  -5.2848081485134597e-02  -5.6770639486684885e-02  -6.0575769501074864e-02  -6.4265750330436952e-02  -6.7831467523551431e-02  -7.1254062034604146e-02
  -7.0530791996408770e-02  -7.3519061061716559e-02  -7.6299330115084385e-02  -7.8852656920554265e-02  -8.1168726532601321e-02  -8.3246217025667396e-02  -8.5091453612020668e-02  -8.6716295002983307e-02  -8.8136014377620170e-02  -8.9367598228349290e-02  -9.0428574774006898e-02  -9.1336344608104553e-02  -9.2107935698163251e-02  -9.2760098292156618e-02  -9.3309655570648659e-02  -9.3773999140243813e-02  -9.4171553818128750e-02  -9.4521896693110313e-02  -9.4845020769014007e-02  -9.5159054645693394e-02  -9.5475925484274138e-02  -9.5795406528023985e-02  -9.6099672716648474e-02  -9.6351295739108875e-02  -9.6496047330541623e-02  -9.6468987416003321e-02  -9.6201132432121195e-02  -9.5624872857546284e-02  -9.4677711949944177e-02  -9.3304622880973354e-02  -9.1459476984990032e-02  -8.9105887998946948e-02  -8.6217684625864655e-02  -8.2779119065177445e-02  -7.8784852265099306e-02  -7.4239716421023311e-02  -6.9158233109014172e-02  -6.3563861618663009e-02  -5.7487959011701173e-02  -5.0968460101357180e-02  -4.4048318617483088e-02  -3.6773792193849353e-02  -2.9192680246370104e-02  -2.1352639990413726e-02  -1.3299688846094905e-02  -5.0769685750598828e-03   3.2762062875676071e-03   1.1725036789030198e-02   2.0239727496761645e-02   2.8795850354587177e-02   3.7374658041169573e-02   4.5963367601931752e-02   5.4555318160623964e-02   6.3149632753938617e-02   7.1749543890159861e-02   8.0357985896158876e-02   8.8969245534609831e-02   9.7557721743098652e-02   1.0606877690276617e-01   1.1441753704117022e-01   1.2249649339355449e-01   1.3018719393794148e-01   1.3737117009536001e-01   1.4393818417434256e-01   1.4979222022130811e-01   1.5485606105394845e-01   1.5907495710642033e-01   1.6241906534961192e-01   1.6488409191035672e-01   1.6648971999838813e-01   1.6727634501973063e-01   1.6730112472132816e-01   1.6663436380032007e-01   1.6535672188450351e-01   1.6355728211469572e-01   1.6133228311033207e-01   1.5878420343179131e-01   1.5602084797453028e-01   1.5315392309520845e-01   1.5029633211325938e-01   1.4755705598446797e-01   1.4503247749445411e-01   1.4279435273130678e-01   1.4087791550556000e-01   1.3927618320748408e-01   1.3794359482949353e-01   1.3680557000753774e-01   1.3576827815252179e-01   1.3472574174505159e-01   1.3356467559929205e-01   1.3216879134782056e-01   1.3042453852903235e-01   1.2822968589587136e-01   1.2550434164380775e-01   1.2220059480808618e-01   1.1830512902063502e-01   1.1383284413049671e-01   1.0881583438275920e-01   1.0329358182998576e-01   9.7307120936734687e-02   9.0896965928312312e-02   8.4103621500118381e-02   7.6969588387109267e-02   6.9542055947467957e-02   6.1875569729688683e-02   5.4033946684442585e-02   4.6090683353215547e-02   3.8127307719086706e-02   3.0229562276937114e-02   2.2481966505027783e-02   1.4961800981647922e-02   7.7337632636074200e-03   8.4623702861157807e-04  -5.6703830303217739e-03  -1.1803454206411032e-02  -1.7556387224538561e-02  -2.2946056476534027e-02  -2.7999761284291630e-02  -3.2752043208690254e-02  -3.7241492222066921e-02  -4.1507615363453931e-02  -4.5587797532319251e-02  -4.9514439987242365e-02  -5.3312397968962387e-02  -5.6996931663845736e-02  -6.0572421456043191e-02  -6.4032165903919955e-02  -6.7359552306778508e-02
  -6.6541058204441339e-02  -6.9458387470259161e-02  -7.2181218425703797e-02  -7.4688322294650153e-02  -7.6966618024231090e-02  -7.9012413530329867e-02  -8.0830549717204103e-02  -8.2432295215098039e-02  -8.3832948390111184e-02  -8.5049798498014251e-02  -8.6100679322987969e-02  -8.7003108279356672e-02  -8.7773911863635201e-02  -8.8429220934019698e-02  -8.8984729639883756e-02  -8.9456093573366230e-02  -8.9859308128829044e-02  -9.0210814678363394e-02  -9.0526967522496365e-02  -9.0822383151610467e-02  -9.1106790031282317e-02  -9.1380504223945946e-02  -9.1629721673926329e-02  -9.1823695195279248e-02  -9.1915520370950438e-02  -9.1846364715901685e-02  -9.1551341558504903e-02  -9.0965071044277396e-02  -9.0025934580444930e-02  -8.8678940874026196e-02  -8.6877500574986027e-02  -8.4584468574028557e-02  -8.1772690811523580e-02  -7.8425218881601796e-02  -7.4535252614398917e-02  -7.0105852216913983e-02  -6.5149408902308956e-02  -5.9686881193323695e-02  -5.3746783258922064e-02  -4.7363954876741082e-02  -4.0578139730042262e-02  -3.3432451729918163e-02  -2.5971802485484391e-02  -1.8241396023402079e-02  -1.0285359662817059e-02  -2.1455840658551415e-03   6.1392155854444238e-03   1.4534209926622670e-02   2.3008983968774807e-02   3.1537908792320837e-02   4.0100399671357707e-02   4.8681018831877525e-02   5.7269302303670534e-02   6.5858933941728343e-02   7.4445602688358717e-02   8.3022560604244261e-02   9.1573328472254051e-02   1.0006273361632537e-01   1.0843018442831223e-01   1.1658938604416549e-01   1.2443513776815555e-01   1.3185365676203326e-01   1.3873259212967820e-01   1.4496897637470066e-01   1.5047525268828188e-01   1.5518383488574294e-01   1.5905032019763801e-01   1.6205493854620556e-01   1.6420190344136287e-01   1.6551691299625701e-01   1.6604363036284733e-01   1.6584015276568087e-01   1.6497604423449105e-01   1.6353017637223155e-01   1.6158924720811385e-01   1.5924682804670265e-01   1.5660267273267531e-01   1.5376204350185010e-01   1.5083461661606640e-01   1.4793230172667202e-01   1.4516485839609783e-01   1.4263197481645096e-01   1.4041131758864903e-01   1.3854520860914704e-01   1.3703225812579120e-01   1.3582898366610030e-01   1.3485928552440721e-01   1.3402539878155270e-01   1.3321621023477151e-01   1.3231281718455656e-01   1.3119308141795780e-01   1.2973731819046794e-01   1.2783676895314150e-01   1.2540485533761186e-01   1.2238772421945611e-01   1.1876795287553817e-01   1.1455832465307783e-01   1.0978977366550637e-01   1.0450030636903668e-01   9.8728441957285251e-02   9.2511062189644513e-02   8.5884294977319503e-02   7.8886204928980241e-02   7.1560417465613702e-02   6.3959873988425522e-02   5.6149780284431426e-02   4.8208649057721875e-02   4.0226550977490061e-02   3.2300304274613570e-02   2.4526345812412066e-02   1.6992792736922079e-02   9.7725112543452196e-03   2.9185325887903929e-03  -3.5376465044166736e-03  -9.5851995342010679e-03  -1.5231318060993954e-02  -2.0497629635726600e-02  -2.5416334596803168e-02  -3.0026441839723753e-02  -3.4370259665286035e-02  -3.8490176890013182e-02  -4.2425731190395423e-02  -4.6210982908625034e-02  -4.9872260051212175e-02  -5.3426396331281364e-02  -5.6879636636242258e-02  -6.0227421547724556e-02  -6.3455286083001480e-02
  -6.2526358419196182e-02  -6.5375165010177150e-02  -6.8045629876010150e-02  -7.0514528986609731e-02  -7.2765813622756290e-02  -7.4792741116424866e-02  -7.6597816243919953e-02  -7.8191009549427370e-02  -7.9587219870539419e-02  -8.0803876942826217e-02  -8.1859133674248949e-02  -8.2770723110578051e-02  -8.3555389176228984e-02  -8.4228739637871100e-02  -8.4805391092167254e-02  -8.5299264924962814e-02  -8.5723886955135400e-02  -8.6092480859913195e-02  -8.6417594936834069e-02  -8.6709936646782670e-02  -8.6976161945131025e-02  -8.7215624838956757e-02  -8.7416708277799390e-02  -8.7553987020455970e-02  -8.7587675893402550e-02  -8.7465955270931747e-02  -8.7129451295090282e-02  -8.6516365401707193e-02  -8.5566973930416498e-02  -8.4226980018150599e-02  -8.2449717097154124e-02  -8.0197486727868778e-02  -7.7442260875486335e-02  -7.4165961942969150e-02  -7.0360407741129921e-02  -6.6027003606351692e-02  -6.1176188062805947e-02  -5.5826667463948904e-02  -5.0004434010862950e-02  -4.3741609837315176e-02  -3.7075138121680201e-02  -3.0045394759475628e-02  -2.2694769720542681e-02  -1.5066307457194705e-02  -7.2024533460246787e-03   8.5602795751199209e-04   9.0709542797827603e-03   1.7407423487839444e-02   2.5834335078421172e-02   3.4324726417173476e-02   4.2855935851397832e-02   5.1409511644416102e-02   5.9970733370491580e-02   6.8527405291614829e-02   7.7067444357387688e-02   8.5574666261027305e-02   9.4022691684887777e-02   1.0236814351166179e-01   1.1054602937849282e-01   1.1847019149398699e-01   1.2603930179796766e-01   1.3314592511594317e-01   1.3968566635721852e-01   1.4556477652627722e-01   1.5070593047938921e-01   1.5505230011402366e-01   1.5856980486131347e-01   1.6124742235115122e-01   1.6309563295161955e-01   1.6414368542497454e-01   1.6443642245140297e-01   1.6403139181408757e-01   1.6299649642677189e-01   1.6140828890655301e-01   1.5935077633716443e-01   1.5691463233711328e-01   1.5419662796595079e-01   1.5129909636939493e-01   1.4832907963003042e-01   1.4539657664051164e-01   1.4261085368979190e-01   1.4007340062393886e-01   1.3786654218449024e-01   1.3603942792090223e-01   1.3459739074395849e-01   1.3350109412543310e-01   1.3267511733239543e-01   1.3201959352339557e-01   1.3141966539257485e-01   1.3075187380288153e-01   1.2988911208888931e-01   1.2870638731611353e-01   1.2708924562891930e-01   1.2494518768171310e-01   1.2221491838028892e-01   1.1887696929741938e-01   1.1494161809663966e-01   1.1043788241866700e-01   1.0540126024350130e-01   9.9866523213300140e-02   9.3865531747226616e-02   8.7428508275678052e-02   8.0587451995170298e-02   7.3380830073140169e-02   6.5858682387599343e-02   5.8086949481035308e-02   5.0149432689295739e-02   4.2146010786261824e-02   3.4186612906978858e-02   2.6381953032861030e-02   1.8833154190701945e-02   1.1622799436517537e-02   4.8092780501338278e-03  -1.5749112377833260e-03  -7.5214490132914855e-03  -1.3042314409192610e-02  -1.8164979161361339e-02  -2.2927583535855299e-02  -2.7374531807890845e-02  -3.1552656945813003e-02  -3.5507912942097417e-02  -3.9282540519223572e-02  -4.2912648475110365e-02  -4.6426232845606277e-02  -4.9841682388063843e-02  -5.3166895119943609e-02  -5.6399135881353903e-02  -5.9525819775689125e-02
  -5.8481182187038752e-02  -6.1266794871833306e-02  -6.3892353529726942e-02  -6.6333019554468381e-02  -6.8569889301770798e-02  -7.0592769795548155e-02  -7.2401014443594591e-02  -7.4002396002299839e-02  -7.5410720674886064e-02  -7.6643174506804426e-02  -7.7718110938176446e-02  -7.8653528608139428e-02  -7.9466217798114580e-02  -8.0171407744303813e-02  -8.0782766950890664e-02  -8.1312588812461700e-02  -8.1772024885367278e-02  -8.2171182016413047e-02  -8.2518894280281918e-02  -8.2821940178945425e-02  -8.3083546830958310e-02  -8.3301154408274555e-02  -8.3463763912455399e-02  -8.3549560903215844e-02  -8.3524799871582289e-02  -8.3344683545803197e-02  -8.2956263923513990e-02  -8.2302592539316294e-02  -8.1327005644075995e-02  -7.9976759683308418e-02  -7.8205660456178924e-02  -7.5975774408523267e-02  -7.3258378946017041e-02  -7.0034381023770825e-02  -6.6294320607580420e-02  -6.2038079187461223e-02  -5.7274327282125545e-02  -5.2019767971252136e-02  -4.6298187045935274e-02  -4.0139359051951373e-02  -3.3577831321988147e-02  -2.6651650021379415e-02  -1.9401068329960768e-02  -1.1867307795599066e-02  -4.0914093885243488e-03   3.8867703777493781e-03   1.2029405249580623e-02   2.0301358389671217e-02   2.8670661883376559e-02   3.7108789943460639e-02   4.5590708823273096e-02   5.4094610700261815e-02   6.2601197860527147e-02   7.1092250109832555e-02   7.9548166655444563e-02   8.7944200874619932e-02   9.6245585464257918e-02   1.0440261194151633e-01   1.1234772451559208e-01   1.1999655898444277e-01   1.2725324807041963e-01   1.3401833891088835e-01   1.4019700390090689e-01   1.4570604121336389e-01   1.5047901723430990e-01   1.5446949683050296e-01   1.5765228548302523e-01   1.6002294687443058e-01   1.6159596287514780e-01   1.6240224682552021e-01   1.6248653109036287e-01   1.6190505821821904e-01   1.6072369720680929e-01   1.5901652329170857e-01   1.5686478531323966e-01   1.5435618617117688e-01   1.5158436355837218e-01   1.4864842400797526e-01   1.4565225922456504e-01   1.4270313651567565e-01   1.3990863778281684e-01   1.3737054151156447e-01   1.3517435081686630e-01   1.3337530081496671e-01   1.3198605436299893e-01   1.3097323592362012e-01   1.3026436840948225e-01   1.2975953691971640e-01   1.2934174056618719e-01   1.2888416134772457e-01   1.2825567370371269e-01   1.2732684969006824e-01   1.2597846810556421e-01   1.2411309150139789e-01   1.2166680523231170e-01   1.1861444497762047e-01   1.1496350278532554e-01   1.1074027039156786e-01   1.0597660378152923e-01   1.0070223677637437e-01   9.4942613454589389e-02   8.8720531720204499e-02   8.2060273230275343e-02   7.4993476921221935e-02   6.7565873019401049e-02   5.9843369806897223e-02   5.1915211096274609e-02   4.3892178778890983e-02   3.5899111821184597e-02   2.8063131283440797e-02   2.0500418445013695e-02   1.3304841893954727e-02   6.5409444562886526e-03   2.4218603036654102e-04  -5.5863158083270317e-03  -1.0962378392517722e-02  -1.5920454376687085e-02  -2.0505683181697862e-02  -2.4768783328213889e-02  -2.8761884985713762e-02  -3.2535145410837268e-02  -3.6134013875663465e-02  -3.9597008520954144e-02  -4.2953983548803115e-02  -4.6224880949222120e-02  -4.9419056799415911e-02  -5.2535257896302298e-02  -5.5562392417984580e-02
  -5.4406996520501072e-02  -5.7138333117765255e-02  -5.9729432702944577e-02  -6.2154060303849186e-02  -6.4390693353824704e-02  -6.6425611843253962e-02  -6.8254469955078043e-02  -6.9881980424532142e-02  -7.1320000869373901e-02  -7.2584867801756575e-02  -7.3694844029824680e-02  -7.4668157941722352e-02  -7.5521768374900239e-02  -7.6270722354142506e-02  -7.6927956328233640e-02  -7.7504350867013683e-02  -7.8008902740167890e-02  -7.8448840837105266e-02  -7.8829541818363796e-02  -7.9154069662328422e-02  -7.9422233457464353e-02  -7.9629125556971297e-02  -7.9763315567355719e-02  -7.9805072444946348e-02  -7.9725214339020481e-02  -7.9485169663427988e-02  -7.9038563620696070e-02  -7.8334146705152208e-02  -7.7319402909628882e-02  -7.5944107333859118e-02  -7.4163239358871383e-02  -7.1939077316855962e-02  -6.9242471916870246e-02  -6.6053483754130865e-02  -6.2361512152890999e-02  -5.8165064998832429e-02  -5.3471237344115685e-02  -4.8294977542109763e-02  -4.2658172626404686e-02  -3.6588606222656125e-02  -3.0118819565141626e-02  -2.3284929729153074e-02  -1.6125442108167701e-02  -8.6801122393188740e-03  -9.8889190971806346e-04   6.9089973852254349e-03   1.4975843910786879e-02   2.3176050049450628e-02   3.1476549910179216e-02   3.9847007782746136e-02   4.8259760221440670e-02   5.6689416349116221e-02   6.5111998299347898e-02   7.3503441418111312e-02   8.1837285824468420e-02   9.0081501707516110e-02   9.8194770364127312e-02   1.0612312687805843e-01   1.1379838860522665e-01   1.2113963505950277e-01   1.2805790647667792e-01   1.3446300702198871e-01   1.4027062498015749e-01   1.4540842247150165e-01   1.4982031490546027e-01   1.5346884608206335e-01   1.5633575272697714e-01   1.5842116762908443e-01   1.5974191674494748e-01   1.6032945034768925e-01   1.6022775801826822e-01   1.5949150202064663e-01   1.5818445396544734e-01   1.5637824739074038e-01   1.5415142356088121e-01   1.5158872109561830e-01   1.4878055384416497e-01   1.4582256171287603e-01   1.4281503160677361e-01   1.3986175341440743e-01   1.3706751177520488e-01   1.3453289205525784e-01   1.3234496582863214e-01   1.3056394007734784e-01   1.2920991818510502e-01   1.2825695530794096e-01   1.2763771009603012e-01   1.2725438340278636e-01   1.2698958313974273e-01   1.2671444727744383e-01   1.2629484900197932e-01   1.2559785039768698e-01   1.2450047818634834e-01   1.2290151648737740e-01   1.2073350686375797e-01   1.1796814975319349e-01   1.1460992464618586e-01   1.1068152204480700e-01   1.0620996752342014e-01   1.0121869960263483e-01   9.5725468890167753e-02   8.9744285654464573e-02   8.3290214979528640e-02   7.6386533368913309e-02   6.9073386416697802e-02   6.1415984890193336e-02   5.3509109578142894e-02   4.5475135295051386e-02   3.7454842640496179e-02   2.9593024175485094e-02   2.2022388582613822e-02   1.4849551574087447e-02   8.1462508659118291e-03   1.9472074490671232e-03  -3.7460997149525513e-03  -8.9582293899693188e-03  -1.3731675520407681e-02  -1.8119584484749658e-02  -2.2179859904229625e-02  -2.5970650710972445e-02  -2.9546906252184934e-02  -3.2957748644796836e-02  -3.6244440032027536e-02  -3.9438876594008021e-02  -4.2562565259461289e-02  -4.5626146425947506e-02  -4.8629506892530837e-02  -5.1562595698809596e-02
  -5.0311068778599560e-02  -5.3001110592915825e-02  -5.5571793836268923e-02  -5.7995403702186463e-02  -6.0247901573546869e-02  -6.2312099004865520e-02  -6.4179701194867197e-02  -6.5851726841249555e-02  -6.7337252816788234e-02  -6.8651026108520696e-02  -6.9810758138037790e-02  -7.0834760297137089e-02  -7.1740254870736389e-02  -7.2542349461120662e-02  -7.3253562363981145e-02  -7.3883701683028546e-02  -7.4439958701148681e-02  -7.4927046009026027e-02  -7.5347254911699191e-02  -7.5700281530959257e-02  -7.5982734649673603e-02  -7.6187275329092238e-02  -7.6301476194424192e-02  -7.6306600863429372e-02  -7.6176658008223680e-02  -7.5878123481085996e-02  -7.5370660599433842e-02  -7.4608945777250232e-02  -7.3545361680094276e-02  -7.2133100509846573e-02  -7.0329088849180377e-02  -6.8096365264629755e-02  -6.5405704169600953e-02  -6.2236543091301701e-02  -5.8577307999820888e-02  -5.4425297434819109e-02  -4.9786226174794640e-02  -4.4673530693443250e-02  -3.9107493215319651e-02  -3.3114246082864840e-02  -2.6724695410017901e-02  -1.9973413293753781e-02  -1.2897535778486874e-02  -5.5357107854188264e-03   2.0728718846179592e-03   9.8893327096998863e-03   1.7875812867340579e-02   2.5996016038228674e-02   3.4215559918254611e-02   4.2502103092088947e-02   5.0825204084833063e-02   5.9155842718841611e-02   6.7465515444447080e-02   7.5724803111380398e-02   8.3901352627726328e-02   9.1957349245350858e-02   9.9846834694741718e-02   1.0751359676765249e-01   1.1489059354142156e-01   1.2190170373968647e-01   1.2846584587376433e-01   1.3450266928978571e-01   1.3993847265005899e-01   1.4471122328833191e-01   1.4877397939900344e-01   1.5209662909216751e-01   1.5466614726643213e-01   1.5648581223297675e-01   1.5757380383853070e-01   1.5796154986809346e-01   1.5769206443080352e-01   1.5681840834773181e-01   1.5540234366596009e-01   1.5351318925899105e-01   1.5122689031034836e-01   1.4862527552533666e-01   1.4579548877946807e-01   1.4282951268795652e-01   1.3982363758358687e-01   1.3687751129886871e-01   1.3409209977883838e-01   1.3156537753879138e-01   1.2938431785124210e-01   1.2761270286675644e-01   1.2627771204500832e-01   1.2536187009215699e-01   1.2480497078555283e-01   1.2451351016329402e-01   1.2437155479977162e-01   1.2424961152755126e-01   1.2401165093251243e-01   1.2352222767438074e-01   1.2265573381717527e-01   1.2130847720761617e-01   1.1941067915443737e-01   1.1693153047776074e-01   1.1387221342040588e-01   1.1025084881068858e-01   1.0608844336448464e-01   1.0140101603654217e-01   9.6197588272156825e-02   9.0482324811407347e-02   8.4259929948634404e-02   7.7544199630339317e-02   7.0368908884012940e-02   6.2798340773432784e-02   5.4932960631658243e-02   4.6906752289554515e-02   3.8876075952243939e-02   3.1003027650176641e-02   2.3437105692312374e-02   1.6298770643419565e-02   9.6683840225372519e-03   3.5829407941390667e-03  -1.9595152722579265e-03  -6.9907640778696101e-03  -1.1562161289522851e-02  -1.5735732746736498e-02  -1.9577354131235056e-02  -2.3151855891643744e-02  -2.6519525332332625e-02  -2.9733592494160764e-02  -3.2838384976140320e-02  -3.5868028912983185e-02  -3.8845627818731174e-02  -4.1782961163115979e-02  -4.4680734373558746e-02  -4.7529469070921468e-02
  -4.6205237621521747e-02  -4.8871057232119222e-02  -5.1439145208414652e-02  -5.3879943053934801e-02  -5.6166751117449794e-02  -5.8278890867133781e-02  -6.0204010871774891e-02  -6.1939054046208593e-02  -6.3489656846194981e-02  -6.4868235489800322e-02  -6.6091368677823281e-02  -6.7177173618273273e-02  -6.8143168426300360e-02  -6.9004792989265526e-02  -6.9774561062023149e-02  -7.0461691169914825e-02  -7.1072072534045350e-02  -7.1608402096335774e-02  -7.2070366337742942e-02  -7.2454727621440992e-02  -7.2755218563945651e-02  -7.2962174527049603e-02  -7.3061926471529592e-02  -7.3036054917335336e-02  -7.2860710680928073e-02  -7.2506261911466960e-02  -7.1937531801857343e-02  -7.1114815309546192e-02  -6.9995684327895408e-02  -6.8537406409649171e-02  -6.6699583879319929e-02  -6.4446611286693045e-02  -6.1749593188270988e-02  -5.8587599476464552e-02  -5.4948259245608255e-02  -5.0827820547916625e-02  -4.6230799083364284e-02  -4.1169343585976820e-02  -3.5662403389664712e-02  -2.9734773814156221e-02  -2.3416070087354218e-02  -1.6739679527010918e-02  -9.7417277910793638e-03  -2.4600986323932705e-03   5.0664635674805836e-03   1.2799136761605497e-02   2.0699667117083764e-02   2.8730849988312233e-02   3.6856822838407320e-02   4.5043136084836233e-02   5.3256564821851878e-02   6.1464608905149702e-02   6.9634630160240407e-02   7.7732585244336488e-02   8.5721374557999858e-02   9.3558946780518903e-02   1.0119649617961791e-01   1.0857730023337067e-01   1.1563683575310925e-01   1.2230463134725278e-01   1.2850781195189662e-01   1.3417572742660880e-01   1.3924469609224752e-01   1.4366198880459222e-01   1.4738852357327570e-01   1.5040019373384300e-01   1.5268804582799583e-01   1.5425765766475302e-01   1.5512805859833784e-01   1.5533043884569220e-01   1.5490682099703740e-01   1.5390877001599079e-01   1.5239620161942843e-01   1.5043629769645533e-01   1.4810256041461620e-01   1.4547400412830583e-01   1.4263450358205831e-01   1.3967225065558692e-01   1.3667922106273350e-01   1.3375035600803611e-01   1.3098191065102793e-01   1.2846795874128492e-01   1.2629373577894154e-01   1.2452498822614955e-01   1.2319513020407774e-01   1.2229566551538371e-01   1.2177519136474005e-01   1.2154658579441580e-01   1.2149727402508949e-01   1.2149864148151460e-01   1.2141396406133127e-01   1.2110641610891570e-01   1.2044901280807742e-01   1.1933700325615512e-01   1.1769952714464764e-01   1.1550375913234964e-01   1.1274711108430117e-01   1.0944206967668640e-01   1.0560251386525496e-01   1.0123615168714964e-01   9.6342583417182909e-02   9.0915506990639799e-02   8.4948677643250356e-02   7.8446010362876711e-02   7.1434969193318126e-02   6.3979378362224018e-02   5.6185597784547389e-02   4.8198321509962810e-02   4.0187357907219390e-02   3.2329632486080472e-02   2.4789926348082206e-02   1.7702811389522642e-02   1.1158972439013350e-02   5.1996528088413957e-03  -1.7929418094743410e-04  -5.0165803085888416e-03  -9.3727842440217077e-03  -1.3319436415137845e-02  -1.6931041786583938e-02  -2.0279706570616958e-02  -2.3431567011798483e-02  -2.6444383134585924e-02  -2.9365872259347545e-02  -3.2232595638373045e-02  -3.5069314461518682e-02  -3.7888839634422994e-02  -4.0692408206694196e-02  -4.3470658953087979e-02
  -4.2105045395071525e-02  -4.4767371295235475e-02  -4.7354096447523211e-02  -4.9833261280775837e-02  -5.2175135903791817e-02  -5.4355368870442178e-02  -5.6357442583483977e-02  -5.8174005185216600e-02  -5.9806806328912256e-02  -6.1265301062939335e-02  -6.2564313431040158e-02  -6.3721357922196881e-02  -6.4754161724463716e-02  -6.5678726596937839e-02  -6.6508032835252195e-02  -6.7251327624835419e-02  -6.7913876840357990e-02  -6.8497037802062205e-02  -6.8998517983955343e-02  -6.9412681755067721e-02  -6.9730784380433466e-02  -6.9941035047322159e-02  -7.0028447079730577e-02  -6.9974504633397910e-02  -6.9756756620280941e-02  -6.9348511776482255e-02  -6.8718836041469042e-02  -6.7833042167215779e-02  -6.6653782821351981e-02  -6.5142752846031243e-02  -6.3262829189645903e-02  -6.0980357949401591e-02  -5.8267219011400112e-02  -5.5102388754632928e-02  -5.1472860006356647e-02  -4.7373949823146383e-02  -4.2809109111356700e-02  -3.7789375880244308e-02  -3.2332594710661376e-02  -2.6462498308169678e-02  -2.0207719492365252e-02  -1.3600786779250404e-02  -6.6771433263805580e-03   5.2577568994240098e-04   7.9693804924302059e-03   1.5614651152500107e-02   2.3422727351901377e-02   3.1355338506122779e-02   3.9375052698386211e-02   4.7445315407809822e-02   5.5530251019262927e-02   6.3594194494532755e-02   7.1600934003582167e-02   7.9512667078828564e-02   8.7288736247442586e-02   9.4884302076264734e-02   1.0224924348746406e-01   1.0932767911625857e-01   1.1605851781769833e-01   1.2237727537358016e-01   1.2821906230150720e-01   1.3352227423742413e-01   1.3823230261011724e-01   1.4230463072563354e-01   1.4570694452915989e-01   1.4842019552033572e-01   1.5043879081581890e-01   1.5177016682682409e-01   1.5243400032503068e-01   1.5246122625147696e-01   1.5189297867777102e-01   1.5077950291826514e-01   1.4917907788329812e-01   1.4715696348500099e-01   1.4478441015699575e-01   1.4213775735929327e-01   1.3929766318334266e-01   1.3634846112633331e-01   1.3337758388223586e-01   1.3047483020564898e-01   1.2773102797377117e-01   1.2523526634666871e-01   1.2306954763796049e-01   1.2129987725674253e-01   1.1996460257312511e-01   1.1906404531781012e-01   1.1855674099483528e-01   1.1836379997085091e-01   1.1837789883047872e-01   1.1847291662613491e-01   1.1851280808181913e-01   1.1836069086892005e-01   1.1788964616441085e-01   1.1699534538272133e-01   1.1560692913015304e-01   1.1368972871669913e-01   1.1123665942478114e-01   1.0825348412497439e-01   1.0474603280269382e-01   1.0071313247268618e-01   9.6144686050044906e-02   9.1023845862537950e-02   8.5333561397634927e-02   7.9068416085737447e-02   7.2250627186256217e-02   6.4944652923437707e-02   5.7262754325030168e-02   4.9358391134688831e-02   4.1411128581177653e-02   3.3608431738197872e-02   2.6127011191169090e-02   1.9114413455040159e-02   1.2672984573693494e-02   6.8509261721775086e-03   1.6443928358431462e-03  -2.9908559726869038e-03  -7.1242425686561112e-03  -1.0837012552192715e-02  -1.4212746290395355e-02  -1.7331321530115414e-02  -2.0265195128133885e-02  -2.3077072692396870e-02  -2.5818399335784576e-02  -2.8528404479575373e-02  -3.1233605097068989e-02  -3.3947777476095869e-02  -3.6672442825632992e-02  -3.9397929216667592e-02
  -3.8029441904958619e-02  -4.0711841449228500e-02  -4.3341000563598700e-02  -4.5881890984241162e-02  -4.8301235350012822e-02  -5.0570689375714829e-02  -5.2669407636465215e-02  -5.4585615477533475e-02  -5.6316932113881307e-02  -5.7869418751925729e-02  -5.9255595700745574e-02  -6.0491879727995634e-02  -6.1595949708434627e-02  -6.2584443488487698e-02  -6.3471214498399250e-02  -6.4266201365575759e-02  -6.4974865794718353e-02  -6.5598091137512790e-02  -6.6132425410519488e-02  -6.6570529003084911e-02  -6.6901691053573298e-02  -6.7112274309515968e-02  -6.7185988893273457e-02  -6.7103949047831027e-02  -6.6844550044112050e-02  -6.6383276443990016e-02  -6.5692602921954585e-02  -6.4742163000662004e-02  -6.3499330123778050e-02  -6.1930299382707665e-02  -6.0001650948949645e-02  -5.7682262648876020e-02  -5.4945301014959591e-02  -5.1769978296207664e-02  -4.8142806952159237e-02  -4.4058235212467121e-02  -3.9518697259722971e-02  -3.4534208007323965e-02  -2.9121654793333961e-02  -2.3303912842018687e-02  -1.7108882256803213e-02  -1.0568509500395250e-02  -3.7178408964361823e-03   3.4058608202304878e-03   1.0763908229604359e-02   1.8316869044907813e-02   2.6025112459892547e-02   3.3849204110551340e-02   4.1750129039696014e-02   4.9689324703029350e-02   5.7628505043239714e-02   6.5529264610509896e-02   7.3352464774790044e-02   8.1057435608084372e-02   8.8601075897738676e-02   9.5937005144766468e-02   1.0301499521435464e-01   1.0978095691365228e-01   1.1617772631419770e-01   1.2214675785604942e-01   1.2763060274623528e-01   1.3257581877313782e-01   1.3693583441276636e-01   1.4067333209185129e-01   1.4376189593814387e-01   1.4618688389086082e-01   1.4794564741148208e-01   1.4904728314207971e-01   1.4951208878578839e-01   1.4937084100673390e-01   1.4866396068913645e-01   1.4744059365690038e-01   1.4575762141484427e-01   1.4367862138110890e-01   1.4127281058652286e-01   1.3861402913500992e-01   1.3577982274720707e-01   1.3285067098161557e-01   1.2990933684659783e-01   1.2704019038977887e-01   1.2432813723197406e-01   1.2185649169216646e-01   1.1970281318963524e-01   1.1793173333589366e-01   1.1658486280904715e-01   1.1567041593364191e-01   1.1515721299972122e-01   1.1497597298616918e-01   1.1502639856780739e-01   1.1518659226224995e-01   1.1532279736933504e-01   1.1529967596779608e-01   1.1499202271018370e-01   1.1429737404306112e-01   1.1314561376494225e-01   1.1149998110615746e-01   1.0934799025624714e-01   1.0668772952930380e-01   1.0351637477166957e-01   9.9823688056593307e-02   9.5590059674096936e-02   9.0788633914234501e-02   8.5392533876902002e-02   7.9388546169015778e-02   7.2795486740721144e-02   6.5679651781572645e-02   5.8158572920241007e-02   5.0391617559367996e-02   4.2563609732465445e-02   3.4867417507089285e-02   2.7487053332120651e-02   2.0580248307477744e-02   1.4261073612106486e-02   8.5872818272240796e-03   3.5587758935411579e-03  -8.7153444388579637e-04  -4.7805083291696318e-03  -8.2586764680049503e-03  -1.1398792101624006e-02  -1.4288830730624102e-02  -1.7007968746061163e-02  -1.9624254485305859e-02  -2.2193208515619518e-02  -2.4756989035703992e-02  -2.7344003793390536e-02  -2.9968971069333519e-02  -3.2633488820391465e-02  -3.5327177695770165e-02
  -3.4001036161452121e-02  -3.6728796160165847e-02  -3.9425546681424367e-02  -4.2052473383857952e-02  -4.4572158461457526e-02  -4.6951866893800667e-02  -4.9166227118182318e-02  -5.1198975360306910e-02  -5.3043535366864410e-02  -5.4702388757467524e-02  -5.6185403220045040e-02  -5.7507461332919202e-02  -5.8685824477234881e-02  -5.9737623083741073e-02  -6.0677766660869895e-02  -6.1517407777429804e-02  -6.2263006399581614e-02  -6.2915941658699293e-02  -6.3472606238453938e-02  -6.3924860856041932e-02  -6.4260724702922781e-02  -6.4465131412933502e-02  -6.4520598703598664e-02  -6.4407682070980729e-02  -6.4105172341919162e-02  -6.3590081130414103e-02  -6.2837543594824297e-02  -6.1820804900541607e-02  -6.0511452675735933e-02  -5.8880021018368124e-02  -5.6897022458330337e-02  -5.4534386536006708e-02  -5.1767167046800226e-02  -4.8575289990241008e-02  -4.4945040727807820e-02  -4.0870058976049992e-02  -3.6351724891108522e-02  -3.1398993343220938e-02  -2.6027811284178932e-02  -2.0260287920907512e-02  -1.4123746187227729e-02  -7.6497514531179665e-03  -8.7317507179834886e-04   6.1686694402542375e-03   1.3436793427494494e-02   2.0891185126090357e-02   2.8491330387517069e-02   3.6196589007314019e-02   4.3966412859865231e-02   5.1760395682349192e-02   5.9538146894957372e-02   6.7258992979337601e-02   7.4881524692617704e-02   8.2363038236259692e-02   8.9658955336899729e-02   9.6722355499069892e-02   1.0350379151185123e-01   1.0995157193056894e-01   1.1601264841470975e-01   1.2163413877457548e-01   1.2676536191853829e-01   1.3136012124272159e-01   1.3537890423966836e-01   1.3879070706125199e-01   1.4157431712624036e-01   1.4371903207159303e-01   1.4522490195644391e-01   1.4610262143024999e-01   1.4637318617841211e-01   1.4606738222340382e-01   1.4522513791541281e-01   1.4389474107611064e-01   1.4213192030627209e-01   1.3999880343377502e-01   1.3756279006472533e-01   1.3489540606087372e-01   1.3207122493900197e-01   1.2916694424422748e-01   1.2626064391584452e-01   1.2343114810761052e-01   1.2075719645098169e-01   1.1831588394734063e-01   1.1617952298912460e-01   1.1441002119721283e-01   1.1305043491639517e-01   1.1211521692438429e-01   1.1158281010200670e-01   1.1139414229731541e-01   1.1145739330506128e-01   1.1165668515736073e-01   1.1186244470406480e-01   1.1194280561101207e-01   1.1177607210190661e-01   1.1126289038667279e-01   1.1033416673664558e-01   1.0895046910254302e-01   1.0709306172048338e-01   1.0475175365039681e-01   1.0191487996972838e-01   9.8563371081042697e-02   9.4668763562758690e-02   9.0195359735298741e-02   8.5108226218858649e-02   7.9388616579626842e-02   7.3054000598981386e-02   6.6173181540273796e-02   5.8867465183806686e-02   5.1298762875416404e-02   4.3652697034002076e-02   3.6122579634057586e-02   2.8894753257446421e-02   2.2133079119699202e-02   1.5961604838720594e-02   1.0448999678765534e-02   5.6024496209864938e-03   1.3757241402359843e-03  -2.3128981311145436e-03  -5.5619350516591566e-03  -8.4728818746705667e-03  -1.1141853073693770e-02  -1.3655001445002021e-02  -1.6086055181352994e-02  -1.8494942879281308e-02  -2.0927024270593470e-02  -2.3412758970987140e-02  -2.5967817389141355e-02  -2.8593700862755020e-02  -3.1278956539837303e-02
  -3.0046847225624854e-02  -3.2845586593565824e-02  -3.5634956442309587e-02  -3.8371645809452931e-02  -4.1013497086692698e-02  -4.3522970514181358e-02  -4.5869970617302587e-02  -4.8033731876081086e-02  -5.0003561513473453e-02  -5.1778412031695489e-02  -5.3365420112023623e-02  -5.4777706764727201e-02  -5.6031804924172805e-02  -5.7145078984707276e-02  -5.8133426720150760e-02  -5.9009446173215699e-02  -5.9781157214980986e-02  -6.0451290100953098e-02  -6.1017116366119076e-02  -6.1470758111478743e-02  -6.1799881312647686e-02  -6.1988627988928652e-02  -6.2018604831430825e-02  -6.1869735298936232e-02  -6.1520831600172576e-02  -6.0949844753833089e-02  -6.0133868398994150e-02  -5.9049052209853688e-02  -5.7670608905994347e-02  -5.5973066913137026e-02  -5.3930870222139528e-02  -5.1519357355741022e-02  -4.8716078441765218e-02  -4.5502321310652662e-02  -4.1864629408329010e-02  -3.7796053933360857e-02  -3.3296912681201045e-02  -2.8374974685018289e-02  -2.3045115340371534e-02  -1.7328607571147632e-02  -1.1252207012814885e-02  -4.8471796705087979e-03   1.8516499117687824e-03   8.8067694687531464e-03   1.5978748187042514e-02   2.3326881968267928e-02   3.0809710492050779e-02   3.8385393491689256e-02   4.6011944692596382e-02   5.3647317031223822e-02   6.1249345414724703e-02   6.8775556898270696e-02   7.6182879977988394e-02   8.3427301755222394e-02   9.0463554608197050e-02   9.7244937173415730e-02   1.0372339551281116e-01   1.0984997881215122e-01   1.1557574271736923e-01   1.2085308767379799e-01   1.2563742144774359e-01   1.2988894681448654e-01   1.3357434821214492e-01   1.3666818417583476e-01   1.3915388370174953e-01   1.4102433818591387e-01   1.4228215506575637e-01   1.4293965426872959e-01   1.4301867796560516e-01   1.4255024060360116e-01   1.4157402358791080e-01   1.4013769251887148e-01   1.3829603165680882e-01   1.3610989536337825e-01   1.3364501999452394e-01   1.3097076049028486e-01   1.2815886102617810e-01   1.2528236880739085e-01   1.2241478965389369e-01   1.1962946963297329e-01   1.1699900343177129e-01   1.1459418224971385e-01   1.1248172031868003e-01   1.1071987921746057e-01   1.0935147925676789e-01   1.0839509557329632e-01   1.0783713547097379e-01   1.0762829542450228e-01   1.0768606955216505e-01   1.0790229909509827e-01   1.0815371259460030e-01   1.0831409428681132e-01   1.0826704443575956e-01   1.0791721984714947e-01   1.0719643284922818e-01   1.0606195870469724e-01   1.0448831295790849e-01   1.0245692256325364e-01   9.9947552287319233e-02   9.6932942256254900e-02   9.3376875015580174e-02   8.9236515645242515e-02   8.4471188854030321e-02   7.9059113185489721e-02   7.3018062007260034e-02   6.6419124847800659e-02   5.9385192692653133e-02   5.2077334683129979e-02   4.4678094663264063e-02   3.7377044426215283e-02   3.0358322425128231e-02   2.3787390613385702e-02   1.7794960600278319e-02   1.2460086236176240e-02   7.7997781155322334e-03   3.7726921599562334e-03   2.9581193133118577e-04  -2.7350895220829008e-03  -5.4291244209575748e-03  -7.8901620843885439e-03  -1.0211348972042136e-02  -1.2472301344783103e-02  -1.4737625560783396e-02  -1.7056130726664946e-02  -1.9460489566484787e-02  -2.1967349315716932e-02  -2.4577965288627775e-02  -2.7279471405589506e-02
  -2.6199405251911730e-02  -2.9093391683281830e-02  -3.1998495799925447e-02  -3.4866283995061823e-02  -3.7649336656652634e-02  -4.0304954665848380e-02  -4.2798167793773018e-02  -4.5103751555875989e-02  -4.7207075631266575e-02  -4.9103782116338805e-02  -5.0798433485759617e-02  -5.2302414324266154e-02  -5.3631413399999980e-02  -5.4802833355617753e-02  -5.5833390129381877e-02  -5.6737106693329695e-02  -5.7523791666652745e-02  -5.8198059860703227e-02  -5.8758879489975102e-02  -5.9199641536060527e-02  -5.9508688122982940e-02  -5.9670231707331899e-02  -5.9665500161567561e-02  -5.9473913409399191e-02  -5.9074056775594679e-02  -5.8444296289995451e-02  -5.7563008796855962e-02  -5.6408537140447683e-02  -5.4959075426633364e-02  -5.3192667919385643e-02  -5.1087476072638430e-02  -4.8622366031176575e-02  -4.5777837542529433e-02  -4.2537218147886843e-02  -3.8888013719448278e-02  -3.4823204280523726e-02  -3.0342271484083673e-02  -2.5451753918319185e-02  -2.0165260891986558e-02  -1.4503006170767642e-02  -8.4910110006068060e-03  -2.1601558505405308e-03   4.4547935909222403e-03   1.1316089824583195e-02   1.8383804086431053e-02   2.5616494539497478e-02   3.2971744369326546e-02   4.0406560621142208e-02   4.7877642718589547e-02   5.5341519982598446e-02   6.2754574007955671e-02   7.0072961807626413e-02   7.7252475909582938e-02   8.4248388901588672e-02   9.1015351994913299e-02   9.7507428983162128e-02   1.0367835181667555e-01   1.0948206805098210e-01   1.1487360882294348e-01   1.1981024813196858e-01   1.2425285399274619e-01   1.2816728956453649e-01   1.3152570490069732e-01   1.3430760116155341e-01   1.3650060472988190e-01   1.3810095959949908e-01   1.3911378019469689e-01   1.3955311751649374e-01   1.3944186900900676e-01   1.3881153171336932e-01   1.3770178318029438e-01   1.3615985926218510e-01   1.3423972250644672e-01   1.3200101411048568e-01   1.2950783874938016e-01   1.2682742490852761e-01   1.2402878575746167e-01   1.2118148797695760e-01   1.1835470162893624e-01   1.1561657133997789e-01   1.1303383390920088e-01   1.1067121414246714e-01   1.0858987230324960e-01   1.0684395654978689e-01   1.0547472742230136e-01   1.0450270849442264e-01   1.0391995502471539e-01   1.0368548513139229e-01   1.0372610478192150e-01   1.0394267991617240e-01   1.0422031356606715e-01   1.0444059757771321e-01   1.0449397485231313e-01   1.0428965275444230e-01   1.0376012086954642e-01   1.0285905247606383e-01   1.0155426890029087e-01   9.9819247395527791e-02   9.7625883144733749e-02   9.4939726193475585e-02   9.1718257129849046e-02   8.7913542588826443e-02   8.3481647455102115e-02   7.8399982181004330e-02   7.2687521207759231e-02   6.6416601853246993e-02   5.9709202409889750e-02   5.2722490464681471e-02   4.5632817507108882e-02   3.8622764381721811e-02   3.1870561554538539e-02   2.5539017025122450e-02   1.9761407535770749e-02   1.4624845222038486e-02   1.0156970768897291e-02   6.3247406526184546e-03   3.0478866549100633e-03   2.1962742848619793e-04  -2.2748644777675492e-03  -4.5462815396423092e-03  -6.6944333189501784e-03  -8.8048152546699315e-03  -1.0946849601786497e-02  -1.3172961754142225e-02  -1.5518153935244527e-02  -1.8000053241944654e-02  -2.0619521168211707e-02  -2.3361960820520805e-02
  -2.2498015513327224e-02  -2.5508124654524525e-02  -2.8548028162403323e-02  -3.1563752054317135e-02  -3.4502290155680765e-02  -3.7315587469782321e-02  -3.9963752655559723e-02  -4.2417206865217306e-02  -4.4657610220599726e-02  -4.6677589071033983e-02  -4.8479416743188730e-02  -5.0072944808694377e-02  -5.1473097808177645e-02  -5.2697273229193299e-02  -5.3762889024358412e-02  -5.4685285388455143e-02  -5.5476061510492287e-02  -5.6141916791101636e-02  -5.6683977682364418e-02  -5.7097627868632268e-02  -5.7372797981896803e-02  -5.7494708728251659e-02  -5.7444969080169869e-02  -5.7202899698127474e-02  -5.6746835130453553e-02  -5.6055156742493270e-02  -5.5106888295986707e-02  -5.3881844495788520e-02  -5.2360515326532034e-02  -5.0523896183858011e-02  -4.8353492564795181e-02  -4.5831585393581190e-02  -4.2941822739226462e-02  -3.9670077518821900e-02  -3.6005533196009028e-02  -3.1941839428362220e-02  -2.7478202889763690e-02  -2.2620187921244969e-02  -1.7380097102944130e-02  -1.1776849933314265e-02  -5.8354365742440198e-03   4.1391270672810204e-04   6.9366802484589866e-03   1.3694999814837884e-02   2.0648510832976738e-02   2.7755079965374893e-02   3.4971389201090906e-02   4.2253383458334737e-02   4.9556593650692225e-02   5.6836341893310466e-02   6.4047850585655416e-02   7.1146277111068523e-02   7.8086709591472458e-02   8.4824168992820997e-02   9.1313671676507127e-02   9.7510416427435936e-02   1.0337014865743219e-01   1.0884974572404396e-01   1.1390802228865933e-01   1.1850672485090882e-01   1.2261162766273434e-01   1.2619363238645354e-01   1.2922976038836453e-01   1.3170397127794822e-01   1.3360777110164748e-01   1.3494062410581881e-01   1.3571019359315031e-01   1.3593243341453215e-01   1.3563153978602191e-01   1.3483973904468433e-01   1.3359690046050327e-01   1.3194993316966067e-01   1.2995198074402228e-01   1.2766139222395767e-01   1.2514052601700917e-01   1.2245440118315257e-01   1.1966932263232129e-01   1.1685155893042495e-01   1.1406629615245981e-01   1.1137695984351063e-01   1.0884496893427825e-01   1.0652948574187684e-01   1.0448643553760355e-01   1.0276572190848660e-01   1.0140611661907481e-01   1.0042821640604480e-01   9.9827305618545345e-02   9.9568689499926866e-02   9.9587682324294130e-02   9.9794805496358580e-02   1.0008511590261508e-01   1.0034971546134983e-01   1.0048699095671071e-01   1.0041101628915788e-01   1.0005494156619216e-01   9.9369056988918653e-02   9.8315126870755734e-02   9.6859582431118973e-02   9.4967511303972046e-02   9.2598555101782803e-02   8.9705560219982355e-02   8.6237608787421052e-02   8.2149781918627984e-02   7.7420323514870756e-02   7.2069544806542984e-02   6.6169502095475202e-02   5.9838799979873139e-02   5.3228120291493881e-02   4.6505217800310236e-02   3.9843283850546196e-02   3.3411848055404487e-02   2.7367539284829032e-02   2.1842124533695002e-02   1.6927330241248796e-02   1.2660392423982182e-02   9.0186098517780963e-03   5.9282645590312960e-03   3.2837142606810671e-03   9.6704732762587994e-04  -1.1377043999024339e-03  -3.1362374327478029e-03  -5.1196081951902783e-03  -7.1619747992005614e-03  -9.3193881728252971e-03  -1.1629182145810834e-02  -1.4109891456277331e-02  -1.6761801362888726e-02  -1.9568281127907400e-02
  -1.8989747728656123e-02  -2.2131019592530943e-02  -2.5318210370650816e-02  -2.8491776081680104e-02  -3.1593165747091340e-02  -3.4569057220614118e-02  -3.7374760335826068e-02  -3.9976505761569456e-02  -4.2352458889743372e-02  -4.4492491916342074e-02  -4.6396868881932639e-02  -4.8074159319569189e-02  -4.9538700668295223e-02  -5.0807961862118181e-02  -5.1900045602985605e-02  -5.2831532065644893e-02  -5.3615737865278942e-02  -5.4261451393132966e-02  -5.4772120412530073e-02  -5.5145500590573514e-02  -5.5373727505700285e-02  -5.5443825029376351e-02  -5.5338610031153444e-02  -5.5037948077195656e-02  -5.4520196210490326e-02  -5.3763585380378801e-02  -5.2747261427310989e-02  -5.1451799136336837e-02  -4.9859251227252113e-02  -4.7952925691321327e-02  -4.5717190074659950e-02  -4.3137460829852731e-02  -4.0200497062167079e-02  -3.6894960829562298e-02  -3.3212228030434797e-02  -2.9147327925327125e-02  -2.4699934769907408e-02  -1.9875227587017548e-02  -1.4684500021433775e-02  -9.1453666010003348e-03  -3.2815494155108288e-03   2.8777125910047149e-03   9.2984920851171687e-03   1.5943092297353252e-02   2.2770942519661400e-02   2.9739388858956516e-02   3.6804358965036407e-02   4.3920884794544181e-02   5.1043503558306468e-02   5.8126545354623867e-02   6.5124337181151237e-02   7.1991345410619301e-02   7.8682293984980389e-02   8.5152296005369624e-02   9.1357043704469343e-02   9.7253100987624269e-02   1.0279833340628199e-01   1.0795249562926217e-01   1.1267796618532948e-01   1.1694059342898855e-01   1.2071058812038381e-01   1.2396338926913619e-01   1.2668043800637785e-01   1.2884981198421047e-01   1.3046671203085142e-01   1.3153379487370337e-01   1.3206137849841340e-01   1.3206750567987921e-01   1.3157787856681852e-01   1.3062562247874035e-01   1.2925088851711619e-01   1.2750025087389127e-01   1.2542592814805215e-01   1.2308479875640527e-01   1.2053726946172336e-01   1.1784598905114738e-01   1.1507451260582138e-01   1.1228597379278703e-01   1.0954198219940597e-01   1.0690187690759367e-01   1.0442249686926078e-01   1.0215813399003890e-01   1.0015994620853003e-01   9.8473642113109716e-02   9.7134883668304639e-02   9.6162903956623066e-02   9.5554155433792309e-02   9.5278194793730703e-02   9.5277587340388062e-02   9.5472378672189342e-02   9.5768287653768450e-02   9.6066811176704292e-02   9.6274837066376892e-02   9.6311546751014609e-02   9.6111092047423061e-02   9.5621120726527079e-02   9.4798444056639647e-02   9.3603709674869431e-02   9.1996530113073322e-02   8.9932106170990539e-02   8.7360373555322043e-02   8.4229383044060108e-02   8.0495055011379643e-02   7.6137452584485663e-02   7.1177794381219781e-02   6.5686167101594334e-02   5.9775587316451939e-02   5.3588147457308423e-02   4.7281181832749430e-02   4.1016776616041160e-02   3.4953788913292289e-02   2.9240037129055922e-02   2.4002306992758737e-02   1.9333202894692765e-02   1.5277123143581151e-02   1.1822048584546198e-02   8.9036837961492532e-03   6.4212580372814410e-03   4.2569479876751123e-03   2.2916692863970134e-03   4.1513127562002594e-04  -1.4685640749610429e-03  -3.4379158864335721e-03  -5.5523567291973254e-03  -7.8513475432555220e-03  -1.0354102626983722e-02  -1.3060059435259289e-02  -1.5950256199719782e-02
  -1.5729304021715240e-02  -1.9008213245317235e-02  -2.2345827238903000e-02  -2.5677607566127039e-02  -2.8940063810883133e-02  -3.2075120610796912e-02  -3.5033647594967146e-02  -3.7777894523791211e-02  -4.0282654871224961e-02  -4.2535151651208698e-02  -4.4533769146023000e-02  -4.6285948347511589e-02  -4.7805588161715699e-02  -4.9110334751638660e-02  -5.0219015968129603e-02  -5.1149426660589567e-02  -5.1916534664343414e-02  -5.2531153675789193e-02  -5.2999050735324682e-02  -5.3320479030075432e-02  -5.3490091966365352e-02  -5.3497242900067118e-02  -5.3326654671144447e-02  -5.2959469103392526e-02  -5.2374611710830590e-02  -5.1550323430073673e-02  -5.0465580840629076e-02  -4.9101090645648715e-02  -4.7439703540070759e-02  -4.5466319359264762e-02  -4.3167585885558343e-02  -4.0531653536657011e-02  -3.7548188157304180e-02  -3.4208657112183627e-02  -3.0506884040984804e-02  -2.6439768772757308e-02  -2.2008113059562871e-02  -1.7217414816071391e-02  -1.2078541548285616e-02  -6.6081336431974141e-03  -8.2867923992851339e-04   5.2317841114111197e-03   1.1540269447027900e-02   1.8059639627890214e-02   2.4749477949270349e-02   3.1566923427817070e-02   3.8467414448336054e-02   4.5405304683300743e-02   5.2334362110808642e-02   5.9208155483090913e-02   6.5980362535980067e-02   7.2605018964199214e-02   7.9036749344073370e-02   8.5231006589515615e-02   9.1144361992206741e-02   9.6734870332412654e-02   1.0196253772756014e-01   1.0678989187763926e-01   1.1118264809170811e-01   1.1511042943122536e-01   1.1854750317319818e-01   1.2147347037750549e-01   1.2387387935303500e-01   1.2574071884895260e-01   1.2707279807723676e-01   1.2787599056906757e-01   1.2816336445853618e-01   1.2795517209683721e-01   1.2727871963190177e-01   1.2616807818847703e-01   1.2466365598489616e-01   1.2281159833148869e-01   1.2066304244502274e-01   1.1827320590613660e-01   1.1570034621805483e-01   1.1300458730626239e-01   1.1024668464939308e-01   1.0748677563131838e-01   1.0478328177152002e-01   1.0219210805831343e-01   9.9766328100771323e-02   9.7556150872347286e-02   9.5608504002141312e-02   9.3965020144149619e-02   9.2657828131185532e-02   9.1703778849679993e-02   9.1098987812525928e-02   9.0815618128530312e-02   9.0802162915258722e-02   9.0987467806599498e-02   9.1287705357797483e-02   9.1614766330172945e-02   9.1884079414134456e-02   9.2020138584681957e-02   9.1958714453458754e-02   9.1645900573236960e-02   9.1034947732277383e-02   9.0082207209521925e-02   8.8743311711878547e-02   8.6970562050979638e-02   8.4712616100338062e-02   8.1918125084438048e-02   7.8545124148869161e-02   7.4575901535401681e-02   7.0031831554848767e-02   6.4979412870949924e-02   5.9524198192477430e-02   5.3798009256936286e-02   4.7946384525596283e-02   4.2119103768200980e-02   3.6463051172868188e-02   3.1115458830506579e-02   2.6195534281493932e-02   2.1793408234605162e-02   1.7957541351473524e-02   1.4685394339376587e-02   1.1923574877155299e-02   9.5793996910902429e-03   7.5385371907067678e-03   5.6814808321767642e-03   3.8951947061270364e-03   2.0801466333029220e-03   1.5431177957318798e-04  -1.9445132965759497e-03  -4.2573946078127214e-03  -6.8037500991540122e-03  -9.5817543064444684e-03  -1.2569825557286279e-02
  -1.2776205583646116e-02  -1.6188158713992221e-02  -1.9667554289840475e-02  -2.3146193660352671e-02  -2.6556949685385058e-02  -2.9838041281894094e-02  -3.2936559200309995e-02  -3.5811037125854199e-02  -3.8432869780369576e-02  -4.0786468352360002e-02  -4.2868178126043960e-02  -4.4684227139519868e-02  -4.6248069277241559e-02  -4.7577563374442196e-02  -4.8692294132209067e-02  -4.9611269684004262e-02  -5.0351065543459951e-02  -5.0924450955803044e-02  -5.1339447459459807e-02  -5.1598794294204588e-02  -5.1699761047709930e-02  -5.1634298836293037e-02  -5.1389506552191579e-02  -5.0948441672048830e-02  -5.0291268929809271e-02  -4.9396716920373743e-02  -4.8243664676794216e-02  -4.6812560956980644e-02  -4.5086343113178551e-02  -4.3050703955986980e-02  -4.0693868780190122e-02  -3.8006197489693014e-02  -3.4979929110744212e-02  -3.1609190406514096e-02  -2.7890298332091390e-02  -2.3822268496392636e-02  -1.9407468061867952e-02  -1.4652294743094721e-02  -9.5678139506920265e-03  -4.1702298034493046e-03   1.5188700515644596e-03   7.4725760828448333e-03   1.3659006099262790e-02   2.0041910544046991e-02   2.6581428297666986e-02   3.3234899906537677e-02   3.9957651203188838e-02   4.6703693435844081e-02   5.3426323827275142e-02   6.0078622282285839e-02   6.6613870889019919e-02   7.2985912305619058e-02   7.9149486378904524e-02   8.5060564795156085e-02   9.0676721896000831e-02   9.5957552600912641e-02   1.0086516198235497e-01   1.0536471385495176e-01   1.0942503733523745e-01   1.1301924925486702e-01   1.1612537319065992e-01   1.1872689945500521e-01   1.2081327422625697e-01   1.2238027217675723e-01   1.2343026317454719e-01   1.2397234335706807e-01   1.2402235728591764e-01   1.2360278612263068e-01   1.2274252796928700e-01   1.2147654790807144e-01   1.1984542026632258e-01   1.1789473981361653e-01   1.1567442357294369e-01   1.1323788415193334e-01   1.1064110163241178e-01   1.0794158887622410e-01   1.0519729647620318e-01   1.0246549274409644e-01   9.9801734820776811e-02   9.7259049402075581e-02   9.4887485076373734e-02   9.2733923187039075e-02   9.0841602526613288e-02   8.9248238252689724e-02   8.7982152711812214e-02   8.7057141118434461e-02   8.6467998150660655e-02   8.6188331439492796e-02   8.6171394862170056e-02   8.6353794979112677e-02   8.6661301254383927e-02   8.7015544498598371e-02   8.7340142984028965e-02   8.7565030875071434e-02   8.7628307944016923e-02   8.7475723843591036e-02   8.7058458567898955e-02   8.6330132233511284e-02   8.5243935937100945e-02   8.3750766774886964e-02   8.1799434710070118e-02   7.9340422310600844e-02   7.6334627255410070e-02   7.2766522572970380e-02   6.8656747021831444e-02   6.4066776374348655e-02   5.9093177277880299e-02   5.3856187065305365e-02   4.8488522758722528e-02   4.3126836808400987e-02   3.7905242811232545e-02   3.2949321480632156e-02   2.8369001814384322e-02   2.4249366463190661e-02   2.0639891947573381e-02   1.7545316159460429e-02   1.4923150655485024e-02   1.2691026847787092e-02   1.0741342698270324e-02   8.9572392479365937e-03   7.2253470199632602e-03   5.4442815695120439e-03   3.5298392723531816e-03   1.4181400374372530e-03  -9.3254823951173169e-04  -3.5410561036002715e-03  -6.4037319650108795e-03  -9.4961592474190580e-03
  -1.0187597295641143e-02  -1.3715761498394582e-02  -1.7315643776652033e-02  -2.0917395582843328e-02  -2.4452169191478655e-02  -2.7856043914500785e-02  -3.1073359290600247e-02  -3.4059351201940612e-02  -3.6781902719227405e-02  -3.9222170966860856e-02  -4.1373930642429363e-02  -4.3241756718767614e-02  -4.4838380880872407e-02  -4.6181743297134072e-02  -4.7292138966261908e-02  -4.8189769627837241e-02  -4.8892785862964132e-02  -4.9415854467824462e-02  -4.9769175366515886e-02  -4.9957907150719377e-02  -4.9981918385266812e-02  -4.9835843829078949e-02  -4.9509404688805589e-02  -4.8988019243415178e-02  -4.8253708399274758e-02  -4.7286336548067652e-02  -4.6065125244007799e-02  -4.4570273479136849e-02  -4.2784336759728182e-02  -4.0693028379006541e-02  -3.8285331934454617e-02  -3.5553134739071915e-02  -3.2490770921325143e-02  -2.9094744343880926e-02  -2.5363758215965627e-02  -2.1299000876882190e-02  -1.6904623396061642e-02  -1.2188293136373360e-02  -7.1617555215067880e-03  -1.8412975883883437e-03   3.7519367787393690e-03   9.5918646305432238e-03   1.5647620826192934e-02   2.1883966950386670e-02   2.8261885181223724e-02   3.4739300500516761e-02   4.1271841366618031e-02   4.7813580808054798e-02   5.4317715492835053e-02   6.0737164753305317e-02   6.7025099539370747e-02   7.3135408936210455e-02   7.9023138821300284e-02   8.4644912943661665e-02   8.9959374355492325e-02   9.4927646376337493e-02   9.9513840634259457e-02   1.0368558898730387e-01   1.0741461034226255e-01   1.1067726348519537e-01   1.1345508400975232e-01   1.1573524388151095e-01   1.1751093427873255e-01   1.1878161810100550e-01   1.1955317189388623e-01   1.1983788393226856e-01   1.1965434581470652e-01   1.1902722135603766e-01   1.1798693394110488e-01   1.1656925489722084e-01   1.1481482355061444e-01   1.1276857781759586e-01   1.1047911431602214e-01   1.0799795797242957e-01   1.0537875860251153e-01   1.0267640495020158e-01   9.9946089439537505e-02   9.7242342002853033e-02   9.4618108240847904e-02   9.2123943892511467e-02   8.9807432403506762e-02   8.7712741587982923e-02   8.5879903511295430e-02   8.4342900100495721e-02   8.3126103586192227e-02   8.2239857430571661e-02   8.1677055774780530e-02   8.1411994507630814e-02   8.1401739357249689e-02   8.1589553284882627e-02   8.1909660259824296e-02   8.2292453560058473e-02   8.2669166590261550e-02   8.2975193127084720e-02   8.3151610331799575e-02   8.3144972703375189e-02   8.2905816327473056e-02   8.2386536366201579e-02   8.1539342684153915e-02   8.0315075728839488e-02   7.8663851959738101e-02   7.6538803883006518e-02   7.3903978784893506e-02   7.0745665943963115e-02   6.7082837139381318e-02   6.2970736618568210e-02   5.8495761111322223e-02   5.3765581364466582e-02   4.8899358108732811e-02   4.4020088323410415e-02   3.9248681283520409e-02   3.4698529836474645e-02   3.0469333344284581e-02   2.6639423077214751e-02   2.3256805103059081e-02   2.0330986588619121e-02   1.7829225108690387e-02   1.5680472336141463e-02   1.3786524709099274e-02   1.2036373592387926e-02   1.0319249023863636e-02   8.5343391076387123e-03   6.5972419658759524e-03   4.4440595392478098e-03   2.0337747124341762e-03  -6.5081117141607692e-04  -3.6036487697724828e-03  -6.7975336432419282e-03
  -8.0069779844617467e-03  -1.1623757225251177e-02  -1.5312130457430087e-02  -1.9002875071322506e-02  -2.2627582695573405e-02  -2.6122061481622230e-02  -2.9429294714962320e-02  -3.2501983922884628e-02  -3.5304571138165097e-02  -3.7814447518028392e-02  -4.0021992359997489e-02  -4.1929289363706324e-02  -4.3547701374467042e-02  -4.4894848772869839e-02  -4.5991534121787671e-02  -4.6859063429219402e-02  -4.7517115182977035e-02  -4.7982204986394328e-02  -4.8266645545556014e-02  -4.8377937370812557e-02  -4.8318482338317856e-02  -4.8085583077922954e-02  -4.7671669231038223e-02  -4.7064764278654907e-02  -4.6249189043807287e-02  -4.5206560732717407e-02  -4.3917090757829430e-02  -4.2361150639828746e-02  -4.0520879983906119e-02  -3.8381487460321592e-02  -3.5931900087950767e-02  -3.3164704065990459e-02  -3.0075665985745091e-02  -2.6663221584483178e-02  -2.2928210105481024e-02  -1.8873904225256852e-02  -1.4506291269578090e-02  -9.8344897174480195e-03  -4.8712201160610591e-03   3.6676895565218581e-04   5.8583747415960515e-03   1.1577985372195353e-02   1.7495516296625459e-02   2.3576666687343265e-02   2.9783363545727592e-02   3.6074362810022922e-02   4.2405940153967148e-02   4.8732618485379763e-02   5.5007882863067854e-02   6.1184850015713818e-02   6.7216888118205212e-02   7.3058178796245460e-02   7.8664249051241392e-02   8.3992472016265723e-02   8.9002574789608740e-02   9.3657142296888651e-02   9.7922151010587433e-02   1.0176750194546595e-01   1.0516757098687105e-01   1.0810172331057485e-01   1.1055479397603350e-01   1.1251746785092429e-01   1.1398656076801267e-01   1.1496514836690760e-01   1.1546256527984169e-01   1.1549425423960362e-01   1.1508151197912632e-01   1.1425113240161555e-01   1.1303499443381354e-01   1.1146959395900023e-01   1.0959554800870379e-01   1.0745705574191129e-01   1.0510132748718570e-01   1.0257795983546383e-01   9.9938265006742355e-02   9.7234541062016927e-02   9.4519300795263161e-02   9.1844464592127473e-02   8.9260557230840559e-02   8.6815933366019130e-02   8.4556071512376887e-02   8.2522840340244333e-02   8.0753422941377676e-02   7.9278246067134794e-02   7.8117696965505551e-02   7.7278489259362620e-02   7.6751330044697974e-02   7.6510745877576614e-02   7.6516886210527102e-02   7.6718664243568033e-02   7.7057610865904541e-02   7.7471849781101970e-02   7.7899582256271124e-02   7.8281582841620984e-02   7.8562417545839786e-02   7.8690425911348588e-02   7.8616752989327493e-02   7.8293909198870748e-02   7.7674407960336395e-02   7.6710154063554123e-02   7.5353413814210096e-02   7.3560399849261132e-02   7.1298212933749855e-02   6.8554349850569879e-02   6.5345183946258614e-02   6.1718736789222323e-02   5.7750371384991964e-02   5.3534528916150473e-02   4.9176356073602712e-02   4.4784913551687247e-02   4.0467741371775820e-02   3.6325875421896477e-02   3.2448389346620934e-02   2.8905918269482741e-02   2.5743273343569156e-02   2.2972499990800782e-02   2.0568877584020775e-02   1.8472593801298905e-02   1.6596668749124223e-02   1.4838964898398276e-02   1.3094624068209909e-02   1.1266467540184330e-02   9.2725315134812823e-03   7.0510779485180169e-03   4.5634722244875352e-03   1.7951805907091278e-03  -1.2450854107078427e-03  -4.5278999216370117e-03
  -6.2538141667871430e-03  -9.9252039349998836e-03  -1.3664102117114586e-02  -1.7403939748990446e-02  -2.1078683820409727e-02  -2.4625684262208410e-02  -2.7988169137504154e-02  -3.1117514432722711e-02  -3.3975315278340447e-02  -3.6535050370504626e-02  -3.8782925956840304e-02  -4.0717445796350511e-02  -4.2347568979949804e-02  -4.3689828953718028e-02  -4.4765074705254426e-02  -4.5595481732668017e-02  -4.6202149427379172e-02  -4.6603382263659461e-02  -4.6813550630634880e-02  -4.6842429681951361e-02  -4.6694881751188508e-02  -4.6370818238623400e-02  -4.5865369857998127e-02  -4.5169259303527373e-02  -4.4269362059366546e-02  -4.3149502653136607e-02  -4.1791512436912481e-02  -4.0176588009404920e-02  -3.8286863735672916e-02  -3.6106976134592565e-02  -3.3625232691518174e-02  -3.0834080943616431e-02  -2.7729891475380755e-02  -2.4312385721318885e-02  -2.0584113193945160e-02  -1.6550195389533808e-02  -1.2218368486436135e-02  -7.5992362477323439e-03  -2.7066311554277134e-03   2.4420162225116185e-03   7.8253678283108745e-03   1.3417992153241822e-02   1.9190335320403248e-02   2.5108874016452072e-02   3.1136444160072010e-02   3.7232728057651626e-02   4.3354859606347114e-02   4.9458102150920960e-02   5.5496556919007151e-02   6.1423862320858655e-02   6.7193870057025443e-02   7.2761278889292264e-02   7.8082241755211279e-02   8.3114939328091372e-02   8.7820150191056531e-02   9.2161808628698966e-02   9.6107576790468691e-02   9.9629405807332455e-02   1.0270409479086445e-01   1.0531379791757639e-01   1.0744646632121514e-01   1.0909616431803326e-01   1.1026324629930628e-01   1.1095435607690968e-01   1.1118226731177369e-01   1.1096556955552245e-01   1.1032825070319080e-01   1.0929920543087106e-01   1.0791172065583968e-01   1.0620295396344295e-01   1.0421342913516685e-01   1.0198653931647259e-01   9.9568056158106016e-02   9.7005622856880955e-02   9.4348223838856576e-02   9.1645613695217010e-02   8.8947708487535762e-02   8.6303931853025789e-02   8.3762524191518556e-02   8.1369799009453916e-02   7.9169320593121678e-02   7.7200878363586981e-02   7.5499012602877266e-02   7.4090721817971467e-02   7.2992437830749629e-02   7.2207225279912232e-02   7.1723533695198835e-02   7.1515892324273911e-02   7.1547019916531257e-02   7.1770657474195282e-02   7.2134644920230806e-02   7.2583903452239751e-02   7.3062984259533989e-02   7.3517901746429776e-02   7.3897073781170108e-02   7.4151398897774945e-02   7.4233657650444776e-02   7.4097585718038303e-02   7.3697045966917785e-02   7.2985857353471018e-02   7.1918960901059079e-02   7.0455728943335114e-02   6.8565902038813159e-02   6.6237386007796578e-02   6.3483038498793304e-02   6.0342872849372925e-02   5.6880666329839707e-02   5.3177290010009350e-02   4.9323702923235332e-02   4.5414987315219327e-02   4.1545373276509499e-02   3.7803633526166086e-02   3.4268204267420513e-02   3.1001658463945835e-02   2.8044624166140376e-02   2.5410057125860072e-02   2.3079567880123483e-02   2.1003844996048730e-02   1.9108094538537256e-02   1.7301578408984344e-02   1.5488721508003164e-02   1.3579442862328647e-02   1.1497300660666874e-02   9.1851475217627765e-03   6.6083321012550544e-03   3.7556358548773081e-03   6.3812455223525438e-04  -2.7136897461756439e-03
  -4.9207828848514198e-03  -8.6118943632026573e-03  -1.2362954608434146e-02  -1.6111550507488477e-02  -1.9795476042653706e-02  -2.3355094402183384e-02  -2.6735391155273083e-02  -2.9887881578877257e-02  -3.2772494019020285e-02  -3.5359378211499662e-02  -3.7630348731479205e-02  -3.9579409994078975e-02  -4.1211878246174623e-02  -4.2542055357537321e-02  -4.3590017633171760e-02  -4.4378326486340408e-02  -4.4929259220778131e-02  -4.5262794084275679e-02  -4.5395294928796126e-02  -4.5338753787946696e-02  -4.5100429529796295e-02  -4.4682776383464864e-02  -4.4083579336498348e-02  -4.3296265608334605e-02  -4.2310373595772388e-02  -4.1112202598534431e-02  -3.9685671703308216e-02  -3.8013439992434062e-02  -3.6078289108878732e-02  -3.3864677316492925e-02  -3.1360198079335697e-02  -2.8556574724469437e-02  -2.5449939922683171e-02  -2.2040482001443602e-02  -1.8331827514938462e-02  -1.4330529429809190e-02  -1.0045837289179734e-02  -5.4897412398602630e-03  -6.7719182569242475e-04   4.3736090408358838e-03   9.6409371579193777e-03   1.5099355729982115e-02   2.0719651663512407e-02   2.6468922211671873e-02   3.2310821993900327e-02   3.8205958073000076e-02   4.4112412773104917e-02   4.9986357832293951e-02   5.5782728137945603e-02   6.1455916636495814e-02   6.6960471349640005e-02   7.2251772262464764e-02   7.7286691039958888e-02   8.2024227946158226e-02   8.6426142803725209e-02   9.0457578026490973e-02   9.4087686426192363e-02   9.7290247421366965e-02   1.0004425969848427e-01   1.0233446720298808e-01   1.0415178112498888e-01   1.0549354283851643e-01   1.0636359756413320e-01   1.0677215577461741e-01   1.0673545867957654e-01   1.0627528112749812e-01   1.0541833355148304e-01   1.0419562117585585e-01   1.0264181965588239e-01   1.0079470183995248e-01   9.8694634361352382e-02   9.6384136209106241e-02   9.3907484181793469e-02   9.1310335853374683e-02   8.8639348680724137e-02   8.5941770326513567e-02   8.3264987030534560e-02   8.0656010694023450e-02   7.8160885211647782e-02   7.5823960898271703e-02   7.3686953497414859e-02   7.1787632599628462e-02   7.0157950257529411e-02   6.8821521678185893e-02   6.7790877218083911e-02   6.7065528764061785e-02   6.6631764787720066e-02   6.6464074534456394e-02   6.6527431648691210e-02   6.6779794625031474e-02   6.7174522496326994e-02   6.7662567580424632e-02   6.8194296098750079e-02   6.8720796377390717e-02   6.9194574764029751e-02   6.9569662526763720e-02   6.9801262829363886e-02   6.9845191347570251e-02   6.9657438748451678e-02   6.9194300057204977e-02   6.8413604700735584e-02   6.7277648657580097e-02   6.5758130686523253e-02   6.3842421515011016e-02   6.1538976522585845e-02   5.8879219887845669e-02   5.5915102575555306e-02   5.2713920104790139e-02   4.9352568855694737e-02   4.5912355993947246e-02   4.2474467243396152e-02   3.9115716253350738e-02   3.5904167457799133e-02   3.2894390268570120e-02   3.0122452333269961e-02   2.7601278023819988e-02   2.5317548975963687e-02   2.3231585861798229e-02   2.1281107269830395e-02   1.9388593111023172e-02   1.7470692589530660e-02   1.5447750619795666e-02   1.3251873155619341e-02   1.0832741218519005e-02   8.1608895424154990e-03   5.2285498380222374e-03   2.0483729157457740e-03  -1.3494176171853414e-03
  -3.9799023184072871e-03  -7.6592897046506778e-03  -1.1387940827341833e-02  -1.5108588380295621e-02  -1.8763824823698781e-02  -2.2298073447864122e-02  -2.5659280768145130e-02  -2.8800482383761955e-02  -3.1681385245768648e-02  -3.4270040070453450e-02  -3.6544494017480139e-02  -3.8494019703725971e-02  -4.0119303030392107e-02  -4.1431107165059301e-02  -4.2447555972019518e-02  -4.3190769902195954e-02  -4.3683724225350697e-02  -4.3947827819006288e-02  -4.4001320940338887e-02  -4.3858345546300415e-02  -4.3528501269686742e-02  -4.3016726617348289e-02  -4.2323405062673826e-02  -4.1444634231942841e-02  -4.0372635913138770e-02  -3.9096306119787143e-02  -3.7601931638646793e-02  -3.5874108338994480e-02  -3.3896899620038570e-02  -3.1655217664746771e-02  -2.9136307231349797e-02  -2.6331046913444969e-02  -2.3234740933081227e-02  -1.9847215362995777e-02  -1.6172375325074775e-02  -1.2217584744210225e-02  -7.9931908245875899e-03  -3.5123254704151827e-03   1.2090598545013848e-03   6.1520172617953797e-03   1.1294392548909928e-02   1.6610652376111201e-02   2.2071809200630066e-02   2.7645467340007633e-02   3.3296011367689608e-02   3.8984929638813552e-02   4.4671265395918744e-02   5.0312166167291728e-02   5.5863509117727216e-02   6.1280568969744896e-02   6.6518709679807025e-02   7.1534078850170255e-02   7.6284300961255325e-02   8.0729165583707477e-02   8.4831317881210219e-02   8.8556953870130170e-02   9.1876520615301563e-02   9.4765406885213427e-02   9.7204595627119250e-02   9.9181231347866147e-02   1.0068904389561235e-01   1.0172857089074666e-01   1.0230713327845119e-01   1.0243854953023623e-01   1.0214261009117701e-01   1.0144437085660896e-01   1.0037334864436064e-01   9.8962709109681260e-02   9.7248523742680837e-02   9.5269144284259422e-02   9.3064712024739565e-02   9.0676788856372093e-02   8.8148078417236167e-02   8.5522196219398078e-02   8.2843449149661491e-02   8.0156588746002372e-02   7.7506510661155548e-02   7.4937867623481091e-02   7.2494552214001917e-02   7.0218967883585670e-02   6.8150957043669802e-02   6.6326206559736062e-02   6.4774005814096147e-02   6.3514545783473000e-02   6.2556513588587076e-02   6.1896052077021188e-02   6.1517520206755119e-02   6.1395482795376002e-02   6.1497032220054079e-02   6.1783936487907913e-02   6.2214491976333892e-02   6.2745091709030990e-02   6.3331484079114500e-02   6.3929668574234266e-02   6.4496379542911417e-02   6.4989180722744150e-02   6.5366261260983202e-02   6.5586119095176032e-02   6.5607378691966881e-02   6.5389084306671730e-02   6.4891866438033824e-02   6.4080419875846006e-02   6.2927491210014661e-02   6.1418872977299359e-02   5.9557806170204231e-02   5.7366779754229325e-02   5.4886000207346533e-02   5.2169517952790477e-02   4.9280589066943027e-02   4.6287192962884048e-02   4.3257934278692053e-02   4.0258152280059828e-02   3.7346014037883103e-02   3.4568451379317328e-02   3.1957058826272464e-02   2.9524394650612597e-02   2.7261510270095681e-02   2.5137693339610467e-02   2.3103158556101198e-02   2.1094668884226002e-02   1.9043173227359454e-02   1.6882004968096574e-02   1.4554202509850650e-02   1.2017960188632083e-02   9.2497432854623980e-03   6.2450820140590585e-03   3.0174003944032045e-03  -4.0453475799827505e-04
  -3.3924020398758900e-03  -7.0341154750149376e-03  -1.0711549609750071e-02  -1.4373195477403830e-02  -1.7967060149595870e-02  -2.1442316279369371e-02  -2.4750714476093297e-02  -2.7847879335074766e-02  -3.0694609156200939e-02  -3.3258295379465175e-02  -3.5514472489186724e-02  -3.7448324714857532e-02  -3.9055654034282732e-02  -4.0342670197368799e-02  -4.1324229350048355e-02  -4.2020856183543502e-02  -4.2455426989885622e-02  -4.2650322647737049e-02  -4.2625424551331323e-02  -4.2396908652489754e-02  -4.1976648290557889e-02  -4.1372014233357637e-02  -4.0585937949726196e-02  -3.9617143404638740e-02  -3.8460514739876814e-02  -3.7107578872025981e-02  -3.5547122845046214e-02  -3.3765963662764416e-02  -3.1749915062357269e-02  -2.9484956493267340e-02  -2.6958578396590060e-02  -2.4161135524904856e-02  -2.1086960819472318e-02  -1.7734935612991984e-02  -1.4108447290464034e-02  -1.0214901258360928e-02  -6.0651401028101112e-03  -1.6730222795098004e-03   2.9447547077431288e-03   7.7686329812274371e-03   1.2776079416846102e-02   1.7941456898869633e-02   2.3235956326426520e-02   2.8627622103306848e-02   3.4081500784983038e-02   3.9559909757615051e-02   4.5022827078033942e-02   5.0428379966252115e-02   5.5733417727750034e-02   6.0894140820072995e-02   6.5866771569020752e-02   7.0608247545374855e-02   7.5076933796855497e-02   7.9233350196644445e-02   8.3040918748829989e-02   8.6466731764752780e-02   8.9482335488782219e-02   9.2064510207401751e-02   9.4196005190053278e-02   9.5866170837998130e-02   9.7071411304574334e-02   9.7815384543831291e-02   9.8108891045642840e-02   9.7969434707933248e-02   9.7420485991391970e-02   9.6490532306458363e-02   9.5212032686133624e-02   9.3620403200958505e-02   9.1753138193916492e-02   8.9649131788606645e-02   8.7348214802580690e-02   8.4890880560142837e-02   8.2318147997607741e-02   7.9671498834904875e-02   7.6992831369748105e-02   7.4324379940443136e-02   7.1708558308520937e-02   6.9187680945712399e-02   6.6803498662671504e-02   6.4596437909438836e-02   6.2604376327694791e-02   6.0860761713742481e-02   5.9392042128534453e-02   5.8214875038942668e-02   5.7334175409377144e-02   5.6742987784628732e-02   5.6424090670209898e-02   5.6352365571766594e-02   5.6497031292213548e-02   5.6823427526333237e-02   5.7294387839310568e-02   5.7871316002646736e-02   5.8515010765351233e-02   5.9186237980489415e-02   5.9846030804986197e-02   6.0455740885943729e-02   6.0976905858943851e-02   6.1371069258398789e-02   6.1599728950499644e-02   6.1624663874367533e-02   6.1408922459069183e-02   6.0918803308370531e-02   6.0127011255943476e-02   5.9016698398523283e-02   5.7585235526008437e-02   5.5846109918723401e-02   5.3828193285240793e-02   5.1572938511238682e-02   4.9130656644544454e-02   4.6556666159483763e-02   4.3907625795238506e-02   4.1238029929670267e-02   3.8596771858959947e-02   3.6023713434494689e-02   3.3546371650962942e-02   3.1177038310308141e-02   2.8910902028840949e-02   2.6725835668107004e-02   2.4584384996364207e-02   2.2438010759100450e-02   2.0233042284190622e-02   1.7917295589744444e-02   1.5446202238899646e-02   1.2787505582787760e-02   9.9240277168034866e-03   6.8544510683660222e-03   3.5924294371566766e-03   1.6453567032756466e-04
  -3.1170875579112425e-03  -6.7008473280262687e-03  -1.0304240010705498e-02  -1.3881878051161110e-02  -1.7387561634734178e-02  -2.0775644020022487e-02  -2.4002222471175116e-02  -2.7026234085921523e-02  -2.9810543504819629e-02  -3.2323124092386982e-02  -3.4538390625518278e-02  -3.6438656409588363e-02  -3.8015441292783225e-02  -3.9270114570506970e-02  -4.0213246239192819e-02  -4.0862499253222384e-02  -4.1239562641483277e-02  -4.1367053932004363e-02  -4.1266070701186111e-02  -4.0954605055857726e-02  -4.0446693241274721e-02  -3.9752076240131849e-02  -3.8876186198655155e-02  -3.7820332981905430e-02  -3.6582029767777913e-02  -3.5155426360970313e-02  -3.3531853944271967e-02  -3.1700490713181734e-02  -2.9649180223046294e-02  -2.7365417125202948e-02  -2.4837506726083348e-02  -2.2055816639057250e-02  -1.9013976338214549e-02  -1.5709761141413023e-02  -1.2145484882178408e-02  -8.3278449229513135e-03  -4.2674544968468384e-03   2.1681150015193801e-05   4.5225246989644419e-03   9.2151698287588242e-03   1.4076852268486227e-02   1.9081899162256857e-02   2.4201692455392176e-02   2.9404695043049441e-02   3.4656574004139989e-02   3.9920429437189181e-02   4.5157133498729032e-02   5.0325765324177124e-02   5.5384132112565751e-02   6.0289355617587054e-02   6.4998513239714770e-02   6.9469319504291832e-02   7.3660845717736526e-02   7.7534276015170406e-02   8.1053704055413706e-02   8.4186971072419015e-02   8.6906536279646424e-02   8.9190355428507298e-02   9.1022717090116473e-02   9.2394965025099599e-02   9.3306009694040654e-02   9.3762535140545056e-02   9.3778819727243112e-02   9.3376144107059328e-02   9.2581822668148406e-02   9.1427970918312160e-02   8.9950170595602827e-02   8.8186210064133436e-02   8.6175046229246127e-02   8.3956070131091548e-02   8.1568689590474974e-02   7.9052179586790700e-02   7.6445719542453938e-02   7.3788524859101728e-02   7.1119991350970566e-02   6.8479783852611456e-02   6.5907815577166101e-02   6.3444058200576664e-02   6.1128101805310191e-02   5.8998328361009100e-02   5.7090504509187082e-02   5.5435609067363056e-02   5.4056995267182897e-02   5.2967647876695723e-02   5.2168826425288875e-02   5.1650841512121043e-02   5.1395339953690666e-02   5.1377855214555845e-02   5.1569845274526405e-02   5.1940111842776013e-02   5.2455769033535854e-02   5.3082932572463978e-02   5.3787209495135470e-02   5.4534011743903300e-02   5.5288692320761668e-02   5.6016526739607518e-02   5.6682586186524754e-02   5.7251596848108224e-02   5.7687904105556811e-02   5.7955712374779547e-02   5.8019807062768984e-02   5.7847052671979732e-02   5.7408924218555951e-02   5.6684973097598249e-02   5.5666311401254116e-02   5.4357687662458104e-02   5.2777362849949036e-02   5.0955107205741444e-02   4.8929199496465375e-02   4.6743133010171356e-02   4.4442382773716788e-02   4.2071320153666519e-02   3.9670265341431130e-02   3.7272669608759704e-02   3.4902516221639659e-02   3.2572159442858656e-02   3.0280971837486979e-02   2.8015227416472145e-02   2.5749570156935131e-02   2.3450117770292548e-02   2.1078864184087328e-02   1.8598668766329218e-02   1.5977991045187726e-02   1.3194619648402659e-02   1.0237964595387124e-02   7.1098233511077552e-03   3.8238428024730473e-03   4.0405575797933767e-04
  -3.1153547902754014e-03  -6.6257257351842250e-03  -1.0137517813777641e-02  -1.3611671301333970e-02  -1.7008001503308764e-02  -2.0286296541469122e-02  -2.3407319157320201e-02  -2.6333754290982760e-02  -2.9031156790891507e-02  -3.1468961429576989e-02  -3.3621617260145564e-02  -3.5469867627083297e-02  -3.7002074210075044e-02  -3.8215272662590130e-02  -3.9115411207034607e-02  -3.9716300082259223e-02  -4.0037264031929795e-02  -4.0100174524500140e-02  -3.9926687584060469e-02  -3.9536235023676619e-02  -3.8944819514430615e-02  -3.8164454744855289e-02  -3.7203018722877582e-02  -3.6064369795787463e-02  -3.4748618326921749e-02  -3.3252515794584839e-02  -3.1569938206426298e-02  -2.9692476577709032e-02  -2.7610142840565632e-02  -2.5312215747372777e-02  -2.2788227298899361e-02  -2.0029067815721349e-02  -1.7028121306756183e-02  -1.3782269124951542e-02  -1.0292577617952603e-02  -6.5645227343186126e-03  -2.6078038862516889e-03   1.5640951234330222e-03   5.9343402896797036e-03   1.0483066842272501e-02   1.5187533774588945e-02   2.0022183782477786e-02   2.4958662930431245e-02   2.9965873136864024e-02   3.5010087962612443e-02   4.0055158434323598e-02   4.5062811359088163e-02   4.9993040465441896e-02   5.4804579666769271e-02   5.9455449071381797e-02   6.3903562852801854e-02   6.8107393507527356e-02   7.2026689734416185e-02   7.5623251882519019e-02   7.8861767765501398e-02   8.1710712474654418e-02   8.4143300127486526e-02   8.6138463909101751e-02   8.7681803886369716e-02   8.8766422664875944e-02   8.9393528670502848e-02   8.9572688242822621e-02   8.9321610488539399e-02   8.8665418320171649e-02   8.7635432521330450e-02   8.6267614009152449e-02   8.4600878242604927e-02   8.2675533158508369e-02   8.0532042876967996e-02   7.8210232931465451e-02   7.5748940205667609e-02   7.3186027022948463e-02   7.0558633798328843e-02   6.7903537503283526e-02   6.5257505310188479e-02   6.2657556489769700e-02   6.0141066045424733e-02   5.7745640519320310e-02   5.5508668595027587e-02   5.3466388668660672e-02   5.1652261834736313e-02   5.0094508997606493e-02   4.8813093463119420e-02   4.7817210226288522e-02   4.7104667895374319e-02   4.6663515057235511e-02   4.6474793152541341e-02   4.6515075893583974e-02   4.6758234146448120e-02   4.7176508658191327e-02   4.7741143891254126e-02   4.8422773114272788e-02   4.9191644096668902e-02   5.0017718211259707e-02   5.0870650646821253e-02   5.1719671620905003e-02   5.2533400693222654e-02   5.3279654913367190e-02   5.3925320080609060e-02   5.4436403310294382e-02   5.4778452018819201e-02   5.4917683566753951e-02   5.4823199922729535e-02   5.4470259281304542e-02   5.3843699211571748e-02   5.2940135966646831e-02   5.1768209366438507e-02   5.0347115027851094e-02   4.8704155683167216e-02   4.6871937683666251e-02   4.4885579672960675e-02   4.2780079238837448e-02   4.0587882070040091e-02   3.8336672331960461e-02   3.6047445628276123e-02   3.3732994672497865e-02   3.1397017615243578e-02   2.9034090166106141e-02   2.6630693386976448e-02   2.4167320806981186e-02   2.1621457392096182e-02   1.8970989818322577e-02   1.6197504880311891e-02   1.3288968392950695e-02   1.0241469197298857e-02   7.0599354869099150e-03   3.7579473643452772e-03   3.5687929468570384e-04
  -3.3533267785725573e-03  -6.7785929796409239e-03  -1.0185463728674966e-02  -1.3541323209502812e-02  -1.6812119385626573e-02  -1.9963202868377578e-02  -2.2960158939478233e-02  -2.5769642860859119e-02  -2.8360238499014111e-02  -3.0703369644144538e-02  -3.2774301586037599e-02  -3.4553255841958813e-02  -3.6026616683865621e-02  -3.7188070571292364e-02  -3.8039332944425588e-02  -3.8589973883966656e-02  -3.8856019875117984e-02  -3.8857537841434954e-02  -3.8615885678017867e-02  -3.8151368715582092e-02  -3.7481634779736435e-02  -3.6620803572697300e-02  -3.5579117744730909e-02  -3.4362941666328542e-02  -3.2974956125353533e-02  -3.1414493181129821e-02  -2.9677962117689336e-02  -2.7759376260952883e-02  -2.5650971036642687e-02  -2.3343942500027373e-02  -2.0829295799336147e-02  -1.8098811162309374e-02  -1.5146062379677735e-02  -1.1967412856466814e-02  -8.5628313605580902e-03  -4.9364011419707025e-03  -1.0964442408244075e-03   2.9446791415916121e-03   7.1709367260952943e-03   1.1562998272526201e-02   1.6098507581426044e-02   2.0752259363305273e-02   2.5496304702121560e-02   3.0300053535405592e-02   3.5130405522832336e-02   3.9951950108344070e-02   4.4727240178135633e-02   4.9417150554457258e-02   5.3981312325711725e-02   5.8378622978422556e-02   6.2567823199495026e-02   6.6508141633875334e-02   7.0160006165242039e-02   7.3485829750600584e-02   7.6450874305508065e-02   7.9024198775224166e-02   8.1179680041412489e-02   8.2897083139557307e-02   8.4163119552639221e-02   8.4972406887469251e-02   8.5328192198435932e-02   8.5242694524080675e-02   8.4736905568514098e-02   8.3839763310588816e-02   8.2586696421533129e-02   8.1017706336063949e-02   7.9175258768461348e-02   7.7102341691205417e-02   7.4840974450146022e-02   7.2431338088643660e-02   6.9911515864331836e-02   6.7317720440735113e-02   6.4684811907042478e-02   6.2046924664060546e-02   5.9438050177436488e-02   5.6892473841526861e-02   5.4444987365881818e-02   5.2130801890587303e-02   4.9985048050435701e-02   4.8041690848697936e-02   4.6331645911635896e-02   4.4880046093056430e-02   4.3703175352223601e-02   4.2806408188059419e-02   4.2184436206199029e-02   4.1823616488632330e-02   4.1704951762518316e-02   4.1806458326839782e-02   4.2104616584319611e-02   4.2575134513197041e-02   4.3193310831942104e-02   4.3934180012931603e-02   4.4772522051104102e-02   4.5682769134145824e-02   4.6638820460185443e-02   4.7613783823561046e-02   4.8579661375197883e-02   4.9507014517014072e-02   5.0364645934059066e-02   5.1119411071543788e-02   5.1736395739770430e-02   5.2179927234953065e-02   5.2415841276218289e-02   5.2414843683857529e-02   5.2155908514147711e-02   5.1628433577426372e-02   5.0832609012155909e-02   4.9778267914916977e-02   4.8482855818545459e-02   4.6969064872192823e-02   4.5262487851848512e-02   4.3389462131804786e-02   4.1375181049640136e-02   3.9242098459491330e-02   3.7008655968762932e-02   3.4688375096817790e-02   3.2289387301490897e-02   2.9814480288312000e-02   2.7261721792108728e-02   2.4625649284472591e-02   2.1898919437529359e-02   1.9074205021365635e-02   1.6146076370276746e-02   1.3112608541921662e-02   9.9765394532607167e-03   6.7459035111062104e-03   3.4341733207958781e-03   5.9999959447713802e-05
  -3.8021545560348730e-03  -7.1332725700085989e-03  -1.0425156544853924e-02  -1.3651706381764182e-02  -1.6785050395315342e-02  -1.9796134132409996e-02  -2.2655398581110091e-02  -2.5333530449572553e-02  -2.7802271629150586e-02  -3.0035286905873874e-02  -3.2009098369118374e-02  -3.3704097145491232e-02  -3.5105626194381928e-02  -3.6205062577029948e-02  -3.7000711733567365e-02  -3.7498162548326830e-02  -3.7709725583477828e-02  -3.7652804978675264e-02  -3.7347543041321180e-02  -3.6814392263685936e-02  -3.6072178046840431e-02  -3.5136862716203816e-02  -3.4020923614113463e-02  -3.2733169978308677e-02  -3.1278826895195101e-02  -2.9659791707222015e-02  -2.7874997941943327e-02  -2.5920877445464025e-02  -2.3791906567055959e-02  -2.1481254695972223e-02  -1.8981526829299197e-02  -1.6285610204554948e-02  -1.3387583007557054e-02  -1.0283645389559913e-02  -6.9729604478186297e-03  -3.4583164719238710e-03   2.5350704882768499e-04   4.1516702408344285e-03   8.2214594226277318e-03   1.2444589371808493e-02   1.6799521406856303e-02   2.1261720742797644e-02   2.5803856175809648e-02   3.0395967269888090e-02   3.5005639164844893e-02   3.9598214412208149e-02   4.4137063014923573e-02   4.8583920422227797e-02   5.2899297880990057e-02   5.7042963682585976e-02   6.0974497183983269e-02   6.4653914594550638e-02   6.8042374390535676e-02   7.1102965696445378e-02   7.3801591652512308e-02   7.6107947105009593e-02   7.7996588955320467e-02   7.9448070567593759e-02   8.0450090431865129e-02   8.0998561460303153e-02   8.1098468833733200e-02   8.0764340163580361e-02   8.0020134361463935e-02   7.8898393709082359e-02   7.7438603605505182e-02   7.5684906508607264e-02   7.3683503677479306e-02   7.1480227873743890e-02   6.9118710246998991e-02   6.6639400715478497e-02   6.4079421980625884e-02   6.1473067314744098e-02   5.8852647775761657e-02   5.6249433698341997e-02   5.3694488705956236e-02   5.1219279674809173e-02   4.8855975897855772e-02   4.6637362425917553e-02   4.4596242662957253e-02   4.2764148441309491e-02   4.1169172455311917e-02   3.9833016698303539e-02   3.8768064411944907e-02   3.7975985376487581e-02   3.7448835781894937e-02   3.7171922556211198e-02   3.7126771643157697e-02   3.7293215213565635e-02   3.7650530096399508e-02   3.8177944333516851e-02   3.8854786276494448e-02   3.9660435414936801e-02   4.0574139364111583e-02   4.1574726977429428e-02   4.2640228263138145e-02   4.3747417297960244e-02   4.4871288288717330e-02   4.5984489433317240e-02   4.7056758149773947e-02   4.8054533907572965e-02   4.8941111967921613e-02   4.9677902295582693e-02   5.0227058968564754e-02   5.0555002070700586e-02   5.0635641468892829e-02   5.0452281561115780e-02   4.9997916871396583e-02   4.9274251219564733e-02   4.8289986765933560e-02   4.7058853758741692e-02   4.5597702200934447e-02   4.3924837372697409e-02   4.2058689953374438e-02   4.0016848812240866e-02   3.7815446600994160e-02   3.5468857209249666e-02   3.2989645302954507e-02   3.0388696785291623e-02   2.7675465278350787e-02   2.4858287328310132e-02   2.1944747100996552e-02   1.8942090517253422e-02   1.5857697771456514e-02   1.2699608965102294e-02   9.4770791485697670e-03   6.2011150931975748e-03   2.8849413622467814e-03  -4.5565773535853442e-04
  -4.4373370540277887e-03  -7.6671336471409515e-03  -1.0836444583568069e-02  -1.3925743693908425e-02  -1.6913338043417346e-02  -1.9775722240904264e-02  -2.2488125830652322e-02  -2.5025203085105856e-02  -2.7361825834506463e-02  -2.9473949273077560e-02  -3.1339533878727878e-02  -3.2939513673719181e-02  -3.4258801635041802e-02  -3.5287293858722479e-02  -3.6020773122529610e-02  -3.6461501925651257e-02  -3.6618209538894414e-02  -3.6505207917298492e-02  -3.6140661629377006e-02  -3.5544395730139192e-02  -3.4735820140151592e-02  -3.3732365630906251e-02  -3.2548543235469067e-02  -3.1195513876852387e-02  -2.9681012734530377e-02  -2.8009493268118305e-02  -2.6182414086811153e-02  -2.4198627460877174e-02  -2.2054857920298723e-02  -1.9746269603857405e-02  -1.7267125068544685e-02  -1.4611532676632941e-02  -1.1774264952315219e-02  -8.7516136860132480e-03  -5.5422162136242008e-03  -2.1477762206601782e-03   1.4264117577680799e-03   5.1711791781566610e-03   9.0734563019699774e-03   1.3116425875675630e-02   1.7279787132609629e-02   2.1540033746889509e-02   2.5870720546924120e-02   3.0242696305728616e-02   3.4624336465885419e-02   3.8981786727796688e-02   4.3279251238949393e-02   4.7479328188646613e-02   5.1543412552296129e-02   5.5432161334031733e-02   5.9106035662286213e-02   6.2525914796330503e-02   6.5653798994156895e-02   6.8453598665878912e-02   7.0892028161575166e-02   7.2939595662731199e-02   7.4571695818190994e-02   7.5769769503877593e-02   7.6522499523764678e-02   7.6826949072619360e-02   7.6689533435765844e-02   7.6126636065237827e-02   7.5164660700346081e-02   7.3839274575434891e-02   7.2193706089315440e-02   7.0276146214449275e-02   6.8136623853441422e-02   6.5823966937597289e-02   6.3383497909585446e-02   6.0855865767059980e-02   5.8277025298227841e-02   5.5679068625733678e-02   5.3091479792855230e-02   5.0542445782646203e-02   4.8059965012481810e-02   4.5672621128079863e-02   4.3409939879440571e-02   4.1302256926955105e-02   3.9379967995599723e-02   3.7671983541098755e-02   3.6203273196221721e-02   3.4991803047208565e-02   3.4045973030630713e-02   3.3364055726280123e-02   3.2936083206170336e-02   3.2746964832628643e-02   3.2779256332134771e-02   3.3014918489076693e-02   3.3436182398710448e-02   3.4025856721727810e-02   3.4767310622409314e-02   3.5644255084906123e-02   3.6640367391781732e-02   3.7738779615384091e-02   3.8921444855001562e-02   4.0168398944258402e-02   4.1456939407248580e-02   4.2760765351764984e-02   4.4049205757524704e-02   4.5286841757615937e-02   4.6434018293201255e-02   4.7448702703698768e-02   4.8289571186700360e-02   4.8919509998853805e-02   4.9308430744439781e-02   4.9434757383653369e-02   4.9285535397834215e-02   4.8855530252743397e-02   4.8145766242515181e-02   4.7161909160680415e-02   4.5912774104930887e-02   4.4409148990255359e-02   4.2663029595567739e-02   4.0687298429406306e-02   3.8495795274486592e-02   3.6103659438161392e-02   3.3527744840301237e-02   3.0786883120589172e-02   2.7901789823314913e-02   2.4894522485033214e-02   2.1787550211580107e-02   1.8602654397997419e-02   1.5359952047510294e-02   1.2077308743437983e-02   8.7702798627425447e-03   5.4525658999357088e-03   2.1368336910229328e-03  -1.1643015934377022e-03
  -5.2375984103178348e-03  -8.3602638424060474e-03  -1.1401387284320878e-02  -1.4348074580443376e-02  -1.7184769744764836e-02  -1.9893402449499775e-02  -2.2453833429341801e-02  -2.4844515159491508e-02  -2.7043300224325585e-02  -2.9028338617166680e-02  -3.0779027209578674e-02  -3.2276982424577549e-02  -3.3507017389757268e-02  -3.4458094462174363e-02  -3.5124196109516850e-02  -3.5504994209740529e-02  -3.5606124398032638e-02  -3.5438835457359957e-02  -3.5018886706847621e-02  -3.4364816376849405e-02  -3.3495981024978749e-02  -3.2430811298767778e-02  -3.1185568213073962e-02  -2.9773624211409996e-02  -2.8205172231947108e-02  -2.6487216383108896e-02  -2.4623753281672989e-02  -2.2616073318018605e-02  -2.0463165512540051e-02  -1.8162206863545069e-02  -1.5709145952582090e-02  -1.3099367896321722e-02  -1.0328440435050601e-02  -7.3929036461612696e-03  -4.2910705068129502e-03  -1.0237664279274666e-03   2.4050508153779515e-03   5.9878612130352428e-03   9.7133634626301070e-03   1.3566465293626789e-02   1.7528428103460333e-02   2.1577105751417979e-02   2.5687220851712225e-02   2.9830648351723908e-02   3.3976700541927730e-02   3.8092419900982014e-02   4.2142898101945866e-02   4.6091632695015976e-02   4.9900937449437646e-02   5.3532411762469645e-02   5.6947481684620195e-02   6.0108015995270062e-02   6.2977029950949642e-02   6.5519478624316035e-02   6.7703150520113609e-02   6.9499655341303701e-02   7.0885504537587227e-02   7.1843257812176597e-02   7.2362707391703224e-02   7.2442028640234635e-02   7.2088811147533183e-02   7.1320804710037239e-02   7.0166171090033078e-02   6.8662943837817458e-02   6.6857440373558397e-02   6.4801510869653217e-02   6.2548925943060163e-02   6.0151612260729903e-02   5.7656691852630518e-02   5.5104986686820165e-02   5.2531104045468582e-02   4.9964665851447369e-02   4.7432065929914356e-02   4.4958212009594059e-02   4.2567933074029757e-02   4.0286899921571279e-02   3.8142000720802496e-02   3.6161107445527654e-02   3.4372116823345664e-02   3.2801110974509232e-02   3.1469649008344411e-02   3.0391760489392215e-02   2.9571980320920836e-02   2.9005682734572453e-02   2.8681553765286812e-02   2.8584705379319602e-02   2.8699131046049018e-02   2.9009150241124496e-02   2.9500065503414479e-02   3.0158326035743248e-02   3.0971378905955950e-02   3.1927282685420687e-02   3.3014107588247771e-02   3.4219132435130778e-02   3.5527862051027329e-02   3.6922900997707182e-02   3.8382762686695361e-02   3.9880750558968794e-02   4.1384200512652347e-02   4.2854518503939010e-02   4.4248463671959934e-02   4.5520736157649871e-02   4.6627313810998910e-02   4.7528616444809671e-02   4.8191725027188104e-02   4.8591374848443558e-02   4.8709842439087742e-02   4.8536071649830488e-02   4.8064409512891725e-02   4.7293290059656365e-02   4.6224121817703204e-02   4.4860573759745843e-02   4.3208371111448568e-02   4.1275637148972366e-02   3.9073698531987888e-02   3.6618149591936905e-02   3.3929831950204700e-02   3.1035321644274819e-02   2.7966552364356582e-02   2.4759413050827166e-02   2.1451460151185514e-02   1.8079202876299567e-02   1.4675576536781379e-02   1.1268176779534032e-02   7.8785770635359242e-03   4.5227427308620893e-03   1.2122822811436382e-03  -2.0438511230238300e-03
  -6.1836608164843460e-03  -9.1945529535211318e-03  -1.2103622365977319e-02  -1.4904664760455759e-02  -1.7588180269115905e-02  -2.0141353852737024e-02  -2.2548438394713145e-02  -2.4791424388168743e-02  -2.6850896205097435e-02  -2.8706994575299540e-02  -3.0340424794990439e-02  -3.1733468489479971e-02  -3.2870969808316081e-02  -3.3741269301951926e-02  -3.4337046521615303e-02  -3.4656002836216046e-02  -3.4701265038417778e-02  -3.4481351887530209e-02  -3.4009554539209230e-02  -3.3302711221054902e-02  -3.2379558163514482e-02  -3.1259012117410556e-02  -2.9958723285003572e-02  -2.8494077335022731e-02  -2.6877643505233032e-02  -2.5118969723217068e-02  -2.3224617789251778e-02  -2.1198357619949686e-02  -1.9041480729633232e-02  -1.6753210794673366e-02  -1.4331210643549017e-02  -1.1772177917512262e-02  -9.0725267054633171e-03  -6.2291303704828035e-03  -3.2400977514448134e-03  -1.0552583630162732e-04   3.1718211810014378e-03   6.5859740088112656e-03   1.0127394994936957e-02   1.3782815845539909e-02   1.7535249184771659e-02   2.1364147177118192e-02   2.5245645174259337e-02   2.9152862213940610e-02   3.3056221132175559e-02   3.6923792413214258e-02   4.0721653668824367e-02   4.4414285301709655e-02   4.7965003793938990e-02   5.1336454090634046e-02   5.4491162081770878e-02   5.7392165309822898e-02   6.0003720755541667e-02   6.2292103111437430e-02   6.4226486723814952e-02   6.5779914919453480e-02   6.6930339604187844e-02   6.7661719913189491e-02   6.7965145228423021e-02   6.7839947345229606e-02   6.7294725275745482e-02   6.6348173182160075e-02   6.5029513945057765e-02   6.3378249175080850e-02   6.1442850764710302e-02   5.9278100475710721e-02   5.6941148313746311e-02   5.4487004121749304e-02   5.1964706867303284e-02   4.9415290246535376e-02   4.6871886835957555e-02   4.4361416287914970e-02   4.1906948910806499e-02   3.9529957771642629e-02   3.7252044382678637e-02   3.5095981072849086e-02   3.3086054302188334e-02   3.1247668882926100e-02   2.9606124148950756e-02   2.8184468126215795e-02   2.7000627590297300e-02   2.6064670592870348e-02   2.5377611163134629e-02   2.4932561680199999e-02   2.4717518772081115e-02   2.4718279964138834e-02   2.4920558491873017e-02   2.5311175766187358e-02   2.5878580940856107e-02   2.6612920350477281e-02   2.7505771485332828e-02   2.8549563719621342e-02   2.9736682450335304e-02   3.1058259704519278e-02   3.2502704114816289e-02   3.4054086169482814e-02   3.5690593558677285e-02   3.7383386001560638e-02   3.9096300554016479e-02   4.0786788808778902e-02   4.2408162600628352e-02   4.3912692473504815e-02   4.5254796948914280e-02   4.6393599406025957e-02   4.7294480075912651e-02   4.7929589291264466e-02   4.8277521051867126e-02   4.8322436113807911e-02   4.8052944085275065e-02   4.7461026327305429e-02   4.6541249143141381e-02   4.5290467546702240e-02   4.3708163641346054e-02   4.1797466270989139e-02   3.9566757830869270e-02   3.7031573805166855e-02   3.4216293118089505e-02   3.1154980304509829e-02   2.7890799182908540e-02   2.4473727851260271e-02   2.0956808248483876e-02   1.7391660038216017e-02   1.3824255851401596e-02   1.0291877008178855e-02   6.8217884448935444e-03   3.4316685175222461e-03   1.3139915777379829e-04  -3.0743942775044641e-03
  -7.2571313445875252e-03  -1.0152887248578855e-02  -1.2927836144789661e-02  -1.5582510044404772e-02  -1.8113343044212166e-02  -2.0512532317477475e-02  -2.2768407721414936e-02  -2.4866155854564313e-02  -2.6788763724818292e-02  -2.8518077318138255e-02  -3.0035896072450247e-02  -3.1325049628991519e-02  -3.2370418706833437e-02  -3.3159874380572746e-02  -3.3685107222023745e-02  -3.3942304683926894e-02  -3.3932607011904287e-02  -3.3662241718656498e-02  -3.3142222699674151e-02  -3.2387545291090884e-02  -3.1415922833274816e-02  -3.0246268244451108e-02  -2.8897205799192791e-02  -2.7385866578253572e-02  -2.5727072028399314e-02  -2.3932893410992452e-02  -2.2012497955424072e-02  -1.9972203800942223e-02  -1.7815679071946946e-02  -1.5544261296856661e-02  -1.3157380323168905e-02  -1.0653087164129979e-02  -8.0286781328967934e-03  -5.2814037838843086e-03  -2.4092291144463228e-03   5.8839298411123009e-04   3.7097945379760654e-03   6.9504644929930144e-03   1.0302573412343318e-02   1.3754678994696130e-02   1.7291620606242279e-02   2.0894580632662682e-02   2.4541278558976018e-02   2.8206256683206542e-02   3.1861222935050032e-02   3.5475430872071806e-02   3.9016086566114550e-02   4.2448786945069823e-02   4.5737993495838743e-02   4.8847555223154183e-02   5.1741286672060807e-02   5.4383614358532339e-02   5.6740292440534232e-02   5.8779195100011131e-02   6.0471178219962327e-02   6.1791009549852310e-02   6.2718350694551742e-02   6.3238781732582378e-02   6.3344843517099209e-02   6.3037074548895636e-02   6.2324992005045307e-02   6.1227942225236351e-02   5.9775662361926329e-02   5.8008297606087229e-02   5.5975463592546459e-02   5.3733900671683876e-02   5.1343481592680734e-02   4.8862083657651746e-02   4.6340738575101473e-02   4.3820786047675114e-02   4.1333824947971540e-02   3.8903893373504653e-02   3.6550549743403202e-02   3.4291728154427728e-02   3.2145796662060321e-02   3.0132690560922663e-02   2.8274158327083711e-02   2.6593142766598691e-02   2.5112250635859736e-02   2.3851331297990691e-02   2.2824588480425588e-02   2.2038321757314620e-02   2.1490556775662070e-02   2.1172813486330086e-02   2.1072946465078374e-02   2.1177768000214096e-02   2.1474861783047649e-02   2.1953610423471326e-02   2.2605644981271249e-02   2.3424857472529557e-02   2.4407009033711340e-02   2.5548895920115122e-02   2.6847029291109974e-02   2.8295847969874569e-02   2.9885603354223137e-02   3.1600229818106070e-02   3.3415676130865248e-02   3.5299244832182060e-02   3.7210320948668205e-02   3.9102473621641348e-02   4.0926448807525884e-02   4.2633320383765924e-02   4.4177168323124238e-02   4.5516917652571889e-02   4.6617260485716579e-02   4.7448755750487792e-02   4.7987309791637303e-02   4.8213273497688822e-02   4.8110413602904106e-02   4.7665007166860646e-02   4.6865308299759975e-02   4.5701611093217194e-02   4.4167096221837870e-02   4.2259543692364364e-02   3.9983818389822331e-02   3.7354748865878022e-02   3.4399704502181515e-02   3.1159943478046005e-02   2.7689878891570395e-02   2.4053864870796006e-02   2.0320855609833953e-02   1.6557990502663440e-02   1.2824526184875139e-02   9.1674094495031774e-03   5.6192699298029704e-03   2.1989055502172894e-03  -1.0862786561330389e-03  -4.2367521920530912e-03
  -8.4397253709159702e-03  -1.1218663613818767e-02  -1.3859519273972439e-02  -1.6369585897659716e-02  -1.8751067363415495e-02  -2.1000871858807613e-02  -2.3111025777810972e-02  -2.5069502498258563e-02  -2.6861296661382601e-02  -2.8469613273885076e-02  -2.9877075032260347e-02  -3.1066882995744696e-02  -3.2023889338749077e-02  -3.2735556215955017e-02  -3.3192780906356203e-02  -3.3390563155807171e-02  -3.3328476456689148e-02  -3.3010883864531049e-02  -3.2446825972966289e-02  -3.1649515052342848e-02  -3.0635424763719388e-02  -2.9423056694690343e-02  -2.8031569513412576e-02  -2.6479493000582326e-02  -2.4783704891932046e-02  -2.2958740587897167e-02  -2.1016414182736587e-02  -1.8965687643516575e-02  -1.6812725062205235e-02  -1.4561093551484383e-02  -1.2212090660909548e-02  -9.7651955266998183e-03  -7.2186374306411789e-03  -4.5700744997710530e-03  -1.8173534337499395e-03   1.0406884227338355e-03   4.0034372536511473e-03   7.0677903096956624e-03   1.0227578541997788e-02   1.3473160580618725e-02   1.6791212536872498e-02   2.0164702938243840e-02   2.3573032278634744e-02   2.6992294497740568e-02   3.0395629622991128e-02   3.3753631844452910e-02   3.7034800728031170e-02   4.0206022667854287e-02   4.3233089443694500e-02   4.6081254722645931e-02   4.8715840625649119e-02   5.1102896278005072e-02   5.3209916195819384e-02   5.5006614743542723e-02   5.6465756668649170e-02   5.7564033372947784e-02   5.8282978806245382e-02   5.8609910750471714e-02   5.8538887087732923e-02   5.8071656713846134e-02   5.7218579785503043e-02   5.5999457477048008e-02   5.4444165536921454e-02   5.2592870263887946e-02   5.0495452729884996e-02   4.8209590072809838e-02   4.5797001413951863e-02   4.3317970367506162e-02   4.0825500264203125e-02   3.8361374684924898e-02   3.5955700195641080e-02   3.3629534170240630e-02   3.1398801449172342e-02   2.9277852644604346e-02   2.7281875447818248e-02   2.5428072643416424e-02   2.3735745239327276e-02   2.2225392684246278e-02   2.0916862243126749e-02   1.9826726160665688e-02   1.8965552335196992e-02   1.8336266244341370e-02   1.7934525576685074e-02   1.7750848092864063e-02   1.7773326080749052e-02   1.7989950207333256e-02   1.8390206431079578e-02   1.8966024618673694e-02   1.9712215869762635e-02   2.0626447548179744e-02   2.1708688639523653e-02   2.2960006133616317e-02   2.4380626462961685e-02   2.5967347511661278e-02   2.7710674826402982e-02   2.9592373142707303e-02   3.1584223901784128e-02   3.3648509390121630e-02   3.5740118815582776e-02   3.7809629325268407e-02   3.9806534626457397e-02   4.1682008456359221e-02   4.3390893594613344e-02   4.4892856069018765e-02   4.6152774301309617e-02   4.7140501799467563e-02   4.7830173574819626e-02   4.8199252501791467e-02   4.8227530069227656e-02   4.7896318470712206e-02   4.7188089233775557e-02   4.6086826065023463e-02   4.4579336782402855e-02   4.2657675248204532e-02   4.0322596382147718e-02   3.7587579912549872e-02   3.4482474585239217e-02   3.1055468550029691e-02   2.7372195709644817e-02   2.3511489541672988e-02   1.9558343073383028e-02   1.5595516144846305e-02   1.1695598616234440e-02   7.9151461369276529e-03   4.2919082180261012e-03   8.4532621082521187e-04  -2.4203356559831272e-03  -5.5113723501723239e-03
  -9.7130681156604483e-03  -1.2375815207702721e-02  -1.4885162911680211e-02  -1.7255165093699322e-02  -1.9493596909527254e-02  -2.1601733014208993e-02  -2.3574864368089817e-02  -2.5403289987145024e-02  -2.7073570424797987e-02  -2.8569883579915824e-02  -2.9875370302603385e-02  -3.0973396619875419e-02  -3.1848688285882346e-02  -3.2488315949217306e-02  -3.2882518768504225e-02  -3.3025357188302663e-02  -3.2915177283318844e-02  -3.2554858616025466e-02  -3.1951802719431044e-02  -3.1117619580371313e-02  -3.0067486210509850e-02  -2.8819201491801071e-02  -2.7392026960714404e-02  -2.5805464802939149e-02  -2.4078137935754737e-02  -2.2226894799518126e-02  -2.0266191571393088e-02  -1.8207734831380738e-02  -1.6060346056842530e-02  -1.3830003399704038e-02  -1.1520043373339704e-02  -9.1315115266329058e-03  -6.6636667793265481e-03  -4.1146268816381511e-03  -1.4821367240149125e-03   1.2355873148295962e-03   4.0389949198070298e-03   6.9263956030489841e-03   9.8932727150074923e-03   1.2931774832416362e-02   1.6030410650291860e-02   1.9173952841949997e-02   2.2343528386646938e-02   2.5516863248805297e-02   2.8668639145231399e-02   3.1770929297337575e-02   3.4793685515175005e-02   3.7705263432021754e-02   4.0472979032561293e-02   4.3063698377153098e-02   4.5444463461307545e-02   4.7583158556061975e-02   4.9449218259221786e-02   5.1014376932205389e-02   5.2253455411542138e-02   5.3145179721381074e-02   5.3673024459478330e-02   5.3826073726789367e-02   5.3599891152043104e-02   5.2997388875543054e-02   5.2029676541464939e-02   5.0716854511835524e-02   4.9088668694059548e-02   4.7184857910199517e-02   4.5054864686149207e-02   4.2756363235896967e-02   4.0351932205092367e-02   3.7903573214138113e-02   3.5466079828650951e-02   3.3081844446752863e-02   3.0779664697751209e-02   2.8577668677735871e-02   2.6488150911951537e-02   2.4521930619002926e-02   2.2691143617621520e-02   2.1010415241800428e-02   1.9496720266580569e-02   1.8168159373140019e-02   1.7041811862537899e-02   1.6131021525860038e-02   1.5442980777902071e-02   1.4977748130227940e-02   1.4729192681396948e-02   1.4687256134004286e-02   1.4840465094102456e-02   1.5178007514281729e-02   1.5691205030960245e-02   1.6374455660431615e-02   1.7225704592164534e-02   1.8246379224040241e-02   1.9440598020422271e-02   2.0813414872540230e-02   2.2367997107603666e-02   2.4102027540850862e-02   2.6004191712042560e-02   2.8051956196998344e-02   3.0211534646579080e-02   3.2439987247151955e-02   3.4688562309366372e-02   3.6906205860988146e-02   3.9042521442861813e-02   4.1049905884639429e-02   4.2884854684733506e-02   4.4508537873140283e-02   4.5886766840359222e-02   4.6989481758536393e-02   4.7789896852870245e-02   4.8263465166244954e-02   4.8386851730819504e-02   4.8137146953156518e-02   4.7491595583077972e-02   4.6428164968820851e-02   4.4927284500690196e-02   4.2975005076915949e-02   4.0567541567939597e-02   3.7716620303373062e-02   3.4454333683364660e-02   3.0835716399780239e-02   2.6937497843148445e-02   2.2852610474148018e-02   1.8681427546352700e-02   1.4521607777592576e-02   1.0458558720360845e-02   6.5582344784188649e-03   2.8634608749163633e-03  -6.0578487778090856e-04  -3.8486885322196948e-03  -6.8778535337312057e-03
  -1.1059400275377605e-02  -1.3609593004436503e-02  -1.5993071299370776e-02  -1.8230626884352452e-02  -2.0335392076770271e-02  -2.2312640609927242e-02  -2.4160467644607771e-02  -2.5871005507883411e-02  -2.7431909549006012e-02  -2.8827922493983808e-02  -3.0042385401157716e-02  -3.1058615635231053e-02  -3.1861109372787133e-02  -3.2436553031071173e-02  -3.2774641755713110e-02  -3.2868709660977824e-02  -3.2716171367256380e-02  -3.2318767990605207e-02  -3.1682599101975809e-02  -3.0817919357110986e-02  -2.9738679653265807e-02  -2.8461817049104575e-02  -2.7006329072494555e-02  -2.5392214274047521e-02  -2.3639389334767863e-02  -2.1766699005208261e-02  -1.9791105313386660e-02  -1.7727094854299887e-02  -1.5586307582579867e-02  -1.3377367765570136e-02  -1.1105907177243877e-02  -8.7747749892809097e-03  -6.3844423779052199e-03  -3.9336007540769075e-03  -1.4199368998948185e-03   1.1589645516056485e-03   3.8046610180461765e-03   6.5169247192492993e-03   9.2929332623560047e-03   1.2126648774048392e-02   1.5008423106261246e-02   1.7924840284704084e-02   2.0858773473633636e-02   2.3789621564104357e-02   2.6693678686726202e-02   2.9544597850675203e-02   3.2313913416437405e-02   3.4971603512606149e-02   3.7486678917864315e-02   3.9827796842428834e-02   4.1963897845454644e-02   4.3864869209336695e-02   4.5502234060315672e-02   4.6849866670069094e-02   4.7884730168717568e-02   4.8587634182500089e-02   4.8944006687128172e-02   4.8944677238178948e-02   4.8586665366554968e-02   4.7873970143407968e-02   4.6818347672155883e-02   4.5440053119996368e-02   4.3768485531688196e-02   4.1842607273015801e-02   3.9710860636704898e-02   3.7430084977600864e-02   3.5062691658580572e-02   3.2671482861737912e-02   3.0312599767649419e-02   2.8029153549353800e-02   2.5848980307413050e-02   2.3787588637991297e-02   2.1853871652479595e-02   2.0055346316443335e-02   1.8401343536259961e-02   1.6904144301817088e-02   1.5578567277024958e-02   1.4440412803394038e-02   1.3504065120963842e-02   1.2779806326557015e-02   1.2271812298139126e-02   1.1977766471153558e-02   1.1890184709357566e-02   1.1998669647619052e-02   1.2292218632883444e-02   1.2761124155594460e-02   1.3398400129360541e-02   1.4200772383728438e-02   1.5169210437140659e-02   1.6308796095124416e-02   1.7627570903796085e-02   1.9133974901781283e-02   2.0832849252279725e-02   2.2720770599177927e-02   2.4782353387481366e-02   2.6989117149555493e-02   2.9301288238381670e-02   3.1671460246512129e-02   3.4048609213763389e-02   3.6381458921704177e-02   3.8620874577238437e-02   4.0721338661382188e-02   4.2641673667144109e-02   4.4345162073833135e-02   4.5799183486335188e-02   4.6974472380770287e-02   4.7844106609125019e-02   4.8382360318237658e-02   4.8563595817427155e-02   4.8361426477276509e-02   4.7748460327439853e-02   4.6697020456522846e-02   4.5181294992098692e-02   4.3181299621237512e-02   4.0688671318836397e-02   3.7713523835663100e-02   3.4290542802944496e-02   3.0481884337351585e-02   2.6375078713831039e-02   2.2075956177997551e-02   1.7698325445121552e-02   1.3352668795209525e-02   9.1357046838771733e-03   5.1222068979691459e-03   1.3602838302241675e-03  -2.1290368442755392e-03  -5.3480191938800811e-03  -8.3155284095790087e-03
  -1.2463495223012490e-02  -1.4908291393004716e-02  -1.7174905656437530e-02  -1.9290825614056550e-02  -2.1274332650379139e-02  -2.3134335504034313e-02  -2.4871265996768144e-02  -2.6478584659175668e-02  -2.7944560791873456e-02  -2.9254089659467630e-02  -3.0390398385045245e-02  -3.1336553120522692e-02  -3.2076731872069206e-02  -3.2597256153484827e-02  -3.2887396065514045e-02  -3.2939965336820275e-02  -3.2751725209227048e-02  -3.2323604073926759e-02  -3.1660735671071936e-02  -3.0772306493579538e-02  -2.9671208715641301e-02  -2.8373494466504577e-02  -2.6897652084465422e-02  -2.5263736835050617e-02  -2.3492423487152143e-02  -2.1604046442257697e-02  -1.9617710839616324e-02  -1.7550523636744995e-02  -1.5416992742522820e-02  -1.3228605079631943e-02  -1.0993605507321345e-02  -8.7169926753201139e-03  -6.4007610370252262e-03  -4.0444055553543017e-03  -1.6456796551656931e-03   7.9843720598033949e-04   3.2906566884534777e-03   5.8322956637206318e-03   8.4223092289832033e-03   1.1056533722387983e-02   1.3727197782034052e-02   1.6422707737552444e-02   1.9127686558591005e-02   2.1823216824498334e-02   2.4487236905392756e-02   2.7095037371927623e-02   2.9619821357864951e-02   3.2033298930063889e-02   3.4306302808494116e-02   3.6409415511790798e-02   3.8313608935423564e-02   3.9990894110178976e-02   4.1414984263317287e-02   4.2561968901150563e-02   4.3410999989971492e-02   4.3944986359624058e-02   4.4151296455085268e-02   4.4022465534025113e-02   4.3556907436671538e-02   4.2759625946481805e-02   4.1642920919079500e-02   4.0227069296680275e-02   3.8540939374378969e-02   3.6622431867256562e-02   3.4518528513931224e-02   3.2284505206830162e-02   2.9981594435081523e-02   2.7672288047414294e-02   2.5413294345141363e-02   2.3248317813894019e-02   2.1204654252664566e-02   1.9295801164280122e-02   1.7527828418753257e-02   1.5905465830646920e-02   1.4435684553911803e-02   1.3128780632643403e-02   1.1997671402321180e-02   1.1056021924361479e-02   1.0315667192415822e-02   9.7840483105761464e-03   9.4626650105937710e-03   9.3471919930030716e-03   9.4290433994343240e-03   9.6975557081858139e-03   1.0142120693475049e-02   1.0753971017075942e-02   1.1527608198340512e-02   1.2461875581517044e-02   1.3560555814778580e-02   1.4832117458749353e-02   1.6288022346885277e-02   1.7939063717623077e-02   1.9789981770300481e-02   2.1834003572050460e-02   2.4049793593969443e-02   2.6402227398591389e-02   2.8846134915898533e-02   3.1330977960193143e-02   3.3804893483210280e-02   3.6217560315804004e-02   3.8521955592327115e-02   4.0675257035830234e-02   4.2639104900372253e-02   4.4379373821385432e-02   4.5865548063033994e-02   4.7069781645617662e-02   4.7965726956182404e-02   4.8527248883801513e-02   4.8727186632018568e-02   4.8536407475634889e-02   4.7923503390129601e-02   4.6855627737061672e-02   4.5301083633378300e-02   4.3234225391051637e-02   4.0642723987317643e-02   3.7536071623631775e-02   3.3952698323638536e-02   2.9962508400428280e-02   2.5663158478866847e-02   2.1171116740093827e-02   1.6610240678832870e-02   1.2100269014525116e-02   7.7464849872898606e-03   3.6312080276507310e-03  -1.9193916169071325e-04  -3.6997188860579556e-03  -6.8961856334865054e-03  -9.8055985657264522e-03
  -1.3915998902118939e-02  -1.6266035147550498e-02  -1.8428009914385434e-02  -2.0436026260400288e-02  -2.2313321863611985e-02  -2.4072096524853145e-02  -2.5714661619336728e-02  -2.7235302921126407e-02  -2.8622422812799298e-02  -2.9860664485834063e-02  -3.0932844453380275e-02  -3.1821600505297927e-02  -3.2510732593023908e-02  -3.2986243947948760e-02  -3.3237117892684298e-02  -3.3255862806318072e-02  -3.3038862165247172e-02  -3.2586548744542851e-02  -3.1903421903982231e-02  -3.0997908399346203e-02  -2.9882073869377204e-02  -2.8571181469789896e-02  -2.7083114580721275e-02  -2.5437674752025300e-02  -2.3655794875005659e-02  -2.1758695656765380e-02  -1.9767039431520604e-02  -1.7700109658207296e-02  -1.5575063698159662e-02  -1.3406285310083366e-02  -1.1204887597444252e-02  -8.9784204645469989e-03  -6.7308475110787001e-03  -4.4628606689991867e-03  -2.1725547036139763e-03   1.4356652068423306e-04   2.4893654257868020e-03   4.8677803402347557e-03   7.2796473197977232e-03   9.7227665056225689e-03   1.2191295042346798e-02   1.4675476874709385e-02   1.7161675288199466e-02   1.9632641434458541e-02   2.2067951731657973e-02   2.4444549688999433e-02   2.6737346709416271e-02   2.8919848140250237e-02   3.0964788272032029e-02   3.2844764265419907e-02   3.4532868029390019e-02   3.6003315370037883e-02   3.7232075046780486e-02   3.8197497872192156e-02   3.8880947397866489e-02   3.9267431702693457e-02   3.9346236805770186e-02   3.9111561122639887e-02   3.8563151551068604e-02   3.7706939418069199e-02   3.6555673070160256e-02   3.5129532657859584e-02   3.3456694475789188e-02   3.1573760384387965e-02   2.9525870824565120e-02   2.7366122212177386e-02   2.5153632973081538e-02   2.2949394897685070e-02   2.0809584241363165e-02   1.8777995987312088e-02   1.6881690752769962e-02   1.5132986078771523e-02   1.3536104695540414e-02   1.2093874803508290e-02   1.0811634018359922e-02   9.6982317556722972e-03   8.7650537867491989e-03   8.0238544881658415e-03   7.4840745804629835e-03   7.1504862829975865e-03   7.0221321389710972e-03   7.0928790886548385e-03   7.3531317508146801e-03   7.7919280860814580e-03   8.3989175146780594e-03   9.1660682774276723e-03   1.0089113868444338e-02   1.1168717152694255e-02   1.2411110399833265e-02   1.3827633494352218e-02   1.5432287334584511e-02   1.7236717524153986e-02   1.9243478205919026e-02   2.1440436257268145e-02   2.3799301159511649e-02   2.6278648381378882e-02   2.8829148238026486e-02   3.1398565454123721e-02   3.3935401561006259e-02   3.6391144088687086e-02   3.8721452065137621e-02   4.0886601651993412e-02   4.2851399008996947e-02   4.4584683140151044e-02   4.6058488251678409e-02   4.7246924798208384e-02   4.8124844697565020e-02   4.8666392612247672e-02   4.8843601208146223e-02   4.8625290977422533e-02   4.7976688302923787e-02   4.6860389044771369e-02   4.5239490250768281e-02   4.3083650239441329e-02   4.0378066570974598e-02   3.7133573770069497e-02   3.3394123830994285e-02   2.9237897637435235e-02   2.4771232936746768e-02   2.0117960906773900e-02   1.5407662250523611e-02   1.0764901124823171e-02   6.2998504640576162e-03   2.1001894050478413e-03  -1.7752621708578544e-03  -5.2997613283685052e-03  -8.4771182756842711e-03  -1.1335159650529381e-02
  -1.5417981628502607e-02  -1.7686442290638572e-02  -1.9758359508061388e-02  -2.1674269429240119e-02  -2.3462172530234218e-02  -2.5137236576340968e-02  -2.6703206837743451e-02  -2.8154693461712569e-02  -2.9479755466305105e-02  -3.0662391641660753e-02  -3.1684734984109328e-02  -3.2528851489300813e-02  -3.3178141260134901e-02  -3.3618371328356128e-02  -3.3838404385265829e-02  -3.3830674061460064e-02  -3.3591464306466687e-02  -3.3121022213218852e-02  -3.2423536049798425e-02  -3.1506984014236995e-02  -3.0382869826712049e-02  -2.9065841779529838e-02  -2.7573212121052910e-02  -2.5924379315788431e-02  -2.4140180550489578e-02  -2.2242184190371172e-02  -2.0251951081745840e-02  -1.8190272165614731e-02  -1.6076402467186793e-02  -1.3927306916696762e-02  -1.1756950652482955e-02  -9.5757082328195332e-03  -7.3899892876477368e-03  -5.2022312267750274e-03  -3.0113475450736123e-03  -8.1368341298638028e-04   1.3956430612275354e-03   3.6212044761524710e-03   5.8658040675056977e-03   8.1292975594335314e-03   1.0407828913517877e-02   1.2693491636880886e-02   1.4974364396152101e-02   1.7234824910162792e-02   1.9456048177742047e-02   2.1616607283638244e-02   2.3693121112188055e-02   2.5660912267184754e-02   2.7494656896616343e-02   2.9169018182700138e-02   3.0659262768386986e-02   3.1941862006883356e-02   3.2995080974092601e-02   3.3799558405187467e-02   3.4338879605429515e-02   3.4600144423049844e-02   3.4574531652366555e-02   3.4257861608368773e-02   3.3651157700704350e-02   3.2761207457576796e-02   3.1601119966174492e-02   3.0190869704347444e-02   2.8557798239154785e-02   2.6737005019342591e-02   2.4771472353597321e-02   2.2711604140729730e-02   2.0613591887334533e-02   1.8535787369722362e-02   1.6532580593169113e-02   1.4647015905895544e-02   1.2905956810593365e-02   1.1321427347647874e-02   9.8970891202061310e-03   8.6351291997188127e-03   7.5402804151159606e-03   6.6206900262534216e-03   5.8866814794417983e-03   5.3483301838146008e-03   5.0127601397072976e-03   4.8821228227980233e-03   4.9530716234636035e-03   5.2177267250615323e-03   5.6654815961909109e-03   6.2849966433449669e-03   7.0660289795037318e-03   8.0010620850633398e-03   9.0867586466360402e-03   1.0325190385983934e-02   1.1724470052949073e-02   1.3297968425491236e-02   1.5060929240871790e-02   1.7024011690071179e-02   1.9185583878388347e-02   2.1526859902897696e-02   2.4012605285118834e-02   2.6596156961609670e-02   2.9225438707462768e-02   3.1847750032314479e-02   3.4412831113760173e-02   3.6874532551248104e-02   3.9191543046365074e-02   4.1327486107313779e-02   4.3250570028212310e-02   4.4932877716049910e-02   4.6349350553107974e-02   4.7476501233014765e-02   4.8290912603899450e-02   4.8767607657823800e-02   4.8878456323255645e-02   4.8590902250846807e-02   4.7867514887868050e-02   4.6667159860025065e-02   4.4948872521514915e-02   4.2679350415257285e-02   3.9843744192313006e-02   3.6456845713642390e-02   3.2569772145106438e-02   2.8268601303519894e-02   2.3665872510068756e-02   1.8888975702377814e-02   1.4068956202900055e-02   9.3310354220091478e-03   4.7865525360976796e-03   5.2572513985590930e-04  -3.3887470562023979e-03  -6.9260750482470958e-03  -1.0087806025657255e-02  -1.2902863632711346e-02
  -1.6985866623578996e-02  -1.9186604751671839e-02  -2.1183731448557258e-02  -2.3023863485100261e-02  -2.4739536879416907e-02  -2.6348570958881674e-02  -2.7855700982528316e-02  -2.9255352583625469e-02  -3.0534756943501620e-02  -3.1676882723841560e-02  -3.2662930239050231e-02  -3.3474286679092989e-02  -3.4093971657227128e-02  -3.4507636496329840e-02  -3.4704217664479384e-02  -3.4676320014274974e-02  -3.4420407409986864e-02  -3.3936840174069650e-02  -3.3229800645029159e-02  -3.2307115341044274e-02  -3.1179993645791437e-02  -2.9862678721830814e-02  -2.8372028271382330e-02  -2.6727021748164114e-02  -2.4948217315854629e-02  -2.3057157244064038e-02  -2.1075744904638913e-02  -1.9025583666976049e-02  -1.6927286852219448e-02  -1.4799740204282121e-02  -1.2659325955837271e-02  -1.0519141577946782e-02  -8.3883061035934566e-03  -6.2715388246120836e-03  -4.1692127446052892e-03  -2.0780684404998855e-03   7.4433360191805686e-06   2.0933893448442896e-03   4.1845445693723914e-03   6.2828764098547853e-03   8.3865546951460909e-03   1.0489515676543954e-02   1.2581506262692412e-02   1.4648460902490806e-02   1.6673083004916080e-02   1.8635519578249410e-02   2.0514064882526405e-02   2.2285849889841960e-02   2.3927503995131230e-02   2.5415780712086042e-02   2.6728152529343061e-02   2.7843376572738707e-02   2.8742039361529831e-02   2.9407082438444521e-02   2.9824315850759144e-02   2.9982920025998443e-02   2.9875941765607587e-02   2.9500783783958984e-02   2.8859693025228887e-02   2.7960245176409763e-02   2.6815826830717863e-02   2.5446102406850506e-02   2.3877444952047803e-02   2.2143266732703046e-02   2.0284120292494191e-02   1.8347288529071040e-02   1.6385360242933938e-02   1.4453051458116147e-02   1.2601757696939381e-02   1.0872778730012394e-02   9.2925834320114163e-03   7.8737016324119981e-03   6.6206491841157081e-03   5.5364749034198281e-03   4.6265601950941943e-03   3.8992452740407423e-03   3.3642968252485615e-03   3.0302736504844510e-03   2.9019305698433639e-03   2.9787122840871996e-03   3.2548475430988020e-03   3.7206980406525245e-03   4.3646160540347714e-03   5.1748085771726529e-03   6.1410064328594836e-03   7.2559884058331671e-03   8.5170003022987072e-03   9.9269859447264006e-03   1.1495131335420817e-02   1.3235650697690464e-02   1.5163395171034351e-02   1.7286140576098195e-02   1.9596572911122941e-02   2.2068882344301894e-02   2.4661684423219556e-02   2.7324416101048153e-02   3.0003511701016672e-02   3.2646719526398874e-02   3.5205585591336672e-02   3.7636647308581378e-02   3.9901808870456246e-02   4.1968178875440701e-02   4.3807516835912774e-02   4.5395351734111564e-02   4.6709807475903392e-02   4.7730157852434785e-02   4.8435155819085765e-02   4.8801217587179244e-02   4.8800636190408857e-02   4.8400154086278638e-02   4.7560517507339799e-02   4.6238021471677299e-02   4.4389385269868048e-02   4.1980871281481667e-02   3.9000584393907869e-02   3.5469661574947992e-02   3.1446864033121483e-02   2.7024389213646187e-02   2.2317766277213807e-02   1.7454382692021698e-02   1.2563425560528309e-02   7.7677344064182802e-03   3.1769300078017763e-03  -1.1189151595862434e-03  -5.0552535970554407e-03  -8.5979415493361890e-03  -1.1745235208069150e-02  -1.4524895951263573e-02
  -1.8655046713105396e-02  -2.0800239269662277e-02  -2.2736315779771647e-02  -2.4515459822875459e-02  -2.6174489613010266e-02  -2.7733575815330591e-02  -2.9197995992326305e-02  -3.0561459984090943e-02  -3.1809864381318539e-02  -3.2924756699680327e-02  -3.3886170448343036e-02  -3.4674739803384202e-02  -3.5273161367328637e-02  -3.5667125824735066e-02  -3.5845860700373600e-02  -3.5802396427419864e-02  -3.5533648396398554e-02  -3.5040369238659309e-02  -3.4327012098531659e-02  -3.3401519184692516e-02  -3.2275050933301727e-02  -3.0961654670779992e-02  -2.9477882882744819e-02  -2.7842359410397682e-02  -2.6075308289458130e-02  -2.4198044636433269e-02  -2.2232442499537097e-02  -2.0200370441442100e-02  -1.8123097715464935e-02  -1.6020642152428665e-02  -1.3911049515111840e-02  -1.1809582109000356e-02  -9.7278661991462394e-03  -7.6731267968617005e-03  -5.6477722018094742e-03  -3.6496475415606321e-03  -1.6731495096723482e-03   2.8890184573559033e-04   2.2430864437603809e-03   4.1934379191013449e-03   6.1401311012111368e-03   8.0788970018849729e-03   1.0001066528594189e-02   1.1894028532536693e-02   1.3741915422411898e-02   1.5526367645326746e-02   1.7227299932042354e-02   1.8823623003479988e-02   2.0293912421391034e-02   2.1617020257057203e-02   2.2772641087566617e-02   2.3741836263077278e-02   2.4507528709015812e-02   2.5054970983592686e-02   2.5372196330880857e-02   2.5450453054583322e-02   2.5284630453356126e-02   2.4873675233086097e-02   2.4221005327017420e-02   2.3334917463327724e-02   2.2228991456634178e-02   2.0922477156162002e-02   1.9440646428804761e-02   1.7815049302547722e-02   1.6083562906171078e-02   1.4289985918598910e-02   1.2482753485656053e-02   1.0712142705089453e-02   9.0255513415161866e-03   7.4616419407330294e-03   6.0462309204506702e-03   4.7930170226259707e-03   3.7087090271129691e-03   2.7987215183373233e-03   2.0703760557301450e-03   1.5331085120151751e-03   1.1965730410786017e-03   1.0678562165737648e-03   1.1491885011684182e-03   1.4371592921231212e-03   1.9235097961802124e-03   2.5968270949107905e-03   3.4444081372887406e-03   4.4539604513384595e-03   5.6150853608564286e-03   6.9206492163695864e-03   8.3680988957918808e-03   9.9605970913283631e-03   1.1707376464406305e-02   1.3622030679729093e-02   1.5717236778591322e-02   1.7996256525560427e-02   2.0445328449500852e-02   2.3032033677632811e-02   2.5710013763725482e-02   2.8426073683205572e-02   3.1126130653797785e-02   3.3758992052939793e-02   3.6278338919996975e-02   3.8643554273329356e-02   4.0819834153000181e-02   4.2777831746552655e-02   4.4492941930035806e-02   4.5944277948158273e-02   4.7113353166711482e-02   4.7982488092997634e-02   4.8532972527956617e-02   4.8743072540137170e-02   4.8586070970869859e-02   4.8028749591081957e-02   4.7031076285442945e-02   4.5548351053939909e-02   4.3537302027036193e-02   4.0966717431996209e-02   3.7830380097083088e-02   3.4156895204016199e-02   3.0011495190076773e-02   2.5489701360948899e-02   2.0706882070605170e-02   1.5787740020754327e-02   1.0857526902054269e-02   6.0349783519163449e-03   1.4262925920084449e-03  -2.8804860371814383e-03  -6.8209068507887674e-03  -1.0358929868571003e-02  -1.3489768379607473e-02  -1.6238789553815334e-02
  -2.0480074335337495e-02  -2.2578474228252023e-02  -2.4463680345158060e-02  -2.6192944752864544e-02  -2.7807217835855144e-02  -2.9328827400426454e-02  -3.0763196627579738e-02  -3.2102779615461992e-02  -3.3331602155205239e-02  -3.4429381693721423e-02  -3.5374758318175333e-02  -3.6147562820051153e-02  -3.6730256570938952e-02  -3.7108748048143951e-02  -3.7272783721213697e-02  -3.7216067778631859e-02  -3.6936218344702898e-02  -3.6434625331893337e-02  -3.5716247683593251e-02  -3.4789365973068587e-02  -3.3665297981090955e-02  -3.2358077076523523e-02  -3.0884095991181228e-02  -2.9261715323156766e-02  -2.7510842883099983e-02  -2.5652485496462950e-02  -2.3708281383497242e-02  -2.1700009165854378e-02  -1.9649073013205006e-02  -1.7575941301499726e-02  -1.5499519418372612e-02  -1.3436416792064589e-02  -1.1400105652976777e-02  -9.4000139866655293e-03  -7.4407600163745868e-03  -5.5218778105597353e-03  -3.6384586413946325e-03  -1.7828533335279145e-03   5.2907121739290131e-05   1.8746976749491259e-03   3.6845575429957540e-03   5.4798832599274386e-03   7.2534481417351089e-03   8.9939511130003348e-03   1.0686823687908215e-02   1.2315098160921675e-02   1.3860240132431045e-02   1.5302900566092962e-02   1.6623584770112963e-02   1.7803243447156177e-02   1.8823801898764255e-02   1.9668637520282028e-02   2.0323019184847392e-02   2.0774514742299979e-02   2.1013375985339568e-02   2.1032904556098447e-02   2.0829805526697408e-02   2.0404530261942576e-02   1.9761613555298482e-02   1.8910003866403444e-02   1.7863386469066791e-02   1.6640488156935623e-02   1.5265342952324805e-02   1.3767465548022795e-02   1.2181829076103129e-02   1.0548437436398064e-02   8.9111374813710641e-03   7.3151836232192569e-03   5.8032830945155336e-03   4.4108771769663137e-03   3.1630054973673157e-03   2.0750870457944739e-03   1.1570972132900273e-03   4.1804709111667102e-04  -1.3172097657944415e-04  -4.8093990480075482e-04  -6.1976157835551271e-04  -5.4261659980012894e-04  -2.4996758006919778e-04   2.5180708579921468e-04   9.5194096920175365e-04   1.8372678222284815e-03   2.8940488695224330e-03   4.1094811367276187e-03   5.4729627935743343e-03   6.9772571825750043e-03   8.6196161594441715e-03   1.0402700924382505e-02   1.2334635362524715e-02   1.4426818534389020e-02   1.6688071179357066e-02   1.9115990053768302e-02   2.1690286154141532e-02   2.4372807925862296e-02   2.7113439604059202e-02   2.9857386226143132e-02   3.2550725040982505e-02   3.5143688794286546e-02   3.7592256410977520e-02   3.9858706656527090e-02   4.1911534197339742e-02   4.3724944979313528e-02   4.5278010896553936e-02   4.6553523340872711e-02   4.7536545057702592e-02   4.8212678093376246e-02   4.8566071424355872e-02   4.8577273195548026e-02   4.8221148157051572e-02   4.7465368623526974e-02   4.6270406589593360e-02   4.4592483652432208e-02   4.2390902395532074e-02   3.9639621836492341e-02   3.6339622165557771e-02   3.2526411956634846e-02   2.8269363856342027e-02   2.3664458656094841e-02   1.8824520247190689e-02   1.3869967224056009e-02   8.9211318756964517e-03   4.0919566180879999e-03  -5.1548469550468171e-04  -4.8161217988697477e-03  -8.7468656401543179e-03  -1.2271144640567451e-02  -1.5382038224071927e-02  -1.8102371768862247e-02
  -2.2529741246139347e-02  -2.4586672448075504e-02  -2.6426798001835880e-02  -2.8112193150863708e-02  -2.9688132506654190e-02  -3.1179244777237908e-02  -3.2590915991020417e-02  -3.3913885670712837e-02  -3.5129781248964556e-02  -3.6216073401494964e-02  -3.7149786229776799e-02  -3.7909913500457373e-02  -3.8478786821036004e-02  -3.8842717785278286e-02  -3.8992190923595571e-02  -3.8921806325487120e-02  -3.8630095752725767e-02  -3.8119280909690668e-02  -3.7395005856527032e-02  -3.6466054508456892e-02  -3.5344054288040452e-02  -3.4043161678666438e-02  -3.2579726625886152e-02  -3.0971932659524894e-02  -2.9239414613306827e-02  -2.7402854090709979e-02  -2.5483557403363579e-02  -2.3503014070332479e-02  -2.1482436085647722e-02  -1.9442262419916055e-02  -1.7401614087941497e-02  -1.5377660452723922e-02  -1.3384874410837577e-02  -1.1434160857945687e-02  -9.5319691318074672e-03  -7.6796503472265180e-03  -5.8735623349875261e-03  -4.1063347770581397e-03  -2.3692664759581601e-03  -6.5510703114428359e-04   1.0397242021380829e-03   2.7140307987685852e-03   4.3617973401058954e-03   5.9728292627612006e-03   7.5336922342444691e-03   9.0286892093023319e-03   1.0440757364967287e-02   1.1752243112999529e-02   1.2945562170075751e-02   1.4003760749570549e-02   1.4911000443574749e-02   1.5652982908782028e-02   1.6217329109336064e-02   1.6593922992472740e-02   1.6775227866339469e-02   1.6756581728839783e-02   1.6536476527755584e-02   1.6116826162229692e-02   1.5503225108510061e-02   1.4705199702906438e-02   1.3736447711756115e-02   1.2615058240689939e-02   1.1363686774265681e-02   1.0009640293087384e-02   8.5847751247843974e-03   7.1250406381528370e-03   5.6693852968718438e-03   4.2577000264537347e-03   2.9276917025311423e-03   1.7114268475670272e-03   6.3329093464146655e-04  -2.8914182198902516e-04  -1.0419748261165269e-03  -1.6118740057715110e-03  -1.9848274337474943e-03  -2.1473015547626324e-03  -2.0890981515200406e-03  -1.8062068304149012e-03  -1.3018523215404115e-03  -5.8537818380118706e-04   3.3000030433579484e-04   1.4294330512064773e-03   2.6981936952356362e-03   4.1229786974584064e-03   5.6929277276536253e-03   7.4005281611546122e-03   9.2424554300428903e-03   1.1220162272066576e-02   1.3339539843795529e-02   1.5608338716273585e-02   1.8030161570693103e-02   2.0596309472106125e-02   2.3280343901384903e-02   2.6039392148728899e-02   2.8820626902920778e-02   3.1568406069891281e-02   3.4229396166129376e-02   3.6755446583133955e-02   3.9104886208133995e-02   4.1242874340622446e-02   4.3141172680903436e-02   4.4777522822764440e-02   4.6134693607986568e-02   4.7199225289915769e-02   4.7959864220988156e-02   4.8405702923413597e-02   4.8524052409390998e-02   4.8298173081719582e-02   4.7705136031062717e-02   4.6714437902095403e-02   4.5288453702546888e-02   4.3386265160996550e-02   4.0971941445841410e-02   3.8026182686586564e-02   3.4557134079269351e-02   3.0605477535217009e-02   2.6242260431052735e-02   2.1561783201695436e-02   1.6672961602801448e-02   1.1691264312072328e-02   6.7318757337643375e-03   1.9039021890173008e-03  -2.6947651720037429e-03  -6.9822694563890456e-03  -1.0897412178103565e-02  -1.4403886897949796e-02  -1.7493429357346324e-02  -2.0186621547237306e-02
  -2.4877219023637771e-02  -2.6896619376252873e-02  -2.8694174838243013e-02  -3.0336765370225990e-02  -3.1874668537817702e-02  -3.3335580060347370e-02  -3.4725179007426207e-02  -3.6032327708529224e-02  -3.7235852700374363e-02  -3.8310610918159654e-02  -3.9231814800005274e-02  -3.9977606026578141e-02  -4.0530296674895487e-02  -4.0876773467729735e-02  -4.1008443783391330e-02  -4.0920975302792748e-02  -4.0613961760807400e-02  -4.0090582374841234e-02  -3.9357274069819995e-02  -3.8423420476294087e-02  -3.7301047217308897e-02  -3.6004516047270507e-02  -3.4550207643885819e-02  -3.2956188856170368e-02  -3.1241860333191034e-02  -2.9427584991256507e-02  -2.7534298042028955e-02  -2.5583098708648194e-02  -2.3594822897710491e-02  -2.1589588557081645e-02  -1.9586302864250605e-02  -1.7602104465058228e-02  -1.5651718195895961e-02  -1.3746691501180512e-02  -1.1894556727266796e-02  -1.0098070008588495e-02  -8.3549530775750384e-03  -6.6586597463515369e-03  -5.0004824874676154e-03  -3.3724639536733894e-03  -1.7700219572374630e-03  -1.9337820062317879e-04   1.3523093946305048e-03   2.8576710061401639e-03   4.3101962733324492e-03   5.6953157667413469e-03   6.9973503274423469e-03   8.2002946613715551e-03   9.2884546134356025e-03   1.0246967689773696e-02   1.1062235174133496e-02   1.1722288178133098e-02   1.2217102640018396e-02   1.2538876059066409e-02   1.2682272653829561e-02   1.2644646204262099e-02   1.2426243154810050e-02   1.2030393743951264e-02   1.1463690280176880e-02   1.0736157624327934e-02   9.8614070618730596e-03   8.8567692256926386e-03   7.7433763700099668e-03   6.5461590884156665e-03   5.2936686175955438e-03   4.0176071694240090e-03   2.7518645644928133e-03   1.5309101402792985e-03   3.8756511920923567e-04  -6.4919020976783245e-04  -1.5552860656937173e-03  -2.3107485385815835e-03  -2.8976231939612379e-03  -3.2981498095406535e-03  -3.4945367068022169e-03  -3.4708936220766047e-03  -3.2166175486108908e-03  -2.7291968663771364e-03  -2.0145075337744504e-03  -1.0847047315630208e-03   4.4692328598931741e-05   1.3572567070101208e-03   2.8373318525451649e-03   4.4711213716144439e-03   6.2474475187906109e-03   8.1583600063777836e-03   1.0199622633655012e-02   1.2370882242933257e-02   1.4674883343706004e-02   1.7114623596761240e-02   1.9687599623806059e-02   2.2378630640864317e-02   2.5155709822605676e-02   2.7972156181180208e-02   3.0773218693518106e-02   3.3502898442854152e-02   3.6108682758514837e-02   3.8544104693577289e-02   4.0769825718263535e-02   4.2753836756789385e-02   4.4471120256888527e-02   4.5902931742696718e-02   4.7035754728739755e-02   4.7859945556964094e-02   4.8368059442507591e-02   4.8552872554487016e-02   4.8405137035801155e-02   4.7911224195863709e-02   4.7050993917690832e-02   4.5796626979622390e-02   4.4113624203977575e-02   4.1965416277348344e-02   3.9322106999620542e-02   3.6171404092883129e-02   3.2527520323470532e-02   2.8434390452404219e-02   2.3962928550152918e-02   1.9204604782835314e-02   1.4263952471104362e-02   9.2514755810568661e-03   4.2774320461543749e-03  -5.5360623099877555e-04  -5.1476562686380220e-03  -9.4259119280344656e-03  -1.3329090128323317e-02  -1.6821387112125122e-02  -1.9893542728745477e-02  -2.2564060546668922e-02
  -2.7587734706544950e-02  -2.9575202663247396e-02  -3.1332203594657465e-02  -3.2930172084254000e-02  -3.4425273610723374e-02  -3.5849727620594768e-02  -3.7210657297113092e-02  -3.8495505226649900e-02  -3.9680257390663394e-02  -4.0736973619633937e-02  -4.1638951386550160e-02  -4.2363504391671157e-02  -4.2893035255799315e-02  -4.3215142432743880e-02  -4.3322280724474485e-02  -4.3211279418473789e-02  -4.2882857615280545e-02  -4.2341191180341360e-02  -4.1593535215521102e-02  -4.0649891748991696e-02  -3.9522703664762973e-02  -3.8226559628121541e-02  -3.6777895812099788e-02  -3.5194686193145530e-02  -3.3496115800869239e-02  -3.1702234508248092e-02  -2.9833590820164759e-02  -2.7910845082061465e-02  -2.5954361976228357e-02  -2.3983777037343595e-02  -2.2017531524733965e-02  -2.0072358532952441e-02  -1.8162705926439759e-02  -1.6300073041178219e-02  -1.4492282168806207e-02  -1.2742773022197066e-02  -1.1050229260156898e-02  -9.4090210899227290e-03  -7.8109514452062399e-03  -6.2480643629404045e-03  -4.7154756641668155e-03  -3.2130429798364613e-03  -1.7455647984806304e-03  -3.2196341525935618e-04   1.0459112460778838e-03   2.3444489515639794e-03   3.5592558842635798e-03   4.6759241803157985e-03   5.6806274441815723e-03   6.5605875947513529e-03   7.3044451128037591e-03   7.9025611526916291e-03   8.3472641261192922e-03   8.6330571908036381e-03   8.7567898535132437e-03   8.7178062848610859e-03   8.5180697987077697e-03   8.1622753299916244e-03   7.6579450932934313e-03   7.0155163994654983e-03   6.2484082664662089e-03   5.3730668140257454e-03   4.4089562905360608e-03   3.3784741026911119e-03   2.3067165894666234e-03   1.2210411181671193e-03   1.5031376951121431e-04  -8.7615325729419741e-04  -1.8298955352894358e-03  -2.6843907102701951e-03  -3.4154862303467474e-03  -4.0008550131339499e-03  -4.4188764801022865e-03  -4.6478567030638629e-03  -4.6666301820148630e-03  -4.4571714661013548e-03  -4.0084607764201280e-03  -3.3192675864518947e-03  -2.3977987146159112e-03  -1.2587183892690500e-03   8.0368944383407345e-05   1.6015842321903126e-03   3.2883857579252621e-03   5.1264641790416711e-03   7.1042407646208774e-03   9.2131646040293034e-03   1.1447813242067621e-02   1.3805606316387312e-02   1.6285579243685865e-02   1.8885394420923803e-02   2.1596114600248118e-02   2.4396257008372200e-02   2.7248866499372700e-02   3.0104162531084375e-02   3.2905980963070826e-02   3.5598221836526493e-02   3.8129266039541532e-02   4.0454304537966806e-02   4.2536268053895682e-02   4.4345914470655723e-02   4.5861402991337993e-02   4.7067490772374682e-02   4.7954402481822436e-02   4.8516377218958767e-02   4.8749887685547610e-02   4.8651542917176716e-02   4.8215732388607990e-02   4.7432195067171647e-02   4.6283939897615894e-02   4.4746352981843644e-02   4.2788768896657017e-02   4.0379683376808459e-02   3.7495507016909346e-02   3.4130359924396662e-02   3.0303200069040984e-02   2.6059821836611267e-02   2.1470092794460421e-02   1.6622347412235644e-02   1.1616876040232343e-02   6.5595936621332777e-03   1.5562940991106881e-03  -3.2925183350594033e-03  -7.8963447681879538e-03  -1.2179085166935187e-02  -1.6083143159109435e-02  -1.9573124236412307e-02  -2.2638762151486316e-02  -2.5296369994338496e-02
  -3.0707442919372288e-02  -3.2672575364214126e-02  -3.4393598727172389e-02  -3.5945510580117870e-02  -3.7390748776937890e-02  -3.8767753937634639e-02  -4.0087087069162392e-02  -4.1336149029165423e-02  -4.2488720789191692e-02  -4.3514288490692762e-02  -4.4384348830610820e-02  -4.5075502546097913e-02  -4.5570359074413175e-02  -4.5857314541996548e-02  -4.5929911544583868e-02  -4.5786135027188979e-02  -4.5427790351098757e-02  -4.4859990557316543e-02  -4.4090744023586072e-02  -4.3130609773519187e-02  -4.1992397642662188e-02  -4.0690885139895064e-02  -3.9242539510784602e-02  -3.7665227565551018e-02  -3.5977911667642463e-02  -3.4200321843664297e-02  -3.2352608549408010e-02  -3.0454968435754643e-02  -2.8527249070519782e-02  -2.6588523015348330e-02  -2.4656634327027180e-02  -2.2747701842689802e-02  -2.0875578788074146e-02  -1.9051253416717696e-02  -1.7282217349355658e-02  -1.5571870885105608e-02  -1.3919203573556180e-02  -1.2319158480291977e-02  -1.0764162299046452e-02  -9.2467747991656669e-03  -7.7625209115271335e-03  -6.3116189509600275e-03  -4.8991284076652132e-03  -3.5339939978976283e-03  -2.2277243558816093e-03  -9.9316740572394369e-04   1.5645686164336009e-04   1.2082796585197210e-03   2.1503134209561333e-03   2.9718503285471628e-03   3.6637613928092181e-03   4.2187297302368511e-03   4.6314254592718408e-03   4.8986417678017601e-03   5.0193903205236114e-03   4.9949731454927322e-03   4.8290258765409759e-03   4.5275492410313985e-03   4.0989195438869714e-03   3.5538925488342570e-03   2.9055815774937412e-03   2.1694173723993560e-03   1.3630540837401908e-03   5.0622190041318266e-04  -3.7952299558287848e-04  -1.2711286681166903e-03  -2.1444777976881157e-03  -2.9748161576400450e-03  -3.7371861206595587e-03  -4.4067645430592890e-03  -4.9590542604526743e-03  -5.3697545823939465e-03  -5.6143894732884787e-03  -5.6682607441724056e-03  -5.5076254332198857e-03  -5.1127874914534896e-03  -4.4723274652180081e-03  -3.5859369659504287e-03  -2.4636510499553704e-03  -1.1222144336896327e-03   4.1895947061342800e-04   2.1406667613687413e-03   4.0254987961255160e-03   6.0585688930105581e-03   8.2277723580601002e-03   1.0523779277981928e-02   1.2939765189968323e-02   1.5470692710361736e-02   1.8111713643768377e-02   2.0855140927848150e-02   2.3685867438834815e-02   2.6576646730783221e-02   2.9486226237812937e-02   3.2362252663404464e-02   3.5147426799297103e-02   3.7785606008733812e-02   4.0225996649653983e-02   4.2425337324764362e-02   4.4348723058322589e-02   4.5969601708903747e-02   4.7269267785981187e-02   4.8235973708239205e-02   4.8863708994176094e-02   4.9150636138821049e-02   4.9097186334963933e-02   4.8703817510968639e-02   4.7968528326455359e-02   4.6884347089323666e-02   4.5437342803847161e-02   4.3606084987293438e-02   4.1363825012806867e-02   3.8684169816896166e-02   3.5549527471340769e-02   3.1959647703096283e-02   2.7937264504606603e-02   2.3529345466883754e-02   1.8804526533238410e-02   1.3848258092837500e-02   8.7570872295401839e-03   3.6329318010132512e-03  -1.4222903678111354e-03  -6.3115989538100638e-03  -1.0947498084680898e-02  -1.5256185066503263e-02  -1.9181428319712847e-02  -2.2688013139391595e-02  -2.5764492761572583e-02  -2.8424734155762132e-02
  -3.4256169542774634e-02  -3.6213138352918839e-02  -3.7907099713552217e-02  -3.9414835960375899e-02  -4.0804342942066668e-02  -4.2121371320438222e-02  -4.3382245045119103e-02  -4.4576624725550421e-02  -4.5677654998731512e-02  -4.6653139093715171e-02  -4.7473271521504677e-02  -4.8114229367138051e-02  -4.8558975234844717e-02  -4.8796734978206149e-02  -4.8822081822215105e-02  -4.8634039628119977e-02  -4.8235350433972146e-02  -4.7631905674540440e-02  -4.6832314194785216e-02  -4.5847555891211436e-02  -4.4690692746616134e-02  -4.3376600500098485e-02  -4.1921709084876413e-02  -4.0343729922473787e-02  -3.8661369876771171e-02  -3.6894018226778631e-02  -3.5061412070337840e-02  -3.3183270253631596e-02  -3.1278902985054216e-02  -2.9366786858486569e-02  -2.7464111320037267e-02  -2.5586284235071869e-02  -2.3746402859594909e-02  -2.1954685471339816e-02  -2.0217899965005115e-02  -1.8538866881562536e-02  -1.6916251609234930e-02  -1.5345016829562859e-02  -1.3817962771794586e-02  -1.2328342214266742e-02  -1.0872627590548491e-02  -9.4521033027538184e-03  -8.0727644092451617e-03  -6.7441056052883960e-03  -5.4776524460368667e-03  -4.2857103975214722e-03  -3.1804519182537065e-03  -2.1732776744428813e-03  -1.2743779460634005e-03  -4.9241831844581627e-04   1.6568016069059849e-04   6.9490083471318315e-04   1.0922321826686192e-03   1.3567301849516256e-03   1.4895356151311458e-03   1.4938663450446438e-03   1.3749763923626233e-03   1.1401033947995316e-03   7.9839156406077104e-04   3.6080997316701759e-04  -1.5995667783387166e-04  -7.4962818266610318e-04  -1.3924925186715037e-03  -2.0715822336220165e-03  -2.7688731631301255e-03  -3.4654007185646388e-03  -4.1412499411189185e-03  -4.7753511735790337e-03  -5.3452712419528349e-03  -5.8272333653385834e-03  -6.1963892499464733e-03  -6.4271034352638007e-03  -6.4930764475612593e-03  -6.3677542226572605e-03  -6.0258373239360438e-03  -5.4466007666466865e-03  -4.6183055652609974e-03  -3.5411448660248208e-03  -2.2263685151959929e-03  -6.9227994351063124e-04   1.0402151893272394e-03   2.9507150557351626e-03   5.0209318437691901e-03   7.2352937335245062e-03   9.5810013574671934e-03   1.2047748058222495e-02   1.4627130286478865e-02   1.7311577326851402e-02   2.0092499764610604e-02   2.2957324567249880e-02   2.5885554675381207e-02   2.8845101069691396e-02   3.1791224096842541e-02   3.4669512142311440e-02   3.7421707946597056e-02   3.9991556333494563e-02   4.2328903697060341e-02   4.4391837427159603e-02   4.6147454080708708e-02   4.7571781233418500e-02   4.8649184735525750e-02   4.9371378311843579e-02   4.9736083953076993e-02   4.9745321275442976e-02   4.9403331587216770e-02   4.8714145027441799e-02   4.7678928261132583e-02   4.6293417654761908e-02   4.4546120292565418e-02   4.2418302148271365e-02   3.9886852525939223e-02   3.6930284304109592e-02   3.3536609566911513e-02   2.9710616046969299e-02   2.5478302097513214e-02   2.0887656679206296e-02   1.6006346700052149e-02   1.0917494189573045e-02   5.7145927153953724e-03   4.9626716713574090e-04  -4.6387842341451095e-03  -9.5965215079720761e-03  -1.4291947115721119e-02  -1.8653132710388633e-02  -2.2624873819704672e-02  -2.6171882624323597e-02  -2.9281333275780766e-02  -3.1964395901102990e-02
  -3.8224487016530931e-02  -4.0191005179309167e-02  -4.1871074852642423e-02  -4.3341136776010591e-02  -4.4672968391079759e-02  -4.5919461947549034e-02  -4.7104492095744382e-02  -4.8222726050458256e-02  -4.9249149349575770e-02  -5.0151608058159262e-02  -5.0900034871398395e-02  -5.1470734856270073e-02  -5.1847237330067936e-02  -5.2019588806107311e-02  -5.1983244480536296e-02  -5.1738046616811820e-02  -5.1287424986953614e-02  -5.0637803798909461e-02  -4.9798165562982624e-02  -4.8779714624254941e-02  -4.7595600401204308e-02  -4.6260665550592765e-02  -4.4791200778799237e-02  -4.3204688203516625e-02  -4.1519527120393487e-02  -3.9754732955643933e-02  -3.7929609329557815e-02  -3.6063387484033371e-02  -3.4174834805851186e-02  -3.2281827603738572e-02  -3.0400889518095504e-02  -2.8546691420385101e-02  -2.6731517087915123e-02  -2.4964703978800545e-02  -2.3252098311692847e-02  -2.1595622035267492e-02  -1.9993168538780630e-02  -1.8439205106034626e-02  -1.6926488295077993e-02  -1.5448840749343114e-02  -1.4003948425907659e-02  -1.2594703686155402e-02  -1.1228648189248805e-02  -9.9163403451640285e-03  -8.6696836150870205e-03  -7.5006685709993540e-03  -6.4205577160766254e-03  -5.4393705550473646e-03  -4.5655606887382936e-03  -3.8058004120029186e-03  -3.1648457071532061e-03  -2.6454540876789476e-03  -2.2483585331757022e-03  -1.9722823852056648e-03  -1.8140018481595452e-03  -1.7684382473398437e-03  -1.8287853822607277e-03  -1.9866517792238633e-03  -2.2322259949704923e-03  -2.5544466764087087e-03  -2.9411931171558700e-03  -3.3794770307780664e-03  -3.8556436025462687e-03  -4.3555254349507584e-03  -4.8644869595347445e-03  -5.3672228707270786e-03  -5.8472356577513908e-03  -6.2861348986475857e-03  -6.6631258339659473e-03  -6.9550821878083396e-03  -7.1370367026851594e-03  -7.1827594008128937e-03  -7.0651746422067049e-03  -6.7570298091532352e-03  -6.2325477712004418e-03  -5.4707289492352713e-03  -4.4597155692266861e-03  -3.1998440348164105e-03  -1.7029517580760545e-03   1.1665983611547359e-05   1.9219575326881646e-03   4.0064560235626755e-03   6.2459643250165247e-03   8.6240914058757553e-03   1.1127146151047792e-02   1.3743639337243027e-02   1.6463440212536387e-02   1.9276466613179413e-02   2.2170710268246789e-02   2.5129445454587424e-02   2.8127884295048429e-02   3.1130340075144772e-02   3.4089677284265998e-02   3.6950170037825587e-02   3.9652927514159123e-02   4.2141561265801417e-02   4.4366336788855675e-02   4.6286417201494984e-02   4.7870654475319616e-02   4.9097465649754340e-02   4.9954134172390328e-02   5.0435685197150207e-02   5.0543367985511387e-02   5.0282739254085530e-02   4.9661341356142724e-02   4.8686037717235391e-02   4.7360203081162955e-02   4.5681234382265234e-02   4.3639167436796196e-02   4.1217404455246333e-02   3.8396242500738267e-02   3.5158939666838210e-02   3.1498809999921079e-02   2.7425297128310416e-02   2.2967461109510836e-02   1.8174452649643930e-02   1.3113450496202397e-02   7.8659395413603964e-03   2.5231327663510286e-03  -2.8188816596190318e-03  -8.0639338001936983e-03  -1.3120321409404877e-02  -1.7905034009873835e-02  -2.2347599246659005e-02  -2.6393513588313055e-02  -3.0007180597973217e-02  -3.3174228064431217e-02  -3.5902953514116404e-02
  -4.2574049440225040e-02  -4.4569550980435517e-02  -4.6251750309326267e-02  -4.7694785759835545e-02  -4.8971935854968854e-02  -5.0141845834264218e-02  -5.1236548049921227e-02  -5.2258133733721943e-02  -5.3186399327856113e-02  -5.3991697113940973e-02  -5.4645312373925573e-02  -5.5124536532882545e-02  -5.5413782342000270e-02  -5.5503894006800877e-02  -5.5390999360261102e-02  -5.5075465012901809e-02  -5.4561092370090325e-02  -5.3854535400004414e-02  -5.2964878349984916e-02  -5.1903316113671182e-02  -5.0682891737704655e-02  -4.9318259477868283e-02  -4.7825450838011027e-02  -4.6221629447859819e-02  -4.4524824771671273e-02  -4.2753638744343514e-02  -4.0926920626936876e-02  -3.9063408066003343e-02  -3.7181331541258210e-02  -3.5297981347628821e-02  -3.3429234727617926e-02  -3.1589044440724398e-02  -2.9788891530055532e-02  -2.8037220290958162e-02  -2.6338898571832754e-02  -2.4694817728009570e-02  -2.3101863771583173e-02  -2.1553667645022128e-02  -2.0042567783212811e-02  -1.8562697385095382e-02  -1.7112965896325116e-02  -1.5698170851723061e-02  -1.4327836744519037e-02  -1.3013995184467768e-02  -1.1769232967362871e-02  -1.0605433153573271e-02  -9.5330881736079131e-03  -8.5609399583167888e-03  -7.6957896444380600e-03  -6.9423917441921871e-03  -6.3034058223381548e-03  -5.7793949070968839e-03  -5.3688739755983865e-03  -5.0684062648964495e-03  -4.8727473749234501e-03  -4.7750293686101460e-03  -4.7669777004707998e-03  -4.8391505436369119e-03  -4.9811920552277934e-03  -5.1820937846886600e-03  -5.4304532816255927e-03  -5.7147205787063116e-03  -6.0233833015025835e-03  -6.3450253363789844e-03  -6.6680972887531824e-03  -6.9803145865032293e-03  -7.2676734644429759e-03  -7.5135116186862520e-03  -7.6980427335517077e-03  -7.7986522630387640e-03  -7.7906030481596535e-03  -7.6477602383881078e-03  -7.3431872376859934e-03  -6.8499531359712366e-03  -6.1428084984219943e-03  -5.2012704400041868e-03  -4.0137130174443154e-03  -2.5804317273212841e-03  -9.1332237453745774e-04   9.6787617352261934e-04   3.0403286973532395e-03   5.2816483944783449e-03   7.6717041523086211e-03   1.0193152189059914e-02   1.2831219209974074e-02   1.5573045785046181e-02   1.8406664501471048e-02   2.1319561263564161e-02   2.4296701162984484e-02   2.7318000441989718e-02   3.0355536816124521e-02   3.3371372041225492e-02   3.6317287876313657e-02   3.9137344054899492e-02   4.1772747901162172e-02   4.4167281043695147e-02   4.6271577842288990e-02   4.8045627760496715e-02   4.9459717130870322e-02   5.0494320101635549e-02   5.1139289854496964e-02   5.1392551865696440e-02   5.1258338088475353e-02   5.0744989999725133e-02   4.9862348003921822e-02   4.8618878538032040e-02   4.7018850789958058e-02   4.5060164437841374e-02   4.2733632996042714e-02   4.0024498343891615e-02   3.6916422235835147e-02   3.3397303612117374e-02   2.9465490963686863e-02   2.5134800728367532e-02   2.0437291592404920e-02   1.5423536155568886e-02   1.0160769244086865e-02   4.7295536031229934e-03  -7.8040471872978245e-04  -6.2748020181438331e-03  -1.1659311031427654e-02  -1.6843968674966237e-02  -2.1747249000301332e-02  -2.6299731216809084e-02  -3.0447307212753481e-02  -3.4153862429860765e-02  -3.7403349408930142e-02  -4.0201092037787378e-02
  -4.7239703235812981e-02  -4.9283504135456228e-02  -5.0984898887319302e-02  -5.2414216207480741e-02  -5.3644071930535220e-02  -5.4736843223549561e-02  -5.5732137084866469e-02  -5.6640949003678158e-02  -5.7450673393978538e-02  -5.8136953678815453e-02  -5.8674429908494058e-02  -5.9042485236313974e-02  -5.9226840645858522e-02  -5.9219140678232265e-02  -5.9015967644232795e-02  -5.8617900568647033e-02  -5.8028780676211165e-02  -5.7255176665663071e-02  -5.6305994562152815e-02  -5.5192180809213877e-02  -5.3926475070036492e-02  -5.2523185020818312e-02  -5.0997960857769330e-02  -4.9367557355241468e-02  -4.7649572004907992e-02  -4.5862154824184265e-02  -4.4023683531073464e-02  -4.2152402734907765e-02  -4.0266022649792801e-02  -3.8381277494636587e-02  -3.6513440099081272e-02  -3.4675795760759714e-02  -3.2879078591309459e-02  -3.1130892617297269e-02  -2.9435166135540029e-02  -2.7791763767837978e-02  -2.6196509352788413e-02  -2.4642060791639227e-02  -2.3120123535830622e-02  -2.1624914715602579e-02  -2.0156442004030606e-02  -1.8721460671717913e-02  -1.7331663232901549e-02  -1.6000777534096969e-02  -1.4742266560984181e-02  -1.3568060768723186e-02  -1.2488010716829950e-02  -1.1509697259942844e-02  -1.0638378750224156e-02  -9.8769969448597745e-03  -9.2262129253631378e-03  -8.6844863970695404e-03  -8.2481981978542417e-03  -7.9118327916800277e-03  -7.6682084888155689e-03  -7.5087618429957089e-03  -7.4238598680039427e-03  -7.4031442565787395e-03  -7.4358732940997870e-03  -7.5112717124931165e-03  -7.6188389538144486e-03  -7.7486128183167496e-03  -7.8912661940192842e-03  -8.0379610916609841e-03  -8.1797530193236170e-03  -8.3065799411658689e-03  -8.4060174809361815e-03  -8.4623719218753675e-03  -8.4564977653831495e-03  -8.3663147361582313e-03  -8.1676522163308465e-03  -7.8350306214097568e-03  -7.3423691593410417e-03  -6.6638732218598264e-03  -5.7756556207734129e-03  -4.6584926303327480e-03  -3.3014642122837085e-03  -1.7048759941501769e-03   1.1964840066804733e-04   2.1523835194964605e-03   4.3700596633882722e-03   6.7495319938266057e-03   9.2697372810520012e-03   1.1912277275064236e-02   1.4661149113225181e-02   1.7501990492534602e-02   2.0420953894264904e-02   2.3403229805791251e-02   2.6431166747469204e-02   2.9482059214530405e-02   3.2525880032322790e-02   3.5523647581280696e-02   3.8427343871088732e-02   4.1182095117249851e-02   4.3730354720154171e-02   4.6016888382769849e-02   4.7993073054429826e-02   4.9619698551029982e-02   5.0868183774368948e-02   5.1720572006525682e-02   5.2168649714618848e-02   5.2212431033780614e-02   5.1858111790932152e-02   5.1115566268159100e-02   4.9995504015073244e-02   4.8506524442247040e-02   4.6652519250450226e-02   4.4431038411550987e-02   4.1833326061573611e-02   3.8846454919197485e-02   3.5457476289717009e-02   3.1658777110973126e-02   2.7453443518997679e-02   2.2859421616107892e-02   1.7911751262564092e-02   1.2662694733472472e-02   7.1800418399548573e-03   1.5440700463771398e-03  -4.1563377684116845e-03  -9.8279903628132430e-03  -1.5377782368112599e-02  -2.0716939548931414e-02  -2.5764953339990966e-02  -3.0453075977808816e-02  -3.4727309633075756e-02  -3.8550829723900476e-02  -4.1905805771279260e-02  -4.4794531504909502e-02
  -5.2132418493557341e-02  -5.4242283997905628e-02  -5.5979462918029507e-02  -5.7409478136171879e-02  -5.8602609662771948e-02  -5.9622977571284305e-02  -6.0516486417769688e-02  -6.1303454455627085e-02  -6.1980873526009554e-02  -6.2532155587929558e-02  -6.2937278461982452e-02  -6.3178891331661102e-02  -6.3244519932527749e-02  -6.3126675112588404e-02  -6.2822232102253947e-02  -6.2331722999175859e-02  -6.1658743954048141e-02  -6.0809505426702687e-02  -5.9792490739061809e-02  -5.8618188198362016e-02  -5.7298860239008383e-02  -5.5848328944842193e-02  -5.4281756090877376e-02  -5.2615409446468808e-02  -5.0866402346492652e-02  -4.9052404394053499e-02  -4.7191314103175633e-02  -4.5300894549990069e-02  -4.3398364487461157e-02  -4.1499947402528430e-02  -3.9620372312825600e-02  -3.7772332278389054e-02  -3.5965902677927847e-02  -3.4207945793074956e-02  -3.2501552865745728e-02  -3.0845660009578293e-02  -2.9235106967397645e-02  -2.7661618327459739e-02  -2.6116244805519051e-02  -2.4593192970181525e-02  -2.3093424037643889e-02  -2.1625523024817628e-02  -2.0203280267891800e-02  -1.8842108336055031e-02  -1.7556382752262512e-02  -1.6358154869649928e-02  -1.5256737074476072e-02  -1.4258672241265768e-02  -1.3367809568345546e-02  -1.2585411743900011e-02  -1.1910269324020523e-02  -1.1338856273575263e-02  -1.0865528925510372e-02  -1.0482798177770192e-02  -1.0181655638531167e-02  -9.9519669991742603e-03  -9.7828917744509185e-03  -9.6633367849241498e-03  -9.5823899675235649e-03  -9.5297426832150617e-03  -9.4960189377853790e-03  -9.4729828045160350e-03  -9.4534568710502448e-03  -9.4308499047231938e-03  -9.3981709156948853e-03  -9.3467082878497879e-03  -9.2648069012767342e-03  -9.1372135891918255e-03  -8.9452253711043428e-03  -8.6673712334273435e-03  -8.2803089836174272e-03  -7.7596317688958562e-03  -7.0806377110630356e-03  -6.2192668948390338e-03  -5.1536196271004149e-03  -3.8663488542851031e-03  -2.3477541083159956e-03  -5.9841352864035274e-04   1.3704011093742946e-03   3.5392735257095305e-03   5.8847929767106627e-03   8.3832233431340632e-03   1.1012605668482802e-02   1.3753439437875504e-02   1.6588416888134196e-02   1.9501626800849055e-02   2.2477390225359394e-02   2.5498813227958963e-02   2.8546060942771821e-02   3.1594474787261531e-02   3.4612777650905729e-02   3.7561900408119978e-02   4.0395056034700332e-02   4.3059578984834097e-02   4.5500408461200820e-02   4.7664446701624258e-02   4.9504636010343911e-02   5.0982904815641328e-02   5.2071660253686328e-02   5.2753952393404857e-02   5.3022599207363463e-02   5.2878511471251430e-02   5.2328426981391951e-02   5.1382191119253663e-02   5.0049839302792012e-02   4.8338785039234514e-02   4.6251641748970687e-02   4.3785203373575568e-02   4.0931116478035899e-02   3.7678381535590062e-02   3.4017420293422182e-02   2.9944903779109900e-02   2.5468364157838506e-02   2.0609668958364302e-02   1.5406825232744760e-02   9.9139834729966500e-03   4.1998441883268067e-03  -1.6551532162171478e-03  -7.5624682748587670e-03  -1.3429538851995129e-02  -1.9164015613652823e-02  -2.4677875159184536e-02  -2.9891232640634490e-02  -3.4735677835076424e-02  -3.9157059326777897e-02  -4.3117656091301047e-02  -4.6597744368877966e-02  -4.9596535361677505e-02
  -5.7142762423207462e-02  -5.9334020525512093e-02  -6.1122175753495517e-02  -6.2567404492172407e-02  -6.3736593996631299e-02  -6.4694088422548368e-02  -6.5490687466419478e-02  -6.6155610869520196e-02  -6.6696326742783571e-02  -6.7105606468552126e-02  -6.7370257121914925e-02  -6.7477190055131309e-02  -6.7416237078149033e-02  -6.7180932109256131e-02  -6.6768401098623226e-02  -6.6178989847604494e-02  -6.5415872549527326e-02  -6.4484719846956723e-02  -6.3393422784831177e-02  -6.2151862527782653e-02  -6.0771698762663223e-02  -5.9266166792813525e-02  -5.7649862696609586e-02  -5.5938513247419941e-02  -5.4148715323973633e-02  -5.2297646181365467e-02  -5.0402732481557522e-02  -4.8481281621612124e-02  -4.6550064537479049e-02  -4.4624855210369629e-02  -4.2719917551073509e-02  -4.0847448990333768e-02  -3.9016980128564943e-02  -3.7234763000417573e-02  -3.5503199718637260e-02  -3.3820460296470997e-02  -3.2180572782151126e-02  -3.0574501884085066e-02  -2.8992788359396792e-02  -2.7429690889479948e-02  -2.5887038720309834e-02  -2.4375008574555150e-02  -2.2909192939116071e-02  -2.1506446792557910e-02  -2.0181927937595281e-02  -1.8947789997001974e-02  -1.7812876146929439e-02  -1.6782815029051650e-02  -1.5860199070987915e-02  -1.5044771211301031e-02  -1.4333606236571938e-02  -1.3721336145410988e-02  -1.3200428404741312e-02  -1.2761554893397632e-02  -1.2394028286754438e-02  -1.2086317529937211e-02  -1.1826589457153354e-02  -1.1603276064909244e-02  -1.1405595311721873e-02  -1.1224013155292371e-02  -1.1050534004914171e-02  -1.0878745281167515e-02  -1.0703438289477212e-02  -1.0519733437853323e-02  -1.0321780691533076e-02  -1.0101367194149224e-02  -9.8469429409765614e-03  -9.5433361523481267e-03  -9.1721724573914504e-03  -8.7126580176626264e-03  -8.1424712466663975e-03  -7.4385774712609383e-03  -6.5780248439374737e-03  -5.5388972693700862e-03  -4.3017050866043516e-03  -2.8514222539738829e-03  -1.1800298032082490e-03   7.1124048089794140e-04   2.8113205560086965e-03   5.1012008640091006e-03   7.5575220750252348e-03   1.0156102502834042e-02   1.2874150372253139e-02   1.5691071559937035e-02   1.8588258626080836e-02   2.1548303204235422e-02   2.4553846781874802e-02   2.7586207409197226e-02   3.0623836684599184e-02   3.3640748958434011e-02   3.6605139218059933e-02   3.9478585013087583e-02   4.2216261170782129e-02   4.4768513395075107e-02   4.7083730478688302e-02   4.9112011937540848e-02   5.0808802668728281e-02   5.2137732664542108e-02   5.3072236958667529e-02   5.3595873261534852e-02   5.3701524206851411e-02   5.3389689259213467e-02   5.2666151757871135e-02   5.1539234725009091e-02   5.0017003985127921e-02   4.8104766643182313e-02   4.5803381935153153e-02   4.3108799988540170e-02   4.0013180015762713e-02   3.6507551907891095e-02   3.2585665977277516e-02   2.8248301607192793e-02   2.3507223430471735e-02   1.8388076024412857e-02   1.2931801605451813e-02   7.1945097239177747e-03   1.2459409301530944e-03  -4.8331519979206081e-03  -1.0954412406374989e-02  -1.7025732181160144e-02  -2.2955313799996151e-02  -2.8655646285726991e-02  -3.4047207128025947e-02  -3.9061660290137301e-02  -4.3644463254413679e-02  -4.7756806672703489e-02  -5.1376939700019254e-02  -5.4500912040652466e-02
  -6.2145422333391855e-02  -6.4430616495848206e-02  -6.6283312079441215e-02  -6.7758181411903373e-02  -6.8918248332074147e-02  -6.9827159675799361e-02  -7.0539386692001105e-02  -7.1092045606642659e-02  -7.1502771556615441e-02  -7.1774069573183191e-02  -7.1900250528268747e-02  -7.1873117055959113e-02  -7.1685250001990386e-02  -7.1331461459503115e-02  -7.0809243901683958e-02  -7.0118781179754563e-02  -6.9262796905693480e-02  -6.8246365414044552e-02  -6.7076718538709224e-02  -6.5763062630440544e-02  -6.4316393927060053e-02  -6.2749310994952970e-02  -6.1075808034730519e-02  -5.9311049099689386e-02  -5.7471108905671621e-02  -5.5572682762734457e-02  -5.3632752548845697e-02  -5.1668213510045469e-02  -4.9695449535165630e-02  -4.7729863328085445e-02  -4.5785350431937363e-02  -4.3873728360331737e-02  -4.2004119573185533e-02  -4.0182324242267253e-02  -3.8410237267319382e-02  -3.6685470695178003e-02  -3.5001478684849194e-02  -3.3348731902736330e-02  -3.1717532687496976e-02  -3.0102381523949770e-02  -2.8505952465694970e-02  -2.6939716988287152e-02  -2.5420609753867590e-02  -2.3966497334217317e-02  -2.2593043802538612e-02  -2.1312403282095216e-02  -2.0132983954414329e-02  -1.9059620624172068e-02  -1.8093813252978132e-02  -1.7233964187177937e-02  -1.6475608843647231e-02  -1.5811705627341084e-02  -1.5232997947782597e-02  -1.4728494113478392e-02  -1.4286032207634553e-02  -1.3892939109698663e-02  -1.3536706931079567e-02  -1.3205674541249983e-02  -1.2889605791463071e-02  -1.2580126800902838e-02  -1.2270862106597519e-02  -1.1957180286004197e-02  -1.1635415607518580e-02  -1.1301632772235181e-02  -1.0950206797912830e-02  -1.0572632808918282e-02  -1.0156949316433697e-02  -9.6878164102187983e-03  -9.1471191246185433e-03  -8.5147925378666334e-03  -7.7696833663159492e-03  -6.8903485006286819e-03  -5.8558492597485384e-03  -4.6466803273777779e-03  -3.2460216204681230e-03  -1.6414449874535414e-03   1.7304235731805534e-04   2.1951709326345145e-03   4.4137912358618442e-03   6.8102221984583447e-03   9.3612290607265197e-03   1.2042280261501774e-02   1.4829815297620471e-02   1.7702192411276817e-02   2.0639574996441350e-02   2.3623193742119287e-02   2.6634249852273570e-02   2.9652641264757928e-02   3.2655606855131539e-02   3.5616433502762307e-02   3.8503412864980560e-02   4.1279336731576646e-02   4.3901822199979693e-02   4.6324679977413498e-02   4.8500281848489833e-02   5.0382579223525015e-02   5.1930186457865318e-02   5.3108911410642959e-02   5.3893311358138470e-02   5.4267086563464774e-02   5.4222391853197369e-02   5.3758233471516613e-02   5.2878246691007262e-02   5.1588130149159458e-02   4.9893130428331309e-02   4.7795950254019906e-02   4.5295538373619063e-02   4.2387087422501891e-02   3.9063443776279322e-02   3.5317799125120466e-02   3.1147264237856399e-02   2.6556674567994668e-02   2.1561941147863421e-02   1.6192402137936053e-02   1.0491860947004397e-02   4.5182926443039645e-03  -1.6576585919398784e-03  -7.9551164828780448e-03  -1.4286126779557692e-02  -2.0559244349270020e-02  -2.6683370428384694e-02  -3.2571559004678299e-02  -3.8144598809786087e-02  -4.3334097795967558e-02  -4.8084948461216588e-02  -5.2357073105653795e-02  -5.6126536539702038e-02  -5.9386111479313150e-02
