,t,msd,var,lt
0,0.0,0.0,,37692
1,1.4598540145985401,0.43489925981548383,4906533.880594057,6695
2,2.9197080291970803,0.8351526429057321,4906533.880594057,5598
3,4.37956204379562,1.318709002733674,4905024.991705371,2199
4,5.839416058394161,1.9485497417878304,4903092.96392766,1793
5,7.299270072992701,2.733922212305794,4900908.363927611,1098
6,8.75912408759124,3.6756730012119627,4898543.572816495,799
7,10.21897810218978,4.772165051128757,4895887.055809686,519
8,11.678832116788321,6.021828943867905,4892888.240758668,574
9,13.138686131386862,7.4331605587091785,4889916.598783363,265
10,14.598540145985401,8.99807795547748,4886932.895079658,409
11,16.05839416058394,10.688828448420738,4882561.493426768,110
12,17.51824817518248,12.533637754041731,4878698.037044768,114
13,18.978102189781023,14.530779199842465,4874051.409825834,256
14,20.43795620437956,16.682276855844222,4869162.046705437,122
15,21.8978102189781,18.969895248047738,4865128.018406116,150
16,23.357664233576642,21.390275547335936,4860447.246183894,112
17,24.817518248175183,23.934269271732706,4856432.952066248,103
18,26.277372262773724,26.571080696887336,4850776.115464941,73
19,27.73722627737226,29.34693327374926,4844376.194532003,87
20,29.197080291970803,32.17880176647048,4838052.894282699,56
21,30.656934306569344,35.149455741921216,4831028.765847323,82
22,32.11678832116788,38.1899620436644,4820142.620160399,49
23,33.57664233576642,41.346849417389365,4811214.998419706,82
24,35.03649635036496,44.62516409232472,4800186.572038693,18
25,36.496350364963504,47.94567369379305,4791876.696083139,38
26,37.956204379562045,51.40628916529969,4786398.539775447,46
27,39.416058394160586,54.88639706424588,4777066.66462833,27
28,40.87591240875912,58.43525808640355,4769526.604922554,39
29,42.33576642335766,61.978955468870694,4761020.966372723,33
30,43.7956204379562,65.521850781664,4742125.866750579,31
31,45.25547445255474,69.25342252365061,4732060.204537605,28
32,46.715328467153284,73.00806099489463,4721508.385944506,32
33,48.175182481751825,76.81263827898745,4699837.536067897,18
34,49.63503649635037,80.60098584999905,4685262.402295445,35
35,51.09489051094891,84.42262497953111,4642774.8002786385,11
36,52.55474452554745,88.36335240354477,4622891.349316179,35
37,54.01459854014598,92.35172804712064,4599253.320314205,9
38,55.47445255474452,96.31301633628236,4589069.428260438,11
39,56.934306569343065,100.35579328886256,4572116.2757638125,20
40,58.394160583941606,104.34094215011544,4557310.052686889,20
41,59.85401459854015,108.28812831347074,4497146.771080702,18
42,61.31386861313869,112.23108093687198,4480953.825045181,19
43,62.77372262773723,116.45050085755567,4467244.826324294,26
44,64.23357664233576,120.13706140889164,4447302.397287379,18
45,65.69343065693431,124.18603048924695,4405727.022770492,19
46,67.15328467153284,128.32678180389865,4399086.526816794,6
47,68.61313868613139,132.55406709590673,4348989.786016785,20
48,70.07299270072993,137.0401397676652,4301945.762660628,3
49,71.53284671532846,141.18578791078858,4299722.87643556,4
50,72.99270072992701,145.12352860559884,4253592.181819651,18
51,74.45255474452554,148.62848036628748,4155671.611522074,19
52,75.91240875912409,152.71845708199106,4056456.061916665,5
53,77.37226277372262,156.80817617551435,4024535.945351356,7
54,78.83211678832117,161.2344459749447,4009558.53773201,17
55,80.2919708029197,165.85209259421245,3999464.6672607427,3
56,81.75182481751824,169.79477113050885,3992752.7222683327,12
57,83.21167883211679,174.11606397457092,3985637.6161728934,6
58,84.67153284671532,178.0047331546582,3969330.7260228465,10
59,86.13138686131387,181.83545889599233,3930251.9985035565,2
60,87.5912408759124,185.87048890634205,3922171.1722828024,9
61,89.05109489051095,189.7619593435975,3872257.7329695956,2
62,90.51094890510949,194.04804399510098,3862490.4111269503,2
63,91.97080291970804,198.0198983965468,3859245.2864890504,6
64,93.43065693430657,202.1696809672761,3785082.2384679606,3
65,94.8905109489051,206.49223952442105,3765747.557304869,4
66,96.35036496350365,210.53422649515585,3764194.3130308213,5
67,97.81021897810218,214.83256925605176,3730514.327855756,3
68,99.27007299270073,218.77320413736385,3693037.654015781,2
69,100.72992700729927,222.5305191460346,3680384.001195759,8
70,102.18978102189782,226.17673694974872,3599529.0503973924,1
71,103.64963503649635,230.39070072739582,3578322.7916877912,9
72,105.1094890510949,234.54909405634857,3575064.3112494536,4
73,106.56934306569343,238.39528042730015,3564840.6207955196,4
74,108.02919708029196,241.99739761609982,3529291.9691537526,2
75,109.48905109489051,245.0293345256266,3509081.2656316357,4
76,110.94890510948905,249.03594355916186,3482579.287973894,3
77,112.4087591240876,252.45832372964253,3480900.8420236865,3
78,113.86861313868613,255.6256273615785,3480900.8420236865,5
79,115.32846715328468,258.4947074407509,3407063.598294834,2
80,116.78832116788321,261.6423831192615,3404812.2621648065,3
81,118.24817518248175,264.6989705085533,3403222.9659744394,3
82,119.7080291970803,267.1687993118187,3368049.720440943,3
83,121.16788321167883,270.31702479580787,3155780.7637429545,0
84,122.62773722627738,273.5815283533057,3155780.7637429545,1
85,124.08759124087591,276.08485634493127,3141607.954416557,1
86,125.54744525547446,278.8294791909633,3130942.164177674,1
87,127.00729927007299,281.6972463412926,3130758.9860235783,3
88,128.46715328467153,284.8495992796038,3128900.6770938314,2
89,129.92700729927006,287.4575519848771,3114827.8173549427,5
90,131.38686131386862,290.9189257787713,3111696.4808628857,0
91,132.84671532846716,294.26304011017385,3108752.675583926,2
92,134.3065693430657,296.8632382175102,3104529.6661455417,0
93,135.76642335766422,299.4751713053041,3104529.6661455417,2
94,137.22627737226279,302.05788097501943,3104529.6661455417,1
95,138.68613138686132,305.16996877597325,2880383.6980693387,1
96,140.14598540145985,307.2182849043232,2854405.0168896005,0
97,141.6058394160584,309.28586953640627,2630924.0249023926,3
98,143.06569343065692,312.59965068103656,2630924.0249023926,0
99,144.52554744525548,315.9672303562038,2630924.0249023926,1
100,145.98540145985402,319.1652703623765,2629532.1284215436,0
101,147.44525547445255,323.03789126853377,2617182.479160177,0
102,148.90510948905109,326.0124790492153,2539472.0969947213,2
103,150.36496350364965,328.4570881719047,2532117.605181589,3
104,151.82481751824818,331.4896716927267,2532117.605181589,2
105,153.28467153284672,333.6695997778472,2531324.333470577,0
106,154.74452554744525,335.69723141979495,2366726.9965361203,0
107,156.20437956204378,338.93880360849107,2363435.078092412,1
108,157.66423357664235,343.1524157070122,2290217.983403716,3
109,159.12408759124088,346.3822546879872,2290217.983403716,0
110,160.5839416058394,349.47453509230036,2290217.983403716,2
111,162.04379562043795,352.6064844835572,2290217.983403716,1
112,163.50364963503648,355.77601077530187,2290217.983403716,0
113,164.96350364963504,357.3790414461858,2224987.2141116364,1
114,166.42335766423358,360.84681039883066,2212594.058862918,3
115,167.8832116788321,363.0287603305785,2161730.405328924,2
116,169.34306569343065,366.3038177374498,2161730.405328924,1
117,170.8029197080292,369.6779389006706,2161730.405328924,1
118,172.26277372262774,372.13566255568014,2150679.4133787802,0
119,173.72262773722628,375.12222147605934,2095691.374325492,0
120,175.1824817518248,379.8593335924526,2093915.3298465242,0
121,176.64233576642334,382.9880819500954,2093915.3298465242,0
122,178.1021897810219,385.9752982198569,2093915.3298465242,2
123,179.56204379562044,388.96298237077514,2093915.3298465242,1
124,181.02189781021897,390.2943222710916,1814289.6416948917,1
125,182.4817518248175,393.9534324709717,1814289.6416948917,0
126,183.94160583941607,397.66519933554815,1814289.6416948917,0
127,185.4014598540146,401.46690662714377,1814289.6416948917,1
128,186.86131386861314,405.207818574514,1814289.6416948917,3
129,188.32116788321167,408.90156491073395,1814289.6416948917,1
130,189.7810218978102,412.4091809180918,1814289.6416948917,0
131,191.24087591240877,413.8567403449113,1805324.4067962207,0
132,192.7007299270073,417.2839205955335,1805324.4067962207,0
133,194.16058394160584,420.75551610448895,1805324.4067962207,1
134,195.62043795620437,428.56361978328505,1780904.9910956963,1
135,197.08029197080293,431.9523653088042,1780904.9910956963,0
136,198.54014598540147,435.33981885273397,1766514.9925144883,0
137,200.0,432.5580124869927,1735958.7786248862,0
138,201.45985401459853,438.5263193277311,1725289.694381045,0
139,202.91970802919707,439.6911202931317,1650243.2820966772,0
140,204.37956204379563,443.12821530644646,1650243.2820966772,0
141,205.83941605839416,446.52317023857665,1650243.2820966772,1
142,207.2992700729927,453.1199137931034,1609192.085076011,0
143,208.75912408759123,456.6737489025461,1609192.085076011,0
144,210.2189781021898,460.1031305903399,1609192.085076011,1
145,211.67883211678833,463.37447584320876,1609192.085076011,1
146,213.13868613138686,466.76338289962825,1609192.085076011,1
147,214.5985401459854,469.97554502369667,1609192.085076011,1
148,216.05839416058393,473.0848162475822,1609192.085076011,1
149,217.5182481751825,476.0328726554788,1609192.085076011,1
150,218.97810218978103,478.80060483870966,1609192.085076011,2
151,220.43795620437956,476.4245250824707,1608083.0050448312,0
152,221.8978102189781,478.70270898732707,1608083.0050448312,0
153,223.35766423357663,480.756866008798,1608083.0050448312,1
154,224.8175182481752,483.0152049628999,1608083.0050448312,0
155,226.27737226277372,477.40122426266,1606591.0647429342,0
156,227.73722627737226,478.9303120991877,1606591.0647429342,0
157,229.1970802919708,483.7185253174239,1501097.2071713738,0
158,230.65693430656935,485.9013157894737,1501097.2071713738,0
159,232.1167883211679,488.0926015085861,1501097.2071713738,0
160,233.57664233576642,490.0409674234946,1501097.2071713738,0
161,235.03649635036496,497.9264099037139,1382635.7661371739,0
162,236.4963503649635,501.4802816901408,1382635.7661371739,0
163,237.95620437956205,505.3165584415584,1382635.7661371739,1
164,239.4160583941606,508.85743343195264,1195782.5858587918,0
165,240.87591240875912,514.8139183055976,1195782.5858587918,0
166,242.33576642335765,520.9582043343653,1195782.5858587918,0
167,243.79562043795622,527.0618066561015,1195782.5858587918,1
168,245.25547445255475,533.1087662337662,1195782.5858587918,0
169,246.71532846715328,539.3296589018303,1195782.5858587918,1
170,248.17518248175182,545.5313566552901,1195782.5858587918,0
171,249.63503649635035,551.8800350262698,1195782.5858587918,0
172,251.09489051094891,558.2457284172662,1195782.5858587918,0
173,252.55474452554745,564.9339186691312,1195782.5858587918,1
174,254.01459854014598,571.6775190114068,1195782.5858587918,0
175,255.47445255474452,578.4987769080235,1195782.5858587918,0
176,256.93430656934305,585.2993951612904,1195782.5858587918,0
177,258.3941605839416,592.4454261954262,1195782.5858587918,0
178,259.8540145985401,614.109853712393,1163944.6535855513,1
179,261.3138686131387,622.6631608868676,1163944.6535855513,0
180,262.77372262773724,631.5880457075887,1163944.6535855513,0
181,264.2335766423358,628.0450017176228,1113080.0904916888,0
182,265.6934306569343,638.463475177305,1113080.0904916888,0
183,267.15328467153284,649.4602418468303,1113080.0904916888,0
184,268.6131386861314,660.6884003032601,1113080.0904916888,0
185,270.0729927007299,672.5626226933647,1110159.2129854439,0
186,271.53284671532845,682.2183070068854,1110159.2129854439,0
187,272.992700729927,692.3831033040569,1110159.2129854439,0
188,274.45255474452557,703.0410722006053,1110159.2129854439,0
189,275.9124087591241,713.6442953020135,1110159.2129854439,0
190,277.37226277372264,724.9884098284655,1110159.2129854439,0
191,278.8321167883212,737.1616161616162,1100980.3451075905,0
192,280.2919708029197,747.2518628912071,1100980.3451075905,0
193,281.75182481751824,757.2742681047765,1100980.3451075905,1
194,283.2116788321168,767.3646996278575,1100980.3451075905,0
195,284.6715328467153,777.7228650137741,1100980.3451075905,1
196,286.13138686131384,788.4202401372213,1100980.3451075905,0
197,287.59124087591243,800.0005941770647,1100980.3451075905,0
198,289.05109489051097,838.7840375586854,1084947.2320232906,0
199,290.5109489051095,848.3356545961003,1084947.2320232906,0
200,291.97080291970804,837.3860705073087,1076308.3863171847,1
201,293.43065693430657,847.4740608228981,1076308.3863171847,0
202,294.8905109489051,857.8918918918919,1076308.3863171847,0
203,296.35036496350364,868.1284046692607,1076308.3863171847,0
204,297.81021897810217,848.956304619226,966396.3530378055,0
205,299.2700729927007,860.0771241830065,966396.3530378055,0
206,300.7299270072993,872.3497942386831,966396.3530378055,1
207,302.18978102189783,885.4069264069265,966396.3530378055,0
208,303.64963503649636,899.0258751902587,966396.3530378055,0
209,305.1094890510949,913.0901771336554,966396.3530378055,0
210,306.56934306569343,927.7162393162394,966396.3530378055,0
211,308.02919708029196,943.1475409836065,966396.3530378055,0
212,309.4890510948905,1013.8916478555304,876251.3275648804,0
213,310.94890510948903,970.4220183486239,703841.7726886088,0
214,312.40875912408757,983.7884615384615,703841.7726886088,0
215,313.86861313868616,998.5993265993266,703841.7726886088,1
216,315.3284671532847,1015.2517730496454,703841.7726886088,0
217,316.7883211678832,1033.4943820224719,703841.7726886088,1
218,318.24817518248176,1051.404761904762,703841.7726886088,0
219,319.7080291970803,1071.789029535865,703841.7726886088,0
220,321.1678832116788,1094.2432432432433,703841.7726886088,0
221,322.62773722627736,1119.072463768116,703841.7726886088,1
222,324.0875912408759,1143.5416666666667,703841.7726886088,0
223,325.54744525547443,1172.1016949152543,703841.7726886088,0
224,327.00729927007296,1205.537037037037,703841.7726886088,0
225,328.46715328467155,1244.8163265306123,703841.7726886088,0
226,329.9270072992701,1289.3560606060605,703841.7726886088,0
227,331.3868613138686,1344.051282051282,703841.7726886088,0
228,332.84671532846716,1410.078431372549,697190.1634853499,0
229,334.3065693430657,1417.75,697190.1634853499,1
230,335.7664233576642,1426.8658536585365,697190.1634853499,1
231,337.22627737226276,1437.9583333333333,697190.1634853499,1
232,338.6861313868613,1504.530612244898,681401.6677674144,0
233,340.1459854014598,1445.2558139534883,681401.6677674144,0
234,341.6058394160584,1356.2702702702702,681401.6677674144,0
235,343.06569343065695,1214.7142857142858,141243.6260122863,0
236,344.5255474452555,1259.2222222222222,130257.38699941046,0
237,345.985401459854,1269.0,130257.38699941046,0
238,347.44525547445255,1281.5714285714287,130257.38699941046,0
239,348.9051094890511,1288.3333333333333,130257.38699941046,0
240,350.3649635036496,1297.8,130257.38699941046,0
241,351.82481751824815,1312.0,130257.38699941046,0
242,353.2846715328467,1312.0,130257.38699941046,0
243,354.7445255474453,1312.0,130257.38699941046,0
244,356.2043795620438,1312.0,130257.38699941046,0
245,357.66423357664235,0.0,0.0,0
246,359.1240875912409,0.0,0.0,0
247,360.5839416058394,0.0,0.0,1
248,362.04379562043795,0.0,0.0,0
249,363.5036496350365,0.0,0.0,0
250,364.963503649635,0.0,0.0,0
251,366.42335766423355,0.0,0.0,0
252,367.88321167883214,0.0,0.0,1
253,369.3430656934307,0.0,0.0,0
254,370.8029197080292,0.0,0.0,1
255,372.26277372262774,0.0,0.0,0
256,373.7226277372263,0.0,0.0,1
257,375.1824817518248,0.0,0.0,0
258,376.64233576642334,0.0,0.0,0
259,378.1021897810219,0.0,0.0,0
260,379.5620437956204,0.0,0.0,0
261,381.021897810219,0.0,0.0,0
262,382.48175182481754,0.0,0.0,0
263,383.94160583941607,0.0,0.0,0
264,385.4014598540146,0.0,0.0,0
265,386.86131386861314,0.0,0.0,1
266,388.3211678832117,0.0,0.0,0
267,389.7810218978102,0.0,0.0,0
268,391.24087591240874,0.0,0.0,0
269,392.7007299270073,0.0,0.0,0
270,394.16058394160586,0.0,0.0,0
271,395.6204379562044,0.0,0.0,0
272,397.08029197080293,0.0,0.0,0
273,398.54014598540147,0.0,0.0,0
274,400.0,0.0,0.0,0
275,401.45985401459853,0.0,0.0,0
276,402.91970802919707,0.0,0.0,0
277,404.3795620437956,0.0,0.0,0
278,405.83941605839414,0.0,0.0,0
279,407.2992700729927,0.0,0.0,0
280,408.75912408759126,0.0,0.0,0
281,410.2189781021898,0.0,0.0,0
282,411.6788321167883,0.0,0.0,0
283,413.13868613138686,0.0,0.0,0
284,414.5985401459854,0.0,0.0,0
285,416.05839416058393,0.0,0.0,0
286,417.51824817518246,0.0,0.0,0
287,418.978102189781,0.0,0.0,0
288,420.4379562043796,0.0,0.0,0
289,421.8978102189781,0.0,0.0,0
290,423.35766423357666,0.0,0.0,0
291,424.8175182481752,0.0,0.0,0
292,426.2773722627737,0.0,0.0,0
293,427.73722627737226,0.0,0.0,0
294,429.1970802919708,0.0,0.0,0
295,430.6569343065693,0.0,0.0,0
296,432.11678832116786,0.0,0.0,0
297,433.5766423357664,0.0,0.0,0
298,435.036496350365,0.0,0.0,0
299,436.4963503649635,0.0,0.0,0
300,437.95620437956205,0.0,0.0,0
301,439.4160583941606,0.0,0.0,0
302,440.8759124087591,0.0,0.0,0
303,442.33576642335765,0.0,0.0,0
304,443.7956204379562,0.0,0.0,0
305,445.2554744525547,0.0,0.0,0
306,446.71532846715326,0.0,0.0,0
307,448.17518248175185,0.0,0.0,0
308,449.6350364963504,0.0,0.0,0
309,451.0948905109489,0.0,0.0,0
310,452.55474452554745,0.0,0.0,0
311,454.014598540146,0.0,0.0,0
312,455.4744525547445,0.0,0.0,0
313,456.93430656934305,0.0,0.0,0
314,458.3941605839416,0.0,0.0,0
315,459.8540145985401,0.0,0.0,0
316,461.3138686131387,0.0,0.0,0
317,462.77372262773724,0.0,0.0,0
318,464.2335766423358,0.0,0.0,0
319,465.6934306569343,0.0,0.0,0
320,467.15328467153284,0.0,0.0,0
321,468.6131386861314,0.0,0.0,0
322,470.0729927007299,0.0,0.0,0
323,471.53284671532845,0.0,0.0,0
324,472.992700729927,0.0,0.0,0
325,474.45255474452557,0.0,0.0,0
326,475.9124087591241,0.0,0.0,0
327,477.37226277372264,0.0,0.0,0
328,478.8321167883212,0.0,0.0,0
329,480.2919708029197,0.0,0.0,0
330,481.75182481751824,0.0,0.0,0
331,483.2116788321168,0.0,0.0,0
332,484.6715328467153,0.0,0.0,0
333,486.13138686131384,0.0,0.0,0
334,487.59124087591243,0.0,0.0,0
335,489.05109489051097,0.0,0.0,0
336,490.5109489051095,0.0,0.0,0
337,491.97080291970804,0.0,0.0,0
338,493.43065693430657,0.0,0.0,0
339,494.8905109489051,0.0,0.0,0
340,496.35036496350364,0.0,0.0,0
341,497.81021897810217,0.0,0.0,0
342,499.2700729927007,0.0,0.0,0
343,500.7299270072993,0.0,0.0,0
344,502.18978102189783,0.0,0.0,0
345,503.64963503649636,0.0,0.0,0
346,505.1094890510949,0.0,0.0,0
347,506.56934306569343,0.0,0.0,0
348,508.02919708029196,0.0,0.0,0
349,509.4890510948905,0.0,0.0,0
350,510.94890510948903,0.0,0.0,0
351,512.4087591240876,0.0,0.0,0
352,513.8686131386861,0.0,0.0,0
353,515.3284671532847,0.0,0.0,0
354,516.7883211678832,0.0,0.0,0
355,518.2481751824818,0.0,0.0,0
356,519.7080291970802,0.0,0.0,0
357,521.1678832116788,0.0,0.0,0
358,522.6277372262774,0.0,0.0,0
359,524.0875912408759,0.0,0.0,0
360,525.5474452554745,0.0,0.0,0
361,527.007299270073,0.0,0.0,0
362,528.4671532846716,0.0,0.0,0
363,529.92700729927,0.0,0.0,0
364,531.3868613138686,0.0,0.0,0
365,532.8467153284671,0.0,0.0,0
366,534.3065693430657,0.0,0.0,0
367,535.7664233576643,0.0,0.0,0
368,537.2262773722628,0.0,0.0,0
369,538.6861313868613,0.0,0.0,0
370,540.1459854014598,0.0,0.0,0
371,541.6058394160584,0.0,0.0,0
372,543.0656934306569,0.0,0.0,0
373,544.5255474452555,0.0,0.0,0
374,545.985401459854,0.0,0.0,0
375,547.4452554744526,0.0,0.0,0
376,548.9051094890511,0.0,0.0,0
377,550.3649635036496,0.0,0.0,0
378,551.8248175182482,0.0,0.0,0
379,553.2846715328467,0.0,0.0,0
380,554.7445255474453,0.0,0.0,0
381,556.2043795620438,0.0,0.0,0
382,557.6642335766423,0.0,0.0,0
383,559.1240875912408,0.0,0.0,0
384,560.5839416058394,0.0,0.0,0
385,562.043795620438,0.0,0.0,0
386,563.5036496350365,0.0,0.0,0
387,564.9635036496351,0.0,0.0,0
388,566.4233576642335,0.0,0.0,0
389,567.8832116788321,0.0,0.0,0
390,569.3430656934306,0.0,0.0,0
391,570.8029197080292,0.0,0.0,0
392,572.2627737226277,0.0,0.0,0
393,573.7226277372263,0.0,0.0,0
394,575.1824817518249,0.0,0.0,0
395,576.6423357664233,0.0,0.0,0
396,578.1021897810219,0.0,0.0,0
397,579.5620437956204,0.0,0.0,0
398,581.021897810219,0.0,0.0,0
399,582.4817518248175,0.0,0.0,0
400,583.9416058394161,0.0,0.0,0
401,585.4014598540145,0.0,0.0,0
402,586.8613138686131,0.0,0.0,0
403,588.3211678832117,0.0,0.0,0
404,589.7810218978102,0.0,0.0,0
405,591.2408759124088,0.0,0.0,0
406,592.7007299270073,0.0,0.0,0
407,594.1605839416059,0.0,0.0,0
408,595.6204379562043,0.0,0.0,0
409,597.0802919708029,0.0,0.0,0
410,598.5401459854014,0.0,0.0,0
411,600.0,0.0,0.0,0
412,601.4598540145986,0.0,0.0,0
413,602.9197080291971,0.0,0.0,0
414,604.3795620437957,0.0,0.0,0
415,605.8394160583941,0.0,0.0,0
416,607.2992700729927,0.0,0.0,0
417,608.7591240875912,0.0,0.0,0
418,610.2189781021898,0.0,0.0,0
419,611.6788321167883,0.0,0.0,0
420,613.1386861313869,0.0,0.0,0
421,614.5985401459855,0.0,0.0,0
422,616.0583941605839,0.0,0.0,0
423,617.5182481751825,0.0,0.0,0
424,618.978102189781,0.0,0.0,0
425,620.4379562043796,0.0,0.0,0
426,621.8978102189781,0.0,0.0,0
427,623.3576642335767,0.0,0.0,0
428,624.8175182481751,0.0,0.0,0
429,626.2773722627737,0.0,0.0,0
430,627.7372262773723,0.0,0.0,0
431,629.1970802919708,0.0,0.0,0
432,630.6569343065694,0.0,0.0,0
433,632.1167883211679,0.0,0.0,0
434,633.5766423357665,0.0,0.0,0
435,635.0364963503649,0.0,0.0,0
436,636.4963503649635,0.0,0.0,0
437,637.956204379562,0.0,0.0,0
438,639.4160583941606,0.0,0.0,0
439,640.8759124087592,0.0,0.0,0
440,642.3357664233577,0.0,0.0,0
441,643.7956204379562,0.0,0.0,0
442,645.2554744525547,0.0,0.0,0
443,646.7153284671533,0.0,0.0,0
444,648.1751824817518,0.0,0.0,0
445,649.6350364963504,0.0,0.0,0
446,651.0948905109489,0.0,0.0,0
447,652.5547445255474,0.0,0.0,0
448,654.0145985401459,0.0,0.0,0
449,655.4744525547445,0.0,0.0,0
450,656.9343065693431,0.0,0.0,0
451,658.3941605839416,0.0,0.0,0
452,659.8540145985402,0.0,0.0,0
453,661.3138686131387,0.0,0.0,0
454,662.7737226277372,0.0,0.0,0
455,664.2335766423357,0.0,0.0,0
456,665.6934306569343,0.0,0.0,0
457,667.1532846715328,0.0,0.0,0
458,668.6131386861314,0.0,0.0,0
459,670.07299270073,0.0,0.0,0
460,671.5328467153284,0.0,0.0,0
461,672.992700729927,0.0,0.0,0
462,674.4525547445255,0.0,0.0,0
463,675.9124087591241,0.0,0.0,0
464,677.3722627737226,0.0,0.0,0
465,678.8321167883212,0.0,0.0,0
466,680.2919708029196,0.0,0.0,0
467,681.7518248175182,0.0,0.0,0
468,683.2116788321168,0.0,0.0,0
469,684.6715328467153,0.0,0.0,0
470,686.1313868613139,0.0,0.0,0
471,687.5912408759124,0.0,0.0,0
472,689.051094890511,0.0,0.0,0
473,690.5109489051094,0.0,0.0,0
474,691.970802919708,0.0,0.0,0
475,693.4306569343065,0.0,0.0,0
476,694.8905109489051,0.0,0.0,0
477,696.3503649635037,0.0,0.0,0
478,697.8102189781022,0.0,0.0,0
479,699.2700729927008,0.0,0.0,0
480,700.7299270072992,0.0,0.0,0
481,702.1897810218978,0.0,0.0,0
482,703.6496350364963,0.0,0.0,0
483,705.1094890510949,0.0,0.0,0
484,706.5693430656934,0.0,0.0,0
485,708.029197080292,0.0,0.0,0
486,709.4890510948906,0.0,0.0,0
487,710.948905109489,0.0,0.0,0
488,712.4087591240876,0.0,0.0,0
489,713.8686131386861,0.0,0.0,0
490,715.3284671532847,0.0,0.0,0
491,716.7883211678832,0.0,0.0,0
492,718.2481751824818,0.0,0.0,0
493,719.7080291970802,0.0,0.0,0
494,721.1678832116788,0.0,0.0,0
495,722.6277372262774,0.0,0.0,0
496,724.0875912408759,0.0,0.0,0
497,725.5474452554745,0.0,0.0,0
498,727.007299270073,0.0,0.0,0
499,728.4671532846716,0.0,0.0,0
500,729.92700729927,0.0,0.0,0
501,731.3868613138686,0.0,0.0,0
502,732.8467153284671,0.0,0.0,0
503,734.3065693430657,0.0,0.0,0
504,735.7664233576643,0.0,0.0,0
505,737.2262773722628,0.0,0.0,0
506,738.6861313868613,0.0,0.0,0
507,740.1459854014598,0.0,0.0,0
508,741.6058394160584,0.0,0.0,0
509,743.0656934306569,0.0,0.0,0
510,744.5255474452555,0.0,0.0,0
511,745.985401459854,0.0,0.0,0
512,747.4452554744526,0.0,0.0,0
513,748.9051094890511,0.0,0.0,0
514,750.3649635036496,0.0,0.0,0
515,751.8248175182482,0.0,0.0,0
516,753.2846715328467,0.0,0.0,0
517,754.7445255474453,0.0,0.0,0
518,756.2043795620438,0.0,0.0,0
519,757.6642335766423,0.0,0.0,0
520,759.1240875912408,0.0,0.0,0
521,760.5839416058394,0.0,0.0,0
522,762.043795620438,0.0,0.0,0
523,763.5036496350365,0.0,0.0,0
524,764.9635036496351,0.0,0.0,0
525,766.4233576642335,0.0,0.0,0
526,767.8832116788321,0.0,0.0,0
527,769.3430656934306,0.0,0.0,0
528,770.8029197080292,0.0,0.0,0
529,772.2627737226277,0.0,0.0,0
530,773.7226277372263,0.0,0.0,0
531,775.1824817518249,0.0,0.0,0
532,776.6423357664233,0.0,0.0,0
533,778.1021897810219,0.0,0.0,0
534,779.5620437956204,0.0,0.0,0
535,781.021897810219,0.0,0.0,0
536,782.4817518248175,0.0,0.0,0
537,783.9416058394161,0.0,0.0,0
538,785.4014598540145,0.0,0.0,0
539,786.8613138686131,0.0,0.0,0
540,788.3211678832117,0.0,0.0,0
541,789.7810218978102,0.0,0.0,0
542,791.2408759124088,0.0,0.0,0
543,792.7007299270073,0.0,0.0,0
544,794.1605839416059,0.0,0.0,0
545,795.6204379562043,0.0,0.0,0
546,797.0802919708029,0.0,0.0,0
547,798.5401459854014,0.0,0.0,0
548,800.0,0.0,0.0,0
549,801.4598540145986,0.0,0.0,0
550,802.9197080291971,0.0,0.0,0
551,804.3795620437957,0.0,0.0,0
552,805.8394160583941,0.0,0.0,0
553,807.2992700729927,0.0,0.0,0
554,808.7591240875912,0.0,0.0,0
555,810.2189781021898,0.0,0.0,0
556,811.6788321167883,0.0,0.0,0
557,813.1386861313869,0.0,0.0,0
558,814.5985401459855,0.0,0.0,0
559,816.0583941605839,0.0,0.0,0
560,817.5182481751825,0.0,0.0,0
561,818.978102189781,0.0,0.0,0
562,820.4379562043796,0.0,0.0,0
563,821.8978102189781,0.0,0.0,0
564,823.3576642335767,0.0,0.0,0
565,824.8175182481751,0.0,0.0,0
566,826.2773722627737,0.0,0.0,0
567,827.7372262773723,0.0,0.0,0
568,829.1970802919708,0.0,0.0,0
569,830.6569343065694,0.0,0.0,0
570,832.1167883211679,0.0,0.0,0
571,833.5766423357665,0.0,0.0,0
572,835.0364963503649,0.0,0.0,0
573,836.4963503649635,0.0,0.0,0
574,837.956204379562,0.0,0.0,0
575,839.4160583941606,0.0,0.0,0
576,840.8759124087592,0.0,0.0,0
577,842.3357664233577,0.0,0.0,0
578,843.7956204379562,0.0,0.0,0
579,845.2554744525547,0.0,0.0,0
580,846.7153284671533,0.0,0.0,0
581,848.1751824817518,0.0,0.0,0
582,849.6350364963504,0.0,0.0,0
583,851.0948905109489,0.0,0.0,0
584,852.5547445255474,0.0,0.0,0
585,854.0145985401459,0.0,0.0,0
586,855.4744525547445,0.0,0.0,0
587,856.9343065693431,0.0,0.0,0
588,858.3941605839416,0.0,0.0,0
589,859.8540145985402,0.0,0.0,0
590,861.3138686131387,0.0,0.0,0
591,862.7737226277372,0.0,0.0,0
592,864.2335766423357,0.0,0.0,0
593,865.6934306569343,0.0,0.0,0
594,867.1532846715328,0.0,0.0,0
595,868.6131386861314,0.0,0.0,0
596,870.07299270073,0.0,0.0,0
597,871.5328467153284,0.0,0.0,0
598,872.992700729927,0.0,0.0,0
599,874.4525547445255,0.0,0.0,0
600,875.9124087591241,0.0,0.0,0
601,877.3722627737226,0.0,0.0,0
602,878.8321167883212,0.0,0.0,0
603,880.2919708029196,0.0,0.0,0
604,881.7518248175182,0.0,0.0,0
605,883.2116788321168,0.0,0.0,0
606,884.6715328467153,0.0,0.0,0
607,886.1313868613139,0.0,0.0,0
608,887.5912408759124,0.0,0.0,0
609,889.051094890511,0.0,0.0,0
610,890.5109489051094,0.0,0.0,0
611,891.970802919708,0.0,0.0,0
612,893.4306569343065,0.0,0.0,0
613,894.8905109489051,0.0,0.0,0
614,896.3503649635037,0.0,0.0,0
615,897.8102189781022,0.0,0.0,0
616,899.2700729927008,0.0,0.0,0
617,900.7299270072992,0.0,0.0,0
618,902.1897810218978,0.0,0.0,0
619,903.6496350364963,0.0,0.0,0
620,905.1094890510949,0.0,0.0,0
621,906.5693430656934,0.0,0.0,0
622,908.029197080292,0.0,0.0,0
623,909.4890510948906,0.0,0.0,0
624,910.948905109489,0.0,0.0,0
625,912.4087591240876,0.0,0.0,0
626,913.8686131386861,0.0,0.0,0
627,915.3284671532847,0.0,0.0,0
628,916.7883211678832,0.0,0.0,0
629,918.2481751824818,0.0,0.0,0
630,919.7080291970802,0.0,0.0,0
631,921.1678832116788,0.0,0.0,0
632,922.6277372262774,0.0,0.0,0
633,924.0875912408759,0.0,0.0,0
634,925.5474452554745,0.0,0.0,0
635,927.007299270073,0.0,0.0,0
636,928.4671532846716,0.0,0.0,0
637,929.92700729927,0.0,0.0,0
638,931.3868613138686,0.0,0.0,0
639,932.8467153284671,0.0,0.0,0
640,934.3065693430657,0.0,0.0,0
641,935.7664233576643,0.0,0.0,0
642,937.2262773722628,0.0,0.0,0
643,938.6861313868613,0.0,0.0,0
644,940.1459854014598,0.0,0.0,0
645,941.6058394160584,0.0,0.0,0
646,943.0656934306569,0.0,0.0,0
647,944.5255474452555,0.0,0.0,0
648,945.985401459854,0.0,0.0,0
649,947.4452554744526,0.0,0.0,0
650,948.9051094890511,0.0,0.0,0
651,950.3649635036496,0.0,0.0,0
652,951.8248175182482,0.0,0.0,0
653,953.2846715328467,0.0,0.0,0
654,954.7445255474453,0.0,0.0,0
655,956.2043795620438,0.0,0.0,0
656,957.6642335766423,0.0,0.0,0
657,959.1240875912408,0.0,0.0,0
658,960.5839416058394,0.0,0.0,0
659,962.043795620438,0.0,0.0,0
660,963.5036496350365,0.0,0.0,0
661,964.9635036496351,0.0,0.0,0
662,966.4233576642335,0.0,0.0,0
663,967.8832116788321,0.0,0.0,0
664,969.3430656934306,0.0,0.0,0
665,970.8029197080292,0.0,0.0,0
666,972.2627737226277,0.0,0.0,0
667,973.7226277372263,0.0,0.0,0
668,975.1824817518249,0.0,0.0,0
669,976.6423357664233,0.0,0.0,0
670,978.1021897810219,0.0,0.0,0
671,979.5620437956204,0.0,0.0,0
672,981.021897810219,0.0,0.0,0
673,982.4817518248175,0.0,0.0,0
674,983.9416058394161,0.0,0.0,0
675,985.4014598540145,0.0,0.0,0
676,986.8613138686131,0.0,0.0,0
677,988.3211678832117,0.0,0.0,0
678,989.7810218978102,0.0,0.0,0
679,991.2408759124088,0.0,0.0,0
680,992.7007299270073,0.0,0.0,0
681,994.1605839416059,0.0,0.0,0
682,995.6204379562043,0.0,0.0,0
683,997.0802919708029,0.0,0.0,0
684,998.5401459854014,0.0,0.0,0
685,1000.0,0.0,0.0,0
686,1001.4598540145986,0.0,0.0,0
687,1002.9197080291971,0.0,0.0,0
688,1004.3795620437957,0.0,0.0,0
689,1005.8394160583941,0.0,0.0,0
690,1007.2992700729927,0.0,0.0,0
691,1008.7591240875912,0.0,0.0,0
692,1010.2189781021898,0.0,0.0,0
693,1011.6788321167883,0.0,0.0,0
694,1013.1386861313869,0.0,0.0,0
695,1014.5985401459855,0.0,0.0,0
696,1016.0583941605839,0.0,0.0,0
697,1017.5182481751825,0.0,0.0,0
698,1018.978102189781,0.0,0.0,0
699,1020.4379562043796,0.0,0.0,0
700,1021.8978102189781,0.0,0.0,0
701,1023.3576642335767,0.0,0.0,0
702,1024.8175182481752,0.0,0.0,0
703,1026.2773722627737,0.0,0.0,0
704,1027.7372262773722,0.0,0.0,0
705,1029.197080291971,0.0,0.0,0
706,1030.6569343065694,0.0,0.0,0
707,1032.1167883211679,0.0,0.0,0
708,1033.5766423357663,0.0,0.0,0
709,1035.036496350365,0.0,0.0,0
710,1036.4963503649635,0.0,0.0,0
711,1037.956204379562,0.0,0.0,0
712,1039.4160583941605,0.0,0.0,0
713,1040.8759124087592,0.0,0.0,0
714,1042.3357664233577,0.0,0.0,0
715,1043.7956204379561,0.0,0.0,0
716,1045.2554744525548,0.0,0.0,0
717,1046.7153284671533,0.0,0.0,0
718,1048.1751824817518,0.0,0.0,0
719,1049.6350364963503,0.0,0.0,0
720,1051.094890510949,0.0,0.0,0
721,1052.5547445255474,0.0,0.0,0
722,1054.014598540146,0.0,0.0,0
723,1055.4744525547446,0.0,0.0,0
724,1056.934306569343,0.0,0.0,0
725,1058.3941605839416,0.0,0.0,0
726,1059.85401459854,0.0,0.0,0
727,1061.3138686131388,0.0,0.0,0
728,1062.7737226277372,0.0,0.0,0
729,1064.2335766423357,0.0,0.0,0
730,1065.6934306569342,0.0,0.0,0
731,1067.153284671533,0.0,0.0,0
732,1068.6131386861314,0.0,0.0,0
733,1070.0729927007299,0.0,0.0,0
734,1071.5328467153286,0.0,0.0,0
735,1072.992700729927,0.0,0.0,0
736,1074.4525547445255,0.0,0.0,0
737,1075.912408759124,0.0,0.0,0
738,1077.3722627737227,0.0,0.0,0
739,1078.8321167883212,0.0,0.0,0
740,1080.2919708029196,0.0,0.0,0
741,1081.7518248175184,0.0,0.0,0
742,1083.2116788321168,0.0,0.0,0
743,1084.6715328467153,0.0,0.0,0
744,1086.1313868613138,0.0,0.0,0
745,1087.5912408759125,0.0,0.0,0
746,1089.051094890511,0.0,0.0,0
747,1090.5109489051094,0.0,0.0,0
748,1091.970802919708,0.0,0.0,0
749,1093.4306569343066,0.0,0.0,0
750,1094.890510948905,0.0,0.0,0
751,1096.3503649635036,0.0,0.0,0
752,1097.8102189781023,0.0,0.0,0
753,1099.2700729927008,0.0,0.0,0
754,1100.7299270072992,0.0,0.0,0
755,1102.1897810218977,0.0,0.0,0
756,1103.6496350364964,0.0,0.0,0
757,1105.109489051095,0.0,0.0,0
758,1106.5693430656934,0.0,0.0,0
759,1108.029197080292,0.0,0.0,0
760,1109.4890510948906,0.0,0.0,0
761,1110.948905109489,0.0,0.0,0
762,1112.4087591240875,0.0,0.0,0
763,1113.8686131386862,0.0,0.0,0
764,1115.3284671532847,0.0,0.0,0
765,1116.7883211678832,0.0,0.0,0
766,1118.2481751824816,0.0,0.0,0
767,1119.7080291970804,0.0,0.0,0
768,1121.1678832116788,0.0,0.0,0
769,1122.6277372262773,0.0,0.0,0
770,1124.087591240876,0.0,0.0,0
771,1125.5474452554745,0.0,0.0,0
772,1127.007299270073,0.0,0.0,0
773,1128.4671532846714,0.0,0.0,0
774,1129.9270072992701,0.0,0.0,0
775,1131.3868613138686,0.0,0.0,0
776,1132.846715328467,0.0,0.0,0
777,1134.3065693430656,0.0,0.0,0
778,1135.7664233576643,0.0,0.0,0
779,1137.2262773722628,0.0,0.0,0
780,1138.6861313868612,0.0,0.0,0
781,1140.14598540146,0.0,0.0,0
782,1141.6058394160584,0.0,0.0,0
783,1143.065693430657,0.0,0.0,0
784,1144.5255474452554,0.0,0.0,0
785,1145.985401459854,0.0,0.0,0
786,1147.4452554744526,0.0,0.0,0
787,1148.905109489051,0.0,0.0,0
788,1150.3649635036497,0.0,0.0,0
789,1151.8248175182482,0.0,0.0,0
790,1153.2846715328467,0.0,0.0,0
791,1154.7445255474452,0.0,0.0,0
792,1156.2043795620439,0.0,0.0,0
793,1157.6642335766423,0.0,0.0,0
794,1159.1240875912408,0.0,0.0,0
795,1160.5839416058393,0.0,0.0,0
796,1162.043795620438,0.0,0.0,0
797,1163.5036496350365,0.0,0.0,0
798,1164.963503649635,0.0,0.0,0
799,1166.4233576642337,0.0,0.0,0
800,1167.8832116788321,0.0,0.0,0
801,1169.3430656934306,0.0,0.0,0
802,1170.802919708029,0.0,0.0,0
803,1172.2627737226278,0.0,0.0,0
804,1173.7226277372263,0.0,0.0,0
805,1175.1824817518248,0.0,0.0,0
806,1176.6423357664235,0.0,0.0,0
807,1178.102189781022,0.0,0.0,0
808,1179.5620437956204,0.0,0.0,0
809,1181.021897810219,0.0,0.0,0
810,1182.4817518248176,0.0,0.0,0
811,1183.941605839416,0.0,0.0,0
812,1185.4014598540145,0.0,0.0,0
813,1186.861313868613,0.0,0.0,0
814,1188.3211678832117,0.0,0.0,0
815,1189.7810218978102,0.0,0.0,0
816,1191.2408759124087,0.0,0.0,0
817,1192.7007299270074,0.0,0.0,0
818,1194.1605839416059,0.0,0.0,0
819,1195.6204379562043,0.0,0.0,0
820,1197.0802919708028,0.0,0.0,0
821,1198.5401459854015,0.0,0.0,0
822,1200.0,0.0,0.0,0
823,1201.4598540145985,0.0,0.0,0
824,1202.9197080291972,0.0,0.0,0
825,1204.3795620437957,0.0,0.0,0
826,1205.8394160583941,0.0,0.0,0
827,1207.2992700729926,0.0,0.0,0
828,1208.7591240875913,0.0,0.0,0
829,1210.2189781021898,0.0,0.0,0
830,1211.6788321167883,0.0,0.0,0
831,1213.1386861313867,0.0,0.0,0
832,1214.5985401459855,0.0,0.0,0
833,1216.058394160584,0.0,0.0,0
834,1217.5182481751824,0.0,0.0,0
835,1218.978102189781,0.0,0.0,0
836,1220.4379562043796,0.0,0.0,0
837,1221.897810218978,0.0,0.0,0
838,1223.3576642335765,0.0,0.0,0
839,1224.8175182481752,0.0,0.0,0
840,1226.2773722627737,0.0,0.0,0
841,1227.7372262773722,0.0,0.0,0
842,1229.197080291971,0.0,0.0,0
843,1230.6569343065694,0.0,0.0,0
844,1232.1167883211679,0.0,0.0,0
845,1233.5766423357663,0.0,0.0,0
846,1235.036496350365,0.0,0.0,0
847,1236.4963503649635,0.0,0.0,0
848,1237.956204379562,0.0,0.0,0
849,1239.4160583941605,0.0,0.0,0
850,1240.8759124087592,0.0,0.0,0
851,1242.3357664233577,0.0,0.0,0
852,1243.7956204379561,0.0,0.0,0
853,1245.2554744525548,0.0,0.0,0
854,1246.7153284671533,0.0,0.0,0
855,1248.1751824817518,0.0,0.0,0
856,1249.6350364963503,0.0,0.0,0
857,1251.094890510949,0.0,0.0,0
858,1252.5547445255474,0.0,0.0,0
859,1254.014598540146,0.0,0.0,0
860,1255.4744525547446,0.0,0.0,0
861,1256.934306569343,0.0,0.0,0
862,1258.3941605839416,0.0,0.0,0
863,1259.85401459854,0.0,0.0,0
864,1261.3138686131388,0.0,0.0,0
865,1262.7737226277372,0.0,0.0,0
866,1264.2335766423357,0.0,0.0,0
867,1265.6934306569342,0.0,0.0,0
868,1267.153284671533,0.0,0.0,0
869,1268.6131386861314,0.0,0.0,0
870,1270.0729927007299,0.0,0.0,0
871,1271.5328467153286,0.0,0.0,0
872,1272.992700729927,0.0,0.0,0
873,1274.4525547445255,0.0,0.0,0
874,1275.912408759124,0.0,0.0,0
875,1277.3722627737227,0.0,0.0,0
876,1278.8321167883212,0.0,0.0,0
877,1280.2919708029196,0.0,0.0,0
878,1281.7518248175184,0.0,0.0,0
879,1283.2116788321168,0.0,0.0,0
880,1284.6715328467153,0.0,0.0,0
881,1286.1313868613138,0.0,0.0,0
882,1287.5912408759125,0.0,0.0,0
883,1289.051094890511,0.0,0.0,0
884,1290.5109489051094,0.0,0.0,0
885,1291.970802919708,0.0,0.0,0
886,1293.4306569343066,0.0,0.0,0
887,1294.890510948905,0.0,0.0,0
888,1296.3503649635036,0.0,0.0,0
889,1297.8102189781023,0.0,0.0,0
890,1299.2700729927008,0.0,0.0,0
891,1300.7299270072992,0.0,0.0,0
892,1302.1897810218977,0.0,0.0,0
893,1303.6496350364964,0.0,0.0,0
894,1305.109489051095,0.0,0.0,0
895,1306.5693430656934,0.0,0.0,0
896,1308.0291970802919,0.0,0.0,0
897,1309.4890510948906,0.0,0.0,0
898,1310.948905109489,0.0,0.0,0
899,1312.4087591240875,0.0,0.0,0
900,1313.8686131386862,0.0,0.0,0
901,1315.3284671532847,0.0,0.0,0
902,1316.7883211678832,0.0,0.0,0
903,1318.2481751824816,0.0,0.0,0
904,1319.7080291970804,0.0,0.0,0
905,1321.1678832116788,0.0,0.0,0
906,1322.6277372262773,0.0,0.0,0
907,1324.087591240876,0.0,0.0,0
908,1325.5474452554745,0.0,0.0,0
909,1327.007299270073,0.0,0.0,0
910,1328.4671532846714,0.0,0.0,0
911,1329.9270072992701,0.0,0.0,0
912,1331.3868613138686,0.0,0.0,0
913,1332.846715328467,0.0,0.0,0
914,1334.3065693430656,0.0,0.0,0
915,1335.7664233576643,0.0,0.0,0
916,1337.2262773722628,0.0,0.0,0
917,1338.6861313868612,0.0,0.0,0
918,1340.14598540146,0.0,0.0,0
919,1341.6058394160584,0.0,0.0,0
920,1343.065693430657,0.0,0.0,0
921,1344.5255474452554,0.0,0.0,0
922,1345.985401459854,0.0,0.0,0
923,1347.4452554744526,0.0,0.0,0
924,1348.905109489051,0.0,0.0,0
925,1350.3649635036497,0.0,0.0,0
926,1351.8248175182482,0.0,0.0,0
927,1353.2846715328467,0.0,0.0,0
928,1354.7445255474452,0.0,0.0,0
929,1356.2043795620439,0.0,0.0,0
930,1357.6642335766423,0.0,0.0,0
931,1359.1240875912408,0.0,0.0,0
932,1360.5839416058393,0.0,0.0,0
933,1362.043795620438,0.0,0.0,0
934,1363.5036496350365,0.0,0.0,0
935,1364.963503649635,0.0,0.0,0
936,1366.4233576642337,0.0,0.0,0
937,1367.8832116788321,0.0,0.0,0
938,1369.3430656934306,0.0,0.0,0
939,1370.802919708029,0.0,0.0,0
940,1372.2627737226278,0.0,0.0,0
941,1373.7226277372263,0.0,0.0,0
942,1375.1824817518248,0.0,0.0,0
943,1376.6423357664235,0.0,0.0,0
944,1378.102189781022,0.0,0.0,0
945,1379.5620437956204,0.0,0.0,0
946,1381.021897810219,0.0,0.0,0
947,1382.4817518248176,0.0,0.0,0
948,1383.941605839416,0.0,0.0,0
949,1385.4014598540145,0.0,0.0,0
950,1386.861313868613,0.0,0.0,0
951,1388.3211678832117,0.0,0.0,0
952,1389.7810218978102,0.0,0.0,0
953,1391.2408759124087,0.0,0.0,0
954,1392.7007299270074,0.0,0.0,0
955,1394.1605839416059,0.0,0.0,0
956,1395.6204379562043,0.0,0.0,0
957,1397.0802919708028,0.0,0.0,0
958,1398.5401459854015,0.0,0.0,0
959,1400.0,0.0,0.0,0
960,1401.4598540145985,0.0,0.0,0
961,1402.9197080291972,0.0,0.0,0
962,1404.3795620437957,0.0,0.0,0
963,1405.8394160583941,0.0,0.0,0
964,1407.2992700729926,0.0,0.0,0
965,1408.7591240875913,0.0,0.0,0
966,1410.2189781021898,0.0,0.0,0
967,1411.6788321167883,0.0,0.0,0
968,1413.1386861313867,0.0,0.0,0
969,1414.5985401459855,0.0,0.0,0
970,1416.058394160584,0.0,0.0,0
971,1417.5182481751824,0.0,0.0,0
972,1418.978102189781,0.0,0.0,0
973,1420.4379562043796,0.0,0.0,0
974,1421.897810218978,0.0,0.0,0
975,1423.3576642335765,0.0,0.0,0
976,1424.8175182481752,0.0,0.0,0
977,1426.2773722627737,0.0,0.0,0
978,1427.7372262773722,0.0,0.0,0
979,1429.197080291971,0.0,0.0,0
980,1430.6569343065694,0.0,0.0,0
981,1432.1167883211679,0.0,0.0,0
982,1433.5766423357663,0.0,0.0,0
983,1435.036496350365,0.0,0.0,0
984,1436.4963503649635,0.0,0.0,0
985,1437.956204379562,0.0,0.0,0
986,1439.4160583941605,0.0,0.0,0
987,1440.8759124087592,0.0,0.0,0
988,1442.3357664233577,0.0,0.0,0
989,1443.7956204379561,0.0,0.0,0
990,1445.2554744525548,0.0,0.0,0
991,1446.7153284671533,0.0,0.0,0
992,1448.1751824817518,0.0,0.0,0
993,1449.6350364963503,0.0,0.0,0
994,1451.094890510949,0.0,0.0,0
995,1452.5547445255474,0.0,0.0,0
996,1454.014598540146,0.0,0.0,0
997,1455.4744525547446,0.0,0.0,0
998,1456.934306569343,0.0,0.0,0
999,1458.3941605839416,0.0,0.0,0
1000,1459.85401459854,0.0,0.0,0
1001,1461.3138686131388,0.0,0.0,0
1002,1462.7737226277372,0.0,0.0,0
1003,1464.2335766423357,0.0,0.0,0
1004,1465.6934306569342,0.0,0.0,0
1005,1467.153284671533,0.0,0.0,0
1006,1468.6131386861314,0.0,0.0,0
1007,1470.0729927007299,0.0,0.0,0
1008,1471.5328467153286,0.0,0.0,0
1009,1472.992700729927,0.0,0.0,0
1010,1474.4525547445255,0.0,0.0,0
1011,1475.912408759124,0.0,0.0,0
1012,1477.3722627737227,0.0,0.0,0
1013,1478.8321167883212,0.0,0.0,0
1014,1480.2919708029196,0.0,0.0,0
1015,1481.7518248175184,0.0,0.0,0
1016,1483.2116788321168,0.0,0.0,0
1017,1484.6715328467153,0.0,0.0,0
1018,1486.1313868613138,0.0,0.0,0
1019,1487.5912408759125,0.0,0.0,0
1020,1489.051094890511,0.0,0.0,0
1021,1490.5109489051094,0.0,0.0,0
1022,1491.970802919708,0.0,0.0,0
1023,1493.4306569343066,0.0,0.0,0
1024,1494.890510948905,0.0,0.0,0
1025,1496.3503649635036,0.0,0.0,0
1026,1497.8102189781023,0.0,0.0,0
1027,1499.2700729927008,0.0,0.0,0
1028,1500.7299270072992,0.0,0.0,0
1029,1502.1897810218977,0.0,0.0,0
1030,1503.6496350364964,0.0,0.0,0
1031,1505.109489051095,0.0,0.0,0
1032,1506.5693430656934,0.0,0.0,0
1033,1508.0291970802919,0.0,0.0,0
1034,1509.4890510948906,0.0,0.0,0
1035,1510.948905109489,0.0,0.0,0
1036,1512.4087591240875,0.0,0.0,0
1037,1513.8686131386862,0.0,0.0,0
1038,1515.3284671532847,0.0,0.0,0
1039,1516.7883211678832,0.0,0.0,0
1040,1518.2481751824816,0.0,0.0,0
1041,1519.7080291970804,0.0,0.0,0
1042,1521.1678832116788,0.0,0.0,0
1043,1522.6277372262773,0.0,0.0,0
1044,1524.087591240876,0.0,0.0,0
1045,1525.5474452554745,0.0,0.0,0
1046,1527.007299270073,0.0,0.0,0
1047,1528.4671532846714,0.0,0.0,0
1048,1529.9270072992701,0.0,0.0,0
1049,1531.3868613138686,0.0,0.0,0
1050,1532.846715328467,0.0,0.0,0
1051,1534.3065693430656,0.0,0.0,0
1052,1535.7664233576643,0.0,0.0,0
1053,1537.2262773722628,0.0,0.0,0
1054,1538.6861313868612,0.0,0.0,0
1055,1540.14598540146,0.0,0.0,0
1056,1541.6058394160584,0.0,0.0,0
1057,1543.065693430657,0.0,0.0,0
1058,1544.5255474452554,0.0,0.0,0
1059,1545.985401459854,0.0,0.0,0
1060,1547.4452554744526,0.0,0.0,0
1061,1548.905109489051,0.0,0.0,0
1062,1550.3649635036497,0.0,0.0,0
1063,1551.8248175182482,0.0,0.0,0
1064,1553.2846715328467,0.0,0.0,0
1065,1554.7445255474452,0.0,0.0,0
1066,1556.2043795620439,0.0,0.0,0
1067,1557.6642335766423,0.0,0.0,0
1068,1559.1240875912408,0.0,0.0,0
1069,1560.5839416058393,0.0,0.0,0
1070,1562.043795620438,0.0,0.0,0
1071,1563.5036496350365,0.0,0.0,0
1072,1564.963503649635,0.0,0.0,0
1073,1566.4233576642337,0.0,0.0,0
1074,1567.8832116788321,0.0,0.0,0
1075,1569.3430656934306,0.0,0.0,0
1076,1570.802919708029,0.0,0.0,0
1077,1572.2627737226278,0.0,0.0,0
1078,1573.7226277372263,0.0,0.0,0
1079,1575.1824817518248,0.0,0.0,0
1080,1576.6423357664235,0.0,0.0,0
1081,1578.102189781022,0.0,0.0,0
1082,1579.5620437956204,0.0,0.0,0
1083,1581.021897810219,0.0,0.0,0
1084,1582.4817518248176,0.0,0.0,0
1085,1583.941605839416,0.0,0.0,0
1086,1585.4014598540145,0.0,0.0,0
1087,1586.861313868613,0.0,0.0,0
1088,1588.3211678832117,0.0,0.0,0
1089,1589.7810218978102,0.0,0.0,0
1090,1591.2408759124087,0.0,0.0,0
1091,1592.7007299270074,0.0,0.0,0
1092,1594.1605839416059,0.0,0.0,0
1093,1595.6204379562043,0.0,0.0,0
1094,1597.0802919708028,0.0,0.0,0
1095,1598.5401459854015,0.0,0.0,0
1096,1600.0,0.0,0.0,0
1097,1601.4598540145985,0.0,0.0,0
1098,1602.9197080291972,0.0,0.0,0
1099,1604.3795620437957,0.0,0.0,0
1100,1605.8394160583941,0.0,0.0,0
1101,1607.2992700729926,0.0,0.0,0
1102,1608.7591240875913,0.0,0.0,0
1103,1610.2189781021898,0.0,0.0,0
1104,1611.6788321167883,0.0,0.0,0
1105,1613.1386861313867,0.0,0.0,0
1106,1614.5985401459855,0.0,0.0,0
1107,1616.058394160584,0.0,0.0,0
1108,1617.5182481751824,0.0,0.0,0
1109,1618.978102189781,0.0,0.0,0
1110,1620.4379562043796,0.0,0.0,0
1111,1621.897810218978,0.0,0.0,0
1112,1623.3576642335765,0.0,0.0,0
1113,1624.8175182481752,0.0,0.0,0
1114,1626.2773722627737,0.0,0.0,0
1115,1627.7372262773722,0.0,0.0,0
1116,1629.197080291971,0.0,0.0,0
1117,1630.6569343065694,0.0,0.0,0
1118,1632.1167883211679,0.0,0.0,0
1119,1633.5766423357663,0.0,0.0,0
1120,1635.036496350365,0.0,0.0,0
1121,1636.4963503649635,0.0,0.0,0
1122,1637.956204379562,0.0,0.0,0
1123,1639.4160583941605,0.0,0.0,0
1124,1640.8759124087592,0.0,0.0,0
1125,1642.3357664233577,0.0,0.0,0
1126,1643.7956204379561,0.0,0.0,0
1127,1645.2554744525548,0.0,0.0,0
1128,1646.7153284671533,0.0,0.0,0
1129,1648.1751824817518,0.0,0.0,0
1130,1649.6350364963503,0.0,0.0,0
1131,1651.094890510949,0.0,0.0,0
1132,1652.5547445255474,0.0,0.0,0
1133,1654.014598540146,0.0,0.0,0
1134,1655.4744525547446,0.0,0.0,0
1135,1656.934306569343,0.0,0.0,0
1136,1658.3941605839416,0.0,0.0,0
1137,1659.85401459854,0.0,0.0,0
1138,1661.3138686131388,0.0,0.0,0
1139,1662.7737226277372,0.0,0.0,0
1140,1664.2335766423357,0.0,0.0,0
1141,1665.6934306569342,0.0,0.0,0
1142,1667.153284671533,0.0,0.0,0
1143,1668.6131386861314,0.0,0.0,0
1144,1670.0729927007299,0.0,0.0,0
1145,1671.5328467153286,0.0,0.0,0
1146,1672.992700729927,0.0,0.0,0
1147,1674.4525547445255,0.0,0.0,0
1148,1675.912408759124,0.0,0.0,0
1149,1677.3722627737227,0.0,0.0,0
1150,1678.8321167883212,0.0,0.0,0
1151,1680.2919708029196,0.0,0.0,0
1152,1681.7518248175184,0.0,0.0,0
1153,1683.2116788321168,0.0,0.0,0
1154,1684.6715328467153,0.0,0.0,0
1155,1686.1313868613138,0.0,0.0,0
1156,1687.5912408759125,0.0,0.0,0
1157,1689.051094890511,0.0,0.0,0
1158,1690.5109489051094,0.0,0.0,0
1159,1691.970802919708,0.0,0.0,0
1160,1693.4306569343066,0.0,0.0,0
1161,1694.890510948905,0.0,0.0,0
1162,1696.3503649635036,0.0,0.0,0
1163,1697.8102189781023,0.0,0.0,0
1164,1699.2700729927008,0.0,0.0,0
1165,1700.7299270072992,0.0,0.0,0
1166,1702.1897810218977,0.0,0.0,0
1167,1703.6496350364964,0.0,0.0,0
1168,1705.109489051095,0.0,0.0,0
1169,1706.5693430656934,0.0,0.0,0
1170,1708.0291970802919,0.0,0.0,0
1171,1709.4890510948906,0.0,0.0,0
1172,1710.948905109489,0.0,0.0,0
1173,1712.4087591240875,0.0,0.0,0
1174,1713.8686131386862,0.0,0.0,0
1175,1715.3284671532847,0.0,0.0,0
1176,1716.7883211678832,0.0,0.0,0
1177,1718.2481751824816,0.0,0.0,0
1178,1719.7080291970804,0.0,0.0,0
1179,1721.1678832116788,0.0,0.0,0
1180,1722.6277372262773,0.0,0.0,0
1181,1724.087591240876,0.0,0.0,0
1182,1725.5474452554745,0.0,0.0,0
1183,1727.007299270073,0.0,0.0,0
1184,1728.4671532846714,0.0,0.0,0
1185,1729.9270072992701,0.0,0.0,0
1186,1731.3868613138686,0.0,0.0,0
1187,1732.846715328467,0.0,0.0,0
1188,1734.3065693430656,0.0,0.0,0
1189,1735.7664233576643,0.0,0.0,0
1190,1737.2262773722628,0.0,0.0,0
1191,1738.6861313868612,0.0,0.0,0
1192,1740.14598540146,0.0,0.0,0
1193,1741.6058394160584,0.0,0.0,0
1194,1743.065693430657,0.0,0.0,0
1195,1744.5255474452554,0.0,0.0,0
1196,1745.985401459854,0.0,0.0,0
1197,1747.4452554744526,0.0,0.0,0
1198,1748.905109489051,0.0,0.0,0
1199,1750.3649635036497,0.0,0.0,0
1200,1751.8248175182482,0.0,0.0,0
1201,1753.2846715328467,0.0,0.0,0
1202,1754.7445255474452,0.0,0.0,0
1203,1756.2043795620439,0.0,0.0,0
1204,1757.6642335766423,0.0,0.0,0
1205,1759.1240875912408,0.0,0.0,0
1206,1760.5839416058393,0.0,0.0,0
1207,1762.043795620438,0.0,0.0,0
1208,1763.5036496350365,0.0,0.0,0
1209,1764.963503649635,0.0,0.0,0
1210,1766.4233576642337,0.0,0.0,0
1211,1767.8832116788321,0.0,0.0,0
1212,1769.3430656934306,0.0,0.0,0
1213,1770.802919708029,0.0,0.0,0
1214,1772.2627737226278,0.0,0.0,0
1215,1773.7226277372263,0.0,0.0,0
1216,1775.1824817518248,0.0,0.0,0
1217,1776.6423357664235,0.0,0.0,0
1218,1778.102189781022,0.0,0.0,0
1219,1779.5620437956204,0.0,0.0,0
1220,1781.021897810219,0.0,0.0,0
1221,1782.4817518248176,0.0,0.0,0
1222,1783.941605839416,0.0,0.0,0
1223,1785.4014598540145,0.0,0.0,0
1224,1786.861313868613,0.0,0.0,0
1225,1788.3211678832117,0.0,0.0,0
1226,1789.7810218978102,0.0,0.0,0
1227,1791.2408759124087,0.0,0.0,0
1228,1792.7007299270074,0.0,0.0,0
1229,1794.1605839416059,0.0,0.0,0
1230,1795.6204379562043,0.0,0.0,0
1231,1797.0802919708028,0.0,0.0,0
1232,1798.5401459854015,0.0,0.0,0
1233,1800.0,0.0,0.0,0
1234,1801.4598540145985,0.0,0.0,0
1235,1802.9197080291972,0.0,0.0,0
1236,1804.3795620437957,0.0,0.0,0
1237,1805.8394160583941,0.0,0.0,0
1238,1807.2992700729926,0.0,0.0,0
1239,1808.7591240875913,0.0,0.0,0
1240,1810.2189781021898,0.0,0.0,0
1241,1811.6788321167883,0.0,0.0,0
1242,1813.1386861313867,0.0,0.0,0
1243,1814.5985401459855,0.0,0.0,0
1244,1816.058394160584,0.0,0.0,0
1245,1817.5182481751824,0.0,0.0,0
1246,1818.978102189781,0.0,0.0,0
1247,1820.4379562043796,0.0,0.0,0
1248,1821.897810218978,0.0,0.0,0
1249,1823.3576642335765,0.0,0.0,0
1250,1824.8175182481752,0.0,0.0,0
1251,1826.2773722627737,0.0,0.0,0
1252,1827.7372262773722,0.0,0.0,0
1253,1829.197080291971,0.0,0.0,0
1254,1830.6569343065694,0.0,0.0,0
1255,1832.1167883211679,0.0,0.0,0
1256,1833.5766423357663,0.0,0.0,0
1257,1835.036496350365,0.0,0.0,0
1258,1836.4963503649635,0.0,0.0,0
1259,1837.956204379562,0.0,0.0,0
1260,1839.4160583941605,0.0,0.0,0
1261,1840.8759124087592,0.0,0.0,0
1262,1842.3357664233577,0.0,0.0,0
1263,1843.7956204379561,0.0,0.0,0
1264,1845.2554744525548,0.0,0.0,0
1265,1846.7153284671533,0.0,0.0,0
1266,1848.1751824817518,0.0,0.0,0
1267,1849.6350364963503,0.0,0.0,0
1268,1851.094890510949,0.0,0.0,0
1269,1852.5547445255474,0.0,0.0,0
1270,1854.014598540146,0.0,0.0,0
1271,1855.4744525547446,0.0,0.0,0
1272,1856.934306569343,0.0,0.0,0
1273,1858.3941605839416,0.0,0.0,0
1274,1859.85401459854,0.0,0.0,0
1275,1861.3138686131388,0.0,0.0,0
1276,1862.7737226277372,0.0,0.0,0
1277,1864.2335766423357,0.0,0.0,0
1278,1865.6934306569342,0.0,0.0,0
1279,1867.153284671533,0.0,0.0,0
1280,1868.6131386861314,0.0,0.0,0
1281,1870.0729927007299,0.0,0.0,0
1282,1871.5328467153286,0.0,0.0,0
1283,1872.992700729927,0.0,0.0,0
1284,1874.4525547445255,0.0,0.0,0
1285,1875.912408759124,0.0,0.0,0
1286,1877.3722627737227,0.0,0.0,0
1287,1878.8321167883212,0.0,0.0,0
1288,1880.2919708029196,0.0,0.0,0
1289,1881.7518248175181,0.0,0.0,0
1290,1883.2116788321168,0.0,0.0,0
1291,1884.6715328467153,0.0,0.0,0
1292,1886.1313868613138,0.0,0.0,0
1293,1887.5912408759125,0.0,0.0,0
1294,1889.051094890511,0.0,0.0,0
1295,1890.5109489051094,0.0,0.0,0
1296,1891.970802919708,0.0,0.0,0
1297,1893.4306569343066,0.0,0.0,0
1298,1894.890510948905,0.0,0.0,0
1299,1896.3503649635036,0.0,0.0,0
1300,1897.8102189781023,0.0,0.0,0
1301,1899.2700729927008,0.0,0.0,0
1302,1900.7299270072992,0.0,0.0,0
1303,1902.1897810218977,0.0,0.0,0
1304,1903.6496350364964,0.0,0.0,0
1305,1905.109489051095,0.0,0.0,0
1306,1906.5693430656934,0.0,0.0,0
1307,1908.0291970802919,0.0,0.0,0
1308,1909.4890510948906,0.0,0.0,0
1309,1910.948905109489,0.0,0.0,0
1310,1912.4087591240875,0.0,0.0,0
1311,1913.8686131386862,0.0,0.0,0
1312,1915.3284671532847,0.0,0.0,0
1313,1916.7883211678832,0.0,0.0,0
1314,1918.2481751824816,0.0,0.0,0
1315,1919.7080291970804,0.0,0.0,0
1316,1921.1678832116788,0.0,0.0,0
1317,1922.6277372262773,0.0,0.0,0
1318,1924.087591240876,0.0,0.0,0
1319,1925.5474452554745,0.0,0.0,0
1320,1927.007299270073,0.0,0.0,0
1321,1928.4671532846714,0.0,0.0,0
1322,1929.9270072992701,0.0,0.0,0
1323,1931.3868613138686,0.0,0.0,0
1324,1932.846715328467,0.0,0.0,0
1325,1934.3065693430656,0.0,0.0,0
1326,1935.7664233576643,0.0,0.0,0
1327,1937.2262773722628,0.0,0.0,0
1328,1938.6861313868612,0.0,0.0,0
1329,1940.14598540146,0.0,0.0,0
1330,1941.6058394160584,0.0,0.0,0
1331,1943.065693430657,0.0,0.0,0
1332,1944.5255474452554,0.0,0.0,0
1333,1945.985401459854,0.0,0.0,0
1334,1947.4452554744526,0.0,0.0,0
1335,1948.905109489051,0.0,0.0,0
1336,1950.3649635036497,0.0,0.0,0
1337,1951.8248175182482,0.0,0.0,0
1338,1953.2846715328467,0.0,0.0,0
1339,1954.7445255474452,0.0,0.0,0
1340,1956.2043795620439,0.0,0.0,0
1341,1957.6642335766423,0.0,0.0,0
1342,1959.1240875912408,0.0,0.0,0
1343,1960.5839416058393,0.0,0.0,0
1344,1962.043795620438,0.0,0.0,0
1345,1963.5036496350365,0.0,0.0,0
1346,1964.963503649635,0.0,0.0,0
1347,1966.4233576642337,0.0,0.0,0
1348,1967.8832116788321,0.0,0.0,0
1349,1969.3430656934306,0.0,0.0,0
1350,1970.802919708029,0.0,0.0,0
1351,1972.2627737226278,0.0,0.0,0
1352,1973.7226277372263,0.0,0.0,0
1353,1975.1824817518248,0.0,0.0,0
1354,1976.6423357664235,0.0,0.0,0
1355,1978.102189781022,0.0,0.0,0
1356,1979.5620437956204,0.0,0.0,0
1357,1981.021897810219,0.0,0.0,0
1358,1982.4817518248176,0.0,0.0,0
1359,1983.941605839416,0.0,0.0,0
1360,1985.4014598540145,0.0,0.0,0
1361,1986.861313868613,0.0,0.0,0
1362,1988.3211678832117,0.0,0.0,0
1363,1989.7810218978102,0.0,0.0,0
1364,1991.2408759124087,0.0,0.0,0
1365,1992.7007299270074,0.0,0.0,0
1366,1994.1605839416059,0.0,0.0,0
1367,1995.6204379562043,0.0,0.0,0
1368,1997.0802919708028,0.0,0.0,0
1369,1998.5401459854015,0.0,0.0,0
1370,2000.0,0.0,0.0,0
1371,2001.4598540145985,0.0,0.0,0
1372,2002.9197080291972,0.0,0.0,0
1373,2004.3795620437957,0.0,0.0,0
1374,2005.8394160583941,0.0,0.0,0
1375,2007.2992700729926,0.0,0.0,0
1376,2008.7591240875913,0.0,0.0,0
1377,2010.2189781021898,0.0,0.0,0
1378,2011.6788321167883,0.0,0.0,0
1379,2013.1386861313867,0.0,0.0,0
1380,2014.5985401459855,0.0,0.0,0
1381,2016.058394160584,0.0,0.0,0
1382,2017.5182481751824,0.0,0.0,0
1383,2018.978102189781,0.0,0.0,0
1384,2020.4379562043796,0.0,0.0,0
1385,2021.897810218978,0.0,0.0,0
1386,2023.3576642335765,0.0,0.0,0
1387,2024.8175182481752,0.0,0.0,0
1388,2026.2773722627737,0.0,0.0,0
1389,2027.7372262773722,0.0,0.0,0
1390,2029.197080291971,0.0,0.0,0
1391,2030.6569343065694,0.0,0.0,0
1392,2032.1167883211679,0.0,0.0,0
1393,2033.5766423357663,0.0,0.0,0
1394,2035.036496350365,0.0,0.0,0
1395,2036.4963503649635,0.0,0.0,0
1396,2037.956204379562,0.0,0.0,0
1397,2039.4160583941605,0.0,0.0,0
1398,2040.8759124087592,0.0,0.0,0
1399,2042.3357664233577,0.0,0.0,0
1400,2043.7956204379561,0.0,0.0,0
1401,2045.2554744525548,0.0,0.0,0
1402,2046.7153284671533,0.0,0.0,0
1403,2048.175182481752,0.0,0.0,0
1404,2049.6350364963505,0.0,0.0,0
1405,2051.094890510949,0.0,0.0,0
1406,2052.5547445255474,0.0,0.0,0
1407,2054.014598540146,0.0,0.0,0
1408,2055.4744525547444,0.0,0.0,0
1409,2056.934306569343,0.0,0.0,0
1410,2058.394160583942,0.0,0.0,0
1411,2059.8540145985403,0.0,0.0,0
1412,2061.3138686131388,0.0,0.0,0
1413,2062.7737226277372,0.0,0.0,0
1414,2064.2335766423357,0.0,0.0,0
1415,2065.693430656934,0.0,0.0,0
1416,2067.1532846715327,0.0,0.0,0
1417,2068.613138686131,0.0,0.0,0
1418,2070.07299270073,0.0,0.0,0
1419,2071.5328467153286,0.0,0.0,0
1420,2072.992700729927,0.0,0.0,0
1421,2074.4525547445255,0.0,0.0,0
1422,2075.912408759124,0.0,0.0,0
1423,2077.3722627737225,0.0,0.0,0
1424,2078.832116788321,0.0,0.0,0
1425,2080.29197080292,0.0,0.0,0
1426,2081.7518248175184,0.0,0.0,0
1427,2083.211678832117,0.0,0.0,0
1428,2084.6715328467153,0.0,0.0,0
1429,2086.131386861314,0.0,0.0,0
1430,2087.5912408759123,0.0,0.0,0
1431,2089.0510948905107,0.0,0.0,0
1432,2090.5109489051097,0.0,0.0,0
1433,2091.970802919708,0.0,0.0,0
1434,2093.4306569343066,0.0,0.0,0
1435,2094.890510948905,0.0,0.0,0
1436,2096.3503649635036,0.0,0.0,0
1437,2097.810218978102,0.0,0.0,0
1438,2099.2700729927005,0.0,0.0,0
1439,2100.7299270072995,0.0,0.0,0
1440,2102.189781021898,0.0,0.0,0
1441,2103.6496350364964,0.0,0.0,0
1442,2105.109489051095,0.0,0.0,0
1443,2106.5693430656934,0.0,0.0,0
1444,2108.029197080292,0.0,0.0,0
1445,2109.4890510948903,0.0,0.0,0
1446,2110.9489051094893,0.0,0.0,0
1447,2112.4087591240877,0.0,0.0,0
1448,2113.868613138686,0.0,0.0,0
1449,2115.3284671532847,0.0,0.0,0
1450,2116.788321167883,0.0,0.0,0
1451,2118.2481751824816,0.0,0.0,0
1452,2119.70802919708,0.0,0.0,0
1453,2121.1678832116786,0.0,0.0,0
1454,2122.6277372262775,0.0,0.0,0
1455,2124.087591240876,0.0,0.0,0
1456,2125.5474452554745,0.0,0.0,0
1457,2127.007299270073,0.0,0.0,0
1458,2128.4671532846714,0.0,0.0,0
1459,2129.92700729927,0.0,0.0,0
1460,2131.3868613138684,0.0,0.0,0
1461,2132.8467153284673,0.0,0.0,0
1462,2134.306569343066,0.0,0.0,0
1463,2135.7664233576643,0.0,0.0,0
1464,2137.2262773722628,0.0,0.0,0
1465,2138.6861313868612,0.0,0.0,0
1466,2140.1459854014597,0.0,0.0,0
1467,2141.605839416058,0.0,0.0,0
1468,2143.065693430657,0.0,0.0,0
1469,2144.5255474452556,0.0,0.0,0
1470,2145.985401459854,0.0,0.0,0
1471,2147.4452554744526,0.0,0.0,0
1472,2148.905109489051,0.0,0.0,0
1473,2150.3649635036495,0.0,0.0,0
1474,2151.824817518248,0.0,0.0,0
1475,2153.284671532847,0.0,0.0,0
1476,2154.7445255474454,0.0,0.0,0
1477,2156.204379562044,0.0,0.0,0
1478,2157.6642335766423,0.0,0.0,0
1479,2159.124087591241,0.0,0.0,0
1480,2160.5839416058393,0.0,0.0,0
1481,2162.043795620438,0.0,0.0,0
1482,2163.5036496350367,0.0,0.0,0
1483,2164.963503649635,0.0,0.0,0
1484,2166.4233576642337,0.0,0.0,0
1485,2167.883211678832,0.0,0.0,0
1486,2169.3430656934306,0.0,0.0,0
1487,2170.802919708029,0.0,0.0,0
1488,2172.2627737226276,0.0,0.0,0
1489,2173.722627737226,0.0,0.0,0
1490,2175.182481751825,0.0,0.0,0
1491,2176.6423357664235,0.0,0.0,0
1492,2178.102189781022,0.0,0.0,0
1493,2179.5620437956204,0.0,0.0,0
1494,2181.021897810219,0.0,0.0,0
1495,2182.4817518248174,0.0,0.0,0
1496,2183.941605839416,0.0,0.0,0
1497,2185.401459854015,0.0,0.0,0
1498,2186.8613138686133,0.0,0.0,0
1499,2188.3211678832117,0.0,0.0,0
1500,2189.78102189781,0.0,0.0,0
1501,2191.2408759124087,0.0,0.0,0
1502,2192.700729927007,0.0,0.0,0
1503,2194.1605839416056,0.0,0.0,0
1504,2195.6204379562046,0.0,0.0,0
1505,2197.080291970803,0.0,0.0,0
1506,2198.5401459854015,0.0,0.0,0
1507,2200.0,0.0,0.0,0
1508,2201.4598540145985,0.0,0.0,0
1509,2202.919708029197,0.0,0.0,0
1510,2204.3795620437954,0.0,0.0,0
1511,2205.8394160583944,0.0,0.0,0
1512,2207.299270072993,0.0,0.0,0
1513,2208.7591240875913,0.0,0.0,0
1514,2210.21897810219,0.0,0.0,0
1515,2211.6788321167883,0.0,0.0,0
1516,2213.1386861313867,0.0,0.0,0
1517,2214.598540145985,0.0,0.0,0
1518,2216.058394160584,0.0,0.0,0
1519,2217.5182481751826,0.0,0.0,0
1520,2218.978102189781,0.0,0.0,0
1521,2220.4379562043796,0.0,0.0,0
1522,2221.897810218978,0.0,0.0,0
1523,2223.3576642335765,0.0,0.0,0
1524,2224.817518248175,0.0,0.0,0
1525,2226.2773722627735,0.0,0.0,0
1526,2227.7372262773724,0.0,0.0,0
1527,2229.197080291971,0.0,0.0,0
1528,2230.6569343065694,0.0,0.0,0
1529,2232.116788321168,0.0,0.0,0
1530,2233.5766423357663,0.0,0.0,0
1531,2235.036496350365,0.0,0.0,0
1532,2236.4963503649633,0.0,0.0,0
1533,2237.956204379562,0.0,0.0,0
1534,2239.4160583941607,0.0,0.0,0
1535,2240.875912408759,0.0,0.0,0
1536,2242.3357664233577,0.0,0.0,0
1537,2243.795620437956,0.0,0.0,0
1538,2245.2554744525546,0.0,0.0,0
1539,2246.715328467153,0.0,0.0,0
1540,2248.175182481752,0.0,0.0,0
1541,2249.6350364963505,0.0,0.0,0
1542,2251.094890510949,0.0,0.0,0
1543,2252.5547445255474,0.0,0.0,0
1544,2254.014598540146,0.0,0.0,0
1545,2255.4744525547444,0.0,0.0,0
1546,2256.934306569343,0.0,0.0,0
1547,2258.394160583942,0.0,0.0,0
1548,2259.8540145985403,0.0,0.0,0
1549,2261.3138686131388,0.0,0.0,0
1550,2262.7737226277372,0.0,0.0,0
1551,2264.2335766423357,0.0,0.0,0
1552,2265.693430656934,0.0,0.0,0
1553,2267.1532846715327,0.0,0.0,0
1554,2268.613138686131,0.0,0.0,0
1555,2270.07299270073,0.0,0.0,0
1556,2271.5328467153286,0.0,0.0,0
1557,2272.992700729927,0.0,0.0,0
1558,2274.4525547445255,0.0,0.0,0
1559,2275.912408759124,0.0,0.0,0
1560,2277.3722627737225,0.0,0.0,0
1561,2278.832116788321,0.0,0.0,0
1562,2280.29197080292,0.0,0.0,0
1563,2281.7518248175184,0.0,0.0,0
1564,2283.211678832117,0.0,0.0,0
1565,2284.6715328467153,0.0,0.0,0
1566,2286.131386861314,0.0,0.0,0
1567,2287.5912408759123,0.0,0.0,0
1568,2289.0510948905107,0.0,0.0,0
1569,2290.5109489051097,0.0,0.0,0
1570,2291.970802919708,0.0,0.0,0
1571,2293.4306569343066,0.0,0.0,0
1572,2294.890510948905,0.0,0.0,0
1573,2296.3503649635036,0.0,0.0,0
1574,2297.810218978102,0.0,0.0,0
1575,2299.2700729927005,0.0,0.0,0
1576,2300.7299270072995,0.0,0.0,0
1577,2302.189781021898,0.0,0.0,0
1578,2303.6496350364964,0.0,0.0,0
1579,2305.109489051095,0.0,0.0,0
1580,2306.5693430656934,0.0,0.0,0
1581,2308.029197080292,0.0,0.0,0
1582,2309.4890510948903,0.0,0.0,0
1583,2310.9489051094893,0.0,0.0,0
1584,2312.4087591240877,0.0,0.0,0
1585,2313.868613138686,0.0,0.0,0
1586,2315.3284671532847,0.0,0.0,0
1587,2316.788321167883,0.0,0.0,0
1588,2318.2481751824816,0.0,0.0,0
1589,2319.70802919708,0.0,0.0,0
1590,2321.1678832116786,0.0,0.0,0
1591,2322.6277372262775,0.0,0.0,0
1592,2324.087591240876,0.0,0.0,0
1593,2325.5474452554745,0.0,0.0,0
1594,2327.007299270073,0.0,0.0,0
1595,2328.4671532846714,0.0,0.0,0
1596,2329.92700729927,0.0,0.0,0
1597,2331.3868613138684,0.0,0.0,0
1598,2332.8467153284673,0.0,0.0,0
1599,2334.306569343066,0.0,0.0,0
1600,2335.7664233576643,0.0,0.0,0
1601,2337.2262773722628,0.0,0.0,0
1602,2338.6861313868612,0.0,0.0,0
1603,2340.1459854014597,0.0,0.0,0
1604,2341.605839416058,0.0,0.0,0
1605,2343.065693430657,0.0,0.0,0
1606,2344.5255474452556,0.0,0.0,0
1607,2345.985401459854,0.0,0.0,0
1608,2347.4452554744526,0.0,0.0,0
1609,2348.905109489051,0.0,0.0,0
1610,2350.3649635036495,0.0,0.0,0
1611,2351.824817518248,0.0,0.0,0
1612,2353.284671532847,0.0,0.0,0
1613,2354.7445255474454,0.0,0.0,0
1614,2356.204379562044,0.0,0.0,0
1615,2357.6642335766423,0.0,0.0,0
1616,2359.124087591241,0.0,0.0,0
1617,2360.5839416058393,0.0,0.0,0
1618,2362.043795620438,0.0,0.0,0
1619,2363.5036496350367,0.0,0.0,0
1620,2364.963503649635,0.0,0.0,0
1621,2366.4233576642337,0.0,0.0,0
1622,2367.883211678832,0.0,0.0,0
1623,2369.3430656934306,0.0,0.0,0
1624,2370.802919708029,0.0,0.0,0
1625,2372.2627737226276,0.0,0.0,0
1626,2373.722627737226,0.0,0.0,0
1627,2375.182481751825,0.0,0.0,0
1628,2376.6423357664235,0.0,0.0,0
1629,2378.102189781022,0.0,0.0,0
1630,2379.5620437956204,0.0,0.0,0
1631,2381.021897810219,0.0,0.0,0
1632,2382.4817518248174,0.0,0.0,0
1633,2383.941605839416,0.0,0.0,0
1634,2385.401459854015,0.0,0.0,0
1635,2386.8613138686133,0.0,0.0,0
1636,2388.3211678832117,0.0,0.0,0
1637,2389.78102189781,0.0,0.0,0
1638,2391.2408759124087,0.0,0.0,0
1639,2392.700729927007,0.0,0.0,0
1640,2394.1605839416056,0.0,0.0,0
1641,2395.6204379562046,0.0,0.0,0
1642,2397.080291970803,0.0,0.0,0
1643,2398.5401459854015,0.0,0.0,0
1644,2400.0,0.0,0.0,0
1645,2401.4598540145985,0.0,0.0,0
1646,2402.919708029197,0.0,0.0,0
1647,2404.3795620437954,0.0,0.0,0
1648,2405.8394160583944,0.0,0.0,0
1649,2407.299270072993,0.0,0.0,0
1650,2408.7591240875913,0.0,0.0,0
1651,2410.21897810219,0.0,0.0,0
1652,2411.6788321167883,0.0,0.0,0
1653,2413.1386861313867,0.0,0.0,0
1654,2414.598540145985,0.0,0.0,0
1655,2416.058394160584,0.0,0.0,0
1656,2417.5182481751826,0.0,0.0,0
1657,2418.978102189781,0.0,0.0,0
1658,2420.4379562043796,0.0,0.0,0
1659,2421.897810218978,0.0,0.0,0
1660,2423.3576642335765,0.0,0.0,0
1661,2424.817518248175,0.0,0.0,0
1662,2426.2773722627735,0.0,0.0,0
1663,2427.7372262773724,0.0,0.0,0
1664,2429.197080291971,0.0,0.0,0
1665,2430.6569343065694,0.0,0.0,0
1666,2432.116788321168,0.0,0.0,0
1667,2433.5766423357663,0.0,0.0,0
1668,2435.036496350365,0.0,0.0,0
1669,2436.4963503649633,0.0,0.0,0
1670,2437.956204379562,0.0,0.0,0
1671,2439.4160583941607,0.0,0.0,0
1672,2440.875912408759,0.0,0.0,0
1673,2442.3357664233577,0.0,0.0,0
1674,2443.795620437956,0.0,0.0,0
1675,2445.2554744525546,0.0,0.0,0
1676,2446.715328467153,0.0,0.0,0
1677,2448.175182481752,0.0,0.0,0
1678,2449.6350364963505,0.0,0.0,0
1679,2451.094890510949,0.0,0.0,0
1680,2452.5547445255474,0.0,0.0,0
1681,2454.014598540146,0.0,0.0,0
1682,2455.4744525547444,0.0,0.0,0
1683,2456.934306569343,0.0,0.0,0
1684,2458.394160583942,0.0,0.0,0
1685,2459.8540145985403,0.0,0.0,0
1686,2461.3138686131388,0.0,0.0,0
1687,2462.7737226277372,0.0,0.0,0
1688,2464.2335766423357,0.0,0.0,0
1689,2465.693430656934,0.0,0.0,0
1690,2467.1532846715327,0.0,0.0,0
1691,2468.613138686131,0.0,0.0,0
1692,2470.07299270073,0.0,0.0,0
1693,2471.5328467153286,0.0,0.0,0
1694,2472.992700729927,0.0,0.0,0
1695,2474.4525547445255,0.0,0.0,0
1696,2475.912408759124,0.0,0.0,0
1697,2477.3722627737225,0.0,0.0,0
1698,2478.832116788321,0.0,0.0,0
1699,2480.29197080292,0.0,0.0,0
1700,2481.7518248175184,0.0,0.0,0
1701,2483.211678832117,0.0,0.0,0
1702,2484.6715328467153,0.0,0.0,0
1703,2486.131386861314,0.0,0.0,0
1704,2487.5912408759123,0.0,0.0,0
1705,2489.0510948905107,0.0,0.0,0
1706,2490.5109489051097,0.0,0.0,0
1707,2491.970802919708,0.0,0.0,0
1708,2493.4306569343066,0.0,0.0,0
1709,2494.890510948905,0.0,0.0,0
1710,2496.3503649635036,0.0,0.0,0
1711,2497.810218978102,0.0,0.0,0
1712,2499.2700729927005,0.0,0.0,0
1713,2500.7299270072995,0.0,0.0,0
1714,2502.189781021898,0.0,0.0,0
1715,2503.6496350364964,0.0,0.0,0
1716,2505.109489051095,0.0,0.0,0
1717,2506.5693430656934,0.0,0.0,0
1718,2508.029197080292,0.0,0.0,0
1719,2509.4890510948903,0.0,0.0,0
1720,2510.9489051094893,0.0,0.0,0
1721,2512.4087591240877,0.0,0.0,0
1722,2513.868613138686,0.0,0.0,0
1723,2515.3284671532847,0.0,0.0,0
1724,2516.788321167883,0.0,0.0,0
1725,2518.2481751824816,0.0,0.0,0
1726,2519.70802919708,0.0,0.0,0
1727,2521.1678832116786,0.0,0.0,0
1728,2522.6277372262775,0.0,0.0,0
1729,2524.087591240876,0.0,0.0,0
1730,2525.5474452554745,0.0,0.0,0
1731,2527.007299270073,0.0,0.0,0
1732,2528.4671532846714,0.0,0.0,0
1733,2529.92700729927,0.0,0.0,0
1734,2531.3868613138684,0.0,0.0,0
1735,2532.8467153284673,0.0,0.0,0
1736,2534.306569343066,0.0,0.0,0
1737,2535.7664233576643,0.0,0.0,0
1738,2537.2262773722628,0.0,0.0,0
1739,2538.6861313868612,0.0,0.0,0
1740,2540.1459854014597,0.0,0.0,0
1741,2541.605839416058,0.0,0.0,0
1742,2543.065693430657,0.0,0.0,0
1743,2544.5255474452556,0.0,0.0,0
1744,2545.985401459854,0.0,0.0,0
1745,2547.4452554744526,0.0,0.0,0
1746,2548.905109489051,0.0,0.0,0
1747,2550.3649635036495,0.0,0.0,0
1748,2551.824817518248,0.0,0.0,0
1749,2553.284671532847,0.0,0.0,0
1750,2554.7445255474454,0.0,0.0,0
1751,2556.204379562044,0.0,0.0,0
1752,2557.6642335766423,0.0,0.0,0
1753,2559.124087591241,0.0,0.0,0
1754,2560.5839416058393,0.0,0.0,0
1755,2562.043795620438,0.0,0.0,0
1756,2563.5036496350367,0.0,0.0,0
1757,2564.963503649635,0.0,0.0,0
1758,2566.4233576642337,0.0,0.0,0
1759,2567.883211678832,0.0,0.0,0
1760,2569.3430656934306,0.0,0.0,0
1761,2570.802919708029,0.0,0.0,0
1762,2572.2627737226276,0.0,0.0,0
1763,2573.722627737226,0.0,0.0,0
1764,2575.182481751825,0.0,0.0,0
1765,2576.6423357664235,0.0,0.0,0
1766,2578.102189781022,0.0,0.0,0
1767,2579.5620437956204,0.0,0.0,0
1768,2581.021897810219,0.0,0.0,0
1769,2582.4817518248174,0.0,0.0,0
1770,2583.941605839416,0.0,0.0,0
1771,2585.401459854015,0.0,0.0,0
1772,2586.8613138686133,0.0,0.0,0
1773,2588.3211678832117,0.0,0.0,0
1774,2589.78102189781,0.0,0.0,0
1775,2591.2408759124087,0.0,0.0,0
1776,2592.700729927007,0.0,0.0,0
1777,2594.1605839416056,0.0,0.0,0
1778,2595.6204379562046,0.0,0.0,0
1779,2597.080291970803,0.0,0.0,0
1780,2598.5401459854015,0.0,0.0,0
1781,2600.0,0.0,0.0,0
1782,2601.4598540145985,0.0,0.0,0
1783,2602.919708029197,0.0,0.0,0
1784,2604.3795620437954,0.0,0.0,0
1785,2605.8394160583944,0.0,0.0,0
1786,2607.299270072993,0.0,0.0,0
1787,2608.7591240875913,0.0,0.0,0
1788,2610.21897810219,0.0,0.0,0
1789,2611.6788321167883,0.0,0.0,0
1790,2613.1386861313867,0.0,0.0,0
1791,2614.598540145985,0.0,0.0,0
1792,2616.0583941605837,0.0,0.0,0
1793,2617.5182481751826,0.0,0.0,0
1794,2618.978102189781,0.0,0.0,0
1795,2620.4379562043796,0.0,0.0,0
1796,2621.897810218978,0.0,0.0,0
1797,2623.3576642335765,0.0,0.0,0
1798,2624.817518248175,0.0,0.0,0
1799,2626.2773722627735,0.0,0.0,0
1800,2627.7372262773724,0.0,0.0,0
1801,2629.197080291971,0.0,0.0,0
1802,2630.6569343065694,0.0,0.0,0
1803,2632.116788321168,0.0,0.0,0
1804,2633.5766423357663,0.0,0.0,0
1805,2635.036496350365,0.0,0.0,0
1806,2636.4963503649633,0.0,0.0,0
1807,2637.956204379562,0.0,0.0,0
1808,2639.4160583941607,0.0,0.0,0
1809,2640.875912408759,0.0,0.0,0
1810,2642.3357664233577,0.0,0.0,0
1811,2643.795620437956,0.0,0.0,0
1812,2645.2554744525546,0.0,0.0,0
1813,2646.715328467153,0.0,0.0,0
1814,2648.175182481752,0.0,0.0,0
1815,2649.6350364963505,0.0,0.0,0
1816,2651.094890510949,0.0,0.0,0
1817,2652.5547445255474,0.0,0.0,0
1818,2654.014598540146,0.0,0.0,0
1819,2655.4744525547444,0.0,0.0,0
1820,2656.934306569343,0.0,0.0,0
1821,2658.394160583942,0.0,0.0,0
1822,2659.8540145985403,0.0,0.0,0
1823,2661.3138686131388,0.0,0.0,0
1824,2662.7737226277372,0.0,0.0,0
1825,2664.2335766423357,0.0,0.0,0
1826,2665.693430656934,0.0,0.0,0
1827,2667.1532846715327,0.0,0.0,0
1828,2668.613138686131,0.0,0.0,0
1829,2670.07299270073,0.0,0.0,0
1830,2671.5328467153286,0.0,0.0,0
1831,2672.992700729927,0.0,0.0,0
1832,2674.4525547445255,0.0,0.0,0
1833,2675.912408759124,0.0,0.0,0
1834,2677.3722627737225,0.0,0.0,0
1835,2678.832116788321,0.0,0.0,0
1836,2680.29197080292,0.0,0.0,0
1837,2681.7518248175184,0.0,0.0,0
1838,2683.211678832117,0.0,0.0,0
1839,2684.6715328467153,0.0,0.0,0
1840,2686.131386861314,0.0,0.0,0
1841,2687.5912408759123,0.0,0.0,0
1842,2689.0510948905107,0.0,0.0,0
1843,2690.5109489051097,0.0,0.0,0
1844,2691.970802919708,0.0,0.0,0
1845,2693.4306569343066,0.0,0.0,0
1846,2694.890510948905,0.0,0.0,0
1847,2696.3503649635036,0.0,0.0,0
1848,2697.810218978102,0.0,0.0,0
1849,2699.2700729927005,0.0,0.0,0
1850,2700.7299270072995,0.0,0.0,0
1851,2702.189781021898,0.0,0.0,0
1852,2703.6496350364964,0.0,0.0,0
1853,2705.109489051095,0.0,0.0,0
1854,2706.5693430656934,0.0,0.0,0
1855,2708.029197080292,0.0,0.0,0
1856,2709.4890510948903,0.0,0.0,0
1857,2710.9489051094893,0.0,0.0,0
1858,2712.4087591240877,0.0,0.0,0
1859,2713.868613138686,0.0,0.0,0
1860,2715.3284671532847,0.0,0.0,0
1861,2716.788321167883,0.0,0.0,0
1862,2718.2481751824816,0.0,0.0,0
1863,2719.70802919708,0.0,0.0,0
1864,2721.1678832116786,0.0,0.0,0
1865,2722.6277372262775,0.0,0.0,0
1866,2724.087591240876,0.0,0.0,0
1867,2725.5474452554745,0.0,0.0,0
1868,2727.007299270073,0.0,0.0,0
1869,2728.4671532846714,0.0,0.0,0
1870,2729.92700729927,0.0,0.0,0
1871,2731.3868613138684,0.0,0.0,0
1872,2732.8467153284673,0.0,0.0,0
1873,2734.306569343066,0.0,0.0,0
1874,2735.7664233576643,0.0,0.0,0
1875,2737.2262773722628,0.0,0.0,0
1876,2738.6861313868612,0.0,0.0,0
1877,2740.1459854014597,0.0,0.0,0
1878,2741.605839416058,0.0,0.0,0
1879,2743.065693430657,0.0,0.0,0
1880,2744.5255474452556,0.0,0.0,0
1881,2745.985401459854,0.0,0.0,0
1882,2747.4452554744526,0.0,0.0,0
1883,2748.905109489051,0.0,0.0,0
1884,2750.3649635036495,0.0,0.0,0
1885,2751.824817518248,0.0,0.0,0
1886,2753.284671532847,0.0,0.0,0
1887,2754.7445255474454,0.0,0.0,0
1888,2756.204379562044,0.0,0.0,0
1889,2757.6642335766423,0.0,0.0,0
1890,2759.124087591241,0.0,0.0,0
1891,2760.5839416058393,0.0,0.0,0
1892,2762.043795620438,0.0,0.0,0
1893,2763.5036496350367,0.0,0.0,0
1894,2764.963503649635,0.0,0.0,0
1895,2766.4233576642337,0.0,0.0,0
1896,2767.883211678832,0.0,0.0,0
1897,2769.3430656934306,0.0,0.0,0
1898,2770.802919708029,0.0,0.0,0
1899,2772.2627737226276,0.0,0.0,0
1900,2773.722627737226,0.0,0.0,0
1901,2775.182481751825,0.0,0.0,0
1902,2776.6423357664235,0.0,0.0,0
1903,2778.102189781022,0.0,0.0,0
1904,2779.5620437956204,0.0,0.0,0
1905,2781.021897810219,0.0,0.0,0
1906,2782.4817518248174,0.0,0.0,0
1907,2783.941605839416,0.0,0.0,0
1908,2785.401459854015,0.0,0.0,0
1909,2786.8613138686133,0.0,0.0,0
1910,2788.3211678832117,0.0,0.0,0
1911,2789.78102189781,0.0,0.0,0
1912,2791.2408759124087,0.0,0.0,0
1913,2792.700729927007,0.0,0.0,0
1914,2794.1605839416056,0.0,0.0,0
1915,2795.6204379562046,0.0,0.0,0
1916,2797.080291970803,0.0,0.0,0
1917,2798.5401459854015,0.0,0.0,0
1918,2800.0,0.0,0.0,0
1919,2801.4598540145985,0.0,0.0,0
1920,2802.919708029197,0.0,0.0,0
1921,2804.3795620437954,0.0,0.0,0
1922,2805.8394160583944,0.0,0.0,0
1923,2807.299270072993,0.0,0.0,0
1924,2808.7591240875913,0.0,0.0,0
1925,2810.21897810219,0.0,0.0,0
1926,2811.6788321167883,0.0,0.0,0
1927,2813.1386861313867,0.0,0.0,0
1928,2814.598540145985,0.0,0.0,0
1929,2816.0583941605837,0.0,0.0,0
1930,2817.5182481751826,0.0,0.0,0
1931,2818.978102189781,0.0,0.0,0
1932,2820.4379562043796,0.0,0.0,0
1933,2821.897810218978,0.0,0.0,0
1934,2823.3576642335765,0.0,0.0,0
1935,2824.817518248175,0.0,0.0,0
1936,2826.2773722627735,0.0,0.0,0
1937,2827.7372262773724,0.0,0.0,0
1938,2829.197080291971,0.0,0.0,0
1939,2830.6569343065694,0.0,0.0,0
1940,2832.116788321168,0.0,0.0,0
1941,2833.5766423357663,0.0,0.0,0
1942,2835.036496350365,0.0,0.0,0
1943,2836.4963503649633,0.0,0.0,0
1944,2837.956204379562,0.0,0.0,0
1945,2839.4160583941607,0.0,0.0,0
1946,2840.875912408759,0.0,0.0,0
1947,2842.3357664233577,0.0,0.0,0
1948,2843.795620437956,0.0,0.0,0
1949,2845.2554744525546,0.0,0.0,0
1950,2846.715328467153,0.0,0.0,0
1951,2848.175182481752,0.0,0.0,0
1952,2849.6350364963505,0.0,0.0,0
1953,2851.094890510949,0.0,0.0,0
1954,2852.5547445255474,0.0,0.0,0
1955,2854.014598540146,0.0,0.0,0
1956,2855.4744525547444,0.0,0.0,0
1957,2856.934306569343,0.0,0.0,0
1958,2858.394160583942,0.0,0.0,0
1959,2859.8540145985403,0.0,0.0,0
1960,2861.3138686131388,0.0,0.0,0
1961,2862.7737226277372,0.0,0.0,0
1962,2864.2335766423357,0.0,0.0,0
1963,2865.693430656934,0.0,0.0,0
1964,2867.1532846715327,0.0,0.0,0
1965,2868.613138686131,0.0,0.0,0
1966,2870.07299270073,0.0,0.0,0
1967,2871.5328467153286,0.0,0.0,0
1968,2872.992700729927,0.0,0.0,0
1969,2874.4525547445255,0.0,0.0,0
1970,2875.912408759124,0.0,0.0,0
1971,2877.3722627737225,0.0,0.0,0
1972,2878.832116788321,0.0,0.0,0
1973,2880.29197080292,0.0,0.0,0
1974,2881.7518248175184,0.0,0.0,0
1975,2883.211678832117,0.0,0.0,0
1976,2884.6715328467153,0.0,0.0,0
1977,2886.131386861314,0.0,0.0,0
1978,2887.5912408759123,0.0,0.0,0
1979,2889.0510948905107,0.0,0.0,0
1980,2890.5109489051097,0.0,0.0,0
1981,2891.970802919708,0.0,0.0,0
1982,2893.4306569343066,0.0,0.0,0
1983,2894.890510948905,0.0,0.0,0
1984,2896.3503649635036,0.0,0.0,0
1985,2897.810218978102,0.0,0.0,0
1986,2899.2700729927005,0.0,0.0,0
1987,2900.7299270072995,0.0,0.0,0
1988,2902.189781021898,0.0,0.0,0
1989,2903.6496350364964,0.0,0.0,0
1990,2905.109489051095,0.0,0.0,0
1991,2906.5693430656934,0.0,0.0,0
1992,2908.029197080292,0.0,0.0,0
1993,2909.4890510948903,0.0,0.0,0
1994,2910.9489051094893,0.0,0.0,0
1995,2912.4087591240877,0.0,0.0,0
1996,2913.868613138686,0.0,0.0,0
1997,2915.3284671532847,0.0,0.0,0
1998,2916.788321167883,0.0,0.0,0
1999,2918.2481751824816,0.0,0.0,0
2000,2919.70802919708,0.0,0.0,0
2001,2921.1678832116786,0.0,0.0,0
2002,2922.6277372262775,0.0,0.0,0
2003,2924.087591240876,0.0,0.0,0
2004,2925.5474452554745,0.0,0.0,0
2005,2927.007299270073,0.0,0.0,0
2006,2928.4671532846714,0.0,0.0,0
2007,2929.92700729927,0.0,0.0,0
2008,2931.3868613138684,0.0,0.0,0
2009,2932.8467153284673,0.0,0.0,0
2010,2934.306569343066,0.0,0.0,0
2011,2935.7664233576643,0.0,0.0,0
2012,2937.2262773722628,0.0,0.0,0
2013,2938.6861313868612,0.0,0.0,0
2014,2940.1459854014597,0.0,0.0,0
2015,2941.605839416058,0.0,0.0,0
2016,2943.065693430657,0.0,0.0,0
2017,2944.5255474452556,0.0,0.0,0
2018,2945.985401459854,0.0,0.0,0
2019,2947.4452554744526,0.0,0.0,0
2020,2948.905109489051,0.0,0.0,0
2021,2950.3649635036495,0.0,0.0,0
2022,2951.824817518248,0.0,0.0,0
2023,2953.284671532847,0.0,0.0,0
2024,2954.7445255474454,0.0,0.0,0
2025,2956.204379562044,0.0,0.0,0
2026,2957.6642335766423,0.0,0.0,0
2027,2959.124087591241,0.0,0.0,0
2028,2960.5839416058393,0.0,0.0,0
2029,2962.043795620438,0.0,0.0,0
2030,2963.5036496350367,0.0,0.0,0
2031,2964.963503649635,0.0,0.0,0
2032,2966.4233576642337,0.0,0.0,0
2033,2967.883211678832,0.0,0.0,0
2034,2969.3430656934306,0.0,0.0,0
2035,2970.802919708029,0.0,0.0,0
2036,2972.2627737226276,0.0,0.0,0
2037,2973.722627737226,0.0,0.0,0
2038,2975.182481751825,0.0,0.0,0
2039,2976.6423357664235,0.0,0.0,0
2040,2978.102189781022,0.0,0.0,0
2041,2979.5620437956204,0.0,0.0,0
2042,2981.021897810219,0.0,0.0,0
2043,2982.4817518248174,0.0,0.0,0
2044,2983.941605839416,0.0,0.0,0
2045,2985.401459854015,0.0,0.0,0
2046,2986.8613138686133,0.0,0.0,0
2047,2988.3211678832117,0.0,0.0,0
2048,2989.78102189781,0.0,0.0,0
2049,2991.2408759124087,0.0,0.0,0
2050,2992.700729927007,0.0,0.0,0
2051,2994.1605839416056,0.0,0.0,0
2052,2995.6204379562046,0.0,0.0,0
2053,2997.080291970803,0.0,0.0,0
2054,2998.5401459854015,0.0,0.0,0
2055,3000.0,0.0,0.0,0
2056,3001.4598540145985,0.0,0.0,0
2057,3002.919708029197,0.0,0.0,0
2058,3004.3795620437954,0.0,0.0,0
2059,3005.8394160583944,0.0,0.0,0
2060,3007.299270072993,0.0,0.0,0
2061,3008.7591240875913,0.0,0.0,0
2062,3010.21897810219,0.0,0.0,0
2063,3011.6788321167883,0.0,0.0,0
2064,3013.1386861313867,0.0,0.0,0
2065,3014.598540145985,0.0,0.0,0
2066,3016.0583941605837,0.0,0.0,0
2067,3017.5182481751826,0.0,0.0,0
2068,3018.978102189781,0.0,0.0,0
2069,3020.4379562043796,0.0,0.0,0
2070,3021.897810218978,0.0,0.0,0
2071,3023.3576642335765,0.0,0.0,0
2072,3024.817518248175,0.0,0.0,0
2073,3026.2773722627735,0.0,0.0,0
2074,3027.7372262773724,0.0,0.0,0
2075,3029.197080291971,0.0,0.0,0
2076,3030.6569343065694,0.0,0.0,0
2077,3032.116788321168,0.0,0.0,0
2078,3033.5766423357663,0.0,0.0,0
2079,3035.036496350365,0.0,0.0,0
2080,3036.4963503649633,0.0,0.0,0
2081,3037.956204379562,0.0,0.0,0
2082,3039.4160583941607,0.0,0.0,0
2083,3040.875912408759,0.0,0.0,0
2084,3042.3357664233577,0.0,0.0,0
2085,3043.795620437956,0.0,0.0,0
2086,3045.2554744525546,0.0,0.0,0
2087,3046.715328467153,0.0,0.0,0
2088,3048.175182481752,0.0,0.0,0
2089,3049.6350364963505,0.0,0.0,0
2090,3051.094890510949,0.0,0.0,0
2091,3052.5547445255474,0.0,0.0,0
2092,3054.014598540146,0.0,0.0,0
2093,3055.4744525547444,0.0,0.0,0
2094,3056.934306569343,0.0,0.0,0
2095,3058.394160583942,0.0,0.0,0
2096,3059.8540145985403,0.0,0.0,0
2097,3061.3138686131388,0.0,0.0,0
2098,3062.7737226277372,0.0,0.0,0
2099,3064.2335766423357,0.0,0.0,0
2100,3065.693430656934,0.0,0.0,0
2101,3067.1532846715327,0.0,0.0,0
2102,3068.613138686131,0.0,0.0,0
2103,3070.07299270073,0.0,0.0,0
2104,3071.5328467153286,0.0,0.0,0
2105,3072.992700729927,0.0,0.0,0
2106,3074.4525547445255,0.0,0.0,0
2107,3075.912408759124,0.0,0.0,0
2108,3077.3722627737225,0.0,0.0,0
2109,3078.832116788321,0.0,0.0,0
2110,3080.29197080292,0.0,0.0,0
2111,3081.7518248175184,0.0,0.0,0
2112,3083.211678832117,0.0,0.0,0
2113,3084.6715328467153,0.0,0.0,0
2114,3086.131386861314,0.0,0.0,0
2115,3087.5912408759123,0.0,0.0,0
2116,3089.0510948905107,0.0,0.0,0
2117,3090.5109489051097,0.0,0.0,0
2118,3091.970802919708,0.0,0.0,0
2119,3093.4306569343066,0.0,0.0,0
2120,3094.890510948905,0.0,0.0,0
2121,3096.3503649635036,0.0,0.0,0
2122,3097.810218978102,0.0,0.0,0
2123,3099.2700729927005,0.0,0.0,0
2124,3100.7299270072995,0.0,0.0,0
2125,3102.189781021898,0.0,0.0,0
2126,3103.6496350364964,0.0,0.0,0
2127,3105.109489051095,0.0,0.0,0
2128,3106.5693430656934,0.0,0.0,0
2129,3108.029197080292,0.0,0.0,0
2130,3109.4890510948903,0.0,0.0,0
2131,3110.9489051094893,0.0,0.0,0
2132,3112.4087591240877,0.0,0.0,0
2133,3113.868613138686,0.0,0.0,0
2134,3115.3284671532847,0.0,0.0,0
2135,3116.788321167883,0.0,0.0,0
2136,3118.2481751824816,0.0,0.0,0
2137,3119.70802919708,0.0,0.0,0
2138,3121.1678832116786,0.0,0.0,0
2139,3122.6277372262775,0.0,0.0,0
2140,3124.087591240876,0.0,0.0,0
2141,3125.5474452554745,0.0,0.0,0
2142,3127.007299270073,0.0,0.0,0
2143,3128.4671532846714,0.0,0.0,0
2144,3129.92700729927,0.0,0.0,0
2145,3131.3868613138684,0.0,0.0,0
2146,3132.8467153284673,0.0,0.0,0
2147,3134.306569343066,0.0,0.0,0
2148,3135.7664233576643,0.0,0.0,0
2149,3137.2262773722628,0.0,0.0,0
2150,3138.6861313868612,0.0,0.0,0
2151,3140.1459854014597,0.0,0.0,0
2152,3141.605839416058,0.0,0.0,0
2153,3143.065693430657,0.0,0.0,0
2154,3144.5255474452556,0.0,0.0,0
2155,3145.985401459854,0.0,0.0,0
2156,3147.4452554744526,0.0,0.0,0
2157,3148.905109489051,0.0,0.0,0
2158,3150.3649635036495,0.0,0.0,0
2159,3151.824817518248,0.0,0.0,0
2160,3153.284671532847,0.0,0.0,0
2161,3154.7445255474454,0.0,0.0,0
2162,3156.204379562044,0.0,0.0,0
2163,3157.6642335766423,0.0,0.0,0
2164,3159.124087591241,0.0,0.0,0
2165,3160.5839416058393,0.0,0.0,0
2166,3162.043795620438,0.0,0.0,0
2167,3163.5036496350367,0.0,0.0,0
2168,3164.963503649635,0.0,0.0,0
2169,3166.4233576642337,0.0,0.0,0
2170,3167.883211678832,0.0,0.0,0
2171,3169.3430656934306,0.0,0.0,0
2172,3170.802919708029,0.0,0.0,0
2173,3172.2627737226276,0.0,0.0,0
2174,3173.722627737226,0.0,0.0,0
2175,3175.182481751825,0.0,0.0,0
2176,3176.6423357664235,0.0,0.0,0
2177,3178.102189781022,0.0,0.0,0
2178,3179.5620437956204,0.0,0.0,0
2179,3181.021897810219,0.0,0.0,0
2180,3182.4817518248174,0.0,0.0,0
2181,3183.941605839416,0.0,0.0,0
2182,3185.401459854015,0.0,0.0,0
2183,3186.8613138686133,0.0,0.0,0
2184,3188.3211678832117,0.0,0.0,0
2185,3189.78102189781,0.0,0.0,0
2186,3191.2408759124087,0.0,0.0,0
2187,3192.700729927007,0.0,0.0,0
2188,3194.1605839416056,0.0,0.0,0
2189,3195.6204379562046,0.0,0.0,0
2190,3197.080291970803,0.0,0.0,0
2191,3198.5401459854015,0.0,0.0,0
2192,3200.0,0.0,0.0,0
2193,3201.4598540145985,0.0,0.0,0
2194,3202.919708029197,0.0,0.0,0
2195,3204.3795620437954,0.0,0.0,0
2196,3205.8394160583944,0.0,0.0,0
2197,3207.299270072993,0.0,0.0,0
2198,3208.7591240875913,0.0,0.0,0
2199,3210.21897810219,0.0,0.0,0
2200,3211.6788321167883,0.0,0.0,0
2201,3213.1386861313867,0.0,0.0,0
2202,3214.598540145985,0.0,0.0,0
2203,3216.0583941605837,0.0,0.0,0
2204,3217.5182481751826,0.0,0.0,0
2205,3218.978102189781,0.0,0.0,0
2206,3220.4379562043796,0.0,0.0,0
2207,3221.897810218978,0.0,0.0,0
2208,3223.3576642335765,0.0,0.0,0
2209,3224.817518248175,0.0,0.0,0
2210,3226.2773722627735,0.0,0.0,0
2211,3227.7372262773724,0.0,0.0,0
2212,3229.197080291971,0.0,0.0,0
2213,3230.6569343065694,0.0,0.0,0
2214,3232.116788321168,0.0,0.0,0
2215,3233.5766423357663,0.0,0.0,0
2216,3235.036496350365,0.0,0.0,0
2217,3236.4963503649633,0.0,0.0,0
2218,3237.956204379562,0.0,0.0,0
2219,3239.4160583941607,0.0,0.0,0
2220,3240.875912408759,0.0,0.0,0
2221,3242.3357664233577,0.0,0.0,0
2222,3243.795620437956,0.0,0.0,0
2223,3245.2554744525546,0.0,0.0,0
2224,3246.715328467153,0.0,0.0,0
2225,3248.175182481752,0.0,0.0,0
2226,3249.6350364963505,0.0,0.0,0
2227,3251.094890510949,0.0,0.0,0
2228,3252.5547445255474,0.0,0.0,0
2229,3254.014598540146,0.0,0.0,0
2230,3255.4744525547444,0.0,0.0,0
2231,3256.934306569343,0.0,0.0,0
2232,3258.394160583942,0.0,0.0,0
2233,3259.8540145985403,0.0,0.0,0
2234,3261.3138686131388,0.0,0.0,0
2235,3262.7737226277372,0.0,0.0,0
2236,3264.2335766423357,0.0,0.0,0
2237,3265.693430656934,0.0,0.0,0
2238,3267.1532846715327,0.0,0.0,0
2239,3268.613138686131,0.0,0.0,0
2240,3270.07299270073,0.0,0.0,0
2241,3271.5328467153286,0.0,0.0,0
2242,3272.992700729927,0.0,0.0,0
2243,3274.4525547445255,0.0,0.0,0
2244,3275.912408759124,0.0,0.0,0
2245,3277.3722627737225,0.0,0.0,0
2246,3278.832116788321,0.0,0.0,0
2247,3280.29197080292,0.0,0.0,0
2248,3281.7518248175184,0.0,0.0,0
2249,3283.211678832117,0.0,0.0,0
2250,3284.6715328467153,0.0,0.0,0
2251,3286.131386861314,0.0,0.0,0
2252,3287.5912408759123,0.0,0.0,0
2253,3289.0510948905107,0.0,0.0,0
2254,3290.5109489051097,0.0,0.0,0
2255,3291.970802919708,0.0,0.0,0
2256,3293.4306569343066,0.0,0.0,0
2257,3294.890510948905,0.0,0.0,0
2258,3296.3503649635036,0.0,0.0,0
2259,3297.810218978102,0.0,0.0,0
2260,3299.2700729927005,0.0,0.0,0
2261,3300.7299270072995,0.0,0.0,0
2262,3302.189781021898,0.0,0.0,0
2263,3303.6496350364964,0.0,0.0,0
2264,3305.109489051095,0.0,0.0,0
2265,3306.5693430656934,0.0,0.0,0
2266,3308.029197080292,0.0,0.0,0
2267,3309.4890510948903,0.0,0.0,0
2268,3310.9489051094893,0.0,0.0,0
2269,3312.4087591240877,0.0,0.0,0
2270,3313.868613138686,0.0,0.0,0
2271,3315.3284671532847,0.0,0.0,0
2272,3316.788321167883,0.0,0.0,0
2273,3318.2481751824816,0.0,0.0,0
2274,3319.70802919708,0.0,0.0,0
2275,3321.1678832116786,0.0,0.0,0
2276,3322.6277372262775,0.0,0.0,0
2277,3324.087591240876,0.0,0.0,0
2278,3325.5474452554745,0.0,0.0,0
2279,3327.007299270073,0.0,0.0,0
2280,3328.4671532846714,0.0,0.0,0
2281,3329.92700729927,0.0,0.0,0
2282,3331.3868613138684,0.0,0.0,0
2283,3332.8467153284673,0.0,0.0,0
2284,3334.306569343066,0.0,0.0,0
2285,3335.7664233576643,0.0,0.0,0
2286,3337.2262773722628,0.0,0.0,0
2287,3338.6861313868612,0.0,0.0,0
2288,3340.1459854014597,0.0,0.0,0
2289,3341.605839416058,0.0,0.0,0
2290,3343.065693430657,0.0,0.0,0
2291,3344.5255474452556,0.0,0.0,0
2292,3345.985401459854,0.0,0.0,0
2293,3347.4452554744526,0.0,0.0,0
2294,3348.905109489051,0.0,0.0,0
2295,3350.3649635036495,0.0,0.0,0
2296,3351.824817518248,0.0,0.0,0
2297,3353.284671532847,0.0,0.0,0
2298,3354.7445255474454,0.0,0.0,0
2299,3356.204379562044,0.0,0.0,0
2300,3357.6642335766423,0.0,0.0,0
2301,3359.124087591241,0.0,0.0,0
2302,3360.5839416058393,0.0,0.0,0
2303,3362.043795620438,0.0,0.0,0
2304,3363.5036496350367,0.0,0.0,0
2305,3364.963503649635,0.0,0.0,0
2306,3366.4233576642337,0.0,0.0,0
2307,3367.883211678832,0.0,0.0,0
2308,3369.3430656934306,0.0,0.0,0
2309,3370.802919708029,0.0,0.0,0
2310,3372.2627737226276,0.0,0.0,0
2311,3373.722627737226,0.0,0.0,0
2312,3375.182481751825,0.0,0.0,0
2313,3376.6423357664235,0.0,0.0,0
2314,3378.102189781022,0.0,0.0,0
2315,3379.5620437956204,0.0,0.0,0
2316,3381.021897810219,0.0,0.0,0
2317,3382.4817518248174,0.0,0.0,0
2318,3383.941605839416,0.0,0.0,0
2319,3385.401459854015,0.0,0.0,0
2320,3386.8613138686133,0.0,0.0,0
2321,3388.3211678832117,0.0,0.0,0
2322,3389.78102189781,0.0,0.0,0
2323,3391.2408759124087,0.0,0.0,0
2324,3392.700729927007,0.0,0.0,0
2325,3394.1605839416056,0.0,0.0,0
2326,3395.6204379562046,0.0,0.0,0
2327,3397.080291970803,0.0,0.0,0
2328,3398.5401459854015,0.0,0.0,0
2329,3400.0,0.0,0.0,0
2330,3401.4598540145985,0.0,0.0,0
2331,3402.919708029197,0.0,0.0,0
2332,3404.3795620437954,0.0,0.0,0
2333,3405.8394160583944,0.0,0.0,0
2334,3407.299270072993,0.0,0.0,0
2335,3408.7591240875913,0.0,0.0,0
2336,3410.21897810219,0.0,0.0,0
2337,3411.6788321167883,0.0,0.0,0
2338,3413.1386861313867,0.0,0.0,0
2339,3414.598540145985,0.0,0.0,0
2340,3416.0583941605837,0.0,0.0,0
2341,3417.5182481751826,0.0,0.0,0
2342,3418.978102189781,0.0,0.0,0
2343,3420.4379562043796,0.0,0.0,0
2344,3421.897810218978,0.0,0.0,0
2345,3423.3576642335765,0.0,0.0,0
2346,3424.817518248175,0.0,0.0,0
2347,3426.2773722627735,0.0,0.0,0
2348,3427.7372262773724,0.0,0.0,0
2349,3429.197080291971,0.0,0.0,0
2350,3430.6569343065694,0.0,0.0,0
2351,3432.116788321168,0.0,0.0,0
2352,3433.5766423357663,0.0,0.0,0
2353,3435.036496350365,0.0,0.0,0
2354,3436.4963503649633,0.0,0.0,0
2355,3437.956204379562,0.0,0.0,0
2356,3439.4160583941607,0.0,0.0,0
2357,3440.875912408759,0.0,0.0,0
2358,3442.3357664233577,0.0,0.0,0
2359,3443.795620437956,0.0,0.0,0
2360,3445.2554744525546,0.0,0.0,0
2361,3446.715328467153,0.0,0.0,0
2362,3448.175182481752,0.0,0.0,0
2363,3449.6350364963505,0.0,0.0,0
2364,3451.094890510949,0.0,0.0,0
2365,3452.5547445255474,0.0,0.0,0
2366,3454.014598540146,0.0,0.0,0
2367,3455.4744525547444,0.0,0.0,0
2368,3456.934306569343,0.0,0.0,0
2369,3458.394160583942,0.0,0.0,0
2370,3459.8540145985403,0.0,0.0,0
2371,3461.3138686131388,0.0,0.0,0
2372,3462.7737226277372,0.0,0.0,0
2373,3464.2335766423357,0.0,0.0,0
2374,3465.693430656934,0.0,0.0,0
2375,3467.1532846715327,0.0,0.0,0
2376,3468.613138686131,0.0,0.0,0
2377,3470.07299270073,0.0,0.0,0
2378,3471.5328467153286,0.0,0.0,0
2379,3472.992700729927,0.0,0.0,0
2380,3474.4525547445255,0.0,0.0,0
2381,3475.912408759124,0.0,0.0,0
2382,3477.3722627737225,0.0,0.0,0
2383,3478.832116788321,0.0,0.0,0
2384,3480.29197080292,0.0,0.0,0
2385,3481.7518248175184,0.0,0.0,0
2386,3483.211678832117,0.0,0.0,0
2387,3484.6715328467153,0.0,0.0,0
2388,3486.131386861314,0.0,0.0,0
2389,3487.5912408759123,0.0,0.0,0
2390,3489.0510948905107,0.0,0.0,0
2391,3490.5109489051097,0.0,0.0,0
2392,3491.970802919708,0.0,0.0,0
2393,3493.4306569343066,0.0,0.0,0
2394,3494.890510948905,0.0,0.0,0
2395,3496.3503649635036,0.0,0.0,0
2396,3497.810218978102,0.0,0.0,0
2397,3499.2700729927005,0.0,0.0,0
2398,3500.7299270072995,0.0,0.0,0
2399,3502.189781021898,0.0,0.0,0
2400,3503.6496350364964,0.0,0.0,0
2401,3505.109489051095,0.0,0.0,0
2402,3506.5693430656934,0.0,0.0,0
2403,3508.029197080292,0.0,0.0,0
2404,3509.4890510948903,0.0,0.0,0
2405,3510.9489051094893,0.0,0.0,0
2406,3512.4087591240877,0.0,0.0,0
2407,3513.868613138686,0.0,0.0,0
2408,3515.3284671532847,0.0,0.0,0
2409,3516.788321167883,0.0,0.0,0
2410,3518.2481751824816,0.0,0.0,0
2411,3519.70802919708,0.0,0.0,0
2412,3521.1678832116786,0.0,0.0,0
2413,3522.6277372262775,0.0,0.0,0
2414,3524.087591240876,0.0,0.0,0
2415,3525.5474452554745,0.0,0.0,0
2416,3527.007299270073,0.0,0.0,0
2417,3528.4671532846714,0.0,0.0,0
2418,3529.92700729927,0.0,0.0,0
2419,3531.3868613138684,0.0,0.0,0
2420,3532.8467153284673,0.0,0.0,0
2421,3534.306569343066,0.0,0.0,0
2422,3535.7664233576643,0.0,0.0,0
2423,3537.2262773722628,0.0,0.0,0
2424,3538.6861313868612,0.0,0.0,0
2425,3540.1459854014597,0.0,0.0,0
2426,3541.605839416058,0.0,0.0,0
2427,3543.065693430657,0.0,0.0,0
2428,3544.5255474452556,0.0,0.0,0
2429,3545.985401459854,0.0,0.0,0
2430,3547.4452554744526,0.0,0.0,0
2431,3548.905109489051,0.0,0.0,0
2432,3550.3649635036495,0.0,0.0,0
2433,3551.824817518248,0.0,0.0,0
2434,3553.284671532847,0.0,0.0,0
2435,3554.7445255474454,0.0,0.0,0
2436,3556.204379562044,0.0,0.0,0
2437,3557.6642335766423,0.0,0.0,0
2438,3559.124087591241,0.0,0.0,0
2439,3560.5839416058393,0.0,0.0,0
2440,3562.043795620438,0.0,0.0,0
2441,3563.5036496350363,0.0,0.0,0
2442,3564.963503649635,0.0,0.0,0
2443,3566.4233576642337,0.0,0.0,0
2444,3567.883211678832,0.0,0.0,0
2445,3569.3430656934306,0.0,0.0,0
2446,3570.802919708029,0.0,0.0,0
2447,3572.2627737226276,0.0,0.0,0
2448,3573.722627737226,0.0,0.0,0
2449,3575.182481751825,0.0,0.0,0
2450,3576.6423357664235,0.0,0.0,0
2451,3578.102189781022,0.0,0.0,0
2452,3579.5620437956204,0.0,0.0,0
2453,3581.021897810219,0.0,0.0,0
2454,3582.4817518248174,0.0,0.0,0
2455,3583.941605839416,0.0,0.0,0
2456,3585.401459854015,0.0,0.0,0
2457,3586.8613138686133,0.0,0.0,0
2458,3588.3211678832117,0.0,0.0,0
2459,3589.78102189781,0.0,0.0,0
2460,3591.2408759124087,0.0,0.0,0
2461,3592.700729927007,0.0,0.0,0
2462,3594.1605839416056,0.0,0.0,0
2463,3595.6204379562046,0.0,0.0,0
2464,3597.080291970803,0.0,0.0,0
2465,3598.5401459854015,0.0,0.0,0
2466,3600.0,0.0,0.0,0
2467,3601.4598540145985,0.0,0.0,0
2468,3602.919708029197,0.0,0.0,0
2469,3604.3795620437954,0.0,0.0,0
2470,3605.8394160583944,0.0,0.0,0
2471,3607.299270072993,0.0,0.0,0
2472,3608.7591240875913,0.0,0.0,0
2473,3610.21897810219,0.0,0.0,0
2474,3611.6788321167883,0.0,0.0,0
2475,3613.1386861313867,0.0,0.0,0
2476,3614.598540145985,0.0,0.0,0
2477,3616.0583941605837,0.0,0.0,0
2478,3617.5182481751826,0.0,0.0,0
2479,3618.978102189781,0.0,0.0,0
2480,3620.4379562043796,0.0,0.0,0
2481,3621.897810218978,0.0,0.0,0
2482,3623.3576642335765,0.0,0.0,0
2483,3624.817518248175,0.0,0.0,0
2484,3626.2773722627735,0.0,0.0,0
2485,3627.7372262773724,0.0,0.0,0
2486,3629.197080291971,0.0,0.0,0
2487,3630.6569343065694,0.0,0.0,0
2488,3632.116788321168,0.0,0.0,0
2489,3633.5766423357663,0.0,0.0,0
2490,3635.036496350365,0.0,0.0,0
2491,3636.4963503649633,0.0,0.0,0
2492,3637.956204379562,0.0,0.0,0
2493,3639.4160583941607,0.0,0.0,0
2494,3640.875912408759,0.0,0.0,0
2495,3642.3357664233577,0.0,0.0,0
2496,3643.795620437956,0.0,0.0,0
2497,3645.2554744525546,0.0,0.0,0
2498,3646.715328467153,0.0,0.0,0
2499,3648.175182481752,0.0,0.0,0
2500,3649.6350364963505,0.0,0.0,0
2501,3651.094890510949,0.0,0.0,0
2502,3652.5547445255474,0.0,0.0,0
2503,3654.014598540146,0.0,0.0,0
2504,3655.4744525547444,0.0,0.0,0
2505,3656.934306569343,0.0,0.0,0
2506,3658.394160583942,0.0,0.0,0
2507,3659.8540145985403,0.0,0.0,0
2508,3661.3138686131388,0.0,0.0,0
2509,3662.7737226277372,0.0,0.0,0
2510,3664.2335766423357,0.0,0.0,0
2511,3665.693430656934,0.0,0.0,0
2512,3667.1532846715327,0.0,0.0,0
2513,3668.613138686131,0.0,0.0,0
2514,3670.07299270073,0.0,0.0,0
2515,3671.5328467153286,0.0,0.0,0
2516,3672.992700729927,0.0,0.0,0
2517,3674.4525547445255,0.0,0.0,0
2518,3675.912408759124,0.0,0.0,0
2519,3677.3722627737225,0.0,0.0,0
2520,3678.832116788321,0.0,0.0,0
2521,3680.29197080292,0.0,0.0,0
2522,3681.7518248175184,0.0,0.0,0
2523,3683.211678832117,0.0,0.0,0
2524,3684.6715328467153,0.0,0.0,0
2525,3686.131386861314,0.0,0.0,0
2526,3687.5912408759123,0.0,0.0,0
2527,3689.0510948905107,0.0,0.0,0
2528,3690.5109489051097,0.0,0.0,0
2529,3691.970802919708,0.0,0.0,0
2530,3693.4306569343066,0.0,0.0,0
2531,3694.890510948905,0.0,0.0,0
2532,3696.3503649635036,0.0,0.0,0
2533,3697.810218978102,0.0,0.0,0
2534,3699.2700729927005,0.0,0.0,0
2535,3700.7299270072995,0.0,0.0,0
2536,3702.189781021898,0.0,0.0,0
2537,3703.6496350364964,0.0,0.0,0
2538,3705.109489051095,0.0,0.0,0
2539,3706.5693430656934,0.0,0.0,0
2540,3708.029197080292,0.0,0.0,0
2541,3709.4890510948903,0.0,0.0,0
2542,3710.9489051094893,0.0,0.0,0
2543,3712.4087591240877,0.0,0.0,0
2544,3713.868613138686,0.0,0.0,0
2545,3715.3284671532847,0.0,0.0,0
2546,3716.788321167883,0.0,0.0,0
2547,3718.2481751824816,0.0,0.0,0
2548,3719.70802919708,0.0,0.0,0
2549,3721.1678832116786,0.0,0.0,0
2550,3722.6277372262775,0.0,0.0,0
2551,3724.087591240876,0.0,0.0,0
2552,3725.5474452554745,0.0,0.0,0
2553,3727.007299270073,0.0,0.0,0
2554,3728.4671532846714,0.0,0.0,0
2555,3729.92700729927,0.0,0.0,0
2556,3731.3868613138684,0.0,0.0,0
2557,3732.8467153284673,0.0,0.0,0
2558,3734.306569343066,0.0,0.0,0
2559,3735.7664233576643,0.0,0.0,0
2560,3737.2262773722628,0.0,0.0,0
2561,3738.6861313868612,0.0,0.0,0
2562,3740.1459854014597,0.0,0.0,0
2563,3741.605839416058,0.0,0.0,0
2564,3743.065693430657,0.0,0.0,0
2565,3744.5255474452556,0.0,0.0,0
2566,3745.985401459854,0.0,0.0,0
2567,3747.4452554744526,0.0,0.0,0
2568,3748.905109489051,0.0,0.0,0
2569,3750.3649635036495,0.0,0.0,0
2570,3751.824817518248,0.0,0.0,0
2571,3753.284671532847,0.0,0.0,0
2572,3754.7445255474454,0.0,0.0,0
2573,3756.204379562044,0.0,0.0,0
2574,3757.6642335766423,0.0,0.0,0
2575,3759.124087591241,0.0,0.0,0
2576,3760.5839416058393,0.0,0.0,0
2577,3762.043795620438,0.0,0.0,0
2578,3763.5036496350363,0.0,0.0,0
2579,3764.963503649635,0.0,0.0,0
2580,3766.4233576642337,0.0,0.0,0
2581,3767.883211678832,0.0,0.0,0
2582,3769.3430656934306,0.0,0.0,0
2583,3770.802919708029,0.0,0.0,0
2584,3772.2627737226276,0.0,0.0,0
2585,3773.722627737226,0.0,0.0,0
2586,3775.182481751825,0.0,0.0,0
2587,3776.6423357664235,0.0,0.0,0
2588,3778.102189781022,0.0,0.0,0
2589,3779.5620437956204,0.0,0.0,0
2590,3781.021897810219,0.0,0.0,0
2591,3782.4817518248174,0.0,0.0,0
2592,3783.941605839416,0.0,0.0,0
2593,3785.401459854015,0.0,0.0,0
2594,3786.8613138686133,0.0,0.0,0
2595,3788.3211678832117,0.0,0.0,0
2596,3789.78102189781,0.0,0.0,0
2597,3791.2408759124087,0.0,0.0,0
2598,3792.700729927007,0.0,0.0,0
2599,3794.1605839416056,0.0,0.0,0
2600,3795.6204379562046,0.0,0.0,0
2601,3797.080291970803,0.0,0.0,0
2602,3798.5401459854015,0.0,0.0,0
2603,3800.0,0.0,0.0,0
2604,3801.4598540145985,0.0,0.0,0
2605,3802.919708029197,0.0,0.0,0
2606,3804.3795620437954,0.0,0.0,0
2607,3805.8394160583944,0.0,0.0,0
2608,3807.299270072993,0.0,0.0,0
2609,3808.7591240875913,0.0,0.0,0
2610,3810.21897810219,0.0,0.0,0
2611,3811.6788321167883,0.0,0.0,0
2612,3813.1386861313867,0.0,0.0,0
2613,3814.598540145985,0.0,0.0,0
2614,3816.0583941605837,0.0,0.0,0
2615,3817.5182481751826,0.0,0.0,0
2616,3818.978102189781,0.0,0.0,0
2617,3820.4379562043796,0.0,0.0,0
2618,3821.897810218978,0.0,0.0,0
2619,3823.3576642335765,0.0,0.0,0
2620,3824.817518248175,0.0,0.0,0
2621,3826.2773722627735,0.0,0.0,0
2622,3827.7372262773724,0.0,0.0,0
2623,3829.197080291971,0.0,0.0,0
2624,3830.6569343065694,0.0,0.0,0
2625,3832.116788321168,0.0,0.0,0
2626,3833.5766423357663,0.0,0.0,0
2627,3835.036496350365,0.0,0.0,0
2628,3836.4963503649633,0.0,0.0,0
2629,3837.956204379562,0.0,0.0,0
2630,3839.4160583941607,0.0,0.0,0
2631,3840.875912408759,0.0,0.0,0
2632,3842.3357664233577,0.0,0.0,0
2633,3843.795620437956,0.0,0.0,0
2634,3845.2554744525546,0.0,0.0,0
2635,3846.715328467153,0.0,0.0,0
2636,3848.175182481752,0.0,0.0,0
2637,3849.6350364963505,0.0,0.0,0
2638,3851.094890510949,0.0,0.0,0
2639,3852.5547445255474,0.0,0.0,0
2640,3854.014598540146,0.0,0.0,0
2641,3855.4744525547444,0.0,0.0,0
2642,3856.934306569343,0.0,0.0,0
2643,3858.394160583942,0.0,0.0,0
2644,3859.8540145985403,0.0,0.0,0
2645,3861.3138686131388,0.0,0.0,0
2646,3862.7737226277372,0.0,0.0,0
2647,3864.2335766423357,0.0,0.0,0
2648,3865.693430656934,0.0,0.0,0
2649,3867.1532846715327,0.0,0.0,0
2650,3868.613138686131,0.0,0.0,0
2651,3870.07299270073,0.0,0.0,0
2652,3871.5328467153286,0.0,0.0,0
2653,3872.992700729927,0.0,0.0,0
2654,3874.4525547445255,0.0,0.0,0
2655,3875.912408759124,0.0,0.0,0
2656,3877.3722627737225,0.0,0.0,0
2657,3878.832116788321,0.0,0.0,0
2658,3880.29197080292,0.0,0.0,0
2659,3881.7518248175184,0.0,0.0,0
2660,3883.211678832117,0.0,0.0,0
2661,3884.6715328467153,0.0,0.0,0
2662,3886.131386861314,0.0,0.0,0
2663,3887.5912408759123,0.0,0.0,0
2664,3889.0510948905107,0.0,0.0,0
2665,3890.5109489051097,0.0,0.0,0
2666,3891.970802919708,0.0,0.0,0
2667,3893.4306569343066,0.0,0.0,0
2668,3894.890510948905,0.0,0.0,0
2669,3896.3503649635036,0.0,0.0,0
2670,3897.810218978102,0.0,0.0,0
2671,3899.2700729927005,0.0,0.0,0
2672,3900.7299270072995,0.0,0.0,0
2673,3902.189781021898,0.0,0.0,0
2674,3903.6496350364964,0.0,0.0,0
2675,3905.109489051095,0.0,0.0,0
2676,3906.5693430656934,0.0,0.0,0
2677,3908.029197080292,0.0,0.0,0
2678,3909.4890510948903,0.0,0.0,0
2679,3910.9489051094893,0.0,0.0,0
2680,3912.4087591240877,0.0,0.0,0
2681,3913.868613138686,0.0,0.0,0
2682,3915.3284671532847,0.0,0.0,0
2683,3916.788321167883,0.0,0.0,0
2684,3918.2481751824816,0.0,0.0,0
2685,3919.70802919708,0.0,0.0,0
2686,3921.1678832116786,0.0,0.0,0
2687,3922.6277372262775,0.0,0.0,0
2688,3924.087591240876,0.0,0.0,0
2689,3925.5474452554745,0.0,0.0,0
2690,3927.007299270073,0.0,0.0,0
2691,3928.4671532846714,0.0,0.0,0
2692,3929.92700729927,0.0,0.0,0
2693,3931.3868613138684,0.0,0.0,0
2694,3932.8467153284673,0.0,0.0,0
2695,3934.306569343066,0.0,0.0,0
2696,3935.7664233576643,0.0,0.0,0
2697,3937.2262773722628,0.0,0.0,0
2698,3938.6861313868612,0.0,0.0,0
2699,3940.1459854014597,0.0,0.0,0
2700,3941.605839416058,0.0,0.0,0
2701,3943.065693430657,0.0,0.0,0
2702,3944.5255474452556,0.0,0.0,0
2703,3945.985401459854,0.0,0.0,0
2704,3947.4452554744526,0.0,0.0,0
2705,3948.905109489051,0.0,0.0,0
2706,3950.3649635036495,0.0,0.0,0
2707,3951.824817518248,0.0,0.0,0
2708,3953.284671532847,0.0,0.0,0
2709,3954.7445255474454,0.0,0.0,0
2710,3956.204379562044,0.0,0.0,0
2711,3957.6642335766423,0.0,0.0,0
2712,3959.124087591241,0.0,0.0,0
2713,3960.5839416058393,0.0,0.0,0
2714,3962.043795620438,0.0,0.0,0
2715,3963.5036496350363,0.0,0.0,0
2716,3964.963503649635,0.0,0.0,0
2717,3966.4233576642337,0.0,0.0,0
2718,3967.883211678832,0.0,0.0,0
2719,3969.3430656934306,0.0,0.0,0
2720,3970.802919708029,0.0,0.0,0
2721,3972.2627737226276,0.0,0.0,0
2722,3973.722627737226,0.0,0.0,0
2723,3975.182481751825,0.0,0.0,0
2724,3976.6423357664235,0.0,0.0,0
2725,3978.102189781022,0.0,0.0,0
2726,3979.5620437956204,0.0,0.0,0
2727,3981.021897810219,0.0,0.0,0
2728,3982.4817518248174,0.0,0.0,0
2729,3983.941605839416,0.0,0.0,0
2730,3985.401459854015,0.0,0.0,0
2731,3986.8613138686133,0.0,0.0,0
2732,3988.3211678832117,0.0,0.0,0
2733,3989.78102189781,0.0,0.0,0
2734,3991.2408759124087,0.0,0.0,0
2735,3992.700729927007,0.0,0.0,0
2736,3994.1605839416056,0.0,0.0,0
2737,3995.6204379562046,0.0,0.0,0
2738,3997.080291970803,0.0,0.0,0
2739,3998.5401459854015,0.0,0.0,0
2740,4000.0,0.0,0.0,0
2741,4001.4598540145985,0.0,0.0,0
2742,4002.919708029197,0.0,0.0,0
2743,4004.3795620437954,0.0,0.0,0
2744,4005.8394160583944,0.0,0.0,0
2745,4007.299270072993,0.0,0.0,0
2746,4008.7591240875913,0.0,0.0,0
2747,4010.21897810219,0.0,0.0,0
2748,4011.6788321167883,0.0,0.0,0
2749,4013.1386861313867,0.0,0.0,0
2750,4014.598540145985,0.0,0.0,0
2751,4016.0583941605837,0.0,0.0,0
2752,4017.5182481751826,0.0,0.0,0
2753,4018.978102189781,0.0,0.0,0
2754,4020.4379562043796,0.0,0.0,0
2755,4021.897810218978,0.0,0.0,0
2756,4023.3576642335765,0.0,0.0,0
2757,4024.817518248175,0.0,0.0,0
2758,4026.2773722627735,0.0,0.0,0
2759,4027.7372262773724,0.0,0.0,0
2760,4029.197080291971,0.0,0.0,0
2761,4030.6569343065694,0.0,0.0,0
2762,4032.116788321168,0.0,0.0,0
2763,4033.5766423357663,0.0,0.0,0
2764,4035.036496350365,0.0,0.0,0
2765,4036.4963503649633,0.0,0.0,0
2766,4037.956204379562,0.0,0.0,0
2767,4039.4160583941607,0.0,0.0,0
2768,4040.875912408759,0.0,0.0,0
2769,4042.3357664233577,0.0,0.0,0
2770,4043.795620437956,0.0,0.0,0
2771,4045.2554744525546,0.0,0.0,0
2772,4046.715328467153,0.0,0.0,0
2773,4048.175182481752,0.0,0.0,0
2774,4049.6350364963505,0.0,0.0,0
2775,4051.094890510949,0.0,0.0,0
2776,4052.5547445255474,0.0,0.0,0
2777,4054.014598540146,0.0,0.0,0
2778,4055.4744525547444,0.0,0.0,0
2779,4056.934306569343,0.0,0.0,0
2780,4058.394160583942,0.0,0.0,0
2781,4059.8540145985403,0.0,0.0,0
2782,4061.3138686131388,0.0,0.0,0
2783,4062.7737226277372,0.0,0.0,0
2784,4064.2335766423357,0.0,0.0,0
2785,4065.693430656934,0.0,0.0,0
2786,4067.1532846715327,0.0,0.0,0
2787,4068.613138686131,0.0,0.0,0
2788,4070.07299270073,0.0,0.0,0
2789,4071.5328467153286,0.0,0.0,0
2790,4072.992700729927,0.0,0.0,0
2791,4074.4525547445255,0.0,0.0,0
2792,4075.912408759124,0.0,0.0,0
2793,4077.3722627737225,0.0,0.0,0
2794,4078.832116788321,0.0,0.0,0
2795,4080.29197080292,0.0,0.0,0
2796,4081.7518248175184,0.0,0.0,0
2797,4083.211678832117,0.0,0.0,0
2798,4084.6715328467153,0.0,0.0,0
2799,4086.131386861314,0.0,0.0,0
2800,4087.5912408759123,0.0,0.0,0
2801,4089.0510948905107,0.0,0.0,0
2802,4090.5109489051097,0.0,0.0,0
2803,4091.970802919708,0.0,0.0,0
2804,4093.4306569343066,0.0,0.0,0
2805,4094.890510948905,0.0,0.0,0
2806,4096.350364963504,0.0,0.0,0
2807,4097.810218978102,0.0,0.0,0
2808,4099.270072992701,0.0,0.0,0
2809,4100.729927007299,0.0,0.0,0
2810,4102.189781021898,0.0,0.0,0
2811,4103.649635036496,0.0,0.0,0
2812,4105.109489051095,0.0,0.0,0
2813,4106.569343065694,0.0,0.0,0
2814,4108.029197080292,0.0,0.0,0
2815,4109.489051094891,0.0,0.0,0
2816,4110.948905109489,0.0,0.0,0
2817,4112.408759124088,0.0,0.0,0
2818,4113.868613138686,0.0,0.0,0
2819,4115.328467153285,0.0,0.0,0
2820,4116.788321167884,0.0,0.0,0
2821,4118.248175182482,0.0,0.0,0
2822,4119.708029197081,0.0,0.0,0
2823,4121.167883211679,0.0,0.0,0
2824,4122.6277372262775,0.0,0.0,0
2825,4124.087591240876,0.0,0.0,0
2826,4125.5474452554745,0.0,0.0,0
2827,4127.007299270073,0.0,0.0,0
2828,4128.467153284671,0.0,0.0,0
2829,4129.92700729927,0.0,0.0,0
2830,4131.386861313868,0.0,0.0,0
2831,4132.846715328467,0.0,0.0,0
2832,4134.306569343065,0.0,0.0,0
2833,4135.766423357664,0.0,0.0,0
2834,4137.226277372262,0.0,0.0,0
2835,4138.686131386861,0.0,0.0,0
2836,4140.14598540146,0.0,0.0,0
2837,4141.605839416058,0.0,0.0,0
2838,4143.065693430657,0.0,0.0,0
2839,4144.525547445255,0.0,0.0,0
2840,4145.985401459854,0.0,0.0,0
2841,4147.445255474452,0.0,0.0,0
2842,4148.905109489051,0.0,0.0,0
2843,4150.36496350365,0.0,0.0,0
2844,4151.824817518248,0.0,0.0,0
2845,4153.284671532847,0.0,0.0,0
2846,4154.744525547445,0.0,0.0,0
2847,4156.204379562044,0.0,0.0,0
2848,4157.664233576642,0.0,0.0,0
2849,4159.124087591241,0.0,0.0,0
2850,4160.58394160584,0.0,0.0,0
2851,4162.043795620438,0.0,0.0,0
2852,4163.503649635037,0.0,0.0,0
2853,4164.963503649635,0.0,0.0,0
2854,4166.423357664234,0.0,0.0,0
2855,4167.883211678832,0.0,0.0,0
2856,4169.343065693431,0.0,0.0,0
2857,4170.80291970803,0.0,0.0,0
2858,4172.262773722628,0.0,0.0,0
2859,4173.7226277372265,0.0,0.0,0
2860,4175.1824817518245,0.0,0.0,0
2861,4176.6423357664235,0.0,0.0,0
2862,4178.1021897810215,0.0,0.0,0
2863,4179.56204379562,0.0,0.0,0
2864,4181.021897810219,0.0,0.0,0
2865,4182.481751824817,0.0,0.0,0
2866,4183.941605839416,0.0,0.0,0
2867,4185.401459854014,0.0,0.0,0
2868,4186.861313868613,0.0,0.0,0
2869,4188.321167883211,0.0,0.0,0
2870,4189.78102189781,0.0,0.0,0
2871,4191.240875912409,0.0,0.0,0
2872,4192.700729927007,0.0,0.0,0
2873,4194.160583941606,0.0,0.0,0
2874,4195.620437956204,0.0,0.0,0
2875,4197.080291970803,0.0,0.0,0
2876,4198.540145985401,0.0,0.0,0
2877,4200.0,0.0,0.0,0
2878,4201.459854014599,0.0,0.0,0
2879,4202.919708029197,0.0,0.0,0
2880,4204.379562043796,0.0,0.0,0
2881,4205.839416058394,0.0,0.0,0
2882,4207.299270072993,0.0,0.0,0
2883,4208.759124087591,0.0,0.0,0
2884,4210.21897810219,0.0,0.0,0
2885,4211.678832116789,0.0,0.0,0
2886,4213.138686131387,0.0,0.0,0
2887,4214.598540145986,0.0,0.0,0
2888,4216.058394160584,0.0,0.0,0
2889,4217.518248175183,0.0,0.0,0
2890,4218.978102189781,0.0,0.0,0
2891,4220.43795620438,0.0,0.0,0
2892,4221.8978102189785,0.0,0.0,0
2893,4223.3576642335765,0.0,0.0,0
2894,4224.8175182481755,0.0,0.0,0
2895,4226.2773722627735,0.0,0.0,0
2896,4227.737226277372,0.0,0.0,0
2897,4229.19708029197,0.0,0.0,0
2898,4230.656934306569,0.0,0.0,0
2899,4232.116788321168,0.0,0.0,0
2900,4233.576642335766,0.0,0.0,0
2901,4235.036496350365,0.0,0.0,0
2902,4236.496350364963,0.0,0.0,0
2903,4237.956204379562,0.0,0.0,0
2904,4239.41605839416,0.0,0.0,0
2905,4240.875912408759,0.0,0.0,0
2906,4242.335766423357,0.0,0.0,0
2907,4243.795620437956,0.0,0.0,0
2908,4245.255474452555,0.0,0.0,0
2909,4246.715328467153,0.0,0.0,0
2910,4248.175182481752,0.0,0.0,0
2911,4249.63503649635,0.0,0.0,0
2912,4251.094890510949,0.0,0.0,0
2913,4252.554744525547,0.0,0.0,0
2914,4254.014598540146,0.0,0.0,0
2915,4255.474452554745,0.0,0.0,0
2916,4256.934306569343,0.0,0.0,0
2917,4258.394160583942,0.0,0.0,0
2918,4259.85401459854,0.0,0.0,0
2919,4261.313868613139,0.0,0.0,0
2920,4262.773722627737,0.0,0.0,0
2921,4264.233576642336,0.0,0.0,0
2922,4265.693430656935,0.0,0.0,0
2923,4267.153284671533,0.0,0.0,0
2924,4268.613138686132,0.0,0.0,0
2925,4270.07299270073,0.0,0.0,0
2926,4271.532846715329,0.0,0.0,0
2927,4272.992700729927,0.0,0.0,0
2928,4274.4525547445255,0.0,0.0,0
2929,4275.912408759124,0.0,0.0,0
2930,4277.3722627737225,0.0,0.0,0
2931,4278.832116788321,0.0,0.0,0
2932,4280.291970802919,0.0,0.0,0
2933,4281.751824817518,0.0,0.0,0
2934,4283.211678832116,0.0,0.0,0
2935,4284.671532846715,0.0,0.0,0
2936,4286.131386861314,0.0,0.0,0
2937,4287.591240875912,0.0,0.0,0
2938,4289.051094890511,0.0,0.0,0
2939,4290.510948905109,0.0,0.0,0
2940,4291.970802919708,0.0,0.0,0
2941,4293.430656934306,0.0,0.0,0
2942,4294.890510948905,0.0,0.0,0
2943,4296.350364963504,0.0,0.0,0
2944,4297.810218978102,0.0,0.0,0
2945,4299.270072992701,0.0,0.0,0
2946,4300.729927007299,0.0,0.0,0
2947,4302.189781021898,0.0,0.0,0
2948,4303.649635036496,0.0,0.0,0
2949,4305.109489051095,0.0,0.0,0
2950,4306.569343065694,0.0,0.0,0
2951,4308.029197080292,0.0,0.0,0
2952,4309.489051094891,0.0,0.0,0
2953,4310.948905109489,0.0,0.0,0
2954,4312.408759124088,0.0,0.0,0
2955,4313.868613138686,0.0,0.0,0
2956,4315.328467153285,0.0,0.0,0
2957,4316.788321167884,0.0,0.0,0
2958,4318.248175182482,0.0,0.0,0
2959,4319.708029197081,0.0,0.0,0
2960,4321.167883211679,0.0,0.0,0
2961,4322.6277372262775,0.0,0.0,0
2962,4324.087591240876,0.0,0.0,0
2963,4325.5474452554745,0.0,0.0,0
2964,4327.007299270073,0.0,0.0,0
2965,4328.467153284671,0.0,0.0,0
2966,4329.92700729927,0.0,0.0,0
2967,4331.386861313868,0.0,0.0,0
2968,4332.846715328467,0.0,0.0,0
2969,4334.306569343065,0.0,0.0,0
2970,4335.766423357664,0.0,0.0,0
2971,4337.226277372262,0.0,0.0,0
2972,4338.686131386861,0.0,0.0,0
2973,4340.14598540146,0.0,0.0,0
2974,4341.605839416058,0.0,0.0,0
2975,4343.065693430657,0.0,0.0,0
2976,4344.525547445255,0.0,0.0,0
2977,4345.985401459854,0.0,0.0,0
2978,4347.445255474452,0.0,0.0,0
2979,4348.905109489051,0.0,0.0,0
2980,4350.36496350365,0.0,0.0,0
2981,4351.824817518248,0.0,0.0,0
2982,4353.284671532847,0.0,0.0,0
2983,4354.744525547445,0.0,0.0,0
2984,4356.204379562044,0.0,0.0,0
2985,4357.664233576642,0.0,0.0,0
2986,4359.124087591241,0.0,0.0,0
2987,4360.58394160584,0.0,0.0,0
2988,4362.043795620438,0.0,0.0,0
2989,4363.503649635037,0.0,0.0,0
2990,4364.963503649635,0.0,0.0,0
2991,4366.423357664234,0.0,0.0,0
2992,4367.883211678832,0.0,0.0,0
2993,4369.343065693431,0.0,0.0,0
2994,4370.80291970803,0.0,0.0,0
2995,4372.262773722628,0.0,0.0,0
2996,4373.7226277372265,0.0,0.0,0
2997,4375.1824817518245,0.0,0.0,0
2998,4376.6423357664235,0.0,0.0,0
2999,4378.1021897810215,0.0,0.0,0
3000,4379.56204379562,0.0,0.0,0
3001,4381.021897810219,0.0,0.0,0
3002,4382.481751824817,0.0,0.0,0
3003,4383.941605839416,0.0,0.0,0
3004,4385.401459854014,0.0,0.0,0
3005,4386.861313868613,0.0,0.0,0
3006,4388.321167883211,0.0,0.0,0
3007,4389.78102189781,0.0,0.0,0
3008,4391.240875912409,0.0,0.0,0
3009,4392.700729927007,0.0,0.0,0
3010,4394.160583941606,0.0,0.0,0
3011,4395.620437956204,0.0,0.0,0
3012,4397.080291970803,0.0,0.0,0
3013,4398.540145985401,0.0,0.0,0
3014,4400.0,0.0,0.0,0
3015,4401.459854014599,0.0,0.0,0
3016,4402.919708029197,0.0,0.0,0
3017,4404.379562043796,0.0,0.0,0
3018,4405.839416058394,0.0,0.0,0
3019,4407.299270072993,0.0,0.0,0
3020,4408.759124087591,0.0,0.0,0
3021,4410.21897810219,0.0,0.0,0
3022,4411.678832116789,0.0,0.0,0
3023,4413.138686131387,0.0,0.0,0
3024,4414.598540145986,0.0,0.0,0
3025,4416.058394160584,0.0,0.0,0
3026,4417.518248175183,0.0,0.0,0
3027,4418.978102189781,0.0,0.0,0
3028,4420.43795620438,0.0,0.0,0
3029,4421.8978102189785,0.0,0.0,0
3030,4423.3576642335765,0.0,0.0,0
3031,4424.8175182481755,0.0,0.0,0
3032,4426.2773722627735,0.0,0.0,0
3033,4427.737226277372,0.0,0.0,0
3034,4429.19708029197,0.0,0.0,0
3035,4430.656934306569,0.0,0.0,0
3036,4432.116788321168,0.0,0.0,0
3037,4433.576642335766,0.0,0.0,0
3038,4435.036496350365,0.0,0.0,0
3039,4436.496350364963,0.0,0.0,0
3040,4437.956204379562,0.0,0.0,0
3041,4439.41605839416,0.0,0.0,0
3042,4440.875912408759,0.0,0.0,0
3043,4442.335766423357,0.0,0.0,0
3044,4443.795620437956,0.0,0.0,0
3045,4445.255474452555,0.0,0.0,0
3046,4446.715328467153,0.0,0.0,0
3047,4448.175182481752,0.0,0.0,0
3048,4449.63503649635,0.0,0.0,0
3049,4451.094890510949,0.0,0.0,0
3050,4452.554744525547,0.0,0.0,0
3051,4454.014598540146,0.0,0.0,0
3052,4455.474452554745,0.0,0.0,0
3053,4456.934306569343,0.0,0.0,0
3054,4458.394160583942,0.0,0.0,0
3055,4459.85401459854,0.0,0.0,0
3056,4461.313868613139,0.0,0.0,0
3057,4462.773722627737,0.0,0.0,0
3058,4464.233576642336,0.0,0.0,0
3059,4465.693430656935,0.0,0.0,0
3060,4467.153284671533,0.0,0.0,0
3061,4468.613138686132,0.0,0.0,0
3062,4470.07299270073,0.0,0.0,0
3063,4471.532846715329,0.0,0.0,0
3064,4472.992700729927,0.0,0.0,0
3065,4474.4525547445255,0.0,0.0,0
3066,4475.912408759124,0.0,0.0,0
3067,4477.3722627737225,0.0,0.0,0
3068,4478.832116788321,0.0,0.0,0
3069,4480.291970802919,0.0,0.0,0
3070,4481.751824817518,0.0,0.0,0
3071,4483.211678832116,0.0,0.0,0
3072,4484.671532846715,0.0,0.0,0
3073,4486.131386861314,0.0,0.0,0
3074,4487.591240875912,0.0,0.0,0
3075,4489.051094890511,0.0,0.0,0
3076,4490.510948905109,0.0,0.0,0
3077,4491.970802919708,0.0,0.0,0
3078,4493.430656934306,0.0,0.0,0
3079,4494.890510948905,0.0,0.0,0
3080,4496.350364963504,0.0,0.0,0
3081,4497.810218978102,0.0,0.0,0
3082,4499.270072992701,0.0,0.0,0
3083,4500.729927007299,0.0,0.0,0
3084,4502.189781021898,0.0,0.0,0
3085,4503.649635036496,0.0,0.0,0
3086,4505.109489051095,0.0,0.0,0
3087,4506.569343065694,0.0,0.0,0
3088,4508.029197080292,0.0,0.0,0
3089,4509.489051094891,0.0,0.0,0
3090,4510.948905109489,0.0,0.0,0
3091,4512.408759124088,0.0,0.0,0
3092,4513.868613138686,0.0,0.0,0
3093,4515.328467153285,0.0,0.0,0
3094,4516.788321167884,0.0,0.0,0
3095,4518.248175182482,0.0,0.0,0
3096,4519.708029197081,0.0,0.0,0
3097,4521.167883211679,0.0,0.0,0
3098,4522.6277372262775,0.0,0.0,0
3099,4524.087591240876,0.0,0.0,0
3100,4525.5474452554745,0.0,0.0,0
3101,4527.007299270073,0.0,0.0,0
3102,4528.467153284671,0.0,0.0,0
3103,4529.92700729927,0.0,0.0,0
3104,4531.386861313868,0.0,0.0,0
3105,4532.846715328467,0.0,0.0,0
3106,4534.306569343065,0.0,0.0,0
3107,4535.766423357664,0.0,0.0,0
3108,4537.226277372262,0.0,0.0,0
3109,4538.686131386861,0.0,0.0,0
3110,4540.14598540146,0.0,0.0,0
3111,4541.605839416058,0.0,0.0,0
3112,4543.065693430657,0.0,0.0,0
3113,4544.525547445255,0.0,0.0,0
3114,4545.985401459854,0.0,0.0,0
3115,4547.445255474452,0.0,0.0,0
3116,4548.905109489051,0.0,0.0,0
3117,4550.36496350365,0.0,0.0,0
3118,4551.824817518248,0.0,0.0,0
3119,4553.284671532847,0.0,0.0,0
3120,4554.744525547445,0.0,0.0,0
3121,4556.204379562044,0.0,0.0,0
3122,4557.664233576642,0.0,0.0,0
3123,4559.124087591241,0.0,0.0,0
3124,4560.58394160584,0.0,0.0,0
3125,4562.043795620438,0.0,0.0,0
3126,4563.503649635037,0.0,0.0,0
3127,4564.963503649635,0.0,0.0,0
3128,4566.423357664234,0.0,0.0,0
3129,4567.883211678832,0.0,0.0,0
3130,4569.343065693431,0.0,0.0,0
3131,4570.80291970803,0.0,0.0,0
3132,4572.262773722628,0.0,0.0,0
3133,4573.7226277372265,0.0,0.0,0
3134,4575.1824817518245,0.0,0.0,0
3135,4576.6423357664235,0.0,0.0,0
3136,4578.1021897810215,0.0,0.0,0
3137,4579.56204379562,0.0,0.0,0
3138,4581.021897810219,0.0,0.0,0
3139,4582.481751824817,0.0,0.0,0
3140,4583.941605839416,0.0,0.0,0
3141,4585.401459854014,0.0,0.0,0
3142,4586.861313868613,0.0,0.0,0
3143,4588.321167883211,0.0,0.0,0
3144,4589.78102189781,0.0,0.0,0
3145,4591.240875912409,0.0,0.0,0
3146,4592.700729927007,0.0,0.0,0
3147,4594.160583941606,0.0,0.0,0
3148,4595.620437956204,0.0,0.0,0
3149,4597.080291970803,0.0,0.0,0
3150,4598.540145985401,0.0,0.0,0
3151,4600.0,0.0,0.0,0
3152,4601.459854014599,0.0,0.0,0
3153,4602.919708029197,0.0,0.0,0
3154,4604.379562043796,0.0,0.0,0
3155,4605.839416058394,0.0,0.0,0
3156,4607.299270072993,0.0,0.0,0
3157,4608.759124087591,0.0,0.0,0
3158,4610.21897810219,0.0,0.0,0
3159,4611.678832116789,0.0,0.0,0
3160,4613.138686131387,0.0,0.0,0
3161,4614.598540145986,0.0,0.0,0
3162,4616.058394160584,0.0,0.0,0
3163,4617.518248175183,0.0,0.0,0
3164,4618.978102189781,0.0,0.0,0
3165,4620.43795620438,0.0,0.0,0
3166,4621.8978102189785,0.0,0.0,0
3167,4623.3576642335765,0.0,0.0,0
3168,4624.8175182481755,0.0,0.0,0
3169,4626.2773722627735,0.0,0.0,0
3170,4627.737226277372,0.0,0.0,0
3171,4629.19708029197,0.0,0.0,0
3172,4630.656934306569,0.0,0.0,0
3173,4632.116788321168,0.0,0.0,0
3174,4633.576642335766,0.0,0.0,0
3175,4635.036496350365,0.0,0.0,0
3176,4636.496350364963,0.0,0.0,0
3177,4637.956204379562,0.0,0.0,0
3178,4639.41605839416,0.0,0.0,0
3179,4640.875912408759,0.0,0.0,0
3180,4642.335766423357,0.0,0.0,0
3181,4643.795620437956,0.0,0.0,0
3182,4645.255474452555,0.0,0.0,0
3183,4646.715328467153,0.0,0.0,0
3184,4648.175182481752,0.0,0.0,0
3185,4649.63503649635,0.0,0.0,0
3186,4651.094890510949,0.0,0.0,0
3187,4652.554744525547,0.0,0.0,0
3188,4654.014598540146,0.0,0.0,0
3189,4655.474452554745,0.0,0.0,0
3190,4656.934306569343,0.0,0.0,0
3191,4658.394160583942,0.0,0.0,0
3192,4659.85401459854,0.0,0.0,0
3193,4661.313868613139,0.0,0.0,0
3194,4662.773722627737,0.0,0.0,0
3195,4664.233576642336,0.0,0.0,0
3196,4665.693430656935,0.0,0.0,0
3197,4667.153284671533,0.0,0.0,0
3198,4668.613138686132,0.0,0.0,0
3199,4670.07299270073,0.0,0.0,0
3200,4671.532846715329,0.0,0.0,0
3201,4672.992700729927,0.0,0.0,0
3202,4674.4525547445255,0.0,0.0,0
3203,4675.912408759124,0.0,0.0,0
3204,4677.3722627737225,0.0,0.0,0
3205,4678.832116788321,0.0,0.0,0
3206,4680.291970802919,0.0,0.0,0
3207,4681.751824817518,0.0,0.0,0
3208,4683.211678832116,0.0,0.0,0
3209,4684.671532846715,0.0,0.0,0
3210,4686.131386861314,0.0,0.0,0
3211,4687.591240875912,0.0,0.0,0
3212,4689.051094890511,0.0,0.0,0
3213,4690.510948905109,0.0,0.0,0
3214,4691.970802919708,0.0,0.0,0
3215,4693.430656934306,0.0,0.0,0
3216,4694.890510948905,0.0,0.0,0
3217,4696.350364963504,0.0,0.0,0
3218,4697.810218978102,0.0,0.0,0
3219,4699.270072992701,0.0,0.0,0
3220,4700.729927007299,0.0,0.0,0
3221,4702.189781021898,0.0,0.0,0
3222,4703.649635036496,0.0,0.0,0
3223,4705.109489051095,0.0,0.0,0
3224,4706.569343065694,0.0,0.0,0
3225,4708.029197080292,0.0,0.0,0
3226,4709.489051094891,0.0,0.0,0
3227,4710.948905109489,0.0,0.0,0
3228,4712.408759124088,0.0,0.0,0
3229,4713.868613138686,0.0,0.0,0
3230,4715.328467153285,0.0,0.0,0
3231,4716.788321167884,0.0,0.0,0
3232,4718.248175182482,0.0,0.0,0
3233,4719.708029197081,0.0,0.0,0
3234,4721.167883211679,0.0,0.0,0
3235,4722.6277372262775,0.0,0.0,0
3236,4724.087591240876,0.0,0.0,0
3237,4725.5474452554745,0.0,0.0,0
3238,4727.007299270073,0.0,0.0,0
3239,4728.467153284671,0.0,0.0,0
3240,4729.92700729927,0.0,0.0,0
3241,4731.386861313868,0.0,0.0,0
3242,4732.846715328467,0.0,0.0,0
3243,4734.306569343065,0.0,0.0,0
3244,4735.766423357664,0.0,0.0,0
3245,4737.226277372262,0.0,0.0,0
3246,4738.686131386861,0.0,0.0,0
3247,4740.14598540146,0.0,0.0,0
3248,4741.605839416058,0.0,0.0,0
3249,4743.065693430657,0.0,0.0,0
3250,4744.525547445255,0.0,0.0,0
3251,4745.985401459854,0.0,0.0,0
3252,4747.445255474452,0.0,0.0,0
3253,4748.905109489051,0.0,0.0,0
3254,4750.36496350365,0.0,0.0,0
3255,4751.824817518248,0.0,0.0,0
3256,4753.284671532847,0.0,0.0,0
3257,4754.744525547445,0.0,0.0,0
3258,4756.204379562044,0.0,0.0,0
3259,4757.664233576642,0.0,0.0,0
3260,4759.124087591241,0.0,0.0,0
3261,4760.58394160584,0.0,0.0,0
3262,4762.043795620438,0.0,0.0,0
3263,4763.503649635037,0.0,0.0,0
3264,4764.963503649635,0.0,0.0,0
3265,4766.423357664234,0.0,0.0,0
3266,4767.883211678832,0.0,0.0,0
3267,4769.343065693431,0.0,0.0,0
3268,4770.80291970803,0.0,0.0,0
3269,4772.262773722628,0.0,0.0,0
3270,4773.7226277372265,0.0,0.0,0
3271,4775.1824817518245,0.0,0.0,0
3272,4776.6423357664235,0.0,0.0,0
3273,4778.1021897810215,0.0,0.0,0
3274,4779.56204379562,0.0,0.0,0
3275,4781.021897810219,0.0,0.0,0
3276,4782.481751824817,0.0,0.0,0
3277,4783.941605839416,0.0,0.0,0
3278,4785.401459854014,0.0,0.0,0
3279,4786.861313868613,0.0,0.0,0
3280,4788.321167883211,0.0,0.0,0
3281,4789.78102189781,0.0,0.0,0
3282,4791.240875912409,0.0,0.0,0
3283,4792.700729927007,0.0,0.0,0
3284,4794.160583941606,0.0,0.0,0
3285,4795.620437956204,0.0,0.0,0
3286,4797.080291970803,0.0,0.0,0
3287,4798.540145985401,0.0,0.0,0
3288,4800.0,0.0,0.0,0
3289,4801.459854014599,0.0,0.0,0
3290,4802.919708029197,0.0,0.0,0
3291,4804.379562043796,0.0,0.0,0
3292,4805.839416058394,0.0,0.0,0
3293,4807.299270072993,0.0,0.0,0
3294,4808.759124087591,0.0,0.0,0
3295,4810.21897810219,0.0,0.0,0
3296,4811.678832116789,0.0,0.0,0
3297,4813.138686131387,0.0,0.0,0
3298,4814.598540145986,0.0,0.0,0
3299,4816.058394160584,0.0,0.0,0
3300,4817.518248175183,0.0,0.0,0
3301,4818.978102189781,0.0,0.0,0
3302,4820.43795620438,0.0,0.0,0
3303,4821.8978102189785,0.0,0.0,0
3304,4823.3576642335765,0.0,0.0,0
3305,4824.8175182481755,0.0,0.0,0
3306,4826.2773722627735,0.0,0.0,0
3307,4827.737226277372,0.0,0.0,0
3308,4829.19708029197,0.0,0.0,0
3309,4830.656934306569,0.0,0.0,0
3310,4832.116788321168,0.0,0.0,0
3311,4833.576642335766,0.0,0.0,0
3312,4835.036496350365,0.0,0.0,0
3313,4836.496350364963,0.0,0.0,0
3314,4837.956204379562,0.0,0.0,0
3315,4839.41605839416,0.0,0.0,0
3316,4840.875912408759,0.0,0.0,0
3317,4842.335766423357,0.0,0.0,0
3318,4843.795620437956,0.0,0.0,0
3319,4845.255474452555,0.0,0.0,0
3320,4846.715328467153,0.0,0.0,0
3321,4848.175182481752,0.0,0.0,0
3322,4849.63503649635,0.0,0.0,0
3323,4851.094890510949,0.0,0.0,0
3324,4852.554744525547,0.0,0.0,0
3325,4854.014598540146,0.0,0.0,0
3326,4855.474452554745,0.0,0.0,0
3327,4856.934306569343,0.0,0.0,0
3328,4858.394160583942,0.0,0.0,0
3329,4859.85401459854,0.0,0.0,0
3330,4861.313868613139,0.0,0.0,0
3331,4862.773722627737,0.0,0.0,0
3332,4864.233576642336,0.0,0.0,0
3333,4865.693430656935,0.0,0.0,0
3334,4867.153284671533,0.0,0.0,0
3335,4868.613138686132,0.0,0.0,0
3336,4870.07299270073,0.0,0.0,0
3337,4871.532846715329,0.0,0.0,0
3338,4872.992700729927,0.0,0.0,0
3339,4874.4525547445255,0.0,0.0,0
3340,4875.912408759124,0.0,0.0,0
3341,4877.3722627737225,0.0,0.0,0
3342,4878.832116788321,0.0,0.0,0
3343,4880.291970802919,0.0,0.0,0
3344,4881.751824817518,0.0,0.0,0
3345,4883.211678832116,0.0,0.0,0
3346,4884.671532846715,0.0,0.0,0
3347,4886.131386861314,0.0,0.0,0
3348,4887.591240875912,0.0,0.0,0
3349,4889.051094890511,0.0,0.0,0
3350,4890.510948905109,0.0,0.0,0
3351,4891.970802919708,0.0,0.0,0
3352,4893.430656934306,0.0,0.0,0
3353,4894.890510948905,0.0,0.0,0
3354,4896.350364963504,0.0,0.0,0
3355,4897.810218978102,0.0,0.0,0
3356,4899.270072992701,0.0,0.0,0
3357,4900.729927007299,0.0,0.0,0
3358,4902.189781021898,0.0,0.0,0
3359,4903.649635036496,0.0,0.0,0
3360,4905.109489051095,0.0,0.0,0
3361,4906.569343065694,0.0,0.0,0
3362,4908.029197080292,0.0,0.0,0
3363,4909.489051094891,0.0,0.0,0
3364,4910.948905109489,0.0,0.0,0
3365,4912.408759124088,0.0,0.0,0
3366,4913.868613138686,0.0,0.0,0
3367,4915.328467153285,0.0,0.0,0
3368,4916.788321167884,0.0,0.0,0
3369,4918.248175182482,0.0,0.0,0
3370,4919.708029197081,0.0,0.0,0
3371,4921.167883211679,0.0,0.0,0
3372,4922.6277372262775,0.0,0.0,0
3373,4924.087591240876,0.0,0.0,0
3374,4925.5474452554745,0.0,0.0,0
3375,4927.007299270073,0.0,0.0,0
3376,4928.467153284671,0.0,0.0,0
3377,4929.92700729927,0.0,0.0,0
3378,4931.386861313868,0.0,0.0,0
3379,4932.846715328467,0.0,0.0,0
3380,4934.306569343065,0.0,0.0,0
3381,4935.766423357664,0.0,0.0,0
3382,4937.226277372262,0.0,0.0,0
3383,4938.686131386861,0.0,0.0,0
3384,4940.14598540146,0.0,0.0,0
3385,4941.605839416058,0.0,0.0,0
3386,4943.065693430657,0.0,0.0,0
3387,4944.525547445255,0.0,0.0,0
3388,4945.985401459854,0.0,0.0,0
3389,4947.445255474452,0.0,0.0,0
3390,4948.905109489051,0.0,0.0,0
3391,4950.36496350365,0.0,0.0,0
3392,4951.824817518248,0.0,0.0,0
3393,4953.284671532847,0.0,0.0,0
3394,4954.744525547445,0.0,0.0,0
3395,4956.204379562044,0.0,0.0,0
3396,4957.664233576642,0.0,0.0,0
3397,4959.124087591241,0.0,0.0,0
3398,4960.58394160584,0.0,0.0,0
3399,4962.043795620438,0.0,0.0,0
3400,4963.503649635037,0.0,0.0,0
3401,4964.963503649635,0.0,0.0,0
3402,4966.423357664234,0.0,0.0,0
3403,4967.883211678832,0.0,0.0,0
3404,4969.343065693431,0.0,0.0,0
3405,4970.80291970803,0.0,0.0,0
3406,4972.262773722628,0.0,0.0,0
3407,4973.7226277372265,0.0,0.0,0
3408,4975.1824817518245,0.0,0.0,0
3409,4976.6423357664235,0.0,0.0,0
3410,4978.1021897810215,0.0,0.0,0
3411,4979.56204379562,0.0,0.0,0
3412,4981.021897810219,0.0,0.0,0
3413,4982.481751824817,0.0,0.0,0
3414,4983.941605839416,0.0,0.0,0
3415,4985.401459854014,0.0,0.0,0
3416,4986.861313868613,0.0,0.0,0
3417,4988.321167883211,0.0,0.0,0
3418,4989.78102189781,0.0,0.0,0
3419,4991.240875912409,0.0,0.0,0
3420,4992.700729927007,0.0,0.0,0
3421,4994.160583941606,0.0,0.0,0
3422,4995.620437956204,0.0,0.0,0
3423,4997.080291970803,0.0,0.0,0
3424,4998.540145985401,0.0,0.0,0
