,t,msd,var,lt
0,0.0,0.0,,30
1,1.6518004625041296,0.039424498032580316,2153399.494551579,23
2,3.303600925008259,0.07731621550301014,2153399.494551579,5
3,4.955401387512389,0.11407432164841781,2153399.494551579,8
4,6.607201850016518,0.15036037432524257,2153399.494551579,12
5,8.259002312520648,0.1865248944758245,2153399.0145515786,0
6,9.910802775024777,0.22068152992171414,2153398.0545515786,6
7,11.562603237528908,0.25485522828070156,2153397.850469946,6
8,13.214403700033037,0.28917840536317857,2153396.8555719866,2
9,14.866204162537166,0.3228112560489361,2153396.8555719866,5
10,16.518004625041296,0.35568180774158803,2153396.606683098,2
11,18.169805087545427,0.38840729907564353,2153396.3607326844,2
12,19.821605550049554,0.4210530266860048,2153387.4966371837,2
13,21.473406012553685,0.45478433377897987,2153387.4966371837,3
14,23.125206475057816,0.48697269188614806,2153387.302457737,1
15,24.777006937561943,0.5173120475093692,2153386.8041357417,2
16,26.428807400066074,0.550163174086646,2153386.5547607415,2
17,28.080607862570204,0.5838259677204961,2153386.5547607415,0
18,29.73240832507433,0.6149900429553342,2153386.5547607415,0
19,31.384208787578462,0.6472612722400458,2153386.5547607415,1
20,33.03600925008259,0.6798282762027534,2153386.5547607415,1
21,34.68780971258672,0.7133731881847742,2153386.5547607415,2
22,36.339610175090854,0.7428194051681184,2153381.206547627,4
23,37.99141063759498,0.7743491578785853,2153381.206547627,4
24,39.64321110009911,0.8107775719324688,2153360.232474428,2
25,41.29501156260324,0.8440065625203366,2153359.074252206,0
26,42.94681202510737,0.8785019542408598,2153358.8413527976,2
27,44.5986124876115,0.9131814149426214,2153358.6479452765,0
28,46.25041295011563,0.948345972882422,2153358.6479452765,0
29,47.90221341261976,0.9836984616371616,2153357.795752794,3
30,49.554013875123886,1.0162142995691918,2153357.795752794,0
31,51.20581433762802,1.047303897595236,2153355.6992052165,0
32,52.85761480013215,1.0818906223340727,2153352.543219427,2
33,54.509415262636274,1.1140482476395388,2153352.543219427,0
34,56.16121572514041,1.1508651434541093,2153352.1959785377,0
35,57.813016187644536,1.188682586223964,2153352.0973583837,0
36,59.46481665014866,1.2224134753911615,2153352.0973583837,2
37,61.1166171126528,1.254942167243247,2153352.0973583837,0
38,62.768417575156924,1.2873991283683357,2153352.0973583837,0
39,64.42021803766106,1.3328472299420187,2153351.6341480375,1
40,66.07201850016519,1.3676865129574958,2153351.6341480375,0
41,67.72381896266931,1.4048147583383674,2153351.6341480375,1
42,69.37561942517344,1.434396227559437,2153351.6341480375,1
43,71.02741988767757,1.4831481312809303,2153351.6341480375,0
44,72.67922035018171,1.5259675558782575,2153351.6341480375,0
45,74.33102081268584,1.5842297967282035,2153351.6341480375,0
46,75.98282127518996,1.6551885917888611,2153350.97311044,1
47,77.63462173769409,1.7196716336966065,2153350.97311044,0
48,79.28642220019822,1.7865262770077999,2153350.97311044,0
49,80.93822266270234,1.8630206783878713,2153350.97311044,0
50,82.59002312520649,1.9332123400033236,2153350.97311044,0
51,84.24182358771061,2.005099813698666,2153350.97311044,0
52,85.89362405021474,2.0780801926073726,2153350.97311044,0
53,87.54542451271887,2.15242947161283,2153350.97311044,0
54,89.197224975223,2.2275324211719716,2153350.97311044,0
55,90.84902543772712,2.3026453590815614,2153350.97311044,0
56,92.50082590023126,2.377317801544014,2153350.97311044,2
57,94.15262636273539,2.45239725743469,2153350.97311044,0
58,95.80442682523952,2.5275896012575965,2153350.97311044,0
59,97.45622728774364,2.5947670494103345,2153346.9036899307,0
60,99.10802775024777,2.670005784344768,2153346.9036899307,1
61,100.7598282127519,2.745530560061198,2153346.9036899307,1
62,102.41162867525604,2.8217783521144986,2153346.9036899307,0
63,104.06342913776017,2.898703538739455,2153346.9036899307,0
64,105.7152296002643,2.9913915216880054,2153346.653752919,1
65,107.36703006276842,3.072056957830755,2153344.236108688,0
66,109.01883052527255,3.1475675819114373,2153344.236108688,0
67,110.67063098777669,3.2228063917549243,2153344.236108688,0
68,112.32243145028082,3.272788931358843,2153343.99056094,0
69,113.97423191278494,3.3483247925165425,2153343.99056094,0
70,115.62603237528907,3.4241517658130665,2153343.99056094,0
71,117.2778328377932,3.4999890922576844,2153343.99056094,0
72,118.92963330029733,3.5754318259871796,2153343.99056094,1
73,120.58143376280147,3.650860330222142,2153343.99056094,0
74,122.2332342253056,3.7263600939648844,2153343.99056094,0
75,123.88503468780972,3.8020109707413714,2153343.99056094,1
76,125.53683515031385,3.895432349385349,2153343.3590218816,0
77,127.18863561281798,3.9703588496102498,2153343.3590218816,0
78,128.84043607532212,4.045107833923214,2153343.3590218816,0
79,130.49223653782624,4.087696374460037,2153342.9951759186,0
80,132.14403700033037,4.161834901855338,2153342.9951759186,0
81,133.7958374628345,4.236678580656275,2153342.9951759186,0
82,135.44763792533863,4.313645327097769,2153342.9951759186,0
83,137.09943838784275,4.390898893371012,2153342.9951759186,0
84,138.75123885034688,4.4729981538860155,2153342.9951759186,0
85,140.403039312851,4.55791441538794,2153342.9951759186,0
86,142.05483977535513,4.644535061058051,2153342.9951759186,0
87,143.70664023785926,4.734861312604205,2153342.9951759186,0
88,145.35844070036342,4.8263223485300015,2153342.9951759186,0
89,147.01024116286754,4.919142658799028,2153342.9951759186,0
90,148.66204162537167,5.0126203789153685,2153342.9951759186,0
91,150.3138420878758,5.107183377165337,2153342.9951759186,0
92,151.96564255037993,5.203598350937116,2153342.9951759186,0
93,153.61744301288405,5.3002722006881235,2153342.9951759186,0
94,155.26924347538818,5.399688307159127,2153342.9951759186,0
95,156.9210439378923,5.500113450419985,2153342.9951759186,1
96,158.57284440039643,5.602170708537611,2153342.9951759186,1
97,160.22464486290056,5.703726938882574,2153342.9951759186,1
98,161.8764453254047,5.806296972945772,2153342.9951759186,0
99,163.52824578790884,5.909631852127636,2153342.9951759186,0
100,165.18004625041297,5.98489127720933,2153059.2271515946,1
101,166.8318467129171,6.063698074439638,2153058.7809387133,0
102,168.48364717542123,6.146554635402753,2150737.747926405,0
103,170.13544763792535,6.256801103815681,2150737.747926405,0
104,171.78724810042948,6.366927380507559,2150737.747926405,0
105,173.4390485629336,6.43783515049038,2150737.164609307,0
106,175.09084902543773,6.548220918970124,2150737.164609307,0
107,176.74264948794186,6.65880310103945,2150737.164609307,0
108,178.394449950446,6.7699607103064805,2150737.164609307,0
109,180.04625041295012,6.881014947830657,2150737.164609307,0
110,181.69805087545424,6.99166915879865,2150737.164609307,0
111,183.3498513379584,7.102251013530668,2150737.164609307,0
112,185.00165180046253,7.213134793051982,2150737.164609307,0
113,186.65345226296665,7.323938458573046,2150737.164609307,0
114,188.30525272547078,7.4350288843874255,2150737.164609307,0
115,189.9570531879749,7.545481607028402,2150737.164609307,0
116,191.60885365047903,7.655853253955047,2150737.164609307,0
117,193.26065411298316,7.766170477410896,2150737.164609307,0
118,194.9124545754873,7.875521628772398,2150737.164609307,0
119,196.56425503799142,7.985206694529142,2150737.164609307,0
120,198.21605550049554,8.093516169174329,2150737.164609307,2
121,199.86785596299967,8.201290246052563,2150737.164609307,0
122,201.5196564255038,8.309471900532094,2150737.164609307,0
123,203.17145688800795,8.418459195164832,2150737.164609307,0
124,204.82325735051208,8.52872457171277,2150737.164609307,0
125,206.4750578130162,8.64140765129032,2150737.164609307,0
126,208.12685827552033,8.661864355598503,2149657.9282986517,0
127,209.77865873802446,8.782346683429843,2149657.9282986517,0
128,211.4304592005286,8.904784518220975,2149657.9282986517,0
129,213.08225966303272,9.02715147185256,2149657.9282986517,0
130,214.73406012553684,9.151507622948833,2149657.9282986517,0
131,216.38586058804097,9.27620231669598,2149657.9282986517,0
132,218.0376610505451,9.401552029717394,2149657.9282986517,0
133,219.68946151304922,9.527294154810647,2149657.9282986517,0
134,221.34126197555338,9.655363092487658,2149657.9282986517,0
135,222.9930624380575,9.783899645851841,2149657.9282986517,1
136,224.64486290056163,9.913303897685749,2149657.9282986517,0
137,226.29666336306576,10.043276322365935,2149657.9282986517,0
138,227.9484638255699,10.174102022888656,2149657.9282986517,0
139,229.60026428807402,10.305621359578963,2149657.9282986517,0
140,231.25206475057814,10.438318830660931,2149657.9282986517,0
141,232.90386521308227,10.571316739037368,2149657.9282986517,0
142,234.5556656755864,10.724192393278257,2149650.6645464757,0
143,236.20746613809052,10.85749208858228,2149650.6645464757,0
144,237.85926660059465,10.991158292503282,2149650.6645464757,0
145,239.51106706309878,11.125134207431005,2149650.6645464757,0
146,241.16286752560293,11.25873737827331,2149650.6645464757,0
147,242.81466798810706,11.392692392885003,2149650.6645464757,0
148,244.4664684506112,11.526579236517616,2149650.6645464757,0
149,246.11826891311532,11.66189932637739,2149650.6645464757,0
150,247.77006937561944,11.797925677067242,2149650.6645464757,0
151,249.42186983812357,11.934753413054471,2149650.6645464757,0
152,251.0736703006277,12.072255564938791,2149650.6645464757,0
153,252.72547076313182,12.210782178952428,2149650.6645464757,1
154,254.37727122563595,12.349738490346743,2149650.6645464757,1
155,256.0290716881401,12.48862149298678,2149650.6645464757,0
156,257.68087215064423,12.62738573378089,2149650.6645464757,0
157,259.33267261314836,12.764768707460977,2149650.6645464757,0
158,260.9844730756525,12.902946930631494,2149650.6645464757,0
159,262.6362735381566,13.040531647621362,2149650.6645464757,0
160,264.28807400066074,13.178176768692696,2149650.6645464757,0
161,265.93987446316487,13.315405121944092,2149646.7372728367,0
162,267.591674925669,13.403605738506233,2149642.268958554,1
163,269.2434753881731,13.539341729093278,2149642.268958554,0
164,270.89527585067725,13.675084670123814,2149642.268958554,1
165,272.5470763131814,13.812288603545749,2149642.268958554,0
166,274.1988767756855,13.950703810589552,2149642.268958554,0
167,275.85067723818963,14.093290296186636,2149642.268958554,0
168,277.50247770069376,14.238235671684771,2149642.268958554,0
169,279.1542781631979,14.332796051534588,2147316.013434395,0
170,280.806078625702,14.483408543978761,2147316.013434395,0
171,282.45787908820614,14.634708364100527,2147316.013434395,0
172,284.10967955071027,14.776912110995953,2147314.057827761,0
173,285.7614800132144,14.929952554657511,2147314.057827761,1
174,287.4132804757185,15.082187150826881,2147314.057827761,0
175,289.0650809382227,15.234947237740533,2147314.057827761,1
176,290.71688140072683,15.388835135081328,2147314.057827761,0
177,292.36868186323096,15.543892992899663,2147314.057827761,0
178,294.0204823257351,15.69971252337492,2147314.057827761,0
179,295.6722827882392,15.855928213476332,2147314.057827761,0
180,297.32408325074334,16.01177029557496,2147314.057827761,0
181,298.97588371324747,16.1646166857712,2146779.769880657,0
182,300.6276841757516,16.32481011788157,2146779.769880657,0
183,302.2794846382557,16.521169195969186,2143151.368940191,1
184,303.93128510075985,16.69109748518103,2143151.368940191,0
185,305.583085563264,16.861834349734995,2143151.368940191,0
186,307.2348860257681,17.03415687549343,2143151.368940191,0
187,308.88668648827223,17.2065856854745,2143151.368940191,0
188,310.53848695077636,17.379241878934984,2143151.368940191,0
189,312.1902874132805,17.55204213621686,2143151.368940191,0
190,313.8420878757846,17.72552214762601,2143151.368940191,0
191,315.49388833828874,17.83076172718451,2142507.0178200533,0
192,317.14568880079287,18.00697476983768,2142507.0178200533,0
193,318.797489263297,18.18146997034422,2142507.0178200533,0
194,320.4492897258011,18.356448091047444,2142507.0178200533,1
195,322.10109018830525,18.53200678383898,2142507.0178200533,0
196,323.7528906508094,18.70798403905641,2142507.0178200533,0
197,325.4046911133135,18.885150605020677,2142507.0178200533,0
198,327.0564915758177,19.063273959252815,2142507.0178200533,0
199,328.7082920383218,19.241385824198826,2142507.0178200533,0
200,330.36009250082594,19.42082973603952,2142507.0178200533,0
201,332.01189296333007,19.601280996171326,2142507.0178200533,0
202,333.6636934258342,19.781657110414354,2142507.0178200533,0
203,335.3154938883383,19.870706536418474,2141983.6718613976,0
204,336.96729435084245,20.05152387011773,2141983.6718613976,0
205,338.6190948133466,20.233366384604118,2141983.6718613976,0
206,340.2708952758507,20.41632609345141,2141983.6718613976,0
207,341.92269573835483,20.600145522640616,2141983.6718613976,1
208,343.57449620085896,20.7862145642739,2141983.6718613976,0
209,345.2262966633631,20.97520357800341,2141983.6718613976,0
210,346.8780971258672,21.16593116619674,2141983.6718613976,0
211,348.52989758837134,21.357665430367724,2141983.6718613976,1
212,350.18169805087547,21.550685365481115,2141983.6718613976,0
213,351.8334985133796,21.745383840327857,2141983.6718613976,0
214,353.4852989758837,21.939849453717496,2141983.6718613976,0
215,355.13709943838785,22.135691292816176,2141983.6718613976,0
216,356.788899900892,22.212918539785676,2141965.70375887,0
217,358.4407003633961,22.41069707373925,2141965.70375887,0
218,360.09250082590023,22.610328786465292,2141965.70375887,0
219,361.74430128840436,22.810227494907064,2141965.70375887,0
220,363.3961017509085,22.856393051940223,2141402.7055352423,0
221,365.0479022134126,23.05851920715913,2141402.7055352423,0
222,366.6997026759168,23.261607719781587,2141402.7055352423,0
223,368.3515031384209,23.46553230791091,2141402.7055352423,0
224,370.00330360092505,23.669512429181744,2141402.7055352423,0
225,371.6551040634292,23.874316318039245,2141402.7055352423,0
226,373.3069045259333,24.07991688075092,2141402.7055352423,0
227,374.95870498843743,24.28581702185228,2141402.7055352423,0
228,376.61050545094156,24.490891604032345,2141402.7055352423,0
229,378.2623059134457,24.69694982428878,2141402.7055352423,0
230,379.9141063759498,24.903137459078945,2141402.7055352423,0
231,381.56590683845394,25.109468996867218,2141402.7055352423,0
232,383.21770730095807,25.316915739041647,2141402.7055352423,0
233,384.8695077634622,25.52540810859082,2141402.7055352423,0
234,386.5213082259663,25.734704818545072,2141402.7055352423,0
235,388.17310868847045,25.94429941567312,2141402.7055352423,0
236,389.8249091509746,26.154557359686848,2141402.7055352423,1
237,391.4767096134787,26.36563728403371,2141402.7055352423,0
238,393.12851007598283,26.577282659311532,2141402.7055352423,0
239,394.78031053848696,26.78975248553836,2141402.7055352423,0
240,396.4321110009911,27.00232376334909,2141402.7055352423,0
241,398.0839114634952,27.215190418439768,2141402.7055352423,0
242,399.73571192599934,27.428338586804333,2141402.7055352423,0
243,401.38751238850347,27.64176155752721,2141402.7055352423,0
244,403.0393128510076,27.856358317099996,2141402.7055352423,0
245,404.6911133135118,28.070929739137938,2141402.7055352423,0
246,406.3429137760159,28.221767138539843,2140641.579195843,0
247,407.99471423852003,28.44141986409281,2140641.579195843,0
248,409.64651470102416,28.66287179160563,2140641.579195843,0
249,411.2983151635283,28.8867550301891,2140641.579195843,0
250,412.9501156260324,29.114707195001433,2140641.579195843,0
251,414.60191608853654,29.34427876564867,2140641.579195843,0
252,416.25371655104067,29.57411603267807,2140641.579195843,0
253,417.9055170135448,29.804873960312264,2140641.579195843,0
254,419.5573174760489,30.03718493435134,2140641.579195843,0
255,421.20911793855305,30.27124318795647,2140641.579195843,0
256,422.8609184010572,30.50463703229933,2140641.579195843,0
257,424.5127188635613,30.739573167805204,2140641.579195843,0
258,426.16451932606543,30.976406184972948,2140641.579195843,0
259,427.81631978856956,31.213801828926506,2140641.579195843,0
260,429.4681202510737,31.45273041917703,2140641.579195843,0
261,431.1199207135778,31.693018036072143,2140641.579195843,0
262,432.77172117608194,31.93405729684643,2140641.579195843,0
263,434.42352163858607,32.17608210691874,2140641.579195843,0
264,436.0753221010902,32.41886119853555,2140641.579195843,0
265,437.7271225635943,32.662580531144066,2140641.579195843,0
266,439.37892302609845,32.90659058029256,2140641.579195843,0
267,441.0307234886026,33.15194525306786,2140641.579195843,0
268,442.68252395110676,33.39748809217302,2140641.579195843,0
269,444.3343244136109,33.64364605303408,2140641.579195843,0
270,445.986124876115,33.889630787074324,2140641.579195843,0
271,447.63792533861914,34.13633652993795,2140641.579195843,0
272,449.28972580112327,34.38226472295685,2140641.579195843,0
273,450.9415262636274,34.627946562545375,2140641.579195843,0
274,452.5933267261315,34.874471313724854,2140641.579195843,0
275,454.24512718863565,35.12172726244892,2140641.579195843,0
276,455.8969276511398,35.37007110536522,2140641.579195843,0
277,457.5487281136439,35.61904376930166,2140641.579195843,0
278,459.20052857614803,35.868444041802825,2140641.579195843,0
279,460.85232903865216,36.118402097732314,2140641.579195843,0
280,462.5041295011563,36.36935609250502,2140641.579195843,0
281,464.1559299636604,36.62074050068865,2140641.579195843,0
282,465.80773042616454,36.873155863947346,2140641.579195843,0
283,467.45953088866867,37.12554137131178,2140641.579195843,0
284,469.1113313511728,37.378992469488445,2140641.579195843,0
285,470.7631318136769,37.63336472727863,2140641.579195843,0
286,472.41493227618105,37.888610885458974,2140641.579195843,0
287,474.0667327386852,38.14438285352016,2140641.579195843,0
288,475.7185332011893,38.401860646672304,2140641.579195843,0
289,477.37033366369343,38.65976143594083,2140641.579195843,0
290,479.02213412619756,38.91811032596307,2140641.579195843,0
291,480.67393458870174,39.177958784719394,2140641.579195843,0
292,482.32573505120587,39.44018124918503,2140641.579195843,0
293,483.97753551371,39.70407214729529,2140641.579195843,0
294,485.6293359762141,39.969683125020396,2140641.579195843,0
295,487.28113643871825,40.236200675885264,2140641.579195843,0
296,488.9329369012224,40.50447566154851,2140641.579195843,0
297,490.5847373637265,40.77467435893245,2140641.579195843,0
298,492.23653782623063,41.04623573274029,2140641.579195843,0
299,493.88833828873476,41.318810228890236,2140641.579195843,0
300,495.5401387512389,41.5924485987428,2140641.579195843,0
301,497.191939213743,41.86761935959381,2140641.579195843,0
302,498.84373967624714,42.1439316967651,2140641.579195843,0
303,500.49554013875127,42.421018544327666,2140641.579195843,0
304,502.1473406012554,42.699225670975785,2140641.579195843,0
305,503.7991410637595,42.97743873413982,2140641.579195843,0
306,505.45094152626365,43.257250780095255,2140641.579195843,0
307,507.1027419887678,43.53771135612995,2140641.579195843,0
308,508.7545424512719,43.819232539786924,2140641.579195843,0
309,510.40634291377603,44.101750259084405,2140641.579195843,0
310,512.0581433762802,44.38533197274433,2140641.579195843,0
311,513.7099438387843,44.66924660354055,2140641.579195843,0
312,515.3617443012885,44.9543102880116,2140641.579195843,0
313,517.0135447637925,45.239931419904714,2140641.579195843,0
314,518.6653452262967,45.52553359944578,2140641.579195843,0
315,520.3171456888008,45.810902249434754,2140641.579195843,0
316,521.968946151305,46.09550858652576,2140641.579195843,0
317,523.620746613809,46.38076395658136,2140641.579195843,0
318,525.2725470763132,46.666644625913314,2140641.579195843,0
319,526.9243475388173,46.95313507881114,2140641.579195843,0
320,528.5761480013215,47.240252862911234,2140641.579195843,0
321,530.2279484638256,47.527692689792204,2140641.579195843,0
322,531.8797489263297,47.81617573970379,2140641.579195843,0
323,533.5315493888338,48.10542193638217,2140641.579195843,0
324,535.183349851338,48.394835478307016,2140641.579195843,0
325,536.8351503138421,48.68485637953636,2140641.579195843,0
326,538.4869507763462,48.97548563838619,2140641.579195843,0
327,540.1387512388504,49.26748010698208,2140641.579195843,0
328,541.7905517013545,49.56064257695632,2140641.579195843,0
329,543.4423521638587,49.85504149274085,2140641.579195843,0
330,545.0941526263628,50.150936803221406,2140641.579195843,0
331,546.7459530888669,50.44778989428119,2140641.579195843,0
332,548.397753551371,50.74591884328358,2140641.579195843,0
333,550.0495540138752,51.04725078751313,2140641.579195843,0
334,551.7013544763793,51.350815462095184,2140641.579195843,0
335,553.3531549388834,51.656015884404255,2140641.579195843,0
336,555.0049554013875,51.96042570951586,2140641.579195843,0
337,556.6567558638917,52.26627357308701,2140641.579195843,0
338,558.3085563263958,52.571940702610554,2140641.579195843,0
339,559.9603567889,52.8786809585124,2140641.579195843,0
340,561.612157251404,53.185977446125015,2140641.579195843,0
341,563.2639577139082,53.49491922658408,2140641.579195843,0
342,564.9157581764123,53.80509865666142,2140641.579195843,0
343,566.5675586389165,54.11585580452161,2140641.579195843,0
344,568.2193591014205,54.42858340599638,2140641.579195843,0
345,569.8711595639247,54.743301511668875,2140641.579195843,0
346,571.5229600264288,55.05890548934027,2140641.579195843,0
347,573.174760488933,55.37576633018123,2140641.579195843,0
348,574.826560951437,55.692659317020706,2140641.579195843,0
349,576.4783614139412,56.01111466092718,2140641.579195843,0
350,578.1301618764454,56.33091624886436,2140641.579195843,0
351,579.7819623389495,56.651334062789324,2140641.579195843,0
352,581.4337628014537,56.971754362325676,2140641.579195843,0
353,583.0855632639577,57.293280978782924,2140641.579195843,0
354,584.7373637264619,57.61535089198395,2140641.579195843,0
355,586.389164188966,57.93887604811634,2140641.579195843,0
356,588.0409646514702,58.26219615124916,2140641.579195843,0
357,589.6927651139742,58.586020234093944,2140641.579195843,0
358,591.3445655764784,58.91054348193463,2140641.579195843,0
359,592.9963660389825,59.23573324766237,2140641.579195843,0
360,594.6481665014867,59.56055863842458,2140641.579195843,0
361,596.2999669639908,59.88595006347863,2140641.579195843,0
362,597.9517674264949,60.21173063243115,2140641.579195843,0
363,599.603567888999,60.53914657086207,2140641.579195843,0
364,601.2553683515032,60.866742403689635,2140641.579195843,0
365,602.9071688140073,61.19522250309621,2140641.579195843,0
366,604.5589692765114,61.52381599049397,2140641.579195843,0
367,606.2107697390155,61.853474191959506,2140641.579195843,0
368,607.8625702015197,62.184249881041396,2140641.579195843,0
369,609.5143706640238,62.51745421774838,2140641.579195843,0
370,611.166171126528,62.85192589063936,2140641.579195843,0
371,612.817971589032,63.18806706953783,2140641.579195843,0
372,614.4697720515362,63.524952309578964,2140641.579195843,0
373,616.1215725140404,63.86281293137238,2140641.579195843,0
374,617.7733729765445,64.20230706271528,2140641.579195843,0
375,619.4251734390486,64.54432463787897,2140641.579195843,0
376,621.0769739015527,64.88776032775691,2140641.579195843,0
377,622.7287743640569,65.23356448665174,2140641.579195843,0
378,624.380574826561,65.57994667942715,2140641.579195843,0
379,626.0323752890652,65.9270446811785,2140641.579195843,0
380,627.6841757515692,66.27539009033671,2140641.579195843,0
381,629.3359762140734,66.62448857314045,2140641.579195843,0
382,630.9877766765775,66.97426432804632,2140641.579195843,0
383,632.6395771390817,67.32326175255788,2140641.579195843,0
384,634.2913776015857,67.67259414225941,2140641.579195843,0
385,635.9431780640899,68.02183312458178,2140641.579195843,0
386,637.594978526594,68.37201716738197,2140641.579195843,0
387,639.2467789890982,68.7239036707491,2140641.579195843,0
388,640.8985794516022,69.07749553141757,2140641.579195843,0
389,642.5503799141064,69.43295042217675,2140641.579195843,0
390,644.2021803766105,69.78803468804846,2140641.579195843,0
391,645.8539808391147,70.14402169234742,2140641.579195843,0
392,647.5057813016188,70.49985357954937,2140641.579195843,0
393,649.1575817641229,70.85638325376169,2140641.579195843,0
394,650.809382226627,71.21428448246128,2140641.579195843,0
395,652.4611826891312,71.57318861836316,2140641.579195843,0
396,654.1129831516354,71.93288156077348,2140641.579195843,0
397,655.7647836141394,72.2929241453176,2140641.579195843,0
398,657.4165840766436,72.65437999101185,2140641.579195843,0
399,659.0683845391477,73.0171304543332,2140641.579195843,0
400,660.7201850016519,73.3790060220115,2140641.579195843,0
401,662.371985464156,73.74179724699161,2140641.579195843,0
402,664.0237859266601,74.10544506427358,2140641.579195843,0
403,665.6755863891642,74.46882421258819,2140641.579195843,0
404,667.3273868516684,74.83289683640905,2140641.579195843,0
405,668.9791873141725,75.19726498099718,2140641.579195843,0
406,670.6309877766766,75.56277131446431,2140641.579195843,0
407,672.2827882391807,75.92982608544573,2140641.579195843,0
408,673.9345887016849,76.29784090118906,2140641.579195843,0
409,675.586389164189,76.66659998956358,2140641.579195843,0
410,677.2381896266932,77.03757527237286,2140641.579195843,0
411,678.8899900891972,77.41143230300392,2140641.579195843,0
412,680.5417905517014,77.78596320044606,2140641.579195843,0
413,682.1935910142055,78.16057636988093,2140641.579195843,0
414,683.8453914767097,78.53684192164114,2140641.579195843,0
415,685.4971919392137,78.91371546262197,2140641.579195843,0
416,687.1489924017179,79.29317149842822,2140641.579195843,0
417,688.800792864222,79.67511838817342,2140641.579195843,0
418,690.4525933267262,80.05921075637305,2140641.579195843,0
419,692.1043937892304,80.44460383828135,2140641.579195843,0
420,693.7561942517344,80.83033713765579,2140641.579195843,0
421,695.4079947142386,81.21691916980471,2140641.579195843,0
422,697.0597951767427,81.60436016964005,2140641.579195843,0
423,698.7115956392469,81.99325781619878,2140641.579195843,0
424,700.3633961017509,82.38297424380659,2140641.579195843,0
425,702.0151965642551,82.77290521917736,2140641.579195843,0
426,703.6669970267592,83.16434217460039,2140641.579195843,0
427,705.3187974892634,83.55669015941086,2140641.579195843,0
428,706.9705979517674,83.94922974113675,2140641.579195843,0
429,708.6223984142716,84.34112544210026,2140641.579195843,0
430,710.2741988767757,84.73416317475967,2140641.579195843,0
431,711.9259993392799,85.12731436624681,2140641.579195843,0
432,713.577799801784,85.52127547063385,2140641.579195843,0
433,715.2296002642881,85.91560697719537,2140641.579195843,0
434,716.8814007267922,86.31101542371087,2140641.579195843,0
435,718.5332011892964,86.70805007681034,2140641.579195843,0
436,720.1850016518005,87.10583038869258,2140641.579195843,0
437,721.8368021143046,87.50428695175633,2140641.579195843,0
438,723.4886025768087,87.90086496621502,2140641.579195843,0
439,725.1404030393129,88.29891506345021,2140641.579195843,0
440,726.792203501817,88.6978731316852,2140641.579195843,0
441,728.4440039643212,89.09834322672101,2140641.579195843,0
442,730.0958044268252,89.49861707031666,2140641.579195843,0
443,731.7476048893294,89.89999822597527,2140641.579195843,0
444,733.3994053518336,90.30206262425448,2140641.579195843,0
445,735.0512058143377,90.70476706392199,2140641.579195843,0
446,736.7030062768418,91.10879687222321,2140641.579195843,0
447,738.3548067393459,91.51106922488754,2140641.579195843,0
448,740.0066072018501,91.91414312148602,2140641.579195843,0
449,741.6584076643542,92.31797546776806,2140641.579195843,0
450,743.3102081268584,92.72434892586126,2140641.579195843,0
451,744.9620085893624,93.13207379021478,2140641.579195843,0
452,746.6138090518666,93.54080467969753,2140641.579195843,0
453,748.2656095143707,93.9510519459662,2140641.579195843,0
454,749.9174099768749,94.36315751883727,2140641.579195843,0
455,751.5692104393789,94.77687456452217,2140641.579195843,0
456,753.2210109018831,95.19297461565964,2140641.579195843,0
457,754.8728113643872,95.60977158495358,2140641.579195843,0
458,756.5246118268914,96.02928016608799,2140641.579195843,0
459,758.1764122893954,96.4507530309271,2140641.579195843,0
460,759.8282127518996,96.87408615252293,2140641.579195843,0
461,761.4800132144037,97.29899596593455,2140641.579195843,0
462,763.1318136769079,97.7247228301819,2140641.579195843,0
463,764.783614139412,98.15092713924142,2140641.579195843,0
464,766.4354146019161,98.57758280048854,2140641.579195843,0
465,768.0872150644202,99.00508599464443,2140641.579195843,0
466,769.7390155269244,99.43437331415213,2140641.579195843,0
467,771.3908159894286,99.86443132950681,2140641.579195843,0
468,773.0426164519326,100.29530642373614,2140641.579195843,0
469,774.6944169144368,100.72680189511989,2140641.579195843,0
470,776.3462173769409,101.15866649843181,2140641.579195843,0
471,777.9980178394451,101.59105419785372,2140641.579195843,0
472,779.6498183019492,102.02382155489785,2140641.579195843,0
473,781.3016187644533,102.45550659997473,2140641.579195843,0
474,782.9534192269574,102.88839301846565,2140641.579195843,0
475,784.6052196894616,103.32041292282103,2140641.579195843,0
476,786.2570201519657,103.75394356005789,2140641.579195843,0
477,787.9088206144698,104.18743099172806,2140641.579195843,0
478,789.5606210769739,104.62061252580867,2140641.579195843,0
479,791.2124215394781,105.05428498939852,2140641.579195843,0
480,792.8642220019822,105.48903858707477,2140641.579195843,0
481,794.5160224644864,105.92473010977048,2140641.579195843,0
482,796.1678229269904,106.36186049889255,2140641.579195843,0
483,797.8196233894946,106.80047775618085,2140641.579195843,0
484,799.4714238519987,107.24062091028064,2140641.579195843,0
485,801.1232243145029,107.68179255406217,2140641.579195843,0
486,802.7750247770069,108.12434940855323,2140641.579195843,0
487,804.4268252395111,108.5682302383597,2140641.579195843,0
488,806.0786257020152,109.01297281539246,2140641.579195843,0
489,807.7304261645194,109.45500537820641,2140641.579195843,0
490,809.3822266270236,109.89792586376737,2140641.579195843,0
491,811.0340270895276,110.3424021173679,2140641.579195843,0
492,812.6858275520318,110.78902140561075,2140641.579195843,0
493,814.3376280145359,111.23575905992433,2140641.579195843,0
494,815.9894284770401,111.68421533847786,2140641.579195843,0
495,817.6412289395441,112.13324062722998,2140641.579195843,0
496,819.2930294020483,112.58361406078359,2140641.579195843,0
497,820.9448298645524,113.03535640353931,2140641.579195843,0
498,822.5966303270566,113.48837848737031,2140641.579195843,0
499,824.2484307895606,113.9429119055043,2140641.579195843,0
500,825.9002312520648,114.39981280281897,2140641.579195843,0
501,827.5520317145689,114.85869984390781,2140641.579195843,0
502,829.2038321770731,115.31887839476683,2140641.579195843,0
503,830.8556326395772,115.7806265972899,2140641.579195843,0
504,832.5074331020813,116.24253992199573,2140641.579195843,0
505,834.1592335645854,116.70610054672974,2140641.579195843,0
506,835.8110340270896,117.1713022656106,2140641.579195843,0
507,837.4628344895937,117.63784396483403,2140641.579195843,0
508,839.1146349520978,118.10488897904986,2140641.579195843,0
509,840.7664354146019,118.57285342584562,2140641.579195843,0
510,842.4182358771061,119.0418867018723,2140641.579195843,0
511,844.0700363396102,119.51165819861431,2140641.579195843,0
512,845.7218368021144,119.98212304961916,2140641.579195843,0
513,847.3736372646185,120.45272757542685,2140641.579195843,0
514,849.0254377271226,120.92390700773701,2140641.579195843,0
515,850.6772381896268,121.39350471357398,2140641.579195843,0
516,852.3290386521309,121.86339881393624,2140641.579195843,0
517,853.980839114635,122.33470246815139,2140641.579195843,0
518,855.6326395771391,122.80749248524882,2140641.579195843,0
519,857.2844400396433,123.28194797720057,2140641.579195843,0
520,858.9362405021474,123.75630712640262,2140641.579195843,0
521,860.5880409646516,124.22692629426527,2140641.579195843,0
522,862.2398414271556,124.69910903612217,2140641.579195843,0
523,863.8916418896598,125.17025256379236,2140641.579195843,0
524,865.5434423521639,125.64334401072706,2140641.579195843,0
525,867.1952428146681,126.11786519575871,2140641.579195843,0
526,868.8470432771721,126.59328733917583,2140641.579195843,0
527,870.4988437396763,127.06992928708696,2140641.579195843,0
528,872.1506442021804,127.54777462474796,2140641.579195843,0
529,873.8024446646846,128.0269937045824,2140641.579195843,0
530,875.4542451271886,128.50690680025423,2140641.579195843,0
531,877.1060455896928,128.98659870943607,2140641.579195843,0
532,878.7578460521969,129.46845523281928,2140641.579195843,0
533,880.4096465147011,129.95218075244856,2140641.579195843,0
534,882.0614469772052,130.43765693512722,2140641.579195843,0
535,883.7132474397093,130.92499015618847,2140641.579195843,0
536,885.3650479022135,131.41369606003752,2140641.579195843,0
537,887.0168483647176,131.90411511817823,2140641.579195843,0
538,888.6686488272218,132.39497313746853,2140641.579195843,0
539,890.3204492897258,132.88544388263378,2140641.579195843,0
540,891.97224975223,133.37742627144146,2140641.579195843,0
541,893.6240502147341,133.87137480003764,2140641.579195843,0
542,895.2758506772383,134.36784866860006,2140641.579195843,0
543,896.9276511397424,134.86565603271214,2140641.579195843,0
544,898.5794516022465,135.36377177766045,2140641.579195843,0
545,900.2312520647506,135.8634888591212,2140641.579195843,0
546,901.8830525272548,136.36583915423824,2140641.579195843,0
547,903.5348529897589,136.86974139070972,2140641.579195843,0
548,905.186653452263,137.374489641615,2140641.579195843,0
549,906.8384539147671,137.8809839042197,2140641.579195843,0
550,908.4902543772713,138.38885839736554,2140641.579195843,0
551,910.1420548397754,138.8958905406685,2140641.579195843,0
552,911.7938553022796,139.40399264761615,2140641.579195843,0
553,913.4456557647836,139.91225658431142,2140641.579195843,0
554,915.0974562272878,140.4207775205859,2140641.579195843,0
555,916.7492566897919,140.93112220682323,2140641.579195843,0
556,918.4010571522961,141.442733662614,2140641.579195843,0
557,920.0528576148001,141.9525633470831,2140641.579195843,0
558,921.7046580773043,142.46188229923536,2140641.579195843,0
559,923.3564585398085,142.97107972821226,2140641.579195843,0
560,925.0082590023126,143.4813933114954,2140641.579195843,0
561,926.6600594648168,143.9932062887089,2140641.579195843,0
562,928.3118599273208,144.5055203844247,2140641.579195843,0
563,929.963660389825,145.019347821939,2140641.579195843,0
564,931.6154608523291,145.53461509088132,2140641.579195843,0
565,933.2672613148333,146.05052251494948,2140641.579195843,0
566,934.9190617773373,146.56516918371247,2140641.579195843,0
567,936.5708622398415,147.07834229202135,2140641.579195843,0
568,938.2226627023456,147.5907472628436,2140641.579195843,0
569,939.8744631648498,148.104537358028,2140641.579195843,0
570,941.5262636273538,148.61951397140558,2140641.579195843,0
571,943.178064089858,149.13496020711477,2140641.579195843,0
572,944.8298645523621,149.651788455634,2140641.579195843,0
573,946.4816650148663,150.16998214251424,2140641.579195843,0
574,948.1334654773704,150.6896975752219,2140641.579195843,0
575,949.7852659398745,151.2111395228116,2140641.579195843,0
576,951.4370664023786,151.73347441323585,2140641.579195843,0
577,953.0888668648828,152.2551446666795,2140641.579195843,0
578,954.7406673273869,152.77821011673151,2140641.579195843,0
579,956.392467789891,153.30286617451475,2140641.579195843,0
580,958.0442682523951,153.82799722265082,2140641.579195843,0
581,959.6960687148993,154.3541735018817,2140641.579195843,0
582,961.3478691774035,154.8824881232861,2140641.579195843,0
583,962.9996696399076,155.4125200486966,2140641.579195843,0
584,964.6514701024117,155.94154613659217,2140641.579195843,0
585,966.3032705649158,156.47251514037498,2140641.579195843,0
586,967.95507102742,157.00458857696032,2140641.579195843,0
587,969.6068714899241,157.53813666040259,2140641.579195843,0
588,971.2586719524282,158.07349178039703,2140641.579195843,0
589,972.9104724149323,158.61110356734108,2140641.579195843,0
590,974.5622728774365,159.1515101517916,2140641.579195843,0
591,976.2140733399406,159.6935709429931,2140641.579195843,0
592,977.8658738024448,160.2381345720283,2140641.579195843,0
593,979.5176742649488,160.78271650557187,2140641.579195843,0
594,981.169474727453,161.3285233332036,2140641.579195843,0
595,982.8212751899571,161.87455455377486,2140641.579195843,0
596,984.4730756524613,162.4216192517537,2140641.579195843,0
597,986.1248761149653,162.96947569559538,2140641.579195843,0
598,987.7766765774695,163.51535489912982,2140641.579195843,0
599,989.4284770399736,164.06152749848695,2140641.579195843,0
600,991.0802775024778,164.606753535985,2140641.579195843,0
601,992.7320779649818,165.15299579708727,2140641.579195843,0
602,994.383878427486,165.7003736160557,2140641.579195843,0
603,996.0356788899901,166.24901642232183,2140641.579195843,0
604,997.6874793524943,166.79757521153243,2140641.579195843,0
605,999.3392798149983,167.34655939478276,2140641.579195843,0
606,1000.9910802775025,167.89723475191215,2140641.579195843,0
607,1002.6428807400067,168.44859391251447,2140641.579195843,0
608,1004.2946812025108,169.00157096850208,2140641.579195843,0
609,1005.946481665015,169.55565817138591,2140641.579195843,0
610,1007.598282127519,170.10984505879114,2140641.579195843,1
611,1009.2500825900232,170.6626168224299,2140641.579195843,0
612,1010.9018830525273,171.21259253425737,2140641.579195843,0
613,1012.5536835150315,171.7652534525897,2140641.579195843,0
614,1014.2054839775356,172.31750975830934,2140641.579195843,0
615,1015.8572844400397,172.87113605428758,2140641.579195843,0
616,1017.5090849025438,173.42660876431108,2140641.579195843,0
617,1019.160885365048,173.9842475358998,2140641.579195843,0
618,1020.8126858275521,174.54364153852237,2140641.579195843,0
619,1022.4644862900562,175.10389430588793,2140641.579195843,0
620,1024.1162867525604,175.664502849905,2140641.579195843,0
621,1025.7680872150645,176.22606198633528,2140641.579195843,0
622,1027.4198876775686,176.7883555943086,2140641.579195843,0
623,1029.0716881400726,177.3490749370402,2140641.579195843,0
624,1030.723488602577,177.91223509802364,2140641.579195843,0
625,1032.375289065081,178.4778408752457,2140641.579195843,0
626,1034.027089527585,179.04480429167495,2140641.579195843,0
627,1035.6788899900891,179.61368471280593,2140641.579195843,0
628,1037.3306904525934,180.1830634251154,2140641.579195843,0
629,1038.9824909150975,180.75219485974796,2140641.579195843,0
630,1040.6342913776016,181.32189529463326,2140641.579195843,0
631,1042.2860918401059,181.8928236818499,2140641.579195843,0
632,1043.93789230261,182.4659598659539,2140641.579195843,0
633,1045.589692765114,183.04079921754925,2140641.579195843,0
634,1047.241493227618,183.61557743778212,2140641.579195843,0
635,1048.8932936901224,184.06057586586036,2132260.0549387843,0
636,1050.5450941526265,184.6458851438853,2132260.0549387843,0
637,1052.1968946151305,185.23202449485103,2132260.0549387843,0
638,1053.8486950776346,185.8204872227386,2132260.0549387843,0
639,1055.500495540139,186.40977357277362,2132260.0549387843,0
640,1057.152296002643,186.9967599986213,2132260.0549387843,0
641,1058.804096465147,187.58504058310916,2132260.0549387843,0
642,1060.455896927651,188.174732821793,2132260.0549387843,0
643,1062.1076973901554,188.76572428400405,2132260.0549387843,0
644,1063.7594978526595,189.35742999642926,2132260.0549387843,0
645,1065.4112983151635,189.94882552269428,2132260.0549387843,0
646,1067.0630987776676,190.53917215449732,2132260.0549387843,0
647,1068.714899240172,191.13092600286203,2132260.0549387843,0
648,1070.366699702676,191.72410129681168,2132260.0549387843,0
649,1072.01850016518,192.3188625176215,2132260.0549387843,0
650,1073.6703006276841,192.91417207210333,2132260.0549387843,0
651,1075.3221010901884,193.5117664753795,2132260.0549387843,0
652,1076.9739015526925,194.10836217974693,2132260.0549387843,0
653,1078.6257020151966,194.70803503162577,2132260.0549387843,0
654,1080.2775024777009,195.30613096549087,2132260.0549387843,0
655,1081.929302940205,195.90356330905212,2132260.0549387843,0
656,1083.581103402709,196.50376637998073,2132260.0549387843,0
657,1085.232903865213,197.10517758007944,2132260.0549387843,0
658,1086.8847043277174,197.70458005508618,2132260.0549387843,0
659,1088.5365047902214,198.30570285607965,2132260.0549387843,0
660,1090.1883052527255,198.90787437308725,2132260.0549387843,0
661,1091.8401057152296,199.51096853822688,2132260.0549387843,0
662,1093.4919061777339,200.1154182250341,2132260.0549387843,0
663,1095.143706640238,200.7200834771254,2132260.0549387843,0
664,1096.795507102742,201.32641133030788,2132260.0549387843,0
665,1098.447307565246,201.93419485886392,2132260.0549387843,0
666,1100.0991080277504,202.54497879846275,2132260.0549387843,0
667,1101.7509084902545,203.1569337946512,2132260.0549387843,0
668,1103.4027089527585,203.76933693579892,2132260.0549387843,1
669,1105.0545094152626,204.38070269890687,2132260.0549387843,0
670,1106.706309877767,204.9941443076815,2132260.0549387843,0
671,1108.358110340271,205.6092907701683,2132260.0549387843,0
672,1110.009910802775,206.22530107766454,2132260.0549387843,0
673,1111.661711265279,206.84029945319284,2132260.0549387843,0
674,1113.3135117277834,207.45697277114374,2132260.0549387843,0
675,1114.9653121902875,208.07602923207068,2132260.0549387843,0
676,1116.6171126527915,208.69665048144185,2132260.0549387843,0
677,1118.2689131152958,209.31861603256394,2132260.0549387843,0
678,1119.9207135778,209.94232874615938,2132260.0549387843,0
679,1121.572514040304,210.5670145596758,2132260.0549387843,0
680,1123.224314502808,211.19280502610889,2132260.0549387843,0
681,1124.8761149653124,211.81726073930787,2132260.0549387843,0
682,1126.5279154278164,212.44091021752217,2132260.0549387843,0
683,1128.1797158903205,213.0656533446712,2132260.0549387843,0
684,1129.8315163528246,213.69253223347553,2132260.0549387843,0
685,1131.4833168153289,214.3183817790497,2132260.0549387843,0
686,1133.135117277833,214.94569680618173,2132260.0549387843,0
687,1134.786917740337,215.57389996684506,2132260.0549387843,0
688,1136.438718202841,216.20379871322442,2132260.0549387843,0
689,1138.0905186653454,216.8353015105167,2132260.0549387843,0
690,1139.7423191278494,217.46800811513046,2132260.0549387843,0
691,1141.3941195903535,218.10062684015577,2132260.0549387843,0
692,1143.0459200528576,218.73358518360124,2132260.0549387843,0
693,1144.6977205153619,219.36796557380947,2132260.0549387843,0
694,1146.349520977866,220.00372322076439,2132260.0549387843,0
695,1148.00132144037,220.2657845932405,2131218.4241175554,0
696,1149.653121902874,220.90060795745683,2131218.4241175554,0
697,1151.3049223653784,221.53744249210132,2131218.4241175554,0
698,1152.9567228278825,222.17559866332036,2131218.4241175554,0
699,1154.6085232903865,222.81248439104255,2131218.4241175554,0
700,1156.2603237528908,223.44870815921365,2131218.4241175554,0
701,1157.912124215395,224.08575516781508,2131218.4241175554,0
702,1159.563924677899,224.72476681633051,2131218.4241175554,0
703,1161.215725140403,225.36670654018417,2131218.4241175554,0
704,1162.8675256029073,226.00645798828097,2131218.4241175554,0
705,1164.5193260654114,226.6471366497688,2131218.4241175554,0
706,1166.1711265279155,227.28836800958766,2131218.4241175554,0
707,1167.8229269904195,227.93165909027525,2131218.4241175554,0
708,1169.4747274529238,228.5767068048947,2131218.4241175554,0
709,1171.126527915428,229.2233888082207,2131218.4241175554,0
710,1172.778328377932,229.87158244736585,2131218.4241175554,0
711,1174.430128840436,230.5212066989124,2131218.4241175554,0
712,1176.0819293029404,231.17304760172894,2131218.4241175554,0
713,1177.7337297654444,231.82668943508202,2131218.4241175554,0
714,1179.3855302279485,232.4819955461561,2131218.4241175554,0
715,1181.0373306904526,233.13804411805924,2131218.4241175554,0
716,1182.6891311529569,233.7925787768725,2131218.4241175554,0
717,1184.340931615461,234.44883812303547,2131218.4241175554,0
718,1185.992732077965,235.10376444488128,2131218.4241175554,0
719,1187.644532540469,235.7608958327479,2131218.4241175554,0
720,1189.2963330029734,236.41919610847896,2131218.4241175554,0
721,1190.9481334654774,237.0771622306004,2131218.4241175554,0
722,1192.5999339279815,237.73621531834627,2131218.4241175554,0
723,1194.2517343904858,238.3946108121813,2131218.4241175554,0
724,1195.9035348529899,239.05378511325037,2131218.4241175554,0
725,1197.555335315494,239.71129978562564,2131218.4241175554,0
726,1199.207135777998,240.37038343753088,2131218.4241175554,0
727,1200.8589362405023,241.03137797610643,2131218.4241175554,0
728,1202.5107367030064,241.69246421455722,2131218.4241175554,0
729,1204.1625371655105,242.3553532040043,2131218.4241175554,0
730,1205.8143376280145,243.0192560732325,2131218.4241175554,0
731,1207.4661380905188,243.68386329529687,2131218.4241175554,0
732,1209.117938553023,244.34926121633683,2131218.4241175554,0
733,1210.769739015527,245.01479927421184,2131218.4241175554,0
734,1212.421539478031,245.68226499666662,2131218.4241175554,1
735,1214.0733399405353,246.35211627444858,2131218.4241175554,0
736,1215.7251404030394,247.01989802440028,2131218.4241175554,0
737,1217.3769408655435,247.68965664260134,2131218.4241175554,0
738,1219.0287413280475,248.36189365605313,2131218.4241175554,0
739,1220.6805417905518,249.0362580755329,2131218.4241175554,0
740,1222.332342253056,249.7131099688163,2131218.4241175554,0
741,1223.98414271556,250.39054485352787,2131218.4241175554,0
742,1225.635943178064,251.06742325952752,2131218.4241175554,0
743,1227.2877436405684,251.7456558335949,2131218.4241175554,0
744,1228.9395441030724,252.42518808262787,2131218.4241175554,0
745,1230.5913445655765,253.10550825667104,2131218.4241175554,0
746,1232.2431450280808,253.78738975685758,2131218.4241175554,0
747,1233.8949454905849,254.47086420459422,2131218.4241175554,0
748,1235.546745953089,255.15533355279166,2131218.4241175554,0
749,1237.198546415593,255.83995474335472,2131218.4241175554,0
750,1238.8503468780973,256.52471373909054,2131218.4241175554,0
751,1240.5021473406014,257.2065850230877,2131218.4241175554,0
752,1242.1539478031054,257.890341373818,2131218.4241175554,0
753,1243.8057482656095,258.5759577278732,2131218.4241175554,0
754,1245.4575487281138,259.26300665239444,2131218.4241175554,0
755,1247.1093491906179,259.9522385484659,2131218.4241175554,0
756,1248.761149653122,260.64355694945976,2131218.4241175554,0
757,1250.412950115626,261.3369515144535,2131218.4241175554,0
758,1252.0647505781303,262.0323398493208,2131218.4241175554,0
759,1253.7165510406344,262.7290339320206,2131218.4241175554,0
760,1255.3683515031385,263.4268920653695,2131218.4241175554,0
761,1257.0201519656425,264.12346284856534,2131218.4241175554,0
762,1258.6719524281468,264.81542194427993,2131218.4241175554,0
763,1260.323752890651,265.0339162784229,2123129.533876671,0
764,1261.975553353155,265.7265864180351,2123129.533876671,0
765,1263.627353815659,266.41948060990046,2123129.533876671,0
766,1265.2791542781633,267.11115368538384,2123129.533876671,0
767,1266.9309547406674,267.80365981178113,2123129.533876671,0
768,1268.5827552031715,268.4977504185268,2123129.533876671,0
769,1270.2345556656758,269.1934284916591,2123129.533876671,0
770,1271.8863561281798,269.8897716161475,2123129.533876671,0
771,1273.538156590684,270.58754979383605,2123129.533876671,0
772,1275.189957053188,271.2865034965035,2123129.533876671,0
773,1276.8417575156923,271.9868273738717,2123129.533876671,0
774,1278.4935579781963,272.68630093824396,2123129.533876671,0
775,1280.1453584407004,273.38798780915016,2123129.533876671,0
776,1281.7971589032045,274.0906828379136,2123129.533876671,0
777,1283.4489593657088,274.795106980007,2123129.533876671,0
778,1285.1007598282129,275.50119331742246,2123129.533876671,0
779,1286.752560290717,276.20683781695584,2123129.533876671,0
780,1288.404360753221,276.9155889794771,2123129.533876671,0
781,1290.0561612157253,277.6262571207539,2123129.533876671,0
782,1291.7079616782294,278.33884588318085,2123129.533876671,0
783,1293.3597621407334,279.05290120414054,2123129.533876671,0
784,1295.0115626032375,279.76833779594136,2123129.533876671,0
785,1296.6633630657418,280.48341324120423,2123129.533876671,0
786,1298.3151635282459,281.2006314378439,2123129.533876671,0
787,1299.96696399075,281.91959054006355,2123129.533876671,0
788,1301.618764453254,282.6403115286804,2123129.533876671,0
789,1303.2705649157583,283.3629037958578,2123129.533876671,0
790,1304.9223653782624,284.0871940868581,2123129.533876671,0
791,1306.5741658407665,284.81307948191665,2123129.533876671,0
792,1308.2259663032708,285.54049220963174,2123129.533876671,0
793,1309.8777667657748,286.2697895259018,2123129.533876671,0
794,1311.529567228279,287.00005318394557,2123129.533876671,0
795,1313.181367690783,287.729883630171,2123129.533876671,0
796,1314.8331681532873,288.46009656347627,2123129.533876671,0
797,1316.4849686157913,289.19110124333923,2123129.533876671,0
798,1318.1367690782954,289.92385895066116,2123129.533876671,0
799,1319.7885695407995,290.65271750729175,2123129.533876671,0
800,1321.4403700033038,291.38459211275625,2123129.533876671,0
801,1323.0921704658078,292.11833107771207,2123129.533876671,0
802,1324.743970928312,292.84688168210977,2123129.533876671,0
803,1326.395771390816,293.57754439768917,2123129.533876671,0
804,1328.0475718533203,294.3101448758207,2123129.533876671,0
805,1329.6993723158243,295.040509176605,2123129.533876671,0
806,1331.3511727783284,295.769240388738,2123129.533876671,0
807,1333.0029732408325,296.49717554522704,2123129.533876671,0
808,1334.6547737033368,297.22644175729823,2123129.533876671,0
809,1336.3065741658409,297.95256676451635,2123129.533876671,0
810,1337.958374628345,298.68064909012753,2123129.533876671,0
811,1339.610175090849,299.409903935766,2123129.533876671,0
812,1341.2619755533533,300.14121233859396,2123129.533876671,0
813,1342.9137760158574,300.8744706051253,2123129.533876671,0
814,1344.5655764783614,301.60880261456686,2123129.533876671,0
815,1346.2173769408657,302.34428232588226,2123129.533876671,0
816,1347.8691774033698,303.08019275028767,2123129.533876671,0
817,1349.5209778658739,303.81813602015114,2123129.533876671,0
818,1351.172778328378,304.55800806567765,2123129.533876671,0
819,1352.8245787908822,305.2998126396195,2123129.533876671,0
820,1354.4763792533863,306.0434813960196,2123129.533876671,0
821,1356.1281797158904,306.7890540443033,2123129.533876671,0
822,1357.7799801783945,307.53678700361013,2123129.533876671,0
823,1359.4317806408988,308.2831442814826,2123129.533876671,0
824,1361.0835811034028,309.0308342972817,2123129.533876671,0
825,1362.735381565907,309.7808001157491,2123129.533876671,0
826,1364.387182028411,310.53344433183725,2123129.533876671,0
827,1366.0389824909153,311.2869612459254,2123129.533876671,0
828,1367.6907829534193,312.0375652363004,2123129.533876671,0
829,1369.3425834159234,312.7905635743817,2123129.533876671,0
830,1370.9943838784275,313.54606982145447,2123129.533876671,0
831,1372.6461843409318,314.30296317815385,2123129.533876671,0
832,1374.2979848034358,315.0619731104651,2123129.533876671,0
833,1375.94978526594,315.82281288633556,2123129.533876671,0
834,1377.601585728444,316.5838487847475,2123129.533876671,0
835,1379.2533861909483,317.34653753731885,2123129.533876671,0
836,1380.9051866534523,318.11117385601864,2123129.533876671,0
837,1382.5569871159564,318.87692307692305,2123129.533876671,0
838,1384.2087875784607,319.6445169998541,2123129.533876671,0
839,1385.8605880409648,320.41284587865954,2123129.533876671,0
840,1387.5123885034689,321.1818563705435,2123129.533876671,0
841,1389.164188965973,321.9491739162219,2123129.533876671,0
842,1390.8159894284772,322.718013899049,2123129.533876671,0
843,1392.4677898909813,323.4893675426396,2123129.533876671,0
844,1394.1195903534854,324.2621410782303,2123129.533876671,0
845,1395.7713908159894,325.0377482958294,2123129.533876671,0
846,1397.4231912784937,325.81395775267714,2123129.533876671,0
847,1399.0749917409978,326.59001834862386,2123129.533876671,0
848,1400.7267922035019,327.3613579612221,2123129.533876671,0
849,1402.378592666006,328.12943705445724,2123129.533876671,0
850,1404.0303931285102,328.89930504485955,2123129.533876671,0
851,1405.6821935910143,329.6665501508573,2123129.533876671,0
852,1407.3339940535184,330.4363033873343,2123129.533876671,0
853,1408.9857945160225,331.20693021884904,2123129.533876671,0
854,1410.6375949785267,331.97931720985105,2123129.533876671,0
855,1412.2893954410308,332.7527115767727,2123129.533876671,0
856,1413.941195903535,333.52336828115773,2123129.533876671,0
857,1415.592996366039,334.2953823420761,2123129.533876671,0
858,1417.2447968285433,335.06871950317907,2123129.533876671,0
859,1418.8965972910473,335.84327143596954,2123129.533876671,0
860,1420.5483977535514,336.6186334024282,2123129.533876671,0
861,1422.2001982160555,337.3955107785762,2123129.533876671,0
862,1423.8519986785598,338.1752409191994,2123129.533876671,0
863,1425.5037991410638,338.95731028855425,2123129.533876671,0
864,1427.155599603568,339.74164934679334,2123129.533876671,0
865,1428.8074000660722,340.52781697987075,2123129.533876671,0
866,1430.4592005285763,341.3124721272484,2123129.533876671,0
867,1432.1110009910803,342.0991818519896,2123129.533876671,0
868,1433.7628014535844,342.8878758559095,2123129.533876671,0
869,1435.4146019160887,343.6801221419528,2123129.533876671,0
870,1437.0664023785928,344.47186614994786,2123129.533876671,0
871,1438.7182028410969,345.26127973748976,2123129.533876671,0
872,1440.370003303601,346.0526865671642,2123129.533876671,0
873,1442.0218037661052,346.8461279964155,2123129.533876671,0
874,1443.6736042286093,347.641159766851,2123129.533876671,0
875,1445.3254046911134,348.4386076422643,2123129.533876671,0
876,1446.9772051536174,349.23769081113437,2123129.533876671,0
877,1448.6290056161217,350.0380381879446,2123129.533876671,0
878,1450.2808060786258,350.84051401168887,2123129.533876671,0
879,1451.9326065411299,351.6450101222164,2123129.533876671,0
880,1453.584407003634,352.4510804321729,2123129.533876671,0
881,1455.2362074661382,353.25839026953975,2123129.533876671,0
882,1456.8880079286423,354.06705484598046,2123129.533876671,0
883,1458.5398083911464,354.8728103150139,2123129.533876671,0
884,1460.1916088536505,355.6802964188986,2123129.533876671,0
885,1461.8434093161547,356.48872619137245,2123129.533876671,0
886,1463.4952097786588,357.2993069157752,2123129.533876671,0
887,1465.147010241163,358.11125141349413,2123129.533876671,0
888,1466.7988107036672,358.9251471031985,2123129.533876671,0
889,1468.4506111661713,359.7359590850759,2123129.533876671,0
890,1470.1024116286753,360.5472503399305,2123129.533876671,0
891,1471.7542120911794,361.35934310983447,2123129.533876671,0
892,1473.4060125536837,362.16855143721637,2123129.533876671,0
893,1475.0578130161878,362.9788433880857,2123129.533876671,0
894,1476.7096134786918,363.789918194213,2123129.533876671,0
895,1478.361413941196,364.60247858712955,2123129.533876671,0
896,1480.0132144037002,365.41751365291265,2123129.533876671,0
897,1481.6650148662043,366.23290322580647,2123129.533876671,0
898,1483.3168153287083,367.0450782318092,2123129.533876671,0
899,1484.9686157912124,367.8596184540549,2123129.533876671,0
900,1486.6204162537167,368.6763386066322,2123129.533876671,0
901,1488.2722167162208,369.4893066443413,2123129.533876671,0
902,1489.9240171787249,370.30041888804266,2123129.533876671,0
903,1491.575817641229,371.1134059903971,2123129.533876671,0
904,1493.2276181037332,371.92949206833435,2123129.533876671,0
905,1494.8794185662373,372.7473097763871,2123129.533876671,0
906,1496.5312190287414,373.5672063540553,2123129.533876671,0
907,1498.1830194912454,374.38895682078714,2123129.533876671,0
908,1499.8348199537497,375.20866472927503,2123129.533876671,0
909,1501.4866204162538,376.0286025866687,2123129.533876671,0
910,1503.1384208787579,376.85074283963854,2123129.533876671,0
911,1504.7902213412622,377.67512836232663,2123129.533876671,0
912,1506.4420218037662,378.50099693251536,2123129.533876671,0
913,1508.0938222662703,379.328255697951,2123129.533876671,0
914,1509.7456227287744,380.15389341115036,2123129.533876671,0
915,1511.3974231912787,380.98240221317144,2123129.533876671,0
916,1513.0492236537827,381.81298062134726,2123129.533876671,0
917,1514.7010241162868,382.6446710273182,2123129.533876671,0
918,1516.352824578791,383.4764746650239,2123129.533876671,0
919,1518.0046250412952,384.3106264930261,2123129.533876671,0
920,1519.6564255037993,385.14743985194326,2123129.533876671,0
921,1521.3082259663033,385.9850297090825,2123129.533876671,0
922,1522.9600264288074,386.823861003861,2123129.533876671,0
923,1524.6118268913117,387.66552043891505,2123129.533876671,0
924,1526.2636273538158,388.508776678008,2123129.533876671,0
925,1527.9154278163198,389.3501508937553,2123129.533876671,0
926,1529.567228278824,390.1908587579371,2123129.533876671,0
927,1531.2190287413282,391.0330879504068,2123129.533876671,0
928,1532.8708292038323,391.87672534119105,2123129.533876671,0
929,1534.5226296663363,392.722957243734,2123129.533876671,0
930,1536.1744301288404,393.56660583941607,2123129.533876671,0
931,1537.8262305913447,394.4096666407646,2123129.533876671,0
932,1539.4780310538488,395.25515163297047,2123129.533876671,0
933,1541.1298315163529,396.103591160221,2123129.533876671,0
934,1542.7816319788571,396.9543684784301,2123129.533876671,0
935,1544.4334324413612,397.80059222317465,2123129.533876671,0
936,1546.0852329038653,398.6483546475359,2123129.533876671,0
937,1547.7370333663694,399.4975029262583,2123129.533876671,0
938,1549.3888338288737,400.34846946743716,2123129.533876671,0
939,1551.0406342913777,401.20073063999376,2123129.533876671,0
940,1552.6924347538818,402.05509071004064,2123129.533876671,0
941,1554.3442352163859,402.91233664605994,2123129.533876671,0
942,1555.9960356788902,403.7705951448708,2123129.533876671,0
943,1557.6478361413942,404.63155316981425,2123129.533876671,0
944,1559.2996366038983,405.4947067126725,2123129.533876671,0
945,1560.9514370664024,406.36025661147295,2123129.533876671,0
946,1562.6032375289067,407.2286005968274,2123129.533876671,0
947,1564.2550379914107,408.0936149312377,2123129.533876671,0
948,1565.9068384539148,408.9543685121107,2123129.533876671,0
949,1567.5586389164189,409.81767923191944,2123129.533876671,0
950,1569.2104393789232,410.6724090407938,2123129.533876671,0
951,1570.8622398414273,411.5288635826306,2123129.533876671,0
952,1572.5140403039313,412.38720425867507,2123129.533876671,0
953,1574.1658407664354,413.2475929287349,2123129.533876671,0
954,1575.8176412289397,414.11015242457745,2123129.533876671,0
955,1577.4694416914438,414.97356358175927,2123129.533876671,0
956,1579.1212421539478,415.83335969629866,2123129.533876671,0
957,1580.7730426164521,416.6964582508904,2123129.533876671,0
958,1582.4248430789562,417.56007444954855,2123129.533876671,0
959,1584.0766435414603,418.4268645478323,2123129.533876671,0
960,1585.7284440039643,419.2951499048223,2123129.533876671,0
961,1587.3802444664686,420.1643979680927,2123129.533876671,0
962,1589.0320449289727,421.0366759332804,2123129.533876671,0
963,1590.6838453914768,421.911314680868,2123129.533876671,0
964,1592.3356458539809,422.7879613426662,2123129.533876671,0
965,1593.9874463164851,423.6669386293083,2123129.533876671,0
966,1595.6392467789892,424.54466703839415,2123129.533876671,0
967,1597.2910472414933,425.4225388601036,2123129.533876671,0
968,1598.9428477039974,426.30143187619655,2123129.533876671,0
969,1600.5946481665017,427.1797716931428,2123129.533876671,0
970,1602.2464486290057,428.0581762262342,2123129.533876671,0
971,1603.8982490915098,428.93798465105124,2123129.533876671,0
972,1605.5500495540139,429.813,2123129.533876671,0
973,1607.2018500165182,430.6891561924586,2123129.533876671,0
974,1608.8536504790222,431.5664556962025,2123129.533876671,0
975,1610.5054509415263,432.4458831075122,2123129.533876671,0
976,1612.1572514040304,433.3286866174583,2123129.533876671,0
977,1613.8090518665347,434.21332798073064,2123129.533876671,0
978,1615.4608523290387,435.0936445444319,2123129.533876671,0
979,1617.1126527915428,435.9753155905765,2123129.533876671,0
980,1618.764453254047,436.8591486964918,2123129.533876671,0
981,1620.4162537165512,437.74532973669375,2123129.533876671,0
982,1622.0680541790553,438.6340451248993,2123129.533876671,0
983,1623.7198546415593,439.5241714377873,2123129.533876671,0
984,1625.3716551040636,440.4161152356359,2123129.533876671,0
985,1627.0234555665677,441.31064766211745,2123129.533876671,0
986,1628.6752560290718,442.2084612898012,2123129.533876671,0
987,1630.3270564915758,443.1079053780833,2123129.533876671,0
988,1631.9788569540801,444.0092667529945,2123129.533876671,0
989,1633.6306574165842,444.91254960719203,2123129.533876671,0
990,1635.2824578790883,445.8152253201491,2123129.533876671,0
991,1636.9342583415923,446.7213683185984,2123129.533876671,0
992,1638.5860588040966,447.6176136363636,2123129.533876671,0
993,1640.2378592666007,448.5151693607343,2123129.533876671,0
994,1641.8896597291048,449.4158266948464,2123129.533876671,0
995,1643.5414601916088,450.31959245098835,2123129.533876671,0
996,1645.1932606541131,451.2251709540866,2123129.533876671,0
997,1646.8450611166172,452.1325254582485,2123129.533876671,0
998,1648.4968615791213,453.04135414968204,2123129.533876671,0
999,1650.1486620416254,453.93497593212044,2123129.533876671,0
1000,1651.8004625041297,454.8311561071195,2123129.533876671,0
1001,1653.4522629666337,455.72987989214806,2123129.533876671,0
1002,1655.1040634291378,456.63119378577267,2123129.533876671,0
1003,1656.755863891642,457.53493985762213,2123129.533876671,0
1004,1658.4076643541462,458.4416966917786,2123129.533876671,0
1005,1660.0594648166502,459.35171679095305,2123129.533876671,0
1006,1661.7112652791543,460.2632647203543,2123129.533876671,0
1007,1663.3630657416586,461.1763233483791,2123129.533876671,0
1008,1665.0148662041627,462.08637894218134,2123129.533876671,0
1009,1666.6666666666667,462.99897263088684,2123129.533876671,0
1010,1668.3184671291708,463.9136987991446,2123129.533876671,0
1011,1669.970267591675,464.83043871923616,2123129.533876671,0
1012,1671.6220680541792,465.7456754530478,2123129.533876671,0
1013,1673.2738685166833,466.6630739427912,2123129.533876671,0
1014,1674.9256689791873,467.5755444646098,2123129.533876671,0
1015,1676.5774694416916,468.49027903904897,2123129.533876671,0
1016,1678.2292699041957,469.40379213483146,2123129.533876671,0
1017,1679.8810703666998,470.3202769739562,2123129.533876671,0
1018,1681.5328708292038,471.2388714214794,2123129.533876671,0
1019,1683.1846712917081,472.1599528028484,2123129.533876671,0
1020,1684.8364717542122,473.08392028505136,2123129.533876671,0
1021,1686.4882722167163,474.00259142549135,2123129.533876671,0
1022,1688.1400726792203,474.9232572614108,2123129.533876671,0
1023,1689.7918731417246,475.8447803338593,2123129.533876671,0
1024,1691.4436736042287,476.76942736037233,2123129.533876671,0
1025,1693.0954740667328,477.6962072694003,2123129.533876671,0
1026,1694.747274529237,478.625624271683,2123129.533876671,0
1027,1696.3990749917411,479.5560807996668,2123129.533876671,0
1028,1698.0508754542452,480.4894339779927,2123129.533876671,0
1029,1699.7026759167493,481.42535663635607,2123129.533876671,0
1030,1701.3544763792536,482.3625187844381,2123129.533876671,0
1031,1703.0062768417577,483.30305372211546,2123129.533876671,0
1032,1704.6580773042617,484.241262541806,2123129.533876671,0
1033,1706.3098777667658,485.1804660697849,2123129.533876671,0
1034,1707.96167822927,486.121273656004,2123129.533876671,0
1035,1709.6134786917742,487.06446409117575,2123129.533876671,0
1036,1711.2652791542782,488.0096653807447,2123129.533876671,0
1037,1712.9170796167823,488.9555392362568,2123129.533876671,0
1038,1714.5688800792866,489.9018772047707,2123129.533876671,0
1039,1716.2206805417907,490.8491846684038,2123129.533876671,0
1040,1717.8724810042947,491.79792648048453,2123129.533876671,0
1041,1719.5242814667988,492.748442629851,2123129.533876671,0
1042,1721.176081929303,493.68913226621737,2123129.533876671,0
1043,1722.8278823918072,494.62968973948233,2123129.533876671,0
1044,1724.4796828543112,495.57226628417146,2123129.533876671,0
1045,1726.1314833168153,496.5173731318078,2123129.533876671,0
1046,1727.7832837793196,497.4654808179821,2123129.533876671,0
1047,1729.4350842418237,498.41710359408034,2123129.533876671,0
1048,1731.0868847043278,499.3639979688558,2123129.533876671,0
1049,1732.738685166832,500.30856695180825,2123129.533876671,0
1050,1734.3904856293361,501.24936429903374,2123129.533876671,0
1051,1736.0422860918402,502.19287047247434,2123129.533876671,0
1052,1737.6940865543443,503.138921901528,2123129.533876671,0
1053,1739.3458870168486,504.0828944014952,2123129.533876671,0
1054,1740.9976874793526,505.0289279034178,2123129.533876671,0
1055,1742.6494879418567,505.9706245213988,2123129.533876671,0
1056,1744.3012884043608,506.91463726158037,2123129.533876671,0
1057,1745.953088866865,507.86052407328503,2123129.533876671,0
1058,1747.6048893293691,508.80807607027117,2123129.533876671,0
1059,1749.2566897918732,509.75840658871726,2123129.533876671,0
1060,1750.9084902543773,510.7112658011616,2123129.533876671,0
1061,1752.5602907168816,511.665847508334,2123129.533876671,0
1062,1754.2120911793857,512.6233532934132,2123129.533876671,0
1063,1755.8638916418897,513.5843677767315,2123129.533876671,0
1064,1757.5156921043938,514.5403315627142,2123129.533876671,0
1065,1759.167492566898,515.4980279516419,2123129.533876671,0
1066,1760.8192930294022,516.4557448086493,2123129.533876671,0
1067,1762.4710934919062,517.4153284671532,2123129.533876671,0
1068,1764.1228939544103,518.3769121691303,2123129.533876671,0
1069,1765.7746944169146,519.3419626730885,2123129.533876671,0
1070,1767.4264948794187,520.3074324324324,2123129.533876671,0
1071,1769.0782953419227,521.2749590834698,2123129.533876671,0
1072,1770.730095804427,522.2394827586207,2123129.533876671,0
1073,1772.381896266931,523.2052454490553,2123129.533876671,0
1074,1774.0336967294352,524.1733724745294,2123129.533876671,0
1075,1775.6854971919392,525.1436533310291,2123129.533876671,0
1076,1777.3372976544435,526.1157903839502,2123129.533876671,0
1077,1778.9890981169476,527.0892470791865,2123129.533876671,0
1078,1780.6408985794517,528.0642646804088,2123129.533876671,0
1079,1782.2926990419558,529.0406084770738,2123129.533876671,0
1080,1783.94449950446,530.0189972241499,2123129.533876671,0
1081,1785.5962999669641,530.9997829672715,2123129.533876671,0
1082,1787.2481004294682,531.9810382276281,2123129.533876671,0
1083,1788.8999008919723,532.9645682984088,2123129.533876671,0
1084,1790.5517013544766,533.9495953706927,2123129.533876671,0
1085,1792.2035018169806,534.9306583645389,2123129.533876671,0
1086,1793.8553022794847,535.9152649468364,2123129.533876671,0
1087,1795.5071027419888,536.9027474923681,2123129.533876671,0
1088,1797.158903204493,537.8914324371508,2123129.533876671,0
1089,1798.8107036669971,538.8758845112256,2123129.533876671,0
1090,1800.4625041295012,539.8640278020633,2123129.533876671,0
1091,1802.1143045920053,540.847208854668,2123129.533876671,0
1092,1803.7661050545096,541.8319833625219,2123129.533876671,0
1093,1805.4179055170137,542.81449916747,2123129.533876671,0
1094,1807.0697059795177,543.7997061918961,2123129.533876671,0
1095,1808.721506442022,544.7872158342842,2123129.533876671,0
1096,1810.373306904526,545.773541813071,2123129.533876671,0
1097,1812.0251073670302,546.750989010989,2123129.533876671,0
1098,1813.6769078295342,547.7306880168925,2123129.533876671,0
1099,1815.3287082920385,548.7116976314168,2123129.533876671,0
1100,1816.9805087545426,549.6960257314064,2123129.533876671,0
1101,1818.6323092170467,550.6753461504542,2123129.533876671,0
1102,1820.2841096795507,551.6557811120917,2123129.533876671,0
1103,1821.935910142055,552.6379515943821,2123129.533876671,0
1104,1823.587710604559,553.6223921499293,2123129.533876671,0
1105,1825.2395110670632,554.6097717420154,2123129.533876671,0
1106,1826.8913115295672,555.6014919426244,2123129.533876671,0
1107,1828.5431119920715,556.5888790429774,2123129.533876671,0
1108,1830.1949124545756,557.5771993614757,2123129.533876671,1
1109,1831.8467129170797,558.5681636637969,2123129.533876671,0
1110,1833.4985133795838,559.561822703855,2123129.533876671,0
1111,1835.150313842088,560.5579607076185,2123129.533876671,0
1112,1836.8021143045921,561.5566725978648,2123129.533876671,0
1113,1838.4539147670962,562.5575861454902,2123129.533876671,0
1114,1840.1057152296003,563.5550481197647,2123129.533876671,0
1115,1841.7575156921046,564.5559841255686,2123129.533876671,0
1116,1843.4093161546086,565.5554043198857,2123129.533876671,0
1117,1845.0611166171127,566.5555381866905,2123129.533876671,0
1118,1846.712917079617,567.5591364205256,2123129.533876671,0
1119,1848.364717542121,568.5648653484835,2123129.533876671,0
1120,1850.0165180046251,569.5711855300859,2123129.533876671,0
1121,1851.6683184671292,570.5794874092661,2123129.533876671,0
1122,1853.3201189296335,571.5893721973094,2123129.533876671,0
1123,1854.9719193921376,572.6014271609371,2123129.533876671,0
1124,1856.6237198546416,573.6159944304707,2123129.533876671,0
1125,1858.2755203171457,574.6324732536186,2123129.533876671,0
1126,1859.92732077965,575.65118319237,2123129.533876671,0
1127,1861.579121242154,576.6721296713192,2123129.533876671,0
1128,1863.2309217046582,577.688671593367,2123129.533876671,0
1129,1864.8827221671622,578.7055560566429,2123129.533876671,0
1130,1866.5345226296665,579.7205948727207,2123129.533876671,0
1131,1868.1863230921706,580.7369681091336,2123129.533876671,0
1132,1869.8381235546747,581.7560804701627,2123129.533876671,0
1133,1871.4899240171787,582.7772147316985,2123129.533876671,0
1134,1873.141724479683,583.7961193624343,2123129.533876671,0
1135,1874.793524942187,584.8173207649778,2123129.533876671,0
1136,1876.4453254046912,585.8400081640058,2123129.533876671,0
1137,1878.0971258671952,586.8650930549251,2123129.533876671,0
1138,1879.7489263296995,587.8882654915501,2123129.533876671,0
1139,1881.4007267922036,588.9109075202327,2123129.533876671,0
1140,1883.0525272547077,589.9364078995268,2123129.533876671,0
1141,1884.704327717212,590.9578513525822,2123129.533876671,0
1142,1886.356128179716,591.9814266180492,2123129.533876671,0
1143,1888.0079286422201,593.0084618191771,2123129.533876671,0
1144,1889.6597291047242,594.0380067567568,2123129.533876671,0
1145,1891.3115295672285,595.0697477839715,2123129.533876671,0
1146,1892.9633300297326,596.1039646972746,2123129.533876671,0
1147,1894.6151304922366,597.1313272311213,2123129.533876671,0
1148,1896.2669309547407,598.1617121656284,2123129.533876671,0
1149,1897.918731417245,599.188204822591,2123129.533876671,0
1150,1899.570531879749,600.2162782161864,2123129.533876671,0
1151,1901.2223323422531,598.9935124321235,2111060.858731279,0
1152,1902.8741328047572,600.0178765516847,2111060.858731279,0
1153,1904.5259332672615,601.0453712715406,2111060.858731279,0
1154,1906.1777337297656,602.0670371855841,2111060.858731279,0
1155,1907.8295341922696,603.0922357933367,2111060.858731279,0
1156,1909.4813346547737,604.1194835007174,2111060.858731279,0
1157,1911.133135117278,605.1404571822411,2111060.858731279,0
1158,1912.784935579782,606.1637063861585,2111060.858731279,0
1159,1914.4367360422862,607.1894091928896,2111060.858731279,0
1160,1916.0885365047902,608.2155276642294,2111060.858731279,0
1161,1917.7403369672945,609.2444540478249,2111060.858731279,0
1162,1919.3921374297986,610.275704976645,2111060.858731279,0
1163,1921.0439378923027,611.3091995152075,2111060.858731279,0
1164,1922.695738354807,612.3447698261422,2111060.858731279,0
1165,1924.347538817311,613.3826521764264,2111060.858731279,0
1166,1925.999339279815,614.4242406711021,2111060.858731279,0
1167,1927.6511397423192,615.4638411209542,2111060.858731279,0
1168,1929.3029402048235,616.5053601437098,2111060.858731279,0
1169,1930.9547406673275,617.5498173171721,2111060.858731279,0
1170,1932.6065411298316,618.5922862615358,2111060.858731279,0
1171,1934.2583415923357,619.6278536160326,2111060.858731279,0
1172,1935.91014205484,620.665688041393,2111060.858731279,0
1173,1937.561942517344,621.7045732239484,2111060.858731279,0
1174,1939.2137429798481,622.7421533803063,2111060.858731279,0
1175,1940.8655434423522,623.7824756687453,2111060.858731279,0
1176,1942.5173439048565,624.8260717410324,2111060.858731279,0
1177,1944.1691443673606,625.8714902807775,2111060.858731279,0
1178,1945.8209448298646,626.9194368171993,2111060.858731279,0
1179,1947.4727452923687,627.9699175583231,2111060.858731279,0
1180,1949.124545754873,629.019837322254,2111060.858731279,0
1181,1950.776346217377,630.071420204978,2111060.858731279,0
1182,1952.4281466798811,631.1210948947893,2111060.858731279,0
1183,1954.0799471423852,632.1743121956943,2111060.858731279,0
1184,1955.7317476048895,633.2302001996126,2111060.858731279,0
1185,1957.3835480673936,634.2882366766555,2111060.858731279,0
1186,1959.0353485298976,635.3486033519553,2111060.858731279,0
1187,1960.687148992402,636.4110117120829,2111060.858731279,0
1188,1962.338949454906,637.4765270660305,2111060.858731279,0
1189,1963.99074991741,638.5359016683369,2111060.858731279,0
1190,1965.6425503799142,639.5986783881054,2111060.858731279,0
1191,1967.2943508424185,640.6633894301742,2111060.858731279,0
1192,1968.9461513049225,641.7225341291886,2111060.858731279,0
1193,1970.5979517674266,642.7855917667239,2111060.858731279,0
1194,1972.2497522299307,643.8515361392292,2111060.858731279,0
1195,1973.901552692435,644.9207299010604,2111060.858731279,0
1196,1975.553353154939,645.9816483842277,2111060.858731279,0
1197,1977.205153617443,647.0444484006883,2111060.858731279,0
1198,1978.8569540799472,648.1095503949634,2111060.858731279,0
1199,1980.5087545424515,649.1705403316888,2111060.858731279,0
1200,1982.1605550049555,650.2323160211791,2111060.858731279,0
1201,1983.8123554674596,651.2967549866031,2111060.858731279,0
1202,1985.4641559299637,652.3615994279245,2111060.858731279,0
1203,1987.115956392468,653.4283712053439,2111060.858731279,0
1204,1988.767756854972,654.4965080881036,2111060.858731279,0
1205,1990.4195573174761,655.5581874663958,2111060.858731279,0
1206,1992.0713577799802,656.6216143497758,2111060.858731279,0
1207,1993.7231582424845,657.6871820956256,2111060.858731279,0
1208,1995.3749587049886,658.7545367431275,2111060.858731279,0
1209,1997.0267591674926,659.8193070790625,2111060.858731279,0
1210,1998.6785596299967,660.8867358569801,2111060.858731279,0
1211,2000.330360092501,661.9564995496847,2111060.858731279,0
1212,2001.982160555005,663.02914488312,2111060.858731279,0
1213,2003.6339610175091,664.1042581343597,2111060.858731279,0
1214,2005.2857614800134,665.1730572443267,2111060.858731279,0
1215,2006.9375619425175,666.2387493222483,2111060.858731279,0
1216,2008.5893624050216,667.3019294543262,2111060.858731279,0
1217,2010.2411628675256,668.3686560859333,2111060.858731279,0
1218,2011.89296333003,669.4387570211995,2111060.858731279,0
1219,2013.544763792534,670.5120594813517,2111060.858731279,0
1220,2015.196564255038,671.5880271038781,2111060.858731279,0
1221,2016.8483647175422,672.6660611565244,2111060.858731279,0
1222,2018.5001651800465,673.7431973819769,2111060.858731279,0
1223,2020.1519656425505,674.8231333778128,2111060.858731279,0
1224,2021.8037661050546,675.9008377344746,2111060.858731279,0
1225,2023.4555665675587,676.9807400206574,2111060.858731279,0
1226,2025.107367030063,678.0619945272119,2111060.858731279,0
1227,2026.759167492567,679.1464913882296,2111060.858731279,0
1228,2028.410967955071,680.233264299202,2111060.858731279,0
1229,2030.0627684175752,681.3229896970066,2111060.858731279,0
1230,2031.7145688800795,682.4150039660748,2111060.858731279,0
1231,2033.3663693425835,683.5102290076336,2111060.858731279,0
1232,2035.0181698050876,684.6074200843469,2111060.858731279,0
1233,2036.6699702675917,685.7078363002386,2111060.858731279,0
1234,2038.321770730096,686.8133227208718,2111060.858731279,0
1235,2039.9735711926,687.9116367424474,2111060.858731279,0
1236,2041.6253716551041,689.0118368598589,2111060.858731279,0
1237,2043.2771721176084,690.1154932171138,2111060.858731279,0
1238,2044.9289725801125,691.2137371751551,2111060.858731279,0
1239,2046.5807730426166,692.3139334686098,2111060.858731279,0
1240,2048.232573505121,693.416148686073,2111060.858731279,0
1241,2049.884373967625,694.5133045888513,2111060.858731279,0
1242,2051.536174430129,695.6130941372295,2111060.858731279,0
1243,2053.187974892633,696.7162645770346,2111060.858731279,0
1244,2054.839775355137,697.8224850243932,2111060.858731279,0
1245,2056.491575817641,698.931856109772,2111060.858731279,0
1246,2058.1433762801453,700.0332199195793,2111060.858731279,0
1247,2059.79517674265,701.1337068912142,2111060.858731279,0
1248,2061.446977205154,702.2357005639215,2111060.858731279,0
1249,2063.098777667658,703.3393599206103,2111060.858731279,0
1250,2064.750578130162,704.4445651499162,2111060.858731279,0
1251,2066.402378592666,705.5468779123952,2111060.858731279,0
1252,2068.05417905517,706.651794042659,2111060.858731279,0
1253,2069.705979517674,707.7600049791498,2111060.858731279,0
1254,2071.3577799801783,708.8608982744659,2111060.858731279,0
1255,2073.009580442683,709.9644616247896,2111060.858731279,0
1256,2074.661380905187,711.0700468018721,2111060.858731279,0
1257,2076.313181367691,712.1724751733184,2111060.858731279,0
1258,2077.964981830195,713.2685503531912,2111060.858731279,0
1259,2079.616782292699,714.3670462366264,2111060.858731279,0
1260,2081.268582755203,715.4678439476486,2111060.858731279,0
1261,2082.9203832177072,716.5713882795362,2111060.858731279,0
1262,2084.5721836802118,717.677686468854,2111060.858731279,0
1263,2086.223984142716,718.787185282853,2111060.858731279,0
1264,2087.87578460522,719.8907497015019,2111060.858731279,0
1265,2089.527585067724,720.9965721114536,2111060.858731279,0
1266,2091.179385530228,722.1003147623544,2111060.858731279,0
1267,2092.831185992732,723.2065717346103,2111060.858731279,0
1268,2094.482986455236,724.3133631834521,2111060.858731279,0
1269,2096.1347869177403,725.4229312630183,2111060.858731279,0
1270,2097.786587380245,726.5346831764483,2111060.858731279,0
1271,2099.438387842749,727.6496048055643,2111060.858731279,0
1272,2101.090188305253,728.7678311499272,2111060.858731279,0
1273,2102.741988767757,729.8881041363147,2111060.858731279,0
1274,2104.393789230261,731.0097952196792,2111060.858731279,0
1275,2106.045589692765,732.1347801256425,2111060.858731279,0
1276,2107.697390155269,733.2622102254684,2111060.858731279,0
1277,2109.3491906177733,734.3943169537855,2111060.858731279,0
1278,2111.000991080278,735.5195011770694,2111060.858731279,0
1279,2112.652791542782,736.6472648538496,2111060.858731279,0
1280,2114.304592005286,737.7776786283383,2111060.858731279,0
1281,2115.95639246779,738.9111961722488,2111060.858731279,0
1282,2117.608192930294,740.0485281910478,2111060.858731279,0
1283,2119.259993392798,741.1807055665623,2111060.858731279,0
1284,2120.911793855302,742.3154225036781,2111060.858731279,0
1285,2122.5635943178067,743.4447147704718,2111060.858731279,0
1286,2124.215394780311,744.5758731175905,2111060.858731279,0
1287,2125.867195242815,745.7095439676737,2111060.858731279,0
1288,2127.518995705319,746.8452526160364,2111060.858731279,0
1289,2129.170796167823,747.9842254064126,2111060.858731279,0
1290,2130.822596630327,749.125249212168,2111060.858731279,0
1291,2132.474397092831,750.2677502413904,2111060.858731279,0
1292,2134.1261975553352,751.4126344952,2111060.858731279,0
1293,2135.7779980178398,752.5536209453795,2111060.858731279,0
1294,2137.429798480344,753.6957335570903,2111060.858731279,0
1295,2139.081598942848,754.828283480845,2111060.858731279,0
1296,2140.733399405352,755.964306498545,2111060.858731279,0
1297,2142.385199867856,757.1022911138438,2111060.858731279,0
1298,2144.03700033036,758.2364772948112,2111060.858731279,0
1299,2145.688800792864,759.3747325423069,2111060.858731279,0
1300,2147.3406012553683,760.5166136673373,2111060.858731279,0
1301,2148.992401717873,761.6614810003248,2111060.858731279,0
1302,2150.644202180377,762.7981600676159,2111060.858731279,0
1303,2152.296002642881,763.9376260818638,2111060.858731279,0
1304,2153.947803105385,765.0698234872664,2111060.858731279,0
1305,2155.599603567889,766.2030119303736,2111060.858731279,0
1306,2157.251404030393,767.3347471451876,2111060.858731279,0
1307,2158.903204492897,768.4682581150806,2111060.858731279,0
1308,2160.5550049554017,769.5996600640649,2111060.858731279,0
1309,2162.206805417906,770.7332657200811,2111060.858731279,0
1310,2163.85860588041,771.8696050821927,2111060.858731279,0
1311,2165.510406342914,773.0082268108816,2111060.858731279,0
1312,2167.162206805418,774.1504494455744,2111060.858731279,0
1313,2168.814007267922,775.2894857818349,2111060.858731279,0
1314,2170.465807730426,776.4301912837705,2111060.858731279,0
1315,2172.11760819293,777.5743140996118,2111060.858731279,0
1316,2173.7694086554347,778.721205136648,2111060.858731279,0
1317,2175.421209117939,779.8708061432997,2111060.858731279,0
1318,2177.073009580443,781.0223659035429,2111060.858731279,0
1319,2178.724810042947,782.1769794624579,2111060.858731279,0
1320,2180.376610505451,783.3345231013286,2111060.858731279,0
1321,2182.028410967955,784.4844856103209,2111060.858731279,0
1322,2183.680211430459,785.636116813456,2111060.858731279,0
1323,2185.3320118929632,786.7918075164049,2111060.858731279,0
1324,2186.9838123554678,787.9499104358787,2111060.858731279,0
1325,2188.635612817972,789.1124908692476,2111060.858731279,0
1326,2190.287413280476,790.2702558989697,2111060.858731279,0
1327,2191.93921374298,791.4308429246224,2111060.858731279,0
1328,2193.591014205484,792.5953252979956,2111060.858731279,0
1329,2195.242814667988,793.7627141238419,2111060.858731279,0
1330,2196.894615130492,794.9319500967376,2111060.858731279,0
1331,2198.5464155929967,796.1031385642738,2111060.858731279,0
1332,2200.198216055501,797.2754495020387,2111060.858731279,0
1333,2201.850016518005,798.4408242456681,2111060.858731279,0
1334,2203.501816980509,799.61019219179,2111060.858731279,0
1335,2205.153617443013,800.7759903478785,2111060.858731279,0
1336,2206.805417905517,801.9449178128145,2111060.858731279,0
1337,2208.457218368021,803.1157746289705,2111060.858731279,0
1338,2210.109018830525,804.2908180412718,2111060.858731279,0
1339,2211.7608192930297,805.4673349929354,2111060.858731279,0
1340,2213.412619755534,806.6414236648933,2111060.858731279,0
1341,2215.064420218038,807.8177283451298,2111060.858731279,0
1342,2216.716220680542,808.9942986303219,2111060.858731279,0
1343,2218.368021143046,810.1728574322956,2111060.858731279,0
1344,2220.01982160555,811.353782194281,2111060.858731279,0
1345,2221.671622068054,812.5274037485622,2111060.858731279,0
1346,2223.323422530558,813.6909583474433,2111060.858731279,0
1347,2224.9752229930627,814.8580774184801,2111060.858731279,0
1348,2226.627023455567,816.027413991993,2111060.858731279,0
1349,2228.278823918071,817.1956462677443,2111060.858731279,0
1350,2229.930624380575,818.3661023862941,2111060.858731279,0
1351,2231.582424843079,819.5337529772031,2111060.858731279,0
1352,2233.234225305583,820.7026769293644,2111060.858731279,0
1353,2234.886025768087,821.8632985613963,2111060.858731279,0
1354,2236.5378262305917,823.027775882072,2111060.858731279,0
1355,2238.1896266930958,824.1950269827174,2111060.858731279,0
1356,2239.8414271556,825.3654017094017,2111060.858731279,0
1357,2241.493227618104,826.5366846896175,2111060.858731279,0
1358,2243.145028080608,827.7107624854422,2111060.858731279,0
1359,2244.796828543112,828.8887060275664,2111060.858731279,0
1360,2246.448629005616,830.0697371130483,2111060.858731279,0
1361,2248.10042946812,831.2540020611474,2111060.858731279,0
1362,2249.7522299306247,832.4414414414415,2111060.858731279,0
1363,2251.404030393129,833.6253872100227,2111060.858731279,0
1364,2253.055830855633,834.7999379866327,2111060.858731279,0
1365,2254.707631318137,835.9753086419753,2111060.858731279,0
1366,2256.359431780641,837.1549534000691,2111060.858731279,0
1367,2258.011232243145,838.338331836086,2111060.858731279,0
1368,2259.663032705649,839.5156325655391,2111060.858731279,0
1369,2261.314833168153,840.6948694869487,2111060.858731279,0
1370,2262.9666336306577,841.8772957238893,2111060.858731279,0
1371,2264.618434093162,843.0625737079431,2111060.858731279,0
1372,2266.270234555666,844.2502951183945,2111060.858731279,0
1373,2267.92203501817,845.4410231458957,2111060.858731279,0
1374,2269.573835480674,846.6370625478328,2111060.858731279,0
1375,2271.225635943178,847.8363395779651,2111060.858731279,0
1376,2272.877436405682,849.0313698152667,2111060.858731279,0
1377,2274.5292368681867,850.227618449515,2111060.858731279,0
1378,2276.1810373306907,851.4249842844172,2111060.858731279,0
1379,2277.832837793195,852.6270712437951,2111060.858731279,0
1380,2279.484638255699,853.8327034782,2111060.858731279,0
1381,2281.136438718203,855.0405604203153,2111060.858731279,0
1382,2282.788239180707,856.2449687960171,2111060.858731279,0
1383,2284.440039643211,857.4515336562083,2111060.858731279,0
1384,2286.091840105715,858.6464554205016,2111060.858731279,0
1385,2287.7436405682197,859.8445038328996,2111060.858731279,0
1386,2289.3954410307238,861.0451953537487,2111060.858731279,0
1387,2291.047241493228,862.2489606088366,2111060.858731279,0
1388,2292.699041955732,863.45496226282,2111060.858731279,0
1389,2294.350842418236,864.6635599802302,2111060.858731279,0
1390,2296.00264288074,865.8638773058167,2111060.858731279,0
1391,2297.654443343244,867.0640254686947,2111060.858731279,0
1392,2299.306243805748,868.2672615253878,2111060.858731279,0
1393,2300.9580442682527,869.4673566314596,2111060.858731279,0
1394,2302.609844730757,870.6696941744128,2111060.858731279,0
1395,2304.261645193261,871.8755593437033,2111060.858731279,0
1396,2305.913445655765,873.0852470671881,2111060.858731279,0
1397,2307.565246118269,874.2971318767347,2111060.858731279,0
1398,2309.217046580773,875.512360190924,2111060.858731279,0
1399,2310.868847043277,876.7166440847179,2111060.858731279,0
1400,2312.5206475057817,877.9244771218503,2111060.858731279,0
1401,2314.1724479682857,879.1356555912826,2111060.858731279,0
1402,2315.82424843079,880.3488305557543,2111060.858731279,0
1403,2317.476048893294,881.5530178277368,2111060.858731279,0
1404,2319.127849355798,882.7595499175804,2111060.858731279,0
1405,2320.779649818302,883.9702991606284,2111060.858731279,0
1406,2322.431450280806,885.1844165170556,2111060.858731279,0
1407,2324.08325074331,886.4038530659191,2111060.858731279,0
1408,2325.7350512058147,887.6106353889329,2111060.858731279,0
1409,2327.3868516683187,888.8178707772096,2111060.858731279,0
1410,2329.038652130823,890.0188910519864,2111060.858731279,0
1411,2330.690452593327,891.2230602670516,2111060.858731279,0
1412,2332.342253055831,892.4300989812875,2111060.858731279,0
1413,2333.994053518335,893.6329644897664,2111060.858731279,0
1414,2335.645853980839,894.8385940780424,2111060.858731279,0
1415,2337.297654443343,896.0471773316907,2111060.858731279,0
1416,2338.9494549058477,897.2600290170475,2111060.858731279,0
1417,2340.6012553683518,898.4673226345218,2111060.858731279,0
1418,2342.253055830856,899.6781638438613,2111060.858731279,0
1419,2343.90485629336,900.8903441752165,2111060.858731279,0
1420,2345.556656755864,902.106963362226,2111060.858731279,0
1421,2347.208457218368,903.328545388261,2111060.858731279,0
1422,2348.860257680872,904.5521494781403,2111060.858731279,0
1423,2350.5120581433766,905.779170015343,2111060.858731279,0
1424,2352.1638586058807,907.0007313683902,2111060.858731279,0
1425,2353.815659068385,908.2250164726554,2111060.858731279,0
1426,2355.467459530889,909.4485892268231,2111060.858731279,0
1427,2357.119259993393,910.674602010124,2111060.858731279,0
1428,2358.771060455897,911.9035764118381,2111060.858731279,0
1429,2360.422860918401,913.1365140042637,2111060.858731279,0
1430,2362.074661380905,914.3733166531754,2111060.858731279,0
1431,2363.7264618434097,915.6115653775322,2111060.858731279,0
1432,2365.3782623059137,916.8528869552393,2111060.858731279,0
1433,2367.030062768418,918.0906473758027,2111060.858731279,0
1434,2368.681863230922,919.3020394591,2111060.858731279,0
1435,2370.333663693426,920.5171980176049,2111060.858731279,0
1436,2371.98546415593,921.7362088115513,2111060.858731279,0
1437,2373.637264618434,922.9588614631976,2111060.858731279,0
1438,2375.289065080938,924.1858351265118,2111060.858731279,0
1439,2376.9408655434427,925.415880561539,2111060.858731279,0
1440,2378.5926660059467,926.6494534909659,2111060.858731279,0
1441,2380.244466468451,927.887123185709,2111060.858731279,0
1442,2381.896266930955,929.128194620371,2111060.858731279,0
1443,2383.548067393459,930.372305512046,2111060.858731279,0
1444,2385.199867855963,931.6189427312776,2111060.858731279,0
1445,2386.851668318467,932.8687121608491,2111060.858731279,0
1446,2388.5034687809716,934.1222222222223,2111060.858731279,0
1447,2390.1552692434757,935.3782862706913,2111060.858731279,0
1448,2391.8070697059798,936.6378870810527,2111060.858731279,0
1449,2393.458870168484,937.9003602792164,2111060.858731279,0
1450,2395.110670630988,939.1511758960103,2111060.858731279,0
1451,2396.762471093492,940.3916886047386,2111060.858731279,0
1452,2398.414271555996,941.6221293577291,2111060.858731279,0
1453,2400.0660720185,942.8446144569232,2111060.858731279,0
1454,2401.7178724810046,944.0697577906889,2111060.858731279,0
1455,2403.3696729435087,945.2974922577234,2111060.858731279,0
1456,2405.021473406013,946.5288846880908,2111060.858731279,0
1457,2406.673273868517,947.7626977518735,2111060.858731279,0
1458,2408.325074331021,948.9910585739183,2111060.858731279,0
1459,2409.976874793525,950.2223697185769,2111060.858731279,0
1460,2411.628675256029,951.457893537854,2111060.858731279,0
1461,2413.280475718533,952.6955910300267,2111060.858731279,0
1462,2414.9322761810377,953.9363062171828,2111060.858731279,0
1463,2416.5840766435417,955.1720118839035,2111060.858731279,0
1464,2418.235877106046,956.4041409288492,2111060.858731279,0
1465,2419.88767756855,957.6399725169861,2111060.858731279,0
1466,2421.539478031054,958.8800917080627,2111060.858731279,0
1467,2423.191278493558,960.1231734373805,2111060.858731279,0
1468,2424.843078956062,961.3656276326874,2111060.858731279,0
1469,2426.4948794185666,962.6114390860998,2111060.858731279,0
1470,2428.1466798810707,963.8605418681403,2111060.858731279,0
1471,2429.7984803435747,965.1108336534768,2111060.858731279,0
1472,2431.450280806079,966.3652026767172,2111060.858731279,0
1473,2433.102081268583,967.6155771155771,2111060.858731279,0
1474,2434.753881731087,968.869035689509,2111060.858731279,0
1475,2436.405682193591,970.1258970599583,2111060.858731279,0
1476,2438.057482656095,971.3803398995751,2111060.858731279,0
1477,2439.7092831185996,972.6378857010285,2111060.858731279,0
1478,2441.3610835811037,973.8990090578308,2111060.858731279,0
1479,2443.0128840436078,975.150623885918,2111060.858731279,0
1480,2444.664684506112,976.40542322911,2111060.858731279,0
1481,2446.316484968616,977.6652038834951,2111060.858731279,0
1482,2447.96828543112,978.9288157997046,2111060.858731279,0
1483,2449.620085893624,980.1968163773644,2111060.858731279,0
1484,2451.271886356128,981.4553884516481,2111060.858731279,0
1485,2452.9236868186326,982.7171776269599,2111060.858731279,0
1486,2454.5754872811367,983.9827411167513,2111060.858731279,0
1487,2456.2272877436408,985.2510749745915,2111060.858731279,0
1488,2457.879088206145,986.5230492290835,2111060.858731279,0
1489,2459.530888668649,987.7980490480295,2111060.858731279,0
1490,2461.182689131153,989.0767118989725,2111060.858731279,0
1491,2462.834489593657,990.3600706713781,2111060.858731279,0
1492,2464.4862900561616,991.6468044965019,2111060.858731279,0
1493,2466.1380905186656,992.9365310458802,2111060.858731279,0
1494,2467.7898909811697,994.2312298117073,2111060.858731279,0
1495,2469.441691443674,995.5132502563293,2111060.858731279,0
1496,2471.093491906178,996.7878405053297,2111060.858731279,0
1497,2472.745292368682,998.0657260295628,2111060.858731279,0
1498,2474.397092831186,999.3443855345414,2111060.858731279,0
1499,2476.04889329369,1000.619345638913,2111060.858731279,0
1500,2477.7006937561946,1001.8972162740899,2111060.858731279,0
1501,2479.3524942186987,1003.1458515283842,2111060.858731279,0
1502,2481.0042946812027,1004.3972657181464,2111060.858731279,0
1503,2482.656095143707,1005.6492798599506,2111060.858731279,0
1504,2484.307895606211,1006.8968772405003,2111060.858731279,0
1505,2485.959696068715,1008.1477390541511,2111060.858731279,0
1506,2487.611496531219,1009.4021556886228,2111060.858731279,0
1507,2489.263296993723,1010.6593797458237,2111060.858731279,0
1508,2490.9150974562276,1011.919740737777,2111060.858731279,0
1509,2492.5668979187317,1013.1836497636787,2111060.858731279,0
1510,2494.2186983812358,1014.4504370839683,2111060.858731279,0
1511,2495.87049884374,1015.7161380971497,2111060.858731279,0
1512,2497.522299306244,1016.9766095972992,2111060.858731279,0
1513,2499.174099768748,1018.2411281886216,2111060.858731279,0
1514,2500.825900231252,1019.5097881253524,2111060.858731279,0
1515,2502.4777006937566,1020.7738930558916,2111060.858731279,0
1516,2504.1295011562606,1022.0413403310456,2111060.858731279,0
1517,2505.7813016187647,1023.3127879718697,2111060.858731279,0
1518,2507.4331020812688,1024.582422918184,2111060.858731279,0
1519,2509.084902543773,1025.8527100380782,2111060.858731279,0
1520,2510.736703006277,1027.1272609295158,2111060.858731279,0
1521,2512.388503468781,1028.40592773041,2111060.858731279,0
1522,2514.040303931285,1029.688602552638,2111060.858731279,0
1523,2515.6921043937896,1030.9767233661594,2111060.858731279,0
1524,2517.3439048562936,1032.2538499144464,2111060.858731279,0
1525,2518.9957053187977,1033.5340566114692,2111060.858731279,0
1526,2520.647505781302,1034.816864026133,2111060.858731279,0
1527,2522.299306243806,1036.1019540511813,2111060.858731279,0
1528,2523.95110670631,1037.3916264221987,2111060.858731279,0
1529,2525.602907168814,1038.6852413340982,2111060.858731279,0
1530,2527.254707631318,1039.9828123718107,2111060.858731279,0
1531,2528.9065080938226,1041.2841889117044,2111060.858731279,0
1532,2530.5583085563267,1042.5901241674205,2111060.858731279,0
1533,2532.2101090188307,1043.885609615543,2111060.858731279,0
1534,2533.861909481335,1045.183425368829,2111060.858731279,0
1535,2535.513709943839,1046.4846521990264,2111060.858731279,0
1536,2537.165510406343,1047.7907063197026,2111060.858731279,0
1537,2538.817310868847,1049.1002812008933,2111060.858731279,0
1538,2540.4691113313515,1050.4151279291216,2111060.858731279,0
1539,2542.1209117938556,1051.7119290392109,2111060.858731279,0
1540,2543.7727122563597,1052.996306747448,2111060.858731279,0
1541,2545.4245127188638,1054.2844204403823,2111060.858731279,0
1542,2547.076313181368,1055.5752017303053,2111060.858731279,0
1543,2548.728113643872,1056.868743233114,2111060.858731279,0
1544,2550.379914106376,1058.155757525223,2111060.858731279,0
1545,2552.03171456888,1059.4473662242258,2111060.858731279,0
1546,2553.6835150313846,1060.7422482239867,2111060.858731279,0
1547,2555.3353154938886,1062.0404987030374,2111060.858731279,0
1548,2556.9871159563927,1063.3420457401357,2111060.858731279,0
1549,2558.6389164188968,1064.6479074058543,2111060.858731279,0
1550,2560.290716881401,1065.9414308506173,2111060.858731279,0
1551,2561.942517343905,1067.2393442622952,2111060.858731279,0
1552,2563.594317806409,1068.5217574278258,2111060.858731279,0
1553,2565.246118268913,1069.802814527682,2111060.858731279,0
1554,2566.8979187314176,1071.0864759976378,2111060.858731279,0
1555,2568.5497191939216,1072.3746938085987,2111060.858731279,0
1556,2570.2015196564257,1073.6653276955603,2111060.858731279,0
1557,2571.85332011893,1074.949453898908,2111060.858731279,0
1558,2573.505120581434,1076.2370517928287,2111060.858731279,0
1559,2575.156921043938,1077.5209624034626,2111060.858731279,0
1560,2576.808721506442,1078.8083524513552,2111060.858731279,0
1561,2578.4605219689465,1080.0933645257337,2111060.858731279,0
1562,2580.1123224314506,1081.381952133549,2111060.858731279,0
1563,2581.7641228939547,1082.6737869872943,2111060.858731279,0
1564,2583.4159233564587,1083.969649107829,2111060.858731279,0
1565,2585.067723818963,1085.27066415933,2111060.858731279,0
1566,2586.719524281467,1086.5735558408217,2111060.858731279,0
1567,2588.371324743971,1087.880515808414,2111060.858731279,0
1568,2590.023125206475,1089.19220211032,2111060.858731279,0
1569,2591.6749256689795,1090.5076440779867,2111060.858731279,0
1570,2593.3267261314836,1091.8102588356694,2111060.858731279,0
1571,2594.9785265939877,1093.116444253121,2111060.858731279,0
1572,2596.6303270564918,1094.4255236617532,2111060.858731279,0
1573,2598.282127518996,1095.737852766031,2111060.858731279,0
1574,2599.9339279815,1097.0556899680291,2111060.858731279,0
1575,2601.585728444004,1098.3771087464313,2111060.858731279,0
1576,2603.237528906508,1099.7014724989174,2111060.858731279,0
1577,2604.8893293690126,1101.0293990113607,2111060.858731279,0
1578,2606.5411298315166,1102.3606842059564,2111060.858731279,0
1579,2608.1929302940207,1103.6955576806051,2111060.858731279,0
1580,2609.8447307565248,1105.0334232744365,2111060.858731279,0
1581,2611.496531219029,1106.3604793028323,2111060.858731279,0
1582,2613.148331681533,1107.6691824448128,2111060.858731279,0
1583,2614.800132144037,1108.9833580850877,2111060.858731279,0
1584,2616.4519326065415,1110.3011895390537,2111060.858731279,0
1585,2618.1037330690456,1111.594535423417,2111060.858731279,0
1586,2619.7555335315496,1112.891670320035,2111060.858731279,0
1587,2621.4073339940537,1114.1925204108506,2111060.858731279,0
1588,2623.059134456558,1115.4958688582228,2111060.858731279,0
1589,2624.710934919062,1116.8031329754467,2111060.858731279,0
1590,2626.362735381566,1118.1154286721296,2111060.858731279,0
1591,2628.01453584407,1119.43211292457,2111060.858731279,0
1592,2629.6663363065745,1120.7536436710539,2111060.858731279,0
1593,2631.3181367690786,1122.0794198284248,2111060.858731279,0
1594,2632.9699372315827,1123.40901443372,2111060.858731279,0
1595,2634.6217376940867,1124.7373880663179,2111060.858731279,0
1596,2636.273538156591,1126.0690634709276,2111060.858731279,0
1597,2637.925338619095,1127.405030663941,2111060.858731279,0
1598,2639.577139081599,1128.743792827267,2111060.858731279,0
1599,2641.228939544103,1130.0598324868574,2111060.858731279,0
1600,2642.8807400066075,1131.3797841020607,2111060.858731279,0
1601,2644.5325404691116,1132.7027690933453,2111060.858731279,0
1602,2646.1843409316157,1134.0077363384312,2111060.858731279,0
1603,2647.8361413941197,1135.311139965971,2111060.858731279,0
1604,2649.487941856624,1136.6190711019456,2111060.858731279,0
1605,2651.139742319128,1137.9303797468353,2111060.858731279,0
1606,2652.791542781632,1139.2455280898876,2111060.858731279,0
1607,2654.4433432441365,1140.5649356493566,2111060.858731279,0
1608,2656.0951437066406,1141.8787960710101,2111060.858731279,0
1609,2657.7469441691446,1143.1963367319318,2111060.858731279,0
1610,2659.3987446316487,1144.5180233083386,2111060.858731279,0
1611,2661.0505450941528,1145.843238353686,2111060.858731279,0
1612,2662.702345556657,1147.1716330042568,2111060.858731279,0
1613,2664.354146019161,1148.4991384782807,2111060.858731279,0
1614,2666.005946481665,1149.8319713066376,2111060.858731279,0
1615,2667.6577469441695,1151.1672424765889,2111060.858731279,0
1616,2669.3095474066736,1152.489349112426,2111060.858731279,0
1617,2670.9613478691776,1153.8153769027435,2111060.858731279,0
1618,2672.6131483316817,1155.144610751118,2111060.858731279,0
1619,2674.264948794186,1156.4774284931007,2111060.858731279,0
1620,2675.91674925669,1157.8138439015463,2111060.858731279,0
1621,2677.568549719194,1159.1543289051763,2111060.858731279,0
1622,2679.220350181698,1160.4991743876708,2111060.858731279,0
1623,2680.8721506442025,1161.8479379075961,2111060.858731279,0
1624,2682.5239511067066,1163.2010024832152,2111060.858731279,0
1625,2684.1757515692107,1164.546643337324,2111060.858731279,0
1626,2685.8275520317147,1165.882388197326,2111060.858731279,0
1627,2687.479352494219,1167.2118917920784,2111060.858731279,0
1628,2689.131152956723,1168.5441434778588,2111060.858731279,0
1629,2690.782953419227,1169.8809589928724,2111060.858731279,0
1630,2692.4347538817315,1171.185698396515,2111060.858731279,0
1631,2694.0865543442355,1172.4938283062645,2111060.858731279,0
1632,2695.7383548067396,1173.8083356565376,2111060.858731279,0
1633,2697.3901552692437,1175.1256164511026,2111060.858731279,0
1634,2699.0419557317477,1176.447731296003,2111060.858731279,0
1635,2700.693756194252,1177.7763317473646,2111060.858731279,0
1636,2702.345556656756,1179.1083138720223,2111060.858731279,0
1637,2703.99735711926,1180.4439715648678,2111060.858731279,0
1638,2705.6491575817645,1181.7779807061909,2111060.858731279,0
1639,2707.3009580442686,1183.1172746881741,2111060.858731279,0
1640,2708.9527585067726,1184.4600901493097,2111060.858731279,0
1641,2710.6045589692767,1185.806440996709,2111060.858731279,0
1642,2712.2563594317808,1187.1463609829582,2111060.858731279,0
1643,2713.908159894285,1188.4902894315076,2111060.858731279,0
1644,2715.559960356789,1189.8389030491835,2111060.858731279,0
1645,2717.211760819293,1191.1810189999055,2111060.858731279,0
1646,2718.8635612817975,1192.526691907241,2111060.858731279,0
1647,2720.5153617443016,1193.877168040944,2111060.858731279,0
1648,2722.1671622068056,1195.233035968492,2111060.858731279,0
1649,2723.8189626693097,1196.573458139314,2111060.858731279,0
1650,2725.470763131814,1197.9167856123322,2111060.858731279,0
1651,2727.122563594318,1199.2641734159124,2111060.858731279,0
1652,2728.774364056822,1200.5927869478103,2111060.858731279,0
1653,2730.4261645193264,1201.9252412343556,2111060.858731279,0
1654,2732.0779649818305,1203.2621257055391,2111060.858731279,0
1655,2733.7297654443346,1204.602883417952,2111060.858731279,0
1656,2735.3815659068387,1205.9374100719424,2111060.858731279,0
1657,2737.0333663693427,1207.2751416770723,2111060.858731279,0
1658,2738.685166831847,1208.6169087236703,2111060.858731279,0
1659,2740.336967294351,1209.9629683135895,2111060.858731279,0
1660,2741.988767756855,1211.3103963738065,2111060.858731279,0
1661,2743.6405682193595,1212.661612747465,2111060.858731279,0
1662,2745.2923686818635,1214.0163910646938,2111060.858731279,0
1663,2746.9441691443676,1215.3553791033214,2111060.858731279,0
1664,2748.5959696068717,1216.6988752060506,2111060.858731279,0
1665,2750.2477700693757,1218.0459267890087,2111060.858731279,0
1666,2751.89957053188,1219.3971317452601,2111060.858731279,0
1667,2753.551370994384,1220.7402881900496,2111060.858731279,0
1668,2755.203171456888,1222.0763381105587,2111060.858731279,0
1669,2756.8549719193925,1223.417895147906,2111060.858731279,0
1670,2758.5067723818966,1224.7491445889139,2111060.858731279,0
1671,2760.1585728444006,1226.0845325501714,2111060.858731279,0
1672,2761.8103733069047,1227.4232918341338,2111060.858731279,0
1673,2763.4621737694088,1228.7641111220182,2111060.858731279,0
1674,2765.113974231913,1230.1108817457978,2111060.858731279,0
1675,2766.765774694417,1231.4615611772813,2111060.858731279,0
1676,2768.4175751569214,1232.7924593395762,2111060.858731279,0
1677,2770.0693756194255,1234.127035830619,2111060.858731279,0
1678,2771.7211760819296,1235.4680735395868,2111060.858731279,0
1679,2773.3729765444336,1236.8118380679007,2111060.858731279,0
1680,2775.0247770069377,1238.153483992467,2111060.858731279,0
1681,2776.676577469442,1239.4815384615385,2111060.858731279,0
1682,2778.328377931946,1240.8137859059736,2111060.858731279,0
1683,2779.98017839445,1242.1494973623967,2111060.858731279,0
1684,2781.6319788569544,1243.4901325625435,2111060.858731279,0
1685,2783.2837793194585,1244.834813853678,2111060.858731279,0
1686,2784.9355797819626,1246.1735132433782,2111060.858731279,0
1687,2786.5873802444667,1247.5089080172154,2111060.858731279,0
1688,2788.2391807069707,1248.8487521298987,2111060.858731279,0
1689,2789.890981169475,1250.1916591388135,2111060.858731279,0
1690,2791.542781631979,1251.5390491506685,2111060.858731279,0
1691,2793.194582094483,1252.8905385002515,2111060.858731279,0
1692,2794.8463825569875,1254.247757282532,2111060.858731279,0
1693,2796.4981830194915,1255.609013828606,2111060.858731279,0
1694,2798.1499834819956,1256.9749317699384,2111060.858731279,0
1695,2799.8017839444997,1258.3454296993623,2111060.858731279,0
1696,2801.4535844070037,1259.7207298530157,2111060.858731279,0
1697,2803.105384869508,1261.1005481676987,2111060.858731279,0
1698,2804.757185332012,1262.4629968486327,2111060.858731279,0
1699,2806.4089857945164,1263.831568767179,2111060.858731279,0
1700,2808.0607862570205,1265.2056784585584,2111060.858731279,0
1701,2809.7125867195246,1266.5582440020419,2111060.858731279,0
1702,2811.3643871820286,1267.9151927205808,2111060.858731279,0
1703,2813.0161876445327,1269.2766458482645,2111060.858731279,0
1704,2814.6679881070368,1270.6389828770634,2111060.858731279,0
1705,2816.319788569541,1272.005236677277,2111060.858731279,0
1706,2817.971589032045,1273.3631362467866,2111060.858731279,0
1707,2819.6233894945494,1274.7253629904233,2111060.858731279,0
1708,2821.2751899570535,1276.0915231514903,2111060.858731279,0
1709,2822.9269904195576,1277.4485696581637,2111060.858731279,0
1710,2824.5787908820616,1278.796152652808,2111060.858731279,0
1711,2826.2305913445657,1280.1276540652511,2111060.858731279,0
1712,2827.88239180707,1281.4630225080386,2111060.858731279,0
1713,2829.534192269574,1282.801495793082,2111060.858731279,0
1714,2831.185992732078,1284.1438676791845,2111060.858731279,0
1715,2832.8377931945824,1285.4735909990625,2111060.858731279,0
1716,2834.4895936570865,1286.8077203964529,2111060.858731279,0
1717,2836.1413941195906,1288.1439243548218,2111060.858731279,0
1718,2837.7931945820947,1289.4840431097625,2111060.858731279,0
1719,2839.4449950445987,1290.8292465681652,2111060.858731279,0
1720,2841.096795507103,1292.17840277049,2111060.858731279,0
1721,2842.748595969607,1293.532895428271,2111060.858731279,0
1722,2844.400396432111,1294.8943269129566,2111060.858731279,0
1723,2846.0521968946155,1296.229735427427,2111060.858731279,0
1724,2847.7039973571195,1297.569302227383,2111060.858731279,0
1725,2849.3557978196236,1298.9116714240406,2111060.858731279,0
1726,2851.0075982821277,1300.2580201164637,2111060.858731279,0
1727,2852.6593987446317,1301.6060863111018,2111060.858731279,0
1728,2854.311199207136,1302.9583731549326,2111060.858731279,0
1729,2855.96299966964,1304.3038392002552,2111060.858731279,0
1730,2857.6148001321444,1305.6533177122164,2111060.858731279,0
1731,2859.2666005946485,1306.98864,2111060.858731279,0
1732,2860.9184010571526,1308.3294519816259,2111060.858731279,0
1733,2862.5702015196566,1309.674815448807,2111060.858731279,0
1734,2864.2220019821607,1311.0262509375334,2111060.858731279,0
1735,2865.8738024446648,1312.3735915870802,2111060.858731279,0
1736,2867.525602907169,1313.7255239118754,2111060.858731279,0
1737,2869.177403369673,1315.0832526100528,2111060.858731279,0
1738,2870.8292038321774,1316.4458337824728,2111060.858731279,0
1739,2872.4810042946815,1317.8145309295044,2111060.858731279,0
1740,2874.1328047571856,1319.1874797275382,2111060.858731279,0
1741,2875.7846052196896,1320.5667569030861,2111060.858731279,0
1742,2877.4364056821937,1321.9514152478039,2111060.858731279,0
1743,2879.088206144698,1323.3408276311502,2111060.858731279,0
1744,2880.740006607202,1324.736049167845,2111060.858731279,0
1745,2882.391807069706,1326.1349820241855,2111060.858731279,0
1746,2884.0436075322104,1327.5355155482814,2111060.858731279,0
1747,2885.6954079947145,1328.941099333406,2111060.858731279,0
1748,2887.3472084572186,1330.3516471489547,2111060.858731279,0
1749,2888.9990089197227,1331.743121780116,2111060.858731279,0
1750,2890.6508093822267,1333.138654078384,2111060.858731279,0
1751,2892.302609844731,1334.495821880154,2111060.858731279,0
1752,2893.954410307235,1335.8565135998238,2111060.858731279,0
1753,2895.6062107697394,1337.2073453181868,2111060.858731279,0
1754,2897.2580112322435,1338.5623550204352,2111060.858731279,0
1755,2898.9098116947475,1339.9082309990042,2111060.858731279,0
1756,2900.5616121572516,1341.2582825484765,2111060.858731279,0
1757,2902.2134126197557,1342.609366330041,2111060.858731279,0
1758,2903.8652130822597,1343.9652661998443,2111060.858731279,0
1759,2905.517013544764,1345.3068017366136,2111060.858731279,0
1760,2907.168814007268,1346.6282194224552,2111060.858731279,0
1761,2908.8206144697724,1347.9561139028476,2111060.858731279,0
1762,2910.4724149322765,1349.2892853148417,2111060.858731279,0
1763,2912.1242153947805,1350.6273104066315,2111060.858731279,0
1764,2913.7760158572846,1351.9689778974532,2111060.858731279,0
1765,2915.4278163197887,1353.307113158782,2111060.858731279,0
1766,2917.0796167822928,1354.6504783342712,2111060.858731279,0
1767,2918.731417244797,1355.9975200090182,2111060.858731279,0
1768,2920.383217707301,1357.3494975725414,2111060.858731279,0
1769,2922.0350181698054,1358.6915074069886,2111060.858731279,0
1770,2923.6868186323095,1360.0384528259146,2111060.858731279,0
1771,2925.3386190948136,1361.3646057855926,2111060.858731279,0
1772,2926.9904195573176,1362.6952050903305,2111060.858731279,0
1773,2928.6422200198217,1364.0317514510073,2111060.858731279,0
1774,2930.294020482326,1365.3742733386528,2111060.858731279,0
1775,2931.94582094483,1366.7226852380409,2111060.858731279,0
1776,2933.5976214073344,1368.0758719268154,2111060.858731279,0
1777,2935.2494218698384,1369.434772649181,2111060.858731279,0
1778,2936.9012223323425,1370.7988413444994,2111060.858731279,0
1779,2938.5530227948466,1372.1686200160864,2111060.858731279,0
1780,2940.2048232573507,1373.5443088963057,2111060.858731279,0
1781,2941.8566237198547,1374.903515850144,2111060.858731279,0
1782,2943.508424182359,1376.2596120540354,2111060.858731279,0
1783,2945.160224644863,1377.6197525153232,2111060.858731279,0
1784,2946.8120251073674,1378.9840727441215,2111060.858731279,1
1785,2948.4638255698715,1380.3531732219515,2111060.858731279,0
1786,2950.1156260323755,1381.7269610691458,2111060.858731279,0
1787,2951.7674264948796,1383.10796182051,2111060.858731279,0
1788,2953.4192269573837,1384.4959193191091,2111060.858731279,0
1789,2955.0710274198877,1385.886254817237,2111060.858731279,0
1790,2956.722827882392,1387.2782781611884,2111060.858731279,0
1791,2958.374628344896,1388.67539543058,2111060.858731279,0
1792,2960.0264288074004,1390.062140593827,2111060.858731279,0
1793,2961.6782292699045,1391.4540378511813,2111060.858731279,0
1794,2963.3300297324085,1392.849817496762,2111060.858731279,0
1795,2964.9818301949126,1394.249970515391,2111060.858731279,0
1796,2966.6336306574167,1395.6138806851743,2111060.858731279,0
1797,2968.2854311199208,1396.9794107206249,2111060.858731279,0
1798,2969.937231582425,1398.347161313263,2111060.858731279,0
1799,2971.5890320449294,1399.72005223792,2111060.858731279,0
1800,2973.2408325074334,1401.0686764181235,2111060.858731279,0
1801,2974.8926329699375,1402.4209648600358,2111060.858731279,0
1802,2976.5444334324416,1403.7782484190432,2111060.858731279,0
1803,2978.1962338949456,1405.141687582168,2111060.858731279,0
1804,2979.8480343574497,1406.491380342392,2111060.858731279,0
1805,2981.499834819954,1407.8274973018347,2111060.858731279,0
1806,2983.151635282458,1409.1687087087087,2111060.858731279,0
1807,2984.8034357449624,1410.4795451810853,2111060.858731279,0
1808,2986.4552362074664,1411.795046402314,2111060.858731279,0
1809,2988.1070366699705,1413.1158396716166,2111060.858731279,0
1810,2989.7588371324746,1414.4415890676019,2111060.858731279,0
1811,2991.4106375949787,1415.7560872198667,2111060.858731279,0
1812,2993.0624380574827,1417.0746875379202,2111060.858731279,0
1813,2994.714238519987,1418.4003281876746,2111060.858731279,0
1814,2996.366038982491,1419.7307317667114,2111060.858731279,0
1815,2998.0178394449954,1421.06567874131,2111060.858731279,0
1816,2999.6696399074995,1422.4064141722663,2111060.858731279,0
1817,3001.3214403700035,1423.7533349651205,2111060.858731279,0
1818,3002.9732408325076,1425.1048792448205,2111060.858731279,0
1819,3004.6250412950117,1426.4618076875845,2111060.858731279,0
1820,3006.2768417575157,1427.8251322425883,2111060.858731279,0
1821,3007.92864222002,1429.19426987061,2111060.858731279,0
1822,3009.5804426825243,1430.568139735835,2111060.858731279,0
1823,3011.2322431450284,1431.918943984172,2111060.858731279,0
1824,3012.8840436075325,1433.276415211198,2111060.858731279,0
1825,3014.5358440700365,1434.6377342101998,2111060.858731279,0
1826,3016.1876445325406,1436.0037911746426,2111060.858731279,0
1827,3017.8394449950447,1437.365272070726,2111060.858731279,0
1828,3019.4912454575488,1438.7323811899714,2111060.858731279,0
1829,3021.143045920053,1440.104273397476,2111060.858731279,0
1830,3022.7948463825574,1441.4546876955815,2111060.858731279,0
1831,3024.4466468450614,1442.8099686520377,2111060.858731279,0
1832,3026.0984473075655,1444.1704559728678,2111060.858731279,0
1833,3027.7502477700696,1445.5361142569523,2111060.858731279,0
1834,3029.4020482325736,1446.9101853019035,2111060.858731279,0
1835,3031.0538486950777,1448.2701730016415,2111060.858731279,0
1836,3032.705649157582,1449.6323213156231,2111060.858731279,0
1837,3034.357449620086,1450.999176276771,2111060.858731279,0
1838,3036.0092500825904,1452.3719055477975,2111060.858731279,0
1839,3037.6610505450944,1453.7340709652804,2111060.858731279,0
1840,3039.3128510075985,1455.0995031214168,2111060.858731279,0
1841,3040.9646514701026,1456.4700701978302,2111060.858731279,0
1842,3042.6164519326067,1457.8170950006393,2111060.858731279,0
1843,3044.2682523951107,1459.170616113744,2111060.858731279,0
1844,3045.920052857615,1460.5310535095598,2111060.858731279,0
1845,3047.5718533201193,1461.896259159275,2111060.858731279,0
1846,3049.2236537826234,1463.244816484224,2111060.858731279,0
1847,3050.8754542451275,1464.5982453876918,2111060.858731279,0
1848,3052.5272547076315,1465.9213519451985,2111060.858731279,0
1849,3054.1790551701356,1467.2400621520135,2111060.858731279,0
1850,3055.8308556326397,1468.5457257750681,2111060.858731279,0
1851,3057.4826560951437,1469.8570500324886,2111060.858731279,0
1852,3059.134456557648,1471.1731545371697,2111060.858731279,0
1853,3060.7862570201523,1479.1546136592158,1946550.797916489,0
1854,3062.4380574826564,1480.6031143476914,1946550.797916489,1
1855,3064.0898579451605,1482.0580429890588,1946550.797916489,0
1856,3065.7416584076645,1483.4891963314162,1946550.797916489,0
1857,3067.3934588701686,1484.925340599455,1946550.797916489,0
1858,3069.0452593326727,1486.3647847785403,1946550.797916489,0
1859,3070.6970597951768,1487.8084823869406,1946550.797916489,0
1860,3072.348860257681,1489.2567673290564,1946550.797916489,0
1861,3074.0006607201854,1490.7107593448789,1946550.797916489,0
1862,3075.6524611826894,1492.1703296703297,1946550.797916489,0
1863,3077.3042616451935,1493.634719710669,1946550.797916489,0
1864,3078.9560621076976,1495.103795873366,1946550.797916489,0
1865,3080.6078625702016,1496.5780547448135,1946550.797916489,0
1866,3082.2596630327057,1498.058470290771,1946550.797916489,0
1867,3083.91146349521,1499.544756628413,1946550.797916489,0
1868,3085.5632639577143,1501.0366259711432,1946550.797916489,0
1869,3087.2150644202184,1502.5349003414594,1946550.797916489,0
1870,3088.8668648827224,1504.0384982500796,1946550.797916489,0
1871,3090.5186653452265,1505.5476057684646,1946550.797916489,0
1872,3092.1704658077306,1507.0483639265763,1946550.797916489,0
1873,3093.8222662702346,1508.5554400831402,1946550.797916489,0
1874,3095.4740667327387,1510.0675848814863,1946550.797916489,0
1875,3097.125867195243,1511.5845030881528,1946550.797916489,0
1876,3098.7776676577473,1513.1073437248915,1946550.797916489,0
1877,3100.4294681202514,1514.6353319919517,1946550.797916489,0
1878,3102.0812685827555,1516.1681715575621,1946550.797916489,0
1879,3103.7330690452595,1517.68101429379,1946550.797916489,0
1880,3105.3848695077636,1519.2002912150137,1946550.797916489,0
1881,3107.0366699702677,1520.7217405396646,1946550.797916489,0
1882,3108.6884704327717,1522.2483766233765,1946550.797916489,0
1883,3110.340270895276,1523.7751036669647,1946550.797916489,0
1884,3111.9920713577803,1525.3083564098388,1946550.797916489,0
1885,3113.6438718202844,1526.8496369421555,1946550.797916489,0
1886,3115.2956722827885,1528.396207911082,1946550.797916489,0
1887,3116.9474727452925,1529.8942284076954,1946550.797916489,0
1888,3118.5992732077966,1531.3644415286205,1946550.797916489,0
1889,3120.2510736703007,1532.8406309044608,1946550.797916489,0
1890,3121.9028741328048,1534.3229098090849,1946550.797916489,0
1891,3123.5546745953093,1535.798285384552,1946550.797916489,0
1892,3125.2064750578133,1537.2787778695292,1946550.797916489,0
1893,3126.8582755203174,1538.764413930019,1946550.797916489,0
1894,3128.5100759828215,1540.2572091481604,1946550.797916489,0
1895,3130.1618764453256,1541.7361168755706,1946550.797916489,0
1896,3131.8136769078296,1543.2195243638782,1946550.797916489,0
1897,3133.4654773703337,1544.7091211995003,1946550.797916489,0
1898,3135.1172778328378,1546.203437917223,1946550.797916489,0
1899,3136.7690782953423,1547.6844437014126,1946550.797916489,0
1900,3138.4208787578464,1549.130966337297,1946550.797916489,0
1901,3140.0726792203504,1550.5832564382183,1946550.797916489,0
1902,3141.7244796828545,1552.0400840336135,1946550.797916489,0
1903,3143.3762801453586,1553.5017257344894,1946550.797916489,0
1904,3145.0280806078626,1554.968375780064,1946550.797916489,0
1905,3146.6798810703667,1556.4385401706513,1946550.797916489,0
1906,3148.331681532871,1557.9153689911984,1946550.797916489,0
1907,3149.9834819953753,1559.4006782534973,1946550.797916489,0
1908,3151.6352824578794,1560.8916256157636,1946550.797916489,0
1909,3153.2870829203835,1562.3857738449758,1946550.797916489,0
1910,3154.9388833828875,1563.8862938970337,1946550.797916489,0
1911,3156.5906838453916,1565.3693962940824,1946550.797916489,0
1912,3158.2424843078957,1566.8593669803251,1946550.797916489,0
1913,3159.8942847703997,1568.3547004884738,1946550.797916489,0
1914,3161.5460852329043,1569.857142857143,1946550.797916489,0
1915,3163.1978856954083,1571.3639803904705,1946550.797916489,0
1916,3164.8496861579124,1572.8759262450458,1946550.797916489,0
1917,3166.5014866204165,1574.3936987483814,1946550.797916489,0
1918,3168.1532870829205,1575.9169837426496,1946550.797916489,0
1919,3169.8050875454246,1577.4458113142164,1946550.797916489,0
1920,3171.4568880079287,1578.9809060926923,1946550.797916489,0
1921,3173.1086884704328,1580.5219546126423,1946550.797916489,0
1922,3174.7604889329373,1582.0702090592335,1946550.797916489,0
1923,3176.4122893954413,1583.6255345143554,1946550.797916489,0
1924,3178.0640898579454,1585.186396223116,1946550.797916489,0
1925,3179.7158903204495,1586.715949899273,1946550.797916489,0
1926,3181.3676907829536,1560.8145930090443,1886663.4149517315,0
1927,3183.0194912454576,1562.2652136647484,1886663.4149517315,0
1928,3184.6712917079617,1563.7233807654563,1886663.4149517315,0
1929,3186.3230921704658,1565.1874155094015,1886663.4149517315,0
1930,3187.9748926329703,1566.6568579167692,1886663.4149517315,0
1931,3189.6266930954744,1568.1334649068706,1886663.4149517315,0
1932,3191.2784935579784,1569.615793376174,1886663.4149517315,0
1933,3192.9302940204825,1571.0501423795963,1886663.4149517315,0
1934,3194.5820944829866,1572.4937980649963,1886663.4149517315,0
1935,3196.2338949454906,1573.9428358394432,1886663.4149517315,0
1936,3197.8856954079947,1575.398779880478,1886663.4149517315,0
1937,3199.5374958704992,1576.830111014095,1886663.4149517315,0
1938,3201.1892963330033,1578.269057735566,1886663.4149517315,0
1939,3202.8410967955074,1579.7146613246525,1886663.4149517315,0
1940,3204.4928972580115,1581.155544405419,1886663.4149517315,0
1941,3206.1446977205155,1582.5806208369988,1886663.4149517315,0
1942,3207.7964981830196,1584.01108033241,1886663.4149517315,0
1943,3209.4482986455237,1585.4449350321686,1886663.4149517315,0
1944,3211.1000991080277,1586.842517694641,1886663.4149517315,0
1945,3212.7518995705323,1588.2469292136254,1886663.4149517315,0
1946,3214.4037000330363,1589.6574473483888,1886663.4149517315,0
1947,3216.0555004955404,1591.071310537689,1886663.4149517315,0
1948,3217.7073009580445,1592.491594498217,1886663.4149517315,0
1949,3219.3591014205485,1593.9178256986092,1886663.4149517315,0
1950,3221.0109018830526,1595.3505497315264,1886663.4149517315,0
1951,3222.6627023455567,1596.7885231202767,1886663.4149517315,0
1952,3224.3145028080608,1598.231519507187,1886663.4149517315,0
1953,3225.9663032705653,1599.6805966310917,1886663.4149517315,0
1954,3227.6181037330693,1601.1319247616593,1886663.4149517315,0
1955,3229.2699041955734,1602.588356783271,1886663.4149517315,0
1956,3230.9217046580775,1603.9980600103465,1886663.4149517315,0
1957,3232.5735051205816,1605.4123364001555,1886663.4149517315,0
1958,3234.2253055830856,1606.8331602181252,1886663.4149517315,0
1959,3235.8771060455897,1608.2597892545857,1886663.4149517315,0
1960,3237.528906508094,1609.6521115745568,1886663.4149517315,0
1961,3239.1807069705983,1611.0498889904663,1886663.4149517315,0
1962,3240.8325074331024,1612.4531536247055,1886663.4149517315,0
1963,3242.4843078956064,1613.862200078668,1886663.4149517315,0
1964,3244.1361083581105,1615.2773252758802,1886663.4149517315,0
1965,3245.7879088206146,1616.6980386994867,1886663.4149517315,0
1966,3247.4397092831186,1618.1249010815088,1886663.4149517315,0
1967,3249.0915097456227,1619.5563631558082,1886663.4149517315,0
1968,3250.7433102081272,1620.996689618644,1886663.4149517315,0
1969,3252.3951106706313,1622.4456680376807,1886663.4149517315,0
1970,3254.0469111331354,1623.8990959851103,1886663.4149517315,0
1971,3255.6987115956395,1625.3575329692287,1886663.4149517315,0
1972,3257.3505120581435,1626.8218099305927,1886663.4149517315,0
1973,3259.0023125206476,1628.2910258124916,1886663.4149517315,0
1974,3260.6541129831517,1629.7569016349505,1886663.4149517315,0
1975,3262.3059134456557,1631.23311400564,1886663.4149517315,0
1976,3263.9577139081603,1632.7160925726587,1886663.4149517315,0
1977,3265.6095143706643,1634.2061480382904,1886663.4149517315,0
1978,3267.2613148331684,1635.7022426371252,1886663.4149517315,0
1979,3268.9131152956725,1637.155814268309,1886663.4149517315,0
1980,3270.5649157581765,1638.6150298426478,1886663.4149517315,0
1981,3272.2167162206806,1640.0793801821394,1886663.4149517315,0
1982,3273.8685166831847,1641.5497139743939,1886663.4149517315,0
1983,3275.520317145689,1643.0271598198444,1886663.4149517315,0
1984,3277.1721176081933,1644.5109409190372,1886663.4149517315,1
1985,3278.8239180706973,1646.0030149376455,1886663.4149517315,0
1986,3280.4757185332014,1647.4428728371327,1886663.4149517315,0
1987,3282.1275189957055,1648.888950048163,1886663.4149517315,0
1988,3283.7793194582096,1650.2950910093766,1886663.4149517315,0
1989,3285.4311199207136,1651.707337294459,1886663.4149517315,0
1990,3287.0829203832177,1653.1260038770424,1886663.4149517315,0
1991,3288.734720845722,1654.5525183849036,1886663.4149517315,0
1992,3290.3865213082263,1655.9849833147941,1886663.4149517315,0
1993,3292.0383217707304,1657.419813292462,1886663.4149517315,0
1994,3293.6901222332344,1658.8578609327003,1886663.4149517315,0
1995,3295.3419226957385,1660.3016650342802,1886663.4149517315,0
1996,3296.9937231582426,1661.7515423443635,1886663.4149517315,0
1997,3298.6455236207466,1663.2089363495854,1886663.4149517315,0
1998,3300.2973240832507,1664.6357364122782,1886663.4149517315,0
1999,3301.9491245457552,1666.0682940595457,1886663.4149517315,0
2000,3303.6009250082593,1667.5538744343892,1886663.4149517315,0
2001,3305.2527254707634,1669.0466203769306,1886663.4149517315,0
2002,3306.9045259332675,1670.546293666572,1886663.4149517315,0
2003,3308.5563263957715,1672.052084815711,1886663.4149517315,0
2004,3310.2081268582756,1673.567455790074,1886663.4149517315,0
2005,3311.8599273207797,1675.0893239959983,1886663.4149517315,0
2006,3313.511727783284,1676.6125751933544,1886663.4149517315,0
2007,3315.1635282457883,1678.1423855317928,1886663.4149517315,0
2008,3316.8153287082923,1679.6813866513235,1886663.4149517315,0
2009,3318.4671291707964,1681.2267550814472,1886663.4149517315,0
2010,3320.1189296333005,1682.7788211499567,1886663.4149517315,0
2011,3321.7707300958045,1684.276096713479,1886663.4149517315,0
2012,3323.4225305583086,1685.781340684852,1886663.4149517315,0
2013,3325.0743310208127,1687.2456012796276,1886663.4149517315,0
2014,3326.726131483317,1688.716263480035,1886663.4149517315,0
2015,3328.3779319458213,1690.1821235577625,1886663.4149517315,0
2016,3330.0297324083253,1691.656030444965,1886663.4149517315,0
2017,3331.6815328708294,1693.1364236467655,1886663.4149517315,0
2018,3333.3333333333335,1694.6286386356953,1886663.4149517315,0
2019,3334.9851337958376,1696.1303963459554,1886663.4149517315,0
2020,3336.6369342583416,1697.6396928529239,1886663.4149517315,0
2021,3338.2887347208457,1699.1559863844902,1886663.4149517315,0
2022,3339.94053518335,1700.679323642836,1886663.4149517315,0
2023,3341.5923356458543,1702.210940984094,1886663.4149517315,0
2024,3343.2441361083584,1703.7494040524434,1886663.4149517315,0
2025,3344.8959365708624,1705.238763625504,1886663.4149517315,0
2026,3346.5477370333665,1706.7354085603113,1886663.4149517315,0
2027,3348.1995374958706,1708.2393880305985,1886663.4149517315,0
2028,3349.8513379583746,1709.7276007215876,1886663.4149517315,0
2029,3351.503138420879,1711.2234443272564,1886663.4149517315,0
2030,3353.1549388833832,1712.7275747508306,1886663.4149517315,0
2031,3354.8067393458873,1714.2115937641895,1886663.4149517315,0
2032,3356.4585398083914,1715.7044902912621,1886663.4149517315,0
2033,3358.1103402708954,1717.203284172115,1886663.4149517315,0
2034,3359.7621407333995,1718.708320633953,1886663.4149517315,0
2035,3361.4139411959036,1720.1916908507712,1886663.4149517315,0
2036,3363.0657416584077,1721.679424372321,1886663.4149517315,0
2037,3364.717542120912,1723.1687893202393,1886663.4149517315,0
2038,3366.3693425834163,1724.664718548139,1886663.4149517315,0
2039,3368.0211430459203,1726.1544627716974,1886663.4149517315,0
2040,3369.6729435084244,1727.6526576019778,1886663.4149517315,0
2041,3371.3247439709285,1729.1575034845903,1886663.4149517315,0
2042,3372.9765444334325,1730.6709096553866,1886663.4149517315,0
2043,3374.6283448959366,1732.1860899330948,1886663.4149517315,0
2044,3376.2801453584407,1733.7083593262632,1886663.4149517315,0
2045,3377.931945820945,1735.2380803501642,1886663.4149517315,0
2046,3379.5837462834493,1736.7749921654654,1886663.4149517315,0
2047,3381.2355467459533,1738.319459714151,1886663.4149517315,0
2048,3382.8873472084574,1739.874055415617,1886663.4149517315,0
2049,3384.5391476709615,1741.4363263373837,1886663.4149517315,0
2050,3386.1909481334656,1743.0069598228408,1886663.4149517315,0
2051,3387.8427485959696,1744.583795782464,1886663.4149517315,0
2052,3389.494549058474,1746.1681500317864,1886663.4149517315,0
2053,3391.146349520978,1747.760076469651,1886663.4149517315,0
2054,3392.7981499834823,1749.3569147237304,1886663.4149517315,0
2055,3394.4499504459864,1750.9614214823116,1886663.4149517315,0
2056,3396.1017509084904,1752.5746148908856,1886663.4149517315,0
2057,3397.7535513709945,1754.1822422390221,1886663.4149517315,0
2058,3399.4053518334986,1755.8026443082877,1886663.4149517315,0
2059,3401.0571522960026,1757.4325197995797,1886663.4149517315,0
2060,3402.708952758507,1759.0280298120545,1886663.4149517315,0
2061,3404.3607532210112,1767.4097902097901,1727731.2457354786,0
2062,3406.0125536835153,1768.9180385288967,1727731.2457354786,0
2063,3407.6643541460194,1770.4308771929825,1727731.2457354786,0
2064,3409.3161546085234,1771.9497363796133,1727731.2457354786,0
2065,3410.9679550710275,1773.474295774648,1727731.2457354786,0
2066,3412.6197555335316,1775.005291005291,1727731.2457354786,0
2067,3414.2715559960357,1776.5416961130743,1727731.2457354786,0
2068,3415.92335645854,1778.086017699115,1727731.2457354786,0
2069,3417.5751569210443,1779.636879432624,1727731.2457354786,0
2070,3419.2269573835483,1781.1921847246892,1727731.2457354786,0
2071,3420.8787578460524,1782.6982206405694,1727731.2457354786,0
2072,3422.5305583085565,1784.182531194296,1727731.2457354786,0
2073,3424.1823587710605,1785.6739285714286,1727731.2457354786,0
2074,3425.8341592335646,1787.1706618962432,1727731.2457354786,0
2075,3427.485959696069,1788.6727598566308,1727731.2457354786,0
2076,3429.137760158573,1790.1806104129264,1727731.2457354786,0
2077,3430.7895606210773,1791.6942446043165,1727731.2457354786,0
2078,3432.4413610835813,1793.2133333333334,1727731.2457354786,0
2079,3434.0931615460854,1794.7386281588447,1727731.2457354786,0
2080,3435.7449620085895,1796.2683544303798,1727731.2457354786,0
2081,3437.3967624710936,1797.750724637681,1727731.2457354786,0
2082,3439.0485629335976,1799.2392014519057,1727731.2457354786,0
2083,3440.700363396102,1800.7312727272727,1727731.2457354786,0
2084,3442.352163858606,1802.2306010928962,1727731.2457354786,0
2085,3444.0039643211103,1803.735401459854,1727731.2457354786,0
2086,3445.6557647836144,1805.2471663619745,1727731.2457354786,0
2087,3447.3075652461184,1806.765934065934,1727731.2457354786,0
2088,3448.9593657086225,1808.2902752293578,1727731.2457354786,0
2089,3450.6111661711266,1809.8202205882353,1727731.2457354786,0
2090,3452.2629666336306,1811.3558011049724,1727731.2457354786,0
2091,3453.914767096135,1812.8959409594097,1727731.2457354786,0
2092,3455.5665675586392,1814.4375231053605,1727731.2457354786,0
2093,3457.2183680211433,1815.9851851851852,1727731.2457354786,0
2094,3458.8701684836474,1817.538589981447,1727731.2457354786,0
2095,3460.5219689461514,1819.0942379182156,1727731.2457354786,0
2096,3462.1737694086555,1820.6556797020485,1727731.2457354786,0
2097,3463.8255698711596,1822.222947761194,1727731.2457354786,0
2098,3465.477370333664,1823.780186915888,1727731.2457354786,0
2099,3467.129170796168,1825.3447565543072,1727731.2457354786,0
2100,3468.7809712586723,1826.9213883677298,1727731.2457354786,0
2101,3470.4327717211763,1828.503947368421,1727731.2457354786,0
2102,3472.0845721836804,1830.0935969868174,1727731.2457354786,0
2103,3473.7363726461845,1831.6903773584907,1727731.2457354786,0
2104,3475.3881731086885,1833.2954631379962,1727731.2457354786,0
2105,3477.0399735711926,1834.9092803030303,1727731.2457354786,0
2106,3478.691774033697,1836.531119544592,1727731.2457354786,0
2107,3480.343574496201,1838.1583650190114,1727731.2457354786,0
2108,3481.9953749587053,1839.7944761904762,1727731.2457354786,0
2109,3483.6471754212093,1841.4400763358778,1727731.2457354786,0
2110,3485.2989758837134,1843.0912045889102,1727731.2457354786,0
2111,3486.9507763462175,1844.7471264367816,1727731.2457354786,0
2112,3488.6025768087216,1846.4078694817658,1727731.2457354786,0
2113,3490.2543772712256,1848.075,1727731.2457354786,0
2114,3491.90617773373,1849.749710982659,1727731.2457354786,0
2115,3493.557978196234,1851.4320463320464,1727731.2457354786,0
2116,3495.2097786587383,1853.1247582205028,1727731.2457354786,0
2117,3496.8615791212424,1854.7631782945737,1727731.2457354786,0
2118,3498.5133795837464,1856.408349514563,1727731.2457354786,0
2119,3500.1651800462505,1858.0284046692607,1727731.2457354786,0
2120,3501.8169805087546,1859.637037037037,1727731.2457354786,0
2121,3503.468780971259,1861.1998046875,1727731.2457354786,0
2122,3505.120581433763,1862.7686888454011,1727731.2457354786,0
2123,3506.7723818962672,1864.3464705882352,1727731.2457354786,0
2124,3508.4241823587713,1865.8620825147348,1727731.2457354786,0
2125,3510.0759828212754,1867.384842519685,1727731.2457354786,0
2126,3511.7277832837794,1868.9112426035504,1727731.2457354786,0
2127,3513.3795837462835,1870.443675889328,1727731.2457354786,0
2128,3515.0313842087876,1871.9443564356436,1727731.2457354786,0
2129,3516.683184671292,1873.4422619047618,1727731.2457354786,0
2130,3518.334985133796,1874.948111332008,1727731.2457354786,0
2131,3519.9867855963003,1876.461155378486,1727731.2457354786,0
2132,3521.6385860588043,1877.979241516966,1727731.2457354786,0
2133,3523.2903865213084,1879.5004,1727731.2457354786,0
2134,3524.9421869838125,1881.0272545090181,1727731.2457354786,0
2135,3526.5939874463165,1882.552610441767,1727731.2457354786,0
2136,3528.2457879088206,1884.0790744466801,1727731.2457354786,0
2137,3529.897588371325,1885.6120967741936,1727731.2457354786,0
2138,3531.549388833829,1887.1521212121213,1727731.2457354786,0
2139,3533.2011892963333,1888.6983805668017,1727731.2457354786,0
2140,3534.8529897588373,1890.2332657200811,1727731.2457354786,0
2141,3536.5047902213414,1891.7786585365855,1727731.2457354786,0
2142,3538.1565906838455,1893.3303462321792,1727731.2457354786,0
2143,3539.8083911463495,1894.8883673469388,1727731.2457354786,0
2144,3541.460191608854,1896.4539877300613,1727731.2457354786,0
2145,3543.111992071358,1898.0260245901638,1727731.2457354786,0
2146,3544.763792533862,1899.6049281314167,1727731.2457354786,0
2147,3546.4155929963663,1901.1915637860081,1727731.2457354786,0
2148,3548.0673934588704,1902.7859793814432,1727731.2457354786,0
2149,3549.7191939213744,1904.3886363636364,1727731.2457354786,0
2150,3551.3709943838785,1906.0008281573498,1727731.2457354786,0
2151,3553.0227948463826,1907.6197095435684,1727731.2457354786,0
2152,3554.674595308887,1909.2449064449065,1727731.2457354786,0
2153,3556.326395771391,1910.876875,1727731.2457354786,0
2154,3557.9781962338952,1912.5169102296452,1727731.2457354786,0
2155,3559.6299966963993,1914.1646443514644,1727731.2457354786,0
2156,3561.2817971589034,1915.81928721174,1727731.2457354786,0
2157,3562.9335976214074,1917.48256302521,1727731.2457354786,0
2158,3564.5853980839115,1919.1532631578948,1727731.2457354786,0
2159,3566.2371985464156,1920.8105485232068,1727731.2457354786,0
2160,3567.88899900892,1922.4811839323468,1727731.2457354786,0
2161,3569.540799471424,1924.1588983050847,1727731.2457354786,0
2162,3571.1925999339282,1925.843736730361,1727731.2457354786,0
2163,3572.8444003964323,1927.5357446808512,1727731.2457354786,0
2164,3574.4962008589364,1929.1690831556502,1727731.2457354786,0
2165,3576.1480013214405,1930.8094017094018,1727731.2457354786,0
2166,3577.7998017839445,1932.4567451820128,1727731.2457354786,0
2167,3579.451602246449,1934.0768240343348,1727731.2457354786,0
2168,3581.103402708953,1935.7025806451613,1727731.2457354786,0
2169,3582.755203171457,1937.3297413793102,1727731.2457354786,0
2170,3584.4070036339613,1938.9630669546436,1727731.2457354786,0
2171,3586.0588040964653,1940.6034632034632,1727731.2457354786,0
2172,3587.7106045589694,1942.251409978308,1727731.2457354786,0
2173,3589.3624050214735,1943.91,1727731.2457354786,0
2174,3591.0142054839775,1945.5324618736383,1727731.2457354786,0
2175,3592.666005946482,1947.1615720524017,1727731.2457354786,0
2176,3594.317806408986,1948.7978118161925,1727731.2457354786,0
2177,3595.96960687149,1950.4337719298246,1727731.2457354786,0
2178,3597.6214073339943,1952.076923076923,1727731.2457354786,0
2179,3599.2732077964984,1953.7259911894273,1727731.2457354786,0
2180,3600.9250082590024,1955.3823399558498,1727731.2457354786,0
2181,3602.5768087215065,1957.025,1727731.2457354786,0
2182,3604.2286091840106,1958.6749445676276,1727731.2457354786,0
2183,3605.880409646515,1960.2766666666666,1727731.2457354786,0
2184,3607.532210109019,1961.8855233853008,1727731.2457354786,0
2185,3609.1840105715232,1963.5015625,1727731.2457354786,0
2186,3610.8358110340273,1965.0451901565996,1727731.2457354786,0
2187,3612.4876114965314,1966.5961883408072,1727731.2457354786,0
2188,3614.1394119590354,1968.1559550561797,1727731.2457354786,0
2189,3615.7912124215395,1969.7227477477477,1727731.2457354786,0
2190,3617.443012884044,1971.2979683972912,1727731.2457354786,0
2191,3619.094813346548,1972.8807692307691,1727731.2457354786,0
2192,3620.746613809052,1974.4725623582767,1727731.2457354786,0
2193,3622.3984142715562,1976.0725,1727731.2457354786,0
2194,3624.0502147340603,1977.683826879271,1727731.2457354786,0
2195,3625.7020151965644,1979.302511415525,1727731.2457354786,0
2196,3627.3538156590685,1980.9286041189932,1727731.2457354786,0
2197,3629.0056161215725,1982.5630733944954,1727731.2457354786,0
2198,3630.657416584077,1984.2045977011494,1727731.2457354786,0
2199,3632.309217046581,1985.8536866359448,1727731.2457354786,0
2200,3633.961017509085,1987.509468822171,1727731.2457354786,0
2201,3635.6128179715893,1989.1743055555555,1727731.2457354786,0
2202,3637.2646184340933,1990.84686774942,1727731.2457354786,0
2203,3638.9164188965974,1992.5272093023257,1727731.2457354786,0
2204,3640.5682193591015,1994.2153846153847,1727731.2457354786,0
2205,3642.2200198216055,1995.9119158878505,1727731.2457354786,0
2206,3643.87182028411,1997.615925058548,1727731.2457354786,0
2207,3645.523620746614,1999.3279342723006,1727731.2457354786,0
2208,3647.175421209118,2001.0498823529413,1727731.2457354786,0
2209,3648.8272216716223,2002.7408018867925,1727731.2457354786,0
2210,3650.4790221341264,2004.360756501182,1727731.2457354786,0
2211,3652.1308225966304,2005.9888625592416,1727731.2457354786,0
2212,3653.7826230591345,2007.624703087886,1727731.2457354786,0
2213,3655.434423521639,2009.2457142857143,1727731.2457354786,0
2214,3657.086223984143,2010.8744630071599,1727731.2457354786,0
2215,3658.738024446647,2012.5095693779904,1727731.2457354786,0
2216,3660.3898249091512,2014.1575539568346,1727731.2457354786,0
2217,3662.0416253716553,2015.816346153846,1727731.2457354786,0
2218,3663.6934258341594,2017.4821686746989,1727731.2457354786,0
2219,3665.3452262966634,2019.1514492753622,1727731.2457354786,0
2220,3666.9970267591675,2020.7772397094432,1727731.2457354786,0
2221,3668.648827221672,2022.4094660194176,1727731.2457354786,0
2222,3670.300627684176,2024.0238442822385,1727731.2457354786,0
2223,3671.95242814668,2025.6460975609757,1727731.2457354786,0
2224,3673.6042286091842,2027.2814180929095,1727731.2457354786,0
2225,3675.2560290716883,2028.9232843137254,1727731.2457354786,0
2226,3676.9078295341924,2030.5732186732187,1727731.2457354786,0
2227,3678.5596299966965,2032.2312807881774,1727731.2457354786,0
2228,3680.2114304592005,2033.8975308641975,1727731.2457354786,0
2229,3681.863230921705,2035.574504950495,1727731.2457354786,0
2230,3683.515031384209,2037.2602977667493,1727731.2457354786,0
2231,3685.166831846713,2038.9544776119403,1727731.2457354786,0
2232,3686.8186323092173,2040.6571072319202,1727731.2457354786,0
2233,3688.4704327717213,2042.36975,1727731.2457354786,0
2234,3690.1222332342254,2044.0934837092732,1727731.2457354786,0
2235,3691.7740336967295,2045.8253768844222,1727731.2457354786,0
2236,3693.425834159234,2047.5690176322419,1727731.2457354786,0
2237,3695.077634621738,2049.324494949495,1727731.2457354786,0
2238,3696.729435084242,2051.088860759494,1727731.2457354786,0
2239,3698.381235546746,2052.8631979695433,1727731.2457354786,0
2240,3700.0330360092503,2054.6455470737915,1727731.2457354786,0
2241,3701.6848364717544,2056.4375,1727731.2457354786,0
2242,3703.3366369342584,2058.2391304347825,1727731.2457354786,0
2243,3704.9884373967625,2060.0510256410257,1727731.2457354786,0
2244,3706.640237859267,2061.872236503856,1727731.2457354786,0
2245,3708.292038321771,2063.7018041237116,1727731.2457354786,0
2246,3709.943838784275,2065.4671834625324,1727731.2457354786,0
2247,3711.5956392467792,2067.2448186528495,1727731.2457354786,0
2248,3713.2474397092833,2069.030649350649,1727731.2457354786,0
2249,3714.8992401717874,2070.730989583333,1727731.2457354786,0
2250,3716.5510406342914,2072.441775456919,1727731.2457354786,0
2251,3718.2028410967955,2074.161518324607,1727731.2457354786,0
2252,3719.8546415593,2075.8902887139106,1727731.2457354786,0
2253,3721.506442021804,2077.583947368421,1727731.2457354786,0
2254,3723.158242484308,2079.195250659631,1727731.2457354786,0
2255,3724.8100429468122,2080.7867724867724,1727731.2457354786,0
2256,3726.4618434093163,2082.388328912467,1727731.2457354786,0
2257,3728.1136438718204,2083.998404255319,1727731.2457354786,0
2258,3729.7654443343245,2085.6192,1727731.2457354786,0
2259,3731.417244796829,2087.2454545454543,1727731.2457354786,0
2260,3733.069045259333,2088.876943699732,1727731.2457354786,0
2261,3734.720845721837,2090.5188172043013,1727731.2457354786,0
2262,3736.372646184341,2092.1695417789756,1727731.2457354786,0
2263,3738.0244466468453,2093.828108108108,1727731.2457354786,0
2264,3739.6762471093493,2095.469376693767,1727731.2457354786,0
2265,3741.3280475718534,2097.121195652174,1727731.2457354786,0
2266,3742.9798480343575,2098.727520435967,1727731.2457354786,0
2267,3744.631648496862,2100.3409836065575,1727731.2457354786,0
2268,3746.283448959366,2101.963287671233,1727731.2457354786,0
2269,3747.93524942187,2103.5945054945055,1727731.2457354786,0
2270,3749.587049884374,2105.235261707989,1727731.2457354786,0
2271,3751.2388503468783,2106.8839779005525,1727731.2457354786,0
2272,3752.8906508093824,2108.5423822714683,1727731.2457354786,0
2273,3754.5424512718864,2110.21,1727731.2457354786,0
2274,3756.1942517343905,2111.8869080779946,1727731.2457354786,0
2275,3757.846052196895,2113.575418994413,1727731.2457354786,0
2276,3759.497852659399,2115.2733893557424,1727731.2457354786,0
2277,3761.149653121903,2116.9825842696628,1727731.2457354786,0
2278,3762.801453584407,2118.7030985915494,1727731.2457354786,0
2279,3764.4532540469113,2120.4333333333334,1727731.2457354786,0
2280,3766.1050545094154,2122.17507082153,1727731.2457354786,0
2281,3767.7568549719194,2123.9295454545454,1727731.2457354786,0
2282,3769.408655434424,2125.696296296296,1727731.2457354786,0
2283,3771.060455896928,2127.4731428571426,1727731.2457354786,0
2284,3772.712256359432,2129.2595988538683,1727731.2457354786,0
2285,3774.364056821936,2131.0563218390803,1727731.2457354786,0
2286,3776.0158572844402,2132.8639769452448,1727731.2457354786,0
2287,3777.6676577469443,2134.680346820809,1727731.2457354786,0
2288,3779.3194582094484,2136.5066666666667,1727731.2457354786,0
2289,3780.9712586719525,2138.343023255814,1727731.2457354786,0
2290,3782.623059134457,2140.1900874635567,1727731.2457354786,0
2291,3784.274859596961,2142.048538011696,1727731.2457354786,0
2292,3785.926660059465,2143.916715542522,1727731.2457354786,0
2293,3787.578460521969,2145.795882352941,1727731.2457354786,0
2294,3789.2302609844733,2147.6861356932154,1727731.2457354786,0
2295,3790.8820614469773,2149.5881656804736,1727731.2457354786,0
2296,3792.5338619094814,2151.4697329376854,1727731.2457354786,0
2297,3794.1856623719855,2153.3601190476193,1727731.2457354786,0
2298,3795.83746283449,2155.1585074626864,1727731.2457354786,0
2299,3797.489263296994,2156.968263473054,1727731.2457354786,0
2300,3799.141063759498,2158.788288288288,1727731.2457354786,0
2301,3800.792864222002,2160.620481927711,1727731.2457354786,0
2302,3802.4446646845063,2162.4132930513597,1727731.2457354786,0
2303,3804.0964651470103,2164.2181818181816,1727731.2457354786,0
2304,3805.7482656095144,2166.0340425531913,1727731.2457354786,0
2305,3807.400066072019,2167.859146341463,1727731.2457354786,0
2306,3809.051866534523,2169.6651376146788,1727731.2457354786,0
2307,3810.703666997027,2171.4886503067482,1727731.2457354786,0
2308,3812.355467459531,2173.2541538461537,1727731.2457354786,0
2309,3814.007267922035,2175.033024691358,1727731.2457354786,0
2310,3815.6590683845393,2176.8229102167184,1727731.2457354786,0
2311,3817.3108688470434,2178.622049689441,1727731.2457354786,0
2312,3818.9626693095474,2180.3442367601247,1727731.2457354786,0
2313,3820.614469772052,2182.0759375,1727731.2457354786,0
2314,3822.266270234556,2183.8084639498434,1727731.2457354786,0
2315,3823.91807069706,2185.551886792453,1727731.2457354786,0
2316,3825.569871159564,2187.306309148265,1727731.2457354786,0
2317,3827.2216716220682,2189.0724683544304,1727731.2457354786,0
2318,3828.8734720845723,2190.851111111111,1727731.2457354786,0
2319,3830.5252725470764,2192.6410828025478,1727731.2457354786,0
2320,3832.1770730095805,2194.4424920127794,1727731.2457354786,0
2321,3833.828873472085,2196.2554487179486,1727731.2457354786,0
2322,3835.480673934589,2198.0826366559486,1727731.2457354786,0
2323,3837.132474397093,2199.9235483870966,1727731.2457354786,0
2324,3838.784274859597,2201.777022653722,1727731.2457354786,0
2325,3840.4360753221013,2203.647077922078,1727731.2457354786,0
2326,3842.0878757846053,2205.5306188925083,1727731.2457354786,0
2327,3843.7396762471094,2207.4245098039214,1727731.2457354786,0
2328,3845.391476709614,2209.3334426229508,1727731.2457354786,0
2329,3847.043277172118,2211.1338815789472,1727731.2457354786,0
2330,3848.695077634622,2212.9442244224424,1727731.2457354786,0
2331,3850.346878097126,2214.7665562913908,1727731.2457354786,0
2332,3851.99867855963,2216.600996677741,1727731.2457354786,0
2333,3853.6504790221343,2218.4483333333333,1727731.2457354786,0
2334,3855.3022794846383,2220.308695652174,1727731.2457354786,0
2335,3856.9540799471424,2222.181543624161,1727731.2457354786,0
2336,3858.605880409647,2224.0670033670035,1727731.2457354786,0
2337,3860.257680872151,2225.929054054054,1727731.2457354786,0
2338,3861.909481334655,2227.8030508474576,1727731.2457354786,0
2339,3863.561281797159,2229.690476190476,1727731.2457354786,0
2340,3865.213082259663,2231.590784982935,1727731.2457354786,0
2341,3866.8648827221673,2233.5020547945205,1727731.2457354786,0
2342,3868.5166831846714,2235.4243986254296,1727731.2457354786,0
2343,3870.1684836471754,2237.2306896551722,1727731.2457354786,0
2344,3871.82028410968,2239.049480968858,1727731.2457354786,0
2345,3873.472084572184,2240.880902777778,1727731.2457354786,0
2346,3875.123885034688,2242.725087108014,1727731.2457354786,0
2347,3876.775685497192,2244.548251748252,1727731.2457354786,0
2348,3878.4274859596962,2246.3877192982454,1727731.2457354786,0
2349,3880.0792864222003,2248.2447183098593,1727731.2457354786,0
2350,3881.7310868847044,2250.033215547703,1727731.2457354786,0
2351,3883.382887347209,2251.846453900709,1727731.2457354786,0
2352,3885.034687809713,2253.674021352313,1727731.2457354786,0
2353,3886.686488272217,2255.514642857143,1727731.2457354786,0
2354,3888.338288734721,2257.3670250896057,1727731.2457354786,0
2355,3889.990089197225,2259.1791366906473,1727731.2457354786,0
2356,3891.6418896597293,2260.9920577617327,1727731.2457354786,0
2357,3893.2936901222333,2262.818115942029,1727731.2457354786,0
2358,3894.9454905847374,2264.642909090909,1727731.2457354786,0
2359,3896.597291047242,2266.48102189781,1727731.2457354786,0
2360,3898.249091509746,2268.334065934066,1727731.2457354786,0
2361,3899.90089197225,2270.2007352941177,1727731.2457354786,0
2362,3901.552692434754,2272.0811808118083,1727731.2457354786,0
2363,3903.204492897258,2273.9762962962964,1727731.2457354786,0
2364,3904.8562933597623,2275.8847583643123,1727731.2457354786,0
2365,3906.5080938222663,2277.8074626865673,1727731.2457354786,0
2366,3908.1598942847704,2279.7445692883894,1727731.2457354786,0
2367,3909.811694747275,2281.6992481203006,1727731.2457354786,0
2368,3911.463495209779,2283.668679245283,1727731.2457354786,0
2369,3913.115295672283,2285.6583333333333,1727731.2457354786,0
2370,3914.767096134787,2287.6631178707225,1727731.2457354786,0
2371,3916.418896597291,2289.6839694656487,1727731.2457354786,1
2372,3918.0706970597953,2291.7226053639847,1727731.2457354786,0
2373,3919.7224975222994,2293.776923076923,1727731.2457354786,0
2374,3921.374297984804,2295.847104247104,1727731.2457354786,0
2375,3923.026098447308,2297.9341085271317,1727731.2457354786,0
2376,3924.677898909812,2300.037354085603,1727731.2457354786,0
2377,3926.329699372316,2302.15703125,1727731.2457354786,0
2378,3927.98149983482,2304.2933333333335,1727731.2457354786,0
2379,3929.6333002973242,2306.4027559055116,1727731.2457354786,0
2380,3931.2851007598283,2308.603162055336,1727731.2457354786,0
2381,3932.9369012223324,2310.8210317460316,1727731.2457354786,0
2382,3934.588701684837,2313.0565737051793,1727731.2457354786,0
2383,3936.240502147341,2315.31,1727731.2457354786,0
2384,3937.892302609845,2317.5815261044177,1727731.2457354786,0
2385,3939.544103072349,2319.8612903225808,1727731.2457354786,0
2386,3941.195903534853,2322.1595141700404,1727731.2457354786,0
2387,3942.8477039973573,2324.328455284553,1727731.2457354786,0
2388,3944.4995044598613,2326.515102040816,1727731.2457354786,0
2389,3946.1513049223654,2328.6790983606556,1727731.2457354786,0
2390,3947.80310538487,2330.8695473251028,1727731.2457354786,0
2391,3949.454905847374,2333.0780991735537,1727731.2457354786,0
2392,3951.106706309878,2335.302489626556,1727731.2457354786,0
2393,3952.758506772382,2337.545416666667,1727731.2457354786,0
2394,3954.410307234886,2339.7112970711296,1727731.2457354786,0
2395,3956.0621076973903,2341.8953781512605,1727731.2457354786,0
2396,3957.7139081598943,2344.098734177215,1727731.2457354786,0
2397,3959.3657086223984,2346.240677966102,1727731.2457354786,0
2398,3961.017509084903,2348.39829787234,1727731.2457354786,0
2399,3962.669309547407,2350.574358974359,1727731.2457354786,0
2400,3964.321110009911,2352.7699570815453,1727731.2457354786,0
2401,3965.972910472415,2354.9844827586207,1727731.2457354786,0
2402,3967.624710934919,2357.2181818181816,1727731.2457354786,0
2403,3969.2765113974233,2359.471304347826,1727731.2457354786,0
2404,3970.9283118599274,2361.7441048034934,1727731.2457354786,0
2405,3972.580112322432,2364.040350877193,1727731.2457354786,1
2406,3974.231912784936,2366.356828193833,1727731.2457354786,0
2407,3975.88371324744,2368.6938053097347,1727731.2457354786,0
2408,3977.535513709944,2371.048888888889,1727731.2457354786,0
2409,3979.187314172448,2373.425,1727731.2457354786,0
2410,3980.8391146349522,2375.8224215246637,1727731.2457354786,0
2411,3982.4909150974563,2378.245945945946,1727731.2457354786,0
2412,3984.1427155599604,2380.697737556561,1727731.2457354786,0
2413,3985.794516022465,2383.1718181818183,1727731.2457354786,0
2414,3987.446316484969,2385.516894977169,1727731.2457354786,0
2415,3989.098116947473,2387.7509174311926,1727731.2457354786,0
2416,3990.749917409977,2390.005529953917,1727731.2457354786,0
2417,3992.401717872481,2392.286111111111,1727731.2457354786,0
2418,3994.0535183349853,2394.5879069767443,1727731.2457354786,0
2419,3995.7053187974893,2396.911214953271,1727731.2457354786,0
2420,3997.3571192599934,2399.256338028169,1727731.2457354786,0
2421,3999.008919722498,2401.622641509434,1727731.2457354786,0
2422,4000.660720185002,2404.023222748815,1727731.2457354786,0
2423,4002.312520647506,2406.4466666666667,1727731.2457354786,0
2424,4003.96432111001,2408.8392344497606,1727731.2457354786,0
2425,4005.616121572514,2411.2548076923076,1727731.2457354786,0
2426,4007.2679220350183,2413.6937198067635,1727731.2457354786,0
2427,4008.9197224975223,2416.0567961165048,1727731.2457354786,0
2428,4010.571522960027,2418.4429268292683,1727731.2457354786,0
2429,4012.223323422531,2420.852450980392,1727731.2457354786,0
2430,4013.875123885035,2423.235960591133,1727731.2457354786,0
2431,4015.526924347539,2425.6430693069306,1727731.2457354786,0
2432,4017.178724810043,2428.0845771144277,1727731.2457354786,0
2433,4018.830525272547,2430.36,1727731.2457354786,0
2434,4020.4823257350513,2432.6582914572864,1727731.2457354786,0
2435,4022.1341261975554,2434.979797979798,1727731.2457354786,0
2436,4023.78592666006,2437.3218274111673,1727731.2457354786,0
2437,4025.437727122564,2439.5647959183675,1727731.2457354786,0
2438,4027.089527585068,2441.8307692307694,1727731.2457354786,0
2439,4028.741328047572,2444.1211340206187,1727731.2457354786,0
2440,4030.393128510076,2446.435233160622,1727731.2457354786,0
2441,4032.0449289725802,2448.7734375,1727731.2457354786,0
2442,4033.6967294350843,2451.1539267015705,1727731.2457354786,0
2443,4035.3485298975884,2453.5594736842104,1727731.2457354786,0
2444,4037.000330360093,2455.9904761904763,1727731.2457354786,0
2445,4038.652130822597,2458.447340425532,1727731.2457354786,0
2446,4040.303931285101,2460.9304812834225,1727731.2457354786,0
2447,4041.955731747605,2463.441397849462,1727731.2457354786,0
2448,4043.607532210109,2465.8789189189188,1727731.2457354786,0
2449,4045.2593326726133,2468.3429347826086,1727731.2457354786,0
2450,4046.9111331351173,2470.833879781421,1727731.2457354786,0
2451,4048.562933597622,2473.3521978021977,1727731.2457354786,0
2452,4050.214734060126,2475.8983425414363,1727731.2457354786,0
2453,4051.86653452263,2478.4694444444444,1727731.2457354786,0
2454,4053.518334985134,2481.072625698324,1727731.2457354786,0
2455,4055.170135447638,2483.711797752809,1727731.2457354786,0
2456,4056.821935910142,2486.380790960452,1727731.2457354786,0
2457,4058.4737363726463,2489.083522727273,1727731.2457354786,0
2458,4060.1255368351503,2491.8217142857143,1727731.2457354786,0
2459,4061.777337297655,2494.5879310344826,1727731.2457354786,0
2460,4063.429137760159,2497.3907514450866,1727731.2457354786,0
2461,4065.080938222663,2500.226162790698,1727731.2457354786,0
2462,4066.732738685167,2503.0947368421052,1727731.2457354786,0
2463,4068.384539147671,2580.0427606901726,1412410.249916664,0
2464,4070.036339610175,2582.770911831198,1412410.249916664,0
2465,4071.6881400726793,2585.5268735806208,1412410.249916664,0
2466,4073.3399405351834,2588.306463878327,1412410.249916664,0
2467,4074.991740997688,2591.1115355233,1412410.249916664,0
2468,4076.643541460192,2593.939370683039,1412410.249916664,0
2469,4078.295341922696,2596.78565921357,1412410.249916664,0
2470,4079.9471423852,2599.5693261037954,1412410.249916664,0
2471,4081.598942847704,2602.3719844357975,1412410.249916664,0
2472,4083.2507433102082,2605.120406567631,1412410.249916664,0
2473,4084.9025437727123,2607.9096622152397,1412410.249916664,0
2474,4086.554344235217,2610.722178374112,1412410.249916664,0
2475,4088.206144697721,2613.5630452022206,1412410.249916664,0
2476,4089.857945160225,2616.4310756972113,1412410.249916664,0
2477,4091.509745622729,2619.3266613290634,1412410.249916664,0
2478,4093.161546085233,2622.2534191472246,1412410.249916664,0
2479,4094.813346547737,2624.9797898140664,1412410.249916664,0
2480,4096.465147010242,2627.731112916328,1412410.249916664,0
2481,4098.116947472746,2630.3738775510205,1412410.249916664,0
2482,4099.76874793525,2633.042657916325,1412410.249916664,0
2483,4101.420548397754,2635.7378400659522,1412410.249916664,0
2484,4103.072348860258,2638.4614747307373,1412410.249916664,0
2485,4104.724149322762,2641.212323064113,1412410.249916664,0
2486,4106.375949785266,2643.9874476987447,1412410.249916664,0
2487,4108.02775024777,2646.7905803195963,1412410.249916664,0
2488,4109.679550710274,2649.6221470836854,1412410.249916664,0
2489,4111.331351172778,2652.4842820730673,1412410.249916664,0
2490,4112.983151635282,2655.3757472245943,1412410.249916664,0
2491,4114.6349520977865,2658.2969957081546,1412410.249916664,0
2492,4116.286752560291,2661.248490077653,1412410.249916664,0
2493,4117.9385530227955,2664.2307025151777,1412410.249916664,0
2494,4119.5903534853,2667.244115082825,1412410.249916664,0
2495,4121.242153947804,2670.285714285714,1412410.249916664,0
2496,4122.893954410308,2673.359471365639,1412410.249916664,0
2497,4124.545754872812,2676.476527900797,1412410.249916664,0
2498,4126.197555335316,2679.626892252894,1175457.8356236333,0
2499,4127.84935579782,2681.7991071428573,1175457.8356236333,0
2500,4129.501156260324,2683.9829901521935,1175457.8356236333,0
2501,4131.152956722828,2686.1786355475765,1175457.8356236333,0
2502,4132.804757185332,2688.3879387938796,1175457.8356236333,0
2503,4134.456557647836,2690.6092057761734,1175457.8356236333,0
2504,4136.10835811034,2692.8407239819003,1175457.8356236333,0
2505,4137.760158572844,2695.0862068965516,1175457.8356236333,0
2506,4139.411959035348,2697.3439490445858,1175457.8356236333,0
2507,4141.0637594978525,2699.435218978102,1175457.8356236333,0
2508,4142.715559960357,2701.537968892955,1175457.8356236333,0
2509,4144.367360422862,2703.6522935779817,1175457.8356236333,0
2510,4146.019160885366,2705.778288868445,1175457.8356236333,0
2511,4147.67096134787,2707.9160516605166,1175457.8356236333,0
2512,4149.322761810374,2710.0481036077704,1175457.8356236333,0
2513,4150.974562272878,2712.192022263451,1175457.8356236333,0
2514,4152.626362735382,2714.2502325581395,1175457.8356236333,0
2515,4154.278163197886,2716.3376865671644,1175457.8356236333,0
2516,4155.92996366039,2718.4368568755845,1175457.8356236333,0
2517,4157.581764122894,2720.547842401501,1175457.8356236333,0
2518,4159.233564585398,2722.6688617121354,1175457.8356236333,0
2519,4160.885365047902,2724.798113207547,1175457.8356236333,0
2520,4162.537165510406,2726.9394512771996,1175457.8356236333,0
2521,4164.18896597291,2729.100569259962,1175457.8356236333,0
2522,4165.8407664354145,2731.2740247383445,1175457.8356236333,0
2523,4167.492566897919,2733.459923664122,1175457.8356236333,0
2524,4169.1443673604235,2735.6545454545453,1175457.8356236333,0
2525,4170.796167822928,2737.700575815739,1175457.8356236333,0
2526,4172.447968285432,2739.754571703561,1175457.8356236333,0
2527,4174.099768747936,2741.820463320463,1175457.8356236333,0
2528,4175.75156921044,2743.898354307841,1175457.8356236333,0
2529,4177.403369672944,2745.988349514563,1175457.8356236333,0
2530,4179.055170135448,2747.9766309639726,1175457.8356236333,0
2531,4180.706970597952,2749.97265625,1175457.8356236333,0
2532,4182.358771060456,2751.9823702252693,1175457.8356236333,0
2533,4184.01057152296,2754.0039292730844,1175457.8356236333,0
2534,4185.662371985464,2756.037438423645,1175457.8356236333,0
2535,4187.314172447968,2758.083003952569,1175457.8356236333,0
2536,4188.965972910472,2760.1407333994052,1175457.8356236333,0
2537,4190.617773372976,2762.210735586481,1175457.8356236333,0
2538,4192.2695738354805,2764.297108673978,1175457.8356236333,0
2539,4193.9213742979855,2766.4,1175457.8356236333,0
2540,4195.57317476049,2768.5155466399196,1175457.8356236333,0
2541,4197.224975222994,2770.6438631790743,1175457.8356236333,0
2542,4198.876775685498,2772.7810292633703,1175457.8356236333,0
2543,4200.528576148002,2774.931174089069,1175457.8356236333,0
2544,4202.180376610506,2777.0984771573603,1175457.8356236333,0
2545,4203.83217707301,2779.2810590631366,1175457.8356236333,0
2546,4205.483977535514,2781.4749744637384,1175457.8356236333,0
2547,4207.135777998018,2783.6700819672133,1175457.8356236333,0
2548,4208.787578460522,2785.8725590955805,1175457.8356236333,0
2549,4210.439378923026,2787.8762886597938,1175457.8356236333,0
2550,4212.09117938553,2789.9007238883146,1175457.8356236333,0
2551,4213.742979848034,2791.9377593360996,1175457.8356236333,0
2552,4215.394780310538,2793.987513007284,1175457.8356236333,0
2553,4217.0465807730425,2796.0501043841336,1175457.8356236333,0
2554,4218.698381235547,2798.1057591623035,1175457.8356236333,0
2555,4220.3501816980515,2800.174369747899,1175457.8356236333,0
2556,4222.001982160556,2802.163329820864,1175457.8356236333,0
2557,4223.65378262306,2804.164904862579,1175457.8356236333,0
2558,4225.305583085564,2806.1792152704134,1175457.8356236333,0
2559,4226.957383548068,2808.2063829787235,1175457.8356236333,0
2560,4228.609184010572,2810.246531483458,1175457.8356236333,0
2561,4230.260984473076,2812.295503211991,1175457.8356236333,0
2562,4231.91278493558,2814.359828141783,1175457.8356236333,0
2563,4233.564585398084,2816.439655172414,1175457.8356236333,0
2564,4235.216385860588,2818.528648648649,1175457.8356236333,0
2565,4236.868186323092,2820.631236442516,1175457.8356236333,0
2566,4238.519986785596,2822.7475516866157,1175457.8356236333,0
2567,4240.1717872481,2824.8799126637555,1175457.8356236333,0
2568,4241.823587710604,2827.026286966046,1175457.8356236333,0
2569,4243.4753881731085,2828.9956043956045,1175457.8356236333,0
2570,4245.1271886356135,2830.977949283352,1175457.8356236333,0
2571,4246.778989098118,2832.973451327434,1175457.8356236333,0
2572,4248.430789560622,2834.9822419533853,1175457.8356236333,0
2573,4250.082590023126,2837.0044543429844,1175457.8356236333,0
2574,4251.73439048563,2839.040223463687,1175457.8356236333,0
2575,4253.386190948134,2841.087443946188,1175457.8356236333,0
2576,4255.037991410638,2843.1439820022497,1175457.8356236333,0
2577,4256.689791873142,2845.214446952596,1175457.8356236333,0
2578,4258.341592335646,2847.298980747452,1175457.8356236333,0
2579,4259.99339279815,2849.3886363636366,1175457.8356236333,0
2580,4261.645193260654,2851.4925883694414,1175457.8356236333,0
2581,4263.296993723158,2853.6155606407324,1175457.8356236333,0
2582,4264.948794185662,2855.753157290471,1175457.8356236333,0
2583,4266.600594648166,2857.8894009216588,1175457.8356236333,0
2584,4268.2523951106705,2860.0450867052023,1175457.8356236333,0
2585,4269.9041955731755,2862.215777262181,1175457.8356236333,0
2586,4271.5559960356795,2864.406286379511,1175457.8356236333,0
2587,4273.207796498184,2866.4731308411215,1175457.8356236333,0
2588,4274.859596960688,2868.554513481829,1175457.8356236333,0
2589,4276.511397423192,2870.650588235294,1175457.8356236333,0
2590,4278.163197885696,2872.7662337662337,1175457.8356236333,0
2591,4279.8149983482,2874.9135071090045,1175457.8356236333,0
2592,4281.466798810704,2877.076099881094,1175457.8356236333,0
2593,4283.118599273208,2879.2541766109784,1175457.8356236333,0
2594,4284.770399735712,2881.443113772455,1175457.8356236333,0
2595,4286.422200198216,2883.6478365384614,1175457.8356236333,0
2596,4288.07400066072,2885.6151990349817,1175457.8356236333,0
2597,4289.725801123224,2887.4418886198546,1175457.8356236333,0
2598,4291.377601585728,2889.300121506683,1175457.8356236333,0
2599,4293.029402048232,2891.1719512195123,1175457.8356236333,0
2600,4294.6812025107365,2893.0575275397796,1175457.8356236333,0
2601,4296.3330029732415,2894.9570024570025,1175457.8356236333,0
2602,4297.984803435746,2896.8705302096178,1175457.8356236333,0
2603,4299.63660389825,2898.8007425742576,1175457.8356236333,0
2604,4301.288404360754,2900.7428571428572,1175457.8356236333,0
2605,4302.940204823258,2902.699501246883,1175457.8356236333,0
2606,4304.592005285762,2904.670838548185,1175457.8356236333,0
2607,4306.243805748266,2906.657035175879,1175457.8356236333,0
2608,4307.89560621077,2908.6633039092058,1175457.8356236333,0
2609,4309.547406673274,2910.6873417721517,1175457.8356236333,0
2610,4311.199207135778,2912.7268106734437,1175457.8356236333,0
2611,4312.851007598282,2914.781887755102,1175457.8356236333,0
2612,4314.502808060786,2916.852752880922,1175457.8356236333,0
2613,4316.15460852329,2918.9061696658096,1175457.8356236333,0
2614,4317.806408985794,2920.7458064516127,1175457.8356236333,0
2615,4319.4582094482985,2922.5997409326424,1175457.8356236333,0
2616,4321.1100099108035,2924.4681404421326,1175457.8356236333,0
2617,4322.7618103733075,2926.351174934726,1175457.8356236333,0
2618,4324.413610835812,2928.249017038008,1175457.8356236333,0
2619,4326.065411298316,2930.161842105263,1175457.8356236333,0
2620,4327.71721176082,2932.0660501981506,1175457.8356236333,0
2621,4329.369012223324,2933.9801061007956,1175457.8356236333,0
2622,4331.020812685828,2935.909454061252,1175457.8356236333,0
2623,4332.672613148332,2937.854278074866,1175457.8356236333,0
2624,4334.324413610836,2939.814765100671,1175457.8356236333,0
2625,4335.97621407334,2941.7911051212936,1175457.8356236333,0
2626,4337.628014535844,2943.7834912043304,1175457.8356236333,0
2627,4339.279814998348,2945.797554347826,1175457.8356236333,0
2628,4340.931615460852,2947.8281036834924,1175457.8356236333,0
2629,4342.583415923356,2949.8753424657534,1175457.8356236333,0
2630,4344.23521638586,2951.939477303989,1175457.8356236333,0
2631,4345.887016848365,2954.020718232044,1175457.8356236333,0
2632,4347.5388173108695,2956.122052704577,1175457.8356236333,0
2633,4349.190617773374,2958.2437325905294,1175457.8356236333,0
2634,4350.842418235878,2960.377622377622,1175457.8356236333,0
2635,4352.494218698382,2962.5294943820227,1175457.8356236333,0
2636,4354.146019160886,2964.6995768688294,1175457.8356236333,0
2637,4355.79781962339,2966.888101983003,1175457.8356236333,0
2638,4357.449620085894,2969.095305832148,1175457.8356236333,0
2639,4359.101420548398,2971.157142857143,1175457.8356236333,0
2640,4360.753221010902,2973.2367288378764,1175457.8356236333,0
2641,4362.405021473406,2975.3342939481267,1175457.8356236333,0
2642,4364.05682193591,2977.424023154848,1175457.8356236333,0
2643,4365.708622398414,2979.531976744186,1175457.8356236333,0
2644,4367.360422860918,2981.658394160584,1175457.8356236333,0
2645,4369.012223323422,2983.6290322580644,1175457.8356236333,0
2646,4370.6640237859265,2985.6141384388807,1175457.8356236333,0
2647,4372.315824248431,2987.6168639053253,1175457.8356236333,0
2648,4373.9676247109355,2989.6374442793463,1175457.8356236333,0
2649,4375.61942517344,2991.697014925373,1175457.8356236333,0
2650,4377.271225635944,2993.7781109445277,1175457.8356236333,0
2651,4378.923026098448,2995.878012048193,1175457.8356236333,0
2652,4380.574826560952,2997.996974281392,1175457.8356236333,0
2653,4382.226627023456,3000.1352583586627,1175457.8356236333,0
2654,4383.87842748596,3002.2870229007635,1175457.8356236333,0
2655,4385.530227948464,3004.4585889570553,1175457.8356236333,0
2656,4387.182028410968,3006.9738058551616,1175457.8356236333,0
2657,4388.833828873472,3009.512383900929,1175457.8356236333,0
2658,4390.485629335976,3011.7916018662518,1175457.8356236333,0
2659,4392.13742979848,3014.0859375,1175457.8356236333,0
2660,4393.789230260984,3016.401883830455,1175457.8356236333,0
2661,4395.441030723488,3018.717665615142,1175457.8356236333,0
2662,4397.092831185993,3021.055467511886,1175457.8356236333,0
2663,4398.7446316484975,3023.4092356687897,1175457.8356236333,0
2664,4400.396432111002,3025.7856,1175457.8356236333,0
2665,4402.048232573506,3028.1672025723474,1175457.8356236333,0
2666,4403.70003303601,3030.5718901453956,1175457.8356236333,0
2667,4405.351833498514,3033.0,1175457.8356236333,0
2668,4407.003633961018,3035.451876019576,1175457.8356236333,0
2669,4408.655434423522,3037.927868852459,1175457.8356236333,0
2670,4410.307234886026,3040.4283360790773,1175457.8356236333,0
2671,4411.95903534853,3042.953642384106,1175457.8356236333,0
2672,4413.610835811034,3045.504159733777,1175457.8356236333,0
2673,4415.262636273538,3048.0367892976587,1175457.8356236333,0
2674,4416.914436736042,3050.594957983193,1175457.8356236333,0
2675,4418.566237198546,3053.1824324324325,1175457.8356236333,0
2676,4420.21803766105,3055.7894736842104,1175457.8356236333,0
2677,4421.869838123555,3058.4232081911264,1175457.8356236333,0
2678,4423.521638586059,3061.084048027444,1175457.8356236333,0
2679,4425.1734390485635,3063.7724137931036,1175457.8356236333,0
2680,4426.825239511068,3066.4956672443673,1175457.8356236333,0
2681,4428.477039973572,3069.0505226480836,1175457.8356236333,0
2682,4430.128840436076,3071.6252189141856,1175457.8356236333,0
2683,4431.78064089858,3074.2271126760565,1175457.8356236333,0
2684,4433.432441361084,3076.856637168142,1175457.8356236333,0
2685,4435.084241823588,3079.514234875445,1175457.8356236333,0
2686,4436.736042286092,3082.572450805009,1175457.8356236333,0
2687,4438.387842748596,3085.6636690647483,1175457.8356236333,0
2688,4440.0396432111,3088.7920433996383,1175457.8356236333,0
2689,4441.691443673604,3091.9545454545455,1175457.8356236333,0
2690,4443.343244136108,3095.151736745887,1175457.8356236333,0
2691,4444.995044598612,3098.387867647059,1175457.8356236333,1
2692,4446.646845061116,3101.65988909427,1175457.8356236333,0
2693,4448.298645523621,3104.968401486989,1175457.8356236333,0
2694,4449.9504459861255,3108.314018691589,1175457.8356236333,0
2695,4451.60224644863,3111.7048872180453,1175457.8356236333,0
2696,4453.254046911134,3115.134215500945,1175457.8356236333,0
2697,4454.905847373638,3118.5950570342206,1175457.8356236333,0
2698,4456.557647836142,3122.095602294455,1175457.8356236333,0
2699,4458.209448298646,3125.628846153846,1175457.8356236333,0
2700,4459.86124876115,3129.203094777563,1175457.8356236333,0
2701,4461.513049223654,3132.8190661478598,1175457.8356236333,0
2702,4463.164849686158,3136.504892367906,1175457.8356236333,0
2703,4464.816650148662,3140.2263779527557,1175457.8356236333,0
2704,4466.468450611166,3143.5960396039604,1175457.8356236333,0
2705,4468.12025107367,3147.0059760956174,1175457.8356236333,0
2706,4469.772051536174,3150.456913827655,1175457.8356236333,0
2707,4471.423851998678,3153.9495967741937,1175457.8356236333,0
2708,4473.075652461183,3157.4847870182557,1175457.8356236333,0
2709,4474.727452923687,3161.0632653061225,1175457.8356236333,0
2710,4476.3792533861915,3164.6858316221765,1175457.8356236333,0
2711,4478.031053848696,3168.353305785124,1175457.8356236333,0
2712,4479.6828543112,3172.066528066528,1175457.8356236333,0
2713,4481.334654773704,3176.2489539748954,1175457.8356236333,0
2714,4482.986455236208,3180.4842105263156,1175457.8356236333,0
2715,4484.638255698712,3184.773305084746,1175457.8356236333,0
2716,4486.290056161216,3189.1172707889127,1175457.8356236333,0
2717,4487.94185662372,3193.517167381974,1175457.8356236333,0
2718,4489.593657086224,3197.9784017278616,1175457.8356236333,0
2719,4491.245457548728,3202.4978260869566,1175457.8356236333,0
2720,4492.897258011232,3207.07658643326,1175457.8356236333,0
2721,4494.549058473736,3211.715859030837,1175457.8356236333,0
2722,4496.20085893624,3216.161862527716,1175457.8356236333,0
2723,4497.852659398745,3220.667410714286,1175457.8356236333,0
2724,4499.504459861249,3225.2337078651685,1175457.8356236333,0
2725,4501.1562603237535,3229.8619909502263,1175457.8356236333,0
2726,4502.808060786258,3234.5535307517084,1175457.8356236333,0
2727,4504.459861248762,3239.309633027523,1175457.8356236333,0
2728,4506.111661711266,3244.1362586605082,1175457.8356236333,0
2729,4507.76346217377,3249.0302325581397,1175457.8356236333,0
2730,4509.415262636274,3253.7049180327867,1175457.8356236333,0
2731,4511.067063098778,3258.4504716981132,1175457.8356236333,0
2732,4512.718863561282,3263.2636579572445,1175457.8356236333,0
2733,4514.370664023786,3268.150717703349,1175457.8356236333,0
2734,4516.02246448629,3273.10843373494,1175457.8356236333,0
2735,4517.674264948794,3278.1383495145633,1175457.8356236333,0
2736,4519.326065411298,3283.242053789731,1175457.8356236333,0
2737,4520.977865873802,3288.42118226601,1175457.8356236333,0
2738,4522.629666336306,3293.6774193548385,1175457.8356236333,0
2739,4524.281466798811,3299.0125,1175457.8356236333,0
2740,4525.933267261315,3304.428211586902,1175457.8356236333,0
2741,4527.5850677238195,3309.916243654822,1175457.8356236333,0
2742,4529.236868186324,3315.4884910485935,1175457.8356236333,0
2743,4530.888668648828,3321.146907216495,1175457.8356236333,0
2744,4532.540469111332,3326.4,1175457.8356236333,0
2745,4534.192269573836,3331.7356020942407,1175457.8356236333,0
2746,4535.84407003634,3337.155672823219,1175457.8356236333,0
2747,4537.495870498844,3342.6622340425533,1175457.8356236333,0
2748,4539.147670961348,3348.2573726541555,1175457.8356236333,0
2749,4540.799471423852,3353.943243243243,1175457.8356236333,0
2750,4542.451271886356,3359.7220708446866,1175457.8356236333,0
2751,4544.10307234886,3366.1401098901097,1175457.8356236333,0
2752,4545.754872811364,3372.6648199445985,1175457.8356236333,0
2753,4547.406673273868,3379.2988826815645,1175457.8356236333,0
2754,4549.058473736373,3386.045070422535,1175457.8356236333,0
2755,4550.710274198877,3392.9801136363635,1175457.8356236333,0
2756,4552.3620746613815,3400.0343839541547,1175457.8356236333,0
2757,4554.013875123886,3407.2109826589594,1175457.8356236333,0
2758,4555.66567558639,3414.5131195335275,1175457.8356236333,0
2759,4557.317476048894,3421.9441176470586,1175457.8356236333,0
2760,4558.969276511398,3429.507418397626,1175457.8356236333,0
2761,4560.621076973902,3437.206586826347,1175457.8356236333,0
2762,4562.272877436406,3445.045317220544,1175457.8356236333,0
2763,4563.92467789891,3452.670731707317,1175457.8356236333,0
2764,4565.576478361414,3460.436923076923,1175457.8356236333,0
2765,4567.228278823918,3468.3478260869565,1175457.8356236333,0
2766,4568.880079286422,3476.4075235109717,1175457.8356236333,0
2767,4570.531879748926,3484.6202531645567,1175457.8356236333,0
2768,4572.18368021143,3492.9904153354632,1175457.8356236333,0
2769,4573.835480673934,3501.5225806451613,1175457.8356236333,0
2770,4575.487281136439,3510.228013029316,1175457.8356236333,0
2771,4577.139081598943,3519.1052631578946,1175457.8356236333,0
2772,4578.7908820614475,3528.159468438538,1175457.8356236333,0
2773,4580.442682523952,3537.3959731543623,1175457.8356236333,0
2774,4582.094482986456,3546.908474576271,1175457.8356236333,0
2775,4583.74628344896,3556.6164383561645,1175457.8356236333,0
2776,4585.398083911464,3566.5259515570933,1175457.8356236333,0
2777,4587.049884373968,3576.6433566433566,1175457.8356236333,0
2778,4588.701684836472,3586.975265017668,1175457.8356236333,0
2779,4590.353485298976,3597.5285714285715,1175457.8356236333,0
2780,4592.00528576148,3608.3104693140795,1175457.8356236333,0
2781,4593.657086223984,3619.3284671532847,1175457.8356236333,0
2782,4595.308886686488,3630.590405904059,1175457.8356236333,0
2783,4596.960687148992,3642.10447761194,1175457.8356236333,0
2784,4598.612487611496,3653.879245283019,1175457.8356236333,0
2785,4600.264288074001,3665.9236641221373,1175457.8356236333,0
2786,4601.916088536505,3677.015444015444,1175457.8356236333,0
2787,4603.5678889990095,3688.3671875,1175457.8356236333,0
2788,4605.219689461514,3699.98814229249,1175457.8356236333,0
2789,4606.871489924018,3711.96,1175457.8356236333,0
2790,4608.523290386522,3724.2226720647773,1175457.8356236333,0
2791,4610.175090849026,3736.7868852459014,1175457.8356236333,0
2792,4611.82689131153,3749.663900414938,1175457.8356236333,0
2793,4613.478691774034,3762.8655462184875,1175457.8356236333,0
2794,4615.130492236538,3776.404255319149,1175457.8356236333,0
2795,4616.782292699042,3790.293103448276,829719.8452293592,0
2796,4618.434093161546,3792.5324675324673,829719.8452293592,0
2797,4620.08589362405,3794.791304347826,829719.8452293592,0
2798,4621.737694086554,3797.069868995633,829719.8452293592,0
2799,4623.389494549058,3799.3684210526317,829719.8452293592,0
2800,4625.041295011563,3801.6872246696034,829719.8452293592,0
2801,4626.693095474067,3804.026548672566,829719.8452293592,0
2802,4628.344895936571,3806.3288888888887,829719.8452293592,0
2803,4629.9966963990755,3808.651785714286,829719.8452293592,0
2804,4631.64849686158,3810.9955156950673,829719.8452293592,0
2805,4633.300297324084,3812.824324324324,829719.8452293592,0
2806,4634.952097786588,3814.6696832579187,829719.8452293592,0
2807,4636.603898249092,3816.5318181818184,829719.8452293592,0
2808,4638.255698711596,3818.4109589041095,829719.8452293592,0
2809,4639.9074991741,3820.3073394495414,829719.8452293592,0
2810,4641.559299636604,3822.221198156682,829719.8452293592,0
2811,4643.211100099108,3824.152777777778,829719.8452293592,0
2812,4644.862900561612,3826.1023255813952,829719.8452293592,0
2813,4646.514701024116,3828.0794392523367,829719.8452293592,0
2814,4648.16650148662,3830.075117370892,829719.8452293592,0
2815,4649.818301949124,3832.0896226415093,829719.8452293592,0
2816,4651.470102411629,3834.132701421801,829719.8452293592,0
2817,4653.121902874133,3836.195238095238,829719.8452293592,0
2818,4654.7737033366375,3838.2775119617227,829719.8452293592,0
2819,4656.425503799142,3840.3798076923076,829719.8452293592,0
2820,4658.077304261646,3842.5024154589373,829719.8452293592,0
2821,4659.72910472415,3844.645631067961,829719.8452293592,0
2822,4661.380905186654,3846.809756097561,829719.8452293592,0
2823,4663.032705649158,3848.9950980392155,829719.8452293592,0
2824,4664.684506111662,3851.2019704433496,829719.8452293592,0
2825,4666.336306574166,3853.430693069307,829719.8452293592,0
2826,4667.98810703667,3855.681592039801,829719.8452293592,0
2827,4669.639907499174,3857.955,829719.8452293592,0
2828,4671.291707961678,3860.251256281407,829719.8452293592,0
2829,4672.943508424182,3862.570707070707,829719.8452293592,0
2830,4674.595308886686,3864.9137055837564,829719.8452293592,0
2831,4676.247109349191,3867.280612244898,829719.8452293592,0
2832,4677.898909811695,3869.6717948717946,829719.8452293592,0
2833,4679.550710274199,3872.0876288659792,829719.8452293592,0
2834,4681.2025107367035,3874.5284974093265,829719.8452293592,0
2835,4682.854311199208,3876.9947916666665,829719.8452293592,0
2836,4684.506111661712,3879.4869109947645,829719.8452293592,0
2837,4686.157912124216,3882.0052631578947,829719.8452293592,0
2838,4687.80971258672,3884.5502645502647,829719.8452293592,0
2839,4689.461513049224,3887.122340425532,829719.8452293592,0
2840,4691.113313511728,3889.7219251336896,829719.8452293592,0
2841,4692.765113974232,3892.3494623655915,829719.8452293592,0
2842,4694.416914436736,3895.0054054054053,829719.8452293592,0
2843,4696.06871489924,3897.6902173913045,829719.8452293592,0
2844,4697.720515361744,3900.4043715846997,829719.8452293592,0
2845,4699.372315824248,3903.1483516483518,829719.8452293592,0
2846,4701.024116286753,3905.254143646409,829719.8452293592,0
2847,4702.675916749257,3907.383333333333,829719.8452293592,0
2848,4704.327717211761,3909.536312849162,829719.8452293592,0
2849,4705.9795176742655,3911.7134831460676,829719.8452293592,0
2850,4707.63131813677,3913.915254237288,829719.8452293592,0
2851,4709.283118599274,3916.1420454545455,829719.8452293592,0
2852,4710.934919061778,3918.3942857142856,829719.8452293592,0
2853,4712.586719524282,3920.6724137931033,829719.8452293592,0
2854,4714.238519986786,3922.976878612717,829719.8452293592,0
2855,4715.89032044929,3925.3081395348836,829719.8452293592,0
2856,4717.542120911794,3927.6783625730995,829719.8452293592,0
2857,4719.193921374298,3930.076470588235,829719.8452293592,0
2858,4720.845721836802,3932.5147928994083,829719.8452293592,0
2859,4722.497522299306,3934.9821428571427,829719.8452293592,0
2860,4724.14932276181,3937.4790419161677,829719.8452293592,0
2861,4725.801123224314,3940.0060240963853,829719.8452293592,0
2862,4727.452923686819,3942.5636363636363,829719.8452293592,0
2863,4729.104724149323,3945.1524390243903,829719.8452293592,0
2864,4730.756524611827,3947.7730061349694,829719.8452293592,0
2865,4732.4083250743315,3950.425925925926,829719.8452293592,0
2866,4734.060125536836,3953.111801242236,829719.8452293592,0
2867,4735.71192599934,3955.83125,829719.8452293592,0
2868,4737.363726461844,3957.7861635220124,829719.8452293592,0
2869,4739.015526924348,3959.76582278481,829719.8452293592,0
2870,4740.667327386852,3961.770700636943,829719.8452293592,0
2871,4742.319127849356,3963.801282051282,829719.8452293592,0
2872,4743.97092831186,3965.858064516129,829719.8452293592,0
2873,4745.622728774364,3967.9415584415583,829719.8452293592,0
2874,4747.274529236868,3970.052287581699,829719.8452293592,0
2875,4748.926329699372,3972.190789473684,829719.8452293592,0
2876,4750.578130161876,3974.3576158940396,829719.8452293592,0
2877,4752.229930624381,3976.5533333333333,829719.8452293592,0
2878,4753.881731086885,3978.778523489933,829719.8452293592,0
2879,4755.533531549389,3981.0337837837837,829719.8452293592,0
2880,4757.1853320118935,3983.3197278911566,829719.8452293592,0
2881,4758.837132474398,3985.6369863013697,829719.8452293592,0
2882,4760.488932936902,3987.9862068965517,829719.8452293592,0
2883,4762.140733399406,3990.3680555555557,829719.8452293592,0
2884,4763.79253386191,3992.7832167832166,829719.8452293592,0
2885,4765.444334324414,3995.2323943661972,829719.8452293592,0
2886,4767.096134786918,3997.7163120567375,829719.8452293592,0
2887,4768.747935249422,4000.2357142857145,829719.8452293592,0
2888,4770.399735711926,4001.906474820144,829719.8452293592,0
2889,4772.05153617443,4003.6014492753625,829719.8452293592,0
2890,4773.703336636934,4005.3211678832117,829719.8452293592,0
2891,4775.355137099438,4007.0661764705883,829719.8452293592,0
2892,4777.006937561943,4008.837037037037,829719.8452293592,0
2893,4778.658738024447,4010.634328358209,829719.8452293592,0
2894,4780.310538486951,4012.4586466165415,829719.8452293592,0
2895,4781.962338949455,4014.310606060606,829719.8452293592,0
2896,4783.6141394119595,4016.0763358778627,829719.8452293592,0
2897,4785.265939874464,4017.869230769231,829719.8452293592,0
2898,4786.917740336968,4019.68992248062,829719.8452293592,0
2899,4788.569540799472,4021.5390625,829719.8452293592,0
2900,4790.221341261976,4023.417322834646,829719.8452293592,0
2901,4791.87314172448,4025.34126984127,829719.8452293592,0
2902,4793.524942186984,4027.296,829719.8452293592,0
2903,4795.176742649488,4029.282258064516,829719.8452293592,0
2904,4796.828543111992,4031.3008130081303,829719.8452293592,0
2905,4798.480343574496,4033.3524590163934,829719.8452293592,0
2906,4800.132144037,4035.438016528926,829719.8452293592,0
2907,4801.783944499504,4037.5583333333334,829719.8452293592,0
2908,4803.435744962009,4039.714285714286,829719.8452293592,0
2909,4805.087545424513,4041.906779661017,829719.8452293592,0
2910,4806.739345887017,4044.136752136752,829719.8452293592,0
2911,4808.3911463495215,4046.405172413793,829719.8452293592,0
2912,4810.042946812026,4048.7130434782607,829719.8452293592,0
2913,4811.69474727453,4051.061403508772,829719.8452293592,0
2914,4813.346547737034,4053.451327433628,829719.8452293592,0
2915,4814.998348199538,4055.8839285714284,829719.8452293592,1
2916,4816.650148662042,4058.3603603603606,829719.8452293592,0
2917,4818.301949124546,4060.8818181818183,829719.8452293592,0
2918,4819.95374958705,4063.4495412844035,829719.8452293592,0
2919,4821.605550049554,4066.064814814815,829719.8452293592,0
2920,4823.257350512058,4068.728971962617,829719.8452293592,0
2921,4824.909150974562,4071.443396226415,829719.8452293592,0
2922,4826.560951437066,4074.209523809524,829719.8452293592,0
2923,4828.212751899571,4077.028846153846,829719.8452293592,0
2924,4829.864552362075,4079.902912621359,829719.8452293592,0
2925,4831.516352824579,4082.8333333333335,829719.8452293592,0
2926,4833.168153287083,4085.8217821782177,829719.8452293592,0
2927,4834.8199537495875,4088.87,829719.8452293592,0
2928,4836.471754212092,4091.979797979798,829719.8452293592,0
2929,4838.123554674596,4095.1530612244896,829719.8452293592,0
2930,4839.7753551371,4097.103092783505,829719.8452293592,0
2931,4841.427155599604,4099.09375,829719.8452293592,0
2932,4843.078956062108,4101.126315789474,829719.8452293592,0
2933,4844.730756524612,4103.202127659574,829719.8452293592,0
2934,4846.382556987116,4105.322580645161,829719.8452293592,0
2935,4848.03435744962,4107.489130434783,829719.8452293592,0
2936,4849.686157912124,4109.7032967032965,829719.8452293592,0
2937,4851.337958374628,4111.966666666666,829719.8452293592,0
2938,4852.989758837133,4114.2808988764045,829719.8452293592,0
2939,4854.641559299637,4116.647727272727,829719.8452293592,0
2940,4856.293359762141,4119.068965517241,829719.8452293592,0
2941,4857.945160224645,4121.546511627907,829719.8452293592,0
2942,4859.5969606871495,4124.082352941176,829719.8452293592,0
2943,4861.248761149654,4126.678571428572,829719.8452293592,0
2944,4862.900561612158,4129.361445783133,829719.8452293592,0
2945,4864.552362074662,4132.109756097561,829719.8452293592,0
2946,4866.204162537166,4134.925925925926,829719.8452293592,0
2947,4867.85596299967,4137.8125,829719.8452293592,0
2948,4869.507763462174,4140.772151898735,829719.8452293592,0
2949,4871.159563924678,4143.807692307692,829719.8452293592,0
2950,4872.811364387182,4146.922077922078,829719.8452293592,0
2951,4874.463164849686,4150.118421052632,829719.8452293592,0
2952,4876.11496531219,4153.4,829719.8452293592,0
2953,4877.766765774694,4156.77027027027,829719.8452293592,0
2954,4879.418566237199,4160.232876712329,829719.8452293592,0
2955,4881.070366699703,4163.791666666667,829719.8452293592,0
2956,4882.722167162207,4165.633802816901,829719.8452293592,0
2957,4884.373967624711,4167.528571428571,829719.8452293592,0
2958,4886.0257680872155,4169.478260869565,829719.8452293592,0
2959,4887.67756854972,4171.485294117647,829719.8452293592,0
2960,4889.329369012224,4173.55223880597,829719.8452293592,0
2961,4890.981169474728,4175.681818181818,829719.8452293592,0
2962,4892.632969937232,4177.876923076923,829719.8452293592,0
2963,4894.284770399736,4180.140625,829719.8452293592,0
2964,4895.93657086224,4182.476190476191,829719.8452293592,0
2965,4897.588371324744,4184.887096774193,829719.8452293592,0
2966,4899.240171787248,4187.377049180328,829719.8452293592,0
2967,4900.891972249752,4189.95,829719.8452293592,0
2968,4902.543772712256,4192.610169491525,829719.8452293592,0
2969,4904.195573174761,4195.362068965517,829719.8452293592,0
2970,4905.847373637265,4198.210526315789,829719.8452293592,0
2971,4907.499174099769,4201.160714285715,829719.8452293592,0
2972,4909.150974562273,4204.218181818182,829719.8452293592,0
2973,4910.8027750247775,4205.037037037037,829719.8452293592,0
2974,4912.4545754872815,4205.88679245283,829719.8452293592,0
2975,4914.106375949786,4206.7692307692305,829719.8452293592,0
2976,4915.75817641229,4207.35294117647,829719.8452293592,0
2977,4917.409976874794,4207.96,829719.8452293592,0
2978,4919.061777337298,4208.591836734694,829719.8452293592,0
2979,4920.713577799802,4209.25,829719.8452293592,0
2980,4922.365378262306,4209.936170212766,829719.8452293592,0
2981,4924.01717872481,4210.652173913043,829719.8452293592,0
2982,4925.668979187314,4211.4,829719.8452293592,0
2983,4927.320779649818,4212.181818181818,829719.8452293592,0
2984,4928.972580112323,4213.0,829719.8452293592,0
2985,4930.624380574827,4213.857142857143,829719.8452293592,0
2986,4932.276181037331,4214.756097560976,829719.8452293592,0
2987,4933.927981499835,4215.7,829719.8452293592,0
2988,4935.579781962339,4216.692307692308,829719.8452293592,0
2989,4937.2315824248435,4217.736842105263,829719.8452293592,0
2990,4938.883382887348,4218.8378378378375,829719.8452293592,0
2991,4940.535183349852,4220.0,829719.8452293592,0
2992,4942.186983812356,4221.228571428572,829719.8452293592,0
2993,4943.83878427486,4222.529411764706,829719.8452293592,0
2994,4945.490584737364,4223.909090909091,829719.8452293592,0
2995,4947.142385199868,4225.375,829719.8452293592,0
2996,4948.794185662372,4226.935483870968,829719.8452293592,0
2997,4950.445986124876,4228.6,829719.8452293592,0
2998,4952.09778658738,4230.379310344828,829719.8452293592,0
2999,4953.749587049884,4232.285714285715,829719.8452293592,0
3000,4955.401387512389,4234.333333333333,829719.8452293592,0
3001,4957.053187974893,4236.538461538462,829719.8452293592,0
3002,4958.704988437397,4238.92,829719.8452293592,0
3003,4960.356788899901,4241.5,829719.8452293592,0
3004,4962.0085893624055,4244.304347826087,829719.8452293592,0
3005,4963.6603898249095,4247.363636363636,829719.8452293592,0
3006,4965.312190287414,4250.714285714285,829719.8452293592,0
3007,4966.963990749918,4254.4,829719.8452293592,0
3008,4968.615791212422,4258.473684210527,829719.8452293592,0
3009,4970.267591674926,4263.0,829719.8452293592,0
3010,4971.91939213743,4268.058823529412,829719.8452293592,0
3011,4973.571192599934,4273.75,829719.8452293592,0
3012,4975.222993062438,4280.2,829719.8452293592,0
3013,4976.874793524942,4287.571428571428,829719.8452293592,0
3014,4978.526593987446,4296.076923076923,829719.8452293592,0
3015,4980.178394449951,4306.0,829719.8452293592,0
3016,4981.830194912455,4306.0,829719.8452293592,0
3017,4983.481995374959,4306.0,829719.8452293592,0
3018,4985.133795837463,4306.0,829719.8452293592,0
3019,4986.785596299967,4306.0,829719.8452293592,0
3020,4988.4373967624715,4306.0,829719.8452293592,0
3021,4990.089197224976,4306.0,829719.8452293592,0
3022,4991.74099768748,4306.0,829719.8452293592,0
3023,4993.392798149984,4306.0,829719.8452293592,0
3024,4995.044598612488,4306.0,829719.8452293592,0
3025,4996.696399074992,4306.0,829719.8452293592,0
3026,4998.348199537496,4306.0,829719.8452293592,0
