,t,msd,var,lt
0,0.0,0.0,,9447
1,0.26517571884984026,0.34844975299206293,4999384.848398985,0
2,0.5303514376996805,0.6840761152886363,4999384.848398985,0
3,0.7955271565495208,1.071616420087695,4998922.62617687,1678
4,1.060702875399361,1.5702038401514338,4998311.903954691,0
5,1.3258785942492013,2.1791698652002065,4997445.023954643,0
6,1.5910543130990416,2.8977632949711545,4996492.099510189,0
7,1.8562300319488818,3.7359109212453094,4995565.605179131,2539
8,2.121405750798722,4.676715559651194,4994302.481454642,0
9,2.3865814696485623,5.721080197965075,4993048.484541069,0
10,2.6517571884984026,6.851105018803478,4990498.941825016,0
11,2.916932907348243,8.088995765352715,4988545.825130805,1696
12,3.182108626198083,9.432993104908928,4986984.354285994,0
13,3.4472843450479234,10.851153531611537,4984735.669867848,0
14,3.7124600638977636,12.373911944956198,4982139.545486734,0
15,3.977635782747604,13.9831935068662,4978037.353015079,691
16,4.242811501597444,15.70302408167461,4975620.769820633,0
17,4.507987220447284,17.49860796733535,4971834.722459041,0
18,4.773162939297125,19.409968585627713,4968561.869282913,1050
19,5.038338658146965,21.396655755177246,4966570.055117871,0
20,5.303514376996805,23.480849920997436,4963422.502652495,0
21,5.568690095846645,25.640166361560635,4959655.145554989,0
22,5.833865814696486,27.878136249020425,4952824.435335916,518
23,6.099041533546326,30.241905107461477,4948907.504279345,0
24,6.364217252396166,32.684150491361606,4945642.555555337,0
25,6.6293929712460065,35.21286556134559,4942663.184888672,0
26,6.894568690095847,37.809110152493446,4938705.617683939,286
27,7.159744408945687,40.50029837275193,4935039.802796073,0
28,7.424920127795527,43.23957132528991,4931081.797414085,0
29,7.6900958466453675,46.045843558249025,4926140.012634061,0
30,7.955271565495208,48.916097841959456,4921850.846350537,568
31,8.220447284345049,51.890262169171436,4914434.86031747,0
32,8.485623003194888,54.942088113503665,4909942.952311485,0
33,8.750798722044728,58.03786814513984,4903292.99747907,186
34,9.015974440894569,61.26560034049533,4895814.948934487,0
35,9.28115015974441,64.47815283554081,4883071.959620173,0
36,9.54632587859425,67.93013382866619,4878384.603349072,0
37,9.811501597444089,71.32953184466298,4875277.903775623,250
38,10.07667731629393,74.88086128025016,4869300.917399413,0
39,10.341853035143771,78.51999526036072,4856257.586094923,0
40,10.60702875399361,81.95759920880306,4847947.463624509,0
41,10.87220447284345,85.76233586950318,4839469.540061154,252
42,11.13738019169329,89.47739329006741,4835334.674160957,0
43,11.402555910543132,93.3094988016288,4833235.084036247,0
44,11.667731629392971,97.04365815344707,4823388.322524551,0
45,11.93290734824281,100.85522698740618,4820293.03799032,150
46,12.198083067092652,104.58020436740595,4812975.071837551,0
47,12.463258785942493,108.36477172228463,4808209.876894369,0
48,12.728434504792332,112.28733398566168,4798088.457139013,0
49,12.993610223642172,116.29638862522302,4786476.11662985,228
50,13.258785942492013,120.17478305864584,4781250.738953214,0
51,13.523961661341854,124.04919593143025,4773963.253712769,0
52,13.789137380191693,127.9669779077552,4759773.812394114,146
53,14.054313099041533,131.99387588524786,4759754.185364764,0
54,14.319488817891374,135.7555757517455,4725274.992284126,0
55,14.584664536741215,139.7225649294832,4712106.616093942,0
56,14.849840255591054,144.04581933950044,4704181.90274557,84
57,15.115015974440894,148.29934646072792,4700507.243875651,0
58,15.380191693290735,152.4083128115803,4642211.2072032485,0
59,15.645367412140576,156.75404569346466,4627948.296145736,0
60,15.910543130990416,160.9234023836449,4623081.1055162875,176
61,16.175718849840255,165.37690452499467,4612166.412285674,0
62,16.440894568690098,169.6442636552324,4603023.244646707,0
63,16.706070287539937,174.06095700270612,4596510.345315286,0
64,16.971246006389777,178.0573750146011,4591356.998429164,70
65,17.236421725239616,182.41976458881842,4584644.95691844,0
66,17.501597444089455,187.41227148385374,4567514.85412004,0
67,17.766773162939298,191.72065597292226,4493536.070870464,71
68,18.031948881789138,195.908262220595,4492545.316572183,0
69,18.297124600638977,200.12914758928216,4461753.594593796,0
70,18.56230031948882,204.20473811121883,4454643.255822916,0
71,18.82747603833866,208.65022903278958,4448077.671892937,131
72,19.0926517571885,213.22002620762473,4441939.034053009,0
73,19.357827476038338,217.3421255243774,4441939.034053009,0
74,19.623003194888177,221.35552445754297,4439584.565814731,0
75,19.88817891373802,226.02246085872713,4429467.049346912,56
76,20.15335463258786,230.61270550289152,4424496.093869904,0
77,20.4185303514377,234.57703080441595,4406068.882616144,0
78,20.683706070287542,238.2714961385273,4361425.3119670125,0
79,20.94888178913738,241.58779176749346,4339213.422153716,100
80,21.21405750798722,245.23578939900614,4334043.908234172,0
81,21.47923322683706,249.22207046157556,4332935.198915851,0
82,21.7444089456869,253.27044756057435,4281950.817891608,69
83,22.009584664536742,257.86348664329745,4261339.162492735,0
84,22.27476038338658,262.0553443970989,4259041.221254049,0
85,22.53993610223642,266.6802929008637,4255840.175760714,0
86,22.805111821086264,270.8147964677128,4255840.175760714,43
87,23.070287539936103,274.97956926658907,4255840.175760714,0
88,23.335463258785943,278.737909899385,4255231.2769881,0
89,23.600638977635782,283.41923402577737,4220555.803515554,0
90,23.86581469648562,287.49376288495586,4220555.803515554,92
91,24.130990415335464,291.2598353804525,4218469.083477866,0
92,24.396166134185304,295.4345906502608,4215034.007785543,0
93,24.661341853035143,299.28038777409176,4215034.007785543,0
94,24.926517571884986,303.01337505012344,4158897.1903348216,46
95,25.191693290734825,306.5908977772006,4136322.551580996,0
96,25.456869009584665,310.44327387036856,4136322.551580996,0
97,25.722044728434504,314.23284872035373,4136322.551580996,0
98,25.987220447284344,318.00659245895315,4136322.551580996,51
99,26.252396166134186,321.82023735381637,4136322.551580996,0
100,26.517571884984026,325.15247381343505,4135197.786916328,0
101,26.782747603833865,328.78663266772014,4135197.786916328,59
102,27.047923322683708,332.1984125534881,4135197.786916328,0
103,27.313099041533548,335.53106232277077,4135197.786916328,0
104,27.578274760383387,338.34319628638747,4077195.404060991,0
105,27.843450479233226,341.8596746436341,4077195.404060991,23
106,28.108626198083066,345.6309834942908,4069059.947159373,0
107,28.37380191693291,348.8801879349194,4069059.947159373,0
108,28.638977635782748,352.1197277829206,4069059.947159373,0
109,28.904153354632587,355.33458118154687,4058320.82498704,33
110,29.16932907348243,358.7160967119808,4049325.828246776,0
111,29.43450479233227,361.2345263562724,3969850.7225822015,0
112,29.69968051118211,364.49887497554295,3969850.7225822015,0
113,29.96485623003195,367.6254530166071,3918802.0751604317,34
114,30.230031948881788,371.24678702027194,3794953.076260188,0
115,30.49520766773163,375.4486093366093,3775324.3953643823,0
116,30.76038338658147,378.3713711904403,3657162.9154680483,26
117,31.02555910543131,382.3490084275823,3656765.1724925963,0
118,31.290734824281152,385.2819781366089,3529011.6195219383,0
119,31.55591054313099,389.63281360969376,3527997.6835242864,0
120,31.82108626198083,393.2535068976729,3435952.2055731458,46
121,32.08626198083067,397.92122891850454,3435952.2055731458,0
122,32.35143769968051,402.5690836767948,3435952.2055731458,0
123,32.61661341853035,407.1944897611337,3388391.135519884,0
124,32.881789137380196,410.8006193336567,3386290.6771139097,34
125,33.146964856230035,415.60657806721946,3386290.6771139097,0
126,33.412140575079874,419.52713427162524,3356702.7250327044,0
127,33.677316293929714,424.17389737291757,3321778.983108869,0
128,33.94249201277955,429.57768563463196,3291349.497121336,14
129,34.20766773162939,434.670037437067,3291349.497121336,0
130,34.47284345047923,439.6294274660348,3287807.676803955,0
131,34.73801916932907,444.7487192739766,3287807.676803955,50
132,35.00319488817891,450.0330528284245,3287787.2901763436,0
133,35.26837060702876,455.0439589947717,3287787.2901763436,0
134,35.533546325878596,460.1333377591157,3276074.892205618,0
135,35.798722044728436,465.2459071559571,3276074.892205618,18
136,36.063897763578275,470.4558203811441,3276074.892205618,0
137,36.329073482428115,475.6628138355856,3264234.3351892536,0
138,36.594249201277954,480.9218774665427,3264234.3351892536,0
139,36.85942492012779,484.88977751387057,3211039.3493926194,23
140,37.12460063897764,490.40898322929985,3211039.3493926194,0
141,37.38977635782748,495.9606744784224,3211039.3493926194,0
142,37.65495207667732,503.29978113727555,3205256.8815058963,0
143,37.92012779552716,509.06089839572195,3197327.749818876,26
144,38.185303514377,514.8384215091066,3197327.749818876,0
145,38.45047923322684,521.0742483125383,3196535.383935705,0
146,38.715654952076676,525.9042694812913,3123822.6282680267,0
147,38.980830670926515,531.261929850971,3106837.8423030386,17
148,39.246006389776355,537.1896245109497,3106837.8423030386,0
149,39.5111821086262,543.2260330365873,3106837.8423030386,0
150,39.77635782747604,549.4291252272484,3067556.4841680676,28
151,40.04153354632588,558.3554514627277,3064561.5927389394,0
152,40.30670926517572,564.826121118645,3064561.5927389394,0
153,40.57188498402556,571.3925960858288,3064561.5927389394,0
154,40.8370607028754,578.0583704057565,3064561.5927389394,15
155,41.10223642172524,584.8705910823402,3064561.5927389394,0
156,41.367412140575084,591.8405553761705,3014259.1304893172,0
157,41.63258785942492,599.0788220643176,2912536.513752035,0
158,41.89776357827476,606.2914177581537,2912536.513752035,14
159,42.1629392971246,613.6004511278195,2912536.513752035,0
160,42.42811501597444,617.8305948140488,2904786.71447101,0
161,42.69329073482428,625.2076481538938,2904786.71447101,0
162,42.95846645367412,632.6779527868338,2904786.71447101,32
163,43.22364217252396,641.0251134020618,2899161.6840011324,0
164,43.4888178913738,647.5576326747586,2896079.6102791997,0
165,43.753993610223645,654.9621490716656,2896079.6102791997,15
166,44.019169329073485,662.3838434292979,2896079.6102791997,0
167,44.284345047923324,667.9538518967851,2889903.7099511563,0
168,44.54952076677316,675.2163653855891,2888312.0171694877,0
169,44.814696485623,682.2638077671893,2888312.0171694877,11
170,45.07987220447284,689.3115570073106,2888312.0171694877,0
171,45.34504792332268,696.5621326616289,2888312.0171694877,0
172,45.61022364217253,703.8500398406375,2888312.0171694877,0
173,45.87539936102237,715.9319036427732,2879155.0524819773,18
174,46.14057507987221,724.1358790463269,2795251.1730694417,0
175,46.405750798722046,731.7106691960489,2795251.1730694417,0
176,46.670926517571885,736.2627885004724,2759478.93145349,0
177,46.936102236421725,744.0157028743088,2759478.93145349,10
178,47.201277955271564,751.8444321635811,2759478.93145349,0
179,47.466453674121404,760.4091945568224,2758520.1142357164,0
180,47.73162939297124,767.9376580865943,2758520.1142357164,0
181,47.99680511182109,775.5892091203251,2758520.1142357164,18
182,48.26198083067093,783.3327496954932,2758520.1142357164,0
183,48.52715654952077,791.2363090194871,2758520.1142357164,0
184,48.79233226837061,799.3366328916602,2758520.1142357164,19
185,49.05750798722045,807.4739291630511,2758520.1142357164,0
186,49.322683706070286,815.5795273075695,2758520.1142357164,0
187,49.587859424920126,823.7759275725487,2758520.1142357164,0
188,49.85303514376997,832.0325748895073,2758520.1142357164,7
189,50.11821086261981,840.5046000828844,2758520.1142357164,0
190,50.38338658146965,849.0491101410342,2758520.1142357164,0
191,50.64856230031949,857.5880602092014,2758520.1142357164,0
192,50.91373801916933,867.0311276963685,2730370.378174098,21
193,51.17891373801917,873.8631717437506,2727758.5699148905,0
194,51.44408945686901,892.5626025791324,2720353.369285407,0
195,51.70926517571885,901.0645697329377,2720353.369285407,0
196,51.97444089456869,909.6907451923076,2720353.369285407,14
197,52.239616613418534,918.3268411442483,2720353.369285407,0
198,52.50479233226837,927.0340320591862,2720353.369285407,0
199,52.76996805111821,935.9960024984384,2720353.369285407,7
200,53.03514376996805,944.989746835443,2720353.369285407,0
201,53.30031948881789,953.8678640153945,2720353.369285407,0
202,53.56549520766773,962.7631989596879,2720353.369285407,0
203,53.83067092651757,971.8584047462097,2720353.369285407,19
204,54.095846645367416,981.0366310160427,2720353.369285407,0
205,54.361022364217256,990.278779661017,2720353.369285407,0
206,54.626198083067095,1006.7302361005331,2718179.1936817383,0
207,54.891373801916934,1015.4981464318814,2718179.1936817383,11
208,55.156549520766774,1024.4317718940938,2718179.1936817383,0
209,55.42172523961661,1026.998524590164,2661459.5877761473,0
210,55.68690095846645,1035.9941879774162,2661459.5877761473,0
211,55.95207667731629,1044.9931022880216,2661459.5877761473,11
212,56.21725239616613,1054.0997272417321,2661459.5877761473,0
213,56.48242811501598,1063.2603662750519,2661459.5877761473,0
214,56.74760383386582,1072.7334500875656,2661459.5877761473,13
215,57.01277955271566,1082.2956321022727,2661459.5877761473,0
216,57.277955271565496,1091.8131076701477,2661459.5877761473,0
217,57.543130990415335,1101.59130752374,2661459.5877761473,0
218,57.808306709265175,1111.5079659133012,2661459.5877761473,6
219,58.073482428115014,1121.5582706766918,2661459.5877761473,0
220,58.33865814696486,1114.6437026974577,2659139.19157348,0
221,58.6038338658147,1122.6744643208178,2659139.19157348,0
222,58.86900958466454,1131.0625373431587,2659139.19157348,12
223,59.13418530351438,1139.6423814328962,2659139.19157348,0
224,59.39936102236422,1148.2382900388627,2659139.19157348,0
225,59.66453674121406,1156.8527887207133,2659139.19157348,0
226,59.9297124600639,1165.4532268236283,2659139.19157348,13
227,60.194888178913736,1174.1656363248774,2659139.19157348,0
228,60.460063897763575,1183.0652972972973,2659139.19157348,0
229,60.72523961661342,1172.1305704099823,2631757.413728911,0
230,60.99041533546326,1179.4028874351454,2631757.413728911,3
231,61.2555910543131,1186.6091822750113,2631757.413728911,0
232,61.52076677316294,1194.1943095072866,2631757.413728911,0
233,61.78594249201278,1201.8840206185566,2631757.413728911,14
234,62.05111821086262,1188.0130214612973,2488506.7050066614,0
235,62.31629392971246,1194.4763529985373,2488506.7050066614,0
236,62.581469648562305,1201.0305644564949,2488506.7050066614,0
237,62.846645367412144,1207.5466101694915,2488506.7050066614,5
238,63.11182108626198,1214.0783967733803,2488506.7050066614,0
239,63.37699680511182,1220.6843447220806,2488506.7050066614,0
240,63.64217252396166,1227.290688676812,2488506.7050066614,0
241,63.9073482428115,1233.71372651357,2488506.7050066614,8
242,64.17252396166134,1240.4972273567469,2488506.7050066614,0
243,64.43769968051119,1247.2805986103688,2488506.7050066614,0
244,64.70287539936102,1253.9691641871789,2488506.7050066614,0
245,64.96805111821087,1260.564622124863,2488506.7050066614,5
246,65.2332268370607,1267.186581646798,2488506.7050066614,0
247,65.49840255591054,1273.8832116788321,2488506.7050066614,0
248,65.76357827476039,1280.527722490759,2488506.7050066614,2
249,66.02875399361022,1287.339573732719,2488506.7050066614,0
250,66.29392971246007,1294.366501313102,2488506.7050066614,0
251,66.5591054313099,1301.1141336487285,2488506.7050066614,0
252,66.82428115015975,1307.5711717111178,2488506.7050066614,9
253,67.08945686900958,1318.4723183391004,2355579.1234234096,0
254,67.35463258785943,1300.8023504273503,2341969.6995767583,0
255,67.61980830670926,1305.9003597122303,2341969.6995767583,0
256,67.8849840255591,1310.983648255814,2341969.6995767583,8
257,68.15015974440895,1315.848751835536,2341969.6995767583,0
258,68.41533546325878,1320.904302670623,2341969.6995767583,0
259,68.68051118210863,1325.866191904048,2341969.6995767583,0
260,68.94568690095846,1330.8007575757576,2341969.6995767583,5
261,69.21086261980831,1335.8162327718223,2341969.6995767583,0
262,69.47603833865814,1340.9620743034056,2341969.6995767583,0
263,69.74121405750799,1345.9859154929577,2341969.6995767583,7
264,70.00638977635782,1351.232990506329,2341969.6995767583,0
265,70.27156549520767,1356.076,2341969.6995767583,0
266,70.53674121405751,1360.787216828479,2341969.6995767583,0
267,70.80191693290735,1365.5061374795416,2341969.6995767583,5
268,71.06709265175719,1370.3923841059602,2341969.6995767583,0
269,71.33226837060703,1390.2060173380928,2340038.8736751024,0
270,71.59744408945687,1394.2113402061855,2340038.8736751024,0
271,71.8626198083067,1398.117248566962,2340038.8736751024,2
272,72.12779552715655,1401.7871443624867,2340038.8736751024,0
273,72.3929712460064,1405.3697389451252,2340038.8736751024,0
274,72.65814696485623,1408.920797413793,2340038.8736751024,0
275,72.92332268370608,1412.599455040872,2340038.8736751024,5
276,73.18849840255591,1416.2464167585447,2340038.8736751024,0
277,73.45367412140575,1420.0652537646404,2340038.8736751024,0
278,73.71884984025559,1423.9356659142213,2340038.8736751024,0
279,73.98402555910543,1427.741861793261,2340038.8736751024,6
280,74.24920127795528,1431.701156069364,2340038.8736751024,0
281,74.51437699680511,1435.8858981860737,2340038.8736751024,0
282,74.77955271565496,1440.2340047393366,2340038.8736751024,15
283,75.04472843450479,1444.6826634673066,2340038.8736751024,0
284,75.30990415335464,1464.2782071097372,2310363.9696896006,0
285,75.57507987220447,1466.6591086786552,2310363.9696896006,0
286,75.84025559105432,1469.3560126582279,2310363.9696896006,7
287,76.10543130990415,1471.9711769415533,2310363.9696896006,0
288,76.370607028754,1474.7293354943274,2310363.9696896006,0
289,76.63578274760384,1477.4101722723544,2310363.9696896006,0
290,76.90095846645367,1480.0132890365448,2310363.9696896006,2
291,77.16613418530352,1482.5239697224558,2310363.9696896006,0
292,77.43130990415335,1485.2035775127767,2310363.9696896006,0
293,77.6964856230032,1487.3839516824848,2310363.9696896006,0
294,77.96166134185303,1489.2307692307693,2310363.9696896006,9
295,78.22683706070288,1490.8547387068202,2310363.9696896006,0
296,78.49201277955271,1492.543985637343,2310363.9696896006,0
297,78.75718849840256,1494.169244767971,2310363.9696896006,2
298,79.0223642172524,1495.4529520295202,2310363.9696896006,0
299,79.28753993610223,1496.6782039289055,2310363.9696896006,0
300,79.55271565495208,1497.9895635673624,1664789.894014285,0
301,79.81789137380191,1522.6100131752305,1380212.8217525857,9
302,80.08306709265176,1534.6254980079682,1380212.8217525857,0
303,80.34824281150159,1546.6064257028113,1380212.8217525857,0
304,80.61341853035144,1558.7732793522266,1380212.8217525857,0
305,80.87859424920129,1571.3836734693878,1380212.8217525857,6
306,81.14376996805112,1584.19341563786,1380212.8217525857,0
307,81.40894568690096,1597.2323651452282,1380212.8217525857,0
308,81.6741214057508,1610.2426778242677,1380212.8217525857,0
309,81.93929712460064,1623.5386779184248,1380212.8217525857,1
310,82.20447284345047,1637.099290780142,1380212.8217525857,0
311,82.46964856230032,1650.9513590844062,1380212.8217525857,0
312,82.73482428115017,1664.5440115440115,1380212.8217525857,0
313,83.0,1678.6637554585152,1380212.8217525857,0
314,83.26517571884985,1693.2393538913363,1380212.8217525857,0
315,83.53035143769968,1707.8725925925926,1380212.8217525857,0
316,83.79552715654953,1722.52466367713,1380212.8217525857,2
317,84.06070287539936,1737.4253393665158,1380212.8217525857,0
318,84.3258785942492,1752.6133942161339,1380212.8217525857,0
319,84.59105431309904,1768.1397849462367,1380212.8217525857,0
320,84.85623003194888,1783.6372093023256,1380212.8217525857,8
321,85.12140575079873,1799.1658841940532,1380212.8217525857,0
322,85.38658146964856,1814.9336492890995,1380212.8217525857,0
323,85.65175718849841,1831.0829346092503,1380212.8217525857,0
324,85.91693290734824,1847.207729468599,1380212.8217525857,5
325,86.18210862619809,1863.3951219512196,1380212.8217525857,0
326,86.44728434504792,1879.9556650246304,1380212.8217525857,0
327,86.71246006389777,1896.6202321724709,1380212.8217525857,0
328,86.9776357827476,1921.234096692112,1096566.0503755216,5
329,87.24281150159744,1935.7179487179487,1096566.0503755216,0
330,87.50798722044729,1950.2790697674418,1096566.0503755216,0
331,87.77316293929712,1965.0364583333333,1096566.0503755216,2
332,88.03833865814697,1979.5905511811025,1096566.0503755216,0
333,88.3035143769968,1994.388888888889,1096566.0503755216,0
334,88.56869009584665,2009.12,1096566.0503755216,0
335,88.83386581469648,2024.021505376344,1096566.0503755216,6
336,89.09904153354633,2038.7235772357724,1096566.0503755216,0
337,89.36421725239617,2053.467213114754,1096566.0503755216,0
338,89.629392971246,2068.4545454545455,1096566.0503755216,0
339,89.89456869009585,2083.6694444444443,1096566.0503755216,4
340,90.15974440894568,2099.1344537815125,1096566.0503755216,0
341,90.42492012779553,2114.358757062147,1096566.0503755216,0
342,90.69009584664536,2129.4900284900286,1096566.0503755216,0
343,90.95527156549521,2144.8333333333335,833557.6898494209,2
344,91.22044728434506,2158.0289017341042,833557.6898494209,0
345,91.48562300319489,2171.0406976744184,833557.6898494209,0
346,91.75079872204473,2184.1929824561403,833557.6898494209,7
347,92.01597444089457,2197.423529411765,833557.6898494209,0
348,92.28115015974441,2210.798816568047,833557.6898494209,0
349,92.54632587859425,2224.3214285714284,833557.6898494209,0
350,92.81150159744409,2237.946107784431,833557.6898494209,7
351,93.07667731629392,2251.1626506024095,833557.6898494209,0
352,93.34185303514377,2264.7272727272725,833557.6898494209,0
353,93.60702875399362,2278.3414634146343,833557.6898494209,0
354,93.87220447284345,2292.0981595092026,833557.6898494209,2
355,94.1373801916933,2305.462962962963,833557.6898494209,0
356,94.40255591054313,2318.9565217391305,833557.6898494209,0
357,94.66773162939297,2332.61875,833557.6898494209,0
358,94.93290734824281,2346.2138364779876,833557.6898494209,1
359,95.19808306709265,2359.9556962025317,833557.6898494209,0
360,95.46325878594249,2373.2547770700635,833557.6898494209,0
361,95.72843450479233,2386.602564102564,833557.6898494209,0
362,95.99361022364218,2400.2451612903224,833557.6898494209,7
363,96.25878594249201,2414.064935064935,833557.6898494209,0
364,96.52396166134186,2427.4313725490197,833557.6898494209,0
365,96.78913738019169,2440.9473684210525,833557.6898494209,4
366,97.05431309904154,2454.615894039735,833557.6898494209,0
367,97.31948881789137,2468.1866666666665,833557.6898494209,0
368,97.58466453674122,2481.248322147651,833557.6898494209,0
369,97.84984025559106,2494.472972972973,833557.6898494209,3
370,98.1150159744409,2507.877551020408,833557.6898494209,0
371,98.38019169329074,2520.917808219178,833557.6898494209,0
372,98.64536741214057,2534.096551724138,833557.6898494209,0
373,98.91054313099042,2547.0208333333335,833557.6898494209,1
374,99.17571884984025,2560.0699300699303,833557.6898494209,0
375,99.4408945686901,2573.274647887324,833557.6898494209,0
376,99.70607028753994,2586.0567375886526,833557.6898494209,0
377,99.97124600638978,2598.9928571428572,833557.6898494209,2
378,100.23642172523962,2611.6474820143885,833557.6898494209,0
379,100.50159744408946,2624.4565217391305,833557.6898494209,0
380,100.7667731629393,2637.4379562043796,833557.6898494209,3
381,101.03194888178913,2649.794117647059,833557.6898494209,0
382,101.29712460063898,2661.962962962963,833557.6898494209,0
383,101.56230031948881,2674.313432835821,833557.6898494209,0
384,101.82747603833866,2686.8045112781956,833557.6898494209,6
385,102.0926517571885,2699.4545454545455,833557.6898494209,0
386,102.35782747603834,2711.7709923664124,833557.6898494209,0
387,102.62300319488818,2723.4076923076923,833557.6898494209,0
388,102.88817891373802,2735.2093023255816,833557.6898494209,5
389,103.15335463258786,2746.625,833557.6898494209,0
390,103.4185303514377,2758.1732283464567,833557.6898494209,0
391,103.68370607028754,2769.9206349206347,833557.6898494209,0
392,103.94888178913737,2781.976,833557.6898494209,0
393,104.21405750798722,2793.6209677419356,833557.6898494209,0
394,104.47923322683707,2804.5365853658536,833557.6898494209,0
395,104.7444089456869,2815.6147540983607,833557.6898494209,8
396,105.00958466453675,2826.223140495868,833557.6898494209,0
397,105.27476038338658,2836.975,833557.6898494209,0
398,105.53993610223642,2847.890756302521,833557.6898494209,0
399,105.80511182108626,2858.322033898305,833557.6898494209,2
400,106.0702875399361,2868.931623931624,833557.6898494209,0
401,106.33546325878595,2878.25,833557.6898494209,0
402,106.60063897763578,2887.7130434782607,833557.6898494209,0
403,106.86581469648563,2897.342105263158,833557.6898494209,1
404,107.13099041533546,2906.424778761062,833557.6898494209,0
405,107.39616613418531,2915.651785714286,833557.6898494209,0
406,107.66134185303514,2924.3153153153153,833557.6898494209,0
407,107.92651757188499,2933.2363636363634,833557.6898494209,5
408,108.19169329073483,2942.302752293578,833557.6898494209,0
409,108.45686900958466,2950.8703703703704,833557.6898494209,0
410,108.72204472843451,2959.5794392523367,833557.6898494209,0
411,108.98722044728434,2967.3867924528304,833557.6898494209,2
412,109.25239616613419,2974.5333333333333,833557.6898494209,0
413,109.51757188498402,2981.798076923077,833557.6898494209,0
414,109.78274760383387,2989.1844660194174,833557.6898494209,3
415,110.0479233226837,2995.8627450980393,833557.6898494209,0
416,110.31309904153355,3002.6732673267325,833557.6898494209,0
417,110.5782747603834,3008.77,833557.6898494209,0
418,110.84345047923323,3015.10101010101,833557.6898494209,4
419,111.10862619808307,3021.6326530612246,833557.6898494209,0
420,111.3738019169329,3028.278350515464,833557.6898494209,0
421,111.63897763578275,3034.1145833333335,833557.6898494209,0
422,111.90415335463258,3040.1157894736843,833557.6898494209,0
423,112.16932907348243,3046.2021276595747,833557.6898494209,0
424,112.43450479233226,3051.4193548387098,833557.6898494209,0
425,112.69968051118211,3056.771739130435,833557.6898494209,0
426,112.96485623003196,3062.2417582417584,833557.6898494209,5
427,113.23003194888179,3066.777777777778,833557.6898494209,0
428,113.49520766773163,3071.494382022472,833557.6898494209,0
429,113.76038338658147,3076.318181818182,833557.6898494209,0
430,114.02555910543131,3080.1609195402298,833557.6898494209,0
431,114.29073482428115,3084.139534883721,833557.6898494209,0
432,114.55591054313099,3088.211764705882,833557.6898494209,0
433,114.82108626198084,3091.285714285714,833557.6898494209,0
434,115.08626198083067,3094.409638554217,833557.6898494209,0
435,115.35143769968052,3097.6341463414633,833557.6898494209,0
436,115.61661341853035,3100.938271604938,833557.6898494209,0
437,115.8817891373802,3103.1125,833557.6898494209,2
438,116.14696485623003,3105.3417721518986,833557.6898494209,0
439,116.41214057507987,3107.769230769231,833557.6898494209,0
440,116.67731629392972,3110.2597402597403,833557.6898494209,0
441,116.94249201277955,3112.8684210526317,833557.6898494209,1
442,117.2076677316294,3114.173333333333,833557.6898494209,0
443,117.47284345047923,3115.5405405405404,833557.6898494209,0
444,117.73801916932908,3116.945205479452,833557.6898494209,1
445,118.00319488817891,3118.3888888888887,833557.6898494209,0
446,118.26837060702876,3119.774647887324,833557.6898494209,0
447,118.53354632587859,3119.8285714285716,833557.6898494209,0
448,118.79872204472844,3119.913043478261,833557.6898494209,0
449,119.06389776357828,3119.970588235294,833557.6898494209,0
450,119.32907348242811,3120.0597014925374,833557.6898494209,0
451,119.59424920127796,3120.151515151515,833557.6898494209,0
452,119.8594249201278,3120.246153846154,833557.6898494209,3
453,120.12460063897764,3120.34375,833557.6898494209,0
454,120.38977635782747,3118.809523809524,833557.6898494209,0
455,120.65495207667732,3117.1451612903224,833557.6898494209,0
456,120.92012779552715,3115.4590163934427,833557.6898494209,1
457,121.185303514377,3113.7166666666667,833557.6898494209,0
458,121.45047923322684,3111.915254237288,833557.6898494209,0
459,121.71565495207668,3109.896551724138,833557.6898494209,0
460,121.98083067092652,3107.7719298245615,833557.6898494209,2
461,122.24600638977635,3105.375,833557.6898494209,0
462,122.5111821086262,3102.890909090909,833557.6898494209,0
463,122.77635782747603,3098.3333333333335,833557.6898494209,5
464,123.04153354632588,3093.3207547169814,833557.6898494209,0
465,123.30670926517573,3088.1153846153848,833557.6898494209,0
466,123.57188498402556,3082.6666666666665,833557.6898494209,0
467,123.8370607028754,3076.66,833557.6898494209,2
468,124.10223642172524,3070.4489795918366,833557.6898494209,0
469,124.36741214057508,3063.9791666666665,833557.6898494209,0
470,124.63258785942492,3057.276595744681,833557.6898494209,0
471,124.89776357827476,3050.282608695652,833557.6898494209,2
472,125.16293929712461,3042.9333333333334,833557.6898494209,0
473,125.42811501597444,3035.159090909091,833557.6898494209,0
474,125.69329073482429,3027.0697674418607,833557.6898494209,0
475,125.95846645367412,3021.2380952380954,833557.6898494209,2
476,126.22364217252397,3015.0,833557.6898494209,0
477,126.4888178913738,3008.5,833557.6898494209,0
478,126.75399361022365,3001.6153846153848,833557.6898494209,1
479,127.01916932907348,2993.8684210526317,833557.6898494209,0
480,127.28434504792332,2985.7027027027025,833557.6898494209,0
481,127.54952076677317,2977.027777777778,833557.6898494209,0
482,127.814696485623,2970.9142857142856,833557.6898494209,2
483,128.07987220447285,2964.4411764705883,833557.6898494209,0
484,128.34504792332268,2957.6363636363635,833557.6898494209,0
485,128.6102236421725,2950.40625,833557.6898494209,0
486,128.87539936102237,2943.3225806451615,833557.6898494209,3
487,129.1405750798722,2932.0666666666666,833557.6898494209,0
488,129.40575079872204,2920.0344827586205,833557.6898494209,0
489,129.6709265175719,2907.1428571428573,833557.6898494209,0
490,129.93610223642173,2897.4074074074074,833557.6898494209,3
491,130.20127795527156,2891.0384615384614,833557.6898494209,0
492,130.4664536741214,2884.16,833557.6898494209,0
493,130.73162939297126,2876.7083333333335,833557.6898494209,0
494,130.9968051118211,2868.217391304348,833557.6898494209,2
495,131.26198083067092,2858.8636363636365,833557.6898494209,0
496,131.52715654952078,2848.6190476190477,833557.6898494209,0
497,131.79233226837061,2837.25,833557.6898494209,1
498,132.05750798722045,2829.7368421052633,833557.6898494209,0
499,132.32268370607028,2821.3888888888887,833557.6898494209,0
500,132.58785942492014,2812.0588235294117,833557.6898494209,0
501,132.85303514376997,2801.4375,833557.6898494209,0
502,133.1182108626198,2790.5333333333333,833557.6898494209,0
503,133.38338658146964,2778.0714285714284,833557.6898494209,0
504,133.6485623003195,2780.0,833557.6898494209,0
505,133.91373801916933,2782.25,833557.6898494209,2
506,134.17891373801916,2784.909090909091,833557.6898494209,0
507,134.44408945686902,2788.1,833557.6898494209,0
508,134.70926517571885,2792.0,833557.6898494209,0
509,134.9744408945687,2796.875,833557.6898494209,0
510,135.23961661341852,2802.8571428571427,833557.6898494209,0
511,135.50479233226838,2810.8333333333335,833557.6898494209,0
512,135.7699680511182,2822.0,833557.6898494209,0
513,136.03514376996804,2835.5,833557.6898494209,0
514,136.3003194888179,2858.0,833557.6898494209,0
515,136.56549520766774,2858.0,833557.6898494209,0
516,136.83067092651757,2858.0,833557.6898494209,0
517,137.0958466453674,0.0,0.0,0
518,137.36102236421726,0.0,0.0,0
519,137.6261980830671,0.0,0.0,0
520,137.89137380191693,0.0,0.0,0
521,138.1565495207668,0.0,0.0,0
522,138.42172523961662,0.0,0.0,0
523,138.68690095846645,0.0,0.0,0
524,138.95207667731628,0.0,0.0,1
525,139.21725239616615,0.0,0.0,0
526,139.48242811501598,0.0,0.0,0
527,139.7476038338658,0.0,0.0,2
528,140.01277955271564,0.0,0.0,0
529,140.2779552715655,0.0,0.0,0
530,140.54313099041534,0.0,0.0,0
531,140.80830670926517,0.0,0.0,0
532,141.07348242811503,0.0,0.0,0
533,141.33865814696486,0.0,0.0,0
534,141.6038338658147,0.0,0.0,0
535,141.86900958466452,0.0,0.0,0
536,142.13418530351439,0.0,0.0,0
537,142.39936102236422,0.0,0.0,0
538,142.66453674121405,0.0,0.0,0
539,142.9297124600639,0.0,0.0,2
540,143.19488817891374,0.0,0.0,0
541,143.46006389776358,0.0,0.0,0
542,143.7252396166134,0.0,0.0,0
543,143.99041533546327,0.0,0.0,0
544,144.2555910543131,0.0,0.0,0
545,144.52076677316293,0.0,0.0,0
546,144.7859424920128,0.0,0.0,2
547,145.05111821086263,0.0,0.0,0
548,145.31629392971246,0.0,0.0,0
549,145.5814696485623,0.0,0.0,0
550,145.84664536741215,0.0,0.0,0
551,146.11182108626198,0.0,0.0,0
552,146.37699680511182,0.0,0.0,0
553,146.64217252396168,0.0,0.0,0
554,146.9073482428115,0.0,0.0,0
555,147.17252396166134,0.0,0.0,0
556,147.43769968051117,0.0,0.0,0
557,147.70287539936103,0.0,0.0,0
558,147.96805111821087,0.0,0.0,2
559,148.2332268370607,0.0,0.0,0
560,148.49840255591056,0.0,0.0,0
561,148.7635782747604,0.0,0.0,1
562,149.02875399361022,0.0,0.0,0
563,149.29392971246006,0.0,0.0,0
564,149.55910543130992,0.0,0.0,0
565,149.82428115015975,0.0,0.0,1
566,150.08945686900958,0.0,0.0,0
567,150.3546325878594,0.0,0.0,0
568,150.61980830670927,0.0,0.0,0
569,150.8849840255591,0.0,0.0,0
570,151.15015974440894,0.0,0.0,0
571,151.4153354632588,0.0,0.0,0
572,151.68051118210863,0.0,0.0,0
573,151.94568690095846,0.0,0.0,0
574,152.2108626198083,0.0,0.0,0
575,152.47603833865816,0.0,0.0,0
576,152.741214057508,0.0,0.0,0
577,153.00638977635782,0.0,0.0,0
578,153.27156549520768,0.0,0.0,0
579,153.5367412140575,0.0,0.0,0
580,153.80191693290735,0.0,0.0,0
581,154.06709265175718,0.0,0.0,0
582,154.33226837060704,0.0,0.0,0
583,154.59744408945687,0.0,0.0,0
584,154.8626198083067,0.0,0.0,0
585,155.12779552715656,0.0,0.0,0
586,155.3929712460064,0.0,0.0,0
587,155.65814696485623,0.0,0.0,0
588,155.92332268370606,0.0,0.0,0
589,156.18849840255592,0.0,0.0,0
590,156.45367412140575,0.0,0.0,0
591,156.7188498402556,0.0,0.0,0
592,156.98402555910542,0.0,0.0,0
593,157.24920127795528,0.0,0.0,0
594,157.5143769968051,0.0,0.0,0
595,157.77955271565494,0.0,0.0,1
596,158.0447284345048,0.0,0.0,0
597,158.30990415335464,0.0,0.0,0
598,158.57507987220447,0.0,0.0,0
599,158.8402555910543,0.0,0.0,0
600,159.10543130990416,0.0,0.0,0
601,159.370607028754,0.0,0.0,0
602,159.63578274760383,0.0,0.0,0
603,159.9009584664537,0.0,0.0,0
604,160.16613418530352,0.0,0.0,0
605,160.43130990415335,0.0,0.0,0
606,160.69648562300318,0.0,0.0,0
607,160.96166134185304,0.0,0.0,0
608,161.22683706070288,0.0,0.0,0
609,161.4920127795527,0.0,0.0,0
610,161.75718849840257,0.0,0.0,0
611,162.0223642172524,0.0,0.0,0
612,162.28753993610223,0.0,0.0,0
613,162.55271565495207,0.0,0.0,0
614,162.81789137380193,0.0,0.0,0
615,163.08306709265176,0.0,0.0,0
616,163.3482428115016,0.0,0.0,0
617,163.61341853035145,0.0,0.0,0
618,163.87859424920129,0.0,0.0,2
619,164.14376996805112,0.0,0.0,0
620,164.40894568690095,0.0,0.0,0
621,164.6741214057508,0.0,0.0,0
622,164.93929712460064,0.0,0.0,0
623,165.20447284345047,0.0,0.0,0
624,165.46964856230034,0.0,0.0,0
625,165.73482428115017,0.0,0.0,0
626,166.0,0.0,0.0,0
627,166.26517571884983,0.0,0.0,0
628,166.5303514376997,0.0,0.0,0
629,166.79552715654953,0.0,0.0,2
630,167.06070287539936,0.0,0.0,0
631,167.3258785942492,0.0,0.0,0
632,167.59105431309905,0.0,0.0,0
633,167.85623003194888,0.0,0.0,1
634,168.12140575079871,0.0,0.0,0
635,168.38658146964858,0.0,0.0,0
636,168.6517571884984,0.0,0.0,0
637,168.91693290734824,0.0,0.0,0
638,169.18210862619807,0.0,0.0,0
639,169.44728434504793,0.0,0.0,0
640,169.71246006389777,0.0,0.0,0
641,169.9776357827476,0.0,0.0,0
642,170.24281150159746,0.0,0.0,0
643,170.5079872204473,0.0,0.0,0
644,170.77316293929712,0.0,0.0,0
645,171.03833865814696,0.0,0.0,0
646,171.30351437699682,0.0,0.0,0
647,171.56869009584665,0.0,0.0,0
648,171.83386581469648,0.0,0.0,1
649,172.09904153354634,0.0,0.0,0
650,172.36421725239617,0.0,0.0,0
651,172.629392971246,0.0,0.0,0
652,172.89456869009584,0.0,0.0,0
653,173.1597444089457,0.0,0.0,0
654,173.42492012779553,0.0,0.0,0
655,173.69009584664536,0.0,0.0,0
656,173.9552715654952,0.0,0.0,1
657,174.22044728434506,0.0,0.0,0
658,174.4856230031949,0.0,0.0,0
659,174.75079872204472,0.0,0.0,2
660,175.01597444089458,0.0,0.0,0
661,175.2811501597444,0.0,0.0,0
662,175.54632587859425,0.0,0.0,0
663,175.81150159744408,0.0,0.0,0
664,176.07667731629394,0.0,0.0,0
665,176.34185303514377,0.0,0.0,0
666,176.6070287539936,0.0,0.0,0
667,176.87220447284346,0.0,0.0,0
668,177.1373801916933,0.0,0.0,0
669,177.40255591054313,0.0,0.0,0
670,177.66773162939296,0.0,0.0,0
671,177.93290734824282,0.0,0.0,1
672,178.19808306709265,0.0,0.0,0
673,178.4632587859425,0.0,0.0,0
674,178.72843450479235,0.0,0.0,0
675,178.99361022364218,0.0,0.0,0
676,179.258785942492,0.0,0.0,0
677,179.52396166134184,0.0,0.0,0
678,179.7891373801917,0.0,0.0,2
679,180.05431309904154,0.0,0.0,0
680,180.31948881789137,0.0,0.0,0
681,180.58466453674123,0.0,0.0,0
682,180.84984025559106,0.0,0.0,2
683,181.1150159744409,0.0,0.0,0
684,181.38019169329073,0.0,0.0,0
685,181.6453674121406,0.0,0.0,0
686,181.91054313099042,0.0,0.0,2
687,182.17571884984025,0.0,0.0,0
688,182.4408945686901,0.0,0.0,0
689,182.70607028753994,0.0,0.0,0
690,182.97124600638978,0.0,0.0,1
691,183.2364217252396,0.0,0.0,0
692,183.50159744408947,0.0,0.0,0
693,183.7667731629393,0.0,0.0,0
694,184.03194888178913,0.0,0.0,0
695,184.29712460063897,0.0,0.0,0
696,184.56230031948883,0.0,0.0,0
697,184.82747603833866,0.0,0.0,1
698,185.0926517571885,0.0,0.0,0
699,185.35782747603835,0.0,0.0,0
700,185.62300319488818,0.0,0.0,0
701,185.88817891373802,0.0,0.0,1
702,186.15335463258785,0.0,0.0,0
703,186.4185303514377,0.0,0.0,0
704,186.68370607028754,0.0,0.0,0
705,186.94888178913737,0.0,0.0,0
706,187.21405750798723,0.0,0.0,0
707,187.47923322683707,0.0,0.0,0
708,187.7444089456869,0.0,0.0,1
709,188.00958466453673,0.0,0.0,0
710,188.2747603833866,0.0,0.0,0
711,188.53993610223642,0.0,0.0,0
712,188.80511182108626,0.0,0.0,2
713,189.07028753993612,0.0,0.0,0
714,189.33546325878595,0.0,0.0,0
715,189.60063897763578,0.0,0.0,0
716,189.86581469648561,0.0,0.0,1
717,190.13099041533548,0.0,0.0,0
718,190.3961661341853,0.0,0.0,0
719,190.66134185303514,0.0,0.0,0
720,190.92651757188497,0.0,0.0,0
721,191.19169329073483,0.0,0.0,0
722,191.45686900958466,0.0,0.0,0
723,191.7220447284345,0.0,0.0,0
724,191.98722044728436,0.0,0.0,0
725,192.2523961661342,0.0,0.0,0
726,192.51757188498402,0.0,0.0,0
727,192.78274760383385,0.0,0.0,0
728,193.04792332268372,0.0,0.0,0
729,193.31309904153355,0.0,0.0,0
730,193.57827476038338,0.0,0.0,0
731,193.84345047923324,0.0,0.0,1
732,194.10862619808307,0.0,0.0,0
733,194.3738019169329,0.0,0.0,0
734,194.63897763578274,0.0,0.0,0
735,194.9041533546326,0.0,0.0,0
736,195.16932907348243,0.0,0.0,0
737,195.43450479233226,0.0,0.0,0
738,195.69968051118212,0.0,0.0,0
739,195.96485623003196,0.0,0.0,2
740,196.2300319488818,0.0,0.0,0
741,196.49520766773162,0.0,0.0,0
742,196.76038338658148,0.0,0.0,0
743,197.0255591054313,0.0,0.0,0
744,197.29073482428115,0.0,0.0,0
745,197.555910543131,0.0,0.0,0
746,197.82108626198084,0.0,0.0,0
747,198.08626198083067,0.0,0.0,0
748,198.3514376996805,0.0,0.0,0
749,198.61661341853036,0.0,0.0,0
750,198.8817891373802,0.0,0.0,1
751,199.14696485623003,0.0,0.0,0
752,199.4121405750799,0.0,0.0,0
753,199.67731629392972,0.0,0.0,0
754,199.94249201277955,0.0,0.0,0
755,200.20766773162939,0.0,0.0,0
756,200.47284345047925,0.0,0.0,0
757,200.73801916932908,0.0,0.0,2
758,201.0031948881789,0.0,0.0,0
759,201.26837060702874,0.0,0.0,0
760,201.5335463258786,0.0,0.0,0
761,201.79872204472844,0.0,0.0,1
762,202.06389776357827,0.0,0.0,0
763,202.32907348242813,0.0,0.0,0
764,202.59424920127796,0.0,0.0,0
765,202.8594249201278,0.0,0.0,1
766,203.12460063897763,0.0,0.0,0
767,203.3897763578275,0.0,0.0,0
768,203.65495207667732,0.0,0.0,0
769,203.92012779552715,0.0,0.0,0
770,204.185303514377,0.0,0.0,0
771,204.45047923322684,0.0,0.0,0
772,204.71565495207668,0.0,0.0,0
773,204.9808306709265,0.0,0.0,0
774,205.24600638977637,0.0,0.0,0
775,205.5111821086262,0.0,0.0,0
776,205.77635782747603,0.0,0.0,1
777,206.0415335463259,0.0,0.0,0
778,206.30670926517573,0.0,0.0,0
779,206.57188498402556,0.0,0.0,0
780,206.8370607028754,0.0,0.0,0
781,207.10223642172525,0.0,0.0,0
782,207.36741214057508,0.0,0.0,0
783,207.63258785942492,0.0,0.0,0
784,207.89776357827475,0.0,0.0,0
785,208.1629392971246,0.0,0.0,0
786,208.42811501597444,0.0,0.0,0
787,208.69329073482427,0.0,0.0,0
788,208.95846645367413,0.0,0.0,1
789,209.22364217252397,0.0,0.0,0
790,209.4888178913738,0.0,0.0,0
791,209.75399361022363,0.0,0.0,0
792,210.0191693290735,0.0,0.0,0
793,210.28434504792332,0.0,0.0,0
794,210.54952076677316,0.0,0.0,0
795,210.81469648562302,0.0,0.0,1
796,211.07987220447285,0.0,0.0,0
797,211.34504792332268,0.0,0.0,0
798,211.6102236421725,0.0,0.0,0
799,211.87539936102237,0.0,0.0,0
800,212.1405750798722,0.0,0.0,0
801,212.40575079872204,0.0,0.0,0
802,212.6709265175719,0.0,0.0,0
803,212.93610223642173,0.0,0.0,0
804,213.20127795527156,0.0,0.0,0
805,213.4664536741214,0.0,0.0,0
806,213.73162939297126,0.0,0.0,0
807,213.9968051118211,0.0,0.0,0
808,214.26198083067092,0.0,0.0,0
809,214.52715654952078,0.0,0.0,0
810,214.79233226837061,0.0,0.0,0
811,215.05750798722045,0.0,0.0,0
812,215.32268370607028,0.0,0.0,0
813,215.58785942492014,0.0,0.0,0
814,215.85303514376997,0.0,0.0,0
815,216.1182108626198,0.0,0.0,0
816,216.38338658146967,0.0,0.0,0
817,216.6485623003195,0.0,0.0,0
818,216.91373801916933,0.0,0.0,1
819,217.17891373801916,0.0,0.0,0
820,217.44408945686902,0.0,0.0,0
821,217.70926517571885,0.0,0.0,0
822,217.9744408945687,0.0,0.0,0
823,218.23961661341852,0.0,0.0,0
824,218.50479233226838,0.0,0.0,0
825,218.7699680511182,0.0,0.0,0
826,219.03514376996804,0.0,0.0,0
827,219.3003194888179,0.0,0.0,0
828,219.56549520766774,0.0,0.0,0
829,219.83067092651757,0.0,0.0,2
830,220.0958466453674,0.0,0.0,0
831,220.36102236421726,0.0,0.0,0
832,220.6261980830671,0.0,0.0,0
833,220.89137380191693,0.0,0.0,0
834,221.1565495207668,0.0,0.0,0
835,221.42172523961662,0.0,0.0,0
836,221.68690095846645,0.0,0.0,0
837,221.95207667731628,0.0,0.0,0
838,222.21725239616615,0.0,0.0,0
839,222.48242811501598,0.0,0.0,0
840,222.7476038338658,0.0,0.0,0
841,223.01277955271567,0.0,0.0,0
842,223.2779552715655,0.0,0.0,0
843,223.54313099041534,0.0,0.0,0
844,223.80830670926517,0.0,0.0,0
845,224.07348242811503,0.0,0.0,0
846,224.33865814696486,0.0,0.0,0
847,224.6038338658147,0.0,0.0,0
848,224.86900958466452,0.0,0.0,1
849,225.13418530351439,0.0,0.0,0
850,225.39936102236422,0.0,0.0,0
851,225.66453674121405,0.0,0.0,0
852,225.9297124600639,0.0,0.0,1
853,226.19488817891374,0.0,0.0,0
854,226.46006389776358,0.0,0.0,0
855,226.7252396166134,0.0,0.0,0
856,226.99041533546327,0.0,0.0,0
857,227.2555910543131,0.0,0.0,0
858,227.52076677316293,0.0,0.0,0
859,227.7859424920128,0.0,0.0,0
860,228.05111821086263,0.0,0.0,0
861,228.31629392971246,0.0,0.0,0
862,228.5814696485623,0.0,0.0,0
863,228.84664536741215,0.0,0.0,1
864,229.11182108626198,0.0,0.0,0
865,229.37699680511182,0.0,0.0,0
866,229.64217252396168,0.0,0.0,0
867,229.9073482428115,0.0,0.0,1
868,230.17252396166134,0.0,0.0,0
869,230.43769968051117,0.0,0.0,0
870,230.70287539936103,0.0,0.0,0
871,230.96805111821087,0.0,0.0,1
872,231.2332268370607,0.0,0.0,0
873,231.49840255591056,0.0,0.0,0
874,231.7635782747604,0.0,0.0,0
875,232.02875399361022,0.0,0.0,0
876,232.29392971246006,0.0,0.0,0
877,232.55910543130992,0.0,0.0,0
878,232.82428115015975,0.0,0.0,1
879,233.08945686900958,0.0,0.0,0
880,233.35463258785944,0.0,0.0,0
881,233.61980830670927,0.0,0.0,0
882,233.8849840255591,0.0,0.0,0
883,234.15015974440894,0.0,0.0,0
884,234.4153354632588,0.0,0.0,0
885,234.68051118210863,0.0,0.0,0
886,234.94568690095846,0.0,0.0,0
887,235.2108626198083,0.0,0.0,0
888,235.47603833865816,0.0,0.0,0
889,235.741214057508,0.0,0.0,0
890,236.00638977635782,0.0,0.0,0
891,236.27156549520768,0.0,0.0,0
892,236.5367412140575,0.0,0.0,0
893,236.80191693290735,0.0,0.0,1
894,237.06709265175718,0.0,0.0,0
895,237.33226837060704,0.0,0.0,0
896,237.59744408945687,0.0,0.0,0
897,237.8626198083067,0.0,0.0,1
898,238.12779552715656,0.0,0.0,0
899,238.3929712460064,0.0,0.0,0
900,238.65814696485623,0.0,0.0,0
901,238.92332268370606,0.0,0.0,0
902,239.18849840255592,0.0,0.0,0
903,239.45367412140575,0.0,0.0,0
904,239.7188498402556,0.0,0.0,0
905,239.98402555910545,0.0,0.0,0
906,240.24920127795528,0.0,0.0,0
907,240.5143769968051,0.0,0.0,0
908,240.77955271565494,0.0,0.0,0
909,241.0447284345048,0.0,0.0,0
910,241.30990415335464,0.0,0.0,0
911,241.57507987220447,0.0,0.0,0
912,241.8402555910543,0.0,0.0,0
913,242.10543130990416,0.0,0.0,0
914,242.370607028754,0.0,0.0,0
915,242.63578274760383,0.0,0.0,0
916,242.9009584664537,0.0,0.0,0
917,243.16613418530352,0.0,0.0,0
918,243.43130990415335,0.0,0.0,0
919,243.69648562300318,0.0,0.0,0
920,243.96166134185304,0.0,0.0,0
921,244.22683706070288,0.0,0.0,0
922,244.4920127795527,0.0,0.0,0
923,244.75718849840257,0.0,0.0,0
924,245.0223642172524,0.0,0.0,0
925,245.28753993610223,0.0,0.0,0
926,245.55271565495207,0.0,0.0,0
927,245.81789137380193,0.0,0.0,0
928,246.08306709265176,0.0,0.0,0
929,246.3482428115016,0.0,0.0,0
930,246.61341853035145,0.0,0.0,0
931,246.87859424920129,0.0,0.0,1
932,247.14376996805112,0.0,0.0,0
933,247.40894568690095,0.0,0.0,0
934,247.6741214057508,0.0,0.0,0
935,247.93929712460064,0.0,0.0,2
936,248.20447284345047,0.0,0.0,0
937,248.46964856230034,0.0,0.0,0
938,248.73482428115017,0.0,0.0,0
939,249.0,0.0,0.0,0
940,249.26517571884983,0.0,0.0,0
941,249.5303514376997,0.0,0.0,0
942,249.79552715654953,0.0,0.0,0
943,250.06070287539936,0.0,0.0,0
944,250.32587859424922,0.0,0.0,0
945,250.59105431309905,0.0,0.0,0
946,250.85623003194888,0.0,0.0,0
947,251.12140575079871,0.0,0.0,0
948,251.38658146964858,0.0,0.0,0
949,251.6517571884984,0.0,0.0,0
950,251.91693290734824,0.0,0.0,0
951,252.18210862619807,0.0,0.0,0
952,252.44728434504793,0.0,0.0,0
953,252.71246006389777,0.0,0.0,0
954,252.9776357827476,0.0,0.0,1
955,253.24281150159746,0.0,0.0,0
956,253.5079872204473,0.0,0.0,0
957,253.77316293929712,0.0,0.0,0
958,254.03833865814696,0.0,0.0,0
959,254.30351437699682,0.0,0.0,0
960,254.56869009584665,0.0,0.0,0
961,254.83386581469648,0.0,0.0,0
962,255.09904153354634,0.0,0.0,0
963,255.36421725239617,0.0,0.0,0
964,255.629392971246,0.0,0.0,0
965,255.89456869009584,0.0,0.0,0
966,256.1597444089457,0.0,0.0,0
967,256.42492012779553,0.0,0.0,0
968,256.69009584664536,0.0,0.0,0
969,256.9552715654952,0.0,0.0,0
970,257.220447284345,0.0,0.0,0
971,257.4856230031949,0.0,0.0,0
972,257.75079872204475,0.0,0.0,1
973,258.0159744408946,0.0,0.0,0
974,258.2811501597444,0.0,0.0,0
975,258.54632587859425,0.0,0.0,0
976,258.8115015974441,0.0,0.0,0
977,259.0766773162939,0.0,0.0,0
978,259.3418530351438,0.0,0.0,0
979,259.60702875399363,0.0,0.0,0
980,259.87220447284346,0.0,0.0,1
981,260.1373801916933,0.0,0.0,0
982,260.40255591054313,0.0,0.0,0
983,260.66773162939296,0.0,0.0,0
984,260.9329073482428,0.0,0.0,0
985,261.1980830670927,0.0,0.0,0
986,261.4632587859425,0.0,0.0,0
987,261.72843450479235,0.0,0.0,0
988,261.9936102236422,0.0,0.0,0
989,262.258785942492,0.0,0.0,0
990,262.52396166134184,0.0,0.0,0
991,262.7891373801917,0.0,0.0,0
992,263.05431309904156,0.0,0.0,0
993,263.3194888178914,0.0,0.0,0
994,263.58466453674123,0.0,0.0,0
995,263.84984025559106,0.0,0.0,1
996,264.1150159744409,0.0,0.0,0
997,264.3801916932907,0.0,0.0,0
998,264.64536741214056,0.0,0.0,0
999,264.9105431309904,0.0,0.0,0
1000,265.1757188498403,0.0,0.0,0
1001,265.4408945686901,0.0,0.0,0
1002,265.70607028753994,0.0,0.0,0
1003,265.9712460063898,0.0,0.0,1
1004,266.2364217252396,0.0,0.0,0
1005,266.50159744408944,0.0,0.0,0
1006,266.7667731629393,0.0,0.0,0
1007,267.03194888178916,0.0,0.0,0
1008,267.297124600639,0.0,0.0,0
1009,267.5623003194888,0.0,0.0,0
1010,267.82747603833866,0.0,0.0,0
1011,268.0926517571885,0.0,0.0,0
1012,268.3578274760383,0.0,0.0,0
1013,268.62300319488816,0.0,0.0,0
1014,268.88817891373805,0.0,0.0,0
1015,269.1533546325879,0.0,0.0,0
1016,269.4185303514377,0.0,0.0,0
1017,269.68370607028754,0.0,0.0,0
1018,269.9488817891374,0.0,0.0,0
1019,270.2140575079872,0.0,0.0,0
1020,270.47923322683704,0.0,0.0,0
1021,270.7444089456869,0.0,0.0,0
1022,271.00958466453676,0.0,0.0,0
1023,271.2747603833866,0.0,0.0,0
1024,271.5399361022364,0.0,0.0,0
1025,271.80511182108626,0.0,0.0,0
1026,272.0702875399361,0.0,0.0,0
1027,272.3354632587859,0.0,0.0,0
1028,272.6006389776358,0.0,0.0,0
1029,272.86581469648564,0.0,0.0,1
1030,273.1309904153355,0.0,0.0,0
1031,273.3961661341853,0.0,0.0,0
1032,273.66134185303514,0.0,0.0,0
1033,273.926517571885,0.0,0.0,0
1034,274.1916932907348,0.0,0.0,0
1035,274.4568690095847,0.0,0.0,0
1036,274.7220447284345,0.0,0.0,0
1037,274.98722044728436,0.0,0.0,1
1038,275.2523961661342,0.0,0.0,0
1039,275.517571884984,0.0,0.0,0
1040,275.78274760383385,0.0,0.0,0
1041,276.0479233226837,0.0,0.0,0
1042,276.3130990415336,0.0,0.0,0
1043,276.5782747603834,0.0,0.0,0
1044,276.84345047923324,0.0,0.0,0
1045,277.1086261980831,0.0,0.0,0
1046,277.3738019169329,0.0,0.0,0
1047,277.63897763578274,0.0,0.0,0
1048,277.90415335463257,0.0,0.0,0
1049,278.16932907348246,0.0,0.0,0
1050,278.4345047923323,0.0,0.0,0
1051,278.6996805111821,0.0,0.0,0
1052,278.96485623003196,0.0,0.0,1
1053,279.2300319488818,0.0,0.0,0
1054,279.4952076677316,0.0,0.0,0
1055,279.76038338658145,0.0,0.0,0
1056,280.0255591054313,0.0,0.0,0
1057,280.2907348242812,0.0,0.0,0
1058,280.555910543131,0.0,0.0,0
1059,280.82108626198084,0.0,0.0,0
1060,281.08626198083067,0.0,0.0,0
1061,281.3514376996805,0.0,0.0,0
1062,281.61661341853033,0.0,0.0,0
1063,281.88178913738017,0.0,0.0,0
1064,282.14696485623006,0.0,0.0,0
1065,282.4121405750799,0.0,0.0,0
1066,282.6773162939297,0.0,0.0,0
1067,282.94249201277955,0.0,0.0,1
1068,283.2076677316294,0.0,0.0,0
1069,283.4728434504792,0.0,0.0,0
1070,283.73801916932905,0.0,0.0,0
1071,284.00319488817894,0.0,0.0,0
1072,284.26837060702877,0.0,0.0,0
1073,284.5335463258786,0.0,0.0,0
1074,284.79872204472844,0.0,0.0,0
1075,285.06389776357827,0.0,0.0,0
1076,285.3290734824281,0.0,0.0,0
1077,285.59424920127793,0.0,0.0,0
1078,285.8594249201278,0.0,0.0,0
1079,286.12460063897765,0.0,0.0,0
1080,286.3897763578275,0.0,0.0,0
1081,286.6549520766773,0.0,0.0,0
1082,286.92012779552715,0.0,0.0,0
1083,287.185303514377,0.0,0.0,0
1084,287.4504792332268,0.0,0.0,0
1085,287.7156549520767,0.0,0.0,0
1086,287.98083067092654,0.0,0.0,0
1087,288.24600638977637,0.0,0.0,0
1088,288.5111821086262,0.0,0.0,0
1089,288.77635782747603,0.0,0.0,0
1090,289.04153354632587,0.0,0.0,0
1091,289.3067092651757,0.0,0.0,0
1092,289.5718849840256,0.0,0.0,0
1093,289.8370607028754,0.0,0.0,0
1094,290.10223642172525,0.0,0.0,0
1095,290.3674121405751,0.0,0.0,0
1096,290.6325878594249,0.0,0.0,0
1097,290.89776357827475,0.0,0.0,0
1098,291.1629392971246,0.0,0.0,0
1099,291.42811501597447,0.0,0.0,0
1100,291.6932907348243,0.0,0.0,0
1101,291.95846645367413,0.0,0.0,0
1102,292.22364217252397,0.0,0.0,0
1103,292.4888178913738,0.0,0.0,0
1104,292.75399361022363,0.0,0.0,0
1105,293.01916932907346,0.0,0.0,0
1106,293.28434504792335,0.0,0.0,0
1107,293.5495207667732,0.0,0.0,0
1108,293.814696485623,0.0,0.0,0
1109,294.07987220447285,0.0,0.0,0
1110,294.3450479233227,0.0,0.0,0
1111,294.6102236421725,0.0,0.0,0
1112,294.87539936102235,0.0,0.0,0
1113,295.14057507987224,0.0,0.0,0
1114,295.40575079872207,0.0,0.0,0
1115,295.6709265175719,0.0,0.0,0
1116,295.93610223642173,0.0,0.0,0
1117,296.20127795527156,0.0,0.0,0
1118,296.4664536741214,0.0,0.0,0
1119,296.73162939297123,0.0,0.0,0
1120,296.9968051118211,0.0,0.0,0
1121,297.26198083067095,0.0,0.0,0
1122,297.5271565495208,0.0,0.0,0
1123,297.7923322683706,0.0,0.0,0
1124,298.05750798722045,0.0,0.0,0
1125,298.3226837060703,0.0,0.0,0
1126,298.5878594249201,0.0,0.0,0
1127,298.85303514376994,0.0,0.0,0
1128,299.11821086261983,0.0,0.0,0
1129,299.38338658146967,0.0,0.0,0
1130,299.6485623003195,0.0,0.0,0
1131,299.91373801916933,0.0,0.0,0
1132,300.17891373801916,0.0,0.0,0
1133,300.444089456869,0.0,0.0,0
1134,300.7092651757188,0.0,0.0,0
1135,300.9744408945687,0.0,0.0,0
1136,301.23961661341855,0.0,0.0,0
1137,301.5047923322684,0.0,0.0,0
1138,301.7699680511182,0.0,0.0,0
1139,302.03514376996804,0.0,0.0,0
1140,302.3003194888179,0.0,0.0,0
1141,302.5654952076677,0.0,0.0,0
1142,302.8306709265176,0.0,0.0,0
1143,303.09584664536743,0.0,0.0,0
1144,303.36102236421726,0.0,0.0,0
1145,303.6261980830671,0.0,0.0,0
1146,303.8913738019169,0.0,0.0,1
1147,304.15654952076676,0.0,0.0,0
1148,304.4217252396166,0.0,0.0,0
1149,304.6869009584665,0.0,0.0,0
1150,304.9520766773163,0.0,0.0,0
1151,305.21725239616615,0.0,0.0,0
1152,305.482428115016,0.0,0.0,0
1153,305.7476038338658,0.0,0.0,1
1154,306.01277955271564,0.0,0.0,0
1155,306.2779552715655,0.0,0.0,0
1156,306.54313099041536,0.0,0.0,0
1157,306.8083067092652,0.0,0.0,1
1158,307.073482428115,0.0,0.0,0
1159,307.33865814696486,0.0,0.0,0
1160,307.6038338658147,0.0,0.0,0
1161,307.8690095846645,0.0,0.0,0
1162,308.13418530351436,0.0,0.0,0
1163,308.39936102236425,0.0,0.0,0
1164,308.6645367412141,0.0,0.0,0
1165,308.9297124600639,0.0,0.0,0
1166,309.19488817891374,0.0,0.0,0
1167,309.4600638977636,0.0,0.0,0
1168,309.7252396166134,0.0,0.0,0
1169,309.99041533546324,0.0,0.0,0
1170,310.25559105431313,0.0,0.0,0
1171,310.52076677316296,0.0,0.0,0
1172,310.7859424920128,0.0,0.0,0
1173,311.0511182108626,0.0,0.0,0
1174,311.31629392971246,0.0,0.0,0
1175,311.5814696485623,0.0,0.0,0
1176,311.8466453674121,0.0,0.0,0
1177,312.111821086262,0.0,0.0,0
1178,312.37699680511184,0.0,0.0,0
1179,312.6421725239617,0.0,0.0,0
1180,312.9073482428115,0.0,0.0,0
1181,313.17252396166134,0.0,0.0,0
1182,313.4376996805112,0.0,0.0,0
1183,313.702875399361,0.0,0.0,0
1184,313.96805111821084,0.0,0.0,0
1185,314.2332268370607,0.0,0.0,0
1186,314.49840255591056,0.0,0.0,0
1187,314.7635782747604,0.0,0.0,0
1188,315.0287539936102,0.0,0.0,0
1189,315.29392971246006,0.0,0.0,0
1190,315.5591054313099,0.0,0.0,0
1191,315.8242811501597,0.0,0.0,0
1192,316.0894568690096,0.0,0.0,0
1193,316.35463258785944,0.0,0.0,0
1194,316.6198083067093,0.0,0.0,0
1195,316.8849840255591,0.0,0.0,0
1196,317.15015974440894,0.0,0.0,0
1197,317.41533546325877,0.0,0.0,0
1198,317.6805111821086,0.0,0.0,0
1199,317.9456869009585,0.0,0.0,0
1200,318.2108626198083,0.0,0.0,0
1201,318.47603833865816,0.0,0.0,0
1202,318.741214057508,0.0,0.0,0
1203,319.0063897763578,0.0,0.0,0
1204,319.27156549520765,0.0,0.0,0
1205,319.5367412140575,0.0,0.0,0
1206,319.8019169329074,0.0,0.0,0
1207,320.0670926517572,0.0,0.0,0
1208,320.33226837060704,0.0,0.0,0
1209,320.59744408945687,0.0,0.0,0
1210,320.8626198083067,0.0,0.0,0
1211,321.12779552715654,0.0,0.0,0
1212,321.39297124600637,0.0,0.0,0
1213,321.65814696485626,0.0,0.0,0
1214,321.9233226837061,0.0,0.0,0
1215,322.1884984025559,0.0,0.0,0
1216,322.45367412140575,0.0,0.0,0
1217,322.7188498402556,0.0,0.0,0
1218,322.9840255591054,0.0,0.0,0
1219,323.24920127795525,0.0,0.0,0
1220,323.51437699680514,0.0,0.0,0
1221,323.779552715655,0.0,0.0,0
1222,324.0447284345048,0.0,0.0,0
1223,324.30990415335464,0.0,0.0,0
1224,324.57507987220447,0.0,0.0,0
1225,324.8402555910543,0.0,0.0,0
1226,325.10543130990413,0.0,0.0,0
1227,325.370607028754,0.0,0.0,0
1228,325.63578274760386,0.0,0.0,0
1229,325.9009584664537,0.0,0.0,1
1230,326.1661341853035,0.0,0.0,0
1231,326.43130990415335,0.0,0.0,0
1232,326.6964856230032,0.0,0.0,0
1233,326.961661341853,0.0,0.0,0
1234,327.2268370607029,0.0,0.0,0
1235,327.49201277955274,0.0,0.0,0
1236,327.75718849840257,0.0,0.0,0
1237,328.0223642172524,0.0,0.0,0
1238,328.28753993610223,0.0,0.0,0
1239,328.55271565495207,0.0,0.0,0
1240,328.8178913738019,0.0,0.0,0
1241,329.0830670926518,0.0,0.0,0
1242,329.3482428115016,0.0,0.0,0
1243,329.61341853035145,0.0,0.0,0
1244,329.8785942492013,0.0,0.0,0
1245,330.1437699680511,0.0,0.0,0
1246,330.40894568690095,0.0,0.0,0
1247,330.6741214057508,0.0,0.0,0
1248,330.93929712460067,0.0,0.0,0
1249,331.2044728434505,0.0,0.0,0
1250,331.46964856230034,0.0,0.0,0
1251,331.73482428115017,0.0,0.0,0
1252,332.0,0.0,0.0,1
1253,332.26517571884983,0.0,0.0,0
1254,332.53035143769966,0.0,0.0,0
1255,332.7955271565495,0.0,0.0,0
1256,333.0607028753994,0.0,0.0,0
1257,333.3258785942492,0.0,0.0,0
1258,333.59105431309905,0.0,0.0,0
1259,333.8562300319489,0.0,0.0,0
1260,334.1214057507987,0.0,0.0,0
1261,334.38658146964855,0.0,0.0,0
1262,334.6517571884984,0.0,0.0,0
1263,334.91693290734827,0.0,0.0,0
1264,335.1821086261981,0.0,0.0,0
1265,335.44728434504793,0.0,0.0,0
1266,335.71246006389777,0.0,0.0,0
1267,335.9776357827476,0.0,0.0,0
1268,336.24281150159743,0.0,0.0,0
1269,336.50798722044726,0.0,0.0,0
1270,336.77316293929715,0.0,0.0,0
1271,337.038338658147,0.0,0.0,0
1272,337.3035143769968,0.0,0.0,0
1273,337.56869009584665,0.0,0.0,0
1274,337.8338658146965,0.0,0.0,0
1275,338.0990415335463,0.0,0.0,0
1276,338.36421725239614,0.0,0.0,0
1277,338.62939297124603,0.0,0.0,0
1278,338.89456869009587,0.0,0.0,0
1279,339.1597444089457,0.0,0.0,0
1280,339.42492012779553,0.0,0.0,0
1281,339.69009584664536,0.0,0.0,0
1282,339.9552715654952,0.0,0.0,0
1283,340.220447284345,0.0,0.0,0
1284,340.4856230031949,0.0,0.0,0
1285,340.75079872204475,0.0,0.0,0
1286,341.0159744408946,0.0,0.0,0
1287,341.2811501597444,0.0,0.0,0
1288,341.54632587859425,0.0,0.0,0
1289,341.8115015974441,0.0,0.0,0
1290,342.0766773162939,0.0,0.0,0
1291,342.3418530351438,0.0,0.0,0
1292,342.60702875399363,0.0,0.0,0
1293,342.87220447284346,0.0,0.0,0
1294,343.1373801916933,0.0,0.0,0
1295,343.40255591054313,0.0,0.0,0
1296,343.66773162939296,0.0,0.0,0
1297,343.9329073482428,0.0,0.0,0
1298,344.1980830670927,0.0,0.0,0
1299,344.4632587859425,0.0,0.0,0
1300,344.72843450479235,0.0,0.0,0
1301,344.9936102236422,0.0,0.0,0
1302,345.258785942492,0.0,0.0,0
1303,345.52396166134184,0.0,0.0,0
1304,345.7891373801917,0.0,0.0,0
1305,346.05431309904156,0.0,0.0,0
1306,346.3194888178914,0.0,0.0,0
1307,346.58466453674123,0.0,0.0,0
1308,346.84984025559106,0.0,0.0,0
1309,347.1150159744409,0.0,0.0,0
1310,347.3801916932907,0.0,0.0,0
1311,347.64536741214056,0.0,0.0,0
1312,347.9105431309904,0.0,0.0,0
1313,348.1757188498403,0.0,0.0,0
1314,348.4408945686901,0.0,0.0,0
1315,348.70607028753994,0.0,0.0,0
1316,348.9712460063898,0.0,0.0,1
1317,349.2364217252396,0.0,0.0,0
1318,349.50159744408944,0.0,0.0,0
1319,349.7667731629393,0.0,0.0,0
1320,350.03194888178916,0.0,0.0,0
1321,350.297124600639,0.0,0.0,0
1322,350.5623003194888,0.0,0.0,0
1323,350.82747603833866,0.0,0.0,0
1324,351.0926517571885,0.0,0.0,0
1325,351.3578274760383,0.0,0.0,0
1326,351.62300319488816,0.0,0.0,0
1327,351.88817891373805,0.0,0.0,0
1328,352.1533546325879,0.0,0.0,0
1329,352.4185303514377,0.0,0.0,0
1330,352.68370607028754,0.0,0.0,0
1331,352.9488817891374,0.0,0.0,0
1332,353.2140575079872,0.0,0.0,0
1333,353.47923322683704,0.0,0.0,0
1334,353.7444089456869,0.0,0.0,0
1335,354.00958466453676,0.0,0.0,0
1336,354.2747603833866,0.0,0.0,0
1337,354.5399361022364,0.0,0.0,0
1338,354.80511182108626,0.0,0.0,0
1339,355.0702875399361,0.0,0.0,0
1340,355.3354632587859,0.0,0.0,0
1341,355.6006389776358,0.0,0.0,0
1342,355.86581469648564,0.0,0.0,0
1343,356.1309904153355,0.0,0.0,0
1344,356.3961661341853,0.0,0.0,0
1345,356.66134185303514,0.0,0.0,0
1346,356.926517571885,0.0,0.0,0
1347,357.1916932907348,0.0,0.0,0
1348,357.4568690095847,0.0,0.0,0
1349,357.7220447284345,0.0,0.0,0
1350,357.98722044728436,0.0,0.0,0
1351,358.2523961661342,0.0,0.0,0
1352,358.517571884984,0.0,0.0,0
1353,358.78274760383385,0.0,0.0,0
1354,359.0479233226837,0.0,0.0,0
1355,359.3130990415336,0.0,0.0,0
1356,359.5782747603834,0.0,0.0,0
1357,359.84345047923324,0.0,0.0,0
1358,360.1086261980831,0.0,0.0,0
1359,360.3738019169329,0.0,0.0,0
1360,360.63897763578274,0.0,0.0,0
1361,360.90415335463257,0.0,0.0,0
1362,361.16932907348246,0.0,0.0,0
1363,361.4345047923323,0.0,0.0,0
1364,361.6996805111821,0.0,0.0,0
1365,361.96485623003196,0.0,0.0,0
1366,362.2300319488818,0.0,0.0,0
1367,362.4952076677316,0.0,0.0,0
1368,362.76038338658145,0.0,0.0,1
1369,363.02555910543134,0.0,0.0,0
1370,363.2907348242812,0.0,0.0,0
1371,363.555910543131,0.0,0.0,0
1372,363.82108626198084,0.0,0.0,0
1373,364.08626198083067,0.0,0.0,0
1374,364.3514376996805,0.0,0.0,0
1375,364.61661341853033,0.0,0.0,0
1376,364.8817891373802,0.0,0.0,0
1377,365.14696485623006,0.0,0.0,0
1378,365.4121405750799,0.0,0.0,0
1379,365.6773162939297,0.0,0.0,0
1380,365.94249201277955,0.0,0.0,0
1381,366.2076677316294,0.0,0.0,0
1382,366.4728434504792,0.0,0.0,0
1383,366.73801916932905,0.0,0.0,0
1384,367.00319488817894,0.0,0.0,0
1385,367.26837060702877,0.0,0.0,0
1386,367.5335463258786,0.0,0.0,0
1387,367.79872204472844,0.0,0.0,0
1388,368.06389776357827,0.0,0.0,0
1389,368.3290734824281,0.0,0.0,0
1390,368.59424920127793,0.0,0.0,0
1391,368.8594249201278,0.0,0.0,0
1392,369.12460063897765,0.0,0.0,0
1393,369.3897763578275,0.0,0.0,0
1394,369.6549520766773,0.0,0.0,0
1395,369.92012779552715,0.0,0.0,0
1396,370.185303514377,0.0,0.0,0
1397,370.4504792332268,0.0,0.0,0
1398,370.7156549520767,0.0,0.0,0
1399,370.98083067092654,0.0,0.0,1
1400,371.24600638977637,0.0,0.0,0
1401,371.5111821086262,0.0,0.0,0
1402,371.77635782747603,0.0,0.0,0
1403,372.04153354632587,0.0,0.0,0
1404,372.3067092651757,0.0,0.0,0
1405,372.5718849840256,0.0,0.0,0
1406,372.8370607028754,0.0,0.0,0
1407,373.10223642172525,0.0,0.0,0
1408,373.3674121405751,0.0,0.0,0
1409,373.6325878594249,0.0,0.0,0
1410,373.89776357827475,0.0,0.0,0
1411,374.1629392971246,0.0,0.0,0
1412,374.42811501597447,0.0,0.0,0
1413,374.6932907348243,0.0,0.0,0
1414,374.95846645367413,0.0,0.0,0
1415,375.22364217252397,0.0,0.0,0
1416,375.4888178913738,0.0,0.0,0
1417,375.75399361022363,0.0,0.0,0
1418,376.01916932907346,0.0,0.0,0
1419,376.28434504792335,0.0,0.0,0
1420,376.5495207667732,0.0,0.0,0
1421,376.814696485623,0.0,0.0,0
1422,377.07987220447285,0.0,0.0,0
1423,377.3450479233227,0.0,0.0,0
1424,377.6102236421725,0.0,0.0,0
1425,377.87539936102235,0.0,0.0,0
1426,378.14057507987224,0.0,0.0,0
1427,378.40575079872207,0.0,0.0,0
1428,378.6709265175719,0.0,0.0,0
1429,378.93610223642173,0.0,0.0,0
1430,379.20127795527156,0.0,0.0,0
1431,379.4664536741214,0.0,0.0,0
1432,379.73162939297123,0.0,0.0,0
1433,379.9968051118211,0.0,0.0,0
1434,380.26198083067095,0.0,0.0,0
1435,380.5271565495208,0.0,0.0,0
1436,380.7923322683706,0.0,0.0,0
1437,381.05750798722045,0.0,0.0,0
1438,381.3226837060703,0.0,0.0,0
1439,381.5878594249201,0.0,0.0,0
1440,381.85303514376994,0.0,0.0,0
1441,382.11821086261983,0.0,0.0,0
1442,382.38338658146967,0.0,0.0,0
1443,382.6485623003195,0.0,0.0,0
1444,382.91373801916933,0.0,0.0,0
1445,383.17891373801916,0.0,0.0,0
1446,383.444089456869,0.0,0.0,0
1447,383.7092651757188,0.0,0.0,0
1448,383.9744408945687,0.0,0.0,0
1449,384.23961661341855,0.0,0.0,0
1450,384.5047923322684,0.0,0.0,0
1451,384.7699680511182,0.0,0.0,0
1452,385.03514376996804,0.0,0.0,0
1453,385.3003194888179,0.0,0.0,0
1454,385.5654952076677,0.0,0.0,0
1455,385.8306709265176,0.0,0.0,0
1456,386.09584664536743,0.0,0.0,0
1457,386.36102236421726,0.0,0.0,0
1458,386.6261980830671,0.0,0.0,0
1459,386.8913738019169,0.0,0.0,0
1460,387.15654952076676,0.0,0.0,0
1461,387.4217252396166,0.0,0.0,0
1462,387.6869009584665,0.0,0.0,0
1463,387.9520766773163,0.0,0.0,0
1464,388.21725239616615,0.0,0.0,0
1465,388.482428115016,0.0,0.0,0
1466,388.7476038338658,0.0,0.0,0
1467,389.01277955271564,0.0,0.0,0
1468,389.2779552715655,0.0,0.0,0
1469,389.54313099041536,0.0,0.0,0
1470,389.8083067092652,0.0,0.0,0
1471,390.073482428115,0.0,0.0,0
1472,390.33865814696486,0.0,0.0,0
1473,390.6038338658147,0.0,0.0,0
1474,390.8690095846645,0.0,0.0,0
1475,391.13418530351436,0.0,0.0,0
1476,391.39936102236425,0.0,0.0,0
1477,391.6645367412141,0.0,0.0,0
1478,391.9297124600639,0.0,0.0,0
1479,392.19488817891374,0.0,0.0,0
1480,392.4600638977636,0.0,0.0,0
1481,392.7252396166134,0.0,0.0,0
1482,392.99041533546324,0.0,0.0,0
1483,393.25559105431313,0.0,0.0,0
1484,393.52076677316296,0.0,0.0,0
1485,393.7859424920128,0.0,0.0,0
1486,394.0511182108626,0.0,0.0,0
1487,394.31629392971246,0.0,0.0,0
1488,394.5814696485623,0.0,0.0,0
1489,394.8466453674121,0.0,0.0,0
1490,395.111821086262,0.0,0.0,0
1491,395.37699680511184,0.0,0.0,0
1492,395.6421725239617,0.0,0.0,0
1493,395.9073482428115,0.0,0.0,0
1494,396.17252396166134,0.0,0.0,0
1495,396.4376996805112,0.0,0.0,0
1496,396.702875399361,0.0,0.0,0
1497,396.9680511182109,0.0,0.0,0
1498,397.2332268370607,0.0,0.0,0
1499,397.49840255591056,0.0,0.0,0
1500,397.7635782747604,0.0,0.0,0
1501,398.0287539936102,0.0,0.0,0
1502,398.29392971246006,0.0,0.0,0
1503,398.5591054313099,0.0,0.0,0
1504,398.8242811501598,0.0,0.0,0
1505,399.0894568690096,0.0,0.0,0
1506,399.35463258785944,0.0,0.0,0
1507,399.6198083067093,0.0,0.0,0
1508,399.8849840255591,0.0,0.0,0
1509,400.15015974440894,0.0,0.0,0
1510,400.41533546325877,0.0,0.0,0
1511,400.6805111821086,0.0,0.0,0
1512,400.9456869009585,0.0,0.0,1
1513,401.2108626198083,0.0,0.0,0
1514,401.47603833865816,0.0,0.0,0
1515,401.741214057508,0.0,0.0,0
1516,402.0063897763578,0.0,0.0,0
1517,402.27156549520765,0.0,0.0,0
1518,402.5367412140575,0.0,0.0,0
1519,402.8019169329074,0.0,0.0,1
1520,403.0670926517572,0.0,0.0,0
1521,403.33226837060704,0.0,0.0,0
1522,403.59744408945687,0.0,0.0,0
1523,403.8626198083067,0.0,0.0,0
1524,404.12779552715654,0.0,0.0,0
1525,404.39297124600637,0.0,0.0,0
1526,404.65814696485626,0.0,0.0,0
1527,404.9233226837061,0.0,0.0,0
1528,405.1884984025559,0.0,0.0,0
1529,405.45367412140575,0.0,0.0,0
1530,405.7188498402556,0.0,0.0,0
1531,405.9840255591054,0.0,0.0,0
1532,406.24920127795525,0.0,0.0,0
1533,406.51437699680514,0.0,0.0,0
1534,406.779552715655,0.0,0.0,0
1535,407.0447284345048,0.0,0.0,0
1536,407.30990415335464,0.0,0.0,0
1537,407.57507987220447,0.0,0.0,0
1538,407.8402555910543,0.0,0.0,0
1539,408.10543130990413,0.0,0.0,0
1540,408.370607028754,0.0,0.0,0
1541,408.63578274760386,0.0,0.0,0
1542,408.9009584664537,0.0,0.0,0
1543,409.1661341853035,0.0,0.0,0
1544,409.43130990415335,0.0,0.0,0
1545,409.6964856230032,0.0,0.0,0
1546,409.961661341853,0.0,0.0,0
1547,410.2268370607029,0.0,0.0,0
1548,410.49201277955274,0.0,0.0,0
1549,410.75718849840257,0.0,0.0,0
1550,411.0223642172524,0.0,0.0,0
1551,411.28753993610223,0.0,0.0,0
1552,411.55271565495207,0.0,0.0,0
1553,411.8178913738019,0.0,0.0,0
1554,412.0830670926518,0.0,0.0,0
1555,412.3482428115016,0.0,0.0,0
1556,412.61341853035145,0.0,0.0,0
1557,412.8785942492013,0.0,0.0,0
1558,413.1437699680511,0.0,0.0,0
1559,413.40894568690095,0.0,0.0,0
1560,413.6741214057508,0.0,0.0,0
1561,413.93929712460067,0.0,0.0,0
1562,414.2044728434505,0.0,0.0,0
1563,414.46964856230034,0.0,0.0,0
1564,414.73482428115017,0.0,0.0,0
1565,415.0,0.0,0.0,0
1566,415.26517571884983,0.0,0.0,0
1567,415.53035143769966,0.0,0.0,0
1568,415.7955271565495,0.0,0.0,0
1569,416.0607028753994,0.0,0.0,0
1570,416.3258785942492,0.0,0.0,0
1571,416.59105431309905,0.0,0.0,0
1572,416.8562300319489,0.0,0.0,0
1573,417.1214057507987,0.0,0.0,0
1574,417.38658146964855,0.0,0.0,0
1575,417.6517571884984,0.0,0.0,0
1576,417.91693290734827,0.0,0.0,0
1577,418.1821086261981,0.0,0.0,0
1578,418.44728434504793,0.0,0.0,0
1579,418.71246006389777,0.0,0.0,0
1580,418.9776357827476,0.0,0.0,0
1581,419.24281150159743,0.0,0.0,0
1582,419.50798722044726,0.0,0.0,0
1583,419.77316293929715,0.0,0.0,0
1584,420.038338658147,0.0,0.0,0
1585,420.3035143769968,0.0,0.0,0
1586,420.56869009584665,0.0,0.0,0
1587,420.8338658146965,0.0,0.0,0
1588,421.0990415335463,0.0,0.0,0
1589,421.36421725239614,0.0,0.0,0
1590,421.62939297124603,0.0,0.0,0
1591,421.89456869009587,0.0,0.0,0
1592,422.1597444089457,0.0,0.0,0
1593,422.42492012779553,0.0,0.0,0
1594,422.69009584664536,0.0,0.0,0
1595,422.9552715654952,0.0,0.0,0
1596,423.220447284345,0.0,0.0,0
1597,423.4856230031949,0.0,0.0,0
1598,423.75079872204475,0.0,0.0,0
1599,424.0159744408946,0.0,0.0,0
1600,424.2811501597444,0.0,0.0,0
1601,424.54632587859425,0.0,0.0,0
1602,424.8115015974441,0.0,0.0,0
1603,425.0766773162939,0.0,0.0,0
1604,425.3418530351438,0.0,0.0,0
1605,425.60702875399363,0.0,0.0,0
1606,425.87220447284346,0.0,0.0,1
1607,426.1373801916933,0.0,0.0,0
1608,426.40255591054313,0.0,0.0,0
1609,426.66773162939296,0.0,0.0,0
1610,426.9329073482428,0.0,0.0,0
1611,427.1980830670927,0.0,0.0,0
1612,427.4632587859425,0.0,0.0,0
1613,427.72843450479235,0.0,0.0,0
1614,427.9936102236422,0.0,0.0,0
1615,428.258785942492,0.0,0.0,0
1616,428.52396166134184,0.0,0.0,0
1617,428.7891373801917,0.0,0.0,0
1618,429.05431309904156,0.0,0.0,0
1619,429.3194888178914,0.0,0.0,0
1620,429.58466453674123,0.0,0.0,0
1621,429.84984025559106,0.0,0.0,0
1622,430.1150159744409,0.0,0.0,0
1623,430.3801916932907,0.0,0.0,0
1624,430.64536741214056,0.0,0.0,0
1625,430.91054313099045,0.0,0.0,0
1626,431.1757188498403,0.0,0.0,0
1627,431.4408945686901,0.0,0.0,0
1628,431.70607028753994,0.0,0.0,0
1629,431.9712460063898,0.0,0.0,0
1630,432.2364217252396,0.0,0.0,0
1631,432.50159744408944,0.0,0.0,0
1632,432.76677316293933,0.0,0.0,0
1633,433.03194888178916,0.0,0.0,0
1634,433.297124600639,0.0,0.0,0
1635,433.5623003194888,0.0,0.0,0
1636,433.82747603833866,0.0,0.0,0
1637,434.0926517571885,0.0,0.0,0
1638,434.3578274760383,0.0,0.0,0
1639,434.62300319488816,0.0,0.0,0
1640,434.88817891373805,0.0,0.0,0
1641,435.1533546325879,0.0,0.0,0
1642,435.4185303514377,0.0,0.0,0
1643,435.68370607028754,0.0,0.0,0
1644,435.9488817891374,0.0,0.0,0
1645,436.2140575079872,0.0,0.0,0
1646,436.47923322683704,0.0,0.0,0
1647,436.7444089456869,0.0,0.0,0
1648,437.00958466453676,0.0,0.0,0
1649,437.2747603833866,0.0,0.0,0
1650,437.5399361022364,0.0,0.0,0
1651,437.80511182108626,0.0,0.0,0
1652,438.0702875399361,0.0,0.0,0
1653,438.3354632587859,0.0,0.0,0
1654,438.6006389776358,0.0,0.0,0
1655,438.86581469648564,0.0,0.0,0
1656,439.1309904153355,0.0,0.0,0
1657,439.3961661341853,0.0,0.0,0
1658,439.66134185303514,0.0,0.0,0
1659,439.926517571885,0.0,0.0,0
1660,440.1916932907348,0.0,0.0,0
1661,440.4568690095847,0.0,0.0,0
1662,440.7220447284345,0.0,0.0,0
1663,440.98722044728436,0.0,0.0,0
1664,441.2523961661342,0.0,0.0,0
1665,441.517571884984,0.0,0.0,0
1666,441.78274760383385,0.0,0.0,0
1667,442.0479233226837,0.0,0.0,0
1668,442.3130990415336,0.0,0.0,0
1669,442.5782747603834,0.0,0.0,0
1670,442.84345047923324,0.0,0.0,0
1671,443.1086261980831,0.0,0.0,0
1672,443.3738019169329,0.0,0.0,0
1673,443.63897763578274,0.0,0.0,0
1674,443.90415335463257,0.0,0.0,0
1675,444.16932907348246,0.0,0.0,0
1676,444.4345047923323,0.0,0.0,0
1677,444.6996805111821,0.0,0.0,0
1678,444.96485623003196,0.0,0.0,0
1679,445.2300319488818,0.0,0.0,0
1680,445.4952076677316,0.0,0.0,0
1681,445.76038338658145,0.0,0.0,0
1682,446.02555910543134,0.0,0.0,0
1683,446.2907348242812,0.0,0.0,0
1684,446.555910543131,0.0,0.0,0
1685,446.82108626198084,0.0,0.0,0
1686,447.08626198083067,0.0,0.0,0
1687,447.3514376996805,0.0,0.0,0
1688,447.61661341853033,0.0,0.0,0
1689,447.8817891373802,0.0,0.0,0
1690,448.14696485623006,0.0,0.0,0
1691,448.4121405750799,0.0,0.0,0
1692,448.6773162939297,0.0,0.0,0
1693,448.94249201277955,0.0,0.0,0
1694,449.2076677316294,0.0,0.0,0
1695,449.4728434504792,0.0,0.0,0
1696,449.73801916932905,0.0,0.0,0
1697,450.00319488817894,0.0,0.0,0
1698,450.26837060702877,0.0,0.0,0
1699,450.5335463258786,0.0,0.0,0
1700,450.79872204472844,0.0,0.0,1
1701,451.06389776357827,0.0,0.0,0
1702,451.3290734824281,0.0,0.0,0
1703,451.59424920127793,0.0,0.0,0
1704,451.8594249201278,0.0,0.0,0
1705,452.12460063897765,0.0,0.0,0
1706,452.3897763578275,0.0,0.0,0
1707,452.6549520766773,0.0,0.0,0
1708,452.92012779552715,0.0,0.0,0
1709,453.185303514377,0.0,0.0,0
1710,453.4504792332268,0.0,0.0,0
1711,453.7156549520767,0.0,0.0,0
1712,453.98083067092654,0.0,0.0,0
1713,454.24600638977637,0.0,0.0,0
1714,454.5111821086262,0.0,0.0,0
1715,454.77635782747603,0.0,0.0,0
1716,455.04153354632587,0.0,0.0,0
1717,455.3067092651757,0.0,0.0,0
1718,455.5718849840256,0.0,0.0,0
1719,455.8370607028754,0.0,0.0,0
1720,456.10223642172525,0.0,0.0,0
1721,456.3674121405751,0.0,0.0,0
1722,456.6325878594249,0.0,0.0,0
1723,456.89776357827475,0.0,0.0,0
1724,457.1629392971246,0.0,0.0,0
1725,457.42811501597447,0.0,0.0,0
1726,457.6932907348243,0.0,0.0,0
1727,457.95846645367413,0.0,0.0,0
1728,458.22364217252397,0.0,0.0,0
1729,458.4888178913738,0.0,0.0,0
1730,458.75399361022363,0.0,0.0,0
1731,459.01916932907346,0.0,0.0,0
1732,459.28434504792335,0.0,0.0,0
1733,459.5495207667732,0.0,0.0,0
1734,459.814696485623,0.0,0.0,0
1735,460.07987220447285,0.0,0.0,0
1736,460.3450479233227,0.0,0.0,0
1737,460.6102236421725,0.0,0.0,0
1738,460.87539936102235,0.0,0.0,0
1739,461.14057507987224,0.0,0.0,0
1740,461.40575079872207,0.0,0.0,0
1741,461.6709265175719,0.0,0.0,0
1742,461.93610223642173,0.0,0.0,0
1743,462.20127795527156,0.0,0.0,0
1744,462.4664536741214,0.0,0.0,0
1745,462.73162939297123,0.0,0.0,0
1746,462.9968051118211,0.0,0.0,0
1747,463.26198083067095,0.0,0.0,0
1748,463.5271565495208,0.0,0.0,0
1749,463.7923322683706,0.0,0.0,0
1750,464.05750798722045,0.0,0.0,0
1751,464.3226837060703,0.0,0.0,0
1752,464.5878594249201,0.0,0.0,0
1753,464.85303514377,0.0,0.0,0
1754,465.11821086261983,0.0,0.0,0
1755,465.38338658146967,0.0,0.0,0
1756,465.6485623003195,0.0,0.0,0
1757,465.91373801916933,0.0,0.0,0
1758,466.17891373801916,0.0,0.0,0
1759,466.444089456869,0.0,0.0,0
1760,466.7092651757189,0.0,0.0,0
1761,466.9744408945687,0.0,0.0,0
1762,467.23961661341855,0.0,0.0,0
1763,467.5047923322684,0.0,0.0,0
1764,467.7699680511182,0.0,0.0,0
1765,468.03514376996804,0.0,0.0,0
1766,468.3003194888179,0.0,0.0,0
1767,468.5654952076677,0.0,0.0,0
1768,468.8306709265176,0.0,0.0,0
1769,469.09584664536743,0.0,0.0,0
1770,469.36102236421726,0.0,0.0,0
1771,469.6261980830671,0.0,0.0,0
1772,469.8913738019169,0.0,0.0,0
1773,470.15654952076676,0.0,0.0,0
1774,470.4217252396166,0.0,0.0,0
1775,470.6869009584665,0.0,0.0,0
1776,470.9520766773163,0.0,0.0,0
1777,471.21725239616615,0.0,0.0,0
1778,471.482428115016,0.0,0.0,0
1779,471.7476038338658,0.0,0.0,0
1780,472.01277955271564,0.0,0.0,0
1781,472.2779552715655,0.0,0.0,0
1782,472.54313099041536,0.0,0.0,0
1783,472.8083067092652,0.0,0.0,0
1784,473.073482428115,0.0,0.0,0
1785,473.33865814696486,0.0,0.0,0
1786,473.6038338658147,0.0,0.0,0
1787,473.8690095846645,0.0,0.0,0
1788,474.13418530351436,0.0,0.0,0
1789,474.39936102236425,0.0,0.0,0
1790,474.6645367412141,0.0,0.0,0
1791,474.9297124600639,0.0,0.0,0
1792,475.19488817891374,0.0,0.0,0
1793,475.4600638977636,0.0,0.0,0
1794,475.7252396166134,0.0,0.0,0
1795,475.99041533546324,0.0,0.0,1
1796,476.25559105431313,0.0,0.0,0
1797,476.52076677316296,0.0,0.0,0
1798,476.7859424920128,0.0,0.0,1
1799,477.0511182108626,0.0,0.0,0
1800,477.31629392971246,0.0,0.0,0
1801,477.5814696485623,0.0,0.0,0
1802,477.8466453674121,0.0,0.0,0
1803,478.111821086262,0.0,0.0,0
1804,478.37699680511184,0.0,0.0,0
1805,478.6421725239617,0.0,0.0,0
1806,478.9073482428115,0.0,0.0,0
1807,479.17252396166134,0.0,0.0,0
1808,479.4376996805112,0.0,0.0,0
1809,479.702875399361,0.0,0.0,0
1810,479.9680511182109,0.0,0.0,0
1811,480.2332268370607,0.0,0.0,0
1812,480.49840255591056,0.0,0.0,0
1813,480.7635782747604,0.0,0.0,0
1814,481.0287539936102,0.0,0.0,0
1815,481.29392971246006,0.0,0.0,0
1816,481.5591054313099,0.0,0.0,0
1817,481.8242811501598,0.0,0.0,0
1818,482.0894568690096,0.0,0.0,0
1819,482.35463258785944,0.0,0.0,0
1820,482.6198083067093,0.0,0.0,0
1821,482.8849840255591,0.0,0.0,0
1822,483.15015974440894,0.0,0.0,0
1823,483.41533546325877,0.0,0.0,0
1824,483.6805111821086,0.0,0.0,0
1825,483.9456869009585,0.0,0.0,0
1826,484.2108626198083,0.0,0.0,0
1827,484.47603833865816,0.0,0.0,0
1828,484.741214057508,0.0,0.0,0
1829,485.0063897763578,0.0,0.0,0
1830,485.27156549520765,0.0,0.0,0
1831,485.5367412140575,0.0,0.0,0
1832,485.8019169329074,0.0,0.0,0
1833,486.0670926517572,0.0,0.0,0
1834,486.33226837060704,0.0,0.0,0
1835,486.59744408945687,0.0,0.0,0
1836,486.8626198083067,0.0,0.0,0
1837,487.12779552715654,0.0,0.0,0
1838,487.39297124600637,0.0,0.0,0
1839,487.65814696485626,0.0,0.0,0
1840,487.9233226837061,0.0,0.0,0
1841,488.1884984025559,0.0,0.0,0
1842,488.45367412140575,0.0,0.0,0
1843,488.7188498402556,0.0,0.0,0
1844,488.9840255591054,0.0,0.0,0
1845,489.24920127795525,0.0,0.0,0
1846,489.51437699680514,0.0,0.0,0
1847,489.779552715655,0.0,0.0,0
1848,490.0447284345048,0.0,0.0,0
1849,490.30990415335464,0.0,0.0,0
1850,490.57507987220447,0.0,0.0,0
1851,490.8402555910543,0.0,0.0,0
1852,491.10543130990413,0.0,0.0,0
1853,491.370607028754,0.0,0.0,0
1854,491.63578274760386,0.0,0.0,0
1855,491.9009584664537,0.0,0.0,0
1856,492.1661341853035,0.0,0.0,0
1857,492.43130990415335,0.0,0.0,0
1858,492.6964856230032,0.0,0.0,0
1859,492.961661341853,0.0,0.0,0
1860,493.2268370607029,0.0,0.0,0
1861,493.49201277955274,0.0,0.0,0
1862,493.75718849840257,0.0,0.0,0
1863,494.0223642172524,0.0,0.0,0
1864,494.28753993610223,0.0,0.0,0
1865,494.55271565495207,0.0,0.0,0
1866,494.8178913738019,0.0,0.0,0
1867,495.0830670926518,0.0,0.0,0
1868,495.3482428115016,0.0,0.0,0
1869,495.61341853035145,0.0,0.0,0
1870,495.8785942492013,0.0,0.0,0
1871,496.1437699680511,0.0,0.0,0
1872,496.40894568690095,0.0,0.0,0
1873,496.6741214057508,0.0,0.0,0
1874,496.93929712460067,0.0,0.0,0
1875,497.2044728434505,0.0,0.0,0
1876,497.46964856230034,0.0,0.0,0
1877,497.73482428115017,0.0,0.0,0
1878,498.0,0.0,0.0,0
1879,498.26517571884983,0.0,0.0,0
1880,498.53035143769966,0.0,0.0,0
1881,498.79552715654955,0.0,0.0,0
1882,499.0607028753994,0.0,0.0,0
1883,499.3258785942492,0.0,0.0,0
1884,499.59105431309905,0.0,0.0,0
1885,499.8562300319489,0.0,0.0,0
1886,500.1214057507987,0.0,0.0,0
1887,500.38658146964855,0.0,0.0,0
1888,500.65175718849844,0.0,0.0,0
1889,500.91693290734827,0.0,0.0,0
1890,501.1821086261981,0.0,0.0,0
1891,501.44728434504793,0.0,0.0,0
1892,501.71246006389777,0.0,0.0,0
1893,501.9776357827476,0.0,0.0,0
1894,502.24281150159743,0.0,0.0,0
1895,502.50798722044726,0.0,0.0,0
1896,502.77316293929715,0.0,0.0,0
1897,503.038338658147,0.0,0.0,0
1898,503.3035143769968,0.0,0.0,0
1899,503.56869009584665,0.0,0.0,0
1900,503.8338658146965,0.0,0.0,0
1901,504.0990415335463,0.0,0.0,0
1902,504.36421725239614,0.0,0.0,0
1903,504.62939297124603,0.0,0.0,0
1904,504.89456869009587,0.0,0.0,0
1905,505.1597444089457,0.0,0.0,0
1906,505.42492012779553,0.0,0.0,0
1907,505.69009584664536,0.0,0.0,0
1908,505.9552715654952,0.0,0.0,0
1909,506.220447284345,0.0,0.0,0
1910,506.4856230031949,0.0,0.0,0
1911,506.75079872204475,0.0,0.0,0
1912,507.0159744408946,0.0,0.0,0
1913,507.2811501597444,0.0,0.0,0
1914,507.54632587859425,0.0,0.0,0
1915,507.8115015974441,0.0,0.0,0
1916,508.0766773162939,0.0,0.0,0
1917,508.3418530351438,0.0,0.0,0
1918,508.60702875399363,0.0,0.0,0
1919,508.87220447284346,0.0,0.0,0
1920,509.1373801916933,0.0,0.0,0
1921,509.40255591054313,0.0,0.0,0
1922,509.66773162939296,0.0,0.0,0
1923,509.9329073482428,0.0,0.0,0
1924,510.1980830670927,0.0,0.0,0
1925,510.4632587859425,0.0,0.0,0
1926,510.72843450479235,0.0,0.0,0
1927,510.9936102236422,0.0,0.0,0
1928,511.258785942492,0.0,0.0,0
1929,511.52396166134184,0.0,0.0,0
1930,511.7891373801917,0.0,0.0,0
1931,512.0543130990416,0.0,0.0,0
1932,512.3194888178914,0.0,0.0,0
1933,512.5846645367412,0.0,0.0,0
1934,512.8498402555911,0.0,0.0,0
1935,513.1150159744409,0.0,0.0,0
1936,513.3801916932907,0.0,0.0,0
1937,513.6453674121406,0.0,0.0,0
1938,513.9105431309904,0.0,0.0,0
1939,514.1757188498402,0.0,0.0,0
1940,514.44089456869,0.0,0.0,0
1941,514.7060702875399,0.0,0.0,0
1942,514.9712460063898,0.0,0.0,0
1943,515.2364217252397,0.0,0.0,0
1944,515.5015974440895,0.0,0.0,0
1945,515.7667731629393,0.0,0.0,0
1946,516.0319488817892,0.0,0.0,0
1947,516.297124600639,0.0,0.0,0
1948,516.5623003194888,0.0,0.0,0
1949,516.8274760383387,0.0,0.0,0
1950,517.0926517571885,0.0,0.0,0
1951,517.3578274760383,0.0,0.0,0
1952,517.6230031948882,0.0,0.0,0
1953,517.888178913738,0.0,0.0,0
1954,518.1533546325878,0.0,0.0,0
1955,518.4185303514377,0.0,0.0,0
1956,518.6837060702876,0.0,0.0,0
1957,518.9488817891374,0.0,0.0,0
1958,519.2140575079873,0.0,0.0,0
1959,519.4792332268371,0.0,0.0,0
1960,519.7444089456869,0.0,0.0,0
1961,520.0095846645368,0.0,0.0,0
1962,520.2747603833866,0.0,0.0,0
1963,520.5399361022364,0.0,0.0,0
1964,520.8051118210863,0.0,0.0,1
1965,521.0702875399361,0.0,0.0,0
1966,521.3354632587859,0.0,0.0,0
1967,521.6006389776358,0.0,0.0,0
1968,521.8658146964856,0.0,0.0,0
1969,522.1309904153354,0.0,0.0,0
1970,522.3961661341854,0.0,0.0,0
1971,522.6613418530352,0.0,0.0,0
1972,522.926517571885,0.0,0.0,0
1973,523.1916932907349,0.0,0.0,0
1974,523.4568690095847,0.0,0.0,0
1975,523.7220447284345,0.0,0.0,0
1976,523.9872204472844,0.0,0.0,0
1977,524.2523961661342,0.0,0.0,0
1978,524.517571884984,0.0,0.0,0
1979,524.7827476038339,0.0,0.0,0
1980,525.0479233226837,0.0,0.0,0
1981,525.3130990415335,0.0,0.0,0
1982,525.5782747603834,0.0,0.0,0
1983,525.8434504792332,0.0,0.0,0
1984,526.1086261980831,0.0,0.0,0
1985,526.373801916933,0.0,0.0,0
1986,526.6389776357828,0.0,0.0,0
1987,526.9041533546326,0.0,0.0,0
1988,527.1693290734825,0.0,0.0,0
1989,527.4345047923323,0.0,0.0,0
1990,527.6996805111821,0.0,0.0,0
1991,527.964856230032,0.0,0.0,0
1992,528.2300319488818,0.0,0.0,0
1993,528.4952076677316,0.0,0.0,0
1994,528.7603833865815,0.0,0.0,0
1995,529.0255591054313,0.0,0.0,0
1996,529.2907348242811,0.0,0.0,0
1997,529.555910543131,0.0,0.0,0
1998,529.8210862619808,0.0,0.0,0
1999,530.0862619808307,0.0,0.0,0
2000,530.3514376996806,0.0,0.0,0
2001,530.6166134185304,0.0,0.0,0
2002,530.8817891373802,0.0,0.0,0
2003,531.14696485623,0.0,0.0,0
2004,531.4121405750799,0.0,0.0,0
2005,531.6773162939297,0.0,0.0,0
2006,531.9424920127796,0.0,0.0,0
2007,532.2076677316294,0.0,0.0,0
2008,532.4728434504792,0.0,0.0,0
2009,532.738019169329,0.0,0.0,0
2010,533.0031948881789,0.0,0.0,0
2011,533.2683706070287,0.0,0.0,0
2012,533.5335463258785,0.0,0.0,0
2013,533.7987220447285,0.0,0.0,0
2014,534.0638977635783,0.0,0.0,0
2015,534.3290734824282,0.0,0.0,0
2016,534.594249201278,0.0,0.0,0
2017,534.8594249201278,0.0,0.0,0
2018,535.1246006389777,0.0,0.0,0
2019,535.3897763578275,0.0,0.0,0
2020,535.6549520766773,0.0,0.0,0
2021,535.9201277955272,0.0,0.0,0
2022,536.185303514377,0.0,0.0,0
2023,536.4504792332268,0.0,0.0,0
2024,536.7156549520766,0.0,0.0,0
2025,536.9808306709265,0.0,0.0,0
2026,537.2460063897763,0.0,0.0,0
2027,537.5111821086263,0.0,0.0,0
2028,537.7763578274761,0.0,0.0,0
2029,538.0415335463259,0.0,0.0,0
2030,538.3067092651758,0.0,0.0,0
2031,538.5718849840256,0.0,0.0,0
2032,538.8370607028754,0.0,0.0,0
2033,539.1022364217253,0.0,0.0,0
2034,539.3674121405751,0.0,0.0,0
2035,539.6325878594249,0.0,0.0,0
2036,539.8977635782747,0.0,0.0,0
2037,540.1629392971246,0.0,0.0,0
2038,540.4281150159744,0.0,0.0,0
2039,540.6932907348242,0.0,0.0,0
2040,540.9584664536741,0.0,0.0,0
2041,541.223642172524,0.0,0.0,0
2042,541.4888178913739,0.0,0.0,0
2043,541.7539936102237,0.0,0.0,0
2044,542.0191693290735,0.0,0.0,0
2045,542.2843450479234,0.0,0.0,0
2046,542.5495207667732,0.0,0.0,0
2047,542.814696485623,0.0,0.0,0
2048,543.0798722044728,0.0,0.0,0
2049,543.3450479233227,0.0,0.0,0
2050,543.6102236421725,0.0,0.0,0
2051,543.8753993610223,0.0,0.0,1
2052,544.1405750798722,0.0,0.0,0
2053,544.405750798722,0.0,0.0,0
2054,544.6709265175718,0.0,0.0,0
2055,544.9361022364217,0.0,0.0,0
2056,545.2012779552716,0.0,0.0,0
2057,545.4664536741215,0.0,0.0,0
2058,545.7316293929713,0.0,0.0,0
2059,545.9968051118211,0.0,0.0,0
2060,546.261980830671,0.0,0.0,0
2061,546.5271565495208,0.0,0.0,0
2062,546.7923322683706,0.0,0.0,0
2063,547.0575079872204,0.0,0.0,0
2064,547.3226837060703,0.0,0.0,0
2065,547.5878594249201,0.0,0.0,0
2066,547.85303514377,0.0,0.0,0
2067,548.1182108626198,0.0,0.0,0
2068,548.3833865814696,0.0,0.0,0
2069,548.6485623003194,0.0,0.0,0
2070,548.9137380191694,0.0,0.0,0
2071,549.1789137380192,0.0,0.0,0
2072,549.444089456869,0.0,0.0,0
2073,549.7092651757189,0.0,0.0,0
2074,549.9744408945687,0.0,0.0,0
2075,550.2396166134185,0.0,0.0,0
2076,550.5047923322684,0.0,0.0,0
2077,550.7699680511182,0.0,0.0,0
2078,551.035143769968,0.0,0.0,0
2079,551.3003194888179,0.0,0.0,0
2080,551.5654952076677,0.0,0.0,0
2081,551.8306709265175,0.0,0.0,0
2082,552.0958466453674,0.0,0.0,0
2083,552.3610223642172,0.0,0.0,0
2084,552.6261980830672,0.0,0.0,0
2085,552.891373801917,0.0,0.0,0
2086,553.1565495207668,0.0,0.0,0
2087,553.4217252396166,0.0,0.0,0
2088,553.6869009584665,0.0,0.0,0
2089,553.9520766773163,0.0,0.0,0
2090,554.2172523961661,0.0,0.0,0
2091,554.482428115016,0.0,0.0,0
2092,554.7476038338658,0.0,0.0,0
2093,555.0127795527156,0.0,0.0,0
2094,555.2779552715655,0.0,0.0,0
2095,555.5431309904153,0.0,0.0,0
2096,555.8083067092651,0.0,0.0,0
2097,556.073482428115,0.0,0.0,0
2098,556.3386581469649,0.0,0.0,0
2099,556.6038338658147,0.0,0.0,0
2100,556.8690095846646,0.0,0.0,0
2101,557.1341853035144,0.0,0.0,0
2102,557.3993610223642,0.0,0.0,0
2103,557.6645367412141,0.0,0.0,0
2104,557.9297124600639,0.0,0.0,0
2105,558.1948881789137,0.0,0.0,0
2106,558.4600638977636,0.0,0.0,0
2107,558.7252396166134,0.0,0.0,0
2108,558.9904153354632,0.0,0.0,0
2109,559.2555910543131,0.0,0.0,0
2110,559.5207667731629,0.0,0.0,0
2111,559.7859424920127,0.0,0.0,0
2112,560.0511182108626,0.0,0.0,0
2113,560.3162939297125,0.0,0.0,0
2114,560.5814696485623,0.0,0.0,0
2115,560.8466453674122,0.0,0.0,0
2116,561.111821086262,0.0,0.0,0
2117,561.3769968051118,0.0,0.0,0
2118,561.6421725239617,0.0,0.0,0
2119,561.9073482428115,0.0,0.0,0
2120,562.1725239616613,0.0,0.0,0
2121,562.4376996805112,0.0,0.0,0
2122,562.702875399361,0.0,0.0,0
2123,562.9680511182108,0.0,0.0,0
2124,563.2332268370607,0.0,0.0,0
2125,563.4984025559105,0.0,0.0,0
2126,563.7635782747603,0.0,0.0,0
2127,564.0287539936103,0.0,0.0,0
2128,564.2939297124601,0.0,0.0,0
2129,564.55910543131,0.0,0.0,0
2130,564.8242811501598,0.0,0.0,0
2131,565.0894568690096,0.0,0.0,0
2132,565.3546325878594,0.0,0.0,0
2133,565.6198083067093,0.0,0.0,0
2134,565.8849840255591,0.0,0.0,0
2135,566.1501597444089,0.0,0.0,0
2136,566.4153354632588,0.0,0.0,0
2137,566.6805111821086,0.0,0.0,0
2138,566.9456869009584,0.0,0.0,0
2139,567.2108626198083,0.0,0.0,0
2140,567.4760383386581,0.0,0.0,0
2141,567.741214057508,0.0,0.0,0
2142,568.0063897763579,0.0,0.0,0
2143,568.2715654952077,0.0,0.0,0
2144,568.5367412140575,0.0,0.0,0
2145,568.8019169329074,0.0,0.0,0
2146,569.0670926517572,0.0,0.0,0
2147,569.332268370607,0.0,0.0,0
2148,569.5974440894569,0.0,0.0,0
2149,569.8626198083067,0.0,0.0,0
2150,570.1277955271565,0.0,0.0,0
2151,570.3929712460064,0.0,0.0,0
2152,570.6581469648562,0.0,0.0,0
2153,570.923322683706,0.0,0.0,0
2154,571.1884984025559,0.0,0.0,0
2155,571.4536741214058,0.0,0.0,0
2156,571.7188498402556,0.0,0.0,0
2157,571.9840255591055,0.0,0.0,0
2158,572.2492012779553,0.0,0.0,0
2159,572.5143769968051,0.0,0.0,0
2160,572.779552715655,0.0,0.0,0
2161,573.0447284345048,0.0,0.0,0
2162,573.3099041533546,0.0,0.0,0
2163,573.5750798722045,0.0,0.0,0
2164,573.8402555910543,0.0,0.0,0
2165,574.1054313099041,0.0,0.0,0
2166,574.370607028754,0.0,0.0,0
2167,574.6357827476038,0.0,0.0,0
2168,574.9009584664536,0.0,0.0,0
2169,575.1661341853036,0.0,0.0,0
2170,575.4313099041534,0.0,0.0,0
2171,575.6964856230032,0.0,0.0,0
2172,575.9616613418531,0.0,0.0,0
2173,576.2268370607029,0.0,0.0,0
2174,576.4920127795527,0.0,0.0,0
2175,576.7571884984026,0.0,0.0,0
2176,577.0223642172524,0.0,0.0,0
2177,577.2875399361022,0.0,0.0,0
2178,577.5527156549521,0.0,0.0,0
2179,577.8178913738019,0.0,0.0,0
2180,578.0830670926517,0.0,0.0,0
2181,578.3482428115016,0.0,0.0,0
2182,578.6134185303514,0.0,0.0,0
2183,578.8785942492012,0.0,0.0,0
2184,579.1437699680512,0.0,0.0,0
2185,579.408945686901,0.0,0.0,0
2186,579.6741214057508,0.0,0.0,0
2187,579.9392971246007,0.0,0.0,0
2188,580.2044728434505,0.0,0.0,0
2189,580.4696485623003,0.0,0.0,0
2190,580.7348242811502,0.0,0.0,0
2191,581.0,0.0,0.0,0
2192,581.2651757188498,0.0,0.0,0
2193,581.5303514376997,0.0,0.0,0
2194,581.7955271565495,0.0,0.0,0
2195,582.0607028753993,0.0,0.0,0
2196,582.3258785942492,0.0,0.0,0
2197,582.591054313099,0.0,0.0,0
2198,582.8562300319489,0.0,0.0,0
2199,583.1214057507988,0.0,0.0,0
2200,583.3865814696486,0.0,0.0,0
2201,583.6517571884984,0.0,0.0,0
2202,583.9169329073483,0.0,0.0,0
2203,584.1821086261981,0.0,0.0,0
2204,584.4472843450479,0.0,0.0,0
2205,584.7124600638978,0.0,0.0,0
2206,584.9776357827476,0.0,0.0,0
2207,585.2428115015974,0.0,0.0,0
2208,585.5079872204473,0.0,0.0,0
2209,585.7731629392971,0.0,0.0,0
2210,586.0383386581469,0.0,0.0,0
2211,586.3035143769968,0.0,0.0,0
2212,586.5686900958467,0.0,0.0,0
2213,586.8338658146965,0.0,0.0,0
2214,587.0990415335464,0.0,0.0,0
2215,587.3642172523962,0.0,0.0,0
2216,587.629392971246,0.0,0.0,0
2217,587.8945686900959,0.0,0.0,0
2218,588.1597444089457,0.0,0.0,0
2219,588.4249201277955,0.0,0.0,0
2220,588.6900958466454,0.0,0.0,0
2221,588.9552715654952,0.0,0.0,0
2222,589.220447284345,0.0,0.0,0
2223,589.4856230031949,0.0,0.0,0
2224,589.7507987220447,0.0,0.0,0
2225,590.0159744408945,0.0,0.0,0
2226,590.2811501597445,0.0,0.0,0
2227,590.5463258785943,0.0,0.0,0
2228,590.8115015974441,0.0,0.0,0
2229,591.076677316294,0.0,0.0,0
2230,591.3418530351438,0.0,0.0,0
2231,591.6070287539936,0.0,0.0,0
2232,591.8722044728435,0.0,0.0,0
2233,592.1373801916933,0.0,0.0,0
2234,592.4025559105431,0.0,0.0,0
2235,592.667731629393,0.0,0.0,0
2236,592.9329073482428,0.0,0.0,0
2237,593.1980830670926,0.0,0.0,0
2238,593.4632587859425,0.0,0.0,0
2239,593.7284345047923,0.0,0.0,0
2240,593.9936102236422,0.0,0.0,0
2241,594.2587859424921,0.0,0.0,0
2242,594.5239616613419,0.0,0.0,0
2243,594.7891373801917,0.0,0.0,0
2244,595.0543130990416,0.0,0.0,0
2245,595.3194888178914,0.0,0.0,0
2246,595.5846645367412,0.0,0.0,0
2247,595.8498402555911,0.0,0.0,0
2248,596.1150159744409,0.0,0.0,0
2249,596.3801916932907,0.0,0.0,0
2250,596.6453674121406,0.0,0.0,0
2251,596.9105431309904,0.0,0.0,0
2252,597.1757188498402,0.0,0.0,0
2253,597.44089456869,0.0,0.0,0
2254,597.7060702875399,0.0,0.0,0
2255,597.9712460063898,0.0,0.0,0
2256,598.2364217252397,0.0,0.0,0
2257,598.5015974440895,0.0,0.0,0
2258,598.7667731629393,0.0,0.0,0
2259,599.0319488817892,0.0,0.0,0
2260,599.297124600639,0.0,0.0,0
2261,599.5623003194888,0.0,0.0,0
2262,599.8274760383387,0.0,0.0,0
2263,600.0926517571885,0.0,0.0,0
2264,600.3578274760383,0.0,0.0,0
2265,600.6230031948882,0.0,0.0,0
2266,600.888178913738,0.0,0.0,0
2267,601.1533546325878,0.0,0.0,0
2268,601.4185303514377,0.0,0.0,0
2269,601.6837060702876,0.0,0.0,0
2270,601.9488817891374,0.0,0.0,0
2271,602.2140575079873,0.0,0.0,0
2272,602.4792332268371,0.0,0.0,0
2273,602.7444089456869,0.0,0.0,0
2274,603.0095846645368,0.0,0.0,0
2275,603.2747603833866,0.0,0.0,0
2276,603.5399361022364,0.0,0.0,0
2277,603.8051118210863,0.0,0.0,0
2278,604.0702875399361,0.0,0.0,0
2279,604.3354632587859,0.0,0.0,0
2280,604.6006389776358,0.0,0.0,0
2281,604.8658146964856,0.0,0.0,0
2282,605.1309904153354,0.0,0.0,0
2283,605.3961661341854,0.0,0.0,0
2284,605.6613418530352,0.0,0.0,0
2285,605.926517571885,0.0,0.0,0
2286,606.1916932907349,0.0,0.0,0
2287,606.4568690095847,0.0,0.0,0
2288,606.7220447284345,0.0,0.0,0
2289,606.9872204472844,0.0,0.0,0
2290,607.2523961661342,0.0,0.0,0
2291,607.517571884984,0.0,0.0,0
2292,607.7827476038339,0.0,0.0,0
2293,608.0479233226837,0.0,0.0,0
2294,608.3130990415335,0.0,0.0,0
2295,608.5782747603834,0.0,0.0,0
2296,608.8434504792332,0.0,0.0,0
2297,609.1086261980831,0.0,0.0,0
2298,609.373801916933,0.0,0.0,0
2299,609.6389776357828,0.0,0.0,0
2300,609.9041533546326,0.0,0.0,0
2301,610.1693290734825,0.0,0.0,0
2302,610.4345047923323,0.0,0.0,0
2303,610.6996805111821,0.0,0.0,0
2304,610.964856230032,0.0,0.0,0
2305,611.2300319488818,0.0,0.0,0
2306,611.4952076677316,0.0,0.0,0
2307,611.7603833865815,0.0,0.0,0
2308,612.0255591054313,0.0,0.0,0
2309,612.2907348242811,0.0,0.0,0
2310,612.555910543131,0.0,0.0,0
2311,612.8210862619808,0.0,0.0,0
2312,613.0862619808307,0.0,0.0,0
2313,613.3514376996806,0.0,0.0,0
2314,613.6166134185304,0.0,0.0,0
2315,613.8817891373802,0.0,0.0,0
2316,614.14696485623,0.0,0.0,0
2317,614.4121405750799,0.0,0.0,0
2318,614.6773162939297,0.0,0.0,0
2319,614.9424920127796,0.0,0.0,0
2320,615.2076677316294,0.0,0.0,0
2321,615.4728434504792,0.0,0.0,0
2322,615.738019169329,0.0,0.0,0
2323,616.0031948881789,0.0,0.0,0
2324,616.2683706070287,0.0,0.0,0
2325,616.5335463258785,0.0,0.0,0
2326,616.7987220447285,0.0,0.0,0
2327,617.0638977635783,0.0,0.0,0
2328,617.3290734824282,0.0,0.0,0
2329,617.594249201278,0.0,0.0,0
2330,617.8594249201278,0.0,0.0,0
2331,618.1246006389777,0.0,0.0,0
2332,618.3897763578275,0.0,0.0,0
2333,618.6549520766773,0.0,0.0,0
2334,618.9201277955272,0.0,0.0,0
2335,619.185303514377,0.0,0.0,0
2336,619.4504792332268,0.0,0.0,0
2337,619.7156549520766,0.0,0.0,0
2338,619.9808306709265,0.0,0.0,0
2339,620.2460063897763,0.0,0.0,0
2340,620.5111821086263,0.0,0.0,0
2341,620.7763578274761,0.0,0.0,0
2342,621.0415335463259,0.0,0.0,0
2343,621.3067092651758,0.0,0.0,0
2344,621.5718849840256,0.0,0.0,0
2345,621.8370607028754,0.0,0.0,0
2346,622.1022364217253,0.0,0.0,0
2347,622.3674121405751,0.0,0.0,0
2348,622.6325878594249,0.0,0.0,0
2349,622.8977635782747,0.0,0.0,0
2350,623.1629392971246,0.0,0.0,0
2351,623.4281150159744,0.0,0.0,0
2352,623.6932907348242,0.0,0.0,0
2353,623.9584664536741,0.0,0.0,0
2354,624.223642172524,0.0,0.0,0
2355,624.4888178913739,0.0,0.0,0
2356,624.7539936102237,0.0,0.0,0
2357,625.0191693290735,0.0,0.0,0
2358,625.2843450479234,0.0,0.0,0
2359,625.5495207667732,0.0,0.0,0
2360,625.814696485623,0.0,0.0,0
2361,626.0798722044728,0.0,0.0,0
2362,626.3450479233227,0.0,0.0,0
2363,626.6102236421725,0.0,0.0,0
2364,626.8753993610223,0.0,0.0,0
2365,627.1405750798722,0.0,0.0,0
2366,627.405750798722,0.0,0.0,0
2367,627.6709265175718,0.0,0.0,0
2368,627.9361022364217,0.0,0.0,0
2369,628.2012779552716,0.0,0.0,0
2370,628.4664536741215,0.0,0.0,0
2371,628.7316293929713,0.0,0.0,0
2372,628.9968051118211,0.0,0.0,0
2373,629.261980830671,0.0,0.0,0
2374,629.5271565495208,0.0,0.0,0
2375,629.7923322683706,0.0,0.0,0
2376,630.0575079872204,0.0,0.0,0
2377,630.3226837060703,0.0,0.0,0
2378,630.5878594249201,0.0,0.0,0
2379,630.85303514377,0.0,0.0,0
2380,631.1182108626198,0.0,0.0,0
2381,631.3833865814696,0.0,0.0,0
2382,631.6485623003194,0.0,0.0,0
2383,631.9137380191694,0.0,0.0,0
2384,632.1789137380192,0.0,0.0,0
2385,632.444089456869,0.0,0.0,0
2386,632.7092651757189,0.0,0.0,0
2387,632.9744408945687,0.0,0.0,0
2388,633.2396166134185,0.0,0.0,0
2389,633.5047923322684,0.0,0.0,0
2390,633.7699680511182,0.0,0.0,0
2391,634.035143769968,0.0,0.0,0
2392,634.3003194888179,0.0,0.0,0
2393,634.5654952076677,0.0,0.0,0
2394,634.8306709265175,0.0,0.0,0
2395,635.0958466453674,0.0,0.0,0
2396,635.3610223642172,0.0,0.0,0
2397,635.6261980830672,0.0,0.0,0
2398,635.891373801917,0.0,0.0,0
2399,636.1565495207668,0.0,0.0,0
2400,636.4217252396166,0.0,0.0,0
2401,636.6869009584665,0.0,0.0,0
2402,636.9520766773163,0.0,0.0,0
2403,637.2172523961661,0.0,0.0,0
2404,637.482428115016,0.0,0.0,0
2405,637.7476038338658,0.0,0.0,0
2406,638.0127795527156,0.0,0.0,0
2407,638.2779552715655,0.0,0.0,0
2408,638.5431309904153,0.0,0.0,0
2409,638.8083067092651,0.0,0.0,0
2410,639.073482428115,0.0,0.0,0
2411,639.3386581469649,0.0,0.0,0
2412,639.6038338658147,0.0,0.0,0
2413,639.8690095846646,0.0,0.0,0
2414,640.1341853035144,0.0,0.0,0
2415,640.3993610223642,0.0,0.0,0
2416,640.6645367412141,0.0,0.0,0
2417,640.9297124600639,0.0,0.0,0
2418,641.1948881789137,0.0,0.0,0
2419,641.4600638977636,0.0,0.0,0
2420,641.7252396166134,0.0,0.0,0
2421,641.9904153354632,0.0,0.0,0
2422,642.2555910543131,0.0,0.0,0
2423,642.5207667731629,0.0,0.0,0
2424,642.7859424920127,0.0,0.0,0
2425,643.0511182108627,0.0,0.0,0
2426,643.3162939297125,0.0,0.0,0
2427,643.5814696485623,0.0,0.0,0
2428,643.8466453674122,0.0,0.0,0
2429,644.111821086262,0.0,0.0,0
2430,644.3769968051118,0.0,0.0,0
2431,644.6421725239617,0.0,0.0,0
2432,644.9073482428115,0.0,0.0,0
2433,645.1725239616613,0.0,0.0,0
2434,645.4376996805112,0.0,0.0,0
2435,645.702875399361,0.0,0.0,0
2436,645.9680511182108,0.0,0.0,0
2437,646.2332268370607,0.0,0.0,0
2438,646.4984025559105,0.0,0.0,0
2439,646.7635782747603,0.0,0.0,0
2440,647.0287539936103,0.0,0.0,0
2441,647.2939297124601,0.0,0.0,0
2442,647.55910543131,0.0,0.0,0
2443,647.8242811501598,0.0,0.0,0
2444,648.0894568690096,0.0,0.0,0
2445,648.3546325878594,0.0,0.0,0
2446,648.6198083067093,0.0,0.0,0
2447,648.8849840255591,0.0,0.0,0
2448,649.1501597444089,0.0,0.0,0
2449,649.4153354632588,0.0,0.0,0
2450,649.6805111821086,0.0,0.0,0
2451,649.9456869009584,0.0,0.0,0
2452,650.2108626198083,0.0,0.0,0
2453,650.4760383386581,0.0,0.0,0
2454,650.741214057508,0.0,0.0,0
2455,651.0063897763579,0.0,0.0,0
2456,651.2715654952077,0.0,0.0,0
2457,651.5367412140575,0.0,0.0,0
2458,651.8019169329074,0.0,0.0,0
2459,652.0670926517572,0.0,0.0,0
2460,652.332268370607,0.0,0.0,0
2461,652.5974440894569,0.0,0.0,0
2462,652.8626198083067,0.0,0.0,0
2463,653.1277955271565,0.0,0.0,0
2464,653.3929712460064,0.0,0.0,0
2465,653.6581469648562,0.0,0.0,0
2466,653.923322683706,0.0,0.0,0
2467,654.1884984025559,0.0,0.0,0
2468,654.4536741214058,0.0,0.0,0
2469,654.7188498402556,0.0,0.0,0
2470,654.9840255591055,0.0,0.0,0
2471,655.2492012779553,0.0,0.0,0
2472,655.5143769968051,0.0,0.0,0
2473,655.779552715655,0.0,0.0,0
2474,656.0447284345048,0.0,0.0,0
2475,656.3099041533546,0.0,0.0,0
2476,656.5750798722045,0.0,0.0,0
2477,656.8402555910543,0.0,0.0,0
2478,657.1054313099041,0.0,0.0,0
2479,657.370607028754,0.0,0.0,0
2480,657.6357827476038,0.0,0.0,0
2481,657.9009584664536,0.0,0.0,0
2482,658.1661341853036,0.0,0.0,0
2483,658.4313099041534,0.0,0.0,0
2484,658.6964856230032,0.0,0.0,0
2485,658.9616613418531,0.0,0.0,0
2486,659.2268370607029,0.0,0.0,0
2487,659.4920127795527,0.0,0.0,0
2488,659.7571884984026,0.0,0.0,0
2489,660.0223642172524,0.0,0.0,0
2490,660.2875399361022,0.0,0.0,0
2491,660.5527156549521,0.0,0.0,0
2492,660.8178913738019,0.0,0.0,0
2493,661.0830670926517,0.0,0.0,0
2494,661.3482428115016,0.0,0.0,0
2495,661.6134185303514,0.0,0.0,0
2496,661.8785942492013,0.0,0.0,0
2497,662.1437699680512,0.0,0.0,0
2498,662.408945686901,0.0,0.0,0
2499,662.6741214057508,0.0,0.0,0
2500,662.9392971246007,0.0,0.0,0
2501,663.2044728434505,0.0,0.0,0
2502,663.4696485623003,0.0,0.0,0
2503,663.7348242811502,0.0,0.0,0
2504,664.0,0.0,0.0,0
2505,664.2651757188498,0.0,0.0,0
2506,664.5303514376997,0.0,0.0,0
2507,664.7955271565495,0.0,0.0,0
2508,665.0607028753993,0.0,0.0,0
2509,665.3258785942492,0.0,0.0,0
2510,665.591054313099,0.0,0.0,0
2511,665.8562300319489,0.0,0.0,0
2512,666.1214057507988,0.0,0.0,0
2513,666.3865814696486,0.0,0.0,0
2514,666.6517571884984,0.0,0.0,0
2515,666.9169329073483,0.0,0.0,0
2516,667.1821086261981,0.0,0.0,0
2517,667.4472843450479,0.0,0.0,0
2518,667.7124600638978,0.0,0.0,0
2519,667.9776357827476,0.0,0.0,0
2520,668.2428115015974,0.0,0.0,0
2521,668.5079872204473,0.0,0.0,0
2522,668.7731629392971,0.0,0.0,0
2523,669.0383386581469,0.0,0.0,0
2524,669.3035143769968,0.0,0.0,0
2525,669.5686900958467,0.0,0.0,0
2526,669.8338658146965,0.0,0.0,0
2527,670.0990415335464,0.0,0.0,0
2528,670.3642172523962,0.0,0.0,0
2529,670.629392971246,0.0,0.0,0
2530,670.8945686900959,0.0,0.0,0
2531,671.1597444089457,0.0,0.0,0
2532,671.4249201277955,0.0,0.0,0
2533,671.6900958466454,0.0,0.0,0
2534,671.9552715654952,0.0,0.0,0
2535,672.220447284345,0.0,0.0,0
2536,672.4856230031949,0.0,0.0,0
2537,672.7507987220447,0.0,0.0,0
2538,673.0159744408945,0.0,0.0,0
2539,673.2811501597445,0.0,0.0,0
2540,673.5463258785943,0.0,0.0,0
2541,673.8115015974441,0.0,0.0,0
2542,674.076677316294,0.0,0.0,0
2543,674.3418530351438,0.0,0.0,0
2544,674.6070287539936,0.0,0.0,0
2545,674.8722044728435,0.0,0.0,0
2546,675.1373801916933,0.0,0.0,0
2547,675.4025559105431,0.0,0.0,0
2548,675.667731629393,0.0,0.0,0
2549,675.9329073482428,0.0,0.0,0
2550,676.1980830670926,0.0,0.0,0
2551,676.4632587859425,0.0,0.0,0
2552,676.7284345047923,0.0,0.0,0
2553,676.9936102236422,0.0,0.0,0
2554,677.2587859424921,0.0,0.0,0
2555,677.5239616613419,0.0,0.0,0
2556,677.7891373801917,0.0,0.0,0
2557,678.0543130990416,0.0,0.0,0
2558,678.3194888178914,0.0,0.0,0
2559,678.5846645367412,0.0,0.0,0
2560,678.8498402555911,0.0,0.0,0
2561,679.1150159744409,0.0,0.0,0
2562,679.3801916932907,0.0,0.0,0
2563,679.6453674121406,0.0,0.0,0
2564,679.9105431309904,0.0,0.0,0
2565,680.1757188498402,0.0,0.0,0
2566,680.44089456869,0.0,0.0,0
2567,680.7060702875399,0.0,0.0,0
2568,680.9712460063898,0.0,0.0,0
2569,681.2364217252397,0.0,0.0,0
2570,681.5015974440895,0.0,0.0,0
2571,681.7667731629393,0.0,0.0,0
2572,682.0319488817892,0.0,0.0,0
2573,682.297124600639,0.0,0.0,0
2574,682.5623003194888,0.0,0.0,0
2575,682.8274760383387,0.0,0.0,0
2576,683.0926517571885,0.0,0.0,0
2577,683.3578274760383,0.0,0.0,0
2578,683.6230031948882,0.0,0.0,0
2579,683.888178913738,0.0,0.0,0
2580,684.1533546325878,0.0,0.0,0
2581,684.4185303514377,0.0,0.0,0
2582,684.6837060702876,0.0,0.0,0
2583,684.9488817891374,0.0,0.0,0
2584,685.2140575079873,0.0,0.0,0
2585,685.4792332268371,0.0,0.0,0
2586,685.7444089456869,0.0,0.0,0
2587,686.0095846645368,0.0,0.0,0
2588,686.2747603833866,0.0,0.0,0
2589,686.5399361022364,0.0,0.0,0
2590,686.8051118210863,0.0,0.0,0
2591,687.0702875399361,0.0,0.0,0
2592,687.3354632587859,0.0,0.0,0
2593,687.6006389776358,0.0,0.0,0
2594,687.8658146964856,0.0,0.0,0
2595,688.1309904153354,0.0,0.0,0
2596,688.3961661341854,0.0,0.0,0
2597,688.6613418530352,0.0,0.0,0
2598,688.926517571885,0.0,0.0,0
2599,689.1916932907349,0.0,0.0,0
2600,689.4568690095847,0.0,0.0,0
2601,689.7220447284345,0.0,0.0,0
2602,689.9872204472844,0.0,0.0,0
2603,690.2523961661342,0.0,0.0,0
2604,690.517571884984,0.0,0.0,0
2605,690.7827476038339,0.0,0.0,0
2606,691.0479233226837,0.0,0.0,0
2607,691.3130990415335,0.0,0.0,0
2608,691.5782747603834,0.0,0.0,0
2609,691.8434504792332,0.0,0.0,0
2610,692.1086261980831,0.0,0.0,0
2611,692.373801916933,0.0,0.0,0
2612,692.6389776357828,0.0,0.0,0
2613,692.9041533546326,0.0,0.0,0
2614,693.1693290734825,0.0,0.0,0
2615,693.4345047923323,0.0,0.0,0
2616,693.6996805111821,0.0,0.0,0
2617,693.964856230032,0.0,0.0,0
2618,694.2300319488818,0.0,0.0,0
2619,694.4952076677316,0.0,0.0,0
2620,694.7603833865815,0.0,0.0,0
2621,695.0255591054313,0.0,0.0,0
2622,695.2907348242811,0.0,0.0,0
2623,695.555910543131,0.0,0.0,0
2624,695.8210862619808,0.0,0.0,0
2625,696.0862619808307,0.0,0.0,0
2626,696.3514376996806,0.0,0.0,0
2627,696.6166134185304,0.0,0.0,0
2628,696.8817891373802,0.0,0.0,0
2629,697.14696485623,0.0,0.0,0
2630,697.4121405750799,0.0,0.0,0
2631,697.6773162939297,0.0,0.0,0
2632,697.9424920127796,0.0,0.0,0
2633,698.2076677316294,0.0,0.0,0
2634,698.4728434504792,0.0,0.0,0
2635,698.738019169329,0.0,0.0,0
2636,699.0031948881789,0.0,0.0,0
2637,699.2683706070287,0.0,0.0,0
2638,699.5335463258785,0.0,0.0,0
2639,699.7987220447285,0.0,0.0,0
2640,700.0638977635783,0.0,0.0,0
2641,700.3290734824282,0.0,0.0,0
2642,700.594249201278,0.0,0.0,0
2643,700.8594249201278,0.0,0.0,0
2644,701.1246006389777,0.0,0.0,0
2645,701.3897763578275,0.0,0.0,0
2646,701.6549520766773,0.0,0.0,0
2647,701.9201277955272,0.0,0.0,0
2648,702.185303514377,0.0,0.0,0
2649,702.4504792332268,0.0,0.0,0
2650,702.7156549520766,0.0,0.0,0
2651,702.9808306709265,0.0,0.0,0
2652,703.2460063897763,0.0,0.0,0
2653,703.5111821086263,0.0,0.0,0
2654,703.7763578274761,0.0,0.0,0
2655,704.0415335463259,0.0,0.0,0
2656,704.3067092651758,0.0,0.0,0
2657,704.5718849840256,0.0,0.0,0
2658,704.8370607028754,0.0,0.0,0
2659,705.1022364217253,0.0,0.0,0
2660,705.3674121405751,0.0,0.0,0
2661,705.6325878594249,0.0,0.0,0
2662,705.8977635782747,0.0,0.0,0
2663,706.1629392971246,0.0,0.0,0
2664,706.4281150159744,0.0,0.0,0
2665,706.6932907348242,0.0,0.0,0
2666,706.9584664536741,0.0,0.0,0
2667,707.223642172524,0.0,0.0,0
2668,707.4888178913739,0.0,0.0,0
2669,707.7539936102237,0.0,0.0,0
2670,708.0191693290735,0.0,0.0,0
2671,708.2843450479234,0.0,0.0,0
2672,708.5495207667732,0.0,0.0,0
2673,708.814696485623,0.0,0.0,0
2674,709.0798722044728,0.0,0.0,0
2675,709.3450479233227,0.0,0.0,0
2676,709.6102236421725,0.0,0.0,0
2677,709.8753993610223,0.0,0.0,0
2678,710.1405750798722,0.0,0.0,0
2679,710.405750798722,0.0,0.0,0
2680,710.6709265175718,0.0,0.0,0
2681,710.9361022364218,0.0,0.0,0
2682,711.2012779552716,0.0,0.0,0
2683,711.4664536741215,0.0,0.0,0
2684,711.7316293929713,0.0,0.0,0
2685,711.9968051118211,0.0,0.0,0
2686,712.261980830671,0.0,0.0,0
2687,712.5271565495208,0.0,0.0,0
2688,712.7923322683706,0.0,0.0,0
2689,713.0575079872204,0.0,0.0,0
2690,713.3226837060703,0.0,0.0,0
2691,713.5878594249201,0.0,0.0,0
2692,713.85303514377,0.0,0.0,0
2693,714.1182108626198,0.0,0.0,0
2694,714.3833865814696,0.0,0.0,0
2695,714.6485623003194,0.0,0.0,0
2696,714.9137380191694,0.0,0.0,0
2697,715.1789137380192,0.0,0.0,0
2698,715.444089456869,0.0,0.0,0
2699,715.7092651757189,0.0,0.0,0
2700,715.9744408945687,0.0,0.0,0
2701,716.2396166134185,0.0,0.0,0
2702,716.5047923322684,0.0,0.0,0
2703,716.7699680511182,0.0,0.0,0
2704,717.035143769968,0.0,0.0,0
2705,717.3003194888179,0.0,0.0,0
2706,717.5654952076677,0.0,0.0,0
2707,717.8306709265175,0.0,0.0,0
2708,718.0958466453674,0.0,0.0,0
2709,718.3610223642172,0.0,0.0,0
2710,718.6261980830672,0.0,0.0,0
2711,718.891373801917,0.0,0.0,0
2712,719.1565495207668,0.0,0.0,0
2713,719.4217252396166,0.0,0.0,0
2714,719.6869009584665,0.0,0.0,0
2715,719.9520766773163,0.0,0.0,0
2716,720.2172523961661,0.0,0.0,0
2717,720.482428115016,0.0,0.0,0
2718,720.7476038338658,0.0,0.0,0
2719,721.0127795527156,0.0,0.0,0
2720,721.2779552715655,0.0,0.0,0
2721,721.5431309904153,0.0,0.0,0
2722,721.8083067092651,0.0,0.0,0
2723,722.073482428115,0.0,0.0,0
2724,722.3386581469649,0.0,0.0,0
2725,722.6038338658147,0.0,0.0,0
2726,722.8690095846646,0.0,0.0,0
2727,723.1341853035144,0.0,0.0,0
2728,723.3993610223642,0.0,0.0,0
2729,723.6645367412141,0.0,0.0,0
2730,723.9297124600639,0.0,0.0,0
2731,724.1948881789137,0.0,0.0,0
2732,724.4600638977636,0.0,0.0,0
2733,724.7252396166134,0.0,0.0,0
2734,724.9904153354632,0.0,0.0,0
2735,725.2555910543131,0.0,0.0,0
2736,725.5207667731629,0.0,0.0,0
2737,725.7859424920127,0.0,0.0,0
2738,726.0511182108627,0.0,0.0,0
2739,726.3162939297125,0.0,0.0,0
2740,726.5814696485623,0.0,0.0,0
2741,726.8466453674122,0.0,0.0,0
2742,727.111821086262,0.0,0.0,0
2743,727.3769968051118,0.0,0.0,0
2744,727.6421725239617,0.0,0.0,0
2745,727.9073482428115,0.0,0.0,0
2746,728.1725239616613,0.0,0.0,0
2747,728.4376996805112,0.0,0.0,0
2748,728.702875399361,0.0,0.0,0
2749,728.9680511182108,0.0,0.0,0
2750,729.2332268370607,0.0,0.0,0
2751,729.4984025559105,0.0,0.0,0
2752,729.7635782747604,0.0,0.0,0
2753,730.0287539936103,0.0,0.0,0
2754,730.2939297124601,0.0,0.0,0
2755,730.55910543131,0.0,0.0,0
2756,730.8242811501598,0.0,0.0,0
2757,731.0894568690096,0.0,0.0,0
2758,731.3546325878594,0.0,0.0,0
2759,731.6198083067093,0.0,0.0,0
2760,731.8849840255591,0.0,0.0,0
2761,732.1501597444089,0.0,0.0,0
2762,732.4153354632588,0.0,0.0,0
2763,732.6805111821086,0.0,0.0,0
2764,732.9456869009584,0.0,0.0,0
2765,733.2108626198083,0.0,0.0,0
2766,733.4760383386581,0.0,0.0,0
2767,733.741214057508,0.0,0.0,0
2768,734.0063897763579,0.0,0.0,0
2769,734.2715654952077,0.0,0.0,0
2770,734.5367412140575,0.0,0.0,0
2771,734.8019169329074,0.0,0.0,0
2772,735.0670926517572,0.0,0.0,0
2773,735.332268370607,0.0,0.0,0
2774,735.5974440894569,0.0,0.0,0
2775,735.8626198083067,0.0,0.0,0
2776,736.1277955271565,0.0,0.0,0
2777,736.3929712460064,0.0,0.0,0
2778,736.6581469648562,0.0,0.0,0
2779,736.923322683706,0.0,0.0,0
2780,737.1884984025559,0.0,0.0,0
2781,737.4536741214058,0.0,0.0,0
2782,737.7188498402556,0.0,0.0,0
2783,737.9840255591055,0.0,0.0,0
2784,738.2492012779553,0.0,0.0,0
2785,738.5143769968051,0.0,0.0,0
2786,738.779552715655,0.0,0.0,0
2787,739.0447284345048,0.0,0.0,0
2788,739.3099041533546,0.0,0.0,0
2789,739.5750798722045,0.0,0.0,0
2790,739.8402555910543,0.0,0.0,0
2791,740.1054313099041,0.0,0.0,0
2792,740.370607028754,0.0,0.0,0
2793,740.6357827476038,0.0,0.0,0
2794,740.9009584664536,0.0,0.0,0
2795,741.1661341853036,0.0,0.0,0
2796,741.4313099041534,0.0,0.0,0
2797,741.6964856230032,0.0,0.0,0
2798,741.9616613418531,0.0,0.0,0
2799,742.2268370607029,0.0,0.0,0
2800,742.4920127795527,0.0,0.0,0
2801,742.7571884984026,0.0,0.0,0
2802,743.0223642172524,0.0,0.0,0
2803,743.2875399361022,0.0,0.0,0
2804,743.5527156549521,0.0,0.0,0
2805,743.8178913738019,0.0,0.0,0
2806,744.0830670926517,0.0,0.0,0
2807,744.3482428115016,0.0,0.0,0
2808,744.6134185303514,0.0,0.0,0
2809,744.8785942492013,0.0,0.0,0
2810,745.1437699680512,0.0,0.0,0
2811,745.408945686901,0.0,0.0,0
2812,745.6741214057508,0.0,0.0,0
2813,745.9392971246007,0.0,0.0,0
2814,746.2044728434505,0.0,0.0,0
2815,746.4696485623003,0.0,0.0,0
2816,746.7348242811502,0.0,0.0,0
2817,747.0,0.0,0.0,0
2818,747.2651757188498,0.0,0.0,0
2819,747.5303514376997,0.0,0.0,0
2820,747.7955271565495,0.0,0.0,0
2821,748.0607028753993,0.0,0.0,0
2822,748.3258785942492,0.0,0.0,0
2823,748.591054313099,0.0,0.0,0
2824,748.8562300319489,0.0,0.0,0
2825,749.1214057507988,0.0,0.0,0
2826,749.3865814696486,0.0,0.0,0
2827,749.6517571884984,0.0,0.0,0
2828,749.9169329073483,0.0,0.0,0
2829,750.1821086261981,0.0,0.0,0
2830,750.4472843450479,0.0,0.0,0
2831,750.7124600638978,0.0,0.0,0
2832,750.9776357827476,0.0,0.0,0
2833,751.2428115015974,0.0,0.0,0
2834,751.5079872204473,0.0,0.0,0
2835,751.7731629392971,0.0,0.0,0
2836,752.0383386581469,0.0,0.0,0
2837,752.3035143769968,0.0,0.0,0
2838,752.5686900958467,0.0,0.0,0
2839,752.8338658146965,0.0,0.0,0
2840,753.0990415335464,0.0,0.0,0
2841,753.3642172523962,0.0,0.0,0
2842,753.629392971246,0.0,0.0,0
2843,753.8945686900959,0.0,0.0,0
2844,754.1597444089457,0.0,0.0,0
2845,754.4249201277955,0.0,0.0,0
2846,754.6900958466454,0.0,0.0,0
2847,754.9552715654952,0.0,0.0,0
2848,755.220447284345,0.0,0.0,0
2849,755.4856230031949,0.0,0.0,0
2850,755.7507987220447,0.0,0.0,0
2851,756.0159744408945,0.0,0.0,0
2852,756.2811501597445,0.0,0.0,0
2853,756.5463258785943,0.0,0.0,0
2854,756.8115015974441,0.0,0.0,0
2855,757.076677316294,0.0,0.0,0
2856,757.3418530351438,0.0,0.0,0
2857,757.6070287539936,0.0,0.0,0
2858,757.8722044728435,0.0,0.0,0
2859,758.1373801916933,0.0,0.0,0
2860,758.4025559105431,0.0,0.0,0
2861,758.667731629393,0.0,0.0,0
2862,758.9329073482428,0.0,0.0,0
2863,759.1980830670926,0.0,0.0,0
2864,759.4632587859425,0.0,0.0,0
2865,759.7284345047923,0.0,0.0,0
2866,759.9936102236422,0.0,0.0,0
2867,760.2587859424921,0.0,0.0,0
2868,760.5239616613419,0.0,0.0,0
2869,760.7891373801917,0.0,0.0,0
2870,761.0543130990416,0.0,0.0,0
2871,761.3194888178914,0.0,0.0,0
2872,761.5846645367412,0.0,0.0,0
2873,761.8498402555911,0.0,0.0,0
2874,762.1150159744409,0.0,0.0,0
2875,762.3801916932907,0.0,0.0,0
2876,762.6453674121406,0.0,0.0,0
2877,762.9105431309904,0.0,0.0,0
2878,763.1757188498402,0.0,0.0,0
2879,763.44089456869,0.0,0.0,0
2880,763.7060702875399,0.0,0.0,0
2881,763.9712460063898,0.0,0.0,0
2882,764.2364217252397,0.0,0.0,0
2883,764.5015974440895,0.0,0.0,0
2884,764.7667731629393,0.0,0.0,0
2885,765.0319488817892,0.0,0.0,0
2886,765.297124600639,0.0,0.0,0
2887,765.5623003194888,0.0,0.0,0
2888,765.8274760383387,0.0,0.0,0
2889,766.0926517571885,0.0,0.0,0
2890,766.3578274760383,0.0,0.0,0
2891,766.6230031948882,0.0,0.0,0
2892,766.888178913738,0.0,0.0,0
2893,767.1533546325878,0.0,0.0,0
2894,767.4185303514377,0.0,0.0,0
2895,767.6837060702876,0.0,0.0,0
2896,767.9488817891374,0.0,0.0,0
2897,768.2140575079873,0.0,0.0,0
2898,768.4792332268371,0.0,0.0,0
2899,768.7444089456869,0.0,0.0,0
2900,769.0095846645368,0.0,0.0,0
2901,769.2747603833866,0.0,0.0,0
2902,769.5399361022364,0.0,0.0,0
2903,769.8051118210863,0.0,0.0,0
2904,770.0702875399361,0.0,0.0,0
2905,770.3354632587859,0.0,0.0,0
2906,770.6006389776358,0.0,0.0,0
2907,770.8658146964856,0.0,0.0,0
2908,771.1309904153354,0.0,0.0,0
2909,771.3961661341854,0.0,0.0,0
2910,771.6613418530352,0.0,0.0,0
2911,771.926517571885,0.0,0.0,0
2912,772.1916932907349,0.0,0.0,0
2913,772.4568690095847,0.0,0.0,0
2914,772.7220447284345,0.0,0.0,0
2915,772.9872204472844,0.0,0.0,0
2916,773.2523961661342,0.0,0.0,0
2917,773.517571884984,0.0,0.0,0
2918,773.7827476038339,0.0,0.0,0
2919,774.0479233226837,0.0,0.0,0
2920,774.3130990415335,0.0,0.0,0
2921,774.5782747603834,0.0,0.0,0
2922,774.8434504792332,0.0,0.0,0
2923,775.1086261980831,0.0,0.0,0
2924,775.373801916933,0.0,0.0,0
2925,775.6389776357828,0.0,0.0,0
2926,775.9041533546326,0.0,0.0,0
2927,776.1693290734825,0.0,0.0,0
2928,776.4345047923323,0.0,0.0,0
2929,776.6996805111821,0.0,0.0,0
2930,776.964856230032,0.0,0.0,0
2931,777.2300319488818,0.0,0.0,0
2932,777.4952076677316,0.0,0.0,0
2933,777.7603833865815,0.0,0.0,0
2934,778.0255591054313,0.0,0.0,0
2935,778.2907348242811,0.0,0.0,0
2936,778.555910543131,0.0,0.0,0
2937,778.8210862619809,0.0,0.0,0
2938,779.0862619808307,0.0,0.0,0
2939,779.3514376996806,0.0,0.0,0
2940,779.6166134185304,0.0,0.0,0
2941,779.8817891373802,0.0,0.0,0
2942,780.14696485623,0.0,0.0,0
2943,780.4121405750799,0.0,0.0,0
2944,780.6773162939297,0.0,0.0,0
2945,780.9424920127796,0.0,0.0,0
2946,781.2076677316294,0.0,0.0,0
2947,781.4728434504792,0.0,0.0,0
2948,781.738019169329,0.0,0.0,0
2949,782.0031948881789,0.0,0.0,0
2950,782.2683706070287,0.0,0.0,0
2951,782.5335463258785,0.0,0.0,0
2952,782.7987220447285,0.0,0.0,0
2953,783.0638977635783,0.0,0.0,0
2954,783.3290734824282,0.0,0.0,0
2955,783.594249201278,0.0,0.0,0
2956,783.8594249201278,0.0,0.0,0
2957,784.1246006389777,0.0,0.0,0
2958,784.3897763578275,0.0,0.0,0
2959,784.6549520766773,0.0,0.0,0
2960,784.9201277955272,0.0,0.0,0
2961,785.185303514377,0.0,0.0,0
2962,785.4504792332268,0.0,0.0,0
2963,785.7156549520766,0.0,0.0,0
2964,785.9808306709265,0.0,0.0,0
2965,786.2460063897763,0.0,0.0,0
2966,786.5111821086263,0.0,0.0,0
2967,786.7763578274761,0.0,0.0,0
2968,787.0415335463259,0.0,0.0,0
2969,787.3067092651758,0.0,0.0,0
2970,787.5718849840256,0.0,0.0,0
2971,787.8370607028754,0.0,0.0,0
2972,788.1022364217253,0.0,0.0,0
2973,788.3674121405751,0.0,0.0,0
2974,788.6325878594249,0.0,0.0,0
2975,788.8977635782747,0.0,0.0,0
2976,789.1629392971246,0.0,0.0,0
2977,789.4281150159744,0.0,0.0,0
2978,789.6932907348242,0.0,0.0,0
2979,789.9584664536741,0.0,0.0,0
2980,790.223642172524,0.0,0.0,0
2981,790.4888178913739,0.0,0.0,0
2982,790.7539936102237,0.0,0.0,0
2983,791.0191693290735,0.0,0.0,0
2984,791.2843450479234,0.0,0.0,0
2985,791.5495207667732,0.0,0.0,0
2986,791.814696485623,0.0,0.0,0
2987,792.0798722044728,0.0,0.0,0
2988,792.3450479233227,0.0,0.0,0
2989,792.6102236421725,0.0,0.0,0
2990,792.8753993610223,0.0,0.0,0
2991,793.1405750798722,0.0,0.0,0
2992,793.405750798722,0.0,0.0,0
2993,793.6709265175718,0.0,0.0,0
2994,793.9361022364218,0.0,0.0,0
2995,794.2012779552716,0.0,0.0,0
2996,794.4664536741215,0.0,0.0,0
2997,794.7316293929713,0.0,0.0,0
2998,794.9968051118211,0.0,0.0,0
2999,795.261980830671,0.0,0.0,0
3000,795.5271565495208,0.0,0.0,0
3001,795.7923322683706,0.0,0.0,0
3002,796.0575079872204,0.0,0.0,0
3003,796.3226837060703,0.0,0.0,0
3004,796.5878594249201,0.0,0.0,0
3005,796.85303514377,0.0,0.0,0
3006,797.1182108626198,0.0,0.0,0
3007,797.3833865814696,0.0,0.0,0
3008,797.6485623003196,0.0,0.0,0
3009,797.9137380191694,0.0,0.0,0
3010,798.1789137380192,0.0,0.0,0
3011,798.444089456869,0.0,0.0,0
3012,798.7092651757189,0.0,0.0,0
3013,798.9744408945687,0.0,0.0,0
3014,799.2396166134185,0.0,0.0,0
3015,799.5047923322684,0.0,0.0,0
3016,799.7699680511182,0.0,0.0,0
3017,800.035143769968,0.0,0.0,0
3018,800.3003194888179,0.0,0.0,0
3019,800.5654952076677,0.0,0.0,0
3020,800.8306709265175,0.0,0.0,0
3021,801.0958466453674,0.0,0.0,0
3022,801.3610223642172,0.0,0.0,0
3023,801.6261980830672,0.0,0.0,0
3024,801.891373801917,0.0,0.0,0
3025,802.1565495207668,0.0,0.0,0
3026,802.4217252396166,0.0,0.0,0
3027,802.6869009584665,0.0,0.0,0
3028,802.9520766773163,0.0,0.0,0
3029,803.2172523961661,0.0,0.0,0
3030,803.482428115016,0.0,0.0,0
3031,803.7476038338658,0.0,0.0,0
3032,804.0127795527156,0.0,0.0,0
3033,804.2779552715655,0.0,0.0,0
3034,804.5431309904153,0.0,0.0,0
3035,804.8083067092651,0.0,0.0,0
3036,805.073482428115,0.0,0.0,0
3037,805.3386581469649,0.0,0.0,0
3038,805.6038338658147,0.0,0.0,0
3039,805.8690095846646,0.0,0.0,0
3040,806.1341853035144,0.0,0.0,0
3041,806.3993610223642,0.0,0.0,0
3042,806.6645367412141,0.0,0.0,0
3043,806.9297124600639,0.0,0.0,0
3044,807.1948881789137,0.0,0.0,0
3045,807.4600638977636,0.0,0.0,0
3046,807.7252396166134,0.0,0.0,0
3047,807.9904153354632,0.0,0.0,0
3048,808.2555910543131,0.0,0.0,0
3049,808.5207667731629,0.0,0.0,0
3050,808.7859424920127,0.0,0.0,0
3051,809.0511182108627,0.0,0.0,0
3052,809.3162939297125,0.0,0.0,0
3053,809.5814696485623,0.0,0.0,0
3054,809.8466453674122,0.0,0.0,0
3055,810.111821086262,0.0,0.0,0
3056,810.3769968051118,0.0,0.0,0
3057,810.6421725239617,0.0,0.0,0
3058,810.9073482428115,0.0,0.0,0
3059,811.1725239616613,0.0,0.0,0
3060,811.4376996805112,0.0,0.0,0
3061,811.702875399361,0.0,0.0,0
3062,811.9680511182108,0.0,0.0,0
3063,812.2332268370607,0.0,0.0,0
3064,812.4984025559105,0.0,0.0,0
3065,812.7635782747604,0.0,0.0,0
3066,813.0287539936103,0.0,0.0,0
3067,813.2939297124601,0.0,0.0,0
3068,813.55910543131,0.0,0.0,0
3069,813.8242811501598,0.0,0.0,0
3070,814.0894568690096,0.0,0.0,0
3071,814.3546325878594,0.0,0.0,0
3072,814.6198083067093,0.0,0.0,0
3073,814.8849840255591,0.0,0.0,0
3074,815.1501597444089,0.0,0.0,0
3075,815.4153354632588,0.0,0.0,0
3076,815.6805111821086,0.0,0.0,0
3077,815.9456869009584,0.0,0.0,0
3078,816.2108626198083,0.0,0.0,0
3079,816.4760383386581,0.0,0.0,0
3080,816.741214057508,0.0,0.0,0
3081,817.0063897763579,0.0,0.0,0
3082,817.2715654952077,0.0,0.0,0
3083,817.5367412140575,0.0,0.0,0
3084,817.8019169329074,0.0,0.0,0
3085,818.0670926517572,0.0,0.0,0
3086,818.332268370607,0.0,0.0,0
3087,818.5974440894569,0.0,0.0,0
3088,818.8626198083067,0.0,0.0,0
3089,819.1277955271565,0.0,0.0,0
3090,819.3929712460064,0.0,0.0,0
3091,819.6581469648562,0.0,0.0,0
3092,819.923322683706,0.0,0.0,0
3093,820.1884984025559,0.0,0.0,0
3094,820.4536741214058,0.0,0.0,0
3095,820.7188498402556,0.0,0.0,0
3096,820.9840255591055,0.0,0.0,1
3097,821.2492012779553,0.0,0.0,0
3098,821.5143769968051,0.0,0.0,0
3099,821.779552715655,0.0,0.0,0
3100,822.0447284345048,0.0,0.0,0
3101,822.3099041533546,0.0,0.0,0
3102,822.5750798722045,0.0,0.0,0
3103,822.8402555910543,0.0,0.0,0
3104,823.1054313099041,0.0,0.0,0
3105,823.370607028754,0.0,0.0,0
3106,823.6357827476038,0.0,0.0,0
3107,823.9009584664536,0.0,0.0,0
3108,824.1661341853036,0.0,0.0,0
3109,824.4313099041534,0.0,0.0,0
3110,824.6964856230032,0.0,0.0,0
3111,824.9616613418531,0.0,0.0,0
3112,825.2268370607029,0.0,0.0,0
3113,825.4920127795527,0.0,0.0,0
3114,825.7571884984026,0.0,0.0,0
3115,826.0223642172524,0.0,0.0,0
3116,826.2875399361022,0.0,0.0,0
3117,826.5527156549521,0.0,0.0,0
3118,826.8178913738019,0.0,0.0,0
3119,827.0830670926517,0.0,0.0,0
3120,827.3482428115016,0.0,0.0,0
3121,827.6134185303514,0.0,0.0,0
3122,827.8785942492013,0.0,0.0,0
3123,828.1437699680512,0.0,0.0,0
3124,828.408945686901,0.0,0.0,0
3125,828.6741214057508,0.0,0.0,0
3126,828.9392971246007,0.0,0.0,0
3127,829.2044728434505,0.0,0.0,0
3128,829.4696485623003,0.0,0.0,0
3129,829.7348242811502,0.0,0.0,0
