,t,msd,var,lt
0,0.0,0.0,,55352
1,1.3557483731019522,0.7445763658709679,5063828.515723815,8510
2,2.7114967462039044,1.7154591719471672,5063828.515723815,6832
3,4.0672451193058565,3.1835005042451243,5058644.293501905,2438
4,5.422993492407809,5.159251367428087,5050719.876835348,1249
5,6.778741865509761,7.636104315909974,5040643.596835334,1922
6,8.134490238611713,10.581729076464283,5027572.96572423,363
7,9.490238611713664,13.964815269932624,5012314.680009943,451
8,10.845986984815617,17.751881791442557,4996036.311387492,716
9,12.20173535791757,21.916412180799192,4973815.570646754,358
10,13.557483731019522,26.422424702488577,4951138.012128239,264
11,14.913232104121473,31.245798853852197,4924156.089483607,406
12,16.268980477223426,36.366685148106036,4902490.166848161,130
13,17.62472885032538,41.718718247872985,4865674.594856051,111
14,18.98047722342733,47.3319820802614,4844713.348146717,249
15,20.33622559652928,53.06440549483257,4801638.811910888,101
16,21.691973969631235,59.02599245810051,4762439.423647001,153
17,23.047722342733188,65.11085446264998,4704193.656345962,96
18,24.40347071583514,71.3577924355885,4658955.047776608,71
19,25.75921908893709,77.59639951852088,4606222.471736118,165
20,27.114967462039044,83.91483989958394,4553897.750378777,41
21,28.470715835140997,90.27012213704667,4497995.903485355,48
22,29.826464208242946,96.73381657273089,4423008.486270532,92
23,31.1822125813449,103.2796710238961,4339873.5558701195,57
24,32.53796095444685,109.92985954147403,4281832.413489317,34
25,33.893709327548805,116.68684722869324,4227469.912511539,84
26,35.24945770065076,123.17121999657202,4192303.7543860944,13
27,36.60520607375271,129.54212259979315,4084650.039464949,29
28,37.96095444685466,136.01535757741075,4029943.9644110594,60
29,39.31670281995661,142.41325214010374,3965906.8394383593,25
30,40.67245119305856,148.79130919067777,3831977.963031964,42
31,42.02819956616052,155.37477234064625,3715104.34884304,32
32,43.38394793926247,162.1260172622091,3668829.131247437,12
33,44.73969631236442,168.700960338389,3615746.124475169,35
34,46.095444685466376,175.20616866810238,3584677.2744778697,15
35,47.45119305856833,181.26237324301982,3550168.948873746,21
36,48.80694143167028,187.20379277727386,3494060.2765129497,22
37,50.16268980477223,192.6480938049443,3370381.8884492097,21
38,51.51843817787418,198.17112009114538,3261527.564153213,6
39,52.874186550976134,203.96700517106643,3208221.3529785415,25
40,54.22993492407809,209.5939992591678,3112702.737089324,6
41,55.58568329718004,215.13054455785988,3093393.3171369145,13
42,56.94143167028199,219.92232619924607,3048651.0541658136,21
43,58.297180043383946,225.07020400964194,3019171.1826829133,16
44,59.65292841648589,229.6041443056007,2942813.708896547,15
45,61.008676789587845,233.92004595630334,2822356.0693495623,14
46,62.3644251626898,238.0829214786424,2745227.548047315,6
47,63.72017353579175,242.24711793132846,2667035.0662838467,15
48,65.0759219088937,246.65135254013634,2594846.951482026,2
49,66.43167028199565,250.39755477500492,2498543.8044859827,5
50,67.78741865509761,254.16476443309818,2436272.3332816516,10
51,69.14316702819956,257.8986567992599,2374926.9883835353,15
52,70.49891540130152,262.59429113750974,2283522.6767572616,4
53,71.85466377440346,266.541400738999,2169747.9152341764,15
54,73.21041214750542,271.4041833975252,2149707.0606764425,2
55,74.56616052060737,277.0481762880805,2081881.358960745,7
56,75.92190889370931,281.2466588447897,2005770.8555579793,8
57,77.27765726681127,285.80815719053487,1949128.4356250013,7
58,78.63340563991322,290.9080045704129,1942397.6961024771,4
59,79.98915401301518,295.02408089206756,1860980.4948540493,6
60,81.34490238611713,299.23390123638507,1860980.4948540493,3
61,82.70065075921909,303.24538279093275,1859368.4044004674,10
62,84.05639913232103,305.3725322453277,1726659.33660207,0
63,85.412147505423,310.09214898115664,1645602.6194033008,12
64,86.76789587852494,313.76728162935666,1630922.1730468213,4
65,88.12364425162689,319.78347309379683,1524749.965416459,4
66,89.47939262472885,326.11848157218805,1524364.4933270875,1
67,90.83514099783079,332.04127284183994,1477180.2197052701,4
68,92.19088937093275,337.60299989933225,1459890.952549146,1
69,93.5466377440347,344.05622818094037,1439917.022515692,0
70,94.90238611713666,352.2131234452102,1411612.7249729875,2
71,96.2581344902386,359.9336135546215,1383448.610595617,4
72,97.61388286334056,367.38043280596474,1383448.610595617,1
73,98.96963123644251,372.82971719287747,1372418.298066803,3
74,100.32537960954446,381.3364659538548,1361800.1127909012,2
75,101.68112798264642,389.1861623288077,1361800.1127909012,3
76,103.03687635574836,396.4033284710251,1350762.9907032435,1
77,104.39262472885032,405.4511952191235,1277128.796083998,1
78,105.74837310195227,413.37406855439644,1250981.0482145958,1
79,107.10412147505423,421.84845417740155,1175590.6219867317,1
80,108.45986984815617,430.63727959697735,1170386.3883367756,2
81,109.81561822125812,440.56499565972223,1146125.6491522,2
82,111.17136659436008,446.98914081145585,1112351.176377278,0
83,112.52711496746203,455.55878265703166,1106661.3813695197,0
84,113.88286334056399,463.17835051546393,1106661.3813695197,2
85,115.23861171366593,471.0331843191197,1054543.5834610232,1
86,116.59436008676789,480.84805929393406,1051409.958259633,1
87,117.95010845986984,489.10745522698875,1051409.958259633,1
88,119.30585683297178,497.6274290819745,1051409.958259633,2
89,120.66160520607374,503.08260544047914,1036825.4679407192,2
90,122.01735357917569,511.07742109522525,1036825.4679407192,1
91,123.37310195227765,519.5890813031994,1036825.4679407192,1
92,124.7288503253796,518.1653068463994,635961.2139212805,2
93,126.08459869848156,527.9634391321816,634090.3288898258,1
94,127.4403470715835,539.2857781753131,627637.1823277189,0
95,128.79609544468545,555.3853113358169,601116.9660754445,4
96,130.1518438177874,567.1801632140615,598251.2696719838,0
97,131.50759219088937,577.9368055555556,598251.2696719838,0
98,132.8633405639913,589.06216006216,598251.2696719838,2
99,134.21908893709326,597.8318264014466,573143.548776093,0
100,135.57483731019522,596.0552016985138,468906.4248058452,1
101,136.93058568329718,598.6901234567902,423538.2871862392,0
102,138.2863340563991,601.4017216642754,419774.4527655914,0
103,139.64208242950107,601.529886914378,419774.4527655914,1
104,140.99783080260303,601.6625615763547,272463.21869107004,0
105,142.35357917570497,591.3993174061434,220702.72763054323,0
106,143.70932754880693,587.9383259911895,177917.11975769527,3
107,145.06507592190889,612.3128834355829,165318.71975920023,1
108,146.42082429501085,618.1756756756756,165318.71975920023,0
109,147.77657266811278,659.2755102040817,162285.9531069541,2
110,149.13232104121474,660.9659090909091,162285.9531069541,0
111,150.4880694143167,660.6282051282051,162285.9531069541,1
112,151.84381778741863,663.2352941176471,162285.9531069541,0
113,153.1995661605206,627.6595744680851,94214.53759609473,0
114,154.55531453362255,636.0487804878048,94214.53759609473,0
115,155.9110629067245,672.3636363636364,91585.16840270034,3
116,157.26681127982644,666.1578947368421,91585.16840270034,0
117,158.6225596529284,663.3125,91585.16840270034,1
118,159.97830802603036,672.4615384615385,91585.16840270034,1
119,161.33405639913232,697.8,80226.38947969764,0
120,162.68980477223425,674.0,80226.38947969764,3
121,164.0455531453362,652.0,80226.38947969764,1
122,165.40130151843817,633.5,80226.38947969764,1
123,166.7570498915401,610.0,80226.38947969764,2
124,168.11279826464207,0.0,0.0,0
125,169.46854663774403,0.0,0.0,0
126,170.824295010846,0.0,0.0,1
127,172.18004338394792,0.0,0.0,0
128,173.53579175704988,0.0,0.0,0
129,174.89154013015184,0.0,0.0,0
130,176.24728850325377,0.0,0.0,0
131,177.60303687635573,0.0,0.0,1
132,178.9587852494577,0.0,0.0,0
133,180.31453362255965,0.0,0.0,1
134,181.67028199566158,0.0,0.0,0
135,183.02603036876354,0.0,0.0,0
136,184.3817787418655,0.0,0.0,0
137,185.73752711496743,0.0,0.0,1
138,187.0932754880694,0.0,0.0,0
139,188.44902386117136,0.0,0.0,0
140,189.80477223427332,0.0,0.0,0
141,191.16052060737525,0.0,0.0,0
142,192.5162689804772,0.0,0.0,0
143,193.87201735357917,0.0,0.0,1
144,195.22776572668113,0.0,0.0,0
145,196.58351409978306,0.0,0.0,0
146,197.93926247288502,0.0,0.0,0
147,199.29501084598698,0.0,0.0,0
148,200.6507592190889,0.0,0.0,0
149,202.00650759219087,0.0,0.0,0
150,203.36225596529283,0.0,0.0,0
151,204.7180043383948,0.0,0.0,0
152,206.07375271149672,0.0,0.0,0
153,207.42950108459868,0.0,0.0,0
154,208.78524945770064,0.0,0.0,0
155,210.14099783080258,0.0,0.0,0
156,211.49674620390454,0.0,0.0,0
157,212.8524945770065,0.0,0.0,0
158,214.20824295010846,0.0,0.0,0
159,215.5639913232104,0.0,0.0,0
160,216.91973969631235,0.0,0.0,0
161,218.2754880694143,0.0,0.0,0
162,219.63123644251624,0.0,0.0,0
163,220.9869848156182,0.0,0.0,0
164,222.34273318872016,0.0,0.0,0
165,223.69848156182212,0.0,0.0,0
166,225.05422993492405,0.0,0.0,0
167,226.409978308026,0.0,0.0,0
168,227.76572668112797,0.0,0.0,0
169,229.1214750542299,0.0,0.0,0
170,230.47722342733186,0.0,0.0,0
171,231.83297180043382,0.0,0.0,0
172,233.18872017353578,0.0,0.0,0
173,234.54446854663772,0.0,0.0,0
174,235.90021691973968,0.0,0.0,0
175,237.25596529284164,0.0,0.0,0
176,238.61171366594357,0.0,0.0,0
177,239.96746203904553,0.0,0.0,0
178,241.3232104121475,0.0,0.0,0
179,242.67895878524945,0.0,0.0,0
180,244.03470715835138,0.0,0.0,0
181,245.39045553145334,0.0,0.0,0
182,246.7462039045553,0.0,0.0,0
183,248.10195227765726,0.0,0.0,0
184,249.4577006507592,0.0,0.0,0
185,250.81344902386115,0.0,0.0,0
186,252.1691973969631,0.0,0.0,0
187,253.52494577006505,0.0,0.0,0
188,254.880694143167,0.0,0.0,0
189,256.23644251626894,0.0,0.0,0
190,257.5921908893709,0.0,0.0,0
191,258.94793926247286,0.0,0.0,0
192,260.3036876355748,0.0,0.0,0
193,261.6594360086768,0.0,0.0,0
194,263.01518438177874,0.0,0.0,0
195,264.3709327548807,0.0,0.0,0
196,265.7266811279826,0.0,0.0,0
197,267.08242950108456,0.0,0.0,0
198,268.4381778741865,0.0,0.0,0
199,269.7939262472885,0.0,0.0,0
200,271.14967462039044,0.0,0.0,0
201,272.5054229934924,0.0,0.0,0
202,273.86117136659436,0.0,0.0,0
203,275.21691973969627,0.0,0.0,0
204,276.5726681127982,0.0,0.0,0
205,277.9284164859002,0.0,0.0,0
206,279.28416485900215,0.0,0.0,0
207,280.6399132321041,0.0,0.0,0
208,281.99566160520607,0.0,0.0,0
209,283.351409978308,0.0,0.0,0
210,284.70715835140993,0.0,0.0,0
211,286.0629067245119,0.0,0.0,0
212,287.41865509761385,0.0,0.0,0
213,288.7744034707158,0.0,0.0,0
214,290.13015184381777,0.0,0.0,0
215,291.48590021691973,0.0,0.0,0
216,292.8416485900217,0.0,0.0,0
217,294.1973969631236,0.0,0.0,0
218,295.55314533622555,0.0,0.0,0
219,296.9088937093275,0.0,0.0,0
220,298.2646420824295,0.0,0.0,0
221,299.62039045553144,0.0,0.0,0
222,300.9761388286334,0.0,0.0,0
223,302.33188720173536,0.0,0.0,0
224,303.68763557483726,0.0,0.0,0
225,305.0433839479392,0.0,0.0,0
226,306.3991323210412,0.0,0.0,0
227,307.75488069414314,0.0,0.0,0
228,309.1106290672451,0.0,0.0,0
229,310.46637744034706,0.0,0.0,0
230,311.822125813449,0.0,0.0,0
231,313.177874186551,0.0,0.0,0
232,314.5336225596529,0.0,0.0,0
233,315.88937093275484,0.0,0.0,0
234,317.2451193058568,0.0,0.0,0
235,318.60086767895876,0.0,0.0,0
236,319.9566160520607,0.0,0.0,0
237,321.3123644251627,0.0,0.0,0
238,322.66811279826464,0.0,0.0,0
239,324.02386117136655,0.0,0.0,0
240,325.3796095444685,0.0,0.0,0
241,326.73535791757047,0.0,0.0,0
242,328.0911062906724,0.0,0.0,0
243,329.4468546637744,0.0,0.0,0
244,330.80260303687635,0.0,0.0,0
245,332.1583514099783,0.0,0.0,0
246,333.5140997830802,0.0,0.0,0
247,334.8698481561822,0.0,0.0,0
248,336.22559652928413,0.0,0.0,0
249,337.5813449023861,0.0,0.0,0
250,338.93709327548805,0.0,0.0,0
251,340.29284164859,0.0,0.0,0
252,341.648590021692,0.0,0.0,0
253,343.0043383947939,0.0,0.0,0
254,344.36008676789584,0.0,0.0,0
255,345.7158351409978,0.0,0.0,0
256,347.07158351409976,0.0,0.0,0
257,348.4273318872017,0.0,0.0,0
258,349.7830802603037,0.0,0.0,0
259,351.13882863340564,0.0,0.0,0
260,352.49457700650754,0.0,0.0,0
261,353.8503253796095,0.0,0.0,0
262,355.20607375271146,0.0,0.0,0
263,356.5618221258134,0.0,0.0,0
264,357.9175704989154,0.0,0.0,0
265,359.27331887201734,0.0,0.0,0
266,360.6290672451193,0.0,0.0,0
267,361.9848156182212,0.0,0.0,0
268,363.34056399132317,0.0,0.0,0
269,364.6963123644251,0.0,0.0,0
270,366.0520607375271,0.0,0.0,0
271,367.40780911062905,0.0,0.0,0
272,368.763557483731,0.0,0.0,0
273,370.11930585683297,0.0,0.0,0
274,371.47505422993487,0.0,0.0,0
275,372.83080260303683,0.0,0.0,0
276,374.1865509761388,0.0,0.0,0
277,375.54229934924075,0.0,0.0,0
278,376.8980477223427,0.0,0.0,0
279,378.25379609544467,0.0,0.0,0
280,379.60954446854663,0.0,0.0,0
281,380.96529284164853,0.0,0.0,0
282,382.3210412147505,0.0,0.0,0
283,383.67678958785245,0.0,0.0,0
284,385.0325379609544,0.0,0.0,0
285,386.3882863340564,0.0,0.0,0
286,387.74403470715833,0.0,0.0,0
287,389.0997830802603,0.0,0.0,0
288,390.45553145336225,0.0,0.0,0
289,391.81127982646416,0.0,0.0,0
290,393.1670281995661,0.0,0.0,0
291,394.5227765726681,0.0,0.0,0
292,395.87852494577004,0.0,0.0,0
293,397.234273318872,0.0,0.0,0
294,398.59002169197396,0.0,0.0,0
295,399.9457700650759,0.0,0.0,0
296,401.3015184381778,0.0,0.0,0
297,402.6572668112798,0.0,0.0,0
298,404.01301518438174,0.0,0.0,0
299,405.3687635574837,0.0,0.0,0
300,406.72451193058566,0.0,0.0,0
301,408.0802603036876,0.0,0.0,0
302,409.4360086767896,0.0,0.0,0
303,410.7917570498915,0.0,0.0,0
304,412.14750542299345,0.0,0.0,0
305,413.5032537960954,0.0,0.0,0
306,414.85900216919737,0.0,0.0,0
307,416.2147505422993,0.0,0.0,0
308,417.5704989154013,0.0,0.0,0
309,418.92624728850325,0.0,0.0,0
310,420.28199566160515,0.0,0.0,0
311,421.6377440347071,0.0,0.0,0
312,422.9934924078091,0.0,0.0,0
313,424.34924078091103,0.0,0.0,0
314,425.704989154013,0.0,0.0,0
315,427.06073752711495,0.0,0.0,0
316,428.4164859002169,0.0,0.0,0
317,429.7722342733188,0.0,0.0,0
318,431.1279826464208,0.0,0.0,0
319,432.48373101952274,0.0,0.0,0
320,433.8394793926247,0.0,0.0,0
321,435.19522776572666,0.0,0.0,0
322,436.5509761388286,0.0,0.0,0
323,437.9067245119306,0.0,0.0,0
324,439.2624728850325,0.0,0.0,0
325,440.61822125813444,0.0,0.0,0
326,441.9739696312364,0.0,0.0,0
327,443.32971800433836,0.0,0.0,0
328,444.6854663774403,0.0,0.0,0
329,446.0412147505423,0.0,0.0,0
330,447.39696312364424,0.0,0.0,0
331,448.75271149674614,0.0,0.0,0
332,450.1084598698481,0.0,0.0,0
333,451.46420824295006,0.0,0.0,0
334,452.819956616052,0.0,0.0,0
335,454.175704989154,0.0,0.0,0
336,455.53145336225595,0.0,0.0,0
337,456.8872017353579,0.0,0.0,0
338,458.2429501084598,0.0,0.0,0
339,459.59869848156177,0.0,0.0,0
340,460.95444685466373,0.0,0.0,0
341,462.3101952277657,0.0,0.0,0
342,463.66594360086765,0.0,0.0,0
343,465.0216919739696,0.0,0.0,0
344,466.37744034707157,0.0,0.0,0
345,467.7331887201735,0.0,0.0,0
346,469.08893709327543,0.0,0.0,0
347,470.4446854663774,0.0,0.0,0
348,471.80043383947935,0.0,0.0,0
349,473.1561822125813,0.0,0.0,0
350,474.5119305856833,0.0,0.0,0
351,475.86767895878523,0.0,0.0,0
352,477.22342733188714,0.0,0.0,0
353,478.5791757049891,0.0,0.0,0
354,479.93492407809106,0.0,0.0,0
355,481.290672451193,0.0,0.0,0
356,482.646420824295,0.0,0.0,0
357,484.00216919739694,0.0,0.0,0
358,485.3579175704989,0.0,0.0,0
359,486.71366594360086,0.0,0.0,0
360,488.06941431670276,0.0,0.0,0
361,489.4251626898047,0.0,0.0,0
362,490.7809110629067,0.0,0.0,0
363,492.13665943600864,0.0,0.0,0
364,493.4924078091106,0.0,0.0,0
365,494.84815618221256,0.0,0.0,0
366,496.2039045553145,0.0,0.0,0
367,497.5596529284164,0.0,0.0,0
368,498.9154013015184,0.0,0.0,0
369,500.27114967462035,0.0,0.0,0
370,501.6268980477223,0.0,0.0,0
371,502.98264642082427,0.0,0.0,0
372,504.3383947939262,0.0,0.0,0
373,505.6941431670282,0.0,0.0,0
374,507.0498915401301,0.0,0.0,0
375,508.40563991323205,0.0,0.0,0
376,509.761388286334,0.0,0.0,0
377,511.11713665943597,0.0,0.0,0
378,512.4728850325379,0.0,0.0,0
379,513.8286334056398,0.0,0.0,0
380,515.1843817787418,0.0,0.0,0
381,516.5401301518438,0.0,0.0,0
382,517.8958785249457,0.0,0.0,0
383,519.2516268980477,0.0,0.0,0
384,520.6073752711496,0.0,0.0,0
385,521.9631236442516,0.0,0.0,0
386,523.3188720173536,0.0,0.0,0
387,524.6746203904555,0.0,0.0,0
388,526.0303687635575,0.0,0.0,0
389,527.3861171366594,0.0,0.0,0
390,528.7418655097614,0.0,0.0,0
391,530.0976138828634,0.0,0.0,0
392,531.4533622559652,0.0,0.0,0
393,532.8091106290672,0.0,0.0,0
394,534.1648590021691,0.0,0.0,0
395,535.5206073752711,0.0,0.0,0
396,536.876355748373,0.0,0.0,0
397,538.232104121475,0.0,0.0,0
398,539.587852494577,0.0,0.0,0
399,540.9436008676789,0.0,0.0,0
400,542.2993492407809,0.0,0.0,0
401,543.6550976138828,0.0,0.0,0
402,545.0108459869848,0.0,0.0,0
403,546.3665943600868,0.0,0.0,0
404,547.7223427331887,0.0,0.0,0
405,549.0780911062907,0.0,0.0,0
406,550.4338394793925,0.0,0.0,0
407,551.7895878524945,0.0,0.0,0
408,553.1453362255965,0.0,0.0,0
409,554.5010845986984,0.0,0.0,0
410,555.8568329718004,0.0,0.0,0
411,557.2125813449023,0.0,0.0,0
412,558.5683297180043,0.0,0.0,0
413,559.9240780911063,0.0,0.0,0
414,561.2798264642082,0.0,0.0,0
415,562.6355748373102,0.0,0.0,0
416,563.9913232104121,0.0,0.0,0
417,565.3470715835141,0.0,0.0,0
418,566.702819956616,0.0,0.0,0
419,568.058568329718,0.0,0.0,0
420,569.4143167028199,0.0,0.0,0
421,570.7700650759218,0.0,0.0,0
422,572.1258134490238,0.0,0.0,0
423,573.4815618221257,0.0,0.0,0
424,574.8373101952277,0.0,0.0,0
425,576.1930585683297,0.0,0.0,0
426,577.5488069414316,0.0,0.0,0
427,578.9045553145336,0.0,0.0,0
428,580.2603036876355,0.0,0.0,0
429,581.6160520607375,0.0,0.0,0
430,582.9718004338395,0.0,0.0,0
431,584.3275488069414,0.0,0.0,0
432,585.6832971800434,0.0,0.0,0
433,587.0390455531453,0.0,0.0,0
434,588.3947939262472,0.0,0.0,0
435,589.7505422993491,0.0,0.0,0
436,591.1062906724511,0.0,0.0,0
437,592.4620390455531,0.0,0.0,0
438,593.817787418655,0.0,0.0,0
439,595.173535791757,0.0,0.0,0
440,596.529284164859,0.0,0.0,0
441,597.8850325379609,0.0,0.0,0
442,599.2407809110629,0.0,0.0,0
443,600.5965292841648,0.0,0.0,0
444,601.9522776572668,0.0,0.0,0
445,603.3080260303688,0.0,0.0,0
446,604.6637744034707,0.0,0.0,0
447,606.0195227765727,0.0,0.0,0
448,607.3752711496745,0.0,0.0,0
449,608.7310195227765,0.0,0.0,0
450,610.0867678958784,0.0,0.0,0
451,611.4425162689804,0.0,0.0,0
452,612.7982646420824,0.0,0.0,0
453,614.1540130151843,0.0,0.0,0
454,615.5097613882863,0.0,0.0,0
455,616.8655097613882,0.0,0.0,0
456,618.2212581344902,0.0,0.0,0
457,619.5770065075922,0.0,0.0,0
458,620.9327548806941,0.0,0.0,0
459,622.2885032537961,0.0,0.0,0
460,623.644251626898,0.0,0.0,0
461,625.0,0.0,0.0,0
462,626.355748373102,0.0,0.0,0
463,627.7114967462038,0.0,0.0,0
464,629.0672451193058,0.0,0.0,0
465,630.4229934924077,0.0,0.0,0
466,631.7787418655097,0.0,0.0,0
467,633.1344902386116,0.0,0.0,0
468,634.4902386117136,0.0,0.0,0
469,635.8459869848156,0.0,0.0,0
470,637.2017353579175,0.0,0.0,0
471,638.5574837310195,0.0,0.0,0
472,639.9132321041214,0.0,0.0,0
473,641.2689804772234,0.0,0.0,0
474,642.6247288503254,0.0,0.0,0
475,643.9804772234273,0.0,0.0,0
476,645.3362255965293,0.0,0.0,0
477,646.6919739696311,0.0,0.0,0
478,648.0477223427331,0.0,0.0,0
479,649.403470715835,0.0,0.0,0
480,650.759219088937,0.0,0.0,0
481,652.114967462039,0.0,0.0,0
482,653.4707158351409,0.0,0.0,0
483,654.8264642082429,0.0,0.0,0
484,656.1822125813449,0.0,0.0,0
485,657.5379609544468,0.0,0.0,0
486,658.8937093275488,0.0,0.0,0
487,660.2494577006507,0.0,0.0,0
488,661.6052060737527,0.0,0.0,0
489,662.9609544468547,0.0,0.0,0
490,664.3167028199566,0.0,0.0,0
491,665.6724511930585,0.0,0.0,0
492,667.0281995661604,0.0,0.0,0
493,668.3839479392624,0.0,0.0,0
494,669.7396963123643,0.0,0.0,0
495,671.0954446854663,0.0,0.0,0
496,672.4511930585683,0.0,0.0,0
497,673.8069414316702,0.0,0.0,0
498,675.1626898047722,0.0,0.0,0
499,676.5184381778741,0.0,0.0,0
500,677.8741865509761,0.0,0.0,0
501,679.2299349240781,0.0,0.0,0
502,680.58568329718,0.0,0.0,0
503,681.941431670282,0.0,0.0,0
504,683.297180043384,0.0,0.0,0
505,684.6529284164858,0.0,0.0,0
506,686.0086767895878,0.0,0.0,0
507,687.3644251626897,0.0,0.0,0
508,688.7201735357917,0.0,0.0,0
509,690.0759219088936,0.0,0.0,0
510,691.4316702819956,0.0,0.0,0
511,692.7874186550976,0.0,0.0,0
512,694.1431670281995,0.0,0.0,0
513,695.4989154013015,0.0,0.0,0
514,696.8546637744034,0.0,0.0,0
515,698.2104121475054,0.0,0.0,0
516,699.5661605206074,0.0,0.0,0
517,700.9219088937093,0.0,0.0,0
518,702.2776572668113,0.0,0.0,0
519,703.6334056399132,0.0,0.0,0
520,704.9891540130151,0.0,0.0,0
521,706.344902386117,0.0,0.0,0
522,707.700650759219,0.0,0.0,0
523,709.056399132321,0.0,0.0,0
524,710.4121475054229,0.0,0.0,0
525,711.7678958785249,0.0,0.0,0
526,713.1236442516268,0.0,0.0,0
527,714.4793926247288,0.0,0.0,0
528,715.8351409978308,0.0,0.0,0
529,717.1908893709327,0.0,0.0,0
530,718.5466377440347,0.0,0.0,0
531,719.9023861171366,0.0,0.0,0
532,721.2581344902386,0.0,0.0,0
533,722.6138828633406,0.0,0.0,0
534,723.9696312364424,0.0,0.0,0
535,725.3253796095444,0.0,0.0,0
536,726.6811279826463,0.0,0.0,0
537,728.0368763557483,0.0,0.0,0
538,729.3926247288503,0.0,0.0,0
539,730.7483731019522,0.0,0.0,0
540,732.1041214750542,0.0,0.0,0
541,733.4598698481561,0.0,0.0,0
542,734.8156182212581,0.0,0.0,0
543,736.17136659436,0.0,0.0,0
544,737.527114967462,0.0,0.0,0
545,738.882863340564,0.0,0.0,0
546,740.2386117136659,0.0,0.0,0
547,741.5943600867679,0.0,0.0,0
548,742.9501084598697,0.0,0.0,0
549,744.3058568329717,0.0,0.0,0
550,745.6616052060737,0.0,0.0,0
551,747.0173535791756,0.0,0.0,0
552,748.3731019522776,0.0,0.0,0
553,749.7288503253795,0.0,0.0,0
554,751.0845986984815,0.0,0.0,0
555,752.4403470715835,0.0,0.0,0
556,753.7960954446854,0.0,0.0,0
557,755.1518438177874,0.0,0.0,0
558,756.5075921908893,0.0,0.0,0
559,757.8633405639913,0.0,0.0,0
560,759.2190889370933,0.0,0.0,0
561,760.5748373101952,0.0,0.0,0
562,761.9305856832971,0.0,0.0,0
563,763.286334056399,0.0,0.0,0
564,764.642082429501,0.0,0.0,0
565,765.997830802603,0.0,0.0,0
566,767.3535791757049,0.0,0.0,0
567,768.7093275488069,0.0,0.0,0
568,770.0650759219088,0.0,0.0,0
569,771.4208242950108,0.0,0.0,0
570,772.7765726681127,0.0,0.0,0
571,774.1323210412147,0.0,0.0,0
572,775.4880694143167,0.0,0.0,0
573,776.8438177874186,0.0,0.0,0
574,778.1995661605206,0.0,0.0,0
575,779.5553145336225,0.0,0.0,0
576,780.9110629067245,0.0,0.0,0
577,782.2668112798264,0.0,0.0,0
578,783.6225596529283,0.0,0.0,0
579,784.9783080260303,0.0,0.0,0
580,786.3340563991322,0.0,0.0,0
581,787.6898047722342,0.0,0.0,0
582,789.0455531453362,0.0,0.0,0
583,790.4013015184381,0.0,0.0,0
584,791.7570498915401,0.0,0.0,0
585,793.112798264642,0.0,0.0,0
586,794.468546637744,0.0,0.0,0
587,795.824295010846,0.0,0.0,0
588,797.1800433839479,0.0,0.0,0
589,798.5357917570499,0.0,0.0,0
590,799.8915401301518,0.0,0.0,0
591,801.2472885032537,0.0,0.0,0
592,802.6030368763556,0.0,0.0,0
593,803.9587852494576,0.0,0.0,0
594,805.3145336225596,0.0,0.0,0
595,806.6702819956615,0.0,0.0,0
596,808.0260303687635,0.0,0.0,0
597,809.3817787418654,0.0,0.0,0
598,810.7375271149674,0.0,0.0,0
599,812.0932754880694,0.0,0.0,0
600,813.4490238611713,0.0,0.0,0
601,814.8047722342733,0.0,0.0,0
602,816.1605206073752,0.0,0.0,0
603,817.5162689804772,0.0,0.0,0
604,818.8720173535792,0.0,0.0,0
605,820.227765726681,0.0,0.0,0
606,821.583514099783,0.0,0.0,0
607,822.9392624728849,0.0,0.0,0
608,824.2950108459869,0.0,0.0,0
609,825.6507592190889,0.0,0.0,0
610,827.0065075921908,0.0,0.0,0
611,828.3622559652928,0.0,0.0,0
612,829.7180043383947,0.0,0.0,0
613,831.0737527114967,0.0,0.0,0
614,832.4295010845987,0.0,0.0,0
615,833.7852494577006,0.0,0.0,0
616,835.1409978308026,0.0,0.0,0
617,836.4967462039045,0.0,0.0,0
618,837.8524945770065,0.0,0.0,0
619,839.2082429501083,0.0,0.0,0
620,840.5639913232103,0.0,0.0,0
621,841.9197396963123,0.0,0.0,0
622,843.2754880694142,0.0,0.0,0
623,844.6312364425162,0.0,0.0,0
624,845.9869848156181,0.0,0.0,0
625,847.3427331887201,0.0,0.0,0
626,848.6984815618221,0.0,0.0,0
627,850.054229934924,0.0,0.0,0
628,851.409978308026,0.0,0.0,0
629,852.765726681128,0.0,0.0,0
630,854.1214750542299,0.0,0.0,0
631,855.4772234273319,0.0,0.0,0
632,856.8329718004338,0.0,0.0,0
633,858.1887201735357,0.0,0.0,0
634,859.5444685466376,0.0,0.0,0
635,860.9002169197396,0.0,0.0,0
636,862.2559652928416,0.0,0.0,0
637,863.6117136659435,0.0,0.0,0
638,864.9674620390455,0.0,0.0,0
639,866.3232104121474,0.0,0.0,0
640,867.6789587852494,0.0,0.0,0
641,869.0347071583514,0.0,0.0,0
642,870.3904555314533,0.0,0.0,0
643,871.7462039045553,0.0,0.0,0
644,873.1019522776572,0.0,0.0,0
645,874.4577006507592,0.0,0.0,0
646,875.8134490238612,0.0,0.0,0
647,877.1691973969631,0.0,0.0,0
648,878.524945770065,0.0,0.0,0
649,879.8806941431669,0.0,0.0,0
650,881.2364425162689,0.0,0.0,0
651,882.5921908893708,0.0,0.0,0
652,883.9479392624728,0.0,0.0,0
653,885.3036876355748,0.0,0.0,0
654,886.6594360086767,0.0,0.0,0
655,888.0151843817787,0.0,0.0,0
656,889.3709327548806,0.0,0.0,0
657,890.7266811279826,0.0,0.0,0
658,892.0824295010846,0.0,0.0,0
659,893.4381778741865,0.0,0.0,0
660,894.7939262472885,0.0,0.0,0
661,896.1496746203904,0.0,0.0,0
662,897.5054229934923,0.0,0.0,0
663,898.8611713665942,0.0,0.0,0
664,900.2169197396962,0.0,0.0,0
665,901.5726681127982,0.0,0.0,0
666,902.9284164859001,0.0,0.0,0
667,904.2841648590021,0.0,0.0,0
668,905.639913232104,0.0,0.0,0
669,906.995661605206,0.0,0.0,0
670,908.351409978308,0.0,0.0,0
671,909.7071583514099,0.0,0.0,0
672,911.0629067245119,0.0,0.0,0
673,912.4186550976139,0.0,0.0,0
674,913.7744034707158,0.0,0.0,0
675,915.1301518438178,0.0,0.0,0
676,916.4859002169196,0.0,0.0,0
677,917.8416485900216,0.0,0.0,0
678,919.1973969631235,0.0,0.0,0
679,920.5531453362255,0.0,0.0,0
680,921.9088937093275,0.0,0.0,0
681,923.2646420824294,0.0,0.0,0
682,924.6203904555314,0.0,0.0,0
683,925.9761388286333,0.0,0.0,0
684,927.3318872017353,0.0,0.0,0
685,928.6876355748373,0.0,0.0,0
686,930.0433839479392,0.0,0.0,0
687,931.3991323210412,0.0,0.0,0
688,932.7548806941431,0.0,0.0,0
689,934.1106290672451,0.0,0.0,0
690,935.466377440347,0.0,0.0,0
691,936.8221258134489,0.0,0.0,0
692,938.1778741865509,0.0,0.0,0
693,939.5336225596528,0.0,0.0,0
694,940.8893709327548,0.0,0.0,0
695,942.2451193058567,0.0,0.0,0
696,943.6008676789587,0.0,0.0,0
697,944.9566160520607,0.0,0.0,0
698,946.3123644251626,0.0,0.0,0
699,947.6681127982646,0.0,0.0,0
700,949.0238611713665,0.0,0.0,0
701,950.3796095444685,0.0,0.0,0
702,951.7353579175705,0.0,0.0,0
703,953.0911062906724,0.0,0.0,0
704,954.4468546637743,0.0,0.0,0
705,955.8026030368762,0.0,0.0,0
706,957.1583514099782,0.0,0.0,0
707,958.5140997830802,0.0,0.0,0
708,959.8698481561821,0.0,0.0,0
709,961.2255965292841,0.0,0.0,0
710,962.581344902386,0.0,0.0,0
711,963.937093275488,0.0,0.0,0
712,965.29284164859,0.0,0.0,0
713,966.6485900216919,0.0,0.0,0
714,968.0043383947939,0.0,0.0,0
715,969.3600867678958,0.0,0.0,0
716,970.7158351409978,0.0,0.0,0
717,972.0715835140998,0.0,0.0,0
718,973.4273318872017,0.0,0.0,0
719,974.7830802603036,0.0,0.0,0
720,976.1388286334055,0.0,0.0,0
721,977.4945770065075,0.0,0.0,0
722,978.8503253796094,0.0,0.0,0
723,980.2060737527114,0.0,0.0,0
724,981.5618221258134,0.0,0.0,0
725,982.9175704989153,0.0,0.0,0
726,984.2733188720173,0.0,0.0,0
727,985.6290672451192,0.0,0.0,0
728,986.9848156182212,0.0,0.0,0
729,988.3405639913232,0.0,0.0,0
730,989.6963123644251,0.0,0.0,0
731,991.0520607375271,0.0,0.0,0
732,992.407809110629,0.0,0.0,0
733,993.7635574837309,0.0,0.0,0
734,995.1193058568329,0.0,0.0,0
735,996.4750542299348,0.0,0.0,0
736,997.8308026030368,0.0,0.0,0
737,999.1865509761387,0.0,0.0,0
738,1000.5422993492407,0.0,0.0,0
739,1001.8980477223427,0.0,0.0,0
740,1003.2537960954446,0.0,0.0,0
741,1004.6095444685466,0.0,0.0,0
742,1005.9652928416485,0.0,0.0,0
743,1007.3210412147505,0.0,0.0,0
744,1008.6767895878525,0.0,0.0,0
745,1010.0325379609544,0.0,0.0,0
746,1011.3882863340564,0.0,0.0,0
747,1012.7440347071582,0.0,0.0,0
748,1014.0997830802602,0.0,0.0,0
749,1015.4555314533621,0.0,0.0,0
750,1016.8112798264641,0.0,0.0,0
751,1018.1670281995661,0.0,0.0,0
752,1019.522776572668,0.0,0.0,0
753,1020.87852494577,0.0,0.0,0
754,1022.2342733188719,0.0,0.0,0
755,1023.5900216919739,0.0,0.0,0
756,1024.9457700650757,0.0,0.0,0
757,1026.3015184381777,0.0,0.0,0
758,1027.6572668112797,0.0,0.0,0
759,1029.0130151843816,0.0,0.0,0
760,1030.3687635574836,0.0,0.0,0
761,1031.7245119305855,0.0,0.0,0
762,1033.0802603036875,0.0,0.0,0
763,1034.4360086767895,0.0,0.0,0
764,1035.7917570498914,0.0,0.0,0
765,1037.1475054229934,0.0,0.0,0
766,1038.5032537960954,0.0,0.0,0
767,1039.8590021691973,0.0,0.0,0
768,1041.2147505422993,0.0,0.0,0
769,1042.5704989154012,0.0,0.0,0
770,1043.9262472885032,0.0,0.0,0
771,1045.2819956616052,0.0,0.0,0
772,1046.637744034707,0.0,0.0,0
773,1047.993492407809,0.0,0.0,0
774,1049.349240780911,0.0,0.0,0
775,1050.704989154013,0.0,0.0,0
776,1052.060737527115,0.0,0.0,0
777,1053.416485900217,0.0,0.0,0
778,1054.7722342733189,0.0,0.0,0
779,1056.1279826464208,0.0,0.0,0
780,1057.4837310195228,0.0,0.0,0
781,1058.8394793926248,0.0,0.0,0
782,1060.1952277657267,0.0,0.0,0
783,1061.5509761388284,0.0,0.0,0
784,1062.9067245119304,0.0,0.0,0
785,1064.2624728850324,0.0,0.0,0
786,1065.6182212581343,0.0,0.0,0
787,1066.9739696312363,0.0,0.0,0
788,1068.3297180043382,0.0,0.0,0
789,1069.6854663774402,0.0,0.0,0
790,1071.0412147505422,0.0,0.0,0
791,1072.3969631236441,0.0,0.0,0
792,1073.752711496746,0.0,0.0,0
793,1075.108459869848,0.0,0.0,0
794,1076.46420824295,0.0,0.0,0
795,1077.819956616052,0.0,0.0,0
796,1079.175704989154,0.0,0.0,0
797,1080.531453362256,0.0,0.0,0
798,1081.8872017353578,0.0,0.0,0
799,1083.2429501084598,0.0,0.0,0
800,1084.5986984815618,0.0,0.0,0
801,1085.9544468546637,0.0,0.0,0
802,1087.3101952277657,0.0,0.0,0
803,1088.6659436008676,0.0,0.0,0
804,1090.0216919739696,0.0,0.0,0
805,1091.3774403470716,0.0,0.0,0
806,1092.7331887201735,0.0,0.0,0
807,1094.0889370932755,0.0,0.0,0
808,1095.4446854663775,0.0,0.0,0
809,1096.8004338394794,0.0,0.0,0
810,1098.1561822125814,0.0,0.0,0
811,1099.511930585683,0.0,0.0,0
812,1100.867678958785,0.0,0.0,0
813,1102.223427331887,0.0,0.0,0
814,1103.579175704989,0.0,0.0,0
815,1104.934924078091,0.0,0.0,0
816,1106.290672451193,0.0,0.0,0
817,1107.6464208242949,0.0,0.0,0
818,1109.0021691973968,0.0,0.0,0
819,1110.3579175704988,0.0,0.0,0
820,1111.7136659436007,0.0,0.0,0
821,1113.0694143167027,0.0,0.0,0
822,1114.4251626898047,0.0,0.0,0
823,1115.7809110629066,0.0,0.0,0
824,1117.1366594360086,0.0,0.0,0
825,1118.4924078091105,0.0,0.0,0
826,1119.8481561822125,0.0,0.0,0
827,1121.2039045553145,0.0,0.0,0
828,1122.5596529284164,0.0,0.0,0
829,1123.9154013015184,0.0,0.0,0
830,1125.2711496746203,0.0,0.0,0
831,1126.6268980477223,0.0,0.0,0
832,1127.9826464208243,0.0,0.0,0
833,1129.3383947939262,0.0,0.0,0
834,1130.6941431670282,0.0,0.0,0
835,1132.0498915401301,0.0,0.0,0
836,1133.405639913232,0.0,0.0,0
837,1134.761388286334,0.0,0.0,0
838,1136.117136659436,0.0,0.0,0
839,1137.472885032538,0.0,0.0,0
840,1138.8286334056397,0.0,0.0,0
841,1140.1843817787417,0.0,0.0,0
842,1141.5401301518436,0.0,0.0,0
843,1142.8958785249456,0.0,0.0,0
844,1144.2516268980476,0.0,0.0,0
845,1145.6073752711495,0.0,0.0,0
846,1146.9631236442515,0.0,0.0,0
847,1148.3188720173534,0.0,0.0,0
848,1149.6746203904554,0.0,0.0,0
849,1151.0303687635574,0.0,0.0,0
850,1152.3861171366593,0.0,0.0,0
851,1153.7418655097613,0.0,0.0,0
852,1155.0976138828632,0.0,0.0,0
853,1156.4533622559652,0.0,0.0,0
854,1157.8091106290672,0.0,0.0,0
855,1159.1648590021691,0.0,0.0,0
856,1160.520607375271,0.0,0.0,0
857,1161.876355748373,0.0,0.0,0
858,1163.232104121475,0.0,0.0,0
859,1164.587852494577,0.0,0.0,0
860,1165.943600867679,0.0,0.0,0
861,1167.2993492407809,0.0,0.0,0
862,1168.6550976138828,0.0,0.0,0
863,1170.0108459869848,0.0,0.0,0
864,1171.3665943600868,0.0,0.0,0
865,1172.7223427331887,0.0,0.0,0
866,1174.0780911062907,0.0,0.0,0
867,1175.4338394793926,0.0,0.0,0
868,1176.7895878524944,0.0,0.0,0
869,1178.1453362255963,0.0,0.0,0
870,1179.5010845986983,0.0,0.0,0
871,1180.8568329718003,0.0,0.0,0
872,1182.2125813449022,0.0,0.0,0
873,1183.5683297180042,0.0,0.0,0
874,1184.9240780911061,0.0,0.0,0
875,1186.279826464208,0.0,0.0,0
876,1187.63557483731,0.0,0.0,0
877,1188.991323210412,0.0,0.0,0
878,1190.347071583514,0.0,0.0,0
879,1191.702819956616,0.0,0.0,0
880,1193.058568329718,0.0,0.0,0
881,1194.4143167028199,0.0,0.0,0
882,1195.7700650759218,0.0,0.0,0
883,1197.1258134490238,0.0,0.0,0
884,1198.4815618221257,0.0,0.0,0
885,1199.8373101952277,0.0,0.0,0
886,1201.1930585683297,0.0,0.0,0
887,1202.5488069414316,0.0,0.0,0
888,1203.9045553145336,0.0,0.0,0
889,1205.2603036876355,0.0,0.0,0
890,1206.6160520607375,0.0,0.0,0
891,1207.9718004338395,0.0,0.0,0
892,1209.3275488069414,0.0,0.0,0
893,1210.6832971800434,0.0,0.0,0
894,1212.0390455531453,0.0,0.0,0
895,1213.3947939262473,0.0,0.0,0
896,1214.750542299349,0.0,0.0,0
897,1216.106290672451,0.0,0.0,0
898,1217.462039045553,0.0,0.0,0
899,1218.817787418655,0.0,0.0,0
900,1220.1735357917569,0.0,0.0,0
901,1221.5292841648588,0.0,0.0,0
902,1222.8850325379608,0.0,0.0,0
903,1224.2407809110628,0.0,0.0,0
904,1225.5965292841647,0.0,0.0,0
905,1226.9522776572667,0.0,0.0,0
906,1228.3080260303686,0.0,0.0,0
907,1229.6637744034706,0.0,0.0,0
908,1231.0195227765726,0.0,0.0,0
909,1232.3752711496745,0.0,0.0,0
910,1233.7310195227765,0.0,0.0,0
911,1235.0867678958784,0.0,0.0,0
912,1236.4425162689804,0.0,0.0,0
913,1237.7982646420824,0.0,0.0,0
914,1239.1540130151843,0.0,0.0,0
915,1240.5097613882863,0.0,0.0,0
916,1241.8655097613882,0.0,0.0,0
917,1243.2212581344902,0.0,0.0,0
918,1244.5770065075922,0.0,0.0,0
919,1245.9327548806941,0.0,0.0,0
920,1247.288503253796,0.0,0.0,0
921,1248.644251626898,0.0,0.0,0
922,1250.0,0.0,0.0,0
923,1251.355748373102,0.0,0.0,0
924,1252.711496746204,0.0,0.0,0
925,1254.0672451193057,0.0,0.0,0
926,1255.4229934924076,0.0,0.0,0
927,1256.7787418655096,0.0,0.0,0
928,1258.1344902386115,0.0,0.0,0
929,1259.4902386117135,0.0,0.0,0
930,1260.8459869848155,0.0,0.0,0
931,1262.2017353579174,0.0,0.0,0
932,1263.5574837310194,0.0,0.0,0
933,1264.9132321041213,0.0,0.0,0
934,1266.2689804772233,0.0,0.0,0
935,1267.6247288503253,0.0,0.0,0
936,1268.9804772234272,0.0,0.0,0
937,1270.3362255965292,0.0,0.0,0
938,1271.6919739696311,0.0,0.0,0
939,1273.047722342733,0.0,0.0,0
940,1274.403470715835,0.0,0.0,0
941,1275.759219088937,0.0,0.0,0
942,1277.114967462039,0.0,0.0,0
943,1278.470715835141,0.0,0.0,0
944,1279.826464208243,0.0,0.0,0
945,1281.1822125813449,0.0,0.0,0
946,1282.5379609544468,0.0,0.0,0
947,1283.8937093275488,0.0,0.0,0
948,1285.2494577006507,0.0,0.0,0
949,1286.6052060737527,0.0,0.0,0
950,1287.9609544468547,0.0,0.0,0
951,1289.3167028199566,0.0,0.0,0
952,1290.6724511930586,0.0,0.0,0
953,1292.0281995661603,0.0,0.0,0
954,1293.3839479392623,0.0,0.0,0
955,1294.7396963123642,0.0,0.0,0
956,1296.0954446854662,0.0,0.0,0
957,1297.4511930585682,0.0,0.0,0
958,1298.80694143167,0.0,0.0,0
959,1300.162689804772,0.0,0.0,0
960,1301.518438177874,0.0,0.0,0
961,1302.874186550976,0.0,0.0,0
962,1304.229934924078,0.0,0.0,0
963,1305.58568329718,0.0,0.0,0
964,1306.9414316702819,0.0,0.0,0
965,1308.2971800433838,0.0,0.0,0
966,1309.6529284164858,0.0,0.0,0
967,1311.0086767895878,0.0,0.0,0
968,1312.3644251626897,0.0,0.0,0
969,1313.7201735357917,0.0,0.0,0
970,1315.0759219088936,0.0,0.0,0
971,1316.4316702819956,0.0,0.0,0
972,1317.7874186550976,0.0,0.0,0
973,1319.1431670281995,0.0,0.0,0
974,1320.4989154013015,0.0,0.0,0
975,1321.8546637744034,0.0,0.0,0
976,1323.2104121475054,0.0,0.0,0
977,1324.5661605206074,0.0,0.0,0
978,1325.9219088937093,0.0,0.0,0
979,1327.2776572668113,0.0,0.0,0
980,1328.6334056399132,0.0,0.0,0
981,1329.9891540130152,0.0,0.0,0
982,1331.344902386117,0.0,0.0,0
983,1332.700650759219,0.0,0.0,0
984,1334.0563991323208,0.0,0.0,0
985,1335.4121475054228,0.0,0.0,0
986,1336.7678958785248,0.0,0.0,0
987,1338.1236442516267,0.0,0.0,0
988,1339.4793926247287,0.0,0.0,0
989,1340.8351409978306,0.0,0.0,0
990,1342.1908893709326,0.0,0.0,0
991,1343.5466377440346,0.0,0.0,0
992,1344.9023861171365,0.0,0.0,0
993,1346.2581344902385,0.0,0.0,0
994,1347.6138828633405,0.0,0.0,0
995,1348.9696312364424,0.0,0.0,0
996,1350.3253796095444,0.0,0.0,0
997,1351.6811279826463,0.0,0.0,0
998,1353.0368763557483,0.0,0.0,0
999,1354.3926247288503,0.0,0.0,0
1000,1355.7483731019522,0.0,0.0,0
1001,1357.1041214750542,0.0,0.0,0
1002,1358.4598698481561,0.0,0.0,0
1003,1359.815618221258,0.0,0.0,0
1004,1361.17136659436,0.0,0.0,0
1005,1362.527114967462,0.0,0.0,0
1006,1363.882863340564,0.0,0.0,0
1007,1365.238611713666,0.0,0.0,0
1008,1366.594360086768,0.0,0.0,0
1009,1367.9501084598699,0.0,0.0,0
1010,1369.3058568329716,0.0,0.0,0
1011,1370.6616052060735,0.0,0.0,0
1012,1372.0173535791755,0.0,0.0,0
1013,1373.3731019522775,0.0,0.0,0
1014,1374.7288503253794,0.0,0.0,0
1015,1376.0845986984814,0.0,0.0,0
1016,1377.4403470715833,0.0,0.0,0
1017,1378.7960954446853,0.0,0.0,0
1018,1380.1518438177873,0.0,0.0,0
1019,1381.5075921908892,0.0,0.0,0
1020,1382.8633405639912,0.0,0.0,0
1021,1384.2190889370931,0.0,0.0,0
1022,1385.574837310195,0.0,0.0,0
1023,1386.930585683297,0.0,0.0,0
1024,1388.286334056399,0.0,0.0,0
1025,1389.642082429501,0.0,0.0,0
1026,1390.997830802603,0.0,0.0,0
1027,1392.353579175705,0.0,0.0,0
1028,1393.7093275488069,0.0,0.0,0
1029,1395.0650759219088,0.0,0.0,0
1030,1396.4208242950108,0.0,0.0,0
1031,1397.7765726681127,0.0,0.0,0
1032,1399.1323210412147,0.0,0.0,0
1033,1400.4880694143167,0.0,0.0,0
1034,1401.8438177874186,0.0,0.0,0
1035,1403.1995661605206,0.0,0.0,0
1036,1404.5553145336225,0.0,0.0,0
1037,1405.9110629067245,0.0,0.0,0
1038,1407.2668112798265,0.0,0.0,0
1039,1408.6225596529282,0.0,0.0,0
1040,1409.9783080260302,0.0,0.0,0
1041,1411.3340563991321,0.0,0.0,0
1042,1412.689804772234,0.0,0.0,0
1043,1414.045553145336,0.0,0.0,0
1044,1415.401301518438,0.0,0.0,0
1045,1416.75704989154,0.0,0.0,0
1046,1418.112798264642,0.0,0.0,0
1047,1419.4685466377439,0.0,0.0,0
1048,1420.8242950108458,0.0,0.0,0
1049,1422.1800433839478,0.0,0.0,0
1050,1423.5357917570498,0.0,0.0,0
1051,1424.8915401301517,0.0,0.0,0
1052,1426.2472885032537,0.0,0.0,0
1053,1427.6030368763556,0.0,0.0,0
1054,1428.9587852494576,0.0,0.0,0
1055,1430.3145336225596,0.0,0.0,0
1056,1431.6702819956615,0.0,0.0,0
1057,1433.0260303687635,0.0,0.0,0
1058,1434.3817787418654,0.0,0.0,0
1059,1435.7375271149674,0.0,0.0,0
1060,1437.0932754880694,0.0,0.0,0
1061,1438.4490238611713,0.0,0.0,0
1062,1439.8047722342733,0.0,0.0,0
1063,1441.1605206073752,0.0,0.0,0
1064,1442.5162689804772,0.0,0.0,0
1065,1443.8720173535792,0.0,0.0,0
1066,1445.2277657266811,0.0,0.0,0
1067,1446.5835140997829,0.0,0.0,0
1068,1447.9392624728848,0.0,0.0,0
1069,1449.2950108459868,0.0,0.0,0
1070,1450.6507592190887,0.0,0.0,0
1071,1452.0065075921907,0.0,0.0,0
1072,1453.3622559652927,0.0,0.0,0
1073,1454.7180043383946,0.0,0.0,0
1074,1456.0737527114966,0.0,0.0,0
1075,1457.4295010845985,0.0,0.0,0
1076,1458.7852494577005,0.0,0.0,0
1077,1460.1409978308025,0.0,0.0,0
1078,1461.4967462039044,0.0,0.0,0
1079,1462.8524945770064,0.0,0.0,0
1080,1464.2082429501083,0.0,0.0,0
1081,1465.5639913232103,0.0,0.0,0
1082,1466.9197396963123,0.0,0.0,0
1083,1468.2754880694142,0.0,0.0,0
1084,1469.6312364425162,0.0,0.0,0
1085,1470.9869848156181,0.0,0.0,0
1086,1472.34273318872,0.0,0.0,0
1087,1473.698481561822,0.0,0.0,0
1088,1475.054229934924,0.0,0.0,0
1089,1476.409978308026,0.0,0.0,0
1090,1477.765726681128,0.0,0.0,0
1091,1479.12147505423,0.0,0.0,0
1092,1480.4772234273319,0.0,0.0,0
1093,1481.8329718004338,0.0,0.0,0
1094,1483.1887201735358,0.0,0.0,0
1095,1484.5444685466377,0.0,0.0,0
1096,1485.9002169197395,0.0,0.0,0
1097,1487.2559652928414,0.0,0.0,0
1098,1488.6117136659434,0.0,0.0,0
1099,1489.9674620390454,0.0,0.0,0
1100,1491.3232104121473,0.0,0.0,0
1101,1492.6789587852493,0.0,0.0,0
1102,1494.0347071583512,0.0,0.0,0
1103,1495.3904555314532,0.0,0.0,0
1104,1496.7462039045552,0.0,0.0,0
1105,1498.1019522776571,0.0,0.0,0
1106,1499.457700650759,0.0,0.0,0
1107,1500.813449023861,0.0,0.0,0
1108,1502.169197396963,0.0,0.0,0
1109,1503.524945770065,0.0,0.0,0
1110,1504.880694143167,0.0,0.0,0
1111,1506.2364425162689,0.0,0.0,0
1112,1507.5921908893708,0.0,0.0,0
1113,1508.9479392624728,0.0,0.0,0
1114,1510.3036876355748,0.0,0.0,0
1115,1511.6594360086767,0.0,0.0,0
1116,1513.0151843817787,0.0,0.0,0
1117,1514.3709327548806,0.0,0.0,0
1118,1515.7266811279826,0.0,0.0,0
1119,1517.0824295010846,0.0,0.0,0
1120,1518.4381778741865,0.0,0.0,0
1121,1519.7939262472885,0.0,0.0,0
1122,1521.1496746203904,0.0,0.0,0
1123,1522.5054229934924,0.0,0.0,0
1124,1523.8611713665941,0.0,0.0,0
1125,1525.216919739696,0.0,0.0,0
1126,1526.572668112798,0.0,0.0,0
1127,1527.9284164859,0.0,0.0,0
1128,1529.284164859002,0.0,0.0,0
1129,1530.639913232104,0.0,0.0,0
1130,1531.995661605206,0.0,0.0,0
1131,1533.3514099783079,0.0,0.0,0
1132,1534.7071583514098,0.0,0.0,0
1133,1536.0629067245118,0.0,0.0,0
1134,1537.4186550976137,0.0,0.0,0
1135,1538.7744034707157,0.0,0.0,0
1136,1540.1301518438177,0.0,0.0,0
1137,1541.4859002169196,0.0,0.0,0
1138,1542.8416485900216,0.0,0.0,0
1139,1544.1973969631235,0.0,0.0,0
1140,1545.5531453362255,0.0,0.0,0
1141,1546.9088937093275,0.0,0.0,0
1142,1548.2646420824294,0.0,0.0,0
1143,1549.6203904555314,0.0,0.0,0
1144,1550.9761388286333,0.0,0.0,0
1145,1552.3318872017353,0.0,0.0,0
1146,1553.6876355748373,0.0,0.0,0
1147,1555.0433839479392,0.0,0.0,0
1148,1556.3991323210412,0.0,0.0,0
1149,1557.7548806941431,0.0,0.0,0
1150,1559.110629067245,0.0,0.0,0
1151,1560.466377440347,0.0,0.0,0
1152,1561.822125813449,0.0,0.0,0
1153,1563.1778741865508,0.0,0.0,0
1154,1564.5336225596527,0.0,0.0,0
1155,1565.8893709327547,0.0,0.0,0
1156,1567.2451193058566,0.0,0.0,0
1157,1568.6008676789586,0.0,0.0,0
1158,1569.9566160520606,0.0,0.0,0
1159,1571.3123644251625,0.0,0.0,0
1160,1572.6681127982645,0.0,0.0,0
1161,1574.0238611713664,0.0,0.0,0
1162,1575.3796095444684,0.0,0.0,0
1163,1576.7353579175704,0.0,0.0,0
1164,1578.0911062906723,0.0,0.0,0
1165,1579.4468546637743,0.0,0.0,0
1166,1580.8026030368762,0.0,0.0,0
1167,1582.1583514099782,0.0,0.0,0
1168,1583.5140997830802,0.0,0.0,0
1169,1584.8698481561821,0.0,0.0,0
1170,1586.225596529284,0.0,0.0,0
1171,1587.581344902386,0.0,0.0,0
1172,1588.937093275488,0.0,0.0,0
1173,1590.29284164859,0.0,0.0,0
1174,1591.648590021692,0.0,0.0,0
1175,1593.0043383947939,0.0,0.0,0
1176,1594.3600867678958,0.0,0.0,0
1177,1595.7158351409978,0.0,0.0,0
1178,1597.0715835140998,0.0,0.0,0
1179,1598.4273318872017,0.0,0.0,0
1180,1599.7830802603037,0.0,0.0,0
1181,1601.1388286334054,0.0,0.0,0
1182,1602.4945770065074,0.0,0.0,0
1183,1603.8503253796093,0.0,0.0,0
1184,1605.2060737527113,0.0,0.0,0
1185,1606.5618221258133,0.0,0.0,0
1186,1607.9175704989152,0.0,0.0,0
1187,1609.2733188720172,0.0,0.0,0
1188,1610.6290672451191,0.0,0.0,0
1189,1611.984815618221,0.0,0.0,0
1190,1613.340563991323,0.0,0.0,0
1191,1614.696312364425,0.0,0.0,0
1192,1616.052060737527,0.0,0.0,0
1193,1617.407809110629,0.0,0.0,0
1194,1618.763557483731,0.0,0.0,0
1195,1620.1193058568329,0.0,0.0,0
1196,1621.4750542299348,0.0,0.0,0
1197,1622.8308026030368,0.0,0.0,0
1198,1624.1865509761387,0.0,0.0,0
1199,1625.5422993492407,0.0,0.0,0
1200,1626.8980477223427,0.0,0.0,0
1201,1628.2537960954446,0.0,0.0,0
1202,1629.6095444685466,0.0,0.0,0
1203,1630.9652928416485,0.0,0.0,0
1204,1632.3210412147505,0.0,0.0,0
1205,1633.6767895878525,0.0,0.0,0
1206,1635.0325379609544,0.0,0.0,0
1207,1636.3882863340564,0.0,0.0,0
1208,1637.7440347071583,0.0,0.0,0
1209,1639.09978308026,0.0,0.0,0
1210,1640.455531453362,0.0,0.0,0
1211,1641.811279826464,0.0,0.0,0
1212,1643.167028199566,0.0,0.0,0
1213,1644.522776572668,0.0,0.0,0
1214,1645.8785249457699,0.0,0.0,0
1215,1647.2342733188718,0.0,0.0,0
1216,1648.5900216919738,0.0,0.0,0
1217,1649.9457700650757,0.0,0.0,0
1218,1651.3015184381777,0.0,0.0,0
1219,1652.6572668112797,0.0,0.0,0
1220,1654.0130151843816,0.0,0.0,0
1221,1655.3687635574836,0.0,0.0,0
1222,1656.7245119305855,0.0,0.0,0
1223,1658.0802603036875,0.0,0.0,0
1224,1659.4360086767895,0.0,0.0,0
1225,1660.7917570498914,0.0,0.0,0
1226,1662.1475054229934,0.0,0.0,0
1227,1663.5032537960954,0.0,0.0,0
1228,1664.8590021691973,0.0,0.0,0
1229,1666.2147505422993,0.0,0.0,0
1230,1667.5704989154012,0.0,0.0,0
1231,1668.9262472885032,0.0,0.0,0
1232,1670.2819956616052,0.0,0.0,0
1233,1671.637744034707,0.0,0.0,0
1234,1672.993492407809,0.0,0.0,0
1235,1674.349240780911,0.0,0.0,0
1236,1675.704989154013,0.0,0.0,0
1237,1677.060737527115,0.0,0.0,0
1238,1678.4164859002167,0.0,0.0,0
1239,1679.7722342733186,0.0,0.0,0
1240,1681.1279826464206,0.0,0.0,0
1241,1682.4837310195226,0.0,0.0,0
1242,1683.8394793926245,0.0,0.0,0
1243,1685.1952277657265,0.0,0.0,0
1244,1686.5509761388284,0.0,0.0,0
1245,1687.9067245119304,0.0,0.0,0
1246,1689.2624728850324,0.0,0.0,0
1247,1690.6182212581343,0.0,0.0,0
1248,1691.9739696312363,0.0,0.0,0
1249,1693.3297180043382,0.0,0.0,0
1250,1694.6854663774402,0.0,0.0,0
1251,1696.0412147505422,0.0,0.0,0
1252,1697.3969631236441,0.0,0.0,0
1253,1698.752711496746,0.0,0.0,0
1254,1700.108459869848,0.0,0.0,0
1255,1701.46420824295,0.0,0.0,0
1256,1702.819956616052,0.0,0.0,0
1257,1704.175704989154,0.0,0.0,0
1258,1705.531453362256,0.0,0.0,0
1259,1706.8872017353578,0.0,0.0,0
1260,1708.2429501084598,0.0,0.0,0
1261,1709.5986984815618,0.0,0.0,0
1262,1710.9544468546637,0.0,0.0,0
1263,1712.3101952277657,0.0,0.0,0
1264,1713.6659436008676,0.0,0.0,0
1265,1715.0216919739696,0.0,0.0,0
1266,1716.3774403470713,0.0,0.0,0
1267,1717.7331887201733,0.0,0.0,0
1268,1719.0889370932753,0.0,0.0,0
1269,1720.4446854663772,0.0,0.0,0
1270,1721.8004338394792,0.0,0.0,0
1271,1723.1561822125811,0.0,0.0,0
1272,1724.511930585683,0.0,0.0,0
1273,1725.867678958785,0.0,0.0,0
1274,1727.223427331887,0.0,0.0,0
1275,1728.579175704989,0.0,0.0,0
1276,1729.934924078091,0.0,0.0,0
1277,1731.290672451193,0.0,0.0,0
1278,1732.6464208242949,0.0,0.0,0
1279,1734.0021691973968,0.0,0.0,0
1280,1735.3579175704988,0.0,0.0,0
1281,1736.7136659436007,0.0,0.0,0
1282,1738.0694143167027,0.0,0.0,0
1283,1739.4251626898047,0.0,0.0,0
1284,1740.7809110629066,0.0,0.0,0
1285,1742.1366594360086,0.0,0.0,0
1286,1743.4924078091105,0.0,0.0,0
1287,1744.8481561822125,0.0,0.0,0
1288,1746.2039045553145,0.0,0.0,0
1289,1747.5596529284164,0.0,0.0,0
1290,1748.9154013015184,0.0,0.0,0
1291,1750.2711496746203,0.0,0.0,0
1292,1751.6268980477223,0.0,0.0,0
1293,1752.9826464208243,0.0,0.0,0
1294,1754.3383947939262,0.0,0.0,0
1295,1755.694143167028,0.0,0.0,0
1296,1757.04989154013,0.0,0.0,0
1297,1758.4056399132319,0.0,0.0,0
1298,1759.7613882863338,0.0,0.0,0
1299,1761.1171366594358,0.0,0.0,0
1300,1762.4728850325378,0.0,0.0,0
1301,1763.8286334056397,0.0,0.0,0
1302,1765.1843817787417,0.0,0.0,0
1303,1766.5401301518436,0.0,0.0,0
1304,1767.8958785249456,0.0,0.0,0
1305,1769.2516268980476,0.0,0.0,0
1306,1770.6073752711495,0.0,0.0,0
1307,1771.9631236442515,0.0,0.0,0
1308,1773.3188720173534,0.0,0.0,0
1309,1774.6746203904554,0.0,0.0,0
1310,1776.0303687635574,0.0,0.0,0
1311,1777.3861171366593,0.0,0.0,0
1312,1778.7418655097613,0.0,0.0,0
1313,1780.0976138828632,0.0,0.0,0
1314,1781.4533622559652,0.0,0.0,0
1315,1782.8091106290672,0.0,0.0,0
1316,1784.1648590021691,0.0,0.0,0
1317,1785.520607375271,0.0,0.0,0
1318,1786.876355748373,0.0,0.0,0
1319,1788.232104121475,0.0,0.0,0
1320,1789.587852494577,0.0,0.0,0
1321,1790.943600867679,0.0,0.0,0
1322,1792.2993492407809,0.0,0.0,0
1323,1793.6550976138826,0.0,0.0,0
1324,1795.0108459869846,0.0,0.0,0
1325,1796.3665943600865,0.0,0.0,0
1326,1797.7223427331885,0.0,0.0,0
1327,1799.0780911062905,0.0,0.0,0
1328,1800.4338394793924,0.0,0.0,0
1329,1801.7895878524944,0.0,0.0,0
1330,1803.1453362255963,0.0,0.0,0
1331,1804.5010845986983,0.0,0.0,0
1332,1805.8568329718003,0.0,0.0,0
1333,1807.2125813449022,0.0,0.0,0
1334,1808.5683297180042,0.0,0.0,0
1335,1809.9240780911061,0.0,0.0,0
1336,1811.279826464208,0.0,0.0,0
1337,1812.63557483731,0.0,0.0,0
1338,1813.991323210412,0.0,0.0,0
1339,1815.347071583514,0.0,0.0,0
1340,1816.702819956616,0.0,0.0,0
1341,1818.058568329718,0.0,0.0,0
1342,1819.4143167028199,0.0,0.0,0
1343,1820.7700650759218,0.0,0.0,0
1344,1822.1258134490238,0.0,0.0,0
1345,1823.4815618221257,0.0,0.0,0
1346,1824.8373101952277,0.0,0.0,0
1347,1826.1930585683297,0.0,0.0,0
1348,1827.5488069414316,0.0,0.0,0
1349,1828.9045553145336,0.0,0.0,0
1350,1830.2603036876355,0.0,0.0,0
1351,1831.6160520607375,0.0,0.0,0
1352,1832.9718004338392,0.0,0.0,0
1353,1834.3275488069412,0.0,0.0,0
1354,1835.6832971800432,0.0,0.0,0
1355,1837.0390455531451,0.0,0.0,0
1356,1838.394793926247,0.0,0.0,0
1357,1839.750542299349,0.0,0.0,0
1358,1841.106290672451,0.0,0.0,0
1359,1842.462039045553,0.0,0.0,0
1360,1843.817787418655,0.0,0.0,0
1361,1845.1735357917569,0.0,0.0,0
1362,1846.5292841648588,0.0,0.0,0
1363,1847.8850325379608,0.0,0.0,0
1364,1849.2407809110628,0.0,0.0,0
1365,1850.5965292841647,0.0,0.0,0
1366,1851.9522776572667,0.0,0.0,0
1367,1853.3080260303686,0.0,0.0,0
1368,1854.6637744034706,0.0,0.0,0
1369,1856.0195227765726,0.0,0.0,0
1370,1857.3752711496745,0.0,0.0,0
1371,1858.7310195227765,0.0,0.0,0
1372,1860.0867678958784,0.0,0.0,0
1373,1861.4425162689804,0.0,0.0,0
1374,1862.7982646420824,0.0,0.0,0
1375,1864.1540130151843,0.0,0.0,0
1376,1865.5097613882863,0.0,0.0,0
1377,1866.8655097613882,0.0,0.0,0
1378,1868.2212581344902,0.0,0.0,0
1379,1869.5770065075922,0.0,0.0,0
1380,1870.932754880694,0.0,0.0,0
1381,1872.2885032537959,0.0,0.0,0
1382,1873.6442516268978,0.0,0.0,0
1383,1874.9999999999998,0.0,0.0,0
1384,1876.3557483731017,0.0,0.0,0
1385,1877.7114967462037,0.0,0.0,0
1386,1879.0672451193057,0.0,0.0,0
1387,1880.4229934924076,0.0,0.0,0
1388,1881.7787418655096,0.0,0.0,0
1389,1883.1344902386115,0.0,0.0,0
1390,1884.4902386117135,0.0,0.0,0
1391,1885.8459869848155,0.0,0.0,0
1392,1887.2017353579174,0.0,0.0,0
1393,1888.5574837310194,0.0,0.0,0
1394,1889.9132321041213,0.0,0.0,0
1395,1891.2689804772233,0.0,0.0,0
1396,1892.6247288503253,0.0,0.0,0
1397,1893.9804772234272,0.0,0.0,0
1398,1895.3362255965292,0.0,0.0,0
1399,1896.6919739696311,0.0,0.0,0
1400,1898.047722342733,0.0,0.0,0
1401,1899.403470715835,0.0,0.0,0
1402,1900.759219088937,0.0,0.0,0
1403,1902.114967462039,0.0,0.0,0
1404,1903.470715835141,0.0,0.0,0
1405,1904.826464208243,0.0,0.0,0
1406,1906.1822125813449,0.0,0.0,0
1407,1907.5379609544468,0.0,0.0,0
1408,1908.8937093275485,0.0,0.0,0
1409,1910.2494577006505,0.0,0.0,0
1410,1911.6052060737525,0.0,0.0,0
1411,1912.9609544468544,0.0,0.0,0
1412,1914.3167028199564,0.0,0.0,0
1413,1915.6724511930584,0.0,0.0,0
1414,1917.0281995661603,0.0,0.0,0
1415,1918.3839479392623,0.0,0.0,0
1416,1919.7396963123642,0.0,0.0,0
1417,1921.0954446854662,0.0,0.0,0
1418,1922.4511930585682,0.0,0.0,0
1419,1923.80694143167,0.0,0.0,0
1420,1925.162689804772,0.0,0.0,0
1421,1926.518438177874,0.0,0.0,0
1422,1927.874186550976,0.0,0.0,0
1423,1929.229934924078,0.0,0.0,0
1424,1930.58568329718,0.0,0.0,0
1425,1931.9414316702819,0.0,0.0,0
1426,1933.2971800433838,0.0,0.0,0
1427,1934.6529284164858,0.0,0.0,0
1428,1936.0086767895878,0.0,0.0,0
1429,1937.3644251626897,0.0,0.0,0
1430,1938.7201735357917,0.0,0.0,0
1431,1940.0759219088936,0.0,0.0,0
1432,1941.4316702819956,0.0,0.0,0
1433,1942.7874186550976,0.0,0.0,0
1434,1944.1431670281995,0.0,0.0,0
1435,1945.4989154013015,0.0,0.0,0
1436,1946.8546637744034,0.0,0.0,0
1437,1948.2104121475052,0.0,0.0,0
1438,1949.5661605206071,0.0,0.0,0
1439,1950.921908893709,0.0,0.0,0
1440,1952.277657266811,0.0,0.0,0
1441,1953.633405639913,0.0,0.0,0
1442,1954.989154013015,0.0,0.0,0
1443,1956.344902386117,0.0,0.0,0
1444,1957.700650759219,0.0,0.0,0
1445,1959.0563991323208,0.0,0.0,0
1446,1960.4121475054228,0.0,0.0,0
1447,1961.7678958785248,0.0,0.0,0
1448,1963.1236442516267,0.0,0.0,0
1449,1964.4793926247287,0.0,0.0,0
1450,1965.8351409978306,0.0,0.0,0
1451,1967.1908893709326,0.0,0.0,0
1452,1968.5466377440346,0.0,0.0,0
1453,1969.9023861171365,0.0,0.0,0
1454,1971.2581344902385,0.0,0.0,0
1455,1972.6138828633405,0.0,0.0,0
1456,1973.9696312364424,0.0,0.0,0
1457,1975.3253796095444,0.0,0.0,0
1458,1976.6811279826463,0.0,0.0,0
1459,1978.0368763557483,0.0,0.0,0
1460,1979.3926247288503,0.0,0.0,0
1461,1980.7483731019522,0.0,0.0,0
1462,1982.1041214750542,0.0,0.0,0
1463,1983.4598698481561,0.0,0.0,0
1464,1984.815618221258,0.0,0.0,0
1465,1986.1713665943598,0.0,0.0,0
1466,1987.5271149674618,0.0,0.0,0
1467,1988.8828633405637,0.0,0.0,0
1468,1990.2386117136657,0.0,0.0,0
1469,1991.5943600867677,0.0,0.0,0
1470,1992.9501084598696,0.0,0.0,0
1471,1994.3058568329716,0.0,0.0,0
1472,1995.6616052060735,0.0,0.0,0
1473,1997.0173535791755,0.0,0.0,0
1474,1998.3731019522775,0.0,0.0,0
1475,1999.7288503253794,0.0,0.0,0
1476,2001.0845986984814,0.0,0.0,0
1477,2002.4403470715833,0.0,0.0,0
1478,2003.7960954446853,0.0,0.0,0
1479,2005.1518438177873,0.0,0.0,0
1480,2006.5075921908892,0.0,0.0,0
1481,2007.8633405639912,0.0,0.0,0
1482,2009.2190889370931,0.0,0.0,0
1483,2010.574837310195,0.0,0.0,0
1484,2011.930585683297,0.0,0.0,0
1485,2013.286334056399,0.0,0.0,0
1486,2014.642082429501,0.0,0.0,0
1487,2015.997830802603,0.0,0.0,0
1488,2017.353579175705,0.0,0.0,0
1489,2018.7093275488069,0.0,0.0,0
1490,2020.0650759219088,0.0,0.0,0
1491,2021.4208242950108,0.0,0.0,0
1492,2022.7765726681127,0.0,0.0,0
1493,2024.1323210412147,0.0,0.0,0
1494,2025.4880694143164,0.0,0.0,0
1495,2026.8438177874184,0.0,0.0,0
1496,2028.1995661605204,0.0,0.0,0
1497,2029.5553145336223,0.0,0.0,0
1498,2030.9110629067243,0.0,0.0,0
1499,2032.2668112798262,0.0,0.0,0
1500,2033.6225596529282,0.0,0.0,0
1501,2034.9783080260302,0.0,0.0,0
1502,2036.3340563991321,0.0,0.0,0
1503,2037.689804772234,0.0,0.0,0
1504,2039.045553145336,0.0,0.0,0
1505,2040.401301518438,0.0,0.0,0
1506,2041.75704989154,0.0,0.0,0
1507,2043.112798264642,0.0,0.0,0
1508,2044.4685466377439,0.0,0.0,0
1509,2045.8242950108458,0.0,0.0,0
1510,2047.1800433839478,0.0,0.0,0
1511,2048.5357917570495,0.0,0.0,0
1512,2049.8915401301515,0.0,0.0,0
1513,2051.2472885032535,0.0,0.0,0
1514,2052.6030368763554,0.0,0.0,0
1515,2053.9587852494574,0.0,0.0,0
1516,2055.3145336225593,0.0,0.0,0
1517,2056.6702819956613,0.0,0.0,0
1518,2058.0260303687633,0.0,0.0,0
1519,2059.381778741865,0.0,0.0,0
1520,2060.737527114967,0.0,0.0,0
1521,2062.093275488069,0.0,0.0,0
1522,2063.449023861171,0.0,0.0,0
1523,2064.804772234273,0.0,0.0,0
1524,2066.160520607375,0.0,0.0,0
1525,2067.516268980477,0.0,0.0,0
1526,2068.872017353579,0.0,0.0,0
1527,2070.227765726681,0.0,0.0,0
1528,2071.583514099783,0.0,0.0,0
1529,2072.939262472885,0.0,0.0,0
1530,2074.295010845987,0.0,0.0,0
1531,2075.6507592190887,0.0,0.0,0
1532,2077.0065075921907,0.0,0.0,0
1533,2078.3622559652927,0.0,0.0,0
1534,2079.7180043383946,0.0,0.0,0
1535,2081.0737527114966,0.0,0.0,0
1536,2082.4295010845985,0.0,0.0,0
1537,2083.7852494577005,0.0,0.0,0
1538,2085.1409978308025,0.0,0.0,0
1539,2086.4967462039044,0.0,0.0,0
1540,2087.8524945770064,0.0,0.0,0
1541,2089.2082429501083,0.0,0.0,0
1542,2090.5639913232103,0.0,0.0,0
1543,2091.9197396963123,0.0,0.0,0
1544,2093.275488069414,0.0,0.0,0
1545,2094.631236442516,0.0,0.0,0
1546,2095.986984815618,0.0,0.0,0
1547,2097.34273318872,0.0,0.0,0
1548,2098.698481561822,0.0,0.0,0
1549,2100.054229934924,0.0,0.0,0
1550,2101.409978308026,0.0,0.0,0
1551,2102.765726681128,0.0,0.0,0
1552,2104.12147505423,0.0,0.0,0
1553,2105.477223427332,0.0,0.0,0
1554,2106.832971800434,0.0,0.0,0
1555,2108.188720173536,0.0,0.0,0
1556,2109.5444685466377,0.0,0.0,0
1557,2110.9002169197397,0.0,0.0,0
1558,2112.2559652928417,0.0,0.0,0
1559,2113.6117136659436,0.0,0.0,0
1560,2114.9674620390456,0.0,0.0,0
1561,2116.3232104121475,0.0,0.0,0
1562,2117.6789587852495,0.0,0.0,0
1563,2119.0347071583515,0.0,0.0,0
1564,2120.3904555314534,0.0,0.0,0
1565,2121.746203904555,0.0,0.0,0
1566,2123.101952277657,0.0,0.0,0
1567,2124.457700650759,0.0,0.0,0
1568,2125.813449023861,0.0,0.0,0
1569,2127.1691973969628,0.0,0.0,0
1570,2128.5249457700647,0.0,0.0,0
1571,2129.8806941431667,0.0,0.0,0
1572,2131.2364425162687,0.0,0.0,0
1573,2132.5921908893706,0.0,0.0,0
1574,2133.9479392624726,0.0,0.0,0
1575,2135.3036876355745,0.0,0.0,0
1576,2136.6594360086765,0.0,0.0,0
1577,2138.0151843817785,0.0,0.0,0
1578,2139.3709327548804,0.0,0.0,0
1579,2140.7266811279824,0.0,0.0,0
1580,2142.0824295010843,0.0,0.0,0
1581,2143.4381778741863,0.0,0.0,0
1582,2144.7939262472883,0.0,0.0,0
1583,2146.14967462039,0.0,0.0,0
1584,2147.505422993492,0.0,0.0,0
1585,2148.861171366594,0.0,0.0,0
1586,2150.216919739696,0.0,0.0,0
1587,2151.572668112798,0.0,0.0,0
1588,2152.9284164859,0.0,0.0,0
1589,2154.284164859002,0.0,0.0,0
1590,2155.639913232104,0.0,0.0,0
1591,2156.995661605206,0.0,0.0,0
1592,2158.351409978308,0.0,0.0,0
1593,2159.70715835141,0.0,0.0,0
1594,2161.062906724512,0.0,0.0,0
1595,2162.4186550976137,0.0,0.0,0
1596,2163.7744034707157,0.0,0.0,0
1597,2165.1301518438177,0.0,0.0,0
1598,2166.4859002169196,0.0,0.0,0
1599,2167.8416485900216,0.0,0.0,0
1600,2169.1973969631235,0.0,0.0,0
1601,2170.5531453362255,0.0,0.0,0
1602,2171.9088937093275,0.0,0.0,0
1603,2173.2646420824294,0.0,0.0,0
1604,2174.6203904555314,0.0,0.0,0
1605,2175.9761388286333,0.0,0.0,0
1606,2177.3318872017353,0.0,0.0,0
1607,2178.6876355748373,0.0,0.0,0
1608,2180.043383947939,0.0,0.0,0
1609,2181.399132321041,0.0,0.0,0
1610,2182.754880694143,0.0,0.0,0
1611,2184.110629067245,0.0,0.0,0
1612,2185.466377440347,0.0,0.0,0
1613,2186.822125813449,0.0,0.0,0
1614,2188.177874186551,0.0,0.0,0
1615,2189.533622559653,0.0,0.0,0
1616,2190.889370932755,0.0,0.0,0
1617,2192.245119305857,0.0,0.0,0
1618,2193.600867678959,0.0,0.0,0
1619,2194.956616052061,0.0,0.0,0
1620,2196.3123644251627,0.0,0.0,0
1621,2197.6681127982647,0.0,0.0,0
1622,2199.023861171366,0.0,0.0,0
1623,2200.379609544468,0.0,0.0,0
1624,2201.73535791757,0.0,0.0,0
1625,2203.091106290672,0.0,0.0,0
1626,2204.446854663774,0.0,0.0,0
1627,2205.802603036876,0.0,0.0,0
1628,2207.158351409978,0.0,0.0,0
1629,2208.51409978308,0.0,0.0,0
1630,2209.869848156182,0.0,0.0,0
1631,2211.225596529284,0.0,0.0,0
1632,2212.581344902386,0.0,0.0,0
1633,2213.9370932754878,0.0,0.0,0
1634,2215.2928416485897,0.0,0.0,0
1635,2216.6485900216917,0.0,0.0,0
1636,2218.0043383947936,0.0,0.0,0
1637,2219.3600867678956,0.0,0.0,0
1638,2220.7158351409976,0.0,0.0,0
1639,2222.0715835140995,0.0,0.0,0
1640,2223.4273318872015,0.0,0.0,0
1641,2224.7830802603034,0.0,0.0,0
1642,2226.1388286334054,0.0,0.0,0
1643,2227.4945770065074,0.0,0.0,0
1644,2228.8503253796093,0.0,0.0,0
1645,2230.2060737527113,0.0,0.0,0
1646,2231.5618221258133,0.0,0.0,0
1647,2232.917570498915,0.0,0.0,0
1648,2234.273318872017,0.0,0.0,0
1649,2235.629067245119,0.0,0.0,0
1650,2236.984815618221,0.0,0.0,0
1651,2238.340563991323,0.0,0.0,0
1652,2239.696312364425,0.0,0.0,0
1653,2241.052060737527,0.0,0.0,0
1654,2242.407809110629,0.0,0.0,0
1655,2243.763557483731,0.0,0.0,0
1656,2245.119305856833,0.0,0.0,0
1657,2246.475054229935,0.0,0.0,0
1658,2247.830802603037,0.0,0.0,0
1659,2249.1865509761387,0.0,0.0,0
1660,2250.5422993492407,0.0,0.0,0
1661,2251.8980477223427,0.0,0.0,0
1662,2253.2537960954446,0.0,0.0,0
1663,2254.6095444685466,0.0,0.0,0
1664,2255.9652928416485,0.0,0.0,0
1665,2257.3210412147505,0.0,0.0,0
1666,2258.6767895878525,0.0,0.0,0
1667,2260.0325379609544,0.0,0.0,0
1668,2261.3882863340564,0.0,0.0,0
1669,2262.7440347071583,0.0,0.0,0
1670,2264.0997830802603,0.0,0.0,0
1671,2265.4555314533623,0.0,0.0,0
1672,2266.811279826464,0.0,0.0,0
1673,2268.167028199566,0.0,0.0,0
1674,2269.522776572668,0.0,0.0,0
1675,2270.87852494577,0.0,0.0,0
1676,2272.234273318872,0.0,0.0,0
1677,2273.590021691974,0.0,0.0,0
1678,2274.945770065076,0.0,0.0,0
1679,2276.3015184381775,0.0,0.0,0
1680,2277.6572668112794,0.0,0.0,0
1681,2279.0130151843814,0.0,0.0,0
1682,2280.3687635574834,0.0,0.0,0
1683,2281.7245119305853,0.0,0.0,0
1684,2283.0802603036873,0.0,0.0,0
1685,2284.4360086767892,0.0,0.0,0
1686,2285.791757049891,0.0,0.0,0
1687,2287.147505422993,0.0,0.0,0
1688,2288.503253796095,0.0,0.0,0
1689,2289.859002169197,0.0,0.0,0
1690,2291.214750542299,0.0,0.0,0
1691,2292.570498915401,0.0,0.0,0
1692,2293.926247288503,0.0,0.0,0
1693,2295.281995661605,0.0,0.0,0
1694,2296.637744034707,0.0,0.0,0
1695,2297.993492407809,0.0,0.0,0
1696,2299.349240780911,0.0,0.0,0
1697,2300.7049891540128,0.0,0.0,0
1698,2302.0607375271147,0.0,0.0,0
1699,2303.4164859002167,0.0,0.0,0
1700,2304.7722342733186,0.0,0.0,0
1701,2306.1279826464206,0.0,0.0,0
1702,2307.4837310195226,0.0,0.0,0
1703,2308.8394793926245,0.0,0.0,0
1704,2310.1952277657265,0.0,0.0,0
1705,2311.5509761388284,0.0,0.0,0
1706,2312.9067245119304,0.0,0.0,0
1707,2314.2624728850324,0.0,0.0,0
1708,2315.6182212581343,0.0,0.0,0
1709,2316.9739696312363,0.0,0.0,0
1710,2318.3297180043382,0.0,0.0,0
1711,2319.68546637744,0.0,0.0,0
1712,2321.041214750542,0.0,0.0,0
1713,2322.396963123644,0.0,0.0,0
1714,2323.752711496746,0.0,0.0,0
1715,2325.108459869848,0.0,0.0,0
1716,2326.46420824295,0.0,0.0,0
1717,2327.819956616052,0.0,0.0,0
1718,2329.175704989154,0.0,0.0,0
1719,2330.531453362256,0.0,0.0,0
1720,2331.887201735358,0.0,0.0,0
1721,2333.24295010846,0.0,0.0,0
1722,2334.5986984815618,0.0,0.0,0
1723,2335.9544468546637,0.0,0.0,0
1724,2337.3101952277657,0.0,0.0,0
1725,2338.6659436008676,0.0,0.0,0
1726,2340.0216919739696,0.0,0.0,0
1727,2341.3774403470716,0.0,0.0,0
1728,2342.7331887201735,0.0,0.0,0
1729,2344.0889370932755,0.0,0.0,0
1730,2345.4446854663775,0.0,0.0,0
1731,2346.8004338394794,0.0,0.0,0
1732,2348.1561822125814,0.0,0.0,0
1733,2349.5119305856833,0.0,0.0,0
1734,2350.8676789587853,0.0,0.0,0
1735,2352.2234273318873,0.0,0.0,0
1736,2353.5791757049888,0.0,0.0,0
1737,2354.9349240780907,0.0,0.0,0
1738,2356.2906724511927,0.0,0.0,0
1739,2357.6464208242946,0.0,0.0,0
1740,2359.0021691973966,0.0,0.0,0
1741,2360.3579175704986,0.0,0.0,0
1742,2361.7136659436005,0.0,0.0,0
1743,2363.0694143167025,0.0,0.0,0
1744,2364.4251626898044,0.0,0.0,0
1745,2365.7809110629064,0.0,0.0,0
1746,2367.1366594360084,0.0,0.0,0
1747,2368.4924078091103,0.0,0.0,0
1748,2369.8481561822123,0.0,0.0,0
1749,2371.2039045553142,0.0,0.0,0
1750,2372.559652928416,0.0,0.0,0
1751,2373.915401301518,0.0,0.0,0
1752,2375.27114967462,0.0,0.0,0
1753,2376.626898047722,0.0,0.0,0
1754,2377.982646420824,0.0,0.0,0
1755,2379.338394793926,0.0,0.0,0
1756,2380.694143167028,0.0,0.0,0
1757,2382.04989154013,0.0,0.0,0
1758,2383.405639913232,0.0,0.0,0
1759,2384.761388286334,0.0,0.0,0
1760,2386.117136659436,0.0,0.0,0
1761,2387.4728850325378,0.0,0.0,0
1762,2388.8286334056397,0.0,0.0,0
1763,2390.1843817787417,0.0,0.0,0
1764,2391.5401301518436,0.0,0.0,0
1765,2392.8958785249456,0.0,0.0,0
1766,2394.2516268980476,0.0,0.0,0
1767,2395.6073752711495,0.0,0.0,0
1768,2396.9631236442515,0.0,0.0,0
1769,2398.3188720173534,0.0,0.0,0
1770,2399.6746203904554,0.0,0.0,0
1771,2401.0303687635574,0.0,0.0,0
1772,2402.3861171366593,0.0,0.0,0
1773,2403.7418655097613,0.0,0.0,0
1774,2405.0976138828632,0.0,0.0,0
1775,2406.453362255965,0.0,0.0,0
1776,2407.809110629067,0.0,0.0,0
1777,2409.164859002169,0.0,0.0,0
1778,2410.520607375271,0.0,0.0,0
1779,2411.876355748373,0.0,0.0,0
1780,2413.232104121475,0.0,0.0,0
1781,2414.587852494577,0.0,0.0,0
1782,2415.943600867679,0.0,0.0,0
1783,2417.299349240781,0.0,0.0,0
1784,2418.655097613883,0.0,0.0,0
1785,2420.010845986985,0.0,0.0,0
1786,2421.3665943600868,0.0,0.0,0
1787,2422.7223427331887,0.0,0.0,0
1788,2424.0780911062907,0.0,0.0,0
1789,2425.4338394793926,0.0,0.0,0
1790,2426.7895878524946,0.0,0.0,0
1791,2428.1453362255966,0.0,0.0,0
1792,2429.501084598698,0.0,0.0,0
1793,2430.8568329718,0.0,0.0,0
1794,2432.212581344902,0.0,0.0,0
1795,2433.568329718004,0.0,0.0,0
1796,2434.924078091106,0.0,0.0,0
1797,2436.279826464208,0.0,0.0,0
1798,2437.63557483731,0.0,0.0,0
1799,2438.991323210412,0.0,0.0,0
1800,2440.3470715835138,0.0,0.0,0
1801,2441.7028199566157,0.0,0.0,0
1802,2443.0585683297177,0.0,0.0,0
1803,2444.4143167028196,0.0,0.0,0
1804,2445.7700650759216,0.0,0.0,0
1805,2447.1258134490236,0.0,0.0,0
1806,2448.4815618221255,0.0,0.0,0
1807,2449.8373101952275,0.0,0.0,0
1808,2451.1930585683294,0.0,0.0,0
1809,2452.5488069414314,0.0,0.0,0
1810,2453.9045553145334,0.0,0.0,0
1811,2455.2603036876353,0.0,0.0,0
1812,2456.6160520607373,0.0,0.0,0
1813,2457.9718004338392,0.0,0.0,0
1814,2459.327548806941,0.0,0.0,0
1815,2460.683297180043,0.0,0.0,0
1816,2462.039045553145,0.0,0.0,0
1817,2463.394793926247,0.0,0.0,0
1818,2464.750542299349,0.0,0.0,0
1819,2466.106290672451,0.0,0.0,0
1820,2467.462039045553,0.0,0.0,0
1821,2468.817787418655,0.0,0.0,0
1822,2470.173535791757,0.0,0.0,0
1823,2471.529284164859,0.0,0.0,0
1824,2472.885032537961,0.0,0.0,0
1825,2474.2407809110628,0.0,0.0,0
1826,2475.5965292841647,0.0,0.0,0
1827,2476.9522776572667,0.0,0.0,0
1828,2478.3080260303686,0.0,0.0,0
1829,2479.6637744034706,0.0,0.0,0
1830,2481.0195227765726,0.0,0.0,0
1831,2482.3752711496745,0.0,0.0,0
1832,2483.7310195227765,0.0,0.0,0
1833,2485.0867678958784,0.0,0.0,0
1834,2486.4425162689804,0.0,0.0,0
1835,2487.7982646420824,0.0,0.0,0
1836,2489.1540130151843,0.0,0.0,0
1837,2490.5097613882863,0.0,0.0,0
1838,2491.8655097613882,0.0,0.0,0
1839,2493.22125813449,0.0,0.0,0
1840,2494.577006507592,0.0,0.0,0
1841,2495.932754880694,0.0,0.0,0
1842,2497.288503253796,0.0,0.0,0
1843,2498.644251626898,0.0,0.0,0
1844,2500.0,0.0,0.0,0
1845,2501.355748373102,0.0,0.0,0
1846,2502.711496746204,0.0,0.0,0
1847,2504.067245119306,0.0,0.0,0
1848,2505.422993492408,0.0,0.0,0
1849,2506.7787418655093,0.0,0.0,0
1850,2508.1344902386113,0.0,0.0,0
1851,2509.4902386117133,0.0,0.0,0
1852,2510.845986984815,0.0,0.0,0
1853,2512.201735357917,0.0,0.0,0
1854,2513.557483731019,0.0,0.0,0
1855,2514.913232104121,0.0,0.0,0
1856,2516.268980477223,0.0,0.0,0
1857,2517.624728850325,0.0,0.0,0
1858,2518.980477223427,0.0,0.0,0
1859,2520.336225596529,0.0,0.0,0
1860,2521.691973969631,0.0,0.0,0
1861,2523.047722342733,0.0,0.0,0
1862,2524.403470715835,0.0,0.0,0
1863,2525.759219088937,0.0,0.0,0
1864,2527.1149674620387,0.0,0.0,0
1865,2528.4707158351407,0.0,0.0,0
1866,2529.8264642082427,0.0,0.0,0
1867,2531.1822125813446,0.0,0.0,0
1868,2532.5379609544466,0.0,0.0,0
1869,2533.8937093275485,0.0,0.0,0
1870,2535.2494577006505,0.0,0.0,0
1871,2536.6052060737525,0.0,0.0,0
1872,2537.9609544468544,0.0,0.0,0
1873,2539.3167028199564,0.0,0.0,0
1874,2540.6724511930584,0.0,0.0,0
1875,2542.0281995661603,0.0,0.0,0
1876,2543.3839479392623,0.0,0.0,0
1877,2544.7396963123642,0.0,0.0,0
1878,2546.095444685466,0.0,0.0,0
1879,2547.451193058568,0.0,0.0,0
1880,2548.80694143167,0.0,0.0,0
1881,2550.162689804772,0.0,0.0,0
1882,2551.518438177874,0.0,0.0,0
1883,2552.874186550976,0.0,0.0,0
1884,2554.229934924078,0.0,0.0,0
1885,2555.58568329718,0.0,0.0,0
1886,2556.941431670282,0.0,0.0,0
1887,2558.297180043384,0.0,0.0,0
1888,2559.652928416486,0.0,0.0,0
1889,2561.0086767895878,0.0,0.0,0
1890,2562.3644251626897,0.0,0.0,0
1891,2563.7201735357917,0.0,0.0,0
1892,2565.0759219088936,0.0,0.0,0
1893,2566.4316702819956,0.0,0.0,0
1894,2567.7874186550976,0.0,0.0,0
1895,2569.1431670281995,0.0,0.0,0
1896,2570.4989154013015,0.0,0.0,0
1897,2571.8546637744034,0.0,0.0,0
1898,2573.2104121475054,0.0,0.0,0
1899,2574.5661605206074,0.0,0.0,0
1900,2575.9219088937093,0.0,0.0,0
1901,2577.2776572668113,0.0,0.0,0
1902,2578.6334056399132,0.0,0.0,0
1903,2579.989154013015,0.0,0.0,0
1904,2581.344902386117,0.0,0.0,0
1905,2582.700650759219,0.0,0.0,0
1906,2584.0563991323206,0.0,0.0,0
1907,2585.4121475054226,0.0,0.0,0
1908,2586.7678958785245,0.0,0.0,0
1909,2588.1236442516265,0.0,0.0,0
1910,2589.4793926247285,0.0,0.0,0
1911,2590.8351409978304,0.0,0.0,0
1912,2592.1908893709324,0.0,0.0,0
1913,2593.5466377440343,0.0,0.0,0
1914,2594.9023861171363,0.0,0.0,0
1915,2596.2581344902383,0.0,0.0,0
1916,2597.61388286334,0.0,0.0,0
1917,2598.969631236442,0.0,0.0,0
1918,2600.325379609544,0.0,0.0,0
1919,2601.681127982646,0.0,0.0,0
1920,2603.036876355748,0.0,0.0,0
1921,2604.39262472885,0.0,0.0,0
1922,2605.748373101952,0.0,0.0,0
1923,2607.104121475054,0.0,0.0,0
1924,2608.459869848156,0.0,0.0,0
1925,2609.815618221258,0.0,0.0,0
1926,2611.17136659436,0.0,0.0,0
1927,2612.527114967462,0.0,0.0,0
1928,2613.8828633405637,0.0,0.0,0
1929,2615.2386117136657,0.0,0.0,0
1930,2616.5943600867677,0.0,0.0,0
1931,2617.9501084598696,0.0,0.0,0
1932,2619.3058568329716,0.0,0.0,0
1933,2620.6616052060735,0.0,0.0,0
1934,2622.0173535791755,0.0,0.0,0
1935,2623.3731019522775,0.0,0.0,0
1936,2624.7288503253794,0.0,0.0,0
1937,2626.0845986984814,0.0,0.0,0
1938,2627.4403470715833,0.0,0.0,0
1939,2628.7960954446853,0.0,0.0,0
1940,2630.1518438177873,0.0,0.0,0
1941,2631.507592190889,0.0,0.0,0
1942,2632.863340563991,0.0,0.0,0
1943,2634.219088937093,0.0,0.0,0
1944,2635.574837310195,0.0,0.0,0
1945,2636.930585683297,0.0,0.0,0
1946,2638.286334056399,0.0,0.0,0
1947,2639.642082429501,0.0,0.0,0
1948,2640.997830802603,0.0,0.0,0
1949,2642.353579175705,0.0,0.0,0
1950,2643.709327548807,0.0,0.0,0
1951,2645.065075921909,0.0,0.0,0
1952,2646.420824295011,0.0,0.0,0
1953,2647.7765726681127,0.0,0.0,0
1954,2649.1323210412147,0.0,0.0,0
1955,2650.4880694143167,0.0,0.0,0
1956,2651.8438177874186,0.0,0.0,0
1957,2653.1995661605206,0.0,0.0,0
1958,2654.5553145336225,0.0,0.0,0
1959,2655.9110629067245,0.0,0.0,0
1960,2657.2668112798265,0.0,0.0,0
1961,2658.6225596529284,0.0,0.0,0
1962,2659.9783080260304,0.0,0.0,0
1963,2661.334056399132,0.0,0.0,0
1964,2662.689804772234,0.0,0.0,0
1965,2664.045553145336,0.0,0.0,0
1966,2665.401301518438,0.0,0.0,0
1967,2666.7570498915397,0.0,0.0,0
1968,2668.1127982646417,0.0,0.0,0
1969,2669.4685466377437,0.0,0.0,0
1970,2670.8242950108456,0.0,0.0,0
1971,2672.1800433839476,0.0,0.0,0
1972,2673.5357917570495,0.0,0.0,0
1973,2674.8915401301515,0.0,0.0,0
1974,2676.2472885032535,0.0,0.0,0
1975,2677.6030368763554,0.0,0.0,0
1976,2678.9587852494574,0.0,0.0,0
1977,2680.3145336225593,0.0,0.0,0
1978,2681.6702819956613,0.0,0.0,0
1979,2683.0260303687633,0.0,0.0,0
1980,2684.381778741865,0.0,0.0,0
1981,2685.737527114967,0.0,0.0,0
1982,2687.093275488069,0.0,0.0,0
1983,2688.449023861171,0.0,0.0,0
1984,2689.804772234273,0.0,0.0,0
1985,2691.160520607375,0.0,0.0,0
1986,2692.516268980477,0.0,0.0,0
1987,2693.872017353579,0.0,0.0,0
1988,2695.227765726681,0.0,0.0,0
1989,2696.583514099783,0.0,0.0,0
1990,2697.939262472885,0.0,0.0,0
1991,2699.295010845987,0.0,0.0,0
1992,2700.6507592190887,0.0,0.0,0
1993,2702.0065075921907,0.0,0.0,0
1994,2703.3622559652927,0.0,0.0,0
1995,2704.7180043383946,0.0,0.0,0
1996,2706.0737527114966,0.0,0.0,0
1997,2707.4295010845985,0.0,0.0,0
1998,2708.7852494577005,0.0,0.0,0
1999,2710.1409978308025,0.0,0.0,0
2000,2711.4967462039044,0.0,0.0,0
2001,2712.8524945770064,0.0,0.0,0
2002,2714.2082429501083,0.0,0.0,0
2003,2715.5639913232103,0.0,0.0,0
2004,2716.9197396963123,0.0,0.0,0
2005,2718.275488069414,0.0,0.0,0
2006,2719.631236442516,0.0,0.0,0
2007,2720.986984815618,0.0,0.0,0
2008,2722.34273318872,0.0,0.0,0
2009,2723.698481561822,0.0,0.0,0
2010,2725.054229934924,0.0,0.0,0
2011,2726.409978308026,0.0,0.0,0
2012,2727.765726681128,0.0,0.0,0
2013,2729.12147505423,0.0,0.0,0
2014,2730.477223427332,0.0,0.0,0
2015,2731.832971800434,0.0,0.0,0
2016,2733.188720173536,0.0,0.0,0
2017,2734.5444685466377,0.0,0.0,0
2018,2735.9002169197397,0.0,0.0,0
2019,2737.2559652928417,0.0,0.0,0
2020,2738.611713665943,0.0,0.0,0
2021,2739.967462039045,0.0,0.0,0
2022,2741.323210412147,0.0,0.0,0
2023,2742.678958785249,0.0,0.0,0
2024,2744.034707158351,0.0,0.0,0
2025,2745.390455531453,0.0,0.0,0
2026,2746.746203904555,0.0,0.0,0
2027,2748.101952277657,0.0,0.0,0
2028,2749.457700650759,0.0,0.0,0
2029,2750.813449023861,0.0,0.0,0
2030,2752.1691973969628,0.0,0.0,0
2031,2753.5249457700647,0.0,0.0,0
2032,2754.8806941431667,0.0,0.0,0
2033,2756.2364425162687,0.0,0.0,0
2034,2757.5921908893706,0.0,0.0,0
2035,2758.9479392624726,0.0,0.0,0
2036,2760.3036876355745,0.0,0.0,0
2037,2761.6594360086765,0.0,0.0,0
2038,2763.0151843817785,0.0,0.0,0
2039,2764.3709327548804,0.0,0.0,0
2040,2765.7266811279824,0.0,0.0,0
2041,2767.0824295010843,0.0,0.0,0
2042,2768.4381778741863,0.0,0.0,0
2043,2769.7939262472883,0.0,0.0,0
2044,2771.14967462039,0.0,0.0,0
2045,2772.505422993492,0.0,0.0,0
2046,2773.861171366594,0.0,0.0,0
2047,2775.216919739696,0.0,0.0,0
2048,2776.572668112798,0.0,0.0,0
2049,2777.9284164859,0.0,0.0,0
2050,2779.284164859002,0.0,0.0,0
2051,2780.639913232104,0.0,0.0,0
2052,2781.995661605206,0.0,0.0,0
2053,2783.351409978308,0.0,0.0,0
2054,2784.70715835141,0.0,0.0,0
2055,2786.062906724512,0.0,0.0,0
2056,2787.4186550976137,0.0,0.0,0
2057,2788.7744034707157,0.0,0.0,0
2058,2790.1301518438177,0.0,0.0,0
2059,2791.4859002169196,0.0,0.0,0
2060,2792.8416485900216,0.0,0.0,0
2061,2794.1973969631235,0.0,0.0,0
2062,2795.5531453362255,0.0,0.0,0
2063,2796.9088937093275,0.0,0.0,0
2064,2798.2646420824294,0.0,0.0,0
2065,2799.6203904555314,0.0,0.0,0
2066,2800.9761388286333,0.0,0.0,0
2067,2802.3318872017353,0.0,0.0,0
2068,2803.6876355748373,0.0,0.0,0
2069,2805.043383947939,0.0,0.0,0
2070,2806.399132321041,0.0,0.0,0
2071,2807.754880694143,0.0,0.0,0
2072,2809.110629067245,0.0,0.0,0
2073,2810.466377440347,0.0,0.0,0
2074,2811.822125813449,0.0,0.0,0
2075,2813.177874186551,0.0,0.0,0
2076,2814.533622559653,0.0,0.0,0
2077,2815.8893709327544,0.0,0.0,0
2078,2817.2451193058564,0.0,0.0,0
2079,2818.6008676789584,0.0,0.0,0
2080,2819.9566160520603,0.0,0.0,0
2081,2821.3123644251623,0.0,0.0,0
2082,2822.6681127982642,0.0,0.0,0
2083,2824.023861171366,0.0,0.0,0
2084,2825.379609544468,0.0,0.0,0
2085,2826.73535791757,0.0,0.0,0
2086,2828.091106290672,0.0,0.0,0
2087,2829.446854663774,0.0,0.0,0
2088,2830.802603036876,0.0,0.0,0
2089,2832.158351409978,0.0,0.0,0
2090,2833.51409978308,0.0,0.0,0
2091,2834.869848156182,0.0,0.0,0
2092,2836.225596529284,0.0,0.0,0
2093,2837.581344902386,0.0,0.0,0
2094,2838.9370932754878,0.0,0.0,0
2095,2840.2928416485897,0.0,0.0,0
2096,2841.6485900216917,0.0,0.0,0
2097,2843.0043383947936,0.0,0.0,0
2098,2844.3600867678956,0.0,0.0,0
2099,2845.7158351409976,0.0,0.0,0
2100,2847.0715835140995,0.0,0.0,0
2101,2848.4273318872015,0.0,0.0,0
2102,2849.7830802603034,0.0,0.0,0
2103,2851.1388286334054,0.0,0.0,0
2104,2852.4945770065074,0.0,0.0,0
2105,2853.8503253796093,0.0,0.0,0
2106,2855.2060737527113,0.0,0.0,0
2107,2856.5618221258133,0.0,0.0,0
2108,2857.917570498915,0.0,0.0,0
2109,2859.273318872017,0.0,0.0,0
2110,2860.629067245119,0.0,0.0,0
2111,2861.984815618221,0.0,0.0,0
2112,2863.340563991323,0.0,0.0,0
2113,2864.696312364425,0.0,0.0,0
2114,2866.052060737527,0.0,0.0,0
2115,2867.407809110629,0.0,0.0,0
2116,2868.763557483731,0.0,0.0,0
2117,2870.119305856833,0.0,0.0,0
2118,2871.475054229935,0.0,0.0,0
2119,2872.830802603037,0.0,0.0,0
2120,2874.1865509761387,0.0,0.0,0
2121,2875.5422993492407,0.0,0.0,0
2122,2876.8980477223427,0.0,0.0,0
2123,2878.2537960954446,0.0,0.0,0
2124,2879.6095444685466,0.0,0.0,0
2125,2880.9652928416485,0.0,0.0,0
2126,2882.3210412147505,0.0,0.0,0
2127,2883.6767895878525,0.0,0.0,0
2128,2885.0325379609544,0.0,0.0,0
2129,2886.3882863340564,0.0,0.0,0
2130,2887.7440347071583,0.0,0.0,0
2131,2889.0997830802603,0.0,0.0,0
2132,2890.4555314533623,0.0,0.0,0
2133,2891.811279826464,0.0,0.0,0
2134,2893.1670281995657,0.0,0.0,0
2135,2894.5227765726677,0.0,0.0,0
2136,2895.8785249457696,0.0,0.0,0
2137,2897.2342733188716,0.0,0.0,0
2138,2898.5900216919736,0.0,0.0,0
2139,2899.9457700650755,0.0,0.0,0
2140,2901.3015184381775,0.0,0.0,0
2141,2902.6572668112794,0.0,0.0,0
2142,2904.0130151843814,0.0,0.0,0
2143,2905.3687635574834,0.0,0.0,0
2144,2906.7245119305853,0.0,0.0,0
2145,2908.0802603036873,0.0,0.0,0
2146,2909.4360086767892,0.0,0.0,0
2147,2910.791757049891,0.0,0.0,0
2148,2912.147505422993,0.0,0.0,0
2149,2913.503253796095,0.0,0.0,0
2150,2914.859002169197,0.0,0.0,0
2151,2916.214750542299,0.0,0.0,0
2152,2917.570498915401,0.0,0.0,0
2153,2918.926247288503,0.0,0.0,0
2154,2920.281995661605,0.0,0.0,0
2155,2921.637744034707,0.0,0.0,0
2156,2922.993492407809,0.0,0.0,0
2157,2924.349240780911,0.0,0.0,0
2158,2925.7049891540128,0.0,0.0,0
2159,2927.0607375271147,0.0,0.0,0
2160,2928.4164859002167,0.0,0.0,0
2161,2929.7722342733186,0.0,0.0,0
2162,2931.1279826464206,0.0,0.0,0
2163,2932.4837310195226,0.0,0.0,0
2164,2933.8394793926245,0.0,0.0,0
2165,2935.1952277657265,0.0,0.0,0
2166,2936.5509761388284,0.0,0.0,0
2167,2937.9067245119304,0.0,0.0,0
2168,2939.2624728850324,0.0,0.0,0
2169,2940.6182212581343,0.0,0.0,0
2170,2941.9739696312363,0.0,0.0,0
2171,2943.3297180043382,0.0,0.0,0
2172,2944.68546637744,0.0,0.0,0
2173,2946.041214750542,0.0,0.0,0
2174,2947.396963123644,0.0,0.0,0
2175,2948.752711496746,0.0,0.0,0
2176,2950.108459869848,0.0,0.0,0
2177,2951.46420824295,0.0,0.0,0
2178,2952.819956616052,0.0,0.0,0
2179,2954.175704989154,0.0,0.0,0
2180,2955.531453362256,0.0,0.0,0
2181,2956.887201735358,0.0,0.0,0
2182,2958.24295010846,0.0,0.0,0
2183,2959.5986984815618,0.0,0.0,0
2184,2960.9544468546637,0.0,0.0,0
2185,2962.3101952277657,0.0,0.0,0
2186,2963.6659436008676,0.0,0.0,0
2187,2965.0216919739696,0.0,0.0,0
2188,2966.3774403470716,0.0,0.0,0
2189,2967.7331887201735,0.0,0.0,0
2190,2969.0889370932755,0.0,0.0,0
2191,2970.444685466377,0.0,0.0,0
2192,2971.800433839479,0.0,0.0,0
2193,2973.156182212581,0.0,0.0,0
2194,2974.511930585683,0.0,0.0,0
2195,2975.867678958785,0.0,0.0,0
2196,2977.223427331887,0.0,0.0,0
2197,2978.5791757049888,0.0,0.0,0
2198,2979.9349240780907,0.0,0.0,0
2199,2981.2906724511927,0.0,0.0,0
2200,2982.6464208242946,0.0,0.0,0
2201,2984.0021691973966,0.0,0.0,0
2202,2985.3579175704986,0.0,0.0,0
2203,2986.7136659436005,0.0,0.0,0
2204,2988.0694143167025,0.0,0.0,0
2205,2989.4251626898044,0.0,0.0,0
2206,2990.7809110629064,0.0,0.0,0
2207,2992.1366594360084,0.0,0.0,0
2208,2993.4924078091103,0.0,0.0,0
2209,2994.8481561822123,0.0,0.0,0
2210,2996.2039045553142,0.0,0.0,0
2211,2997.559652928416,0.0,0.0,0
2212,2998.915401301518,0.0,0.0,0
2213,3000.27114967462,0.0,0.0,0
2214,3001.626898047722,0.0,0.0,0
2215,3002.982646420824,0.0,0.0,0
2216,3004.338394793926,0.0,0.0,0
2217,3005.694143167028,0.0,0.0,0
2218,3007.04989154013,0.0,0.0,0
2219,3008.405639913232,0.0,0.0,0
2220,3009.761388286334,0.0,0.0,0
2221,3011.117136659436,0.0,0.0,0
2222,3012.4728850325378,0.0,0.0,0
2223,3013.8286334056397,0.0,0.0,0
2224,3015.1843817787417,0.0,0.0,0
2225,3016.5401301518436,0.0,0.0,0
2226,3017.8958785249456,0.0,0.0,0
2227,3019.2516268980476,0.0,0.0,0
2228,3020.6073752711495,0.0,0.0,0
2229,3021.9631236442515,0.0,0.0,0
2230,3023.3188720173534,0.0,0.0,0
2231,3024.6746203904554,0.0,0.0,0
2232,3026.0303687635574,0.0,0.0,0
2233,3027.3861171366593,0.0,0.0,0
2234,3028.7418655097613,0.0,0.0,0
2235,3030.0976138828632,0.0,0.0,0
2236,3031.453362255965,0.0,0.0,0
2237,3032.809110629067,0.0,0.0,0
2238,3034.164859002169,0.0,0.0,0
2239,3035.520607375271,0.0,0.0,0
2240,3036.876355748373,0.0,0.0,0
2241,3038.232104121475,0.0,0.0,0
2242,3039.587852494577,0.0,0.0,0
2243,3040.943600867679,0.0,0.0,0
2244,3042.299349240781,0.0,0.0,0
2245,3043.655097613883,0.0,0.0,0
2246,3045.010845986985,0.0,0.0,0
2247,3046.3665943600868,0.0,0.0,0
2248,3047.7223427331883,0.0,0.0,0
2249,3049.0780911062902,0.0,0.0,0
2250,3050.433839479392,0.0,0.0,0
2251,3051.789587852494,0.0,0.0,0
2252,3053.145336225596,0.0,0.0,0
2253,3054.501084598698,0.0,0.0,0
2254,3055.8568329718,0.0,0.0,0
2255,3057.212581344902,0.0,0.0,0
2256,3058.568329718004,0.0,0.0,0
2257,3059.924078091106,0.0,0.0,0
2258,3061.279826464208,0.0,0.0,0
2259,3062.63557483731,0.0,0.0,0
2260,3063.991323210412,0.0,0.0,0
2261,3065.3470715835138,0.0,0.0,0
2262,3066.7028199566157,0.0,0.0,0
2263,3068.0585683297177,0.0,0.0,0
2264,3069.4143167028196,0.0,0.0,0
2265,3070.7700650759216,0.0,0.0,0
2266,3072.1258134490236,0.0,0.0,0
2267,3073.4815618221255,0.0,0.0,0
2268,3074.8373101952275,0.0,0.0,0
2269,3076.1930585683294,0.0,0.0,0
2270,3077.5488069414314,0.0,0.0,0
2271,3078.9045553145334,0.0,0.0,0
2272,3080.2603036876353,0.0,0.0,0
2273,3081.6160520607373,0.0,0.0,0
2274,3082.9718004338392,0.0,0.0,0
2275,3084.327548806941,0.0,0.0,0
2276,3085.683297180043,0.0,0.0,0
2277,3087.039045553145,0.0,0.0,0
2278,3088.394793926247,0.0,0.0,0
2279,3089.750542299349,0.0,0.0,0
2280,3091.106290672451,0.0,0.0,0
2281,3092.462039045553,0.0,0.0,0
2282,3093.817787418655,0.0,0.0,0
2283,3095.173535791757,0.0,0.0,0
2284,3096.529284164859,0.0,0.0,0
2285,3097.885032537961,0.0,0.0,0
2286,3099.2407809110628,0.0,0.0,0
2287,3100.5965292841647,0.0,0.0,0
2288,3101.9522776572667,0.0,0.0,0
2289,3103.3080260303686,0.0,0.0,0
2290,3104.6637744034706,0.0,0.0,0
2291,3106.0195227765726,0.0,0.0,0
2292,3107.3752711496745,0.0,0.0,0
2293,3108.7310195227765,0.0,0.0,0
2294,3110.0867678958784,0.0,0.0,0
2295,3111.4425162689804,0.0,0.0,0
2296,3112.7982646420824,0.0,0.0,0
2297,3114.1540130151843,0.0,0.0,0
2298,3115.5097613882863,0.0,0.0,0
2299,3116.8655097613882,0.0,0.0,0
2300,3118.22125813449,0.0,0.0,0
2301,3119.577006507592,0.0,0.0,0
2302,3120.932754880694,0.0,0.0,0
2303,3122.288503253796,0.0,0.0,0
2304,3123.644251626898,0.0,0.0,0
2305,3124.9999999999995,0.0,0.0,0
2306,3126.3557483731015,0.0,0.0,0
2307,3127.7114967462035,0.0,0.0,0
2308,3129.0672451193054,0.0,0.0,0
2309,3130.4229934924074,0.0,0.0,0
2310,3131.7787418655093,0.0,0.0,0
2311,3133.1344902386113,0.0,0.0,0
2312,3134.4902386117133,0.0,0.0,0
2313,3135.845986984815,0.0,0.0,0
2314,3137.201735357917,0.0,0.0,0
2315,3138.557483731019,0.0,0.0,0
2316,3139.913232104121,0.0,0.0,0
2317,3141.268980477223,0.0,0.0,0
2318,3142.624728850325,0.0,0.0,0
2319,3143.980477223427,0.0,0.0,0
2320,3145.336225596529,0.0,0.0,0
2321,3146.691973969631,0.0,0.0,0
2322,3148.047722342733,0.0,0.0,0
2323,3149.403470715835,0.0,0.0,0
2324,3150.759219088937,0.0,0.0,0
2325,3152.1149674620387,0.0,0.0,0
2326,3153.4707158351407,0.0,0.0,0
2327,3154.8264642082427,0.0,0.0,0
2328,3156.1822125813446,0.0,0.0,0
2329,3157.5379609544466,0.0,0.0,0
2330,3158.8937093275485,0.0,0.0,0
2331,3160.2494577006505,0.0,0.0,0
2332,3161.6052060737525,0.0,0.0,0
2333,3162.9609544468544,0.0,0.0,0
2334,3164.3167028199564,0.0,0.0,0
2335,3165.6724511930584,0.0,0.0,0
2336,3167.0281995661603,0.0,0.0,0
2337,3168.3839479392623,0.0,0.0,0
2338,3169.7396963123642,0.0,0.0,0
2339,3171.095444685466,0.0,0.0,0
2340,3172.451193058568,0.0,0.0,0
2341,3173.80694143167,0.0,0.0,0
2342,3175.162689804772,0.0,0.0,0
2343,3176.518438177874,0.0,0.0,0
2344,3177.874186550976,0.0,0.0,0
2345,3179.229934924078,0.0,0.0,0
2346,3180.58568329718,0.0,0.0,0
2347,3181.941431670282,0.0,0.0,0
2348,3183.297180043384,0.0,0.0,0
2349,3184.652928416486,0.0,0.0,0
2350,3186.0086767895878,0.0,0.0,0
2351,3187.3644251626897,0.0,0.0,0
2352,3188.7201735357917,0.0,0.0,0
2353,3190.0759219088936,0.0,0.0,0
2354,3191.4316702819956,0.0,0.0,0
2355,3192.7874186550976,0.0,0.0,0
2356,3194.1431670281995,0.0,0.0,0
2357,3195.4989154013015,0.0,0.0,0
2358,3196.8546637744034,0.0,0.0,0
2359,3198.2104121475054,0.0,0.0,0
2360,3199.5661605206074,0.0,0.0,0
2361,3200.921908893709,0.0,0.0,0
2362,3202.277657266811,0.0,0.0,0
2363,3203.633405639913,0.0,0.0,0
2364,3204.9891540130147,0.0,0.0,0
2365,3206.3449023861167,0.0,0.0,0
2366,3207.7006507592187,0.0,0.0,0
2367,3209.0563991323206,0.0,0.0,0
2368,3210.4121475054226,0.0,0.0,0
2369,3211.7678958785245,0.0,0.0,0
2370,3213.1236442516265,0.0,0.0,0
2371,3214.4793926247285,0.0,0.0,0
2372,3215.8351409978304,0.0,0.0,0
2373,3217.1908893709324,0.0,0.0,0
2374,3218.5466377440343,0.0,0.0,0
2375,3219.9023861171363,0.0,0.0,0
2376,3221.2581344902383,0.0,0.0,0
2377,3222.61388286334,0.0,0.0,0
2378,3223.969631236442,0.0,0.0,0
2379,3225.325379609544,0.0,0.0,0
2380,3226.681127982646,0.0,0.0,0
2381,3228.036876355748,0.0,0.0,0
2382,3229.39262472885,0.0,0.0,0
2383,3230.748373101952,0.0,0.0,0
2384,3232.104121475054,0.0,0.0,0
2385,3233.459869848156,0.0,0.0,0
2386,3234.815618221258,0.0,0.0,0
2387,3236.17136659436,0.0,0.0,0
2388,3237.527114967462,0.0,0.0,0
2389,3238.8828633405637,0.0,0.0,0
2390,3240.2386117136657,0.0,0.0,0
2391,3241.5943600867677,0.0,0.0,0
2392,3242.9501084598696,0.0,0.0,0
2393,3244.3058568329716,0.0,0.0,0
2394,3245.6616052060735,0.0,0.0,0
2395,3247.0173535791755,0.0,0.0,0
2396,3248.3731019522775,0.0,0.0,0
2397,3249.7288503253794,0.0,0.0,0
2398,3251.0845986984814,0.0,0.0,0
2399,3252.4403470715833,0.0,0.0,0
2400,3253.7960954446853,0.0,0.0,0
2401,3255.1518438177873,0.0,0.0,0
2402,3256.507592190889,0.0,0.0,0
2403,3257.863340563991,0.0,0.0,0
2404,3259.219088937093,0.0,0.0,0
2405,3260.574837310195,0.0,0.0,0
2406,3261.930585683297,0.0,0.0,0
2407,3263.286334056399,0.0,0.0,0
2408,3264.642082429501,0.0,0.0,0
2409,3265.997830802603,0.0,0.0,0
2410,3267.353579175705,0.0,0.0,0
2411,3268.709327548807,0.0,0.0,0
2412,3270.065075921909,0.0,0.0,0
2413,3271.420824295011,0.0,0.0,0
2414,3272.7765726681127,0.0,0.0,0
2415,3274.1323210412147,0.0,0.0,0
2416,3275.4880694143167,0.0,0.0,0
2417,3276.8438177874186,0.0,0.0,0
2418,3278.19956616052,0.0,0.0,0
2419,3279.555314533622,0.0,0.0,0
2420,3280.911062906724,0.0,0.0,0
2421,3282.266811279826,0.0,0.0,0
2422,3283.622559652928,0.0,0.0,0
2423,3284.97830802603,0.0,0.0,0
2424,3286.334056399132,0.0,0.0,0
2425,3287.689804772234,0.0,0.0,0
2426,3289.045553145336,0.0,0.0,0
2427,3290.401301518438,0.0,0.0,0
2428,3291.7570498915397,0.0,0.0,0
2429,3293.1127982646417,0.0,0.0,0
2430,3294.4685466377437,0.0,0.0,0
2431,3295.8242950108456,0.0,0.0,0
2432,3297.1800433839476,0.0,0.0,0
2433,3298.5357917570495,0.0,0.0,0
2434,3299.8915401301515,0.0,0.0,0
2435,3301.2472885032535,0.0,0.0,0
2436,3302.6030368763554,0.0,0.0,0
2437,3303.9587852494574,0.0,0.0,0
2438,3305.3145336225593,0.0,0.0,0
2439,3306.6702819956613,0.0,0.0,0
2440,3308.0260303687633,0.0,0.0,0
2441,3309.381778741865,0.0,0.0,0
2442,3310.737527114967,0.0,0.0,0
2443,3312.093275488069,0.0,0.0,0
2444,3313.449023861171,0.0,0.0,0
2445,3314.804772234273,0.0,0.0,0
2446,3316.160520607375,0.0,0.0,0
2447,3317.516268980477,0.0,0.0,0
2448,3318.872017353579,0.0,0.0,0
2449,3320.227765726681,0.0,0.0,0
2450,3321.583514099783,0.0,0.0,0
2451,3322.939262472885,0.0,0.0,0
2452,3324.295010845987,0.0,0.0,0
2453,3325.6507592190887,0.0,0.0,0
2454,3327.0065075921907,0.0,0.0,0
2455,3328.3622559652927,0.0,0.0,0
2456,3329.7180043383946,0.0,0.0,0
2457,3331.0737527114966,0.0,0.0,0
2458,3332.4295010845985,0.0,0.0,0
2459,3333.7852494577005,0.0,0.0,0
2460,3335.1409978308025,0.0,0.0,0
2461,3336.4967462039044,0.0,0.0,0
2462,3337.8524945770064,0.0,0.0,0
2463,3339.2082429501083,0.0,0.0,0
2464,3340.5639913232103,0.0,0.0,0
2465,3341.9197396963123,0.0,0.0,0
2466,3343.275488069414,0.0,0.0,0
2467,3344.631236442516,0.0,0.0,0
2468,3345.986984815618,0.0,0.0,0
2469,3347.34273318872,0.0,0.0,0
2470,3348.698481561822,0.0,0.0,0
2471,3350.054229934924,0.0,0.0,0
2472,3351.409978308026,0.0,0.0,0
2473,3352.765726681128,0.0,0.0,0
2474,3354.12147505423,0.0,0.0,0
2475,3355.4772234273314,0.0,0.0,0
2476,3356.8329718004334,0.0,0.0,0
2477,3358.1887201735353,0.0,0.0,0
2478,3359.5444685466373,0.0,0.0,0
2479,3360.9002169197393,0.0,0.0,0
2480,3362.255965292841,0.0,0.0,0
2481,3363.611713665943,0.0,0.0,0
2482,3364.967462039045,0.0,0.0,0
2483,3366.323210412147,0.0,0.0,0
2484,3367.678958785249,0.0,0.0,0
2485,3369.034707158351,0.0,0.0,0
2486,3370.390455531453,0.0,0.0,0
2487,3371.746203904555,0.0,0.0,0
2488,3373.101952277657,0.0,0.0,0
2489,3374.457700650759,0.0,0.0,0
2490,3375.813449023861,0.0,0.0,0
2491,3377.1691973969628,0.0,0.0,0
2492,3378.5249457700647,0.0,0.0,0
2493,3379.8806941431667,0.0,0.0,0
2494,3381.2364425162687,0.0,0.0,0
2495,3382.5921908893706,0.0,0.0,0
2496,3383.9479392624726,0.0,0.0,0
2497,3385.3036876355745,0.0,0.0,0
2498,3386.6594360086765,0.0,0.0,0
2499,3388.0151843817785,0.0,0.0,0
2500,3389.3709327548804,0.0,0.0,0
2501,3390.7266811279824,0.0,0.0,0
2502,3392.0824295010843,0.0,0.0,0
2503,3393.4381778741863,0.0,0.0,0
2504,3394.7939262472883,0.0,0.0,0
2505,3396.14967462039,0.0,0.0,0
2506,3397.505422993492,0.0,0.0,0
2507,3398.861171366594,0.0,0.0,0
2508,3400.216919739696,0.0,0.0,0
2509,3401.572668112798,0.0,0.0,0
2510,3402.9284164859,0.0,0.0,0
2511,3404.284164859002,0.0,0.0,0
2512,3405.639913232104,0.0,0.0,0
2513,3406.995661605206,0.0,0.0,0
2514,3408.351409978308,0.0,0.0,0
2515,3409.70715835141,0.0,0.0,0
2516,3411.062906724512,0.0,0.0,0
2517,3412.4186550976137,0.0,0.0,0
2518,3413.7744034707157,0.0,0.0,0
2519,3415.1301518438177,0.0,0.0,0
2520,3416.4859002169196,0.0,0.0,0
2521,3417.8416485900216,0.0,0.0,0
2522,3419.1973969631235,0.0,0.0,0
2523,3420.5531453362255,0.0,0.0,0
2524,3421.9088937093275,0.0,0.0,0
2525,3423.2646420824294,0.0,0.0,0
2526,3424.6203904555314,0.0,0.0,0
2527,3425.9761388286333,0.0,0.0,0
2528,3427.3318872017353,0.0,0.0,0
2529,3428.6876355748373,0.0,0.0,0
2530,3430.043383947939,0.0,0.0,0
2531,3431.399132321041,0.0,0.0,0
2532,3432.7548806941427,0.0,0.0,0
2533,3434.1106290672446,0.0,0.0,0
2534,3435.4663774403466,0.0,0.0,0
2535,3436.8221258134486,0.0,0.0,0
2536,3438.1778741865505,0.0,0.0,0
2537,3439.5336225596525,0.0,0.0,0
2538,3440.8893709327544,0.0,0.0,0
2539,3442.2451193058564,0.0,0.0,0
2540,3443.6008676789584,0.0,0.0,0
2541,3444.9566160520603,0.0,0.0,0
2542,3446.3123644251623,0.0,0.0,0
2543,3447.6681127982642,0.0,0.0,0
2544,3449.023861171366,0.0,0.0,0
2545,3450.379609544468,0.0,0.0,0
2546,3451.73535791757,0.0,0.0,0
2547,3453.091106290672,0.0,0.0,0
2548,3454.446854663774,0.0,0.0,0
2549,3455.802603036876,0.0,0.0,0
2550,3457.158351409978,0.0,0.0,0
2551,3458.51409978308,0.0,0.0,0
2552,3459.869848156182,0.0,0.0,0
2553,3461.225596529284,0.0,0.0,0
2554,3462.581344902386,0.0,0.0,0
2555,3463.9370932754878,0.0,0.0,0
2556,3465.2928416485897,0.0,0.0,0
2557,3466.6485900216917,0.0,0.0,0
2558,3468.0043383947936,0.0,0.0,0
2559,3469.3600867678956,0.0,0.0,0
2560,3470.7158351409976,0.0,0.0,0
2561,3472.0715835140995,0.0,0.0,0
2562,3473.4273318872015,0.0,0.0,0
2563,3474.7830802603034,0.0,0.0,0
2564,3476.1388286334054,0.0,0.0,0
2565,3477.4945770065074,0.0,0.0,0
2566,3478.8503253796093,0.0,0.0,0
2567,3480.2060737527113,0.0,0.0,0
2568,3481.5618221258133,0.0,0.0,0
2569,3482.917570498915,0.0,0.0,0
2570,3484.273318872017,0.0,0.0,0
2571,3485.629067245119,0.0,0.0,0
2572,3486.984815618221,0.0,0.0,0
2573,3488.340563991323,0.0,0.0,0
2574,3489.696312364425,0.0,0.0,0
2575,3491.052060737527,0.0,0.0,0
2576,3492.407809110629,0.0,0.0,0
2577,3493.763557483731,0.0,0.0,0
2578,3495.119305856833,0.0,0.0,0
2579,3496.475054229935,0.0,0.0,0
2580,3497.830802603037,0.0,0.0,0
2581,3499.1865509761387,0.0,0.0,0
2582,3500.5422993492407,0.0,0.0,0
2583,3501.8980477223427,0.0,0.0,0
2584,3503.2537960954446,0.0,0.0,0
2585,3504.6095444685466,0.0,0.0,0
2586,3505.9652928416485,0.0,0.0,0
2587,3507.3210412147505,0.0,0.0,0
2588,3508.6767895878525,0.0,0.0,0
2589,3510.032537960954,0.0,0.0,0
2590,3511.388286334056,0.0,0.0,0
2591,3512.744034707158,0.0,0.0,0
2592,3514.09978308026,0.0,0.0,0
2593,3515.455531453362,0.0,0.0,0
2594,3516.8112798264638,0.0,0.0,0
2595,3518.1670281995657,0.0,0.0,0
2596,3519.5227765726677,0.0,0.0,0
2597,3520.8785249457696,0.0,0.0,0
2598,3522.2342733188716,0.0,0.0,0
2599,3523.5900216919736,0.0,0.0,0
2600,3524.9457700650755,0.0,0.0,0
2601,3526.3015184381775,0.0,0.0,0
2602,3527.6572668112794,0.0,0.0,0
2603,3529.0130151843814,0.0,0.0,0
2604,3530.3687635574834,0.0,0.0,0
2605,3531.7245119305853,0.0,0.0,0
2606,3533.0802603036873,0.0,0.0,0
2607,3534.4360086767892,0.0,0.0,0
2608,3535.791757049891,0.0,0.0,0
2609,3537.147505422993,0.0,0.0,0
2610,3538.503253796095,0.0,0.0,0
2611,3539.859002169197,0.0,0.0,0
2612,3541.214750542299,0.0,0.0,0
2613,3542.570498915401,0.0,0.0,0
2614,3543.926247288503,0.0,0.0,0
2615,3545.281995661605,0.0,0.0,0
2616,3546.637744034707,0.0,0.0,0
2617,3547.993492407809,0.0,0.0,0
2618,3549.349240780911,0.0,0.0,0
2619,3550.7049891540128,0.0,0.0,0
2620,3552.0607375271147,0.0,0.0,0
2621,3553.4164859002167,0.0,0.0,0
2622,3554.7722342733186,0.0,0.0,0
2623,3556.1279826464206,0.0,0.0,0
2624,3557.4837310195226,0.0,0.0,0
2625,3558.8394793926245,0.0,0.0,0
2626,3560.1952277657265,0.0,0.0,0
2627,3561.5509761388284,0.0,0.0,0
2628,3562.9067245119304,0.0,0.0,0
2629,3564.2624728850324,0.0,0.0,0
2630,3565.6182212581343,0.0,0.0,0
2631,3566.9739696312363,0.0,0.0,0
2632,3568.3297180043382,0.0,0.0,0
2633,3569.68546637744,0.0,0.0,0
2634,3571.041214750542,0.0,0.0,0
2635,3572.396963123644,0.0,0.0,0
2636,3573.752711496746,0.0,0.0,0
2637,3575.108459869848,0.0,0.0,0
2638,3576.46420824295,0.0,0.0,0
2639,3577.819956616052,0.0,0.0,0
2640,3579.175704989154,0.0,0.0,0
2641,3580.531453362256,0.0,0.0,0
2642,3581.887201735358,0.0,0.0,0
2643,3583.24295010846,0.0,0.0,0
2644,3584.5986984815618,0.0,0.0,0
2645,3585.9544468546637,0.0,0.0,0
2646,3587.3101952277652,0.0,0.0,0
2647,3588.665943600867,0.0,0.0,0
2648,3590.021691973969,0.0,0.0,0
2649,3591.377440347071,0.0,0.0,0
2650,3592.733188720173,0.0,0.0,0
2651,3594.088937093275,0.0,0.0,0
2652,3595.444685466377,0.0,0.0,0
2653,3596.800433839479,0.0,0.0,0
2654,3598.156182212581,0.0,0.0,0
2655,3599.511930585683,0.0,0.0,0
2656,3600.867678958785,0.0,0.0,0
2657,3602.223427331887,0.0,0.0,0
2658,3603.5791757049888,0.0,0.0,0
2659,3604.9349240780907,0.0,0.0,0
2660,3606.2906724511927,0.0,0.0,0
2661,3607.6464208242946,0.0,0.0,0
2662,3609.0021691973966,0.0,0.0,0
2663,3610.3579175704986,0.0,0.0,0
2664,3611.7136659436005,0.0,0.0,0
2665,3613.0694143167025,0.0,0.0,0
2666,3614.4251626898044,0.0,0.0,0
2667,3615.7809110629064,0.0,0.0,0
2668,3617.1366594360084,0.0,0.0,0
2669,3618.4924078091103,0.0,0.0,0
2670,3619.8481561822123,0.0,0.0,0
2671,3621.2039045553142,0.0,0.0,0
2672,3622.559652928416,0.0,0.0,0
2673,3623.915401301518,0.0,0.0,0
2674,3625.27114967462,0.0,0.0,0
2675,3626.626898047722,0.0,0.0,0
2676,3627.982646420824,0.0,0.0,0
2677,3629.338394793926,0.0,0.0,0
2678,3630.694143167028,0.0,0.0,0
2679,3632.04989154013,0.0,0.0,0
2680,3633.405639913232,0.0,0.0,0
2681,3634.761388286334,0.0,0.0,0
2682,3636.117136659436,0.0,0.0,0
2683,3637.4728850325378,0.0,0.0,0
2684,3638.8286334056397,0.0,0.0,0
2685,3640.1843817787417,0.0,0.0,0
2686,3641.5401301518436,0.0,0.0,0
2687,3642.8958785249456,0.0,0.0,0
2688,3644.2516268980476,0.0,0.0,0
2689,3645.6073752711495,0.0,0.0,0
2690,3646.9631236442515,0.0,0.0,0
2691,3648.3188720173534,0.0,0.0,0
2692,3649.6746203904554,0.0,0.0,0
2693,3651.0303687635574,0.0,0.0,0
2694,3652.3861171366593,0.0,0.0,0
2695,3653.7418655097613,0.0,0.0,0
2696,3655.0976138828632,0.0,0.0,0
2697,3656.453362255965,0.0,0.0,0
2698,3657.809110629067,0.0,0.0,0
2699,3659.164859002169,0.0,0.0,0
2700,3660.520607375271,0.0,0.0,0
2701,3661.876355748373,0.0,0.0,0
2702,3663.232104121475,0.0,0.0,0
2703,3664.5878524945765,0.0,0.0,0
2704,3665.9436008676785,0.0,0.0,0
2705,3667.2993492407804,0.0,0.0,0
2706,3668.6550976138824,0.0,0.0,0
2707,3670.0108459869844,0.0,0.0,0
2708,3671.3665943600863,0.0,0.0,0
2709,3672.7223427331883,0.0,0.0,0
2710,3674.0780911062902,0.0,0.0,0
2711,3675.433839479392,0.0,0.0,0
2712,3676.789587852494,0.0,0.0,0
2713,3678.145336225596,0.0,0.0,0
2714,3679.501084598698,0.0,0.0,0
2715,3680.8568329718,0.0,0.0,0
2716,3682.212581344902,0.0,0.0,0
2717,3683.568329718004,0.0,0.0,0
2718,3684.924078091106,0.0,0.0,0
2719,3686.279826464208,0.0,0.0,0
2720,3687.63557483731,0.0,0.0,0
2721,3688.991323210412,0.0,0.0,0
2722,3690.3470715835138,0.0,0.0,0
2723,3691.7028199566157,0.0,0.0,0
2724,3693.0585683297177,0.0,0.0,0
2725,3694.4143167028196,0.0,0.0,0
2726,3695.7700650759216,0.0,0.0,0
2727,3697.1258134490236,0.0,0.0,0
2728,3698.4815618221255,0.0,0.0,0
2729,3699.8373101952275,0.0,0.0,0
2730,3701.1930585683294,0.0,0.0,0
2731,3702.5488069414314,0.0,0.0,0
2732,3703.9045553145334,0.0,0.0,0
2733,3705.2603036876353,0.0,0.0,0
2734,3706.6160520607373,0.0,0.0,0
2735,3707.9718004338392,0.0,0.0,0
2736,3709.327548806941,0.0,0.0,0
2737,3710.683297180043,0.0,0.0,0
2738,3712.039045553145,0.0,0.0,0
2739,3713.394793926247,0.0,0.0,0
2740,3714.750542299349,0.0,0.0,0
2741,3716.106290672451,0.0,0.0,0
2742,3717.462039045553,0.0,0.0,0
2743,3718.817787418655,0.0,0.0,0
2744,3720.173535791757,0.0,0.0,0
2745,3721.529284164859,0.0,0.0,0
2746,3722.885032537961,0.0,0.0,0
2747,3724.2407809110628,0.0,0.0,0
2748,3725.5965292841647,0.0,0.0,0
2749,3726.9522776572667,0.0,0.0,0
2750,3728.3080260303686,0.0,0.0,0
2751,3729.6637744034706,0.0,0.0,0
2752,3731.0195227765726,0.0,0.0,0
2753,3732.3752711496745,0.0,0.0,0
2754,3733.7310195227765,0.0,0.0,0
2755,3735.0867678958784,0.0,0.0,0
2756,3736.4425162689804,0.0,0.0,0
2757,3737.7982646420824,0.0,0.0,0
2758,3739.1540130151843,0.0,0.0,0
2759,3740.5097613882863,0.0,0.0,0
2760,3741.865509761388,0.0,0.0,0
2761,3743.2212581344897,0.0,0.0,0
2762,3744.5770065075917,0.0,0.0,0
2763,3745.9327548806937,0.0,0.0,0
2764,3747.2885032537956,0.0,0.0,0
2765,3748.6442516268976,0.0,0.0,0
2766,3749.9999999999995,0.0,0.0,0
2767,3751.3557483731015,0.0,0.0,0
2768,3752.7114967462035,0.0,0.0,0
2769,3754.0672451193054,0.0,0.0,0
2770,3755.4229934924074,0.0,0.0,0
2771,3756.7787418655093,0.0,0.0,0
2772,3758.1344902386113,0.0,0.0,0
2773,3759.4902386117133,0.0,0.0,0
2774,3760.845986984815,0.0,0.0,0
2775,3762.201735357917,0.0,0.0,0
2776,3763.557483731019,0.0,0.0,0
2777,3764.913232104121,0.0,0.0,0
2778,3766.268980477223,0.0,0.0,0
2779,3767.624728850325,0.0,0.0,0
2780,3768.980477223427,0.0,0.0,0
2781,3770.336225596529,0.0,0.0,0
2782,3771.691973969631,0.0,0.0,0
2783,3773.047722342733,0.0,0.0,0
2784,3774.403470715835,0.0,0.0,0
2785,3775.759219088937,0.0,0.0,0
2786,3777.1149674620387,0.0,0.0,0
2787,3778.4707158351407,0.0,0.0,0
2788,3779.8264642082427,0.0,0.0,0
2789,3781.1822125813446,0.0,0.0,0
2790,3782.5379609544466,0.0,0.0,0
2791,3783.8937093275485,0.0,0.0,0
2792,3785.2494577006505,0.0,0.0,0
2793,3786.6052060737525,0.0,0.0,0
2794,3787.9609544468544,0.0,0.0,0
2795,3789.3167028199564,0.0,0.0,0
2796,3790.6724511930584,0.0,0.0,0
2797,3792.0281995661603,0.0,0.0,0
2798,3793.3839479392623,0.0,0.0,0
2799,3794.7396963123642,0.0,0.0,0
2800,3796.095444685466,0.0,0.0,0
2801,3797.451193058568,0.0,0.0,0
2802,3798.80694143167,0.0,0.0,0
2803,3800.162689804772,0.0,0.0,0
2804,3801.518438177874,0.0,0.0,0
2805,3802.874186550976,0.0,0.0,0
2806,3804.229934924078,0.0,0.0,0
2807,3805.58568329718,0.0,0.0,0
2808,3806.941431670282,0.0,0.0,0
2809,3808.297180043384,0.0,0.0,0
2810,3809.652928416486,0.0,0.0,0
2811,3811.0086767895878,0.0,0.0,0
2812,3812.3644251626897,0.0,0.0,0
2813,3813.7201735357917,0.0,0.0,0
2814,3815.0759219088936,0.0,0.0,0
2815,3816.4316702819956,0.0,0.0,0
2816,3817.787418655097,0.0,0.0,0
2817,3819.143167028199,0.0,0.0,0
2818,3820.498915401301,0.0,0.0,0
2819,3821.854663774403,0.0,0.0,0
2820,3823.210412147505,0.0,0.0,0
2821,3824.566160520607,0.0,0.0,0
2822,3825.921908893709,0.0,0.0,0
2823,3827.277657266811,0.0,0.0,0
2824,3828.633405639913,0.0,0.0,0
2825,3829.9891540130147,0.0,0.0,0
2826,3831.3449023861167,0.0,0.0,0
2827,3832.7006507592187,0.0,0.0,0
2828,3834.0563991323206,0.0,0.0,0
2829,3835.4121475054226,0.0,0.0,0
2830,3836.7678958785245,0.0,0.0,0
2831,3838.1236442516265,0.0,0.0,0
2832,3839.4793926247285,0.0,0.0,0
2833,3840.8351409978304,0.0,0.0,0
2834,3842.1908893709324,0.0,0.0,0
2835,3843.5466377440343,0.0,0.0,0
2836,3844.9023861171363,0.0,0.0,0
2837,3846.2581344902383,0.0,0.0,0
2838,3847.61388286334,0.0,0.0,0
2839,3848.969631236442,0.0,0.0,0
2840,3850.325379609544,0.0,0.0,0
2841,3851.681127982646,0.0,0.0,0
2842,3853.036876355748,0.0,0.0,0
2843,3854.39262472885,0.0,0.0,0
2844,3855.748373101952,0.0,0.0,0
2845,3857.104121475054,0.0,0.0,0
2846,3858.459869848156,0.0,0.0,0
2847,3859.815618221258,0.0,0.0,0
2848,3861.17136659436,0.0,0.0,0
2849,3862.527114967462,0.0,0.0,0
2850,3863.8828633405637,0.0,0.0,0
2851,3865.2386117136657,0.0,0.0,0
2852,3866.5943600867677,0.0,0.0,0
2853,3867.9501084598696,0.0,0.0,0
2854,3869.3058568329716,0.0,0.0,0
2855,3870.6616052060735,0.0,0.0,0
2856,3872.0173535791755,0.0,0.0,0
2857,3873.3731019522775,0.0,0.0,0
2858,3874.7288503253794,0.0,0.0,0
2859,3876.0845986984814,0.0,0.0,0
2860,3877.4403470715833,0.0,0.0,0
2861,3878.7960954446853,0.0,0.0,0
2862,3880.1518438177873,0.0,0.0,0
2863,3881.507592190889,0.0,0.0,0
2864,3882.863340563991,0.0,0.0,0
2865,3884.219088937093,0.0,0.0,0
2866,3885.574837310195,0.0,0.0,0
2867,3886.930585683297,0.0,0.0,0
2868,3888.286334056399,0.0,0.0,0
2869,3889.642082429501,0.0,0.0,0
2870,3890.997830802603,0.0,0.0,0
2871,3892.353579175705,0.0,0.0,0
2872,3893.709327548807,0.0,0.0,0
2873,3895.0650759219084,0.0,0.0,0
2874,3896.4208242950103,0.0,0.0,0
2875,3897.7765726681123,0.0,0.0,0
2876,3899.1323210412143,0.0,0.0,0
2877,3900.488069414316,0.0,0.0,0
2878,3901.843817787418,0.0,0.0,0
2879,3903.19956616052,0.0,0.0,0
2880,3904.555314533622,0.0,0.0,0
2881,3905.911062906724,0.0,0.0,0
2882,3907.266811279826,0.0,0.0,0
2883,3908.622559652928,0.0,0.0,0
2884,3909.97830802603,0.0,0.0,0
2885,3911.334056399132,0.0,0.0,0
2886,3912.689804772234,0.0,0.0,0
2887,3914.045553145336,0.0,0.0,0
2888,3915.401301518438,0.0,0.0,0
2889,3916.7570498915397,0.0,0.0,0
2890,3918.1127982646417,0.0,0.0,0
2891,3919.4685466377437,0.0,0.0,0
2892,3920.8242950108456,0.0,0.0,0
2893,3922.1800433839476,0.0,0.0,0
2894,3923.5357917570495,0.0,0.0,0
2895,3924.8915401301515,0.0,0.0,0
2896,3926.2472885032535,0.0,0.0,0
2897,3927.6030368763554,0.0,0.0,0
2898,3928.9587852494574,0.0,0.0,0
2899,3930.3145336225593,0.0,0.0,0
2900,3931.6702819956613,0.0,0.0,0
2901,3933.0260303687633,0.0,0.0,0
2902,3934.381778741865,0.0,0.0,0
2903,3935.737527114967,0.0,0.0,0
2904,3937.093275488069,0.0,0.0,0
2905,3938.449023861171,0.0,0.0,0
2906,3939.804772234273,0.0,0.0,0
2907,3941.160520607375,0.0,0.0,0
2908,3942.516268980477,0.0,0.0,0
2909,3943.872017353579,0.0,0.0,0
2910,3945.227765726681,0.0,0.0,0
2911,3946.583514099783,0.0,0.0,0
2912,3947.939262472885,0.0,0.0,0
2913,3949.295010845987,0.0,0.0,0
2914,3950.6507592190887,0.0,0.0,0
2915,3952.0065075921907,0.0,0.0,0
2916,3953.3622559652927,0.0,0.0,0
2917,3954.7180043383946,0.0,0.0,0
2918,3956.0737527114966,0.0,0.0,0
2919,3957.4295010845985,0.0,0.0,0
2920,3958.7852494577005,0.0,0.0,0
2921,3960.1409978308025,0.0,0.0,0
2922,3961.4967462039044,0.0,0.0,0
2923,3962.8524945770064,0.0,0.0,0
2924,3964.2082429501083,0.0,0.0,0
2925,3965.5639913232103,0.0,0.0,0
2926,3966.9197396963123,0.0,0.0,0
2927,3968.275488069414,0.0,0.0,0
2928,3969.631236442516,0.0,0.0,0
2929,3970.986984815618,0.0,0.0,0
2930,3972.3427331887196,0.0,0.0,0
2931,3973.6984815618216,0.0,0.0,0
2932,3975.0542299349236,0.0,0.0,0
2933,3976.4099783080255,0.0,0.0,0
2934,3977.7657266811275,0.0,0.0,0
2935,3979.1214750542294,0.0,0.0,0
2936,3980.4772234273314,0.0,0.0,0
2937,3981.8329718004334,0.0,0.0,0
2938,3983.1887201735353,0.0,0.0,0
2939,3984.5444685466373,0.0,0.0,0
2940,3985.9002169197393,0.0,0.0,0
2941,3987.255965292841,0.0,0.0,0
2942,3988.611713665943,0.0,0.0,0
2943,3989.967462039045,0.0,0.0,0
2944,3991.323210412147,0.0,0.0,0
2945,3992.678958785249,0.0,0.0,0
2946,3994.034707158351,0.0,0.0,0
2947,3995.390455531453,0.0,0.0,0
2948,3996.746203904555,0.0,0.0,0
2949,3998.101952277657,0.0,0.0,0
2950,3999.457700650759,0.0,0.0,0
2951,4000.813449023861,0.0,0.0,0
2952,4002.1691973969628,0.0,0.0,0
2953,4003.5249457700647,0.0,0.0,0
2954,4004.8806941431667,0.0,0.0,0
2955,4006.2364425162687,0.0,0.0,0
2956,4007.5921908893706,0.0,0.0,0
2957,4008.9479392624726,0.0,0.0,0
2958,4010.3036876355745,0.0,0.0,0
2959,4011.6594360086765,0.0,0.0,0
2960,4013.0151843817785,0.0,0.0,0
2961,4014.3709327548804,0.0,0.0,0
2962,4015.7266811279824,0.0,0.0,0
2963,4017.0824295010843,0.0,0.0,0
2964,4018.4381778741863,0.0,0.0,0
2965,4019.7939262472883,0.0,0.0,0
2966,4021.14967462039,0.0,0.0,0
2967,4022.505422993492,0.0,0.0,0
2968,4023.861171366594,0.0,0.0,0
2969,4025.216919739696,0.0,0.0,0
2970,4026.572668112798,0.0,0.0,0
2971,4027.9284164859,0.0,0.0,0
2972,4029.284164859002,0.0,0.0,0
2973,4030.639913232104,0.0,0.0,0
2974,4031.995661605206,0.0,0.0,0
2975,4033.351409978308,0.0,0.0,0
2976,4034.70715835141,0.0,0.0,0
2977,4036.062906724512,0.0,0.0,0
2978,4037.4186550976137,0.0,0.0,0
2979,4038.7744034707157,0.0,0.0,0
2980,4040.1301518438177,0.0,0.0,0
2981,4041.4859002169196,0.0,0.0,0
2982,4042.8416485900216,0.0,0.0,0
2983,4044.1973969631235,0.0,0.0,0
2984,4045.5531453362255,0.0,0.0,0
2985,4046.9088937093275,0.0,0.0,0
2986,4048.2646420824294,0.0,0.0,0
2987,4049.620390455531,0.0,0.0,0
2988,4050.976138828633,0.0,0.0,0
2989,4052.331887201735,0.0,0.0,0
2990,4053.687635574837,0.0,0.0,0
2991,4055.0433839479388,0.0,0.0,0
2992,4056.3991323210407,0.0,0.0,0
2993,4057.7548806941427,0.0,0.0,0
2994,4059.1106290672446,0.0,0.0,0
2995,4060.4663774403466,0.0,0.0,0
2996,4061.8221258134486,0.0,0.0,0
2997,4063.1778741865505,0.0,0.0,0
2998,4064.5336225596525,0.0,0.0,0
2999,4065.8893709327544,0.0,0.0,0
3000,4067.2451193058564,0.0,0.0,0
3001,4068.6008676789584,0.0,0.0,0
3002,4069.9566160520603,0.0,0.0,0
3003,4071.3123644251623,0.0,0.0,0
3004,4072.6681127982642,0.0,0.0,0
3005,4074.023861171366,0.0,0.0,0
3006,4075.379609544468,0.0,0.0,0
3007,4076.73535791757,0.0,0.0,0
3008,4078.091106290672,0.0,0.0,0
3009,4079.446854663774,0.0,0.0,0
3010,4080.802603036876,0.0,0.0,0
3011,4082.158351409978,0.0,0.0,0
3012,4083.51409978308,0.0,0.0,0
3013,4084.869848156182,0.0,0.0,0
3014,4086.225596529284,0.0,0.0,0
3015,4087.581344902386,0.0,0.0,0
3016,4088.9370932754878,0.0,0.0,0
3017,4090.2928416485897,0.0,0.0,0
3018,4091.6485900216917,0.0,0.0,0
3019,4093.0043383947936,0.0,0.0,0
3020,4094.3600867678956,0.0,0.0,0
3021,4095.7158351409976,0.0,0.0,0
3022,4097.071583514099,0.0,0.0,0
3023,4098.427331887201,0.0,0.0,0
3024,4099.783080260303,0.0,0.0,0
3025,4101.138828633405,0.0,0.0,0
3026,4102.494577006507,0.0,0.0,0
3027,4103.850325379609,0.0,0.0,0
3028,4105.206073752711,0.0,0.0,0
3029,4106.561822125813,0.0,0.0,0
3030,4107.917570498915,0.0,0.0,0
3031,4109.273318872017,0.0,0.0,0
3032,4110.629067245119,0.0,0.0,0
3033,4111.984815618221,0.0,0.0,0
3034,4113.340563991323,0.0,0.0,0
3035,4114.696312364425,0.0,0.0,0
3036,4116.0520607375265,0.0,0.0,0
3037,4117.4078091106285,0.0,0.0,0
3038,4118.76355748373,0.0,0.0,0
3039,4120.119305856832,0.0,0.0,0
3040,4121.475054229934,0.0,0.0,0
3041,4122.830802603036,0.0,0.0,0
3042,4124.186550976138,0.0,0.0,0
3043,4125.54229934924,0.0,0.0,0
3044,4126.898047722342,0.0,0.0,0
3045,4128.253796095444,0.0,0.0,0
3046,4129.609544468546,0.0,0.0,0
3047,4130.965292841648,0.0,0.0,0
3048,4132.32104121475,0.0,0.0,0
3049,4133.676789587852,0.0,0.0,0
3050,4135.032537960954,0.0,0.0,0
3051,4136.388286334056,0.0,0.0,0
3052,4137.744034707158,0.0,0.0,0
3053,4139.09978308026,0.0,0.0,0
3054,4140.455531453362,0.0,0.0,0
3055,4141.811279826464,0.0,0.0,0
3056,4143.167028199566,0.0,0.0,0
3057,4144.522776572668,0.0,0.0,0
3058,4145.87852494577,0.0,0.0,0
3059,4147.234273318872,0.0,0.0,0
3060,4148.590021691974,0.0,0.0,0
3061,4149.9457700650755,0.0,0.0,0
3062,4151.3015184381775,0.0,0.0,0
3063,4152.657266811279,0.0,0.0,0
3064,4154.013015184381,0.0,0.0,0
3065,4155.368763557483,0.0,0.0,0
3066,4156.724511930585,0.0,0.0,0
3067,4158.080260303687,0.0,0.0,0
3068,4159.436008676789,0.0,0.0,0
3069,4160.791757049891,0.0,0.0,0
3070,4162.147505422993,0.0,0.0,0
3071,4163.503253796095,0.0,0.0,0
3072,4164.859002169197,0.0,0.0,0
3073,4166.214750542299,0.0,0.0,0
3074,4167.570498915401,0.0,0.0,0
3075,4168.926247288503,0.0,0.0,0
3076,4170.281995661605,0.0,0.0,0
3077,4171.637744034707,0.0,0.0,0
3078,4172.993492407809,0.0,0.0,0
3079,4174.349240780911,0.0,0.0,0
3080,4175.704989154013,0.0,0.0,0
3081,4177.060737527115,0.0,0.0,0
3082,4178.416485900217,0.0,0.0,0
3083,4179.772234273319,0.0,0.0,0
3084,4181.127982646421,0.0,0.0,0
3085,4182.483731019523,0.0,0.0,0
3086,4183.8394793926245,0.0,0.0,0
3087,4185.1952277657265,0.0,0.0,0
3088,4186.550976138828,0.0,0.0,0
3089,4187.90672451193,0.0,0.0,0
3090,4189.262472885032,0.0,0.0,0
3091,4190.618221258134,0.0,0.0,0
3092,4191.973969631236,0.0,0.0,0
3093,4193.329718004338,0.0,0.0,0
3094,4194.68546637744,0.0,0.0,0
3095,4196.041214750542,0.0,0.0,0
3096,4197.396963123644,0.0,0.0,0
3097,4198.752711496746,0.0,0.0,0
3098,4200.108459869848,0.0,0.0,0
3099,4201.46420824295,0.0,0.0,0
3100,4202.819956616052,0.0,0.0,0
3101,4204.175704989154,0.0,0.0,0
3102,4205.531453362256,0.0,0.0,0
3103,4206.887201735358,0.0,0.0,0
3104,4208.24295010846,0.0,0.0,0
3105,4209.598698481562,0.0,0.0,0
3106,4210.954446854664,0.0,0.0,0
3107,4212.310195227766,0.0,0.0,0
3108,4213.665943600868,0.0,0.0,0
3109,4215.02169197397,0.0,0.0,0
3110,4216.377440347072,0.0,0.0,0
3111,4217.7331887201735,0.0,0.0,0
3112,4219.0889370932755,0.0,0.0,0
3113,4220.444685466377,0.0,0.0,0
3114,4221.800433839479,0.0,0.0,0
3115,4223.156182212581,0.0,0.0,0
3116,4224.511930585683,0.0,0.0,0
3117,4225.867678958785,0.0,0.0,0
3118,4227.223427331887,0.0,0.0,0
3119,4228.579175704989,0.0,0.0,0
3120,4229.934924078091,0.0,0.0,0
3121,4231.290672451193,0.0,0.0,0
3122,4232.646420824295,0.0,0.0,0
3123,4234.002169197397,0.0,0.0,0
3124,4235.357917570499,0.0,0.0,0
3125,4236.713665943601,0.0,0.0,0
3126,4238.069414316703,0.0,0.0,0
3127,4239.425162689805,0.0,0.0,0
3128,4240.780911062907,0.0,0.0,0
3129,4242.136659436008,0.0,0.0,0
3130,4243.49240780911,0.0,0.0,0
3131,4244.848156182212,0.0,0.0,0
3132,4246.203904555314,0.0,0.0,0
3133,4247.559652928416,0.0,0.0,0
3134,4248.915401301518,0.0,0.0,0
3135,4250.27114967462,0.0,0.0,0
3136,4251.626898047722,0.0,0.0,0
3137,4252.982646420824,0.0,0.0,0
3138,4254.3383947939255,0.0,0.0,0
3139,4255.6941431670275,0.0,0.0,0
3140,4257.0498915401295,0.0,0.0,0
3141,4258.405639913231,0.0,0.0,0
3142,4259.761388286333,0.0,0.0,0
3143,4261.117136659435,0.0,0.0,0
3144,4262.472885032537,0.0,0.0,0
3145,4263.828633405639,0.0,0.0,0
3146,4265.184381778741,0.0,0.0,0
3147,4266.540130151843,0.0,0.0,0
3148,4267.895878524945,0.0,0.0,0
3149,4269.251626898047,0.0,0.0,0
3150,4270.607375271149,0.0,0.0,0
3151,4271.963123644251,0.0,0.0,0
3152,4273.318872017353,0.0,0.0,0
3153,4274.674620390455,0.0,0.0,0
3154,4276.030368763557,0.0,0.0,0
3155,4277.386117136659,0.0,0.0,0
3156,4278.741865509761,0.0,0.0,0
3157,4280.097613882863,0.0,0.0,0
3158,4281.453362255965,0.0,0.0,0
3159,4282.809110629067,0.0,0.0,0
3160,4284.164859002169,0.0,0.0,0
3161,4285.520607375271,0.0,0.0,0
3162,4286.876355748373,0.0,0.0,0
3163,4288.232104121475,0.0,0.0,0
3164,4289.5878524945765,0.0,0.0,0
3165,4290.9436008676785,0.0,0.0,0
3166,4292.29934924078,0.0,0.0,0
3167,4293.655097613882,0.0,0.0,0
3168,4295.010845986984,0.0,0.0,0
3169,4296.366594360086,0.0,0.0,0
3170,4297.722342733188,0.0,0.0,0
3171,4299.07809110629,0.0,0.0,0
3172,4300.433839479392,0.0,0.0,0
3173,4301.789587852494,0.0,0.0,0
3174,4303.145336225596,0.0,0.0,0
3175,4304.501084598698,0.0,0.0,0
3176,4305.8568329718,0.0,0.0,0
3177,4307.212581344902,0.0,0.0,0
3178,4308.568329718004,0.0,0.0,0
3179,4309.924078091106,0.0,0.0,0
3180,4311.279826464208,0.0,0.0,0
3181,4312.63557483731,0.0,0.0,0
3182,4313.991323210412,0.0,0.0,0
3183,4315.347071583514,0.0,0.0,0
3184,4316.702819956616,0.0,0.0,0
3185,4318.058568329718,0.0,0.0,0
3186,4319.41431670282,0.0,0.0,0
3187,4320.770065075922,0.0,0.0,0
3188,4322.125813449024,0.0,0.0,0
3189,4323.4815618221255,0.0,0.0,0
3190,4324.8373101952275,0.0,0.0,0
3191,4326.193058568329,0.0,0.0,0
3192,4327.548806941431,0.0,0.0,0
3193,4328.904555314533,0.0,0.0,0
3194,4330.260303687635,0.0,0.0,0
3195,4331.616052060737,0.0,0.0,0
3196,4332.971800433839,0.0,0.0,0
3197,4334.327548806941,0.0,0.0,0
3198,4335.683297180043,0.0,0.0,0
3199,4337.039045553145,0.0,0.0,0
3200,4338.394793926247,0.0,0.0,0
3201,4339.750542299349,0.0,0.0,0
3202,4341.106290672451,0.0,0.0,0
3203,4342.462039045553,0.0,0.0,0
3204,4343.817787418655,0.0,0.0,0
3205,4345.173535791757,0.0,0.0,0
3206,4346.529284164859,0.0,0.0,0
3207,4347.885032537961,0.0,0.0,0
3208,4349.240780911063,0.0,0.0,0
3209,4350.596529284165,0.0,0.0,0
3210,4351.952277657267,0.0,0.0,0
3211,4353.308026030369,0.0,0.0,0
3212,4354.663774403471,0.0,0.0,0
3213,4356.019522776573,0.0,0.0,0
3214,4357.3752711496745,0.0,0.0,0
3215,4358.7310195227765,0.0,0.0,0
3216,4360.086767895878,0.0,0.0,0
3217,4361.44251626898,0.0,0.0,0
3218,4362.798264642082,0.0,0.0,0
3219,4364.154013015184,0.0,0.0,0
3220,4365.509761388286,0.0,0.0,0
3221,4366.865509761388,0.0,0.0,0
3222,4368.22125813449,0.0,0.0,0
3223,4369.577006507592,0.0,0.0,0
3224,4370.932754880694,0.0,0.0,0
3225,4372.288503253796,0.0,0.0,0
3226,4373.644251626898,0.0,0.0,0
3227,4375.0,0.0,0.0,0
3228,4376.355748373102,0.0,0.0,0
3229,4377.711496746204,0.0,0.0,0
3230,4379.067245119306,0.0,0.0,0
3231,4380.422993492408,0.0,0.0,0
3232,4381.77874186551,0.0,0.0,0
3233,4383.134490238612,0.0,0.0,0
3234,4384.490238611714,0.0,0.0,0
3235,4385.845986984816,0.0,0.0,0
3236,4387.201735357918,0.0,0.0,0
3237,4388.55748373102,0.0,0.0,0
3238,4389.913232104122,0.0,0.0,0
3239,4391.2689804772235,0.0,0.0,0
3240,4392.6247288503255,0.0,0.0,0
3241,4393.980477223427,0.0,0.0,0
3242,4395.336225596529,0.0,0.0,0
3243,4396.69197396963,0.0,0.0,0
3244,4398.047722342732,0.0,0.0,0
3245,4399.403470715834,0.0,0.0,0
3246,4400.759219088936,0.0,0.0,0
3247,4402.114967462038,0.0,0.0,0
3248,4403.47071583514,0.0,0.0,0
3249,4404.826464208242,0.0,0.0,0
3250,4406.182212581344,0.0,0.0,0
3251,4407.537960954446,0.0,0.0,0
3252,4408.893709327548,0.0,0.0,0
3253,4410.24945770065,0.0,0.0,0
3254,4411.605206073752,0.0,0.0,0
3255,4412.960954446854,0.0,0.0,0
3256,4414.316702819956,0.0,0.0,0
3257,4415.672451193058,0.0,0.0,0
3258,4417.02819956616,0.0,0.0,0
3259,4418.383947939262,0.0,0.0,0
3260,4419.739696312364,0.0,0.0,0
3261,4421.095444685466,0.0,0.0,0
3262,4422.451193058568,0.0,0.0,0
3263,4423.80694143167,0.0,0.0,0
3264,4425.162689804772,0.0,0.0,0
3265,4426.518438177874,0.0,0.0,0
3266,4427.8741865509755,0.0,0.0,0
3267,4429.2299349240775,0.0,0.0,0
3268,4430.5856832971795,0.0,0.0,0
3269,4431.941431670281,0.0,0.0,0
3270,4433.297180043383,0.0,0.0,0
3271,4434.652928416485,0.0,0.0,0
3272,4436.008676789587,0.0,0.0,0
3273,4437.364425162689,0.0,0.0,0
3274,4438.720173535791,0.0,0.0,0
3275,4440.075921908893,0.0,0.0,0
3276,4441.431670281995,0.0,0.0,0
3277,4442.787418655097,0.0,0.0,0
3278,4444.143167028199,0.0,0.0,0
3279,4445.498915401301,0.0,0.0,0
3280,4446.854663774403,0.0,0.0,0
3281,4448.210412147505,0.0,0.0,0
3282,4449.566160520607,0.0,0.0,0
3283,4450.921908893709,0.0,0.0,0
3284,4452.277657266811,0.0,0.0,0
3285,4453.633405639913,0.0,0.0,0
3286,4454.989154013015,0.0,0.0,0
3287,4456.344902386117,0.0,0.0,0
3288,4457.700650759219,0.0,0.0,0
3289,4459.056399132321,0.0,0.0,0
3290,4460.412147505423,0.0,0.0,0
3291,4461.7678958785245,0.0,0.0,0
3292,4463.1236442516265,0.0,0.0,0
3293,4464.4793926247285,0.0,0.0,0
3294,4465.83514099783,0.0,0.0,0
3295,4467.190889370932,0.0,0.0,0
3296,4468.546637744034,0.0,0.0,0
3297,4469.902386117136,0.0,0.0,0
3298,4471.258134490238,0.0,0.0,0
3299,4472.61388286334,0.0,0.0,0
3300,4473.969631236442,0.0,0.0,0
3301,4475.325379609544,0.0,0.0,0
3302,4476.681127982646,0.0,0.0,0
3303,4478.036876355748,0.0,0.0,0
3304,4479.39262472885,0.0,0.0,0
3305,4480.748373101952,0.0,0.0,0
3306,4482.104121475054,0.0,0.0,0
3307,4483.459869848156,0.0,0.0,0
3308,4484.815618221258,0.0,0.0,0
3309,4486.17136659436,0.0,0.0,0
3310,4487.527114967462,0.0,0.0,0
3311,4488.882863340564,0.0,0.0,0
3312,4490.238611713666,0.0,0.0,0
3313,4491.594360086768,0.0,0.0,0
3314,4492.95010845987,0.0,0.0,0
3315,4494.305856832972,0.0,0.0,0
3316,4495.661605206074,0.0,0.0,0
3317,4497.0173535791755,0.0,0.0,0
3318,4498.3731019522775,0.0,0.0,0
3319,4499.728850325379,0.0,0.0,0
3320,4501.084598698481,0.0,0.0,0
3321,4502.440347071583,0.0,0.0,0
3322,4503.796095444685,0.0,0.0,0
3323,4505.151843817787,0.0,0.0,0
3324,4506.507592190889,0.0,0.0,0
3325,4507.863340563991,0.0,0.0,0
3326,4509.219088937093,0.0,0.0,0
3327,4510.574837310195,0.0,0.0,0
3328,4511.930585683297,0.0,0.0,0
3329,4513.286334056399,0.0,0.0,0
3330,4514.642082429501,0.0,0.0,0
3331,4515.997830802603,0.0,0.0,0
3332,4517.353579175705,0.0,0.0,0
3333,4518.709327548807,0.0,0.0,0
3334,4520.065075921909,0.0,0.0,0
3335,4521.420824295011,0.0,0.0,0
3336,4522.776572668113,0.0,0.0,0
3337,4524.132321041215,0.0,0.0,0
3338,4525.488069414317,0.0,0.0,0
3339,4526.843817787419,0.0,0.0,0
3340,4528.199566160521,0.0,0.0,0
3341,4529.555314533623,0.0,0.0,0
3342,4530.9110629067245,0.0,0.0,0
3343,4532.2668112798265,0.0,0.0,0
3344,4533.622559652928,0.0,0.0,0
3345,4534.97830802603,0.0,0.0,0
3346,4536.334056399132,0.0,0.0,0
3347,4537.689804772234,0.0,0.0,0
3348,4539.045553145336,0.0,0.0,0
3349,4540.401301518438,0.0,0.0,0
3350,4541.75704989154,0.0,0.0,0
3351,4543.112798264642,0.0,0.0,0
3352,4544.468546637744,0.0,0.0,0
3353,4545.824295010846,0.0,0.0,0
3354,4547.180043383948,0.0,0.0,0
3355,4548.53579175705,0.0,0.0,0
3356,4549.891540130152,0.0,0.0,0
3357,4551.247288503253,0.0,0.0,0
3358,4552.603036876355,0.0,0.0,0
3359,4553.958785249457,0.0,0.0,0
3360,4555.314533622559,0.0,0.0,0
3361,4556.670281995661,0.0,0.0,0
3362,4558.026030368763,0.0,0.0,0
3363,4559.381778741865,0.0,0.0,0
3364,4560.737527114967,0.0,0.0,0
3365,4562.093275488069,0.0,0.0,0
3366,4563.449023861171,0.0,0.0,0
3367,4564.804772234273,0.0,0.0,0
3368,4566.160520607375,0.0,0.0,0
3369,4567.5162689804765,0.0,0.0,0
3370,4568.8720173535785,0.0,0.0,0
3371,4570.22776572668,0.0,0.0,0
3372,4571.583514099782,0.0,0.0,0
3373,4572.939262472884,0.0,0.0,0
3374,4574.295010845986,0.0,0.0,0
3375,4575.650759219088,0.0,0.0,0
3376,4577.00650759219,0.0,0.0,0
3377,4578.362255965292,0.0,0.0,0
3378,4579.718004338394,0.0,0.0,0
3379,4581.073752711496,0.0,0.0,0
3380,4582.429501084598,0.0,0.0,0
3381,4583.7852494577,0.0,0.0,0
3382,4585.140997830802,0.0,0.0,0
3383,4586.496746203904,0.0,0.0,0
3384,4587.852494577006,0.0,0.0,0
3385,4589.208242950108,0.0,0.0,0
3386,4590.56399132321,0.0,0.0,0
3387,4591.919739696312,0.0,0.0,0
3388,4593.275488069414,0.0,0.0,0
3389,4594.631236442516,0.0,0.0,0
3390,4595.986984815618,0.0,0.0,0
3391,4597.34273318872,0.0,0.0,0
3392,4598.698481561822,0.0,0.0,0
3393,4600.054229934924,0.0,0.0,0
3394,4601.4099783080255,0.0,0.0,0
3395,4602.7657266811275,0.0,0.0,0
3396,4604.121475054229,0.0,0.0,0
3397,4605.477223427331,0.0,0.0,0
3398,4606.832971800433,0.0,0.0,0
3399,4608.188720173535,0.0,0.0,0
3400,4609.544468546637,0.0,0.0,0
3401,4610.900216919739,0.0,0.0,0
3402,4612.255965292841,0.0,0.0,0
3403,4613.611713665943,0.0,0.0,0
3404,4614.967462039045,0.0,0.0,0
3405,4616.323210412147,0.0,0.0,0
3406,4617.678958785249,0.0,0.0,0
3407,4619.034707158351,0.0,0.0,0
3408,4620.390455531453,0.0,0.0,0
3409,4621.746203904555,0.0,0.0,0
3410,4623.101952277657,0.0,0.0,0
3411,4624.457700650759,0.0,0.0,0
3412,4625.813449023861,0.0,0.0,0
3413,4627.169197396963,0.0,0.0,0
3414,4628.524945770065,0.0,0.0,0
3415,4629.880694143167,0.0,0.0,0
3416,4631.236442516269,0.0,0.0,0
3417,4632.592190889371,0.0,0.0,0
3418,4633.947939262473,0.0,0.0,0
3419,4635.3036876355745,0.0,0.0,0
3420,4636.6594360086765,0.0,0.0,0
3421,4638.015184381778,0.0,0.0,0
3422,4639.37093275488,0.0,0.0,0
3423,4640.726681127982,0.0,0.0,0
3424,4642.082429501084,0.0,0.0,0
3425,4643.438177874186,0.0,0.0,0
3426,4644.793926247288,0.0,0.0,0
3427,4646.14967462039,0.0,0.0,0
3428,4647.505422993492,0.0,0.0,0
3429,4648.861171366594,0.0,0.0,0
3430,4650.216919739696,0.0,0.0,0
3431,4651.572668112798,0.0,0.0,0
3432,4652.9284164859,0.0,0.0,0
3433,4654.284164859002,0.0,0.0,0
3434,4655.639913232104,0.0,0.0,0
3435,4656.995661605206,0.0,0.0,0
3436,4658.351409978308,0.0,0.0,0
3437,4659.70715835141,0.0,0.0,0
3438,4661.062906724512,0.0,0.0,0
3439,4662.418655097614,0.0,0.0,0
3440,4663.774403470716,0.0,0.0,0
3441,4665.130151843818,0.0,0.0,0
3442,4666.48590021692,0.0,0.0,0
3443,4667.841648590022,0.0,0.0,0
3444,4669.1973969631235,0.0,0.0,0
3445,4670.5531453362255,0.0,0.0,0
3446,4671.9088937093275,0.0,0.0,0
3447,4673.264642082429,0.0,0.0,0
3448,4674.620390455531,0.0,0.0,0
3449,4675.976138828633,0.0,0.0,0
3450,4677.331887201735,0.0,0.0,0
3451,4678.687635574837,0.0,0.0,0
3452,4680.043383947939,0.0,0.0,0
3453,4681.399132321041,0.0,0.0,0
3454,4682.754880694143,0.0,0.0,0
3455,4684.110629067245,0.0,0.0,0
3456,4685.466377440347,0.0,0.0,0
3457,4686.822125813449,0.0,0.0,0
3458,4688.177874186551,0.0,0.0,0
3459,4689.533622559653,0.0,0.0,0
3460,4690.889370932755,0.0,0.0,0
3461,4692.245119305857,0.0,0.0,0
3462,4693.600867678959,0.0,0.0,0
3463,4694.956616052061,0.0,0.0,0
3464,4696.312364425163,0.0,0.0,0
3465,4697.668112798265,0.0,0.0,0
3466,4699.023861171367,0.0,0.0,0
3467,4700.379609544469,0.0,0.0,0
3468,4701.735357917571,0.0,0.0,0
3469,4703.0911062906725,0.0,0.0,0
3470,4704.4468546637745,0.0,0.0,0
3471,4705.802603036876,0.0,0.0,0
3472,4707.1583514099775,0.0,0.0,0
3473,4708.5140997830795,0.0,0.0,0
3474,4709.869848156181,0.0,0.0,0
3475,4711.225596529283,0.0,0.0,0
3476,4712.581344902385,0.0,0.0,0
3477,4713.937093275487,0.0,0.0,0
3478,4715.292841648589,0.0,0.0,0
3479,4716.648590021691,0.0,0.0,0
3480,4718.004338394793,0.0,0.0,0
3481,4719.360086767895,0.0,0.0,0
3482,4720.715835140997,0.0,0.0,0
3483,4722.071583514099,0.0,0.0,0
3484,4723.427331887201,0.0,0.0,0
3485,4724.783080260303,0.0,0.0,0
3486,4726.138828633405,0.0,0.0,0
3487,4727.494577006507,0.0,0.0,0
3488,4728.850325379609,0.0,0.0,0
3489,4730.206073752711,0.0,0.0,0
3490,4731.561822125813,0.0,0.0,0
3491,4732.917570498915,0.0,0.0,0
3492,4734.273318872017,0.0,0.0,0
3493,4735.629067245119,0.0,0.0,0
3494,4736.984815618221,0.0,0.0,0
3495,4738.340563991323,0.0,0.0,0
3496,4739.696312364425,0.0,0.0,0
3497,4741.0520607375265,0.0,0.0,0
3498,4742.4078091106285,0.0,0.0,0
3499,4743.76355748373,0.0,0.0,0
3500,4745.119305856832,0.0,0.0,0
3501,4746.475054229934,0.0,0.0,0
3502,4747.830802603036,0.0,0.0,0
3503,4749.186550976138,0.0,0.0,0
3504,4750.54229934924,0.0,0.0,0
3505,4751.898047722342,0.0,0.0,0
3506,4753.253796095444,0.0,0.0,0
3507,4754.609544468546,0.0,0.0,0
3508,4755.965292841648,0.0,0.0,0
3509,4757.32104121475,0.0,0.0,0
3510,4758.676789587852,0.0,0.0,0
3511,4760.032537960954,0.0,0.0,0
3512,4761.388286334056,0.0,0.0,0
3513,4762.744034707158,0.0,0.0,0
3514,4764.09978308026,0.0,0.0,0
3515,4765.455531453362,0.0,0.0,0
3516,4766.811279826464,0.0,0.0,0
3517,4768.167028199566,0.0,0.0,0
3518,4769.522776572668,0.0,0.0,0
3519,4770.87852494577,0.0,0.0,0
3520,4772.234273318872,0.0,0.0,0
3521,4773.590021691974,0.0,0.0,0
3522,4774.9457700650755,0.0,0.0,0
3523,4776.3015184381775,0.0,0.0,0
3524,4777.657266811279,0.0,0.0,0
3525,4779.013015184381,0.0,0.0,0
3526,4780.368763557483,0.0,0.0,0
3527,4781.724511930585,0.0,0.0,0
3528,4783.080260303687,0.0,0.0,0
3529,4784.436008676789,0.0,0.0,0
3530,4785.791757049891,0.0,0.0,0
3531,4787.147505422993,0.0,0.0,0
3532,4788.503253796095,0.0,0.0,0
3533,4789.859002169197,0.0,0.0,0
3534,4791.214750542299,0.0,0.0,0
3535,4792.570498915401,0.0,0.0,0
3536,4793.926247288503,0.0,0.0,0
3537,4795.281995661605,0.0,0.0,0
3538,4796.637744034707,0.0,0.0,0
3539,4797.993492407809,0.0,0.0,0
3540,4799.349240780911,0.0,0.0,0
3541,4800.704989154013,0.0,0.0,0
3542,4802.060737527115,0.0,0.0,0
3543,4803.416485900217,0.0,0.0,0
3544,4804.772234273319,0.0,0.0,0
3545,4806.127982646421,0.0,0.0,0
3546,4807.483731019523,0.0,0.0,0
3547,4808.8394793926245,0.0,0.0,0
3548,4810.1952277657265,0.0,0.0,0
3549,4811.550976138828,0.0,0.0,0
3550,4812.90672451193,0.0,0.0,0
3551,4814.262472885032,0.0,0.0,0
3552,4815.618221258134,0.0,0.0,0
3553,4816.973969631236,0.0,0.0,0
3554,4818.329718004338,0.0,0.0,0
3555,4819.68546637744,0.0,0.0,0
3556,4821.041214750542,0.0,0.0,0
3557,4822.396963123644,0.0,0.0,0
3558,4823.752711496746,0.0,0.0,0
3559,4825.108459869848,0.0,0.0,0
3560,4826.46420824295,0.0,0.0,0
3561,4827.819956616052,0.0,0.0,0
3562,4829.175704989154,0.0,0.0,0
3563,4830.531453362256,0.0,0.0,0
3564,4831.887201735358,0.0,0.0,0
3565,4833.24295010846,0.0,0.0,0
3566,4834.598698481562,0.0,0.0,0
3567,4835.954446854664,0.0,0.0,0
3568,4837.310195227766,0.0,0.0,0
3569,4838.665943600868,0.0,0.0,0
3570,4840.02169197397,0.0,0.0,0
3571,4841.377440347072,0.0,0.0,0
3572,4842.7331887201735,0.0,0.0,0
3573,4844.0889370932755,0.0,0.0,0
3574,4845.444685466377,0.0,0.0,0
3575,4846.800433839479,0.0,0.0,0
3576,4848.156182212581,0.0,0.0,0
3577,4849.511930585683,0.0,0.0,0
3578,4850.867678958785,0.0,0.0,0
3579,4852.223427331887,0.0,0.0,0
3580,4853.579175704989,0.0,0.0,0
3581,4854.934924078091,0.0,0.0,0
3582,4856.290672451193,0.0,0.0,0
3583,4857.646420824295,0.0,0.0,0
3584,4859.002169197396,0.0,0.0,0
3585,4860.357917570498,0.0,0.0,0
3586,4861.7136659436,0.0,0.0,0
3587,4863.069414316702,0.0,0.0,0
3588,4864.425162689804,0.0,0.0,0
3589,4865.780911062906,0.0,0.0,0
3590,4867.136659436008,0.0,0.0,0
3591,4868.49240780911,0.0,0.0,0
3592,4869.848156182212,0.0,0.0,0
3593,4871.203904555314,0.0,0.0,0
3594,4872.559652928416,0.0,0.0,0
3595,4873.915401301518,0.0,0.0,0
3596,4875.27114967462,0.0,0.0,0
3597,4876.626898047722,0.0,0.0,0
3598,4877.982646420824,0.0,0.0,0
3599,4879.3383947939255,0.0,0.0,0
3600,4880.6941431670275,0.0,0.0,0
3601,4882.0498915401295,0.0,0.0,0
3602,4883.405639913231,0.0,0.0,0
3603,4884.761388286333,0.0,0.0,0
3604,4886.117136659435,0.0,0.0,0
3605,4887.472885032537,0.0,0.0,0
3606,4888.828633405639,0.0,0.0,0
3607,4890.184381778741,0.0,0.0,0
3608,4891.540130151843,0.0,0.0,0
3609,4892.895878524945,0.0,0.0,0
3610,4894.251626898047,0.0,0.0,0
3611,4895.607375271149,0.0,0.0,0
3612,4896.963123644251,0.0,0.0,0
3613,4898.318872017353,0.0,0.0,0
3614,4899.674620390455,0.0,0.0,0
3615,4901.030368763557,0.0,0.0,0
3616,4902.386117136659,0.0,0.0,0
3617,4903.741865509761,0.0,0.0,0
3618,4905.097613882863,0.0,0.0,0
3619,4906.453362255965,0.0,0.0,0
3620,4907.809110629067,0.0,0.0,0
3621,4909.164859002169,0.0,0.0,0
3622,4910.520607375271,0.0,0.0,0
3623,4911.876355748373,0.0,0.0,0
3624,4913.232104121475,0.0,0.0,0
3625,4914.5878524945765,0.0,0.0,0
3626,4915.9436008676785,0.0,0.0,0
3627,4917.29934924078,0.0,0.0,0
3628,4918.655097613882,0.0,0.0,0
3629,4920.010845986984,0.0,0.0,0
3630,4921.366594360086,0.0,0.0,0
3631,4922.722342733188,0.0,0.0,0
3632,4924.07809110629,0.0,0.0,0
3633,4925.433839479392,0.0,0.0,0
3634,4926.789587852494,0.0,0.0,0
3635,4928.145336225596,0.0,0.0,0
3636,4929.501084598698,0.0,0.0,0
3637,4930.8568329718,0.0,0.0,0
3638,4932.212581344902,0.0,0.0,0
3639,4933.568329718004,0.0,0.0,0
3640,4934.924078091106,0.0,0.0,0
3641,4936.279826464208,0.0,0.0,0
3642,4937.63557483731,0.0,0.0,0
3643,4938.991323210412,0.0,0.0,0
3644,4940.347071583514,0.0,0.0,0
3645,4941.702819956616,0.0,0.0,0
3646,4943.058568329718,0.0,0.0,0
3647,4944.41431670282,0.0,0.0,0
3648,4945.770065075922,0.0,0.0,0
3649,4947.125813449024,0.0,0.0,0
3650,4948.4815618221255,0.0,0.0,0
3651,4949.8373101952275,0.0,0.0,0
3652,4951.193058568329,0.0,0.0,0
3653,4952.548806941431,0.0,0.0,0
3654,4953.904555314533,0.0,0.0,0
3655,4955.260303687635,0.0,0.0,0
3656,4956.616052060737,0.0,0.0,0
3657,4957.971800433839,0.0,0.0,0
3658,4959.327548806941,0.0,0.0,0
3659,4960.683297180043,0.0,0.0,0
3660,4962.039045553145,0.0,0.0,0
3661,4963.394793926247,0.0,0.0,0
3662,4964.750542299349,0.0,0.0,0
3663,4966.106290672451,0.0,0.0,0
3664,4967.462039045553,0.0,0.0,0
3665,4968.817787418655,0.0,0.0,0
3666,4970.173535791757,0.0,0.0,0
3667,4971.529284164859,0.0,0.0,0
3668,4972.885032537961,0.0,0.0,0
3669,4974.240780911063,0.0,0.0,0
3670,4975.596529284165,0.0,0.0,0
3671,4976.952277657267,0.0,0.0,0
3672,4978.308026030369,0.0,0.0,0
3673,4979.663774403471,0.0,0.0,0
3674,4981.019522776573,0.0,0.0,0
3675,4982.3752711496745,0.0,0.0,0
3676,4983.7310195227765,0.0,0.0,0
3677,4985.086767895878,0.0,0.0,0
3678,4986.44251626898,0.0,0.0,0
3679,4987.798264642082,0.0,0.0,0
3680,4989.154013015184,0.0,0.0,0
3681,4990.509761388286,0.0,0.0,0
3682,4991.865509761388,0.0,0.0,0
3683,4993.22125813449,0.0,0.0,0
3684,4994.577006507592,0.0,0.0,0
3685,4995.932754880694,0.0,0.0,0
3686,4997.288503253796,0.0,0.0,0
3687,4998.644251626898,0.0,0.0,0
