,t,msd,var,lt
0,0.0,0.0,,5948
1,0.23908192540643927,0.27410821746957587,3904093.5335045103,0
2,0.47816385081287854,0.53890131096898,3904093.5335045103,0
3,0.7172457762193178,0.8205009726605116,3903778.4223934547,0
4,0.9563277016257571,1.1556182281940393,3903397.4501712504,1135
5,1.1954096270321963,1.5597607106193625,3902980.410171219,0
6,1.4344915524386357,2.036508142126611,3902439.734615663,0
7,1.6735734778450748,2.5820719356306623,3901616.2833684916,0
8,1.9126554032515142,3.198802103227002,3900903.861174612,1621
9,2.1517373286579535,3.881442844709579,3900186.9661128866,0
10,2.3908192540643927,4.633845376775235,3899092.9730264666,0
11,2.629901179470832,5.44910328487146,3897818.250381838,0
12,2.8689831048772714,6.341484522802601,3896703.5687932246,1360
13,3.1080650302837105,7.289564359302109,3895871.608240958,0
14,3.3471469556901496,8.297315101003042,3894703.9895958654,0
15,3.586228881096589,9.363669406822991,3892651.365015365,0
16,3.8253108065030283,10.478770274462224,3890342.029251477,462
17,4.064392731909468,11.646175736748386,3886834.506760129,0
18,4.303474657315907,12.866994584710492,3883653.2320367317,0
19,4.542556582722346,14.141028974403413,3882336.846618996,0
20,4.781638508128785,15.476007919508115,3880346.4417436495,703
21,5.0207204335352245,16.856855436512507,3877737.848455667,0
22,5.259802358941664,18.298838320764816,3874689.162111707,0
23,5.498884284348104,19.816307532930814,3871250.140661597,0
24,5.737966209754543,21.37247133117115,3866560.04022314,0
25,5.977048135160982,22.976743020714547,3861127.2449342506,465
26,6.216130060567421,24.62552368156406,3856816.959604073,0
27,6.45521198597386,26.34791415361797,3851902.7840048485,0
28,6.694293911380299,28.116850322531068,3847321.1406927905,0
29,6.933375836786739,29.942281852275233,3844214.539634769,268
30,7.172457762193178,31.807286002301375,3841036.9542100104,0
31,7.411539687599618,33.73687843814728,3834432.4120617844,0
32,7.650621613006057,35.73274715496415,3830237.6148616024,0
33,7.889703538412496,37.77544401218861,3826485.1322801067,407
34,8.128785463818936,39.86798791333555,3824708.760865425,0
35,8.367867389225374,42.00081176878715,3822818.3768021525,0
36,8.606949314631814,44.19388772849167,3819474.7693418353,0
37,8.846031240038252,46.4577410666433,3816864.9722113707,182
38,9.085113165444692,48.78288496754661,3810251.28858764,0
39,9.324195090851132,51.13824782770241,3807370.5081344834,0
40,9.56327701625757,53.569639926400335,3805619.8595792567,0
41,9.80235894166401,55.95862660645101,3804357.137449572,207
42,10.041440867070449,58.41735474531035,3802037.7665481674,0
43,10.280522792476889,60.90948311785604,3796748.665108276,0
44,10.519604717883327,63.42789784664512,3788896.785987777,0
45,10.758686643289767,66.03530084102424,3785464.062755454,0
46,10.997768568696207,68.68454333174799,3781480.5249851453,222
47,11.236850494102645,71.40801902461637,3776063.239612794,0
48,11.475932419509085,74.16955237050834,3772595.395744905,0
49,11.715014344915524,77.00002314245994,3767554.066567826,0
50,11.954096270321964,79.88363242113536,3765767.1349360063,96
51,12.193178195728402,82.77603285896402,3759140.8114874857,0
52,12.432260121134842,85.62137393183036,3755289.733652151,0
53,12.671342046541282,88.53476411286877,3754198.8464341853,0
54,12.91042397194772,91.49116182227385,3745502.147286189,144
55,13.14950589735416,94.56238588637272,3743059.968220561,0
56,13.388587822760599,97.6630054415493,3736518.6915971846,0
57,13.627669748167039,100.72300009576435,3735274.3009589347,0
58,13.866751673573479,103.95910542923765,3707275.4639019636,127
59,14.105833598979917,107.16651883832574,3703987.985975076,0
60,14.344915524386357,110.39609843517975,3691132.7831029766,0
61,14.583997449792795,113.72127511089377,3691027.8361998145,0
62,14.823079375199235,117.17457763054529,3690278.5855139,75
63,15.062161300605673,120.53288702292917,3689139.8565244814,0
64,15.301243226012113,123.72046186316138,3684685.696926021,0
65,15.540325151418553,126.94625294411854,3667795.386011635,0
66,15.779407076824992,130.38331149892952,3666819.336963434,155
67,16.01848900223143,133.6629976688812,3666048.704260414,0
68,16.25757092763787,137.15851187146876,3648679.3712896225,0
69,16.49665285304431,140.52828761602746,3637500.4028108707,0
70,16.735734778450748,144.20399994205243,3632715.746245323,0
71,16.97481670385719,147.70774253377598,3625696.9912733184,58
72,17.21389862926363,151.19061101217693,3625295.338363751,0
73,17.452980554670066,154.96949926769565,3617417.7048102156,0
74,17.692062480076505,158.2470908085778,3605760.647080832,0
75,17.931144405482947,161.75353706569828,3579049.9951467356,79
76,18.170226330889385,165.37309719094566,3579049.9951467356,0
77,18.409308256295823,168.99708389120704,3579049.9951467356,0
78,18.648390181702265,172.68841019685746,3578848.640289583,0
79,18.887472107108703,176.2468821183004,3578829.007680427,77
80,19.12655403251514,179.8890975684231,3578829.007680427,0
81,19.36563595792158,183.62930550880736,3572828.074231638,0
82,19.60471788332802,187.23660891264188,3572740.1634651446,0
83,19.84379980873446,190.6830684961881,3548727.1912654582,33
84,20.082881734140898,194.51828199857067,3548717.0356218196,0
85,20.32196365954734,198.32831769400755,3545520.5571518433,0
86,20.561045584953778,201.9199333136243,3537072.410687861,0
87,20.800127510360216,205.412471728719,3512357.125565038,81
88,21.039209435766654,209.06699930017888,3491151.2893345295,0
89,21.278291361173096,212.90957492556385,3491151.2893345295,0
90,21.517373286579534,216.89467545628173,3471894.763527369,0
91,21.756455211985973,221.08297730920094,3471144.7896135603,0
92,21.995537137392414,224.99018771331058,3462846.340990708,62
93,22.234619062798853,228.88805581541098,3462846.340990708,0
94,22.47370098820529,232.89930812801643,3457966.06964132,0
95,22.71278291361173,236.67179715692433,3457901.2688382594,0
96,22.95186483901817,240.840919950549,3439040.9338713945,47
97,23.19094676442461,244.98500445245222,3437439.105287503,0
98,23.430028689831047,248.99750628077314,3437362.84354957,0
99,23.66911061523749,252.98869843343508,3384570.7955725878,0
100,23.908192540643928,256.90687841121985,3380045.7167373262,69
101,24.147274466050366,261.2218571729096,3337884.213938934,0
102,24.386356391456804,265.63661264994903,3313877.005491925,0
103,24.625438316863246,269.11888589741835,3263847.6900173957,0
104,24.864520242269684,273.33834247553796,3263847.6900173957,25
105,25.103602167676122,277.69205369727996,3250712.6741395495,0
106,25.342684093082564,281.98841701624644,3249312.0304437517,0
107,25.581766018489002,285.50254271533026,3231302.0903546833,0
108,25.82084794389544,289.76968565573935,3221064.381557687,32
109,26.059929869301882,293.6397949769349,3220497.322072733,0
110,26.29901179470832,298.1714397365042,3191360.1520744376,0
111,26.53809372011476,302.37891555509106,3191360.1520744376,0
112,26.777175645521197,307.15616081371707,3126316.0346958726,60
113,27.01625757092764,311.5187000493791,3126316.0346958726,0
114,27.255339496334077,315.0153316784231,3125288.530415623,0
115,27.494421421740515,319.56879260718074,3100221.6737067094,0
116,27.733503347146957,323.932350035069,3100221.6737067094,0
117,27.972585272553395,328.42709531085103,3096570.167954197,34
118,28.211667197959834,332.9495424892658,3096517.902232149,0
119,28.450749123366272,337.29277321123186,3096483.565473487,0
120,28.689831048772714,341.653486324686,3093299.038447971,0
121,28.928912974179152,344.88719544649064,3085449.121938018,42
122,29.16799489958559,348.8852661910686,3085449.121938018,0
123,29.407076824992032,352.42716982663023,2992657.459882684,0
124,29.64615875039847,357.12500713022644,2970848.2833934845,0
125,29.88524067580491,361.15318445235835,2970303.192585809,32
126,30.124322601211347,365.33117094942247,2962934.4656711644,0
127,30.36340452661779,370.1413474137998,2937734.9619382774,0
128,30.602486452024227,373.2113688001029,2883333.6550913844,0
129,30.841568377430665,377.3227876682588,2883333.6550913844,22
130,31.080650302837107,381.3735043656354,2870436.85735257,0
131,31.319732228243545,385.405503535257,2870436.85735257,0
132,31.558814153649983,389.4913794693072,2870436.85735257,0
133,31.79789607905642,394.0318686305281,2868581.831131858,41
134,32.03697800446286,398.6195438286983,2868292.9208411505,0
135,32.276059929869305,402.50839085990356,2868292.9208411505,0
136,32.51514185527574,405.57082406721025,2867032.307881617,0
137,32.75422378068218,409.4271749449678,2867032.307881617,0
138,32.99330570608862,413.2450569899977,2867032.307881617,29
139,33.23238763149506,416.64747369123637,2859589.6286408426,0
140,33.471469556901496,419.27744431418523,2858578.126117692,0
141,33.710551482307935,423.0694991934212,2858010.3032588656,0
142,33.94963340771438,427.6286242669132,2825791.098688158,25
143,34.18871533312082,431.29162388335556,2825791.098688158,0
144,34.42779725852726,435.7570313892736,2741565.955545707,0
145,34.666879183933695,439.88773988406774,2717466.713614291,0
146,34.90596110934013,442.09355051053996,2583143.9895875948,58
147,35.14504303474657,446.2349420542943,2582263.1822396037,0
148,35.38412496015301,449.839270213792,2582263.1822396037,0
149,35.623206885559455,453.39212111346245,2582263.1822396037,0
150,35.86228881096589,456.94436933223415,2582263.1822396037,12
151,36.10137073637233,460.3838316352096,2582263.1822396037,0
152,36.34045266177877,464.1659766195811,2580384.3489890224,0
153,36.57953458718521,467.53252383553917,2580384.3489890224,0
154,36.818616512591646,469.3884445280888,2562445.984985015,22
155,37.057698437998084,472.62480927677757,2562445.984985015,0
156,37.29678036340453,476.07820818088544,2561728.382432413,0
157,37.53586228881097,478.9710537153615,2561728.382432413,0
158,37.774944214217406,482.0348556709461,2497872.858492421,28
159,38.014026139623844,485.07571552831047,2497872.858492421,0
160,38.25310806503028,487.9907671646802,2497872.858492421,0
161,38.49218999043672,491.92834856497973,2492197.6965450617,0
162,38.73127191584316,492.84309072355774,2489011.176731365,0
163,38.970353841249604,495.4209709867416,2484218.852584942,24
164,39.20943576665604,497.58862638306226,2484218.852584942,0
165,39.44851769206248,499.72447535080096,2484218.852584942,0
166,39.68759961746892,501.74382056375566,2484218.852584942,0
167,39.92668154287536,503.7407633743284,2484218.852584942,28
168,40.165763468281796,506.18538375452204,2388130.2177942204,0
169,40.404845393688234,508.6754043943306,2388130.2177942204,0
170,40.64392731909468,511.1438668551463,2388130.2177942204,0
171,40.88300924450112,513.6705466133736,2388130.2177942204,22
172,41.122091169907556,517.3177496704715,2304095.7900813366,0
173,41.361173095313994,519.9010918055882,2282200.1310366145,0
174,41.60025502072043,522.6003980276837,2282200.1310366145,0
175,41.83933694612687,525.2042693926638,2282200.1310366145,15
176,42.07841887153331,527.8740183843672,2282200.1310366145,0
177,42.317500796939754,530.4812623274162,2282200.1310366145,0
178,42.55658272234619,532.9753136508333,2282200.1310366145,0
179,42.79566464775263,538.1840338983051,2143348.7154730093,33
180,43.03474657315907,540.5019383169234,2143348.7154730093,0
181,43.27382849856551,542.8703034932981,2143348.7154730093,0
182,43.512910423971945,545.1971033852427,2143348.7154730093,0
183,43.75199234937838,547.6072721728856,2083056.73799626,0
184,43.99107427478483,549.9846017289287,2083056.73799626,10
185,44.23015620019127,552.3467385781843,2083056.73799626,0
186,44.469238125597705,554.7576201409231,2083056.73799626,0
187,44.708320051004144,557.0951197016482,2083056.73799626,0
188,44.94740197641058,559.2929058995612,2083056.73799626,8
189,45.18648390181702,561.3826738584428,2083056.73799626,0
190,45.42556582722346,563.5141056673066,2083056.73799626,0
191,45.664647752629904,565.6877353302026,2083056.73799626,0
192,45.90372967803634,567.9229581331504,2083056.73799626,30
193,46.14281160344278,570.253772612241,2075744.1578343392,0
194,46.38189352884922,572.3182336724024,2075744.1578343392,0
195,46.62097545425566,574.3259716462533,2075744.1578343392,0
196,46.860057379662095,576.3423035522067,2075744.1578343392,11
197,47.09913930506853,578.4266560730956,2075744.1578343392,0
198,47.33822123047498,580.3769533219074,2075744.1578343392,0
199,47.57730315588142,582.3171767837035,2075744.1578343392,0
200,47.816385081287855,584.1810479259798,2075744.1578343392,17
201,48.05546700669429,586.1370788890063,2075744.1578343392,0
202,48.29454893210073,588.117716493186,2075744.1578343392,0
203,48.53363085750717,590.0717635510961,2075744.1578343392,0
204,48.77271278291361,592.0943009202795,2075744.1578343392,16
205,49.01179470832005,594.181136543015,2075744.1578343392,0
206,49.25087663372649,596.1017318499828,2075744.1578343392,0
207,49.48995855913293,598.0968024273544,2075744.1578343392,0
208,49.72904048453937,597.80396884273,2071545.5454409474,0
209,49.968122409945806,599.0284905660377,2071545.5454409474,11
210,50.207204335352245,599.311065890113,2044856.8168539628,0
211,50.44628626075868,602.4162418324119,2036878.9029972465,0
212,50.68536818616513,601.3879345108477,1838175.1016437002,0
213,50.924450111571566,602.6984166051358,1838175.1016437002,24
214,51.163532036978005,604.5054033910938,1663103.4093453428,0
215,51.40261396238444,607.2212749834233,1593795.4594064595,0
216,51.64169588779088,609.9253171856978,1593795.4594064595,0
217,51.88077781319732,612.5852111989075,1593795.4594064595,12
218,52.119859738603765,615.3523469994058,1593795.4594064595,0
219,52.3589416640102,618.1712418300654,1593795.4594064595,0
220,52.59802358941664,621.0822099673203,1593795.4594064595,0
221,52.83710551482308,623.9071480444029,1581240.889238502,9
222,53.07618744022952,626.3317899610649,1581240.889238502,0
223,53.315269365635956,628.6048895057115,1581240.889238502,0
224,53.554351291042394,630.8458455205287,1581240.889238502,0
225,53.79343321644884,626.1153891027885,1565707.9983251484,13
226,54.03251514185528,628.1397467755295,1565707.9983251484,0
227,54.271597067261716,630.0956667867002,1565707.9983251484,0
228,54.510678992668154,632.2294483010595,1565707.9983251484,0
229,54.74976091807459,634.3312322333456,1565707.9983251484,0
230,54.98884284348103,636.3757370467946,1565707.9983251484,6
231,55.22792476888747,638.4219844605783,1565707.9983251484,0
232,55.467006694293914,640.4955374466434,1565707.9983251484,0
233,55.70608861970035,642.5994764397906,1552139.2265313175,0
234,55.94517054510679,644.4504504504505,1552139.2265313175,7
235,56.18425247051323,637.3331437239287,1156345.113004509,0
236,56.42333439591967,643.1869556802787,1126131.9336558373,0
237,56.662416321326106,645.6896686924133,1126131.9336558373,0
238,56.901498246732544,648.293545183714,1126131.9336558373,11
239,57.14058017213899,650.9541155162004,1126131.9336558373,0
240,57.37966209754543,653.5702631042219,1126131.9336558373,0
241,57.618744022951866,656.1957825098201,1126131.9336558373,0
242,57.857825948358304,658.9249633200587,1126131.9336558373,12
243,58.09690787376474,661.7035069075451,1126131.9336558373,0
244,58.33598979917118,664.5874110799741,1126131.9336558373,0
245,58.57507172457762,675.0810520665593,1124684.8614078567,0
246,58.814153649984064,678.400980659221,1124684.8614078567,9
247,59.0532355753905,681.6891592920354,1124684.8614078567,0
248,59.29231750079694,684.9609660207807,1124684.8614078567,0
249,59.53139942620338,688.2113519680547,1124684.8614078567,0
250,59.77048135160982,691.4456679223414,1124684.8614078567,4
251,60.009563277016255,694.6319199057715,1124684.8614078567,0
252,60.24864520242269,697.9335528284945,1124684.8614078567,0
253,60.48772712782914,701.546561168594,1124684.8614078567,0
254,60.72680905323558,705.1745589600743,1124684.8614078567,0
255,60.965890978642015,708.7695214105794,1124684.8614078567,5
256,61.204972904048454,712.495994873438,1124684.8614078567,0
257,61.44405482945489,716.0909980430529,1124684.8614078567,0
258,61.68313675486133,719.793756227167,1124684.8614078567,0
259,61.92221868026777,723.7060216508796,1124684.8614078567,14
260,62.161300605674214,727.6394346776973,1124684.8614078567,0
261,62.40038253108065,731.7276879831343,1124684.8614078567,0
262,62.63946445648709,735.9792189179506,1124684.8614078567,0
263,62.87854638189353,740.3307748538011,1124684.8614078567,5
264,63.11762830729997,744.6150690041029,1124684.8614078567,0
265,63.356710232706405,749.0799695354151,1104086.4119939632,0
266,63.59579215811284,751.1983727237505,1104086.4119939632,0
267,63.83487408351929,753.2870662460568,1104086.4119939632,9
268,64.07395600892572,755.3412284223203,1104086.4119939632,0
269,64.31303793433216,757.4116925592805,1104086.4119939632,0
270,64.55211985973861,725.2630605640314,891422.362595968,0
271,64.79120178514505,727.9026798307475,891422.362595968,3
272,65.03028371055149,730.3955045432807,891422.362595968,0
273,65.26936563595793,732.7148418491485,891422.362595968,0
274,65.50844756136436,734.74294205052,891422.362595968,0
275,65.7475294867708,736.8825012607161,891422.362595968,0
276,65.98661141217724,738.9553158705701,891422.362595968,4
277,66.22569333758368,741.0272108843537,891422.362595968,0
278,66.46477526299012,743.1093333333333,891422.362595968,0
279,66.70385718839655,745.247417074497,891422.362595968,0
280,66.94293911380299,747.1719356627842,891422.362595968,9
281,67.18202103920943,748.8754951895869,891422.362595968,0
282,67.42110296461587,750.582322357019,891422.362595968,0
283,67.66018489002231,752.2324483775811,891422.362595968,0
284,67.89926681542876,753.3634719710669,891422.362595968,12
285,68.1383487408352,754.6580406654343,891422.362595968,0
286,68.37743066624164,756.2640201638311,891422.362595968,0
287,68.61651259164807,757.3417150225661,891422.362595968,0
288,68.85559451705451,758.337293729373,891422.362595968,2
289,69.09467644246095,759.3495605138608,891422.362595968,0
290,69.33375836786739,760.4158004158004,891422.362595968,0
291,69.57284029327383,761.6147832267235,891422.362595968,0
292,69.81192221868027,762.3326039387308,891422.362595968,7
293,70.0510041440867,762.8756554307116,891422.362595968,0
294,70.29008606949314,762.5373364126251,891422.362595968,0
295,70.52916799489958,762.3562945368171,891422.362595968,0
296,70.76824992030602,762.0040749796251,891422.362595968,4
297,71.00733184571246,761.5818639798489,887903.8995886,0
298,71.24641377111891,755.9062768701634,768762.9797217731,0
299,71.48549569652535,751.9106830122591,768762.9797217731,0
300,71.72457762193179,747.3193577163247,768762.9797217731,0
301,71.96365954733822,742.2954545454545,768762.9797217731,10
302,72.20274147274466,737.3836886005561,768762.9797217731,0
303,72.4418233981511,732.2551984877126,768762.9797217731,0
304,72.68090532355754,726.9508196721312,768762.9797217731,0
305,72.91998724896398,721.3612204724409,768762.9797217731,10
306,73.15906917437042,715.3447236180905,768762.9797217731,0
307,73.39815109977685,708.8090349075975,768762.9797217731,0
308,73.63723302518329,701.8509968520461,768762.9797217731,0
309,73.87631495058973,694.6523605150214,768762.9797217731,1
310,74.11539687599617,687.4599341383096,768762.9797217731,0
311,74.3544788014026,680.270786516854,690595.7559563977,0
312,74.59356072680906,674.8377142857142,690595.7559563977,0
313,74.8326426522155,669.1860465116279,690595.7559563977,8
314,75.07172457762194,663.3195266272189,690595.7559563977,0
315,75.31080650302837,657.2469879518072,690595.7559563977,0
316,75.54988842843481,650.9067484662577,690595.7559563977,0
317,75.78897035384125,643.9925,690595.7559563977,8
318,76.02805227924769,636.9070063694268,690595.7559563977,0
319,76.26713420465413,629.5415584415584,690595.7559563977,0
320,76.50621613006057,622.0384105960264,690595.7559563977,0
321,76.745298055467,613.8743243243243,690595.7559563977,0
322,76.98437998087344,605.2455172413793,690595.7559563977,2
323,77.22346190627988,596.3422535211267,690595.7559563977,0
324,77.46254383168632,586.5827338129496,690595.7559563977,0
325,77.70162575709276,576.1808823529411,690595.7559563977,0
326,77.94070768249921,564.412030075188,690595.7559563977,10
327,78.17978960790565,552.4584615384615,690595.7559563977,0
328,78.41887153331209,540.0,690595.7559563977,0
329,78.65795345871852,526.4709677419355,690595.7559563977,0
330,78.89703538412496,511.57190082644627,690595.7559563977,5
331,79.1361173095314,464.5982456140351,395290.90776315675,0
332,79.37519923493784,460.00892857142856,395290.90776315675,0
333,79.61428116034428,455.62,395290.90776315675,0
334,79.85336308575071,450.57037037037037,395290.90776315675,4
335,80.09244501115715,445.3943396226415,395290.90776315675,0
336,80.33152693656359,440.1673076923077,395290.90776315675,0
337,80.57060886197003,434.30980392156863,395290.90776315675,0
338,80.80969078737647,428.156,395290.90776315675,6
339,81.0487727127829,420.9510204081633,395290.90776315675,0
340,81.28785463818936,413.84791666666666,395290.90776315675,0
341,81.5269365635958,405.8510638297872,395290.90776315675,0
342,81.76601848900224,397.66521739130434,395290.90776315675,2
343,82.00510041440867,404.47474747474746,297568.67804768943,0
344,82.24418233981511,394.6185567010309,297568.67804768943,0
345,82.48326426522155,384.2842105263158,297568.67804768943,0
346,82.72234619062799,372.27598566308245,297568.67804768943,0
347,82.96142811603443,359.4432234432234,297568.67804768943,1
348,83.20051004144086,346.39700374531833,297568.67804768943,0
349,83.4395919668473,331.8888888888889,297568.67804768943,0
350,83.67867389225374,317.03921568627453,297568.67804768943,0
351,83.91775581766018,300.5502008032129,138730.10809448376,6
352,84.15683774306662,299.7764227642276,138730.10809448376,0
353,84.39591966847307,298.9670781893004,138730.10809448376,0
354,84.63500159387951,298.25416666666666,138730.10809448376,0
355,84.87408351928595,297.52320675105483,138730.10809448376,2
356,85.11316544469238,296.7393162393162,138730.10809448376,0
357,85.35224737009882,295.9177489177489,138730.10809448376,0
358,85.59132929550526,295.1842105263158,138730.10809448376,0
359,85.8304112209117,294.43555555555554,138730.10809448376,2
360,86.06949314631814,293.6666666666667,23214.619326634107,0
361,86.30857507172458,292.0,23214.619326634107,0
362,86.54765699713101,290.302752293578,23214.619326634107,0
363,86.78673892253745,288.5740740740741,23214.619326634107,6
364,87.02582084794389,286.7943925233645,23214.619326634107,0
365,87.26490277335033,284.87735849056605,23214.619326634107,0
366,87.50398469875677,282.9047619047619,23214.619326634107,0
367,87.74306662416322,280.875,23214.619326634107,0
368,87.98214854956966,279.0873786407767,23214.619326634107,5
369,88.2212304749761,277.22549019607845,23214.619326634107,0
370,88.46031240038253,275.28712871287127,23214.619326634107,0
371,88.69939432578897,273.33,23214.619326634107,0
372,88.93847625119541,271.3131313131313,23214.619326634107,6
373,89.17755817660185,269.234693877551,23214.619326634107,0
374,89.41664010200829,267.11340206185565,23214.619326634107,0
375,89.65572202741473,264.9479166666667,23214.619326634107,0
376,89.89480395282116,263.18947368421055,23214.619326634107,4
377,90.1338858782276,261.3936170212766,23214.619326634107,0
378,90.37296780363404,259.55913978494624,23214.619326634107,0
379,90.61204972904048,257.9347826086956,23214.619326634107,0
380,90.85113165444692,256.2307692307692,23214.619326634107,8
381,91.09021357985337,254.51111111111112,23214.619326634107,0
382,91.32929550525981,252.73033707865167,23214.619326634107,0
383,91.56837743066625,250.88636363636363,23214.619326634107,0
384,91.80745935607268,249.02298850574712,23214.619326634107,3
385,92.04654128147912,247.11627906976744,23214.619326634107,0
386,92.28562320688556,245.38823529411764,23214.619326634107,0
387,92.524705132292,243.61904761904762,23214.619326634107,0
388,92.76378705769844,241.80722891566265,23214.619326634107,2
389,93.00286898310488,239.9512195121951,23214.619326634107,0
390,93.24195090851131,238.02469135802468,23214.619326634107,0
391,93.48103283391775,236.075,23214.619326634107,0
392,93.72011475932419,234.34177215189874,23214.619326634107,0
393,93.95919668473063,232.56410256410257,23214.619326634107,4
394,94.19827861013707,230.93506493506493,23214.619326634107,0
395,94.43736053554352,229.26315789473685,23214.619326634107,0
396,94.67644246094996,227.52,23214.619326634107,0
397,94.9155243863564,225.7027027027027,23214.619326634107,0
398,95.15460631176283,224.0958904109589,23214.619326634107,0
399,95.39368823716927,222.44444444444446,23214.619326634107,0
400,95.63277016257571,220.56338028169014,23214.619326634107,0
401,95.87185208798215,218.6,23214.619326634107,1
402,96.11093401338859,217.44927536231884,23214.619326634107,0
403,96.35001593879502,216.23529411764707,23214.619326634107,0
404,96.58909786420146,214.98507462686567,23214.619326634107,0
405,96.8281797896079,213.72727272727272,23214.619326634107,5
406,97.06726171501434,212.36923076923077,23214.619326634107,0
407,97.30634364042078,211.234375,23214.619326634107,0
408,97.54542556582722,210.03174603174602,23214.619326634107,0
409,97.78450749123367,208.79032258064515,23214.619326634107,2
410,98.0235894166401,207.40983606557376,23214.619326634107,0
411,98.26267134204654,205.95,23214.619326634107,0
412,98.50175326745298,204.5084745762712,23214.619326634107,0
413,98.74083519285942,202.79310344827587,23214.619326634107,0
414,98.97991711826586,201.10526315789474,23214.619326634107,1
415,99.2189990436723,199.35714285714286,23214.619326634107,0
416,99.45808096907874,197.5818181818182,23214.619326634107,0
417,99.69716289448517,195.87037037037038,23214.619326634107,0
418,99.93624481989161,194.79245283018867,23214.619326634107,7
419,100.17532674529805,193.67307692307693,23214.619326634107,0
420,100.41440867070449,192.54901960784315,23214.619326634107,0
421,100.65349059611093,191.48,23214.619326634107,0
422,100.89257252151737,190.3673469387755,23214.619326634107,5
423,101.13165444692382,189.58333333333334,23214.619326634107,0
424,101.37073637233026,188.87234042553192,23214.619326634107,0
425,101.6098182977367,188.1304347826087,23214.619326634107,0
426,101.84890022314313,187.3111111111111,23214.619326634107,7
427,102.08798214854957,186.52272727272728,23214.619326634107,0
428,102.32706407395601,185.74418604651163,23214.619326634107,0
429,102.56614599936245,185.76190476190476,23214.619326634107,0
430,102.80522792476889,185.7560975609756,23214.619326634107,0
431,103.04430985017532,185.7,23214.619326634107,0
432,103.28339177558176,185.69230769230768,23214.619326634107,0
433,103.5224737009882,185.68421052631578,23214.619326634107,0
434,103.76155562639464,185.64864864864865,23214.619326634107,3
435,104.00063755180108,186.58333333333334,23214.619326634107,0
436,104.23971947720753,187.02857142857144,23214.619326634107,0
437,104.47880140261397,187.35294117647058,23214.619326634107,0
438,104.7178833280204,187.63636363636363,23214.619326634107,0
439,104.95696525342684,187.9375,23214.619326634107,4
440,105.19604717883328,187.41935483870967,23214.619326634107,0
441,105.43512910423972,186.86666666666667,23214.619326634107,0
442,105.67421102964616,188.13793103448276,23214.619326634107,0
443,105.9132929550526,189.25,23214.619326634107,3
444,106.15237488045904,190.44444444444446,23214.619326634107,0
445,106.39145680586547,191.80769230769232,23214.619326634107,0
446,106.63053873127191,193.12,23214.619326634107,0
447,106.86962065667835,194.16666666666666,23214.619326634107,6
448,107.10870258208479,195.3913043478261,23214.619326634107,0
449,107.34778450749123,196.72727272727272,23214.619326634107,0
450,107.58686643289768,199.04761904761904,23214.619326634107,0
451,107.82594835830412,200.55,23214.619326634107,3
452,108.06503028371056,202.31578947368422,23214.619326634107,0
453,108.304112209117,203.55555555555554,23214.619326634107,0
454,108.54319413452343,204.8235294117647,23214.619326634107,0
455,108.78227605992987,206.25,23214.619326634107,4
456,109.02135798533631,208.0,23214.619326634107,0
457,109.26043991074275,208.92857142857142,23214.619326634107,0
458,109.49952183614919,212.07692307692307,23214.619326634107,0
459,109.73860376155562,215.58333333333334,23214.619326634107,0
460,109.97768568696206,217.63636363636363,23214.619326634107,6
461,110.2167676123685,218.6,23214.619326634107,0
462,110.45584953777494,219.77777777777777,23214.619326634107,0
463,110.69493146318138,221.25,23214.619326634107,0
464,110.93401338858783,225.28571428571428,23214.619326634107,2
465,111.17309531399427,230.66666666666666,23214.619326634107,0
466,111.4121772394007,234.8,23214.619326634107,0
467,111.65125916480714,237.25,23214.619326634107,0
468,111.89034109021358,233.0,23214.619326634107,2
469,112.12942301562002,233.0,23214.619326634107,0
470,112.36850494102646,233.0,23214.619326634107,0
471,112.6075868664329,0.0,0.0,0
472,112.84666879183933,0.0,0.0,4
473,113.08575071724577,0.0,0.0,0
474,113.32483264265221,0.0,0.0,0
475,113.56391456805865,0.0,0.0,0
476,113.80299649346509,0.0,0.0,2
477,114.04207841887153,0.0,0.0,0
478,114.28116034427798,0.0,0.0,0
479,114.52024226968442,0.0,0.0,0
480,114.75932419509085,0.0,0.0,0
481,114.9984061204973,0.0,0.0,6
482,115.23748804590373,0.0,0.0,0
483,115.47656997131017,0.0,0.0,0
484,115.71565189671661,0.0,0.0,0
485,115.95473382212305,0.0,0.0,5
486,116.19381574752948,0.0,0.0,0
487,116.43289767293592,0.0,0.0,0
488,116.67197959834236,0.0,0.0,0
489,116.9110615237488,0.0,0.0,2
490,117.15014344915524,0.0,0.0,0
491,117.38922537456168,0.0,0.0,0
492,117.62830729996813,0.0,0.0,0
493,117.86738922537457,0.0,0.0,2
494,118.106471150781,0.0,0.0,0
495,118.34555307618744,0.0,0.0,0
496,118.58463500159388,0.0,0.0,0
497,118.82371692700032,0.0,0.0,0
498,119.06279885240676,0.0,0.0,0
499,119.3018807778132,0.0,0.0,0
500,119.54096270321963,0.0,0.0,0
501,119.78004462862607,0.0,0.0,0
502,120.01912655403251,0.0,0.0,0
503,120.25820847943895,0.0,0.0,0
504,120.49729040484539,0.0,0.0,0
505,120.73637233025183,0.0,0.0,0
506,120.97545425565828,0.0,0.0,0
507,121.21453618106472,0.0,0.0,0
508,121.45361810647115,0.0,0.0,0
509,121.69270003187759,0.0,0.0,0
510,121.93178195728403,0.0,0.0,1
511,122.17086388269047,0.0,0.0,0
512,122.40994580809691,0.0,0.0,0
513,122.64902773350335,0.0,0.0,0
514,122.88810965890978,0.0,0.0,0
515,123.12719158431622,0.0,0.0,0
516,123.36627350972266,0.0,0.0,0
517,123.6053554351291,0.0,0.0,0
518,123.84443736053554,0.0,0.0,1
519,124.08351928594199,0.0,0.0,0
520,124.32260121134843,0.0,0.0,0
521,124.56168313675487,0.0,0.0,0
522,124.8007650621613,0.0,0.0,0
523,125.03984698756774,0.0,0.0,0
524,125.27892891297418,0.0,0.0,0
525,125.51801083838062,0.0,0.0,0
526,125.75709276378706,0.0,0.0,0
527,125.9961746891935,0.0,0.0,0
528,126.23525661459993,0.0,0.0,0
529,126.47433854000637,0.0,0.0,0
530,126.71342046541281,0.0,0.0,0
531,126.95250239081925,0.0,0.0,2
532,127.19158431622569,0.0,0.0,0
533,127.43066624163214,0.0,0.0,0
534,127.66974816703858,0.0,0.0,0
535,127.90883009244502,0.0,0.0,1
536,128.14791201785144,0.0,0.0,0
537,128.3869939432579,0.0,0.0,0
538,128.62607586866432,0.0,0.0,0
539,128.86515779407077,0.0,0.0,1
540,129.10423971947722,0.0,0.0,0
541,129.34332164488364,0.0,0.0,0
542,129.5824035702901,0.0,0.0,0
543,129.82148549569652,0.0,0.0,2
544,130.06056742110297,0.0,0.0,0
545,130.2996493465094,0.0,0.0,0
546,130.53873127191585,0.0,0.0,0
547,130.77781319732227,0.0,0.0,2
548,131.01689512272873,0.0,0.0,0
549,131.25597704813515,0.0,0.0,0
550,131.4950589735416,0.0,0.0,0
551,131.73414089894803,0.0,0.0,0
552,131.97322282435448,0.0,0.0,1
553,132.2123047497609,0.0,0.0,0
554,132.45138667516736,0.0,0.0,0
555,132.6904686005738,0.0,0.0,0
556,132.92955052598023,0.0,0.0,1
557,133.16863245138669,0.0,0.0,0
558,133.4077143767931,0.0,0.0,0
559,133.64679630219956,0.0,0.0,0
560,133.88587822760599,0.0,0.0,2
561,134.12496015301244,0.0,0.0,0
562,134.36404207841886,0.0,0.0,0
563,134.60312400382531,0.0,0.0,0
564,134.84220592923174,0.0,0.0,1
565,135.0812878546382,0.0,0.0,0
566,135.32036978004462,0.0,0.0,0
567,135.55945170545107,0.0,0.0,0
568,135.79853363085752,0.0,0.0,1
569,136.03761555626394,0.0,0.0,0
570,136.2766974816704,0.0,0.0,0
571,136.51577940707682,0.0,0.0,0
572,136.75486133248327,0.0,0.0,0
573,136.9939432578897,0.0,0.0,1
574,137.23302518329615,0.0,0.0,0
575,137.47210710870257,0.0,0.0,0
576,137.71118903410903,0.0,0.0,0
577,137.95027095951545,0.0,0.0,1
578,138.1893528849219,0.0,0.0,0
579,138.42843481032833,0.0,0.0,0
580,138.66751673573478,0.0,0.0,0
581,138.9065986611412,0.0,0.0,2
582,139.14568058654766,0.0,0.0,0
583,139.3847625119541,0.0,0.0,0
584,139.62384443736053,0.0,0.0,0
585,139.86292636276698,0.0,0.0,0
586,140.1020082881734,0.0,0.0,0
587,140.34109021357986,0.0,0.0,0
588,140.58017213898628,0.0,0.0,0
589,140.81925406439274,0.0,0.0,2
590,141.05833598979916,0.0,0.0,0
591,141.2974179152056,0.0,0.0,0
592,141.53649984061204,0.0,0.0,0
593,141.7755817660185,0.0,0.0,1
594,142.01466369142491,0.0,0.0,0
595,142.25374561683137,0.0,0.0,0
596,142.49282754223782,0.0,0.0,0
597,142.73190946764424,0.0,0.0,0
598,142.9709913930507,0.0,0.0,1
599,143.21007331845712,0.0,0.0,0
600,143.44915524386357,0.0,0.0,0
601,143.68823716927,0.0,0.0,0
602,143.92731909467645,0.0,0.0,1
603,144.16640102008287,0.0,0.0,0
604,144.40548294548933,0.0,0.0,0
605,144.64456487089575,0.0,0.0,0
606,144.8836467963022,0.0,0.0,2
607,145.12272872170863,0.0,0.0,0
608,145.36181064711508,0.0,0.0,0
609,145.60089257252153,0.0,0.0,0
610,145.83997449792795,0.0,0.0,0
611,146.0790564233344,0.0,0.0,0
612,146.31813834874083,0.0,0.0,0
613,146.55722027414728,0.0,0.0,0
614,146.7963021995537,0.0,0.0,0
615,147.03538412496016,0.0,0.0,0
616,147.27446605036658,0.0,0.0,0
617,147.51354797577304,0.0,0.0,0
618,147.75262990117946,0.0,0.0,0
619,147.9917118265859,0.0,0.0,2
620,148.23079375199234,0.0,0.0,0
621,148.4698756773988,0.0,0.0,0
622,148.7089576028052,0.0,0.0,0
623,148.94803952821167,0.0,0.0,1
624,149.18712145361812,0.0,0.0,0
625,149.42620337902454,0.0,0.0,0
626,149.665285304431,0.0,0.0,0
627,149.90436722983742,0.0,0.0,0
628,150.14344915524387,0.0,0.0,0
629,150.3825310806503,0.0,0.0,0
630,150.62161300605675,0.0,0.0,0
631,150.86069493146317,0.0,0.0,1
632,151.09977685686962,0.0,0.0,0
633,151.33885878227605,0.0,0.0,0
634,151.5779407076825,0.0,0.0,0
635,151.81702263308892,0.0,0.0,1
636,152.05610455849538,0.0,0.0,0
637,152.29518648390183,0.0,0.0,0
638,152.53426840930825,0.0,0.0,0
639,152.7733503347147,0.0,0.0,1
640,153.01243226012113,0.0,0.0,0
641,153.25151418552758,0.0,0.0,0
642,153.490596110934,0.0,0.0,0
643,153.72967803634046,0.0,0.0,0
644,153.96875996174688,0.0,0.0,1
645,154.20784188715334,0.0,0.0,0
646,154.44692381255976,0.0,0.0,0
647,154.6860057379662,0.0,0.0,0
648,154.92508766337264,0.0,0.0,0
649,155.1641695887791,0.0,0.0,0
650,155.4032515141855,0.0,0.0,0
651,155.64233343959197,0.0,0.0,0
652,155.88141536499842,0.0,0.0,5
653,156.12049729040484,0.0,0.0,0
654,156.3595792158113,0.0,0.0,0
655,156.59866114121772,0.0,0.0,0
656,156.83774306662417,0.0,0.0,0
657,157.0768249920306,0.0,0.0,0
658,157.31590691743705,0.0,0.0,0
659,157.55498884284347,0.0,0.0,0
660,157.79407076824992,0.0,0.0,1
661,158.03315269365635,0.0,0.0,0
662,158.2722346190628,0.0,0.0,0
663,158.51131654446922,0.0,0.0,0
664,158.75039846987568,0.0,0.0,0
665,158.98948039528213,0.0,0.0,4
666,159.22856232068855,0.0,0.0,0
667,159.467644246095,0.0,0.0,0
668,159.70672617150143,0.0,0.0,0
669,159.94580809690788,0.0,0.0,1
670,160.1848900223143,0.0,0.0,0
671,160.42397194772076,0.0,0.0,0
672,160.66305387312718,0.0,0.0,0
673,160.90213579853364,0.0,0.0,3
674,161.14121772394006,0.0,0.0,0
675,161.3802996493465,0.0,0.0,0
676,161.61938157475294,0.0,0.0,0
677,161.8584635001594,0.0,0.0,1
678,162.0975454255658,0.0,0.0,0
679,162.33662735097226,0.0,0.0,0
680,162.57570927637872,0.0,0.0,0
681,162.81479120178514,0.0,0.0,1
682,163.0538731271916,0.0,0.0,0
683,163.29295505259802,0.0,0.0,0
684,163.53203697800447,0.0,0.0,0
685,163.7711189034109,0.0,0.0,0
686,164.01020082881735,0.0,0.0,0
687,164.24928275422377,0.0,0.0,0
688,164.48836467963022,0.0,0.0,0
689,164.72744660503665,0.0,0.0,0
690,164.9665285304431,0.0,0.0,2
691,165.20561045584952,0.0,0.0,0
692,165.44469238125598,0.0,0.0,0
693,165.68377430666243,0.0,0.0,0
694,165.92285623206885,0.0,0.0,1
695,166.1619381574753,0.0,0.0,0
696,166.40102008288173,0.0,0.0,0
697,166.64010200828818,0.0,0.0,0
698,166.8791839336946,0.0,0.0,1
699,167.11826585910106,0.0,0.0,0
700,167.35734778450748,0.0,0.0,0
701,167.59642970991393,0.0,0.0,0
702,167.83551163532036,0.0,0.0,0
703,168.0745935607268,0.0,0.0,0
704,168.31367548613323,0.0,0.0,0
705,168.5527574115397,0.0,0.0,0
706,168.79183933694614,0.0,0.0,2
707,169.03092126235256,0.0,0.0,0
708,169.27000318775902,0.0,0.0,0
709,169.50908511316544,0.0,0.0,0
710,169.7481670385719,0.0,0.0,0
711,169.98724896397832,0.0,0.0,2
712,170.22633088938477,0.0,0.0,0
713,170.4654128147912,0.0,0.0,0
714,170.70449474019765,0.0,0.0,0
715,170.94357666560407,0.0,0.0,0
716,171.18265859101052,0.0,0.0,0
717,171.42174051641695,0.0,0.0,0
718,171.6608224418234,0.0,0.0,0
719,171.89990436722982,0.0,0.0,1
720,172.13898629263628,0.0,0.0,0
721,172.37806821804273,0.0,0.0,0
722,172.61715014344915,0.0,0.0,0
723,172.8562320688556,0.0,0.0,2
724,173.09531399426203,0.0,0.0,0
725,173.33439591966848,0.0,0.0,0
726,173.5734778450749,0.0,0.0,0
727,173.81255977048136,0.0,0.0,1
728,174.05164169588778,0.0,0.0,0
729,174.29072362129423,0.0,0.0,0
730,174.52980554670066,0.0,0.0,0
731,174.7688874721071,0.0,0.0,0
732,175.00796939751353,0.0,0.0,0
733,175.24705132292,0.0,0.0,0
734,175.48613324832644,0.0,0.0,0
735,175.72521517373286,0.0,0.0,0
736,175.96429709913932,0.0,0.0,0
737,176.20337902454574,0.0,0.0,0
738,176.4424609499522,0.0,0.0,0
739,176.68154287535862,0.0,0.0,0
740,176.92062480076507,0.0,0.0,2
741,177.1597067261715,0.0,0.0,0
742,177.39878865157795,0.0,0.0,0
743,177.63787057698437,0.0,0.0,0
744,177.87695250239082,0.0,0.0,0
745,178.11603442779725,0.0,0.0,0
746,178.3551163532037,0.0,0.0,0
747,178.59419827861012,0.0,0.0,0
748,178.83328020401657,0.0,0.0,0
749,179.07236212942303,0.0,0.0,0
750,179.31144405482945,0.0,0.0,0
751,179.5505259802359,0.0,0.0,0
752,179.78960790564233,0.0,0.0,3
753,180.02868983104878,0.0,0.0,0
754,180.2677717564552,0.0,0.0,0
755,180.50685368186166,0.0,0.0,0
756,180.74593560726808,0.0,0.0,0
757,180.98501753267453,0.0,0.0,1
758,181.22409945808096,0.0,0.0,0
759,181.4631813834874,0.0,0.0,0
760,181.70226330889383,0.0,0.0,0
761,181.9413452343003,0.0,0.0,1
762,182.18042715970674,0.0,0.0,0
763,182.41950908511316,0.0,0.0,0
764,182.65859101051961,0.0,0.0,0
765,182.89767293592604,0.0,0.0,0
766,183.1367548613325,0.0,0.0,0
767,183.37583678673892,0.0,0.0,0
768,183.61491871214537,0.0,0.0,0
769,183.8540006375518,0.0,0.0,0
770,184.09308256295824,0.0,0.0,0
771,184.33216448836467,0.0,0.0,0
772,184.57124641377112,0.0,0.0,0
773,184.81032833917754,0.0,0.0,1
774,185.049410264584,0.0,0.0,0
775,185.28849218999045,0.0,0.0,0
776,185.52757411539687,0.0,0.0,0
777,185.76665604080333,0.0,0.0,1
778,186.00573796620975,0.0,0.0,0
779,186.2448198916162,0.0,0.0,0
780,186.48390181702263,0.0,0.0,0
781,186.72298374242908,0.0,0.0,0
782,186.9620656678355,0.0,0.0,0
783,187.20114759324196,0.0,0.0,0
784,187.44022951864838,0.0,0.0,0
785,187.67931144405483,0.0,0.0,0
786,187.91839336946126,0.0,0.0,1
787,188.1574752948677,0.0,0.0,0
788,188.39655722027413,0.0,0.0,0
789,188.63563914568059,0.0,0.0,0
790,188.87472107108704,0.0,0.0,1
791,189.11380299649346,0.0,0.0,0
792,189.3528849218999,0.0,0.0,0
793,189.59196684730634,0.0,0.0,0
794,189.8310487727128,0.0,0.0,2
795,190.07013069811921,0.0,0.0,0
796,190.30921262352567,0.0,0.0,0
797,190.5482945489321,0.0,0.0,0
798,190.78737647433854,0.0,0.0,2
799,191.02645839974497,0.0,0.0,0
800,191.26554032515142,0.0,0.0,0
801,191.50462225055784,0.0,0.0,0
802,191.7437041759643,0.0,0.0,0
803,191.98278610137075,0.0,0.0,0
804,192.22186802677717,0.0,0.0,0
805,192.46094995218363,0.0,0.0,0
806,192.70003187759005,0.0,0.0,0
807,192.9391138029965,0.0,0.0,0
808,193.17819572840293,0.0,0.0,0
809,193.41727765380938,0.0,0.0,0
810,193.6563595792158,0.0,0.0,0
811,193.89544150462226,0.0,0.0,1
812,194.13452343002868,0.0,0.0,0
813,194.37360535543513,0.0,0.0,0
814,194.61268728084156,0.0,0.0,0
815,194.851769206248,0.0,0.0,1
816,195.09085113165443,0.0,0.0,0
817,195.32993305706088,0.0,0.0,0
818,195.56901498246734,0.0,0.0,0
819,195.80809690787376,0.0,0.0,2
820,196.0471788332802,0.0,0.0,0
821,196.28626075868664,0.0,0.0,0
822,196.5253426840931,0.0,0.0,0
823,196.7644246094995,0.0,0.0,1
824,197.00350653490597,0.0,0.0,0
825,197.2425884603124,0.0,0.0,0
826,197.48167038571884,0.0,0.0,0
827,197.72075231112527,0.0,0.0,0
828,197.95983423653172,0.0,0.0,0
829,198.19891616193814,0.0,0.0,0
830,198.4379980873446,0.0,0.0,0
831,198.67708001275105,0.0,0.0,0
832,198.91616193815747,0.0,0.0,1
833,199.15524386356392,0.0,0.0,0
834,199.39432578897035,0.0,0.0,0
835,199.6334077143768,0.0,0.0,0
836,199.87248963978323,0.0,0.0,2
837,200.11157156518968,0.0,0.0,0
838,200.3506534905961,0.0,0.0,0
839,200.58973541600255,0.0,0.0,0
840,200.82881734140898,0.0,0.0,0
841,201.06789926681543,0.0,0.0,0
842,201.30698119222185,0.0,0.0,0
843,201.5460631176283,0.0,0.0,0
844,201.78514504303473,0.0,0.0,3
845,202.02422696844118,0.0,0.0,0
846,202.26330889384764,0.0,0.0,0
847,202.50239081925406,0.0,0.0,0
848,202.7414727446605,0.0,0.0,0
849,202.98055467006694,0.0,0.0,0
850,203.2196365954734,0.0,0.0,0
851,203.4587185208798,0.0,0.0,0
852,203.69780044628627,0.0,0.0,0
853,203.9368823716927,0.0,0.0,0
854,204.17596429709914,0.0,0.0,0
855,204.41504622250557,0.0,0.0,0
856,204.65412814791202,0.0,0.0,0
857,204.89321007331844,0.0,0.0,0
858,205.1322919987249,0.0,0.0,0
859,205.37137392413135,0.0,0.0,0
860,205.61045584953777,0.0,0.0,0
861,205.84953777494422,0.0,0.0,1
862,206.08861970035065,0.0,0.0,0
863,206.3277016257571,0.0,0.0,0
864,206.56678355116352,0.0,0.0,0
865,206.80586547656998,0.0,0.0,0
866,207.0449474019764,0.0,0.0,0
867,207.28402932738285,0.0,0.0,0
868,207.52311125278928,0.0,0.0,0
869,207.76219317819573,0.0,0.0,0
870,208.00127510360215,0.0,0.0,0
871,208.2403570290086,0.0,0.0,0
872,208.47943895441506,0.0,0.0,0
873,208.71852087982148,0.0,0.0,0
874,208.95760280522794,0.0,0.0,0
875,209.19668473063436,0.0,0.0,0
876,209.4357666560408,0.0,0.0,0
877,209.67484858144724,0.0,0.0,0
878,209.9139305068537,0.0,0.0,1
879,210.1530124322601,0.0,0.0,0
880,210.39209435766656,0.0,0.0,0
881,210.631176283073,0.0,0.0,0
882,210.87025820847944,0.0,0.0,1
883,211.10934013388587,0.0,0.0,0
884,211.34842205929232,0.0,0.0,0
885,211.58750398469874,0.0,0.0,0
886,211.8265859101052,0.0,0.0,0
887,212.06566783551165,0.0,0.0,0
888,212.30474976091807,0.0,0.0,0
889,212.54383168632452,0.0,0.0,0
890,212.78291361173095,0.0,0.0,0
891,213.0219955371374,0.0,0.0,0
892,213.26107746254382,0.0,0.0,0
893,213.50015938795028,0.0,0.0,0
894,213.7392413133567,0.0,0.0,0
895,213.97832323876315,0.0,0.0,0
896,214.21740516416958,0.0,0.0,0
897,214.45648708957603,0.0,0.0,0
898,214.69556901498245,0.0,0.0,0
899,214.9346509403889,0.0,0.0,1
900,215.17373286579536,0.0,0.0,0
901,215.41281479120178,0.0,0.0,0
902,215.65189671660823,0.0,0.0,0
903,215.89097864201466,0.0,0.0,0
904,216.1300605674211,0.0,0.0,0
905,216.36914249282754,0.0,0.0,0
906,216.608224418234,0.0,0.0,0
907,216.8473063436404,0.0,0.0,0
908,217.08638826904686,0.0,0.0,0
909,217.3254701944533,0.0,0.0,0
910,217.56455211985974,0.0,0.0,0
911,217.80363404526616,0.0,0.0,0
912,218.04271597067262,0.0,0.0,0
913,218.28179789607904,0.0,0.0,0
914,218.5208798214855,0.0,0.0,0
915,218.75996174689195,0.0,0.0,0
916,218.99904367229837,0.0,0.0,1
917,219.23812559770482,0.0,0.0,0
918,219.47720752311125,0.0,0.0,0
919,219.7162894485177,0.0,0.0,0
920,219.95537137392412,0.0,0.0,1
921,220.19445329933058,0.0,0.0,0
922,220.433535224737,0.0,0.0,0
923,220.67261715014345,0.0,0.0,0
924,220.91169907554988,0.0,0.0,1
925,221.15078100095633,0.0,0.0,0
926,221.38986292636275,0.0,0.0,0
927,221.6289448517692,0.0,0.0,0
928,221.86802677717566,0.0,0.0,0
929,222.10710870258208,0.0,0.0,0
930,222.34619062798853,0.0,0.0,0
931,222.58527255339496,0.0,0.0,0
932,222.8243544788014,0.0,0.0,1
933,223.06343640420783,0.0,0.0,0
934,223.3025183296143,0.0,0.0,0
935,223.5416002550207,0.0,0.0,0
936,223.78068218042716,0.0,0.0,1
937,224.0197641058336,0.0,0.0,0
938,224.25884603124004,0.0,0.0,0
939,224.49792795664646,0.0,0.0,0
940,224.73700988205292,0.0,0.0,0
941,224.97609180745937,0.0,0.0,0
942,225.2151737328658,0.0,0.0,0
943,225.45425565827225,0.0,0.0,0
944,225.69333758367867,0.0,0.0,0
945,225.93241950908512,0.0,0.0,0
946,226.17150143449155,0.0,0.0,0
947,226.410583359898,0.0,0.0,0
948,226.64966528530442,0.0,0.0,0
949,226.88874721071087,0.0,0.0,0
950,227.1278291361173,0.0,0.0,0
951,227.36691106152375,0.0,0.0,0
952,227.60599298693018,0.0,0.0,0
953,227.84507491233663,0.0,0.0,2
954,228.08415683774305,0.0,0.0,0
955,228.3232387631495,0.0,0.0,0
956,228.56232068855596,0.0,0.0,0
957,228.80140261396238,0.0,0.0,1
958,229.04048453936883,0.0,0.0,0
959,229.27956646477526,0.0,0.0,0
960,229.5186483901817,0.0,0.0,0
961,229.75773031558813,0.0,0.0,0
962,229.9968122409946,0.0,0.0,2
963,230.235894166401,0.0,0.0,0
964,230.47497609180746,0.0,0.0,0
965,230.7140580172139,0.0,0.0,0
966,230.95313994262034,0.0,0.0,0
967,231.19222186802676,0.0,0.0,0
968,231.43130379343322,0.0,0.0,0
969,231.67038571883967,0.0,0.0,0
970,231.9094676442461,0.0,0.0,1
971,232.14854956965254,0.0,0.0,0
972,232.38763149505897,0.0,0.0,0
973,232.62671342046542,0.0,0.0,0
974,232.86579534587185,0.0,0.0,0
975,233.1048772712783,0.0,0.0,0
976,233.34395919668472,0.0,0.0,0
977,233.58304112209117,0.0,0.0,0
978,233.8221230474976,0.0,0.0,0
979,234.06120497290405,0.0,0.0,0
980,234.30028689831047,0.0,0.0,0
981,234.53936882371693,0.0,0.0,0
982,234.77845074912335,0.0,0.0,0
983,235.0175326745298,0.0,0.0,0
984,235.25661459993626,0.0,0.0,0
985,235.49569652534268,0.0,0.0,0
986,235.73477845074913,0.0,0.0,0
987,235.97386037615556,0.0,0.0,0
988,236.212942301562,0.0,0.0,0
989,236.45202422696843,0.0,0.0,0
990,236.69110615237489,0.0,0.0,0
991,236.9301880777813,0.0,0.0,0
992,237.16927000318776,0.0,0.0,0
993,237.4083519285942,0.0,0.0,0
994,237.64743385400064,0.0,0.0,0
995,237.88651577940706,0.0,0.0,0
996,238.12559770481352,0.0,0.0,0
997,238.36467963021997,0.0,0.0,0
998,238.6037615556264,0.0,0.0,0
999,238.84284348103284,0.0,0.0,0
1000,239.08192540643927,0.0,0.0,0
1001,239.32100733184572,0.0,0.0,0
1002,239.56008925725214,0.0,0.0,0
1003,239.7991711826586,0.0,0.0,1
1004,240.03825310806502,0.0,0.0,0
1005,240.27733503347147,0.0,0.0,0
1006,240.5164169588779,0.0,0.0,0
1007,240.75549888428435,0.0,0.0,0
1008,240.99458080969077,0.0,0.0,0
1009,241.23366273509723,0.0,0.0,0
1010,241.47274466050365,0.0,0.0,0
1011,241.7118265859101,0.0,0.0,0
1012,241.95090851131656,0.0,0.0,0
1013,242.18999043672298,0.0,0.0,0
1014,242.42907236212943,0.0,0.0,0
1015,242.66815428753586,0.0,0.0,0
1016,242.9072362129423,0.0,0.0,1
1017,243.14631813834873,0.0,0.0,0
1018,243.38540006375518,0.0,0.0,0
1019,243.6244819891616,0.0,0.0,0
1020,243.86356391456806,0.0,0.0,0
1021,244.10264583997449,0.0,0.0,0
1022,244.34172776538094,0.0,0.0,0
1023,244.58080969078736,0.0,0.0,0
1024,244.81989161619381,0.0,0.0,0
1025,245.05897354160027,0.0,0.0,0
1026,245.2980554670067,0.0,0.0,0
1027,245.53713739241314,0.0,0.0,0
1028,245.77621931781957,0.0,0.0,0
1029,246.01530124322602,0.0,0.0,0
1030,246.25438316863244,0.0,0.0,0
1031,246.4934650940389,0.0,0.0,0
1032,246.73254701944532,0.0,0.0,0
1033,246.97162894485177,0.0,0.0,1
1034,247.2107108702582,0.0,0.0,0
1035,247.44979279566465,0.0,0.0,0
1036,247.68887472107107,0.0,0.0,0
1037,247.92795664647753,0.0,0.0,0
1038,248.16703857188398,0.0,0.0,0
1039,248.4061204972904,0.0,0.0,0
1040,248.64520242269685,0.0,0.0,0
1041,248.88428434810328,0.0,0.0,0
1042,249.12336627350973,0.0,0.0,0
1043,249.36244819891616,0.0,0.0,0
1044,249.6015301243226,0.0,0.0,0
1045,249.84061204972903,0.0,0.0,1
1046,250.07969397513548,0.0,0.0,0
1047,250.3187759005419,0.0,0.0,0
1048,250.55785782594836,0.0,0.0,0
1049,250.79693975135478,0.0,0.0,0
1050,251.03602167676124,0.0,0.0,0
1051,251.27510360216766,0.0,0.0,0
1052,251.5141855275741,0.0,0.0,0
1053,251.75326745298057,0.0,0.0,0
1054,251.992349378387,0.0,0.0,0
1055,252.23143130379344,0.0,0.0,0
1056,252.47051322919987,0.0,0.0,0
1057,252.70959515460632,0.0,0.0,0
1058,252.94867708001274,0.0,0.0,0
1059,253.1877590054192,0.0,0.0,0
1060,253.42684093082562,0.0,0.0,0
1061,253.66592285623207,0.0,0.0,0
1062,253.9050047816385,0.0,0.0,0
1063,254.14408670704495,0.0,0.0,0
1064,254.38316863245137,0.0,0.0,0
1065,254.62225055785783,0.0,0.0,0
1066,254.86133248326428,0.0,0.0,1
1067,255.1004144086707,0.0,0.0,0
1068,255.33949633407715,0.0,0.0,0
1069,255.57857825948358,0.0,0.0,0
1070,255.81766018489003,0.0,0.0,0
1071,256.05674211029645,0.0,0.0,0
1072,256.2958240357029,0.0,0.0,0
1073,256.53490596110936,0.0,0.0,0
1074,256.7739878865158,0.0,0.0,2
1075,257.0130698119222,0.0,0.0,0
1076,257.25215173732863,0.0,0.0,0
1077,257.4912336627351,0.0,0.0,0
1078,257.73031558814154,0.0,0.0,0
1079,257.96939751354796,0.0,0.0,1
1080,258.20847943895444,0.0,0.0,0
1081,258.44756136436087,0.0,0.0,0
1082,258.6866432897673,0.0,0.0,0
1083,258.9257252151737,0.0,0.0,0
1084,259.1648071405802,0.0,0.0,0
1085,259.4038890659866,0.0,0.0,0
1086,259.64297099139304,0.0,0.0,0
1087,259.88205291679947,0.0,0.0,0
1088,260.12113484220595,0.0,0.0,0
1089,260.36021676761237,0.0,0.0,0
1090,260.5992986930188,0.0,0.0,0
1091,260.8383806184252,0.0,0.0,0
1092,261.0774625438317,0.0,0.0,0
1093,261.3165444692381,0.0,0.0,0
1094,261.55562639464455,0.0,0.0,0
1095,261.79470832005103,0.0,0.0,0
1096,262.03379024545745,0.0,0.0,0
1097,262.2728721708639,0.0,0.0,0
1098,262.5119540962703,0.0,0.0,0
1099,262.7510360216768,0.0,0.0,0
1100,262.9901179470832,0.0,0.0,0
1101,263.22919987248963,0.0,0.0,0
1102,263.46828179789605,0.0,0.0,0
1103,263.70736372330254,0.0,0.0,0
1104,263.94644564870896,0.0,0.0,0
1105,264.1855275741154,0.0,0.0,0
1106,264.4246094995218,0.0,0.0,0
1107,264.6636914249283,0.0,0.0,0
1108,264.9027733503347,0.0,0.0,1
1109,265.14185527574114,0.0,0.0,0
1110,265.3809372011476,0.0,0.0,0
1111,265.62001912655404,0.0,0.0,0
1112,265.85910105196047,0.0,0.0,0
1113,266.0981829773669,0.0,0.0,0
1114,266.33726490277337,0.0,0.0,0
1115,266.5763468281798,0.0,0.0,0
1116,266.8154287535862,0.0,0.0,0
1117,267.05451067899264,0.0,0.0,0
1118,267.2935926043991,0.0,0.0,0
1119,267.53267452980555,0.0,0.0,0
1120,267.77175645521197,0.0,0.0,0
1121,268.01083838061845,0.0,0.0,0
1122,268.2499203060249,0.0,0.0,0
1123,268.4890022314313,0.0,0.0,0
1124,268.7280841568377,0.0,0.0,0
1125,268.9671660822442,0.0,0.0,0
1126,269.20624800765063,0.0,0.0,0
1127,269.44532993305705,0.0,0.0,0
1128,269.6844118584635,0.0,0.0,0
1129,269.92349378386996,0.0,0.0,0
1130,270.1625757092764,0.0,0.0,0
1131,270.4016576346828,0.0,0.0,0
1132,270.64073956008923,0.0,0.0,0
1133,270.8798214854957,0.0,0.0,0
1134,271.11890341090213,0.0,0.0,0
1135,271.35798533630856,0.0,0.0,0
1136,271.59706726171504,0.0,0.0,0
1137,271.83614918712146,0.0,0.0,1
1138,272.0752311125279,0.0,0.0,0
1139,272.3143130379343,0.0,0.0,0
1140,272.5533949633408,0.0,0.0,0
1141,272.7924768887472,0.0,0.0,0
1142,273.03155881415364,0.0,0.0,0
1143,273.27064073956006,0.0,0.0,0
1144,273.50972266496655,0.0,0.0,0
1145,273.74880459037297,0.0,0.0,0
1146,273.9878865157794,0.0,0.0,1
1147,274.2269684411858,0.0,0.0,0
1148,274.4660503665923,0.0,0.0,0
1149,274.7051322919987,0.0,0.0,0
1150,274.94421421740515,0.0,0.0,0
1151,275.1832961428116,0.0,0.0,0
1152,275.42237806821805,0.0,0.0,0
1153,275.6614599936245,0.0,0.0,0
1154,275.9005419190309,0.0,0.0,0
1155,276.1396238444374,0.0,0.0,0
1156,276.3787057698438,0.0,0.0,0
1157,276.61778769525023,0.0,0.0,0
1158,276.85686962065665,0.0,0.0,0
1159,277.09595154606313,0.0,0.0,0
1160,277.33503347146956,0.0,0.0,0
1161,277.574115396876,0.0,0.0,0
1162,277.8131973222824,0.0,0.0,0
1163,278.0522792476889,0.0,0.0,0
1164,278.2913611730953,0.0,0.0,0
1165,278.53044309850173,0.0,0.0,0
1166,278.7695250239082,0.0,0.0,0
1167,279.00860694931464,0.0,0.0,0
1168,279.24768887472106,0.0,0.0,0
1169,279.4867708001275,0.0,0.0,0
1170,279.72585272553397,0.0,0.0,0
1171,279.9649346509404,0.0,0.0,0
1172,280.2040165763468,0.0,0.0,0
1173,280.44309850175324,0.0,0.0,0
1174,280.6821804271597,0.0,0.0,0
1175,280.92126235256615,0.0,0.0,0
1176,281.16034427797257,0.0,0.0,0
1177,281.39942620337905,0.0,0.0,0
1178,281.6385081287855,0.0,0.0,0
1179,281.8775900541919,0.0,0.0,0
1180,282.1166719795983,0.0,0.0,0
1181,282.3557539050048,0.0,0.0,0
1182,282.5948358304112,0.0,0.0,0
1183,282.83391775581765,0.0,0.0,2
1184,283.0729996812241,0.0,0.0,0
1185,283.31208160663056,0.0,0.0,0
1186,283.551163532037,0.0,0.0,0
1187,283.7902454574434,0.0,0.0,0
1188,284.02932738284983,0.0,0.0,0
1189,284.2684093082563,0.0,0.0,0
1190,284.50749123366273,0.0,0.0,0
1191,284.74657315906916,0.0,0.0,0
1192,284.98565508447564,0.0,0.0,0
1193,285.22473700988206,0.0,0.0,0
1194,285.4638189352885,0.0,0.0,0
1195,285.7029008606949,0.0,0.0,0
1196,285.9419827861014,0.0,0.0,0
1197,286.1810647115078,0.0,0.0,0
1198,286.42014663691424,0.0,0.0,0
1199,286.65922856232066,0.0,0.0,0
1200,286.89831048772714,0.0,0.0,0
1201,287.13739241313357,0.0,0.0,0
1202,287.37647433854,0.0,0.0,0
1203,287.6155562639464,0.0,0.0,0
1204,287.8546381893529,0.0,0.0,0
1205,288.0937201147593,0.0,0.0,0
1206,288.33280204016575,0.0,0.0,0
1207,288.5718839655722,0.0,0.0,0
1208,288.81096589097865,0.0,0.0,0
1209,289.0500478163851,0.0,0.0,0
1210,289.2891297417915,0.0,0.0,0
1211,289.528211667198,0.0,0.0,0
1212,289.7672935926044,0.0,0.0,1
1213,290.0063755180108,0.0,0.0,0
1214,290.24545744341725,0.0,0.0,0
1215,290.48453936882373,0.0,0.0,0
1216,290.72362129423016,0.0,0.0,0
1217,290.9627032196366,0.0,0.0,0
1218,291.20178514504306,0.0,0.0,0
1219,291.4408670704495,0.0,0.0,0
1220,291.6799489958559,0.0,0.0,0
1221,291.91903092126233,0.0,0.0,0
1222,292.1581128466688,0.0,0.0,0
1223,292.39719477207524,0.0,0.0,0
1224,292.63627669748166,0.0,0.0,0
1225,292.8753586228881,0.0,0.0,0
1226,293.11444054829457,0.0,0.0,0
1227,293.353522473701,0.0,0.0,0
1228,293.5926043991074,0.0,0.0,0
1229,293.83168632451384,0.0,0.0,0
1230,294.0707682499203,0.0,0.0,0
1231,294.30985017532674,0.0,0.0,0
1232,294.54893210073317,0.0,0.0,0
1233,294.78801402613965,0.0,0.0,0
1234,295.0270959515461,0.0,0.0,0
1235,295.2661778769525,0.0,0.0,0
1236,295.5052598023589,0.0,0.0,0
1237,295.7443417277654,0.0,0.0,0
1238,295.9834236531718,0.0,0.0,0
1239,296.22250557857825,0.0,0.0,0
1240,296.4615875039847,0.0,0.0,0
1241,296.70066942939116,0.0,0.0,0
1242,296.9397513547976,0.0,0.0,0
1243,297.178833280204,0.0,0.0,0
1244,297.4179152056104,0.0,0.0,0
1245,297.6569971310169,0.0,0.0,0
1246,297.89607905642333,0.0,0.0,0
1247,298.13516098182976,0.0,0.0,0
1248,298.37424290723624,0.0,0.0,0
1249,298.61332483264266,0.0,0.0,0
1250,298.8524067580491,0.0,0.0,0
1251,299.0914886834555,0.0,0.0,0
1252,299.330570608862,0.0,0.0,0
1253,299.5696525342684,0.0,0.0,0
1254,299.80873445967484,0.0,0.0,0
1255,300.04781638508126,0.0,0.0,0
1256,300.28689831048774,0.0,0.0,0
1257,300.52598023589417,0.0,0.0,0
1258,300.7650621613006,0.0,0.0,0
1259,301.004144086707,0.0,0.0,0
1260,301.2432260121135,0.0,0.0,0
1261,301.4823079375199,0.0,0.0,0
1262,301.72138986292634,0.0,0.0,0
1263,301.9604717883328,0.0,0.0,0
1264,302.19955371373925,0.0,0.0,0
1265,302.4386356391457,0.0,0.0,0
1266,302.6777175645521,0.0,0.0,0
1267,302.9167994899586,0.0,0.0,0
1268,303.155881415365,0.0,0.0,0
1269,303.3949633407714,0.0,0.0,0
1270,303.63404526617785,0.0,0.0,0
1271,303.87312719158433,0.0,0.0,0
1272,304.11220911699075,0.0,0.0,0
1273,304.3512910423972,0.0,0.0,0
1274,304.59037296780366,0.0,0.0,0
1275,304.8294548932101,0.0,0.0,0
1276,305.0685368186165,0.0,0.0,0
1277,305.30761874402293,0.0,0.0,0
1278,305.5467006694294,0.0,0.0,0
1279,305.78578259483584,0.0,0.0,1
1280,306.02486452024226,0.0,0.0,0
1281,306.2639464456487,0.0,0.0,0
1282,306.50302837105517,0.0,0.0,0
1283,306.7421102964616,0.0,0.0,0
1284,306.981192221868,0.0,0.0,0
1285,307.22027414727444,0.0,0.0,0
1286,307.4593560726809,0.0,0.0,0
1287,307.69843799808734,0.0,0.0,0
1288,307.93751992349377,0.0,0.0,0
1289,308.17660184890025,0.0,0.0,0
1290,308.4156837743067,0.0,0.0,0
1291,308.6547656997131,0.0,0.0,0
1292,308.8938476251195,0.0,0.0,0
1293,309.132929550526,0.0,0.0,0
1294,309.3720114759324,0.0,0.0,0
1295,309.61109340133885,0.0,0.0,0
1296,309.8501753267453,0.0,0.0,0
1297,310.08925725215175,0.0,0.0,0
1298,310.3283391775582,0.0,0.0,0
1299,310.5674211029646,0.0,0.0,0
1300,310.806503028371,0.0,0.0,0
1301,311.0455849537775,0.0,0.0,0
1302,311.28466687918393,0.0,0.0,0
1303,311.52374880459035,0.0,0.0,0
1304,311.76283072999684,0.0,0.0,0
1305,312.00191265540326,0.0,0.0,0
1306,312.2409945808097,0.0,0.0,0
1307,312.4800765062161,0.0,0.0,0
1308,312.7191584316226,0.0,0.0,0
1309,312.958240357029,0.0,0.0,0
1310,313.19732228243544,0.0,0.0,0
1311,313.43640420784186,0.0,0.0,0
1312,313.67548613324834,0.0,0.0,0
1313,313.91456805865477,0.0,0.0,0
1314,314.1536499840612,0.0,0.0,0
1315,314.39273190946767,0.0,0.0,0
1316,314.6318138348741,0.0,0.0,0
1317,314.8708957602805,0.0,0.0,0
1318,315.10997768568694,0.0,0.0,0
1319,315.3490596110934,0.0,0.0,0
1320,315.58814153649985,0.0,0.0,0
1321,315.82722346190627,0.0,0.0,0
1322,316.0663053873127,0.0,0.0,0
1323,316.3053873127192,0.0,0.0,0
1324,316.5444692381256,0.0,0.0,0
1325,316.783551163532,0.0,0.0,0
1326,317.02263308893845,0.0,0.0,0
1327,317.26171501434493,0.0,0.0,0
1328,317.50079693975135,0.0,0.0,0
1329,317.7398788651578,0.0,0.0,0
1330,317.97896079056426,0.0,0.0,0
1331,318.2180427159707,0.0,0.0,0
1332,318.4571246413771,0.0,0.0,0
1333,318.69620656678353,0.0,0.0,0
1334,318.93528849219,0.0,0.0,0
1335,319.17437041759644,0.0,0.0,0
1336,319.41345234300286,0.0,0.0,0
1337,319.6525342684093,0.0,0.0,0
1338,319.89161619381576,0.0,0.0,0
1339,320.1306981192222,0.0,0.0,0
1340,320.3697800446286,0.0,0.0,0
1341,320.60886197003504,0.0,0.0,0
1342,320.8479438954415,0.0,0.0,0
1343,321.08702582084794,0.0,0.0,0
1344,321.32610774625437,0.0,0.0,0
1345,321.56518967166085,0.0,0.0,0
1346,321.80427159706727,0.0,0.0,0
1347,322.0433535224737,0.0,0.0,0
1348,322.2824354478801,0.0,0.0,0
1349,322.5215173732866,0.0,0.0,0
1350,322.760599298693,0.0,0.0,0
1351,322.99968122409945,0.0,0.0,0
1352,323.23876314950587,0.0,0.0,0
1353,323.47784507491235,0.0,0.0,0
1354,323.7169270003188,0.0,0.0,0
1355,323.9560089257252,0.0,0.0,0
1356,324.1950908511316,0.0,0.0,0
1357,324.4341727765381,0.0,0.0,0
1358,324.67325470194453,0.0,0.0,0
1359,324.91233662735095,0.0,0.0,0
1360,325.15141855275743,0.0,0.0,0
1361,325.39050047816386,0.0,0.0,0
1362,325.6295824035703,0.0,0.0,0
1363,325.8686643289767,0.0,0.0,0
1364,326.1077462543832,0.0,0.0,0
1365,326.3468281797896,0.0,0.0,0
1366,326.58591010519604,0.0,0.0,0
1367,326.82499203060246,0.0,0.0,0
1368,327.06407395600894,0.0,0.0,0
1369,327.30315588141536,0.0,0.0,0
1370,327.5422378068218,0.0,0.0,0
1371,327.78131973222827,0.0,0.0,0
1372,328.0204016576347,0.0,0.0,0
1373,328.2594835830411,0.0,0.0,0
1374,328.49856550844754,0.0,0.0,0
1375,328.737647433854,0.0,0.0,0
1376,328.97672935926045,0.0,0.0,1
1377,329.21581128466687,0.0,0.0,0
1378,329.4548932100733,0.0,0.0,0
1379,329.6939751354798,0.0,0.0,0
1380,329.9330570608862,0.0,0.0,0
1381,330.1721389862926,0.0,0.0,0
1382,330.41122091169905,0.0,0.0,0
1383,330.6503028371055,0.0,0.0,0
1384,330.88938476251195,0.0,0.0,0
1385,331.1284666879184,0.0,0.0,0
1386,331.36754861332486,0.0,0.0,0
1387,331.6066305387313,0.0,0.0,0
1388,331.8457124641377,0.0,0.0,0
1389,332.08479438954413,0.0,0.0,0
1390,332.3238763149506,0.0,0.0,0
1391,332.56295824035703,0.0,0.0,0
1392,332.80204016576346,0.0,0.0,1
1393,333.0411220911699,0.0,0.0,0
1394,333.28020401657636,0.0,0.0,0
1395,333.5192859419828,0.0,0.0,0
1396,333.7583678673892,0.0,0.0,0
1397,333.99744979279563,0.0,0.0,1
1398,334.2365317182021,0.0,0.0,0
1399,334.47561364360854,0.0,0.0,0
1400,334.71469556901496,0.0,0.0,0
1401,334.95377749442144,0.0,0.0,0
1402,335.19285941982787,0.0,0.0,0
1403,335.4319413452343,0.0,0.0,0
1404,335.6710232706407,0.0,0.0,0
1405,335.9101051960472,0.0,0.0,1
1406,336.1491871214536,0.0,0.0,0
1407,336.38826904686005,0.0,0.0,0
1408,336.62735097226647,0.0,0.0,0
1409,336.86643289767295,0.0,0.0,0
1410,337.1055148230794,0.0,0.0,0
1411,337.3445967484858,0.0,0.0,0
1412,337.5836786738923,0.0,0.0,0
1413,337.8227605992987,0.0,0.0,0
1414,338.0618425247051,0.0,0.0,0
1415,338.30092445011155,0.0,0.0,0
1416,338.54000637551803,0.0,0.0,0
1417,338.77908830092446,0.0,0.0,2
1418,339.0181702263309,0.0,0.0,0
1419,339.2572521517373,0.0,0.0,0
1420,339.4963340771438,0.0,0.0,0
1421,339.7354160025502,0.0,0.0,0
1422,339.97449792795663,0.0,0.0,0
1423,340.21357985336306,0.0,0.0,0
1424,340.45266177876954,0.0,0.0,0
1425,340.69174370417596,0.0,0.0,0
1426,340.9308256295824,0.0,0.0,1
1427,341.16990755498887,0.0,0.0,0
1428,341.4089894803953,0.0,0.0,0
1429,341.6480714058017,0.0,0.0,0
1430,341.88715333120814,0.0,0.0,0
1431,342.1262352566146,0.0,0.0,0
1432,342.36531718202104,0.0,0.0,0
1433,342.60439910742747,0.0,0.0,0
1434,342.8434810328339,0.0,0.0,0
1435,343.0825629582404,0.0,0.0,0
1436,343.3216448836468,0.0,0.0,0
1437,343.5607268090532,0.0,0.0,0
1438,343.79980873445965,0.0,0.0,0
1439,344.0388906598661,0.0,0.0,0
1440,344.27797258527255,0.0,0.0,0
1441,344.517054510679,0.0,0.0,0
1442,344.75613643608546,0.0,0.0,0
1443,344.9952183614919,0.0,0.0,0
1444,345.2343002868983,0.0,0.0,0
1445,345.4733822123047,0.0,0.0,0
1446,345.7124641377112,0.0,0.0,0
1447,345.95154606311763,0.0,0.0,0
1448,346.19062798852406,0.0,0.0,0
1449,346.4297099139305,0.0,0.0,0
1450,346.66879183933696,0.0,0.0,0
1451,346.9078737647434,0.0,0.0,0
1452,347.1469556901498,0.0,0.0,0
1453,347.3860376155563,0.0,0.0,0
1454,347.6251195409627,0.0,0.0,0
1455,347.86420146636914,0.0,0.0,0
1456,348.10328339177556,0.0,0.0,0
1457,348.34236531718204,0.0,0.0,0
1458,348.58144724258847,0.0,0.0,0
1459,348.8205291679949,0.0,0.0,0
1460,349.0596110934013,0.0,0.0,0
1461,349.2986930188078,0.0,0.0,0
1462,349.5377749442142,0.0,0.0,0
1463,349.77685686962064,0.0,0.0,1
1464,350.01593879502707,0.0,0.0,0
1465,350.25502072043355,0.0,0.0,0
1466,350.49410264584,0.0,0.0,0
1467,350.7331845712464,0.0,0.0,0
1468,350.9722664966529,0.0,0.0,0
1469,351.2113484220593,0.0,0.0,0
1470,351.4504303474657,0.0,0.0,0
1471,351.68951227287215,0.0,0.0,0
1472,351.92859419827863,0.0,0.0,0
1473,352.16767612368506,0.0,0.0,0
1474,352.4067580490915,0.0,0.0,0
1475,352.6458399744979,0.0,0.0,0
1476,352.8849218999044,0.0,0.0,0
1477,353.1240038253108,0.0,0.0,0
1478,353.36308575071723,0.0,0.0,0
1479,353.60216767612366,0.0,0.0,0
1480,353.84124960153014,0.0,0.0,0
1481,354.08033152693656,0.0,0.0,0
1482,354.319413452343,0.0,0.0,0
1483,354.55849537774947,0.0,0.0,0
1484,354.7975773031559,0.0,0.0,0
1485,355.0366592285623,0.0,0.0,0
1486,355.27574115396874,0.0,0.0,0
1487,355.5148230793752,0.0,0.0,0
1488,355.75390500478164,0.0,0.0,0
1489,355.99298693018807,0.0,0.0,1
1490,356.2320688555945,0.0,0.0,0
1491,356.471150781001,0.0,0.0,0
1492,356.7102327064074,0.0,0.0,0
1493,356.9493146318138,0.0,0.0,0
1494,357.18839655722024,0.0,0.0,0
1495,357.4274784826267,0.0,0.0,0
1496,357.66656040803315,0.0,0.0,0
1497,357.9056423334396,0.0,0.0,0
1498,358.14472425884605,0.0,0.0,0
1499,358.3838061842525,0.0,0.0,0
1500,358.6228881096589,0.0,0.0,0
1501,358.8619700350653,0.0,0.0,0
1502,359.1010519604718,0.0,0.0,0
1503,359.34013388587823,0.0,0.0,0
1504,359.57921581128466,0.0,0.0,0
1505,359.8182977366911,0.0,0.0,0
1506,360.05737966209756,0.0,0.0,0
1507,360.296461587504,0.0,0.0,0
1508,360.5355435129104,0.0,0.0,0
1509,360.7746254383169,0.0,0.0,0
1510,361.0137073637233,0.0,0.0,0
1511,361.25278928912974,0.0,0.0,0
1512,361.49187121453616,0.0,0.0,0
1513,361.73095313994264,0.0,0.0,0
1514,361.97003506534907,0.0,0.0,0
1515,362.2091169907555,0.0,0.0,0
1516,362.4481989161619,0.0,0.0,0
1517,362.6872808415684,0.0,0.0,0
1518,362.9263627669748,0.0,0.0,0
1519,363.16544469238124,0.0,0.0,0
1520,363.40452661778767,0.0,0.0,0
1521,363.64360854319415,0.0,0.0,0
1522,363.8826904686006,0.0,0.0,0
1523,364.121772394007,0.0,0.0,0
1524,364.3608543194135,0.0,0.0,0
1525,364.5999362448199,0.0,0.0,0
1526,364.8390181702263,0.0,0.0,0
1527,365.07810009563275,0.0,0.0,0
1528,365.31718202103923,0.0,0.0,0
1529,365.55626394644565,0.0,0.0,0
1530,365.7953458718521,0.0,0.0,0
1531,366.0344277972585,0.0,0.0,0
1532,366.273509722665,0.0,0.0,0
1533,366.5125916480714,0.0,0.0,0
1534,366.75167357347783,0.0,0.0,0
1535,366.99075549888425,0.0,0.0,0
1536,367.22983742429074,0.0,0.0,0
1537,367.46891934969716,0.0,0.0,0
1538,367.7080012751036,0.0,0.0,0
1539,367.94708320051006,0.0,0.0,0
1540,368.1861651259165,0.0,0.0,0
1541,368.4252470513229,0.0,0.0,0
1542,368.66432897672934,0.0,0.0,0
1543,368.9034109021358,0.0,0.0,1
1544,369.14249282754224,0.0,0.0,0
1545,369.38157475294867,0.0,0.0,0
1546,369.6206566783551,0.0,0.0,0
1547,369.85973860376157,0.0,0.0,0
1548,370.098820529168,0.0,0.0,0
1549,370.3379024545744,0.0,0.0,0
1550,370.5769843799809,0.0,0.0,0
1551,370.8160663053873,0.0,0.0,0
1552,371.05514823079375,0.0,0.0,0
1553,371.2942301562002,0.0,0.0,0
1554,371.53331208160665,0.0,0.0,0
1555,371.7723940070131,0.0,0.0,2
1556,372.0114759324195,0.0,0.0,0
1557,372.2505578578259,0.0,0.0,0
1558,372.4896397832324,0.0,0.0,0
1559,372.72872170863883,0.0,0.0,0
1560,372.96780363404525,0.0,0.0,0
1561,373.2068855594517,0.0,0.0,0
1562,373.44596748485816,0.0,0.0,0
1563,373.6850494102646,0.0,0.0,0
1564,373.924131335671,0.0,0.0,1
1565,374.1632132610775,0.0,0.0,0
1566,374.4022951864839,0.0,0.0,0
1567,374.64137711189034,0.0,0.0,0
1568,374.88045903729676,0.0,0.0,0
1569,375.11954096270324,0.0,0.0,0
1570,375.35862288810966,0.0,0.0,0
1571,375.5977048135161,0.0,0.0,0
1572,375.8367867389225,0.0,0.0,0
1573,376.075868664329,0.0,0.0,0
1574,376.3149505897354,0.0,0.0,0
1575,376.55403251514184,0.0,0.0,0
1576,376.79311444054827,0.0,0.0,0
1577,377.03219636595475,0.0,0.0,0
1578,377.27127829136117,0.0,0.0,0
1579,377.5103602167676,0.0,0.0,0
1580,377.7494421421741,0.0,0.0,0
1581,377.9885240675805,0.0,0.0,0
1582,378.2276059929869,0.0,0.0,0
1583,378.46668791839335,0.0,0.0,0
1584,378.7057698437998,0.0,0.0,0
1585,378.94485176920625,0.0,0.0,0
1586,379.1839336946127,0.0,0.0,0
1587,379.4230156200191,0.0,0.0,0
1588,379.6620975454256,0.0,0.0,0
1589,379.901179470832,0.0,0.0,0
1590,380.14026139623843,0.0,0.0,0
1591,380.37934332164485,0.0,0.0,0
1592,380.61842524705133,0.0,0.0,0
1593,380.85750717245776,0.0,0.0,0
1594,381.0965890978642,0.0,0.0,0
1595,381.33567102327066,0.0,0.0,0
1596,381.5747529486771,0.0,0.0,0
1597,381.8138348740835,0.0,0.0,0
1598,382.05291679948994,0.0,0.0,0
1599,382.2919987248964,0.0,0.0,0
1600,382.53108065030284,0.0,0.0,0
1601,382.77016257570926,0.0,0.0,0
1602,383.0092445011157,0.0,0.0,0
1603,383.24832642652217,0.0,0.0,0
1604,383.4874083519286,0.0,0.0,0
1605,383.726490277335,0.0,0.0,0
1606,383.9655722027415,0.0,0.0,0
1607,384.2046541281479,0.0,0.0,0
1608,384.44373605355435,0.0,0.0,0
1609,384.68281797896077,0.0,0.0,0
1610,384.92189990436725,0.0,0.0,0
1611,385.1609818297737,0.0,0.0,0
1612,385.4000637551801,0.0,0.0,0
1613,385.6391456805865,0.0,0.0,0
1614,385.878227605993,0.0,0.0,0
1615,386.1173095313994,0.0,0.0,0
1616,386.35639145680585,0.0,0.0,0
1617,386.5954733822123,0.0,0.0,0
1618,386.83455530761876,0.0,0.0,0
1619,387.0736372330252,0.0,0.0,0
1620,387.3127191584316,0.0,0.0,0
1621,387.5518010838381,0.0,0.0,0
1622,387.7908830092445,0.0,0.0,1
1623,388.02996493465093,0.0,0.0,0
1624,388.26904686005736,0.0,0.0,0
1625,388.50812878546384,0.0,0.0,0
1626,388.74721071087026,0.0,0.0,0
1627,388.9862926362767,0.0,0.0,0
1628,389.2253745616831,0.0,0.0,0
1629,389.4644564870896,0.0,0.0,0
1630,389.703538412496,0.0,0.0,0
1631,389.94262033790244,0.0,0.0,0
1632,390.18170226330886,0.0,0.0,0
1633,390.42078418871534,0.0,0.0,0
1634,390.65986611412177,0.0,0.0,0
1635,390.8989480395282,0.0,0.0,0
1636,391.1380299649347,0.0,0.0,0
1637,391.3771118903411,0.0,0.0,0
1638,391.6161938157475,0.0,0.0,0
1639,391.85527574115395,0.0,0.0,0
1640,392.0943576665604,0.0,0.0,0
1641,392.33343959196685,0.0,0.0,0
1642,392.5725215173733,0.0,0.0,0
1643,392.8116034427797,0.0,0.0,0
1644,393.0506853681862,0.0,0.0,0
1645,393.2897672935926,0.0,0.0,0
1646,393.528849218999,0.0,0.0,0
1647,393.7679311444055,0.0,0.0,0
1648,394.00701306981193,0.0,0.0,0
1649,394.24609499521836,0.0,0.0,0
1650,394.4851769206248,0.0,0.0,0
1651,394.72425884603126,0.0,0.0,0
1652,394.9633407714377,0.0,0.0,0
1653,395.2024226968441,0.0,0.0,0
1654,395.44150462225053,0.0,0.0,0
1655,395.680586547657,0.0,0.0,0
1656,395.91966847306344,0.0,0.0,0
1657,396.15875039846986,0.0,0.0,0
1658,396.3978323238763,0.0,0.0,0
1659,396.63691424928277,0.0,0.0,0
1660,396.8759961746892,0.0,0.0,0
1661,397.1150781000956,0.0,0.0,0
1662,397.3541600255021,0.0,0.0,0
1663,397.5932419509085,0.0,0.0,0
1664,397.83232387631494,0.0,0.0,0
1665,398.07140580172137,0.0,0.0,0
1666,398.31048772712785,0.0,0.0,0
1667,398.5495696525343,0.0,0.0,0
1668,398.7886515779407,0.0,0.0,0
1669,399.0277335033471,0.0,0.0,0
1670,399.2668154287536,0.0,0.0,0
1671,399.50589735416,0.0,0.0,0
1672,399.74497927956645,0.0,0.0,0
1673,399.9840612049729,0.0,0.0,0
1674,400.22314313037936,0.0,0.0,0
1675,400.4622250557858,0.0,0.0,0
1676,400.7013069811922,0.0,0.0,0
1677,400.9403889065987,0.0,0.0,0
1678,401.1794708320051,0.0,0.0,0
1679,401.41855275741153,0.0,0.0,0
1680,401.65763468281796,0.0,0.0,0
1681,401.89671660822444,0.0,0.0,0
1682,402.13579853363086,0.0,0.0,0
1683,402.3748804590373,0.0,0.0,0
1684,402.6139623844437,0.0,0.0,0
1685,402.8530443098502,0.0,0.0,0
1686,403.0921262352566,0.0,0.0,0
1687,403.33120816066304,0.0,0.0,0
1688,403.57029008606946,0.0,0.0,0
1689,403.80937201147594,0.0,0.0,0
1690,404.04845393688237,0.0,0.0,0
1691,404.2875358622888,0.0,0.0,0
1692,404.5266177876953,0.0,0.0,0
1693,404.7656997131017,0.0,0.0,0
1694,405.0047816385081,0.0,0.0,0
1695,405.24386356391454,0.0,0.0,0
1696,405.482945489321,0.0,0.0,0
1697,405.72202741472745,0.0,0.0,0
1698,405.9611093401339,0.0,0.0,0
1699,406.2001912655403,0.0,0.0,0
1700,406.4392731909468,0.0,0.0,0
1701,406.6783551163532,0.0,0.0,0
1702,406.9174370417596,0.0,0.0,0
1703,407.1565189671661,0.0,0.0,0
1704,407.39560089257253,0.0,0.0,0
1705,407.63468281797896,0.0,0.0,0
1706,407.8737647433854,0.0,0.0,0
1707,408.11284666879186,0.0,0.0,0
1708,408.3519285941983,0.0,0.0,0
1709,408.5910105196047,0.0,0.0,0
1710,408.83009244501113,0.0,0.0,0
1711,409.0691743704176,0.0,0.0,0
1712,409.30825629582404,0.0,0.0,0
1713,409.54733822123046,0.0,0.0,0
1714,409.7864201466369,0.0,0.0,0
1715,410.02550207204337,0.0,0.0,0
1716,410.2645839974498,0.0,0.0,0
1717,410.5036659228562,0.0,0.0,0
1718,410.7427478482627,0.0,0.0,0
1719,410.9818297736691,0.0,0.0,0
1720,411.22091169907554,0.0,0.0,0
1721,411.45999362448197,0.0,0.0,0
1722,411.69907554988845,0.0,0.0,0
1723,411.9381574752949,0.0,0.0,0
1724,412.1772394007013,0.0,0.0,0
1725,412.4163213261077,0.0,0.0,0
1726,412.6554032515142,0.0,0.0,0
1727,412.8944851769206,0.0,0.0,0
1728,413.13356710232705,0.0,0.0,0
1729,413.3726490277335,0.0,0.0,0
1730,413.61173095313995,0.0,0.0,0
1731,413.8508128785464,0.0,0.0,0
1732,414.0898948039528,0.0,0.0,0
1733,414.3289767293593,0.0,0.0,0
1734,414.5680586547657,0.0,0.0,0
1735,414.80714058017213,0.0,0.0,0
1736,415.04622250557856,0.0,0.0,0
1737,415.28530443098504,0.0,0.0,0
1738,415.52438635639146,0.0,0.0,0
1739,415.7634682817979,0.0,0.0,0
1740,416.0025502072043,0.0,0.0,0
1741,416.2416321326108,0.0,0.0,0
1742,416.4807140580172,0.0,0.0,0
1743,416.71979598342364,0.0,0.0,0
1744,416.9588779088301,0.0,0.0,0
1745,417.19795983423654,0.0,0.0,0
1746,417.43704175964297,0.0,0.0,0
1747,417.6761236850494,0.0,0.0,0
1748,417.91520561045587,0.0,0.0,0
1749,418.1542875358623,0.0,0.0,0
1750,418.3933694612687,0.0,0.0,0
1751,418.63245138667514,0.0,0.0,0
1752,418.8715333120816,0.0,0.0,0
1753,419.11061523748805,0.0,0.0,0
1754,419.3496971628945,0.0,0.0,0
1755,419.5887790883009,0.0,0.0,0
1756,419.8278610137074,0.0,0.0,1
1757,420.0669429391138,0.0,0.0,0
1758,420.3060248645202,0.0,0.0,0
1759,420.5451067899267,0.0,0.0,0
1760,420.78418871533313,0.0,0.0,0
1761,421.02327064073955,0.0,0.0,0
1762,421.262352566146,0.0,0.0,0
1763,421.50143449155246,0.0,0.0,0
1764,421.7405164169589,0.0,0.0,0
1765,421.9795983423653,0.0,0.0,0
1766,422.21868026777173,0.0,0.0,0
1767,422.4577621931782,0.0,0.0,0
1768,422.69684411858464,0.0,0.0,0
1769,422.93592604399106,0.0,0.0,0
1770,423.1750079693975,0.0,0.0,0
1771,423.41408989480396,0.0,0.0,0
1772,423.6531718202104,0.0,0.0,0
1773,423.8922537456168,0.0,0.0,0
1774,424.1313356710233,0.0,0.0,0
1775,424.3704175964297,0.0,0.0,0
1776,424.60949952183614,0.0,0.0,0
1777,424.84858144724257,0.0,0.0,0
1778,425.08766337264905,0.0,0.0,0
1779,425.32674529805547,0.0,0.0,0
1780,425.5658272234619,0.0,0.0,0
1781,425.8049091488683,0.0,0.0,0
1782,426.0439910742748,0.0,0.0,0
1783,426.2830729996812,0.0,0.0,0
1784,426.52215492508765,0.0,0.0,0
1785,426.7612368504941,0.0,0.0,0
1786,427.00031877590055,0.0,0.0,0
1787,427.239400701307,0.0,0.0,0
1788,427.4784826267134,0.0,0.0,0
1789,427.7175645521199,0.0,0.0,0
1790,427.9566464775263,0.0,0.0,1
1791,428.19572840293273,0.0,0.0,0
1792,428.43481032833915,0.0,0.0,0
1793,428.67389225374563,0.0,0.0,0
1794,428.91297417915206,0.0,0.0,0
1795,429.1520561045585,0.0,0.0,0
1796,429.3911380299649,0.0,0.0,0
1797,429.6302199553714,0.0,0.0,0
1798,429.8693018807778,0.0,0.0,0
1799,430.10838380618424,0.0,0.0,0
1800,430.3474657315907,0.0,0.0,0
1801,430.58654765699714,0.0,0.0,0
1802,430.82562958240356,0.0,0.0,0
1803,431.06471150781,0.0,0.0,0
1804,431.30379343321647,0.0,0.0,0
1805,431.5428753586229,0.0,0.0,0
1806,431.7819572840293,0.0,0.0,0
1807,432.02103920943574,0.0,0.0,0
1808,432.2601211348422,0.0,0.0,0
1809,432.49920306024865,0.0,0.0,0
1810,432.73828498565507,0.0,0.0,0
1811,432.9773669110615,0.0,0.0,0
1812,433.216448836468,0.0,0.0,0
1813,433.4555307618744,0.0,0.0,0
1814,433.6946126872808,0.0,0.0,0
1815,433.9336946126873,0.0,0.0,0
1816,434.17277653809373,0.0,0.0,0
1817,434.41185846350015,0.0,0.0,0
1818,434.6509403889066,0.0,0.0,0
1819,434.89002231431306,0.0,0.0,0
1820,435.1291042397195,0.0,0.0,0
1821,435.3681861651259,0.0,0.0,0
1822,435.60726809053233,0.0,0.0,0
1823,435.8463500159388,0.0,0.0,0
1824,436.08543194134523,0.0,0.0,0
1825,436.32451386675166,0.0,0.0,0
1826,436.5635957921581,0.0,0.0,0
1827,436.80267771756456,0.0,0.0,0
1828,437.041759642971,0.0,0.0,0
1829,437.2808415683774,0.0,0.0,0
1830,437.5199234937839,0.0,0.0,0
1831,437.7590054191903,0.0,0.0,0
1832,437.99808734459674,0.0,0.0,0
1833,438.23716927000316,0.0,0.0,0
1834,438.47625119540965,0.0,0.0,0
1835,438.71533312081607,0.0,0.0,0
1836,438.9544150462225,0.0,0.0,0
1837,439.1934969716289,0.0,0.0,0
1838,439.4325788970354,0.0,0.0,0
1839,439.6716608224418,0.0,0.0,0
1840,439.91074274784825,0.0,0.0,0
1841,440.1498246732547,0.0,0.0,0
1842,440.38890659866115,0.0,0.0,0
1843,440.6279885240676,0.0,0.0,0
1844,440.867070449474,0.0,0.0,0
1845,441.1061523748805,0.0,0.0,0
1846,441.3452343002869,0.0,0.0,0
1847,441.5843162256933,0.0,0.0,0
1848,441.82339815109975,0.0,0.0,0
1849,442.06248007650623,0.0,0.0,0
1850,442.30156200191266,0.0,0.0,0
1851,442.5406439273191,0.0,0.0,0
1852,442.7797258527255,0.0,0.0,0
1853,443.018807778132,0.0,0.0,0
1854,443.2578897035384,0.0,0.0,0
1855,443.49697162894483,0.0,0.0,0
1856,443.7360535543513,0.0,0.0,0
1857,443.97513547975774,0.0,0.0,0
1858,444.21421740516416,0.0,0.0,0
1859,444.4532993305706,0.0,0.0,0
1860,444.69238125597707,0.0,0.0,0
1861,444.9314631813835,0.0,0.0,0
1862,445.1705451067899,0.0,0.0,0
1863,445.40962703219634,0.0,0.0,0
1864,445.6487089576028,0.0,0.0,0
1865,445.88779088300925,0.0,0.0,0
1866,446.12687280841567,0.0,0.0,0
1867,446.3659547338221,0.0,0.0,0
1868,446.6050366592286,0.0,0.0,0
1869,446.844118584635,0.0,0.0,0
1870,447.0832005100414,0.0,0.0,0
1871,447.3222824354479,0.0,0.0,0
1872,447.5613643608543,0.0,0.0,0
1873,447.80044628626075,0.0,0.0,0
1874,448.0395282116672,0.0,0.0,0
1875,448.27861013707366,0.0,0.0,0
1876,448.5176920624801,0.0,0.0,0
1877,448.7567739878865,0.0,0.0,0
1878,448.9958559132929,0.0,0.0,0
1879,449.2349378386994,0.0,0.0,0
1880,449.47401976410583,0.0,0.0,0
1881,449.71310168951226,0.0,0.0,0
1882,449.95218361491874,0.0,0.0,0
1883,450.19126554032516,0.0,0.0,0
1884,450.4303474657316,0.0,0.0,0
1885,450.669429391138,0.0,0.0,0
1886,450.9085113165445,0.0,0.0,0
1887,451.1475932419509,0.0,0.0,0
1888,451.38667516735734,0.0,0.0,0
1889,451.62575709276376,0.0,0.0,0
1890,451.86483901817024,0.0,0.0,0
1891,452.10392094357667,0.0,0.0,0
1892,452.3430028689831,0.0,0.0,0
1893,452.5820847943895,0.0,0.0,0
1894,452.821166719796,0.0,0.0,0
1895,453.0602486452024,0.0,0.0,0
1896,453.29933057060884,0.0,0.0,0
1897,453.5384124960153,0.0,0.0,0
1898,453.77749442142175,0.0,0.0,0
1899,454.0165763468282,0.0,0.0,0
1900,454.2556582722346,0.0,0.0,0
1901,454.4947401976411,0.0,0.0,0
1902,454.7338221230475,0.0,0.0,0
1903,454.9729040484539,0.0,0.0,0
1904,455.21198597386035,0.0,0.0,0
1905,455.45106789926683,0.0,0.0,0
1906,455.69014982467326,0.0,0.0,0
1907,455.9292317500797,0.0,0.0,0
1908,456.1683136754861,0.0,0.0,0
1909,456.4073956008926,0.0,0.0,0
1910,456.646477526299,0.0,0.0,0
1911,456.88555945170543,0.0,0.0,0
1912,457.1246413771119,0.0,0.0,0
1913,457.36372330251834,0.0,0.0,0
1914,457.60280522792476,0.0,0.0,0
1915,457.8418871533312,0.0,0.0,0
1916,458.08096907873767,0.0,0.0,0
1917,458.3200510041441,0.0,0.0,0
1918,458.5591329295505,0.0,0.0,0
1919,458.79821485495694,0.0,0.0,0
1920,459.0372967803634,0.0,0.0,0
1921,459.27637870576984,0.0,0.0,0
1922,459.51546063117627,0.0,0.0,0
1923,459.7545425565827,0.0,0.0,0
1924,459.9936244819892,0.0,0.0,0
1925,460.2327064073956,0.0,0.0,0
1926,460.471788332802,0.0,0.0,0
1927,460.7108702582085,0.0,0.0,0
1928,460.9499521836149,0.0,0.0,0
1929,461.18903410902135,0.0,0.0,0
1930,461.4281160344278,0.0,0.0,0
1931,461.66719795983425,0.0,0.0,0
1932,461.9062798852407,0.0,0.0,0
1933,462.1453618106471,0.0,0.0,0
1934,462.3844437360535,0.0,0.0,0
1935,462.62352566146,0.0,0.0,0
1936,462.86260758686643,0.0,0.0,0
1937,463.10168951227286,0.0,0.0,0
1938,463.34077143767934,0.0,0.0,0
1939,463.57985336308576,0.0,0.0,0
1940,463.8189352884922,0.0,0.0,0
1941,464.0580172138986,0.0,0.0,0
1942,464.2970991393051,0.0,0.0,0
1943,464.5361810647115,0.0,0.0,0
1944,464.77526299011794,0.0,0.0,0
1945,465.01434491552436,0.0,0.0,0
1946,465.25342684093084,0.0,0.0,0
1947,465.49250876633727,0.0,0.0,0
1948,465.7315906917437,0.0,0.0,0
1949,465.9706726171501,0.0,0.0,0
1950,466.2097545425566,0.0,0.0,0
1951,466.448836467963,0.0,0.0,0
1952,466.68791839336944,0.0,0.0,0
1953,466.9270003187759,0.0,0.0,0
1954,467.16608224418235,0.0,0.0,0
1955,467.4051641695888,0.0,0.0,0
1956,467.6442460949952,0.0,0.0,0
1957,467.8833280204017,0.0,0.0,0
1958,468.1224099458081,0.0,0.0,0
1959,468.3614918712145,0.0,0.0,0
1960,468.60057379662095,0.0,0.0,0
1961,468.83965572202743,0.0,0.0,0
1962,469.07873764743385,0.0,0.0,0
1963,469.3178195728403,0.0,0.0,0
1964,469.5569014982467,0.0,0.0,0
1965,469.7959834236532,0.0,0.0,0
1966,470.0350653490596,0.0,0.0,0
1967,470.27414727446603,0.0,0.0,0
1968,470.5132291998725,0.0,0.0,0
1969,470.75231112527894,0.0,0.0,0
1970,470.99139305068536,0.0,0.0,1
1971,471.2304749760918,0.0,0.0,0
1972,471.46955690149827,0.0,0.0,0
1973,471.7086388269047,0.0,0.0,0
1974,471.9477207523111,0.0,0.0,1
1975,472.18680267771754,0.0,0.0,0
1976,472.425884603124,0.0,0.0,0
1977,472.66496652853044,0.0,0.0,0
1978,472.90404845393687,0.0,0.0,0
1979,473.14313037934335,0.0,0.0,0
1980,473.38221230474977,0.0,0.0,0
1981,473.6212942301562,0.0,0.0,0
1982,473.8603761555626,0.0,0.0,0
1983,474.0994580809691,0.0,0.0,0
1984,474.3385400063755,0.0,0.0,0
1985,474.57762193178195,0.0,0.0,0
1986,474.8167038571884,0.0,0.0,0
1987,475.05578578259485,0.0,0.0,0
1988,475.2948677080013,0.0,0.0,0
1989,475.5339496334077,0.0,0.0,0
1990,475.7730315588141,0.0,0.0,0
1991,476.0121134842206,0.0,0.0,0
1992,476.25119540962703,0.0,0.0,0
1993,476.49027733503345,0.0,0.0,0
1994,476.72935926043994,0.0,0.0,0
1995,476.96844118584636,0.0,0.0,0
1996,477.2075231112528,0.0,0.0,0
1997,477.4466050366592,0.0,0.0,0
1998,477.6856869620657,0.0,0.0,0
1999,477.9247688874721,0.0,0.0,0
2000,478.16385081287854,0.0,0.0,0
2001,478.40293273828496,0.0,0.0,0
2002,478.64201466369144,0.0,0.0,0
2003,478.88109658909787,0.0,0.0,0
2004,479.1201785145043,0.0,0.0,0
2005,479.3592604399107,0.0,0.0,0
2006,479.5983423653172,0.0,0.0,0
2007,479.8374242907236,0.0,0.0,0
2008,480.07650621613004,0.0,0.0,0
2009,480.3155881415365,0.0,0.0,0
2010,480.55467006694295,0.0,0.0,0
2011,480.79375199234937,0.0,0.0,0
2012,481.0328339177558,0.0,0.0,0
2013,481.2719158431623,0.0,0.0,0
2014,481.5109977685687,0.0,0.0,0
2015,481.7500796939751,0.0,0.0,0
2016,481.98916161938155,0.0,0.0,0
2017,482.22824354478803,0.0,0.0,0
2018,482.46732547019445,0.0,0.0,0
2019,482.7064073956009,0.0,0.0,0
2020,482.9454893210073,0.0,0.0,0
2021,483.1845712464138,0.0,0.0,0
2022,483.4236531718202,0.0,0.0,0
2023,483.66273509722663,0.0,0.0,0
2024,483.9018170226331,0.0,0.0,0
2025,484.14089894803953,0.0,0.0,0
2026,484.37998087344596,0.0,0.0,0
2027,484.6190627988524,0.0,0.0,0
2028,484.85814472425886,0.0,0.0,0
2029,485.0972266496653,0.0,0.0,0
2030,485.3363085750717,0.0,0.0,0
2031,485.57539050047814,0.0,0.0,0
2032,485.8144724258846,0.0,0.0,0
2033,486.05355435129104,0.0,0.0,0
2034,486.29263627669746,0.0,0.0,0
2035,486.53171820210395,0.0,0.0,0
2036,486.77080012751037,0.0,0.0,0
2037,487.0098820529168,0.0,0.0,0
2038,487.2489639783232,0.0,0.0,0
2039,487.4880459037297,0.0,0.0,0
2040,487.7271278291361,0.0,0.0,0
2041,487.96620975454255,0.0,0.0,0
2042,488.20529167994897,0.0,0.0,0
2043,488.44437360535545,0.0,0.0,0
2044,488.6834555307619,0.0,0.0,0
2045,488.9225374561683,0.0,0.0,0
2046,489.1616193815747,0.0,0.0,0
2047,489.4007013069812,0.0,0.0,0
2048,489.63978323238763,0.0,0.0,0
2049,489.87886515779405,0.0,0.0,0
2050,490.11794708320053,0.0,0.0,0
2051,490.35702900860696,0.0,0.0,0
2052,490.5961109340134,0.0,0.0,0
2053,490.8351928594198,0.0,0.0,0
2054,491.0742747848263,0.0,0.0,0
2055,491.3133567102327,0.0,0.0,0
2056,491.55243863563913,0.0,0.0,0
2057,491.79152056104556,0.0,0.0,0
2058,492.03060248645204,0.0,0.0,0
2059,492.26968441185846,0.0,0.0,0
2060,492.5087663372649,0.0,0.0,0
2061,492.7478482626713,0.0,0.0,0
2062,492.9869301880778,0.0,0.0,1
2063,493.2260121134842,0.0,0.0,0
2064,493.46509403889064,0.0,0.0,0
2065,493.7041759642971,0.0,0.0,0
2066,493.94325788970355,0.0,0.0,0
2067,494.18233981510997,0.0,0.0,0
2068,494.4214217405164,0.0,0.0,0
2069,494.6605036659229,0.0,0.0,0
2070,494.8995855913293,0.0,0.0,0
2071,495.1386675167357,0.0,0.0,0
2072,495.37774944214215,0.0,0.0,0
2073,495.6168313675486,0.0,0.0,0
2074,495.85591329295505,0.0,0.0,0
2075,496.0949952183615,0.0,0.0,0
2076,496.33407714376796,0.0,0.0,0
2077,496.5731590691744,0.0,0.0,0
2078,496.8122409945808,0.0,0.0,0
2079,497.05132291998723,0.0,0.0,0
2080,497.2904048453937,0.0,0.0,0
2081,497.52948677080013,0.0,0.0,0
2082,497.76856869620656,0.0,0.0,0
2083,498.007650621613,0.0,0.0,0
2084,498.24673254701946,0.0,0.0,0
2085,498.4858144724259,0.0,0.0,0
2086,498.7248963978323,0.0,0.0,0
2087,498.96397832323873,0.0,0.0,0
2088,499.2030602486452,0.0,0.0,0
2089,499.44214217405164,0.0,0.0,0
2090,499.68122409945806,0.0,0.0,0
2091,499.92030602486454,0.0,0.0,0
2092,500.15938795027097,0.0,0.0,0
2093,500.3984698756774,0.0,0.0,0
2094,500.6375518010838,0.0,0.0,0
2095,500.8766337264903,0.0,0.0,0
2096,501.1157156518967,0.0,0.0,0
2097,501.35479757730315,0.0,0.0,0
2098,501.59387950270957,0.0,0.0,0
2099,501.83296142811605,0.0,0.0,0
2100,502.0720433535225,0.0,0.0,0
2101,502.3111252789289,0.0,0.0,0
2102,502.5502072043353,0.0,0.0,0
2103,502.7892891297418,0.0,0.0,0
2104,503.0283710551482,0.0,0.0,0
2105,503.26745298055465,0.0,0.0,0
2106,503.50653490596113,0.0,0.0,0
2107,503.74561683136756,0.0,0.0,0
2108,503.984698756774,0.0,0.0,0
2109,504.2237806821804,0.0,0.0,0
2110,504.4628626075869,0.0,0.0,0
2111,504.7019445329933,0.0,0.0,0
2112,504.94102645839973,0.0,0.0,0
2113,505.18010838380616,0.0,0.0,0
2114,505.41919030921264,0.0,0.0,0
2115,505.65827223461906,0.0,0.0,0
2116,505.8973541600255,0.0,0.0,0
2117,506.1364360854319,0.0,0.0,0
2118,506.3755180108384,0.0,0.0,0
2119,506.6145999362448,0.0,0.0,0
2120,506.85368186165124,0.0,0.0,0
2121,507.0927637870577,0.0,0.0,0
2122,507.33184571246414,0.0,0.0,0
2123,507.57092763787057,0.0,0.0,0
2124,507.810009563277,0.0,0.0,0
2125,508.0490914886835,0.0,0.0,0
2126,508.2881734140899,0.0,0.0,0
2127,508.5272553394963,0.0,0.0,0
2128,508.76633726490275,0.0,0.0,0
2129,509.0054191903092,0.0,0.0,0
2130,509.24450111571565,0.0,0.0,0
2131,509.4835830411221,0.0,0.0,0
2132,509.72266496652855,0.0,0.0,0
2133,509.961746891935,0.0,0.0,0
2134,510.2008288173414,0.0,0.0,0
2135,510.4399107427478,0.0,0.0,0
2136,510.6789926681543,0.0,0.0,0
2137,510.91807459356073,0.0,0.0,0
2138,511.15715651896716,0.0,0.0,0
2139,511.3962384443736,0.0,0.0,0
2140,511.63532036978006,0.0,0.0,0
2141,511.8744022951865,0.0,0.0,0
2142,512.1134842205929,0.0,0.0,0
2143,512.3525661459994,0.0,0.0,0
2144,512.5916480714058,0.0,0.0,0
2145,512.8307299968122,0.0,0.0,0
2146,513.0698119222187,0.0,0.0,0
2147,513.3088938476251,0.0,0.0,0
2148,513.5479757730316,0.0,0.0,0
2149,513.787057698438,0.0,0.0,0
2150,514.0261396238444,0.0,0.0,0
2151,514.2652215492509,0.0,0.0,0
2152,514.5043034746573,0.0,0.0,0
2153,514.7433854000637,0.0,0.0,0
2154,514.9824673254702,0.0,0.0,0
2155,515.2215492508766,0.0,0.0,0
2156,515.4606311762831,0.0,0.0,0
2157,515.6997131016896,0.0,0.0,0
2158,515.9387950270959,0.0,0.0,0
2159,516.1778769525024,0.0,0.0,0
2160,516.4169588779089,0.0,0.0,0
2161,516.6560408033152,0.0,0.0,0
2162,516.8951227287217,0.0,0.0,0
2163,517.1342046541281,0.0,0.0,0
2164,517.3732865795346,0.0,0.0,0
2165,517.6123685049411,0.0,0.0,0
2166,517.8514504303474,0.0,0.0,0
2167,518.0905323557539,0.0,0.0,0
2168,518.3296142811604,0.0,0.0,0
2169,518.5686962065668,0.0,0.0,0
2170,518.8077781319732,0.0,0.0,0
2171,519.0468600573796,0.0,0.0,0
2172,519.2859419827861,0.0,0.0,0
2173,519.5250239081926,0.0,0.0,0
2174,519.7641058335989,0.0,0.0,0
2175,520.0031877590054,0.0,0.0,0
2176,520.2422696844119,0.0,0.0,0
2177,520.4813516098183,0.0,0.0,0
2178,520.7204335352247,0.0,0.0,0
2179,520.9595154606312,0.0,0.0,0
2180,521.1985973860376,0.0,0.0,0
2181,521.4376793114441,0.0,0.0,0
2182,521.6767612368504,0.0,0.0,0
2183,521.9158431622569,0.0,0.0,0
2184,522.1549250876634,0.0,0.0,0
2185,522.3940070130698,0.0,0.0,0
2186,522.6330889384762,0.0,0.0,0
2187,522.8721708638827,0.0,0.0,0
2188,523.1112527892891,0.0,0.0,0
2189,523.3503347146956,0.0,0.0,0
2190,523.5894166401021,0.0,0.0,0
2191,523.8284985655084,0.0,0.0,0
2192,524.0675804909149,0.0,0.0,0
2193,524.3066624163213,0.0,0.0,0
2194,524.5457443417278,0.0,0.0,0
2195,524.7848262671342,0.0,0.0,1
2196,525.0239081925406,0.0,0.0,0
2197,525.2629901179471,0.0,0.0,0
2198,525.5020720433536,0.0,0.0,0
2199,525.7411539687599,0.0,0.0,0
2200,525.9802358941664,0.0,0.0,0
2201,526.2193178195729,0.0,0.0,0
2202,526.4583997449793,0.0,0.0,0
2203,526.6974816703857,0.0,0.0,0
2204,526.9365635957921,0.0,0.0,0
2205,527.1756455211986,0.0,0.0,0
2206,527.4147274466051,0.0,0.0,0
2207,527.6538093720114,0.0,0.0,0
2208,527.8928912974179,0.0,0.0,0
2209,528.1319732228244,0.0,0.0,0
2210,528.3710551482308,0.0,0.0,0
2211,528.6101370736372,0.0,0.0,0
2212,528.8492189990436,0.0,0.0,0
2213,529.0883009244501,0.0,0.0,0
2214,529.3273828498566,0.0,0.0,0
2215,529.566464775263,0.0,0.0,0
2216,529.8055467006694,0.0,0.0,0
2217,530.0446286260759,0.0,0.0,0
2218,530.2837105514823,0.0,0.0,0
2219,530.5227924768888,0.0,0.0,0
2220,530.7618744022952,0.0,0.0,0
2221,531.0009563277016,0.0,0.0,0
2222,531.2400382531081,0.0,0.0,0
2223,531.4791201785144,0.0,0.0,0
2224,531.7182021039209,0.0,0.0,0
2225,531.9572840293274,0.0,0.0,0
2226,532.1963659547338,0.0,0.0,0
2227,532.4354478801403,0.0,0.0,0
2228,532.6745298055467,0.0,0.0,0
2229,532.9136117309531,0.0,0.0,0
2230,533.1526936563596,0.0,0.0,0
2231,533.3917755817661,0.0,0.0,0
2232,533.6308575071724,0.0,0.0,0
2233,533.8699394325789,0.0,0.0,0
2234,534.1090213579853,0.0,0.0,0
2235,534.3481032833918,0.0,0.0,0
2236,534.5871852087982,0.0,0.0,0
2237,534.8262671342046,0.0,0.0,0
2238,535.0653490596111,0.0,0.0,0
2239,535.3044309850176,0.0,0.0,0
2240,535.5435129104239,0.0,0.0,0
2241,535.7825948358304,0.0,0.0,0
2242,536.0216767612369,0.0,0.0,0
2243,536.2607586866433,0.0,0.0,0
2244,536.4998406120498,0.0,0.0,0
2245,536.7389225374561,0.0,0.0,0
2246,536.9780044628626,0.0,0.0,0
2247,537.2170863882691,0.0,0.0,0
2248,537.4561683136754,0.0,0.0,0
2249,537.6952502390819,0.0,0.0,0
2250,537.9343321644884,0.0,0.0,0
2251,538.1734140898948,0.0,0.0,0
2252,538.4124960153013,0.0,0.0,0
2253,538.6515779407076,0.0,0.0,0
2254,538.8906598661141,0.0,0.0,0
2255,539.1297417915206,0.0,0.0,0
2256,539.368823716927,0.0,0.0,0
2257,539.6079056423334,0.0,0.0,0
2258,539.8469875677399,0.0,0.0,0
2259,540.0860694931463,0.0,0.0,0
2260,540.3251514185528,0.0,0.0,0
2261,540.5642333439592,0.0,0.0,0
2262,540.8033152693656,0.0,0.0,0
2263,541.0423971947721,0.0,0.0,0
2264,541.2814791201785,0.0,0.0,0
2265,541.5205610455849,0.0,0.0,0
2266,541.7596429709914,0.0,0.0,0
2267,541.9987248963978,0.0,0.0,0
2268,542.2378068218043,0.0,0.0,0
2269,542.4768887472108,0.0,0.0,0
2270,542.7159706726171,0.0,0.0,0
2271,542.9550525980236,0.0,0.0,0
2272,543.1941345234301,0.0,0.0,0
2273,543.4332164488364,0.0,0.0,0
2274,543.6722983742429,0.0,0.0,0
2275,543.9113802996493,0.0,0.0,0
2276,544.1504622250558,0.0,0.0,0
2277,544.3895441504623,0.0,0.0,0
2278,544.6286260758686,0.0,0.0,0
2279,544.8677080012751,0.0,0.0,1
2280,545.1067899266816,0.0,0.0,0
2281,545.345871852088,0.0,0.0,0
2282,545.5849537774944,0.0,0.0,0
2283,545.8240357029008,0.0,0.0,0
2284,546.0631176283073,0.0,0.0,0
2285,546.3021995537138,0.0,0.0,0
2286,546.5412814791201,0.0,0.0,0
2287,546.7803634045266,0.0,0.0,0
2288,547.0194453299331,0.0,0.0,0
2289,547.2585272553395,0.0,0.0,0
2290,547.4976091807459,0.0,0.0,0
2291,547.7366911061524,0.0,0.0,0
2292,547.9757730315588,0.0,0.0,0
2293,548.2148549569653,0.0,0.0,0
2294,548.4539368823716,0.0,0.0,0
2295,548.6930188077781,0.0,0.0,0
2296,548.9321007331846,0.0,0.0,0
2297,549.171182658591,0.0,0.0,0
2298,549.4102645839974,0.0,0.0,0
2299,549.6493465094039,0.0,0.0,0
2300,549.8884284348103,0.0,0.0,0
2301,550.1275103602168,0.0,0.0,0
2302,550.3665922856233,0.0,0.0,0
2303,550.6056742110296,0.0,0.0,0
2304,550.8447561364361,0.0,0.0,0
2305,551.0838380618425,0.0,0.0,0
2306,551.322919987249,0.0,0.0,0
2307,551.5620019126554,0.0,0.0,0
2308,551.8010838380618,0.0,0.0,0
2309,552.0401657634683,0.0,0.0,0
2310,552.2792476888748,0.0,0.0,0
2311,552.5183296142811,0.0,0.0,0
2312,552.7574115396876,0.0,0.0,0
2313,552.9964934650941,0.0,0.0,0
2314,553.2355753905005,0.0,0.0,0
2315,553.4746573159069,0.0,0.0,0
2316,553.7137392413133,0.0,0.0,0
2317,553.9528211667198,0.0,0.0,0
2318,554.1919030921263,0.0,0.0,0
2319,554.4309850175326,0.0,0.0,0
2320,554.6700669429391,0.0,0.0,0
2321,554.9091488683456,0.0,0.0,0
2322,555.148230793752,0.0,0.0,0
2323,555.3873127191584,0.0,0.0,0
2324,555.6263946445648,0.0,0.0,0
2325,555.8654765699713,0.0,0.0,0
2326,556.1045584953778,0.0,0.0,0
2327,556.3436404207841,0.0,0.0,0
2328,556.5827223461906,0.0,0.0,0
2329,556.8218042715971,0.0,0.0,0
2330,557.0608861970035,0.0,0.0,0
2331,557.29996812241,0.0,0.0,0
2332,557.5390500478164,0.0,0.0,0
2333,557.7781319732228,0.0,0.0,1
2334,558.0172138986293,0.0,0.0,0
2335,558.2562958240356,0.0,0.0,0
2336,558.4953777494421,0.0,0.0,0
2337,558.7344596748486,0.0,0.0,0
2338,558.973541600255,0.0,0.0,0
2339,559.2126235256615,0.0,0.0,0
2340,559.4517054510679,0.0,0.0,0
2341,559.6907873764743,0.0,0.0,0
2342,559.9298693018808,0.0,0.0,0
2343,560.1689512272873,0.0,0.0,0
2344,560.4080331526936,0.0,0.0,0
2345,560.6471150781001,0.0,0.0,0
2346,560.8861970035065,0.0,0.0,0
2347,561.125278928913,0.0,0.0,0
2348,561.3643608543194,0.0,0.0,0
2349,561.6034427797258,0.0,0.0,0
2350,561.8425247051323,0.0,0.0,0
2351,562.0816066305388,0.0,0.0,0
2352,562.3206885559451,0.0,0.0,0
2353,562.5597704813516,0.0,0.0,0
2354,562.7988524067581,0.0,0.0,0
2355,563.0379343321645,0.0,0.0,0
2356,563.277016257571,0.0,0.0,0
2357,563.5160981829773,0.0,0.0,0
2358,563.7551801083838,0.0,0.0,0
2359,563.9942620337903,0.0,0.0,0
2360,564.2333439591966,0.0,0.0,0
2361,564.4724258846031,0.0,0.0,0
2362,564.7115078100096,0.0,0.0,0
2363,564.950589735416,0.0,0.0,0
2364,565.1896716608225,0.0,0.0,0
2365,565.4287535862288,0.0,0.0,0
2366,565.6678355116353,0.0,0.0,0
2367,565.9069174370418,0.0,0.0,0
2368,566.1459993624482,0.0,0.0,0
2369,566.3850812878546,0.0,0.0,0
2370,566.6241632132611,0.0,0.0,0
2371,566.8632451386675,0.0,0.0,0
2372,567.102327064074,0.0,0.0,0
2373,567.3414089894804,0.0,0.0,0
2374,567.5804909148868,0.0,0.0,0
2375,567.8195728402933,0.0,0.0,0
2376,568.0586547656997,0.0,0.0,0
2377,568.2977366911061,0.0,0.0,0
2378,568.5368186165126,0.0,0.0,0
2379,568.775900541919,0.0,0.0,0
2380,569.0149824673255,0.0,0.0,0
2381,569.254064392732,0.0,0.0,0
2382,569.4931463181383,0.0,0.0,0
2383,569.7322282435448,0.0,0.0,0
2384,569.9713101689513,0.0,0.0,0
2385,570.2103920943576,0.0,0.0,0
2386,570.4494740197641,0.0,0.0,0
2387,570.6885559451705,0.0,0.0,0
2388,570.927637870577,0.0,0.0,0
2389,571.1667197959835,0.0,0.0,0
2390,571.4058017213898,0.0,0.0,0
2391,571.6448836467963,0.0,0.0,0
2392,571.8839655722028,0.0,0.0,1
2393,572.1230474976092,0.0,0.0,0
2394,572.3621294230156,0.0,0.0,0
2395,572.6012113484221,0.0,0.0,0
2396,572.8402932738285,0.0,0.0,0
2397,573.079375199235,0.0,0.0,0
2398,573.3184571246413,0.0,0.0,0
2399,573.5575390500478,0.0,0.0,0
2400,573.7966209754543,0.0,0.0,0
2401,574.0357029008607,0.0,0.0,0
2402,574.2747848262671,0.0,0.0,0
2403,574.5138667516736,0.0,0.0,0
2404,574.75294867708,0.0,0.0,0
2405,574.9920306024865,0.0,0.0,0
2406,575.2311125278928,0.0,0.0,0
2407,575.4701944532993,0.0,0.0,0
2408,575.7092763787058,0.0,0.0,0
2409,575.9483583041122,0.0,0.0,0
2410,576.1874402295186,0.0,0.0,0
2411,576.4265221549251,0.0,0.0,0
2412,576.6656040803315,0.0,0.0,0
2413,576.904686005738,0.0,0.0,0
2414,577.1437679311445,0.0,0.0,0
2415,577.3828498565508,0.0,0.0,0
2416,577.6219317819573,0.0,0.0,0
2417,577.8610137073637,0.0,0.0,0
2418,578.1000956327701,0.0,0.0,0
2419,578.3391775581766,0.0,0.0,0
2420,578.578259483583,0.0,0.0,0
2421,578.8173414089895,0.0,0.0,0
2422,579.056423334396,0.0,0.0,0
2423,579.2955052598023,0.0,0.0,0
2424,579.5345871852088,0.0,0.0,0
2425,579.7736691106153,0.0,0.0,0
2426,580.0127510360217,0.0,0.0,0
2427,580.2518329614281,0.0,0.0,0
2428,580.4909148868345,0.0,0.0,0
2429,580.729996812241,0.0,0.0,0
2430,580.9690787376475,0.0,0.0,0
2431,581.2081606630538,0.0,0.0,0
2432,581.4472425884603,0.0,0.0,0
2433,581.6863245138668,0.0,0.0,0
2434,581.9254064392732,0.0,0.0,0
2435,582.1644883646796,0.0,0.0,0
2436,582.4035702900861,0.0,0.0,0
2437,582.6426522154925,0.0,0.0,0
2438,582.881734140899,0.0,0.0,0
2439,583.1208160663053,0.0,0.0,0
2440,583.3598979917118,0.0,0.0,0
2441,583.5989799171183,0.0,0.0,0
2442,583.8380618425247,0.0,0.0,0
2443,584.0771437679311,0.0,0.0,0
2444,584.3162256933376,0.0,0.0,0
2445,584.555307618744,0.0,0.0,0
2446,584.7943895441505,0.0,0.0,0
2447,585.0334714695568,0.0,0.0,0
2448,585.2725533949633,0.0,0.0,0
2449,585.5116353203698,0.0,0.0,0
2450,585.7507172457762,0.0,0.0,0
2451,585.9897991711827,0.0,0.0,0
2452,586.2288810965891,0.0,0.0,0
2453,586.4679630219955,0.0,0.0,0
2454,586.707044947402,0.0,0.0,0
2455,586.9461268728085,0.0,0.0,0
2456,587.1852087982148,0.0,0.0,0
2457,587.4242907236213,0.0,0.0,0
2458,587.6633726490277,0.0,0.0,0
2459,587.9024545744342,0.0,0.0,0
2460,588.1415364998406,0.0,0.0,0
2461,588.380618425247,0.0,0.0,0
2462,588.6197003506535,0.0,0.0,0
2463,588.85878227606,0.0,0.0,0
2464,589.0978642014663,0.0,0.0,0
2465,589.3369461268728,0.0,0.0,0
2466,589.5760280522793,0.0,0.0,0
2467,589.8151099776857,0.0,0.0,0
2468,590.0541919030921,0.0,0.0,0
2469,590.2932738284985,0.0,0.0,0
2470,590.532355753905,0.0,0.0,0
2471,590.7714376793115,0.0,0.0,0
2472,591.0105196047178,0.0,0.0,0
2473,591.2496015301243,0.0,0.0,0
2474,591.4886834555308,0.0,0.0,0
2475,591.7277653809372,0.0,0.0,0
2476,591.9668473063437,0.0,0.0,0
2477,592.2059292317501,0.0,0.0,0
2478,592.4450111571565,0.0,0.0,0
2479,592.684093082563,0.0,0.0,0
2480,592.9231750079693,0.0,0.0,0
2481,593.1622569333758,0.0,0.0,0
2482,593.4013388587823,0.0,0.0,0
2483,593.6404207841887,0.0,0.0,0
2484,593.8795027095952,0.0,0.0,0
2485,594.1185846350016,0.0,0.0,0
2486,594.357666560408,0.0,0.0,0
2487,594.5967484858145,0.0,0.0,0
2488,594.8358304112209,0.0,0.0,0
2489,595.0749123366273,0.0,0.0,0
2490,595.3139942620338,0.0,0.0,0
2491,595.5530761874402,0.0,0.0,0
2492,595.7921581128467,0.0,0.0,0
2493,596.0312400382531,0.0,0.0,0
2494,596.2703219636595,0.0,0.0,0
2495,596.509403889066,0.0,0.0,0
2496,596.7484858144725,0.0,0.0,0
2497,596.9875677398788,0.0,0.0,0
2498,597.2266496652853,0.0,0.0,0
2499,597.4657315906917,0.0,0.0,0
2500,597.7048135160982,0.0,0.0,0
2501,597.9438954415047,0.0,0.0,0
2502,598.182977366911,0.0,0.0,0
2503,598.4220592923175,0.0,0.0,0
2504,598.661141217724,0.0,0.0,0
2505,598.9002231431303,0.0,0.0,0
2506,599.1393050685368,0.0,0.0,0
2507,599.3783869939433,0.0,0.0,0
2508,599.6174689193497,0.0,0.0,0
2509,599.8565508447562,0.0,0.0,0
2510,600.0956327701625,0.0,0.0,0
2511,600.334714695569,0.0,0.0,0
2512,600.5737966209755,0.0,0.0,0
2513,600.8128785463819,0.0,0.0,0
2514,601.0519604717883,0.0,0.0,0
2515,601.2910423971948,0.0,0.0,0
2516,601.5301243226012,0.0,0.0,0
2517,601.7692062480077,0.0,0.0,0
2518,602.008288173414,0.0,0.0,0
2519,602.2473700988205,0.0,0.0,0
2520,602.486452024227,0.0,0.0,0
2521,602.7255339496334,0.0,0.0,0
2522,602.9646158750398,0.0,0.0,0
2523,603.2036978004463,0.0,0.0,0
2524,603.4427797258527,0.0,0.0,0
2525,603.6818616512592,0.0,0.0,0
2526,603.9209435766656,0.0,0.0,0
2527,604.160025502072,0.0,0.0,0
2528,604.3991074274785,0.0,0.0,0
2529,604.6381893528849,0.0,0.0,0
2530,604.8772712782913,0.0,0.0,0
2531,605.1163532036978,0.0,0.0,0
2532,605.3554351291042,0.0,0.0,0
2533,605.5945170545107,0.0,0.0,0
2534,605.8335989799172,0.0,0.0,0
2535,606.0726809053235,0.0,0.0,0
2536,606.31176283073,0.0,0.0,0
2537,606.5508447561365,0.0,0.0,0
2538,606.7899266815429,0.0,0.0,0
2539,607.0290086069493,0.0,0.0,0
2540,607.2680905323557,0.0,0.0,0
2541,607.5071724577622,0.0,0.0,0
2542,607.7462543831687,0.0,0.0,0
2543,607.985336308575,0.0,0.0,0
2544,608.2244182339815,0.0,0.0,0
2545,608.463500159388,0.0,0.0,0
2546,608.7025820847944,0.0,0.0,0
2547,608.9416640102008,0.0,0.0,0
2548,609.1807459356073,0.0,0.0,0
2549,609.4198278610137,0.0,0.0,0
2550,609.6589097864202,0.0,0.0,0
2551,609.8979917118265,0.0,0.0,0
2552,610.137073637233,0.0,0.0,0
2553,610.3761555626395,0.0,0.0,0
2554,610.6152374880459,0.0,0.0,0
2555,610.8543194134523,0.0,0.0,0
2556,611.0934013388588,0.0,0.0,0
2557,611.3324832642652,0.0,0.0,0
2558,611.5715651896717,0.0,0.0,0
2559,611.810647115078,0.0,0.0,0
2560,612.0497290404845,0.0,0.0,0
2561,612.288810965891,0.0,0.0,0
2562,612.5278928912974,0.0,0.0,0
2563,612.7669748167039,0.0,0.0,0
2564,613.0060567421103,0.0,0.0,0
2565,613.2451386675167,0.0,0.0,0
2566,613.4842205929232,0.0,0.0,0
2567,613.7233025183297,0.0,0.0,0
2568,613.962384443736,0.0,0.0,0
2569,614.2014663691425,0.0,0.0,0
2570,614.4405482945489,0.0,0.0,0
2571,614.6796302199554,0.0,0.0,0
2572,614.9187121453618,0.0,0.0,0
2573,615.1577940707682,0.0,0.0,0
2574,615.3968759961747,0.0,0.0,0
2575,615.6359579215812,0.0,0.0,0
2576,615.8750398469875,0.0,0.0,0
2577,616.114121772394,0.0,0.0,0
2578,616.3532036978005,0.0,0.0,0
2579,616.5922856232069,0.0,0.0,0
2580,616.8313675486133,0.0,0.0,0
2581,617.0704494740197,0.0,0.0,0
2582,617.3095313994262,0.0,0.0,0
2583,617.5486133248327,0.0,0.0,0
2584,617.787695250239,0.0,0.0,0
2585,618.0267771756455,0.0,0.0,0
2586,618.265859101052,0.0,0.0,0
2587,618.5049410264584,0.0,0.0,0
2588,618.7440229518648,0.0,0.0,0
2589,618.9831048772713,0.0,0.0,0
2590,619.2221868026777,0.0,0.0,0
2591,619.4612687280842,0.0,0.0,0
2592,619.7003506534905,0.0,0.0,0
2593,619.939432578897,0.0,0.0,0
2594,620.1785145043035,0.0,0.0,0
2595,620.4175964297099,0.0,0.0,0
2596,620.6566783551164,0.0,0.0,0
2597,620.8957602805228,0.0,0.0,0
2598,621.1348422059292,0.0,0.0,0
2599,621.3739241313357,0.0,0.0,0
2600,621.613006056742,0.0,0.0,0
2601,621.8520879821485,0.0,0.0,0
2602,622.091169907555,0.0,0.0,0
2603,622.3302518329614,0.0,0.0,0
2604,622.5693337583679,0.0,0.0,0
2605,622.8084156837743,0.0,0.0,0
2606,623.0474976091807,0.0,0.0,0
2607,623.2865795345872,0.0,0.0,0
2608,623.5256614599937,0.0,0.0,0
2609,623.7647433854,0.0,0.0,0
2610,624.0038253108065,0.0,0.0,0
2611,624.2429072362129,0.0,0.0,0
2612,624.4819891616194,0.0,0.0,0
2613,624.7210710870258,0.0,0.0,0
2614,624.9601530124322,0.0,0.0,0
2615,625.1992349378387,0.0,0.0,0
2616,625.4383168632452,0.0,0.0,0
2617,625.6773987886515,0.0,0.0,0
2618,625.916480714058,0.0,0.0,0
2619,626.1555626394645,0.0,0.0,0
2620,626.3946445648709,0.0,0.0,0
2621,626.6337264902774,0.0,0.0,0
2622,626.8728084156837,0.0,0.0,0
2623,627.1118903410902,0.0,0.0,0
2624,627.3509722664967,0.0,0.0,0
2625,627.590054191903,0.0,0.0,0
2626,627.8291361173095,0.0,0.0,0
2627,628.068218042716,0.0,0.0,0
2628,628.3072999681224,0.0,0.0,0
2629,628.5463818935289,0.0,0.0,0
2630,628.7854638189353,0.0,0.0,0
2631,629.0245457443417,0.0,0.0,0
2632,629.2636276697482,0.0,0.0,0
2633,629.5027095951546,0.0,0.0,0
2634,629.741791520561,0.0,0.0,0
2635,629.9808734459675,0.0,0.0,0
2636,630.2199553713739,0.0,0.0,0
2637,630.4590372967804,0.0,0.0,0
2638,630.6981192221868,0.0,0.0,0
2639,630.9372011475932,0.0,0.0,0
2640,631.1762830729997,0.0,0.0,0
2641,631.4153649984061,0.0,0.0,0
2642,631.6544469238125,0.0,0.0,0
2643,631.893528849219,0.0,0.0,0
2644,632.1326107746254,0.0,0.0,0
2645,632.3716927000319,0.0,0.0,0
2646,632.6107746254384,0.0,0.0,0
2647,632.8498565508447,0.0,0.0,0
2648,633.0889384762512,0.0,0.0,0
2649,633.3280204016577,0.0,0.0,0
2650,633.567102327064,0.0,0.0,0
2651,633.8061842524705,0.0,0.0,0
2652,634.0452661778769,0.0,0.0,0
2653,634.2843481032834,0.0,0.0,0
2654,634.5234300286899,0.0,0.0,0
2655,634.7625119540962,0.0,0.0,0
2656,635.0015938795027,0.0,0.0,0
2657,635.2406758049092,0.0,0.0,0
2658,635.4797577303156,0.0,0.0,0
2659,635.718839655722,0.0,0.0,0
2660,635.9579215811285,0.0,0.0,0
2661,636.1970035065349,0.0,0.0,0
2662,636.4360854319414,0.0,0.0,0
2663,636.6751673573477,0.0,0.0,0
2664,636.9142492827542,0.0,0.0,0
2665,637.1533312081607,0.0,0.0,0
2666,637.3924131335671,0.0,0.0,0
2667,637.6314950589735,0.0,0.0,0
2668,637.87057698438,0.0,0.0,0
2669,638.1096589097864,0.0,0.0,0
2670,638.3487408351929,0.0,0.0,0
2671,638.5878227605994,0.0,0.0,0
2672,638.8269046860057,0.0,0.0,0
2673,639.0659866114122,0.0,0.0,0
2674,639.3050685368186,0.0,0.0,0
2675,639.544150462225,0.0,0.0,0
2676,639.7832323876315,0.0,0.0,0
2677,640.0223143130379,0.0,0.0,0
2678,640.2613962384444,0.0,0.0,0
2679,640.5004781638509,0.0,0.0,0
2680,640.7395600892572,0.0,0.0,0
2681,640.9786420146637,0.0,0.0,0
2682,641.2177239400701,0.0,0.0,0
2683,641.4568058654766,0.0,0.0,0
2684,641.695887790883,0.0,0.0,0
2685,641.9349697162894,0.0,0.0,0
2686,642.1740516416959,0.0,0.0,0
2687,642.4131335671024,0.0,0.0,0
2688,642.6522154925087,0.0,0.0,0
2689,642.8912974179152,0.0,0.0,0
2690,643.1303793433217,0.0,0.0,0
2691,643.3694612687281,0.0,0.0,0
2692,643.6085431941345,0.0,0.0,0
2693,643.8476251195409,0.0,0.0,0
2694,644.0867070449474,0.0,0.0,0
2695,644.3257889703539,0.0,0.0,0
2696,644.5648708957602,0.0,0.0,0
2697,644.8039528211667,0.0,0.0,0
2698,645.0430347465732,0.0,0.0,0
2699,645.2821166719796,0.0,0.0,0
2700,645.521198597386,0.0,0.0,0
2701,645.7602805227925,0.0,0.0,0
2702,645.9993624481989,0.0,0.0,0
2703,646.2384443736054,0.0,0.0,0
2704,646.4775262990117,0.0,0.0,0
2705,646.7166082244182,0.0,0.0,0
2706,646.9556901498247,0.0,0.0,0
2707,647.1947720752311,0.0,0.0,0
2708,647.4338540006376,0.0,0.0,0
2709,647.672935926044,0.0,0.0,0
2710,647.9120178514504,0.0,0.0,0
2711,648.1510997768569,0.0,0.0,0
2712,648.3901817022632,0.0,0.0,0
2713,648.6292636276697,0.0,0.0,0
2714,648.8683455530762,0.0,0.0,0
2715,649.1074274784826,0.0,0.0,0
2716,649.3465094038891,0.0,0.0,0
2717,649.5855913292955,0.0,0.0,0
2718,649.8246732547019,0.0,0.0,0
2719,650.0637551801084,0.0,0.0,0
2720,650.3028371055149,0.0,0.0,0
2721,650.5419190309212,0.0,0.0,0
2722,650.7810009563277,0.0,0.0,0
2723,651.0200828817341,0.0,0.0,0
2724,651.2591648071406,0.0,0.0,0
2725,651.498246732547,0.0,0.0,0
2726,651.7373286579534,0.0,0.0,0
2727,651.9764105833599,0.0,0.0,0
2728,652.2154925087664,0.0,0.0,0
2729,652.4545744341727,0.0,0.0,0
2730,652.6936563595792,0.0,0.0,0
2731,652.9327382849857,0.0,0.0,0
2732,653.1718202103921,0.0,0.0,0
2733,653.4109021357986,0.0,0.0,0
2734,653.6499840612049,0.0,0.0,0
2735,653.8890659866114,0.0,0.0,0
2736,654.1281479120179,0.0,0.0,0
2737,654.3672298374242,0.0,0.0,0
2738,654.6063117628307,0.0,0.0,0
2739,654.8453936882372,0.0,0.0,0
2740,655.0844756136436,0.0,0.0,0
2741,655.3235575390501,0.0,0.0,0
2742,655.5626394644565,0.0,0.0,0
2743,655.8017213898629,0.0,0.0,0
2744,656.0408033152694,0.0,0.0,0
2745,656.2798852406758,0.0,0.0,0
2746,656.5189671660822,0.0,0.0,0
2747,656.7580490914887,0.0,0.0,0
2748,656.9971310168951,0.0,0.0,0
2749,657.2362129423016,0.0,0.0,0
2750,657.475294867708,0.0,0.0,0
2751,657.7143767931144,0.0,0.0,0
2752,657.9534587185209,0.0,0.0,0
2753,658.1925406439273,0.0,0.0,0
2754,658.4316225693337,0.0,0.0,0
2755,658.6707044947402,0.0,0.0,0
2756,658.9097864201466,0.0,0.0,0
2757,659.1488683455531,0.0,0.0,0
2758,659.3879502709595,0.0,0.0,0
2759,659.6270321963659,0.0,0.0,0
2760,659.8661141217724,0.0,0.0,0
2761,660.1051960471789,0.0,0.0,0
2762,660.3442779725852,0.0,0.0,0
2763,660.5833598979917,0.0,0.0,0
2764,660.8224418233981,0.0,0.0,0
2765,661.0615237488046,0.0,0.0,0
2766,661.300605674211,0.0,0.0,0
2767,661.5396875996174,0.0,0.0,0
2768,661.7787695250239,0.0,0.0,0
2769,662.0178514504304,0.0,0.0,0
2770,662.2569333758368,0.0,0.0,0
2771,662.4960153012432,0.0,0.0,0
2772,662.7350972266497,0.0,0.0,0
2773,662.9741791520561,0.0,0.0,0
2774,663.2132610774626,0.0,0.0,0
2775,663.4523430028689,0.0,0.0,0
2776,663.6914249282754,0.0,0.0,0
2777,663.9305068536819,0.0,0.0,0
2778,664.1695887790883,0.0,0.0,0
2779,664.4086707044947,0.0,0.0,0
2780,664.6477526299012,0.0,0.0,0
2781,664.8868345553076,0.0,0.0,0
2782,665.1259164807141,0.0,0.0,0
2783,665.3649984061205,0.0,0.0,0
2784,665.6040803315269,0.0,0.0,0
2785,665.8431622569334,0.0,0.0,0
2786,666.0822441823398,0.0,0.0,0
2787,666.3213261077462,0.0,0.0,0
2788,666.5604080331527,0.0,0.0,0
2789,666.7994899585591,0.0,0.0,0
2790,667.0385718839656,0.0,0.0,0
2791,667.277653809372,0.0,0.0,0
2792,667.5167357347784,0.0,0.0,0
2793,667.7558176601849,0.0,0.0,0
2794,667.9948995855913,0.0,0.0,0
2795,668.2339815109978,0.0,0.0,0
2796,668.4730634364042,0.0,0.0,0
2797,668.7121453618106,0.0,0.0,0
2798,668.9512272872171,0.0,0.0,0
2799,669.1903092126236,0.0,0.0,0
2800,669.4293911380299,0.0,0.0,0
2801,669.6684730634364,0.0,0.0,0
2802,669.9075549888429,0.0,0.0,0
2803,670.1466369142493,0.0,0.0,0
2804,670.3857188396557,0.0,0.0,0
2805,670.6248007650621,0.0,0.0,0
2806,670.8638826904686,0.0,0.0,0
2807,671.1029646158751,0.0,0.0,0
2808,671.3420465412814,0.0,0.0,0
2809,671.5811284666879,0.0,0.0,0
2810,671.8202103920944,0.0,0.0,0
2811,672.0592923175008,0.0,0.0,0
2812,672.2983742429072,0.0,0.0,0
2813,672.5374561683137,0.0,0.0,0
2814,672.7765380937201,0.0,0.0,0
2815,673.0156200191266,0.0,0.0,0
2816,673.2547019445329,0.0,0.0,0
2817,673.4937838699394,0.0,0.0,0
2818,673.7328657953459,0.0,0.0,0
2819,673.9719477207523,0.0,0.0,0
2820,674.2110296461587,0.0,0.0,0
2821,674.4501115715652,0.0,0.0,0
2822,674.6891934969716,0.0,0.0,0
2823,674.9282754223781,0.0,0.0,0
2824,675.1673573477846,0.0,0.0,0
2825,675.4064392731909,0.0,0.0,0
2826,675.6455211985974,0.0,0.0,0
2827,675.8846031240038,0.0,0.0,0
2828,676.1236850494103,0.0,0.0,0
2829,676.3627669748167,0.0,0.0,0
2830,676.6018489002231,0.0,0.0,0
2831,676.8409308256296,0.0,0.0,0
2832,677.0800127510361,0.0,0.0,0
2833,677.3190946764424,0.0,0.0,0
2834,677.5581766018489,0.0,0.0,0
2835,677.7972585272553,0.0,0.0,0
2836,678.0363404526618,0.0,0.0,0
2837,678.2754223780682,0.0,0.0,0
2838,678.5145043034746,0.0,0.0,0
2839,678.7535862288811,0.0,0.0,0
2840,678.9926681542876,0.0,0.0,0
2841,679.2317500796939,0.0,0.0,0
2842,679.4708320051004,0.0,0.0,0
2843,679.7099139305069,0.0,0.0,0
2844,679.9489958559133,0.0,0.0,0
2845,680.1880777813197,0.0,0.0,0
2846,680.4271597067261,0.0,0.0,0
2847,680.6662416321326,0.0,0.0,0
2848,680.9053235575391,0.0,0.0,0
2849,681.1444054829454,0.0,0.0,0
2850,681.3834874083519,0.0,0.0,0
2851,681.6225693337584,0.0,0.0,0
2852,681.8616512591648,0.0,0.0,0
2853,682.1007331845713,0.0,0.0,0
2854,682.3398151099777,0.0,0.0,0
2855,682.5788970353841,0.0,0.0,0
2856,682.8179789607906,0.0,0.0,0
2857,683.057060886197,0.0,0.0,0
2858,683.2961428116034,0.0,0.0,0
2859,683.5352247370099,0.0,0.0,0
2860,683.7743066624163,0.0,0.0,0
2861,684.0133885878228,0.0,0.0,0
2862,684.2524705132292,0.0,0.0,0
2863,684.4915524386356,0.0,0.0,0
2864,684.7306343640421,0.0,0.0,0
2865,684.9697162894486,0.0,0.0,0
2866,685.2087982148549,0.0,0.0,0
2867,685.4478801402614,0.0,0.0,0
2868,685.6869620656678,0.0,0.0,0
2869,685.9260439910743,0.0,0.0,0
2870,686.1651259164807,0.0,0.0,0
2871,686.4042078418871,0.0,0.0,0
2872,686.6432897672936,0.0,0.0,0
2873,686.8823716927001,0.0,0.0,0
2874,687.1214536181064,0.0,0.0,0
2875,687.3605355435129,0.0,0.0,0
2876,687.5996174689193,0.0,0.0,0
2877,687.8386993943258,0.0,0.0,0
2878,688.0777813197323,0.0,0.0,0
2879,688.3168632451386,0.0,0.0,0
2880,688.5559451705451,0.0,0.0,0
2881,688.7950270959516,0.0,0.0,0
2882,689.034109021358,0.0,0.0,0
2883,689.2731909467644,0.0,0.0,0
2884,689.5122728721709,0.0,0.0,0
2885,689.7513547975773,0.0,0.0,0
2886,689.9904367229838,0.0,0.0,0
2887,690.2295186483901,0.0,0.0,0
2888,690.4686005737966,0.0,0.0,0
2889,690.7076824992031,0.0,0.0,0
2890,690.9467644246095,0.0,0.0,0
2891,691.1858463500159,0.0,0.0,0
2892,691.4249282754224,0.0,0.0,0
2893,691.6640102008288,0.0,0.0,0
2894,691.9030921262353,0.0,0.0,0
2895,692.1421740516417,0.0,0.0,0
2896,692.3812559770481,0.0,0.0,0
2897,692.6203379024546,0.0,0.0,0
2898,692.859419827861,0.0,0.0,0
2899,693.0985017532674,0.0,0.0,0
2900,693.3375836786739,0.0,0.0,0
2901,693.5766656040803,0.0,0.0,0
2902,693.8157475294868,0.0,0.0,0
2903,694.0548294548933,0.0,0.0,0
2904,694.2939113802996,0.0,0.0,0
2905,694.5329933057061,0.0,0.0,0
2906,694.7720752311126,0.0,0.0,0
2907,695.011157156519,0.0,0.0,0
2908,695.2502390819254,0.0,0.0,0
2909,695.4893210073318,0.0,0.0,0
2910,695.7284029327383,0.0,0.0,0
2911,695.9674848581448,0.0,0.0,0
2912,696.2065667835511,0.0,0.0,0
2913,696.4456487089576,0.0,0.0,0
2914,696.6847306343641,0.0,0.0,0
2915,696.9238125597705,0.0,0.0,0
2916,697.1628944851769,0.0,0.0,0
2917,697.4019764105833,0.0,0.0,0
2918,697.6410583359898,0.0,0.0,0
2919,697.8801402613963,0.0,0.0,0
2920,698.1192221868026,0.0,0.0,0
2921,698.3583041122091,0.0,0.0,0
2922,698.5973860376156,0.0,0.0,0
2923,698.836467963022,0.0,0.0,0
2924,699.0755498884284,0.0,0.0,0
2925,699.3146318138349,0.0,0.0,0
2926,699.5537137392413,0.0,0.0,0
2927,699.7927956646478,0.0,0.0,0
2928,700.0318775900541,0.0,0.0,0
2929,700.2709595154606,0.0,0.0,0
2930,700.5100414408671,0.0,0.0,0
2931,700.7491233662735,0.0,0.0,0
2932,700.98820529168,0.0,0.0,0
2933,701.2272872170864,0.0,0.0,0
2934,701.4663691424928,0.0,0.0,0
2935,701.7054510678993,0.0,0.0,0
2936,701.9445329933058,0.0,0.0,0
2937,702.1836149187121,0.0,0.0,0
2938,702.4226968441186,0.0,0.0,0
2939,702.661778769525,0.0,0.0,0
2940,702.9008606949315,0.0,0.0,0
2941,703.1399426203379,0.0,0.0,0
2942,703.3790245457443,0.0,0.0,0
2943,703.6181064711508,0.0,0.0,0
2944,703.8571883965573,0.0,0.0,0
2945,704.0962703219636,0.0,0.0,0
2946,704.3353522473701,0.0,0.0,0
2947,704.5744341727765,0.0,0.0,0
2948,704.813516098183,0.0,0.0,0
2949,705.0525980235894,0.0,0.0,0
2950,705.2916799489958,0.0,0.0,0
2951,705.5307618744023,0.0,0.0,0
2952,705.7698437998088,0.0,0.0,0
2953,706.0089257252151,0.0,0.0,0
2954,706.2480076506216,0.0,0.0,0
2955,706.4870895760281,0.0,0.0,0
2956,706.7261715014345,0.0,0.0,0
2957,706.965253426841,0.0,0.0,0
2958,707.2043353522473,0.0,0.0,0
2959,707.4434172776538,0.0,0.0,0
2960,707.6824992030603,0.0,0.0,0
2961,707.9215811284666,0.0,0.0,0
2962,708.1606630538731,0.0,0.0,0
2963,708.3997449792796,0.0,0.0,0
2964,708.638826904686,0.0,0.0,0
2965,708.8779088300925,0.0,0.0,0
2966,709.1169907554989,0.0,0.0,0
2967,709.3560726809053,0.0,0.0,0
2968,709.5951546063118,0.0,0.0,0
2969,709.8342365317181,0.0,0.0,0
2970,710.0733184571246,0.0,0.0,0
2971,710.3124003825311,0.0,0.0,0
2972,710.5514823079375,0.0,0.0,0
2973,710.790564233344,0.0,0.0,0
2974,711.0296461587504,0.0,0.0,0
2975,711.2687280841568,0.0,0.0,0
2976,711.5078100095633,0.0,0.0,0
2977,711.7468919349698,0.0,0.0,0
2978,711.9859738603761,0.0,0.0,0
2979,712.2250557857826,0.0,0.0,0
2980,712.464137711189,0.0,0.0,0
2981,712.7032196365955,0.0,0.0,0
2982,712.942301562002,0.0,0.0,0
2983,713.1813834874083,0.0,0.0,0
2984,713.4204654128148,0.0,0.0,0
2985,713.6595473382213,0.0,0.0,0
2986,713.8986292636276,0.0,0.0,0
2987,714.1377111890341,0.0,0.0,0
2988,714.3767931144405,0.0,0.0,0
2989,714.615875039847,0.0,0.0,0
2990,714.8549569652535,0.0,0.0,0
2991,715.0940388906598,0.0,0.0,0
2992,715.3331208160663,0.0,0.0,0
2993,715.5722027414728,0.0,0.0,0
2994,715.8112846668791,0.0,0.0,0
2995,716.0503665922856,0.0,0.0,0
2996,716.2894485176921,0.0,0.0,0
2997,716.5285304430985,0.0,0.0,0
2998,716.767612368505,0.0,0.0,0
2999,717.0066942939113,0.0,0.0,0
3000,717.2457762193178,0.0,0.0,0
3001,717.4848581447243,0.0,0.0,0
3002,717.7239400701307,0.0,0.0,0
3003,717.9630219955371,0.0,0.0,0
3004,718.2021039209436,0.0,0.0,0
3005,718.44118584635,0.0,0.0,0
3006,718.6802677717565,0.0,0.0,0
3007,718.9193496971629,0.0,0.0,0
3008,719.1584316225693,0.0,0.0,0
3009,719.3975135479758,0.0,0.0,0
3010,719.6365954733822,0.0,0.0,0
3011,719.8756773987886,0.0,0.0,0
3012,720.1147593241951,0.0,0.0,0
3013,720.3538412496015,0.0,0.0,0
3014,720.592923175008,0.0,0.0,0
3015,720.8320051004144,0.0,0.0,0
3016,721.0710870258208,0.0,0.0,0
3017,721.3101689512273,0.0,0.0,0
3018,721.5492508766338,0.0,0.0,0
3019,721.7883328020401,0.0,0.0,0
3020,722.0274147274466,0.0,0.0,0
3021,722.266496652853,0.0,0.0,0
3022,722.5055785782595,0.0,0.0,0
3023,722.744660503666,0.0,0.0,0
3024,722.9837424290723,0.0,0.0,0
3025,723.2228243544788,0.0,0.0,0
3026,723.4619062798853,0.0,0.0,0
3027,723.7009882052917,0.0,0.0,0
3028,723.9400701306981,0.0,0.0,0
3029,724.1791520561045,0.0,0.0,0
3030,724.418233981511,0.0,0.0,0
3031,724.6573159069175,0.0,0.0,0
3032,724.8963978323238,0.0,0.0,0
3033,725.1354797577303,0.0,0.0,0
3034,725.3745616831368,0.0,0.0,0
3035,725.6136436085432,0.0,0.0,0
3036,725.8527255339496,0.0,0.0,0
3037,726.0918074593561,0.0,0.0,0
3038,726.3308893847625,0.0,0.0,0
3039,726.569971310169,0.0,0.0,0
3040,726.8090532355753,0.0,0.0,0
3041,727.0481351609818,0.0,0.0,0
3042,727.2872170863883,0.0,0.0,0
3043,727.5262990117947,0.0,0.0,0
3044,727.7653809372011,0.0,0.0,0
3045,728.0044628626076,0.0,0.0,0
3046,728.243544788014,0.0,0.0,0
3047,728.4826267134205,0.0,0.0,0
3048,728.721708638827,0.0,0.0,0
3049,728.9607905642333,0.0,0.0,0
3050,729.1998724896398,0.0,0.0,0
3051,729.4389544150462,0.0,0.0,0
3052,729.6780363404526,0.0,0.0,0
3053,729.9171182658591,0.0,0.0,0
3054,730.1562001912655,0.0,0.0,0
3055,730.395282116672,0.0,0.0,0
3056,730.6343640420785,0.0,0.0,0
3057,730.8734459674848,0.0,0.0,0
3058,731.1125278928913,0.0,0.0,0
3059,731.3516098182978,0.0,0.0,0
3060,731.5906917437042,0.0,0.0,0
3061,731.8297736691106,0.0,0.0,0
3062,732.068855594517,0.0,0.0,0
3063,732.3079375199235,0.0,0.0,0
3064,732.54701944533,0.0,0.0,0
3065,732.7861013707363,0.0,0.0,0
3066,733.0251832961428,0.0,0.0,0
3067,733.2642652215493,0.0,0.0,0
3068,733.5033471469557,0.0,0.0,0
3069,733.7424290723621,0.0,0.0,0
3070,733.9815109977685,0.0,0.0,0
3071,734.220592923175,0.0,0.0,0
3072,734.4596748485815,0.0,0.0,0
3073,734.6987567739878,0.0,0.0,0
3074,734.9378386993943,0.0,0.0,0
3075,735.1769206248008,0.0,0.0,0
3076,735.4160025502072,0.0,0.0,0
3077,735.6550844756136,0.0,0.0,0
3078,735.8941664010201,0.0,0.0,0
3079,736.1332483264265,0.0,0.0,0
3080,736.372330251833,0.0,0.0,0
3081,736.6114121772393,0.0,0.0,0
3082,736.8504941026458,0.0,0.0,0
3083,737.0895760280523,0.0,0.0,0
3084,737.3286579534587,0.0,0.0,0
3085,737.5677398788652,0.0,0.0,0
3086,737.8068218042716,0.0,0.0,0
3087,738.045903729678,0.0,0.0,0
3088,738.2849856550845,0.0,0.0,0
3089,738.524067580491,0.0,0.0,0
3090,738.7631495058973,0.0,0.0,0
3091,739.0022314313038,0.0,0.0,0
3092,739.2413133567102,0.0,0.0,0
3093,739.4803952821167,0.0,0.0,0
3094,739.7194772075231,0.0,0.0,0
3095,739.9585591329295,0.0,0.0,0
3096,740.197641058336,0.0,0.0,0
3097,740.4367229837425,0.0,0.0,0
3098,740.6758049091488,0.0,0.0,0
3099,740.9148868345553,0.0,0.0,0
3100,741.1539687599618,0.0,0.0,0
3101,741.3930506853682,0.0,0.0,0
3102,741.6321326107746,0.0,0.0,0
3103,741.871214536181,0.0,0.0,0
3104,742.1102964615875,0.0,0.0,0
3105,742.349378386994,0.0,0.0,0
3106,742.5884603124003,0.0,0.0,0
3107,742.8275422378068,0.0,0.0,0
3108,743.0666241632133,0.0,0.0,0
3109,743.3057060886197,0.0,0.0,0
3110,743.5447880140262,0.0,0.0,0
3111,743.7838699394325,0.0,0.0,0
3112,744.022951864839,0.0,0.0,0
3113,744.2620337902455,0.0,0.0,0
3114,744.5011157156518,0.0,0.0,0
3115,744.7401976410583,0.0,0.0,0
3116,744.9792795664648,0.0,0.0,0
3117,745.2183614918712,0.0,0.0,0
3118,745.4574434172777,0.0,0.0,0
3119,745.6965253426841,0.0,0.0,0
3120,745.9356072680905,0.0,0.0,0
3121,746.174689193497,0.0,0.0,0
3122,746.4137711189034,0.0,0.0,0
3123,746.6528530443098,0.0,0.0,0
3124,746.8919349697163,0.0,0.0,0
3125,747.1310168951227,0.0,0.0,0
3126,747.3700988205292,0.0,0.0,0
3127,747.6091807459356,0.0,0.0,0
3128,747.848262671342,0.0,0.0,1
3129,748.0873445967485,0.0,0.0,0
3130,748.326426522155,0.0,0.0,0
3131,748.5655084475613,0.0,0.0,0
3132,748.8045903729678,0.0,0.0,0
3133,749.0436722983742,0.0,0.0,0
3134,749.2827542237807,0.0,0.0,0
3135,749.5218361491872,0.0,0.0,0
3136,749.7609180745935,0.0,0.0,0
