  -7.4222279366027288e-01  -7.1250674156393623e-01  -6.3864158130301263e-01  -5.0716395642289580e-01  -3.1003780850050638e-01  -5.8265845310011444e-02   2.1117016564328894e-01   4.5156031985873102e-01   6.3420319089851618e-01   7.5741811203110210e-01   8.3485345246530218e-01   8.8223700570487040e-01   9.1154509316072896e-01   9.3043006624300406e-01   9.4337352469352664e-01   9.5289023390564032e-01   9.6036805751374121e-01   9.6657316602887677e-01   9.7193590427855991e-01   9.7670423654199823e-01   9.8102766638553673e-01   9.8499937387021907e-01   9.8868082751790642e-01   9.9211107178169700e-01   9.9531360168186278e-01   9.9829291910183182e-01   1.0010305228298597e+00   1.0034655046405931e+00   1.0054626717407611e+00   1.0067390261106057e+00   1.0067293857075070e+00   1.0043107159425391e+00   9.9727773196927427e-01   9.8135418806382513e-01   9.4849174916419865e-01   8.8442657185302009e-01   7.6693556716460365e-01   5.7023394406552841e-01   2.8439301685474772e-01  -5.6492447503643684e-02  -3.7916408717398165e-01  -6.2431466077783748e-01  -7.8123711210811275e-01  -8.7085287607720785e-01  -9.1851781819933809e-01  -9.4250396083754606e-01  -9.5353360625982675e-01  -9.5716917818770086e-01  -9.5593022680032236e-01  -9.5054761765259255e-01  -9.4063090459866117e-01  -9.2492546417414179e-01  -9.0138376961396016e-01  -8.6709489155375430e-01  -8.1821721196412989e-01  -7.4999177361488889e-01  -6.5710751297684511e-01  -5.3469387611061547e-01  -3.8025788404916255e-01  -1.9631028920905635e-01   7.5392617161532116e-03   2.1516949156501974e-01   4.0824780055267196e-01   5.7229210523923102e-01   7.0057595491965186e-01   7.9394200331570641e-01   8.5784688186170577e-01   8.9914499501688128e-01   9.2395415632527955e-01   9.3669005974874686e-01   9.3973603556348539e-01   9.3327163882694264e-01   9.1490696965500473e-01   8.7904391958337302e-01   8.1621750447959984e-01   7.1351635149421144e-01   5.5823432546705654e-01   3.4653860429651823e-01   9.3420810716529079e-02  -1.6748066561390795e-01  -3.9984389850536528e-01  -5.8248619869916529e-01  -7.1313203126340663e-01  -8.0065495388862962e-01  -8.5661210904801477e-01  -8.9085958669546084e-01  -9.1045684952438466e-01  -9.1999729628304072e-01  -9.2229161556859474e-01  -9.1899470599935085e-01  -9.1112190911019786e-01  -8.9945423240468336e-01  -8.8485083225873162e-01  -8.6841643577166661e-01  -8.5149272784149033e-01  -8.3545340928740741e-01  -8.2139014621559903e-01  -8.0980088508685333e-01  -8.0040848865033132e-01  -7.9213815735191495e-01  -7.8324177988441535e-01  -7.7149235379212788e-01  -7.5441302301843627e-01  -7.2951057240162265e-01  -6.9454907307870961e-01  -6.4787932337346110e-01  -5.8883708909702648e-01  -5.1812436896262093e-01  -4.3804819320791505e-01  -3.5245392013879479e-01  -2.6630850239049875e-01  -1.8502123564736472e-01  -1.1374497179348197e-01  -5.6865982243701041e-02  -1.7787390590958574e-02   1.0694607923773525e-03  -1.8132144931116700e-03  -2.7033811556620990e-02  -7.4079265146236528e-02  -1.4097011577597152e-01  -2.2392935386489754e-01  -3.1735143106565855e-01  -4.1432654882474812e-01  -5.0766934922029594e-01  -5.9105164844107216e-01  -6.5965715238576417e-01  -7.1000970226762750e-01  -7.3897621334750085e-01
  -5.5293850729029370e-01  -5.2065963563249329e-01  -4.3963055680548691e-01  -3.0251114647107114e-01  -1.1072148365329076e-01   1.1702840924793295e-01   3.4606672360202873e-01   5.4222470167910786e-01   6.8880813383688921e-01   7.8806829371242271e-01   8.5155427654981142e-01   8.9141600993217907e-01   9.1682186490358131e-01   9.3370683847459413e-01   9.4561640486193199e-01   9.5458315927200998e-01   9.6175223083414751e-01   9.6776935156203636e-01   9.7300378634247142e-01   9.7767285523097480e-01   9.8190912324261959e-01   9.8579671349779863e-01   9.8939023733569076e-01   9.9272448499421895e-01   9.9581769523940489e-01   9.9867014851779068e-01   1.0012559644713621e+00   1.0035044874934496e+00   1.0052623926803719e+00   1.0062180837745782e+00   1.0057504265527357e+00   1.0026346072380665e+00   9.9447678833442277e-01   9.7666945703450858e-01   9.4061515104818294e-01   8.7130731380067672e-01   7.4598430309473251e-01   5.3978912448806171e-01   2.4668387198528327e-01  -9.4155549972516350e-02  -4.0907056148978138e-01  -6.4379967110200453e-01  -7.9206562298275474e-01  -8.7582120522613560e-01  -9.1962603842814516e-01  -9.4069741942038487e-01  -9.4890912147697493e-01  -9.4914419610548928e-01  -9.4327291010507586e-01  -9.3129960176463766e-01  -9.1195895556443196e-01  -8.8295850583306124e-01  -8.4110275914824251e-01  -7.8240493015793056e-01  -7.0239345343768012e-01  -5.9677417556141366e-01  -4.6267538040331752e-01  -3.0042165047240105e-01  -1.1534051272628454e-01   8.1618481892702266e-02   2.7561331348379725e-01   4.5189239692238808e-01   5.9999825397875706e-01   7.1585244130463910e-01   8.0102455075299095e-01   8.6042109768244068e-01   8.9994564535837440e-01   9.2497813407298823e-01   9.3967317112363991e-01   9.4678326459106787e-01   9.4765272690146674e-01   9.4217309026022178e-01   9.2853762475169943e-01   9.0276274157237701e-01   8.5806778444881626e-01   7.8463709611026511e-01   6.7094009992510761e-01   5.0826647236794198e-01   2.9840616815386078e-01   5.9344463760543531e-02  -1.7904483748264677e-01  -3.8878532580601577e-01  -5.5513430140143682e-01  -6.7730449482039889e-01  -7.6242380943426458e-01  -8.1961434973737290e-01  -8.5688275199020070e-01  -8.8022384063114345e-01  -8.9377816824944278e-01  -9.0028873357101458e-01  -9.0156535274484639e-01  -8.9885083329780635e-01  -8.9308864597240123e-01  -8.8507079954334111e-01  -8.7547939431613575e-01  -8.6481688425664982e-01  -8.5327865230259237e-01  -8.4060549384711891e-01  -8.2598513315305200e-01  -8.0801778423511605e-01  -7.8476817969589463e-01  -7.5388586814672531e-01  -7.1281926940879181e-01  -6.5913630983975557e-01  -5.9099476232123771e-01  -5.0772293087113562e-01  -4.1039864986171959e-01  -3.0217085282201400e-01  -1.8809037826352126e-01  -7.4364366406573068e-02   3.2716022530844380e-02   1.2776006531060513e-01   2.0680754460455608e-01   2.6733756519976548e-01   3.0790242129673207e-01   3.2765072452328076e-01   3.2593857745789934e-01   3.0218153535490166e-01   2.5601310820105316e-01   1.8778649035152295e-01   9.9322818316797401e-02  -5.3479390755137302e-03  -1.1970495570866929e-01  -2.3528586979184052e-01  -3.4302679655760615e-01  -4.3473383668877869e-01  -5.0384686086278208e-01  -5.4504345715714686e-01
  -2.8700723752286822e-01  -2.5448904488698737e-01  -1.7318446795653436e-01  -4.3111006508171623e-02   1.2615988824357549e-01   3.1326005720988231e-01   4.9098406640025033e-01   6.3819074675598741e-01   7.4724625218089447e-01   8.2194045441550267e-01   8.7092485971398492e-01   9.0272267225915304e-01   9.2376209249870445e-01   9.3828522318273611e-01   9.4888924473292835e-01   9.5710408181907747e-01   9.6381285948212303e-01   9.6952688155824895e-01   9.7454390214029396e-01   9.7904389275475034e-01   9.8313674353525116e-01   9.8689415310638395e-01   9.9036074480108738e-01   9.9356505944275308e-01   9.9651752497824031e-01   9.9921136849161352e-01   1.0016086091344854e+00   1.0036231417518739e+00   1.0050719023806631e+00   1.0055929419986294e+00   1.0044703894832872e+00   1.0003109333411153e+00   9.9040904130202345e-01   9.6961655895558563e-01   9.2846767122460117e-01   8.5084311087113873e-01   7.1336108014363675e-01   4.9307346185348022e-01   1.9027052074317241e-01  -1.4881116441415138e-01  -4.5123979816168680e-01  -6.7061273204684757e-01  -8.0660508907122397e-01  -8.8219841743011918e-01  -9.2062265728406834e-01  -9.3751945738551390e-01  -9.4149086457058895e-01  -9.3636456868959383e-01  -9.2297101214274813e-01  -9.0016535351200466e-01  -8.6539241031358838e-01  -8.1505350618566197e-01  -7.4494528121802561e-01  -6.5094554013738515e-01  -5.3010053562123405e-01  -3.8204853634274138e-01  -2.1043767752116810e-01  -2.3580143439091983e-02   1.6643655869930685e-01   3.4635462067276662e-01   5.0506380125859374e-01   6.3603828064838996e-01   7.3784392720747694e-01   8.1297669162834985e-01   8.6602096978521170e-01   9.0204906511120564e-01   9.2561901721248874e-01   9.4034311470397491e-01   9.4879877381075106e-01   9.5259594537638193e-01   9.5244110924898950e-01   9.4812370485856723e-01   9.3835094374733496e-01   9.2041813813647333e-01   8.8973596264668031e-01   8.3943922407318272e-01   7.6062525952790616e-01   6.4422131669343297e-01   4.8527181718870860e-01   2.8849911810616097e-01   7.0716848085439654e-02  -1.4412790272723047e-01  -3.3487289870036235e-01  -4.9019469479850508e-01  -6.0879674334335043e-01  -6.9541725813368749e-01  -7.5677774450362278e-01  -7.9920583190955996e-01  -8.2775762242106077e-01  -8.4614432368809467e-01  -8.5697039255387497e-01  -8.6201599267734075e-01  -8.6247601860488676e-01  -8.5911285319103614e-01  -8.5233314359553602e-01  -8.4218733044269256e-01  -8.2832659137092812e-01  -8.0993569438568880e-01  -7.8568793510473345e-01  -7.5374026086994328e-01  -7.1181606207044834e-01  -6.5740359871880849e-01  -5.8813285784443015e-01  -5.0234495221586317e-01  -3.9981774174853213e-01  -2.8243580959197218e-01  -1.5448291242248785e-01  -2.2232453473920832e-02   1.0716032144136145e-01   2.2707350163263601e-01   3.3252789077553790e-01   4.2061513509498849e-01   4.9024225775273245e-01   5.4150029163292368e-01   5.7496282553365918e-01   5.9112763691033254e-01   5.9005889959705149e-01   5.7125768624855833e-01   5.3376663361406118e-01   4.7657126647623149e-01   3.9932993701127734e-01   3.0338680538203744e-01   1.9275851149651313e-01   7.4573420926397627e-02  -4.1524792276358524e-02  -1.4490862670747134e-01  -2.2564260919221835e-01  -2.7534608794709914e-01
   2.0632860847798029e-02   4.9681825275173008e-02   1.2077838478837277e-01   2.2856723210884999e-01   3.6034614828261585e-01   4.9792168815805282e-01   6.2341858118429028e-01   7.2549883836451134e-01   8.0140139127514454e-01   8.5449355726693899e-01   8.9048244336499405e-01   9.1481070636650563e-01   9.3162982913731818e-01   9.4375285604733972e-01   9.5295395976756336e-01   9.6031101641498728e-01   9.6646308836369110e-01   9.7179123699817926e-01   9.7652160781087483e-01   9.8079477442142504e-01   9.8469661429553801e-01   9.8828420407434447e-01   9.9159053622839166e-01   9.9463555077048516e-01   9.9741966575370622e-01   9.9992585053313365e-01   1.0020996589272684e+00   1.0038304210497691e+00   1.0048910991575384e+00   1.0048448511749992e+00   1.0028360699696808e+00   9.9721831025060714e-01   9.8483051330256810e-01   9.5974668056930845e-01   9.1129710588258050e-01   8.2194722886099836e-01   6.6791872679553066e-01   4.2972198429263075e-01   1.1658809432713885e-01  -2.1734552384341421e-01  -5.0227301856201323e-01  -7.0215839940012370e-01  -8.2318324983444002e-01  -8.8888626944853444e-01  -9.2058800316612466e-01  -9.3187618015510476e-01  -9.2964756260641912e-01  -9.1621836530291056e-01  -8.9087319340847138e-01  -8.5082769696174443e-01  -7.9196271349035707e-01  -7.0970227050830426e-01  -6.0027938414811366e-01  -4.6237518931616967e-01  -2.9869649579276458e-01  -1.1670226101921238e-01   7.2246044270763865e-02   2.5531005033756887e-01   4.2120933649587611e-01   5.6251198187066664e-01   6.7635768946649732e-01   7.6374248825049695e-01   8.2808781171451717e-01   8.7381771673452180e-01   9.0533011654847473e-01   9.2643309660116024e-01   9.4013387867868081e-01   9.4864040641049774e-01   9.5345036708245612e-01   9.5545271660266917e-01   9.5498663070794376e-01   9.5183240613191988e-01   9.4510540223822215e-01   9.3304277591425722e-01   9.1268627020061777e-01   8.7954811679692058e-01   8.2749007986313061e-01   7.4929448260505704e-01   6.3852841867191468e-01   4.9285392335023043e-01   3.1745549898376180e-01   1.2575507354143844e-01  -6.4424068235801657e-02  -2.3719909249777488e-01  -3.8311784161595830e-01  -4.9964858566024978e-01  -5.8898474963344172e-01  -6.5542459019291766e-01  -7.0355577714505324e-01  -7.3736356352133159e-01  -7.5995451723942653e-01  -7.7357364707852805e-01  -7.7972261444995672e-01  -7.7927442933633884e-01  -7.7255375829339257e-01  -7.5937054029460871e-01  -7.3902786580948887e-01  -7.1032067769909712e-01  -6.7156877380239877e-01  -6.2072344071336261e-01  -5.5561252328489030e-01  -4.7436876718190357e-01  -3.7606141586234304e-01  -2.6142651387790539e-01  -1.3345103784752416e-01   2.5603090855062516e-03   1.3967662116290530e-01   2.7068025178240740e-01   3.8951642229551869e-01   4.9225374302764746e-01   5.7725191684346577e-01   6.4469112366529857e-01   6.9581719420605848e-01   7.3223241318807253e-01   7.5536956021926926e-01   7.6617456682247187e-01   7.6494062941122332e-01   7.5126633286220224e-01   7.2412289829070731e-01   6.8209279253756705e-01   6.2385410822885601e-01   5.4899123084563572e-01   4.5905126067555480e-01   3.5852297477651729e-01   2.5515835102300211e-01   1.5921402922725025e-01   8.1774089965164609e-02   3.2950600522122730e-02
   3.0408990987616313e-01   3.2821717900855962e-01   3.8325778525436505e-01   4.6230437115678408e-01   5.5426781241943346e-01   6.4661984814105589e-01   7.2903608622636207e-01   7.9590071943551177e-01   8.4638627803644761e-01   8.8276098263704783e-01   9.0841749912085445e-01   9.2657595990161523e-01   9.3974768312173051e-01   9.4968810654693581e-01   9.5754138573671499e-01   9.6402631147317508e-01   9.6958225232514184e-01   9.7447862317500145e-01   9.7887878039327203e-01   9.8288593538917646e-01   9.8656287793541575e-01   9.8995065055768294e-01   9.9307045291025509e-01   9.9593122886589669e-01   9.9852220048492002e-01   1.0008112371785753e+00   1.0027224036097220e+00   1.0041097239653376e+00   1.0046854717155189e+00   1.0039023787626866e+00   1.0007066323843357e+00   9.9309362007011404e-01   9.7726929037274912e-01   9.4624887122740498e-01   8.8781764970588117e-01   7.8286702464139268e-01   6.0794314182293707e-01   3.4929468962144022e-01   2.7558837820741505e-02  -2.9609811244301615e-01  -5.5852583888579366e-01  -7.3579948467125367e-01  -8.4012195526819811e-01  -8.9473386942518718e-01  -9.1845512134577334e-01  -9.2236464794825856e-01  -9.1117567235160468e-01  -8.8513371939787677e-01  -8.4140967796040766e-01  -7.7526995706704727e-01  -6.8151006203536868e-01  -5.5652407735435871e-01  -4.0073832673414811e-01  -2.2038002676554530e-01  -2.7178958171192868e-02   1.6439891182733274e-01   3.4110529902744746e-01   4.9392876628606802e-01   6.1902005902760360e-01   7.1681936141122560e-01   7.9044194514542843e-01   8.4415912270584226e-01   8.8234740680956913e-01   9.0890603009762949e-01   9.2702598784462120e-01   9.3916136441457054e-01   9.4710891759630700e-01   9.5211844987751393e-01   9.5500224283725144e-01   9.5621331318998548e-01   9.5588768963625492e-01   9.5383419482897247e-01   9.4946950735304092e-01   9.4168531283609591e-01   9.2865478393273393e-01   9.0760230715463752e-01   8.7463539439820270e-01   8.2483348453120930e-01   7.5290455466763095e-01   6.5467161764481285e-01   5.2923756522412879e-01   3.8085789535400061e-01   2.1904044171213916e-01   5.6178876675589462e-02  -9.6119776742240370e-02  -2.2986533171730411e-01  -3.4145716432992457e-01  -4.3079446157851203e-01  -4.9980030414262711e-01  -5.5115150700195836e-01  -5.8747156691253832e-01  -6.1092718825462355e-01  -6.2307541317223059e-01  -6.2483720882771809e-01  -6.1651966743087949e-01  -5.9785655726163678e-01  -5.6806442677247215e-01  -5.2593964499851886e-01  -4.7003488145815236e-01  -3.9896180404815546e-01  -3.1184924149140586e-01  -2.0892875227986279e-01  -9.2112636093935579e-02   3.4688808505883462e-02   1.6578688923662988e-01   2.9457458483944676e-01   4.1478980677674582e-01   5.2168166503109714e-01   6.1262028751851838e-01   6.8702482911836449e-01   7.4581423948384451e-01   7.9071313460610981e-01   8.2365157186794602e-01   8.4635839665721002e-01   8.6013218175976836e-01   8.6574020628794013e-01   8.6338718499689626e-01   8.5272877267861191e-01   8.3292704003060802e-01   8.0279092752934689e-01   7.6106837928902815e-01   7.0697893933095846e-01   6.4100229709815693e-01   5.6578093369305060e-01   4.8673979888962826e-01   4.1193080116558345e-01   3.5086324835089144e-01   3.1264634149143966e-01
   5.0808276068231661e-01   5.3013211463088661e-01   5.7220252298278618e-01   6.2815175207841933e-01   6.9008236706522008e-01   7.5038907834169088e-01   8.0355276244890572e-01   8.4692384011095334e-01   8.8036751134457525e-01   9.0527979932904334e-01   9.2360519315920953e-01   9.3719534054502363e-01   9.4753042253397080e-01   9.5567829602316645e-01   9.6236015277597797e-01   9.6804299240580072e-01   9.7302163169850509e-01   9.7748057443389658e-01   9.8153463452507461e-01   9.8525572035461684e-01   9.8868777393164653e-01   9.9185618887981819e-01   9.9477094120986209e-01   9.9742776553635593e-01   9.9980288449957311e-01   1.0018437871458554e+00   1.0034461567186506e+00   1.0044127454097085e+00   1.0043706459545227e+00   1.0026171487046684e+00   9.9782231831579715e-01   9.8748229194466741e-01   9.6694600212014103e-01   9.2784632253503185e-01   8.5611040292031149e-01   7.3118804164516149e-01   5.3141754601893820e-01   2.5178431399625689e-01  -7.4054786612817614e-02  -3.8094303117965800e-01  -6.1640898580371040e-01  -7.6912334432194784e-01  -8.5590489204889386e-01  -8.9862669591445199e-01  -9.1304486377695071e-01  -9.0727114448736224e-01  -8.8328670284094590e-01  -8.3864845290325585e-01  -7.6803417128193474e-01  -6.6527910772320853e-01  -5.2641286038771051e-01  -3.5328561486500371e-01  -1.5578115048664282e-01   4.9668565353791536e-02   2.4524003848926365e-01   4.1730279032176121e-01   5.5912813193443101e-01   6.7019910492068635e-01   7.5387036386421236e-01   8.1509023017551829e-01   8.5892220279462828e-01   8.8981264694300644e-01   9.1135460705674365e-01   9.2629109869101967e-01   9.3663159531137197e-01   9.4379188742971309e-01   9.4873655957461900e-01   9.5209284168595698e-01   9.5424259119214905e-01   9.5537570522744231e-01   9.5551704555192518e-01   9.5451423212573228e-01   9.5199739123022931e-01   9.4729664533252200e-01   9.3932959668744087e-01   9.2645987805958019e-01   9.0637357593421874e-01   8.7604227468898466e-01   8.3191355511861387e-01   7.7047041649112602e-01   6.8923217416942206e-01   5.8798880797602271e-01   4.6973082308043640e-01   3.4060568386052653e-01   2.0867810988777485e-01   8.2010373364543157e-02  -3.2993427017470628e-02  -1.3234612291361625e-01  -2.1432786519286262e-01  -2.7883765621484907e-01  -3.2665243259373561e-01  -3.5883478012135456e-01  -3.7634194784100072e-01  -3.7981633130606463e-01  -3.6950263417512474e-01  -3.4526650232136202e-01  -3.0669734803189325e-01  -2.5330929261415036e-01  -1.8484272309819511e-01  -1.0166315938351467e-01  -5.1865992496685775e-03   1.0179568617265936e-01   2.1508293796440614e-01   3.2945322650207909e-01   4.3945399399854079e-01   5.4034256013797766e-01   6.2882846955776905e-01   7.0335902542279083e-01   7.6393883189704759e-01   8.1165675200136289e-01   8.4815078005181910e-01   8.7516155534811935e-01   8.9423813565412635e-01   9.0657955171901916e-01   9.1297564411555499e-01   9.1380267484880462e-01   9.0905146474671328e-01   8.9837328744118461e-01   8.8115088886090642e-01   8.5661380774105678e-01   8.2404340526424991e-01   7.8311692279936806e-01   7.3441975794955305e-01   6.8004410271508509e-01   6.2403206396253752e-01   5.7229868291190233e-01   5.3178295859743330e-01   5.0894103877399910e-01
   6.1272171086639515e-01   6.3882028745825714e-01   6.7695146337332313e-01   7.2189887751173987e-01   7.6822550203535256e-01   8.1147313661293252e-01   8.4885964552689186e-01   8.7933877642551117e-01   9.0319007002513207e-01   9.2143049384051989e-01   9.3531059764067537e-01   9.4599502246733391e-01   9.5442515303876130e-01   9.6129380739027637e-01   9.6708271570389481e-01   9.7211210564138439e-01   9.7659091498581807e-01   9.8065113175429652e-01   9.8437665294281862e-01   9.8781759886563170e-01   9.9100361933806991e-01   9.9394674923894599e-01   9.9664627738514799e-01   9.9908363857223448e-01   1.0012190102945850e+00   1.0029730123364522e+00   1.0042016414549666e+00   1.0046369823471026e+00   1.0037857409838831e+00   1.0007254382089508e+00   9.9373975223218713e-01   9.7964318293503949e-01   9.5264344975116111e-01   9.0263470828650927e-01   8.1349400186686449e-01   6.6389809322203386e-01   4.3644091254910150e-01   1.3819085671595358e-01  -1.8445848441867041e-01  -4.6753663878011575e-01  -6.7269582468854150e-01  -8.0013892368649908e-01  -8.6928315780441012e-01  -8.9954710674866289e-01  -9.0311203264172191e-01  -8.8463885510330698e-01  -8.4278377699345142e-01  -7.7195123641152252e-01  -6.6473325726944832e-01  -5.1593460897290766e-01  -3.2779172205611867e-01  -1.1335994758369217e-01   1.0590599474295503e-01   3.0812772561220986e-01   4.7873581604178284e-01   6.1287673744928994e-01   7.1298898139850597e-01   7.8500050830105716e-01   8.3551255494099774e-01   8.7039110135587316e-01   8.9432253045165389e-01   9.1082421042490347e-01   9.2241635690204671e-01   9.3082074549229776e-01   9.3715228306399645e-01   9.4208634990071438e-01   9.4600419972109462e-01   9.4910303767702064e-01   9.5147306882857441e-01   9.5313572032672400e-01   9.5405502861494573e-01   9.5412127378484635e-01   9.5311771914074117e-01   9.5066654110958504e-01   9.4616196476061531e-01   9.3868855509482740e-01   9.2694590288876011e-01   9.0920435881028627e-01   8.8335004437462317e-01   8.4707923767506754e-01   7.9830026173300228e-01   7.3571940709531980e-01   6.5947512391148111e-01   5.7155620601706558e-01   4.7575385551846805e-01   3.7707544747591420e-01   2.8083685371854195e-01   1.9179033454473940e-01   1.1358574268157073e-01   4.8638780607395571e-02  -1.6915260585826930e-03  -3.6790354952770610e-02  -5.6472870711637424e-02  -6.0754046957095187e-02  -4.9726616425135317e-02  -2.3557634089113599e-02   1.7412192819649619e-02   7.2478407901024888e-02   1.4033870195476517e-01   2.1887826512808728e-01   3.0507940495072833e-01   3.9514396555975440e-01   4.8487328711812860e-01   5.7022841481136821e-01   6.4790677666948016e-01   7.1573542683438585e-01   7.7277767146449350e-01   8.1916238676238096e-01   8.5575388091872995e-01   8.8378422570625481e-01   9.0454797582779034e-01   9.1918882507400157e-01   9.2858021460550311e-01   9.3327037267674440e-01   9.3347945037460933e-01   9.2913020045133154e-01   9.1991605690478850e-01   9.0539830581027214e-01   8.8513826902914416e-01   8.5885232749047613e-01   8.2659912820056924e-01   7.8900213253590246e-01   7.4751580004429308e-01   7.0467616997694360e-01   6.6419446711557095e-01   6.3067308353846696e-01   6.0882616026974068e-01   6.0232994907170234e-01
   6.1904384707199933e-01   6.5728826354581060e-01   7.0266855174921716e-01   7.5000421621095459e-01   7.9493582920129180e-01   8.3458807398509893e-01   8.6766470887101665e-01   8.9412953375197957e-01   9.1473004029550675e-01   9.3055429599591510e-01   9.4272046245458141e-01   9.5220334485819946e-01   9.5977407690506822e-01   9.6600194773599624e-01   9.7128884630302581e-01   9.7590653697744467e-01   9.8003528918806826e-01   9.8379034535640542e-01   9.8724474434368015e-01   9.9044058631892307e-01   9.9340007284054010e-01   9.9612688505217306e-01   9.9860963246851786e-01   1.0008151441831898e+00   1.0026817429820440e+00   1.0040956385866979e+00   1.0048551920316260e+00   1.0045929984469133e+00   1.0026414846434788e+00   9.9777141379358203e-01   9.8772641963945995e-01   9.6839568615609206e-01   9.3249906039325114e-01   8.6785812182372390e-01   7.5641456492585846e-01   5.7762615055010813e-01   3.2188579780356219e-01   1.1068187407217600e-02  -2.9890949201950229e-01  -5.5169588659317914e-01  -7.2477270345578571e-01  -8.2738592776216369e-01  -8.7933291928865076e-01  -8.9663424030874428e-01  -8.8744480820881277e-01  -8.5248202576955789e-01  -7.8658512398739378e-01  -6.8117179404276218e-01  -5.2884928137435039e-01  -3.3039776161972895e-01  -1.0046330857925767e-01   1.3458267346905484e-01   3.4758600603332046e-01   5.2160019004753155e-01   6.5267754713475190e-01   7.4568827387347647e-01   8.0888441037110825e-01   8.5045330048053247e-01   8.7715816391159052e-01   8.9414515602841305e-01   9.0515760831502323e-01   9.1280785168694911e-01   9.1879920785422631e-01   9.2411374623814879e-01   9.2918970125378786e-01   9.3410482649330784e-01   9.3874392519983918e-01   9.4293253717705583e-01   9.4651629165948159e-01   9.4939146316246481e-01   9.5149414540277000e-01   9.5276920768515205e-01   9.5312742766331193e-01   9.5240103838501999e-01   9.5029592518902095e-01   9.4634592594725908e-01   9.3986981149974369e-01   9.2994532162376498e-01   9.1541714522452322e-01   8.9496838514410659e-01   8.6727780213591910e-01   8.3127181098372005e-01   7.8643755974511365e-01   7.3311975824022524e-01   6.7269263492149411e-01   6.0752167392809109e-01   5.4069846611220918e-01   4.7563059624274667e-01   4.1561643797054104e-01   3.6352157169090471e-01   3.2160785389742730e-01   2.9150070092906549e-01   2.7423889394297962e-01   2.7034742022330138e-01   2.7988640205142390e-01   3.0245457341063675e-01   3.3714829530169033e-01   3.8250344212505472e-01   4.3646433460749695e-01   4.9643149409034670e-01   5.5942619680356998e-01   6.2237064749544890e-01   6.8243187288203000e-01   7.3733861360113773e-01   7.8558349810872830e-01   8.2646291251183512e-01   8.5996749466371147e-01   8.8657834583997774e-01   9.0703824915661435e-01   9.2214701806886101e-01   9.3260464235223361e-01   9.3890079464276210e-01   9.4124553853691839e-01   9.3953420554938227e-01   9.3335293726066249e-01   9.2203897082958475e-01   9.0482000942232887e-01   8.8103894146793726e-01   8.5043965382452913e-01   8.1344504784901894e-01   7.7134903705130242e-01   7.2637260845270002e-01   6.8159595813687723e-01   6.4078235005418693e-01   6.0806628452355760e-01   5.8742417785795387e-01   5.8190826113950944e-01   5.9280105029200225e-01
   5.2822288368555348e-01   5.8762984012823671e-01   6.5199550157234709e-01   7.1501971545847720e-01   7.7200863186257196e-01   8.2039440020813981e-01   8.5953029613622201e-01   8.9009033318936670e-01   9.1342054403014750e-01   9.3104591578404416e-01   9.4437783453552226e-01   9.5458712721815020e-01   9.6257739508808704e-01   9.6901169699336198e-01   9.7435814229751005e-01   9.7893879919834237e-01   9.8296919779671477e-01   9.8659018259285969e-01   9.8988982216291355e-01   9.9291961412619956e-01   9.9570334139201533e-01   9.9824278879994566e-01   1.0005169334396242e+00   1.0024771145619664e+00   1.0040321529408183e+00   1.0050209222894571e+00   1.0051578567602952e+00   1.0039338989639797e+00   1.0004300194236808e+00   9.9298102181721448e-01   9.7857767956734654e-01   9.5187140124345104e-01   9.0370963429223305e-01   8.1965297640229173e-01   6.8046771847319942e-01   4.6920718442327064e-01   1.8826782774804207e-01  -1.2516760214061018e-01  -4.1212944553369668e-01  -6.2982514525517341e-01  -7.7080036933402030e-01  -8.4996359956743905e-01  -8.8547411681009880e-01  -8.8924926083812683e-01  -8.6503611481672649e-01  -8.0919027903315766e-01  -7.1265597929653102e-01  -5.6533743860406727e-01  -3.6427673915841763e-01  -1.2264724723037201e-01   1.2962211587509831e-01   3.5870222692577286e-01   5.4273189022391577e-01   6.7683804421847826e-01   7.6753439420039804e-01   8.2521022797841059e-01   8.5967368372405295e-01   8.7871378742776773e-01   8.8815043707374719e-01   8.9228084293083676e-01   8.9424017529250999e-01   8.9618782793128504e-01   8.9938313694878458e-01   9.0427360025913428e-01   9.1066149561213094e-01   9.1795482508031978e-01   9.2543453792741714e-01   9.3246948463872448e-01   9.3862772743305645e-01   9.4369282484069905e-01   9.4761275554350555e-01   9.5042679130030494e-01   9.5219196098185321e-01   9.5292744412491504e-01   9.5257177884728650e-01   9.5095431141286768e-01   9.4777293572867205e-01   9.4258488461519030e-01   9.3481107517783291e-01   9.2376908048027861e-01   9.0873962336845082e-01   8.8907710617640745e-01   8.6435216732985731e-01   8.3450869580144782e-01   7.9999147878576538e-01   7.6180797406609346e-01   7.2149374976795477e-01   6.8098537546913707e-01   6.4242470828306886e-01   6.0794508086040722e-01   5.7947690544212915e-01   5.5860304293492036e-01   5.4646321088193295e-01   5.4370130752844037e-01   5.5043704853093023e-01   5.6625820810591843e-01   5.9023162184228339e-01   6.2094836684788546e-01   6.5661346666890197e-01   6.9519274172602352e-01   7.3460313109358466e-01   7.7292204999374670e-01   8.0856878563557311e-01   8.4042255606303884e-01   8.6785122216482036e-01   8.9065986012300291e-01   9.0898065547498286e-01   9.2313991748897295e-01   9.3352284345297210e-01   9.4045293188585710e-01   9.4408457517581401e-01   9.4430955658680871e-01   9.4067131271938531e-01   9.3230294107160427e-01   9.1792257170543667e-01   8.9595441781499607e-01   8.6484137440661812e-01   8.2357194593838590e-01   7.7231259400600194e-01   7.1290003948801117e-01   6.4892013561440609e-01   5.8529358350217053e-01   5.2755252886876158e-01   4.8110911929134015e-01   4.5066191222703461e-01   4.3967787892621935e-01   4.4983026392625869e-01   4.8044337363291034e-01
   3.4018245870835062e-01   4.2709891537594818e-01   5.2014420036927966e-01   6.1094687297012906e-01   6.9298549390894970e-01   7.6253490815380354e-01   8.1858201168360201e-01   8.6205659459826922e-01   8.9490201704899675e-01   9.1934298256374658e-01   9.3744596389577450e-01   9.5092746492902158e-01   9.6111590544961534e-01   9.6899349756127851e-01   9.7526124988876606e-01   9.8040688844695478e-01   9.8476111968772373e-01   9.8854402369494321e-01   9.9189612916912528e-01   9.9490250077183662e-01   9.9760531406054365e-01   1.0000127617829608e+00   1.0020977808880362e+00   1.0037924174587920e+00   1.0049661046760552e+00   1.0053883931323455e+00   1.0046518227035641e+00   1.0020369232899724e+00   9.9626054270937070e-01   9.8503672617176163e-01   9.6432032902396325e-01   9.2714071219593563e-01   8.6214021162451693e-01   7.5285276961223857e-01   5.8076262201321005e-01   3.3672335471308179e-01   3.8652008638438151e-02  -2.6439730467321299e-01  -5.1897561663397695e-01  -6.9926136679491668e-01  -8.0975082050094405e-01  -8.6749517996159031e-01  -8.8747809450761084e-01  -8.7707274656555678e-01  -8.3534522124512656e-01  -7.5411532902749112e-01  -6.2119473267316438e-01  -4.2823531718058483e-01  -1.8270342794811584e-01   8.5695063111518754e-02   3.3615021920135757e-01   5.3838317776860178e-01   6.8338736508638409e-01   7.7789527950124915e-01   8.3419187854729082e-01   8.6382936994947046e-01   8.7573814211851642e-01   8.7650491149957499e-01   8.7117076263481297e-01   8.6381391413869502e-01   8.5772782071169273e-01   8.5527969681272697e-01   8.5768249123126350e-01   8.6491594035935948e-01   8.7592965301860271e-01   8.8908753668960760e-01   9.0268762790966750e-01   9.1536716068025381e-01   9.2629041773591037e-01   9.3512879961498996e-01   9.4191946925962577e-01   9.4689460171541895e-01   9.5034145746860710e-01   9.5251078314495607e-01   9.5356846419787822e-01   9.5357560099072103e-01   9.5248469607568376e-01   9.5014418186253990e-01   9.4631058058114736e-01   9.4067036173876861e-01   9.3287605640881099e-01   9.2259882867151366e-01   9.0959667038046754e-01   8.9379023731152196e-01   8.7533415472804299e-01   8.5466745916032216e-01   8.3252633337996840e-01   8.0991189278567710e-01   7.8801514523534211e-01   7.6811047113731379e-01   7.5143455436735695e-01   7.3906762586758046e-01   7.3183063095199552e-01   7.3020838290353840e-01   7.3430344737268327e-01   7.4382470834500503e-01   7.5811186026534538e-01   7.7619824936172910e-01   7.9690792747740224e-01   8.1897757210785349e-01   8.4118515918952697e-01   8.6246458991484209e-01   8.8198565918073268e-01   8.9918887167800798e-01   9.1377387895626083e-01   9.2565148551088117e-01   9.3487030109092428e-01   9.4153124701410018e-01   9.4569520067078516e-01   9.4728431744505959e-01   9.4596747771072698e-01   9.4102352891301888e-01   9.3118646397295524e-01   9.1451245173395557e-01   8.8836332319589317e-01   8.4967522322904765e-01   7.9569234508447240e-01   7.2518248540859043e-01   6.3974161093390758e-01   5.4441234743463762e-01   4.4699905193313505e-01   3.5631463763330135e-01   2.8035494395214955e-01   2.2526326205350988e-01   1.9515786188281786e-01   1.9231058501675796e-01   2.1714499538483545e-01   2.6789316868803853e-01
   7.1594142788448334e-02   1.8241433557070152e-01   3.0503437238325976e-01   4.2937606882882645e-01   5.4603445310797927e-01   6.4826172280820571e-01   7.3283270074165652e-01   7.9965199183776914e-01   8.5066052182922192e-01   8.8869770707726237e-01   9.1668765591383217e-01   9.3720457347982100e-01   9.5231845551379712e-01   9.6359875133809680e-01   9.7218935136369344e-01   9.7890085306862185e-01   9.8429486944232147e-01   9.8875154386280950e-01   9.9252098612741135e-01   9.9575909109682870e-01   9.9855148977377295e-01   1.0009261381509968e+00   1.0028558710728499e+00   1.0042479016527923e+00   1.0049166002120122e+00   1.0045269803857366e+00   1.0024905859936508e+00   9.9777516121070164e-01   9.8856868782967799e-01   9.7170291635178463e-01   9.4173513146312848e-01   8.8968333100264829e-01   8.0192135282323096e-01   6.6110350515110039e-01   4.5294392806693123e-01   1.8099536522479459e-01  -1.2084374483540983e-01  -3.9956697438877498e-01  -6.1517803253171788e-01  -7.5845617946392729e-01  -8.4134397220175883e-01  -8.8005762744966876e-01  -8.8546754580135389e-01  -8.6021650053207499e-01  -7.9859725485564126e-01  -6.8817801635194731e-01  -5.1554674350851926e-01  -2.7879593977792561e-01  -8.5775643849245187e-04   2.7366357571513666e-01   5.0293521042213429e-01   6.6874470557450660e-01   7.7516680904124902e-01   8.3574511214145186e-01   8.6397351595849425e-01   8.7008388421736993e-01   8.6134567914990035e-01   8.4337309292405671e-01   8.2123266044764454e-01   7.9989073572983105e-01   7.8394109997190142e-01   7.7686640364701764e-01   7.8028550079923964e-01   7.9362522595400664e-01   8.1442939087135735e-01   8.3920640022788717e-01   8.6446670579847362e-01   8.8753901844607785e-01   9.0691881041957512e-01   9.2216909748361675e-01   9.3357624439823816e-01   9.4177532699313060e-01   9.4747034688411402e-01   9.5127613478110384e-01   9.5365607339400160e-01   9.5491488713531669e-01   9.5521702127095653e-01   9.5461214781203729e-01   9.5306159705977800e-01   9.5046394806032453e-01   9.4668262521646307e-01   9.4157695244497841e-01   9.3503825002187080e-01   9.2702870498836454e-01   9.1761875174013363e-01   9.0701509244301026e-01   8.9557510755946135e-01   8.8380046924033873e-01   8.7230855660379913e-01   8.6178268605566821e-01   8.5290775493511251e-01   8.4629955818253677e-01   8.4243833033968540e-01   8.4161396893963603e-01   8.4389177161329598e-01   8.4910285668712304e-01   8.5686313419117655e-01   8.6661710697562533e-01   8.7770161562241755e-01   8.8941865562619182e-01   9.0110629459256830e-01   9.1219539559731311e-01   9.2224487560242363e-01   9.3095101954286297e-01   9.3813276290933789e-01   9.4369621693594263e-01   9.4758436518588507e-01   9.4971153732104052e-01   9.4987793997489889e-01   9.4765072084126500e-01   9.4219598791024106e-01   9.3204681101017850e-01   9.1481754896870826e-01   8.8694506929102379e-01   8.4368389335791760e-01   7.7976071250480816e-01   6.9110135710389098e-01   5.7747389206066213e-01   4.4468738728668561e-01   3.0430258113813569e-01   1.7028944599059359e-01   5.4763514873953589e-02  -3.4420724833858718e-02  -9.3489937660232836e-02  -1.2122365909216892e-01  -1.1754306307647033e-01  -8.2941696042206137e-02  -1.8822470022633708e-02
  -2.2905533505494013e-01  -1.1147838638801955e-01   2.6284964792011922e-02   1.7543318909193389e-01   3.2506785176445330e-01   4.6470943808447651e-01   5.8673751344643210e-01   6.8753616409359530e-01   7.6711068148890793e-01   8.2782993141679251e-01   8.7309515092288770e-01   9.0638441023269034e-01   9.3074662997351354e-01   9.4862832305515643e-01   9.6188471275317133e-01   9.7186905917112987e-01   9.7954117161843623e-01   9.8556603657094044e-01   9.9039234580297331e-01   9.9431017955951118e-01   9.9748987658489952e-01   1.0000039586545841e+00   1.0018330807295728e+00   1.0028529457313666e+00   1.0027953464810264e+00   1.0011681281912892e+00   9.9710729992203184e-01   9.8911443675953303e-01   9.7460883025583633e-01   9.4920280460406370e-01   9.0565789727720358e-01   8.3276799519137112e-01   7.1530122430194965e-01   5.3775894677931535e-01   2.9513590292335373e-01   7.0802153972123194e-03  -2.8145749140506254e-01  -5.2391852719256671e-01  -6.9789849546970184e-01  -8.0695581962053553e-01  -8.6590428124198127e-01  -8.8809593366281425e-01  -8.7991628929616050e-01  -8.3933165057016390e-01  -7.5603076687347637e-01  -6.1422566645236532e-01  -4.0219347916315040e-01  -1.2915762034875550e-01   1.6513604027011319e-01   4.2817659951990422e-01   6.2631990046357311e-01   7.5541464530344216e-01   8.2830990529500126e-01   8.6053675740950553e-01   8.6401037002898917e-01   8.4661838784102417e-01   8.1400313903099963e-01   7.7155209251717705e-01   7.2566091312346959e-01   6.8380155696812639e-01   6.5341228673874596e-01   6.4019658429623727e-01   6.4665460034851496e-01   6.7146353258548641e-01   7.0993982851336657e-01   7.5546555649666802e-01   8.0138971513982449e-01   8.4265634219543317e-01   8.7655165169391636e-01   9.0250137307081024e-01   9.2132555709007558e-01   9.3444754859241730e-01   9.4333689230518125e-01   9.4922987188142338e-01   9.5304776637365940e-01   9.5541994453892465e-01   9.5674330424754850e-01   9.5724478214807829e-01   9.5703291096230592e-01   9.5613839811323298e-01   9.5454549553874002e-01   9.5221890742699866e-01   9.4912763654011734e-01   9.4526755955442654e-01   9.4068136888146758e-01   9.3547551568653309e-01   9.2982864340041771e-01   9.2399097087657400e-01   9.1827206208713363e-01   9.1301839528927276e-01   9.0858184243210494e-01   9.0528329296825505e-01   9.0337535096399502e-01   9.0301168886375549e-01   9.0422679901921810e-01   9.0693098252799553e-01   9.1091989446996879e-01   9.1589907470484522e-01   9.2151793265212278e-01   9.2740825174966179e-01   9.3321947071736111e-01   9.3864590414195226e-01   9.4344100480076176e-01   9.4741819753632339e-01   9.5043754727659335e-01   9.5237921634756217e-01   9.5309951515977209e-01   9.5236373337594593e-01   9.4974063182624968e-01   9.4443558664305272e-01   9.3502690410199663e-01   9.1907559161453056e-01   8.9262569751527143e-01   8.4976918049832695e-01   7.8277694272026865e-01   6.8370912095502623e-01   5.4825731191618010e-01   3.8072995856316216e-01   1.9612733465335552e-01   1.5646513612480151e-02  -1.4189510027568131e-01  -2.6582906693487307e-01  -3.5349255614891772e-01  -4.0673573295097459e-01  -4.2852542081786338e-01  -4.2104332233631597e-01  -3.8518690599439293e-01  -3.2104752494643635e-01
  -4.9951131970926160e-01  -3.9631628429174498e-01  -2.6766549576071613e-01  -1.1744338215081473e-01   4.6388823394757028e-02   2.1282600494724480e-01   3.7040907617318553e-01   5.1012199816144377e-01   6.2709521121744405e-01   7.2056601460243264e-01   7.9265839506479618e-01   8.4690703915712628e-01   8.8711793040562270e-01   9.1672234864672353e-01   9.3852256792007993e-01   9.5467218239558749e-01   9.6675823305861963e-01   9.7591479028887818e-01   9.8292782380246824e-01   9.8832143734301225e-01   9.9241751479982665e-01   9.9537358857617952e-01   9.9719311103127994e-01   9.9770974520665612e-01   9.9653020997808073e-01   9.9292155319933162e-01   9.8560204125116679e-01   9.7238705868632702e-01   9.4961092963426474e-01   9.1128457498628568e-01   8.4810951686295777e-01   7.4705748895634727e-01   5.9341220573257936e-01   3.7817922578676177e-01   1.1056695163760810e-01  -1.7520750030922860e-01  -4.3335773509105568e-01  -6.3226469165241705e-01  -7.6594907055601702e-01  -8.4522367923964459e-01  -8.8419289170092075e-01  -8.9233439779922641e-01  -8.7162836952287459e-01  -8.1564843677764287e-01  -7.0995664364714073e-01  -5.3686176656375495e-01  -2.8953307561027586e-01   8.7843969450491222e-03   3.0451852219371822e-01   5.4558523817470206e-01   7.1087117493600449e-01   8.0740360907436715e-01   8.5188938121106283e-01   8.5859291961505702e-01   8.3642025265023867e-01   7.9058242688505753e-01   7.2559708071214701e-01   6.4799038877273007e-01   5.6751936899655853e-01   4.9620179060574926e-01   4.4568915389822533e-01   4.2445824616582106e-01   4.3600210564198233e-01   4.7821456131512696e-01   5.4383005074727708e-01   6.2203558758210997e-01   7.0125809950987250e-01   7.7222017184246217e-01   8.2980331044960864e-01   8.7298939265673048e-01   9.0347609330050616e-01   9.2407199356663217e-01   9.3758185667421412e-01   9.4628828232382989e-01   9.5184541744774920e-01   9.5536259109790356e-01   9.5754371847922437e-01   9.5881358952382789e-01   9.5941619253116550e-01   9.5948164109400169e-01   9.5907295082960220e-01   9.5821642324403655e-01   9.5692500774243683e-01   9.5521488251048037e-01   9.5311974733613880e-01   9.5069928438781814e-01   9.4804581174533076e-01   9.4528452356660353e-01   9.4256949468438345e-01   9.4007254241905613e-01   9.3796817321795234e-01   9.3641479143705064e-01   9.3553726047785912e-01   9.3541062200426062e-01   9.3605011763954127e-01   9.3740723097977274e-01   9.3937514812339751e-01   9.4180008556292072e-01   9.4449831508227045e-01   9.4727403295728596e-01   9.4993637324945357e-01   9.5231118350125432e-01   9.5424677857817564e-01   9.5561060872012771e-01   9.5627605724624676e-01   9.5609484890151220e-01   9.5485016058361238e-01   9.5217521526774096e-01   9.4741253607354081e-01   9.3937065393619790e-01   9.2592159001610019e-01   9.0338469364735774e-01   8.6573214273680665e-01   8.0396595327557752e-01   7.0671940838777425e-01   5.6390494238196887e-01   3.7425206313004328e-01   1.5252262818007900e-01  -7.2628522749675517e-02  -2.7209998324784773e-01  -4.2913496929442096e-01  -5.4113662652457339e-01  -6.1364826653800075e-01  -6.5408901606009651e-01  -6.6838104911190199e-01  -6.5991827939030423e-01  -6.2967888168747832e-01  -5.7680781381008384e-01
  -7.0158528357792815e-01  -6.2419135141721227e-01  -5.2272281224537975e-01  -3.9595010877753362e-01  -2.4589706139818879e-01  -7.8870444773593784e-02   9.4991638080432539e-02   2.6393147670352224e-01   4.1762119430785793e-01   5.4946386156289151e-01   6.5718275899824352e-01   7.4193165405150385e-01   8.0682781738059739e-01   8.5565613879071645e-01   8.9204331304837514e-01   9.1906650813463564e-01   9.3915247194446838e-01   9.5412136095030109e-01   9.6528547611810467e-01   9.7354937865592772e-01   9.7949245644697658e-01   9.8342064786843841e-01   9.8538610409932925e-01   9.8516309831172910e-01   9.8216982091199101e-01   9.7530649092922839e-01   9.6267283581661989e-01   9.4110765678464892e-01   9.0551697749085358e-01   8.4806585646050070e-01   7.5770566576789355e-01   6.2135470100348789e-01   4.2899678651523065e-01   1.8357514174884088e-01  -9.0465849166668111e-02  -3.5276733546783562e-01  -5.6791865117593543e-01  -7.2180210707952619e-01  -8.1964870939577483e-01  -8.7436615627398229e-01  -8.9723527966382899e-01  -8.9368382975809957e-01  -8.6168693803170082e-01  -7.9091084120619215e-01  -6.6355276758323112e-01  -4.6171230001060209e-01  -1.8595979197154500e-01   1.2630656031483523e-01   4.1312363888828868e-01   6.2868681827814132e-01   7.6396841099328261e-01   8.3273421810066706e-01   8.5182008056957292e-01   8.3231503677690155e-01   7.7939201420600801e-01   6.9580312002845468e-01   5.8640401193705538e-01   4.6156489573874404e-01   3.3725714132246892e-01   2.3140088108735457e-01   1.5911561437756028e-01   1.2992008741795436e-01   1.4732320547351924e-01   2.0910388180389483e-01   3.0712973731995780e-01   4.2750130909821105e-01   5.5288034025711497e-01   6.6726080365849638e-01   7.6055215434878853e-01   8.2995736068175763e-01   8.7803640599946053e-01   9.0966440022476325e-01   9.2977237957573100e-01   9.4231344262684513e-01   9.5008171686595611e-01   9.5490266441610416e-01   9.5791039982949866e-01   9.5978341833445935e-01   9.6091755485707919e-01   9.6153707236386898e-01   9.6176741497142482e-01   9.6167743365232994e-01   9.6130837085553045e-01   9.6068947969146723e-01   9.5985107607172770e-01   9.5883112015585847e-01   9.5768095851130441e-01   9.5646496222853816e-01   9.5526007172403948e-01   9.5414964514073575e-01   9.5321828502072048e-01   9.5254187838654658e-01   9.5217960749542496e-01   9.5216470571866252e-01   9.5250052342739222e-01   9.5315765534082697e-01   9.5407696565768485e-01   9.5517372114038324e-01   9.5634650195627824e-01   9.5748441368741743e-01   9.5847562327037672e-01   9.5921071053719498e-01   9.5958379679119210e-01   9.5948516850802379e-01   9.5878703726641690e-01   9.5731273612291323e-01   9.5478129964176761e-01   9.5070277529153058e-01   9.4419015603091938e-01   9.3362198200360913e-01   9.1606711286050713e-01   8.8638403010531053e-01   8.3607281720360627e-01   7.5254733207811364e-01   6.2080750342361246e-01   4.3059105083347476e-01   1.8870836413122960e-01  -7.4392060192958687e-02  -3.1736834459148072e-01  -5.1115394568307815e-01  -6.4877494324624940e-01  -7.3811708796781872e-01  -7.9123074471055288e-01  -8.1835009364252265e-01  -8.2624203702295085e-01  -8.1844976952658477e-01  -7.9595747228134139e-01  -7.5779638775650526e-01
  -8.3304839411003495e-01  -7.8085938580669967e-01  -7.1033138243568317e-01  -6.1789380318079778e-01  -5.0115719275724202e-01  -3.6039271288927088e-01  -1.9979364635922015e-01  -2.7670043615517281e-02   1.4502499120884427e-01   3.0740608444580964e-01   4.5128396043845204e-01   5.7246192618392622e-01   6.7047386715131396e-01   7.4738652788817017e-01   8.0648190829048938e-01   8.5126638051260040e-01   8.8491330407769686e-01   9.1002755372924860e-01   9.2861222465292581e-01   9.4211515072164909e-01   9.5150460995707475e-01   9.5732125787001143e-01   9.5970085793706805e-01   9.5833424938246992e-01   9.5236045384264723e-01   9.4014551088254428e-01   9.1892861892463529e-01   8.8429501599935778e-01   8.2956270949568323e-01   7.4540863129485979e-01   6.2069652856710422e-01   4.4612793443049242e-01   2.2174615347166510e-01  -3.5205747276132904e-02  -2.9147227183472468e-01  -5.1264744735182954e-01  -6.7967807685020709e-01  -7.9221300950998830e-01  -8.6042912943554006e-01  -8.9585099622429631e-01  -9.0617288414469011e-01  -8.9314741729241787e-01  -8.5134854891825085e-01  -7.6718040775403162e-01  -6.2040370306441184e-01  -3.9438821995275319e-01  -9.8182892799933863e-02   2.1887841632502758e-01   4.9169200429089283e-01   6.8286446196431438e-01   7.9245255801844827e-01   8.3700015823536567e-01   8.3105819447082796e-01   7.8146730454529689e-01   6.8961862396131013e-01   5.5734056124497244e-01   3.9343424551747092e-01   2.1653006849612955e-01   5.0931006327315786e-02  -8.1674689248090848e-02  -1.6760351866461609e-01  -2.0076922776718553e-01  -1.7952646390889421e-01  -1.0485086320820175e-01   1.8393898771075778e-02   1.7825043722118444e-01   3.5439212192596892e-01   5.2266827806711447e-01   6.6392538507984500e-01   7.7005426956049050e-01   8.4310018787778518e-01   8.9027832437780985e-01   9.1949738163845718e-01   9.3716846346488414e-01   9.4776249668372969e-01   9.5413681650394799e-01   9.5802232929178444e-01   9.6043281560719396e-01   9.6194970892627107e-01   9.6290235160115656e-01   9.6347646825136057e-01   9.6377744287436451e-01   9.6386717882590656e-01   9.6378562986465099e-01   9.6356369611092951e-01   9.6323004055350681e-01   9.6281557589222488e-01   9.6235523048632099e-01   9.6188813826664643e-01   9.6145569233760120e-01   9.6109797448014400e-01   9.6084941667912149e-01   9.6073507907154232e-01   9.6076679194911452e-01   9.6094056634861702e-01   9.6123516163474054e-01   9.6161306348956188e-01   9.6202262710563446e-01   9.6240130639970789e-01   9.6267903508817543e-01   9.6278077370813908e-01   9.6262735639026065e-01   9.6213280371710852e-01   9.6119638963713661e-01   9.5968438258299593e-01   9.5739457630959590e-01   9.5398835901226597e-01   9.4886342519585742e-01   9.4091367725843811e-01   9.2809075591276480e-01   9.0663834257938747e-01   8.6988671152584296e-01   8.0675118117387257e-01   7.0107266108227906e-01   5.3504814359441744e-01   3.0104985660181172e-01   1.8155826006742870e-02  -2.6699434800751293e-01  -5.0707738626932231e-01  -6.8100370617440886e-01  -7.9377112931560923e-01  -8.6108288629006657e-01  -8.9796302179202847e-01  -9.1502893930285023e-01  -9.1864683352426835e-01  -9.1203626892371936e-01  -8.9619941818338789e-01  -8.7051065881030865e-01
  -9.1083277291635989e-01  -8.7759061938642480e-01  -8.3226971965235319e-01  -7.7136642525369870e-01  -6.9121945170572863e-01  -5.8886110434348971e-01  -4.6322684282737814e-01  -3.1642077308163652e-01  -1.5435235442131445e-01   1.3896442346210680e-02   1.7804570329314240e-01   3.2907542534065848e-01   4.6101726573042517e-01   5.7142121488317488e-01   6.6071979036321060e-01   7.3110835308241517e-01   7.8551420126530314e-01   8.2687538786055026e-01   8.5775403449055765e-01   8.8016631043336990e-01   8.9554492569009259e-01   9.0473224082319770e-01   9.0797123172579741e-01   9.0483339272333296e-01   8.9407389836874418e-01   8.7336484005341752e-01   8.3892420533601919e-01   7.8508935710566308e-01   7.0413824027773531e-01   5.8701845630852678e-01   4.2614639971094759e-01   2.2097328699391788e-01  -1.5790130968925564e-02  -2.5770582018622501e-01  -4.7447625874528704e-01  -6.4577527393811929e-01  -7.6706995917196519e-01  -8.4514297218290491e-01  -8.9035085389999247e-01  -9.1125805803921822e-01  -9.1213525329152689e-01  -8.9172192759119284e-01  -8.4189727860126962e-01  -7.4655002710756335e-01  -5.8392813341186844e-01  -3.3955755363120421e-01  -3.0457088939173704e-02   2.8544678005035662e-01   5.4334667917242419e-01   7.1347846242989199e-01   8.0139483752248442e-01   8.2352035610393370e-01   7.9068807163463306e-01   7.0518074487959792e-01   5.6594550987598347e-01   3.7794637177872870e-01   1.5990963670035208e-01  -5.7676640525442857e-02  -2.4488767797570687e-01  -3.8350378184795564e-01  -4.6792700191220460e-01  -4.9899356838907094e-01  -4.7784409398235961e-01  -4.0339454615821718e-01  -2.7411086083268033e-01  -9.3790824584007448e-02   1.2155276899589235e-01   3.4302078360397353e-01   5.3946248125509388e-01   6.9174486086584808e-01   7.9751740313141106e-01   8.6530781357598963e-01   9.0650629534215266e-01   9.3078581085466605e-01   9.4490949044190864e-01   9.5313720138117008e-01   9.5799511359521450e-01   9.6092985785976170e-01   9.6275320874505554e-01   9.6391676780428259e-01   9.6467149876670999e-01   9.6515867691173818e-01   9.6545981836810935e-01   9.6562461981762215e-01   9.6568593624531707e-01   9.6566912279403594e-01   9.6559631087025288e-01   9.6548882366396083e-01   9.6536745870284779e-01   9.6525208614140501e-01   9.6516075672832458e-01   9.6510811954575337e-01   9.6510285374783655e-01   9.6514574942161402e-01   9.6522828170094144e-01   9.6533217825284878e-01   9.6542931713703284e-01   9.6548254147348134e-01   9.6544694356774041e-01   9.6527099120592208e-01   9.6489707258782786e-01   9.6426008217598502e-01   9.6328308746094193e-01   9.6186695823046242e-01   9.5987017487929494e-01   9.5706887573990362e-01   9.5307928872811132e-01   9.4720702687505809e-01   9.3816178736581746e-01   9.2352668646645142e-01   8.9882346160734938e-01   8.5602836012312444e-01   7.8178441579359403e-01   6.5697649061049390e-01   4.6227140634312591e-01   1.9460405528679675e-01  -1.1421202543966424e-01  -4.0571604263377087e-01  -6.3336164328307076e-01  -7.8630442945074308e-01  -8.7863649218711837e-01  -9.3006551498845358e-01  -9.5621123142743392e-01  -9.6708417611703756e-01  -9.6837617571052170e-01  -9.6295456577495120e-01  -9.5186391355770872e-01  -9.3489327026382130e-01
  -9.5355230359569065e-01  -9.3278343719709056e-01  -9.0476773750757489e-01  -8.6696767396053220e-01  -8.1629698947674700e-01  -7.4940612709939669e-01  -6.6325316430211156e-01  -5.5600853442543929e-01  -4.2811113245026589e-01  -2.8307722598240537e-01  -1.2749607694250187e-01   3.0059186082983247e-02   1.8090300514971613e-01   3.1804922205137193e-01   4.3723839517446378e-01   5.3695691063801476e-01   6.1777776046314403e-01   6.8147114320882951e-01   7.3023795213042431e-01   7.6616701704114121e-01   7.9091680284928767e-01   8.0552303339749720e-01   8.1027290113377104e-01   8.0456037609116082e-01   7.8670432713091154e-01   7.5370280876601736e-01   7.0101834514739081e-01   6.2259961868792080e-01   5.1165739522974141e-01   3.6289313623668018e-01   1.7655189273169680e-01  -3.7218465613344465e-02  -2.5775203801902413e-01  -4.6030482112322074e-01  -6.2622694314523231e-01  -7.4887027846767829e-01  -8.3183479833255591e-01  -8.8339022637621611e-01  -9.1167072027816975e-01  -9.2209797277106320e-01  -9.1614860953362642e-01  -8.9030042593069569e-01  -8.3447441176765558e-01  -7.3082299525932903e-01  -5.5685538022175385e-01  -3.0039669071309383e-01   1.5297842561568020e-02   3.2704087056134895e-01   5.7167935463670017e-01   7.2474962667875031e-01   7.9410036589270006e-01   7.9412394316854584e-01   7.3132097303499877e-01   6.0428353206448215e-01   4.1310936040578294e-01   1.7239159922130676e-01  -8.4172426828340141e-02  -3.1675302069780353e-01  -4.9869396701442498e-01  -6.2283268406865400e-01  -6.9398218055346705e-01  -7.1901696255382064e-01  -7.0098109603294068e-01  -6.3718546469860293e-01  -5.2048357212295582e-01  -3.4463942165276873e-01  -1.1445861976184202e-01   1.4510282756625570e-01   3.9381451669506673e-01   5.9694891460423427e-01   7.4170792797129725e-01   8.3486479081484477e-01   8.9088211879995172e-01   9.2324868407682381e-01   9.4160194527221341e-01   9.5198206155514065e-01   9.5791541642118416e-01   9.6138143001422804e-01   9.6346847346016196e-01   9.6476980624012598e-01   9.6560929902028014e-01   9.6616545342213023e-01   9.6653901733844350e-01   9.6678898941356395e-01   9.6695244686887283e-01   9.6705399985091334e-01   9.6711192900180931e-01   9.6714058402275804e-01   9.6715251473409869e-01   9.6715830164315264e-01   9.6716634065611751e-01   9.6718114577284053e-01   9.6720360420301421e-01   9.6722915626628392e-01   9.6724782408032783e-01   9.6724237888375242e-01   9.6718939224535250e-01   9.6705813273625796e-01   9.6681200900785802e-01   9.6640724692473967e-01   9.6579363181786093e-01   9.6491082432570807e-01   9.6368492593248667e-01   9.6201590215367472e-01   9.5975759651832315e-01   9.5667173752966228e-01   9.5234555608635152e-01   9.4602430052506170e-01   9.3629786885632427e-01   9.2050380418574040e-01   8.9367770263481039e-01   8.4687818425583372e-01   7.6522715034497701e-01   6.2774351818321239e-01   4.1459266862529748e-01   1.2685149301099391e-01  -1.9465129913704216e-01  -4.8537156265623466e-01  -7.0187884461027794e-01  -8.4069175181709488e-01  -9.2081152621301010e-01  -9.6344545054494479e-01  -9.8401216920557588e-01  -9.9192823003534492e-01  -9.9242576453190035e-01  -9.8817948861330296e-01  -9.8031797823174738e-01  -9.6897797916756145e-01
  -9.7444871293486546e-01  -9.6147295541008770e-01  -9.4440654469853236e-01  -9.2166802728732788e-01  -8.9117846744824292e-01  -8.5040619614262702e-01  -7.9653181338061896e-01  -7.2681846896622904e-01  -6.3921659425173827e-01  -5.3314847942697097e-01  -4.1023446366285327e-01  -2.7461672523134839e-01  -1.3256205988492820e-01   8.6443152252120292e-03   1.4212302637655316e-01   2.6255583492632234e-01   3.6670611974043466e-01   4.5327844044802290e-01   5.2237835168122382e-01   5.7484776959371109e-01   6.1167702423157244e-01   6.3354407180210570e-01   6.4048052687425905e-01   6.3161130736746895e-01   6.0496551625473283e-01   5.5739240991302441e-01   4.8476199347292248e-01   3.8275218144992745e-01   2.4862122453689972e-01   8.3977726295101418e-02  -1.0252351040079644e-01  -2.9499741066734381e-01  -4.7448527475311686e-01  -6.2572260219264120e-01  -7.4177442452098097e-01  -8.2382387701065984e-01  -8.7768486588964045e-01  -9.1012810625296336e-01  -9.2652688446739051e-01  -9.2969234720349614e-01  -9.1906741439775463e-01  -8.8958854356751671e-01  -8.2992683662082034e-01  -7.2124602300032736e-01  -5.4087566842177459e-01  -2.7844795701186048e-01   3.8934132656613885e-02   3.4556648903503806e-01   5.7978114829936078e-01   7.1959106848358723e-01   7.7259527237687153e-01   7.5004887711298962e-01   6.5441820967610276e-01   4.8310708207276526e-01   2.4301265499130786e-01  -3.5736282247287421e-02  -3.0559865866389724e-01  -5.2687611234566645e-01  -6.8490930403142181e-01  -7.8516076546151248e-01  -8.3973096630197019e-01  -8.5821291481441286e-01  -8.4415897798810513e-01  -7.9420763820969076e-01  -6.9849025804156273e-01  -5.4370516351639331e-01  -3.2231905078746609e-01  -4.7474208155370123e-02   2.4032268963780246e-01   4.9176391204351627e-01   6.7824313917853640e-01   8.0009079832138374e-01   8.7318488061601163e-01   9.1485475565906871e-01   9.3800811146559604e-01   9.5077670204368470e-01   9.5786139051515473e-01   9.6186113335288537e-01   9.6417890268199891e-01   9.6556606219885510e-01   9.6642434384607590e-01   9.6697169119747828e-01   9.6732795562428830e-01   9.6756172936055029e-01   9.6771303640336737e-01   9.6780743928145552e-01   9.6786166982017785e-01   9.6788803124748279e-01   9.6789527477409032e-01   9.6788991865741791e-01   9.6787645025710933e-01   9.6785764839494415e-01   9.6783307354435177e-01   9.6779838544628816e-01   9.6774432205702055e-01   9.6765624258484384e-01   9.6751343527578493e-01   9.6728866941788327e-01   9.6694829840586749e-01   9.6645153835390407e-01   9.6575013509113250e-01   9.6478520921943645e-01   9.6348278640069285e-01   9.6174139478192799e-01   9.5941110989211831e-01   9.5624816639223342e-01   9.5183012223733887e-01   9.4538389288174052e-01   9.3546214851908216e-01   9.1932788531363241e-01   8.9186893010302715e-01   8.4386514164703907e-01   7.5997835699657013e-01   6.1868728847013810e-01   4.0010395442595847e-01   1.0673562100471473e-01  -2.1783933741966155e-01  -5.0759224448948981e-01  -7.2041393655623054e-01  -8.5506413564383044e-01  -9.3184681120353063e-01  -9.7228606081549673e-01  -9.9169986645511765e-01  -9.9934926551298675e-01  -1.0003920663810884e+00  -9.9753959328908470e-01  -9.9207896440670806e-01  -9.8443674215796473e-01
  -9.8074080432225275e-01  -9.7279199125219584e-01  -9.6261636870116019e-01  -9.4932510518830282e-01  -9.3167252541936885e-01  -9.0804432237468025e-01  -8.7647881089227697e-01  -8.3477310015629491e-01  -7.8070853683180930e-01  -7.1243719000448380e-01  -6.2899983363906753e-01  -5.3087481188019137e-01  -4.2035105994054933e-01  -3.0152202525446697e-01  -1.7978791707871405e-01  -6.0995141172394907e-02   4.9487438723503197e-02   1.4742189949557910e-01   2.2992835058505856e-01   2.9531082942579201e-01   3.4264836881836969e-01   3.7130866311460181e-01   3.8051518326358835e-01   3.6903411057364766e-01   3.3506234391738660e-01   2.7641477337593595e-01   1.9118153353900691e-01   7.8971855231961763e-02  -5.7388335252430256e-02  -2.1045993293691712e-01  -3.6836722311938463e-01  -5.1740312086298634e-01  -6.4609854597320748e-01  -7.4831920169948918e-01  -8.2365292948132285e-01  -8.7556811786428868e-01  -9.0896930129185993e-01  -9.2835512087089678e-01  -9.3675878000427693e-01  -9.3511877562005385e-01  -9.2154171381263350e-01  -8.9004889524759490e-01  -8.2869978910225761e-01  -7.1834113412447742e-01  -5.3648682091637789e-01  -2.7372112166858792e-01   4.1533006259980521e-02   3.4315423010532298e-01   5.7003057264765788e-01   6.9992478136145575e-01   7.3826455035049832e-01   6.9276572749776122e-01   5.6320005223227088e-01   3.4975244310425879e-01   7.1788087203137008e-02  -2.2385555917183309e-01  -4.8380247825167061e-01  -6.7828107093919732e-01  -8.0690431310328503e-01  -8.8390130166399916e-01  -9.2418886004029499e-01  -9.3743888995605418e-01  -9.2685963572210461e-01  -8.8904989936285628e-01  -8.1370794199776686e-01  -6.8445202404786243e-01  -4.8492555178716429e-01  -2.1447904090656211e-01   9.4722865176254500e-02   3.8540803643723620e-01   6.1177288699209909e-01   7.6323526921738571e-01   8.5451083349822021e-01   9.0614543648608004e-01   9.3439976790159174e-01   9.4966308654926856e-01   9.5791526214489386e-01   9.6242620122890066e-01   9.6493431322339740e-01   9.6635760058991982e-01   9.6717730380373446e-01   9.6765069395165626e-01   9.6791436412386367e-01   9.6804539923423460e-01   9.6808597278987762e-01   9.6806248992091148e-01   9.6798973623362949e-01   9.6787941914069486e-01   9.6773925770960645e-01   9.6757825803537623e-01   9.6740308707226308e-01   9.6722096458770657e-01   9.6703601600688494e-01   9.6685113222318275e-01   9.6666335783556701e-01   9.6646502511817933e-01   9.6623990754216493e-01   9.6596501584969319e-01   9.6560753166292201e-01   9.6512688330458096e-01   9.6447166239451654e-01   9.6357997765681558e-01   9.6237278290633066e-01   9.6074587593825167e-01   9.5854719163695934e-01   9.5553586966869730e-01   9.5129773013463104e-01   9.4508426323267858e-01   9.3550016756460208e-01   9.1991961452887661e-01   8.9345028214845557e-01   8.4729137474950034e-01   7.6679879978190502e-01   6.3128582718346848e-01   4.2100351373187284e-01   1.3639129616499793e-01  -1.8311890037025524e-01  -4.7391478903913092e-01  -6.9211332887589483e-01  -8.3319108617983528e-01  -9.1550831054009119e-01  -9.6014521938472153e-01  -9.8266308184692230e-01  -9.9271727886613936e-01  -9.9582651042218995e-01  -9.9500874921364846e-01  -9.9183218278230512e-01  -9.8701661733666057e-01
  -9.7445166596963828e-01  -9.7034024981601519e-01  -9.6500640082337841e-01  -9.5801378330783349e-01  -9.4867032974421450e-01  -9.3602900321707916e-01  -9.1888183537605617e-01  -8.9578749712730610e-01  -8.6513731008065387e-01  -8.2530496284113297e-01  -7.7487792591409888e-01  -7.1298732719244939e-01  -6.3966715395031182e-01  -5.5616180215279143e-01  -4.6504097450687010e-01  -3.7005349776831958e-01  -2.7570479644078388e-01  -1.8669865636706873e-01  -1.0740667730092462e-01  -4.1538412436330385e-02   7.9521459187250204e-03   3.8754240613780577e-02   4.9017796183310980e-02   3.7217920264668969e-02   2.2189967096547525e-03  -5.6377605056341262e-02  -1.3755750216841267e-01  -2.3806982135581722e-01  -3.5186747603379753e-01  -4.7043677451674953e-01  -5.8431128588928072e-01  -6.8532657409794706e-01  -7.6845700437742226e-01  -8.3234466047589128e-01  -8.7849555980687588e-01  -9.0989756865921001e-01  -9.2974551743192457e-01  -9.4059733824044500e-01  -9.4383504519234629e-01  -9.3919515290010869e-01  -9.2400727896551449e-01  -8.9188301091635624e-01  -8.3080546918304632e-01  -7.2187108367200192e-01  -5.4301747479136231e-01  -2.8487499392921356e-01   2.5108856888452546e-02   3.2204560180498298e-01   5.4435312459537966e-01   6.6721130896523029e-01   6.9248868966236299e-01   6.2458923938955324e-01   4.6282541483078182e-01   2.1449042179354527e-01  -8.5631589624367677e-02  -3.7861722866392855e-01  -6.1491115958451548e-01  -7.7884524238240416e-01  -8.8105094431600151e-01  -9.3969697584644885e-01  -9.6955047888440460e-01  -9.7918340894031686e-01  -9.7118318868393361e-01  -9.4234616863807164e-01  -8.8296625451242039e-01  -7.7616965997142318e-01  -6.0097012517447912e-01  -3.4562084808452642e-01  -3.0208296164748738e-02   2.8771691990117942e-01   5.4816593426419047e-01   7.2738845738789126e-01   8.3639984950369950e-01   8.9786826468205494e-01   9.3113720359899832e-01   9.4881558862960014e-01   9.5816457274663724e-01   9.6312332636194276e-01   9.6576316152649000e-01   9.6716282334241654e-01   9.6787924024627858e-01   9.6820411025084674e-01   9.6828815892782871e-01   9.6821250619591159e-01   9.6801797404824352e-01   9.6772838468013078e-01   9.6735616740174424e-01   9.6691291822989778e-01   9.6640888237979727e-01   9.6585901187514600e-01   9.6528055620162312e-01   9.6469636613832166e-01   9.6412869980304705e-01   9.6359959887190771e-01   9.6312396980653825e-01   9.6270974527510855e-01   9.6235170204531861e-01   9.6203290696919286e-01   9.6172092944433596e-01   9.6137100895089966e-01   9.6092345279822899e-01   9.6030606823839404e-01   9.5942846975185114e-01   9.5817676611244462e-01   9.5639279968945412e-01   9.5383996755651657e-01   9.5012625890158653e-01   9.4456167049926409e-01   9.3587859636157278e-01   9.2172035745900860e-01   8.9773345213201083e-01   8.5613644395155919e-01   7.8398243293165004e-01   6.6269352695127870e-01   4.7319599389700290e-01   2.1152839761404729e-01  -9.2872187741868187e-02  -3.8360168173610792e-01  -6.1384404027894890e-01  -7.7099474655288325e-01  -8.6778904906462684e-01  -9.2352760050431681e-01  -9.5403450468873896e-01  -9.6979582319032631e-01  -9.7712336054820248e-01  -9.7965437669988575e-01  -9.7942273803583113e-01  -9.7751944975288185e-01
  -9.5256753906979852e-01  -9.5249062121293782e-01  -9.5163948863735559e-01  -9.4987987507351845e-01  -9.4686015323245598e-01  -9.4203840538182804e-01  -9.3469012865912149e-01  -9.2393170498217381e-01  -9.0874339328187947e-01  -8.8803191450190422e-01  -8.6072141766785137e-01  -8.2590745418910205e-01  -7.8304662427912319e-01  -7.3218863151433577e-01  -6.7417494966450353e-01  -6.1076553926101262e-01  -5.4461106328753117e-01  -4.7907815230288764e-01  -4.1793487819144592e-01  -3.6500157970021591e-01  -3.2382072704968301e-01  -2.9742177140307513e-01  -2.8814190030160375e-01  -2.9747577546180881e-01  -3.2585720294617948e-01  -3.7238019988101273e-01  -4.3449964097005755e-01  -5.0793487067940091e-01  -5.8698082532639773e-01  -6.6537076021904640e-01  -7.3745577482684310e-01  -7.9926794859709260e-01  -8.4898042242185090e-01  -8.8669545959033857e-01  -9.1376790837705479e-01  -9.3206331732867898e-01  -9.4333664694285080e-01  -9.4881841717482784e-01  -9.4885910568804910e-01  -9.4250184413087335e-01  -9.2670710807191914e-01  -8.9505334314598051e-01  -8.3586242516361853e-01  -7.3092292693702521e-01  -5.5878089435602929e-01  -3.0939894393143863e-01  -7.4304364924198119e-03   2.8486549560879482e-01   5.0476424082075122e-01   6.2310308635488576e-01   6.3726538514196318e-01   5.4905382970047834e-01   3.5988774388601230e-01   8.7303160466152052e-02  -2.1951984250406537e-01  -4.9699784703341809e-01  -7.0549500164719592e-01  -8.4210532891465018e-01  -9.2377856864829599e-01  -9.6933657588290800e-01  -9.9214967798991216e-01  -9.9944771715307379e-01  -9.9320966337278271e-01  -9.7043906837319271e-01  -9.2223564813055448e-01  -8.3230713846525206e-01  -6.7786414070052081e-01  -4.3996475308682848e-01  -1.2745460375367046e-01   2.0666094332819340e-01   4.9322362695939359e-01   6.9593165311266647e-01   8.2060787864698492e-01   8.9088212486771923e-01   9.2862790610422674e-01   9.4842493071927270e-01   9.5869767451334864e-01   9.6399070521274588e-01   9.6667522576975107e-01   9.6797010836882491e-01   9.6849665003261609e-01   9.6857022975450169e-01   9.6834760073495629e-01   9.6790462374469000e-01   9.6727445713085147e-01   9.6647052325009875e-01   9.6549858046343995e-01   9.6436724323034528e-01   9.6309356557933379e-01   9.6170871960867610e-01   9.6025744540830993e-01   9.5879705769991674e-01   9.5739215598800698e-01   9.5610851346634584e-01   9.5500393647001491e-01   9.5412094721002427e-01   9.5348000585275283e-01   9.5307641796898601e-01   9.5287867646006197e-01   9.5283028813117632e-01   9.5285186821547585e-01   9.5284437886601403e-01   9.5268951843569671e-01   9.5224668905443088e-01   9.5133989088906090e-01   9.4972800521648904e-01   9.4704276439954438e-01   9.4266880088216332e-01   9.3551462143707420e-01   9.2359347452431129e-01   9.0329294172468377e-01   8.6822724303401833e-01   8.0780314340136194e-01   7.0654031207879087e-01   5.4712723507070526e-01   3.2127629222235304e-01   4.5500420468738673e-02  -2.3663863503656191e-01  -4.7865075582957078e-01  -6.5781355802668340e-01  -7.7719054358327377e-01  -8.5159362983983455e-01  -8.9614489521758511e-01  -9.2214082726622926e-01  -9.3697641284641109e-01  -9.4521829751742747e-01  -9.4960643590930816e-01  -9.5175464952014166e-01
  -9.0587845115539034e-01  -9.1152208997076944e-01  -9.1648060705308598e-01  -9.2084650443003369e-01  -9.2446793230651159e-01  -9.2700923199399188e-01  -9.2798796893690327e-01  -9.2681746113196173e-01  -9.2283525767167296e-01  -9.1534646037109113e-01  -9.0366361338254775e-01  -8.8717852411558940e-01  -8.6544661762985209e-01  -8.3830735122590172e-01  -8.0600543541605230e-01  -7.6931661209945867e-01  -7.2961571347273080e-01  -6.8888044130351789e-01  -6.4958220024037083e-01  -6.1449568120085818e-01  -5.8642555347796743e-01  -5.6791648334430966e-01  -5.6094899681115451e-01  -5.6667420610764729e-01  -5.8517641082279426e-01  -6.1533388517356291e-01  -6.5481129977272912e-01  -7.0029213848233518e-01  -7.4794218903410059e-01  -7.9405722824366010e-01  -8.3566648287949108e-01  -8.7092097849265548e-01  -8.9912823286376065e-01  -9.2052561420610557e-01  -9.3589343654511481e-01  -9.4618958922834662e-01  -9.5223034964119668e-01  -9.5444971583030280e-01  -9.5261398606343062e-01  -9.4541668198542061e-01  -9.2972508965883527e-01  -8.9933831195651959e-01  -8.4320019129395807e-01  -7.4409536426261891e-01  -5.8133849411172767e-01  -3.4382645209475460e-01  -5.2218684677778127e-02   2.3505243625947952e-01   4.5401862624069578e-01   5.7011662443446864e-01   5.7573895882127324e-01   4.7100721446772764e-01   2.6154085842636771e-01  -2.3986702748936106e-02  -3.2594656253701304e-01  -5.8246138416379201e-01  -7.6516678570501706e-01  -8.8017289892980233e-01  -9.4708330661263318e-01  -9.8379595713018064e-01  -1.0020476121241735e+00  -1.0078793900032683e+00  -1.0027628274015032e+00  -9.8383154000240824e-01  -9.4284220866874424e-01  -8.6426588059028986e-01  -7.2488262295108896e-01  -5.0169332374379916e-01  -1.9526740459175540e-01   1.4711466203829182e-01   4.5155223144253626e-01   6.7189327165954338e-01   8.0879189476221747e-01   8.8601203219020286e-01   9.2726299792745581e-01   9.4867111705108109e-01   9.5959183549602911e-01   9.6505234812114693e-01   9.6765970032419724e-01   9.6873633697576766e-01   9.6894524717531638e-01   9.6860753855312676e-01   9.6787033964386515e-01   9.6678710836309290e-01   9.6536587912915994e-01   9.6359359491514673e-01   9.6145810730474590e-01   9.5896085481654714e-01   9.5613172809898939e-01   9.5303420271128236e-01   9.4977120882283073e-01   9.4647797943647460e-01   9.4331266937270897e-01   9.4043685606669081e-01   9.3799969262229621e-01   9.3611784032178114e-01   9.3486484076964049e-01   9.3426071194456695e-01   9.3427364209251351e-01   9.3482104028307134e-01   9.3578033619392686e-01   9.3699486524727627e-01   9.3828495071935869e-01   9.3944808683978964e-01   9.4025740754017095e-01   9.4043911254920276e-01   9.3962990755481612e-01   9.3728051245142718e-01   9.3248321579803228e-01   9.2365104884101001e-01   9.0797816398229925e-01   8.8058949714412371e-01   8.3346207491828683e-01   7.5470417633516895e-01   6.2997877687958304e-01   4.4887112454196548e-01   2.1625562312863691e-01  -4.0744471916373093e-02  -2.8309471374183964e-01  -4.8142385727615622e-01  -6.2702352848838128e-01  -7.2649168011914089e-01  -7.9171377418859668e-01  -8.3371984223206297e-01  -8.6076457981362997e-01  -8.7846776851273367e-01  -8.9048583969074380e-01  -8.9914453618542400e-01
  -8.1711481404388553e-01  -8.3185203022126797e-01  -8.4582533375439506e-01  -8.5932329221216219e-01  -8.7229631661778440e-01  -8.8445411210634994e-01  -8.9534373036025194e-01  -9.0443093199667202e-01  -9.1115846775073028e-01  -9.1500249765443309e-01  -9.1550613849683016e-01  -9.1231633667990863e-01  -9.0520976294636590e-01  -8.9414004493506649e-01  -8.7928443630054176e-01  -8.6110673923765046e-01  -8.4040124615193901e-01  -8.1832048606323815e-01  -7.9634284669617628e-01  -7.7618906685137068e-01  -7.5966068322718960e-01  -7.4843892414028379e-01  -7.4384722231042721e-01  -7.4664016054649851e-01  -7.5683624409409966e-01  -7.7366469827303319e-01  -7.9563406432738515e-01  -8.2075854299145035e-01  -8.4687774616694744e-01  -8.7201659273112164e-01  -8.9465760157644714e-01  -9.1388498467670054e-01  -9.2935510556745493e-01  -9.4116538847519449e-01  -9.4965652500271791e-01  -9.5523152212522633e-01  -9.5817415783298165e-01  -9.5848288237000079e-01  -9.5562694677014237e-01  -9.4816413224439611e-01  -9.3303510723805660e-01  -9.0440520901470656e-01  -8.5199301492878754e-01  -7.5973825287560415e-01  -6.0784247358284405e-01  -3.8404564990067519e-01  -1.0446782573213365e-01   1.7718862161423521e-01   3.9615644386089022e-01   5.1217311023447254e-01   5.1252444214294446e-01   3.9643639299277961e-01   1.7468509363158580e-01  -1.1425358630552623e-01  -4.0499180865356854e-01  -6.4069679517097899e-01  -8.0247601871694985e-01  -9.0174004415591980e-01  -9.5860207908358863e-01  -9.8956810017405994e-01  -1.0049480614891451e+00  -1.0098584291706334e+00  -1.0053676759220771e+00  -9.8864085693449866e-01  -9.5182753097781103e-01  -8.7994534852364104e-01  -7.4978358698518277e-01  -5.3630243100679442e-01  -2.3507929908384589e-01   1.1099178273481958e-01   4.2597893351816285e-01   6.5743819441493578e-01   8.0221884425451750e-01   8.8390755347775851e-01   9.2735308505110114e-01   9.4969487862998736e-01   9.6090142383297461e-01   9.6631169384372484e-01   9.6867714435532337e-01   9.6937270933395536e-01   9.6906793244924794e-01   9.6805960485538234e-01   9.6645341978350863e-01   9.6424692340409024e-01   9.6138804019635549e-01   9.5780391093039330e-01   9.5343788532166840e-01   9.4827219460460932e-01   9.4235928464199981e-01   9.3583377536361767e-01   9.2892129055529915e-01   9.2192110548412920e-01   9.1518506488814566e-01   9.0907475981923258e-01   9.0392536859473172e-01   9.0000329448799610e-01   8.9748460071776393e-01   8.9643635303194324e-01   8.9682126091674219e-01   8.9850305871170844e-01   9.0126914710899175e-01   9.0484650988815518e-01   9.0892702460280961e-01   9.1317869083366210e-01   9.1725860552375493e-01   9.2080158876539819e-01   9.2339723836422194e-01   9.2452040471395336e-01   9.2341131601337190e-01   9.1884567387089056e-01   9.0876379734938961e-01   8.8968989063382520e-01   8.5599507080163995e-01   7.9929261895788850e-01   7.0891339029598399e-01   5.7505440621409498e-01   3.9548751877663990e-01   1.8240255459609955e-01  -3.8558595514958438e-02  -2.3986140993408195e-01  -4.0446516975402996e-01  -5.2890832293443990e-01  -6.1852492031180573e-01  -6.8161857946940674e-01  -7.2602622980190157e-01  -7.5793979085430307e-01  -7.8185332481561409e-01  -8.0088552852367156e-01
  -6.6154080755589095e-01  -6.8986331200433826e-01  -7.1759536017299608e-01  -7.4518936169208738e-01  -7.7259847307837592e-01  -7.9940463350200597e-01  -8.2494581847503534e-01  -8.4845639901836489e-01  -8.6918692093499272e-01  -8.8650788580852868e-01  -8.9996709837419098e-01  -9.0932150075785501e-01  -9.1453183767560509e-01  -9.1575140246631181e-01  -9.1330522750597476e-01  -9.0768795731144325e-01  -8.9955941925404548e-01  -8.8974885907522339e-01  -8.7923488107357961e-01  -8.6910635815587156e-01  -8.6047880139398425e-01  -8.5438703498499269e-01  -8.5164965414326210e-01  -8.5274940154672652e-01  -8.5774146361940784e-01  -8.6623686599500227e-01  -8.7745713811198667e-01  -8.9037266061016640e-01  -9.0387545029309813e-01  -9.1696033127951160e-01  -9.2884996269889908e-01  -9.3905607442819061e-01  -9.4735886344739806e-01  -9.5374585610869533e-01  -9.5831369419347867e-01  -9.6117211604243602e-01  -9.6233096916992789e-01  -9.6157137179635610e-01  -9.5823233721628354e-01  -9.5085674854426017e-01  -9.3654446523165769e-01  -9.0988350282097419e-01  -8.6139952064770831e-01  -7.7620265470700378e-01  -6.3541835506840338e-01  -4.2573914306136551e-01  -1.5877521792222227e-01   1.1696061808027680e-01   3.3665318422755830e-01   4.5472891169035473e-01   4.5359562560163275e-01   3.3197138718464403e-01   1.0538995097488568e-01  -1.8059720513241273e-01  -4.5853304256148120e-01  -6.7703574922569776e-01  -8.2367070815806276e-01  -9.1239950105566781e-01  -9.6287736259642953e-01  -9.9032162089739362e-01  -1.0039700854363802e+00  -1.0082819739928948e+00  -1.0040100091187836e+00  -9.8825102207137805e-01  -9.5326569869847788e-01  -8.8426056868521941e-01  -7.5800441980182742e-01  -5.4861025087633342e-01  -2.4958177190136016e-01   9.8050085417622113e-02   4.1750009336224830e-01   6.5359956086395665e-01   8.0156015152510363e-01   8.8492919494019850e-01   9.2907387564238708e-01   9.5157229992072789e-01   9.6264383262001596e-01   9.6774015830622617e-01   9.6964716672146722e-01   9.6972525999615311e-01   9.6859789115801431e-01   9.6648707598403250e-01   9.6339987635010371e-01   9.5921284392652295e-01   9.5374185097263386e-01   9.4678639797751862e-01   9.3819272815668453e-01   9.2790421973649972e-01   9.1602143675514958e-01   9.0282963208979772e-01   8.8881153604640994e-01   8.7460903386774869e-01   8.6096449335657099e-01   8.4862987869528905e-01   8.3828744669172528e-01   8.3047267390891077e-01   8.2553441746968381e-01   8.2361072172450012e-01   8.2464133425333697e-01   8.2838622210457258e-01   8.3446683457095372e-01   8.4239993744114772e-01   8.5164260928822122e-01   8.6162058127064289e-01   8.7175964344512713e-01   8.8149319004156101e-01   8.9026166671021900e-01   8.9747144085920416e-01   9.0242082434617221e-01   9.0414802038896225e-01   9.0119365742193647e-01   8.9122966386817437e-01   8.7059614331199420e-01   8.3387749611708006e-01   7.7397781612204020e-01   6.8345997830352290e-01   5.5785164850433600e-01   4.0006903672776639e-01   2.2260856254686501e-01   4.4085029134446230e-02  -1.1830897204760177e-01  -2.5461013700149404e-01  -3.6277651608226230e-01  -4.4597222217660726e-01  -5.0946829636626667e-01  -5.5865570931975994e-01  -5.9815151732159633e-01  -6.3156699761094837e-01
  -4.1808924755187066e-01  -4.6257469468912449e-01  -5.0771038720802542e-01  -5.5409614012220576e-01  -6.0163120771221146e-01  -6.4961612118711920e-01  -6.9690178292592797e-01  -7.4209924780881154e-01  -7.8380372288223898e-01  -8.2081245309957440e-01  -8.5227636493045644e-01  -8.7777689640628809e-01  -8.9731062961437602e-01  -9.1122489186992772e-01  -9.2011824474738790e-01  -9.2475178630691146e-01  -9.2597372918464460e-01  -9.2467567507276793e-01  -9.2175723743797433e-01  -9.1810252040166640e-01  -9.1454085892201664e-01  -9.1180275711401981e-01  -9.1045974419514941e-01  -9.1087469173766777e-01  -9.1316323557030110e-01  -9.1719515351213943e-01  -9.2262747890044472e-01  -9.2897930389110561e-01  -9.3571744149270097e-01  -9.4234519969892883e-01  -9.4846087974073967e-01  -9.5379089783422133e-01  -9.5818207625720886e-01  -9.6157412601812942e-01  -9.6394955030987073e-01  -9.6527923834990637e-01  -9.6544387202013870e-01  -9.6412742815003349e-01  -9.6062909247349004e-01  -9.5353672136003187e-01  -9.4013537454661888e-01  -9.1542368155696063e-01  -8.7066993674364213e-01  -7.9204163764987412e-01  -6.6151060424638852e-01  -4.6488985436479341e-01  -2.0971264191712313e-01   6.0623449815485952e-02   2.8196496454559139e-01   4.0428201959554988e-01   4.0561397034166902e-01   2.8410680965000346e-01   5.8559999283838149e-02  -2.2152077048312013e-01  -4.8866608335141687e-01  -6.9543664537831296e-01  -8.3279607792572752e-01  -9.1549652679678239e-01  -9.6248655202673328e-01  -9.8805868765293092e-01  -1.0007702307889663e+00  -1.0046655722197020e+00  -1.0002511202546422e+00  -9.8445821429557712e-01  -9.4938752632102164e-01  -8.8004417118846234e-01  -7.5296164460897563e-01  -5.4217266721002666e-01  -2.4162601550047652e-01   1.0669773547791078e-01   4.2553695114955004e-01   6.6026084017891229e-01   8.0682901109545324e-01   8.8910559015790502e-01   9.3244232793811521e-01   9.5430160826550614e-01   9.6479055141547332e-01   9.6926675233882875e-01   9.7042858148684652e-01   9.6953837088312800e-01   9.6709624328803956e-01   9.6316311401430688e-01   9.5754162249563191e-01   9.4986372773425476e-01   9.3967886864375139e-01   9.2653307967355381e-01   9.1008675273750850e-01   8.9022791859303441e-01   8.6719030250465612e-01   8.4160945851656199e-01   8.1451748119770528e-01   7.8724088187234753e-01   7.6125098565316063e-01   7.3797673163049271e-01   7.1865119920014031e-01   7.0419405020538028e-01   6.9516615900031287e-01   6.9176169756770900e-01   6.9384775056100767e-01   7.0101001006396146e-01   7.1261762011593677e-01   7.2787598654838004e-01   7.4588827105440314e-01   7.6570103340062667e-01   7.8635553978460304e-01   8.0691823693258968e-01   8.2650890045127889e-01   8.4429570277304211e-01   8.5946808291708399e-01   8.7115030581051123e-01   8.7826286241159401e-01   8.7929949772624794e-01   8.7205505857026533e-01   8.5335726061108230e-01   8.1902326432216443e-01   7.6436521668349489e-01   6.8561532915869228e-01   5.8213326458419912e-01   4.5831881020984583e-01   3.2348776318525058e-01   1.8911016442526385e-01   6.4997431956776097e-02  -4.3142366199131421e-02  -1.3390375113396491e-01  -2.0892965972857014e-01  -2.7141084756333378e-01  -3.2495075942850526e-01  -3.7291232602814223e-01
  -9.6125291023565484e-02  -1.5211185695024687e-01  -2.1159393002847560e-01  -2.7549418370687001e-01  -3.4390272332086752e-01  -4.1602834051730514e-01  -4.9023954450400586e-01  -5.6425036929452455e-01  -6.3543448488057719e-01  -7.0123753029346603e-01  -7.5957077637785309e-01  -8.0910011509406521e-01  -8.4934342273885366e-01  -8.8059427598304674e-01  -9.0371749937315660e-01  -9.1991731131791210e-01  -9.3052445860300403e-01  -9.3685218643997370e-01  -9.4010555896281556e-01  -9.4134387779041895e-01  -9.4146117450664790e-01  -9.4118399920007012e-01  -9.4106303120092694e-01  -9.4147313475783245e-01  -9.4261186310556144e-01  -9.4451671909743085e-01  -9.4709000344961325e-01  -9.5014310101594046e-01  -9.5344007275415077e-01  -9.5674536500643659e-01  -9.5985378378264219e-01  -9.6261000107454553e-01  -9.6490562957425130e-01  -9.6666966023369760e-01  -9.6784022083812749e-01  -9.6832972889196811e-01  -9.6796499316848961e-01  -9.6639565472114830e-01  -9.6292330278615235e-01  -9.5620126300769037e-01  -9.4368844966666909e-01  -9.2073398982052190e-01  -8.7921320925290580e-01  -8.0613621595853735e-01  -6.8412364300132222e-01  -4.9822468936419295e-01  -2.5253449182621379e-01   1.4080231927771136e-02   2.3849435093303240e-01   3.6724797858017105e-01   3.7474519987513782e-01   2.5822167554951325e-01   3.7686973932103407e-02  -2.3628882771680493e-01  -4.9692996846149523e-01  -6.9833965046632596e-01  -8.3216541656962351e-01  -9.1286376625570598e-01  -9.5880575613744634e-01  -9.8382964492601832e-01  -9.9620363829190950e-01  -9.9978017269918906e-01  -9.9487830513582354e-01  -9.7816889206501501e-01  -9.4133576638857597e-01  -8.6880403972609388e-01  -7.3663531761630574e-01  -5.1943568189215839e-01  -2.1388818504090396e-01   1.3448673539621731e-01   4.4827228700917054e-01   6.7630819733572667e-01   8.1743271054226863e-01   8.9614747650320437e-01   9.3731832977178853e-01   9.5779976924411592e-01   9.6725817356468591e-01   9.7076171435639869e-01   9.7079215631478799e-01   9.6840614895883592e-01   9.6386143283890635e-01   9.5691109746802239e-01   9.4696697697447729e-01   9.3319574345794942e-01   9.1464635539577421e-01   8.9041531307249389e-01   8.5988573725874873e-01   8.2297767469189598e-01   7.8036205580944240e-01   7.3352463979823490e-01   6.8465425411069170e-01   6.3634617494987744e-01   5.9123596475422202e-01   5.5165457913507554e-01   5.1941052737670435e-01   4.9569631152309601e-01   4.8111537757939304e-01   4.7575851930731805e-01   4.7930967321411344e-01   4.9113106333522266e-01   5.1033980512211252e-01   5.3585479802188529e-01   5.6644336114571803e-01   6.0075423457992616e-01   6.3736550545037218e-01   6.7482999066537708e-01   7.1173507671128589e-01   7.4674794163253810e-01   7.7865303640474903e-01   8.0634566322808887e-01   8.2878577051312119e-01   8.4488358756102100e-01   8.5334692310677174e-01   8.5251318500109186e-01   8.4027798796706721e-01   8.1424664984885020e-01   7.7228105865341790e-01   7.1342786767195454e-01   6.3892188123661442e-01   5.5260920257180079e-01   4.6030424473182030e-01   3.6822892177320382e-01   2.8137744740945125e-01   2.0256691628377710e-01   1.3238816811948739e-01   6.9723669492805174e-02   1.2442553184615512e-02  -4.2001982995186760e-02
   2.4652387458822389e-01   1.9159345439951114e-01   1.3006514319277229e-01   6.0330261503944216e-02  -1.8569523565124479e-02  -1.0667065424072211e-01  -2.0283162247542985e-01  -3.0460836795213775e-01  -4.0836294869952539e-01  -5.0970465706869161e-01  -6.0419805889736511e-01  -6.8815612796581427e-01  -7.5923059478372701e-01  -8.1663085306584071e-01  -8.6094078529501250e-01  -8.9369686951206539e-01  -9.1690547625944330e-01  -9.3265569495046785e-01  -9.4286512017159030e-01  -9.4916423385996929e-01  -9.5286158706227275e-01  -9.5496527251616881e-01  -9.5621553383412516e-01  -9.5712879355381086e-01  -9.5803170482663691e-01  -9.5910075397798222e-01  -9.6039321796695321e-01  -9.6188561716835819e-01  -9.6350254041623651e-01  -9.6514821674985274e-01  -9.6672324729197945e-01  -9.6814111330627184e-01  -9.6932769905748384e-01  -9.7021835234001463e-01  -9.7073899383610507e-01  -9.7078285381525253e-01  -9.7015909517729004e-01  -9.6851180747805732e-01  -9.6516178142670650e-01  -9.5882536865625467e-01  -9.4709926431920832e-01  -9.2559346396614717e-01  -8.8661272687214654e-01  -8.1772857627517737e-01  -7.0191446135737523e-01  -5.2347130869968916e-01  -2.8375085728073968e-01  -1.8075551938251722e-02   2.1133914655756114e-01   3.4856803542922510e-01   3.6532025780767668e-01   2.5761960914351478e-01   4.4594740265979371e-02  -2.2464858840420360e-01  -4.8411448192544548e-01  -6.8686768269724807e-01  -8.2281277039163969e-01  -9.0532332679365957e-01  -9.5246100140987133e-01  -9.7811762810924818e-01  -9.9066616795632956e-01  -9.9398265757720516e-01  -9.8825453529566609e-01  -9.6979955629810344e-01  -9.2964104587893859e-01  -8.5127864904408523e-01  -7.1014412982305997e-01  -4.8217721386410012e-01  -1.6899503961854007e-01   1.7831495635854597e-01   4.8297467713021791e-01   6.9989089448664255e-01   8.3232704335871344e-01   9.0552391488173711e-01   9.4343606585359818e-01   9.6191051833430874e-01   9.6990338822442945e-01   9.7201836477216375e-01   9.7038070228255269e-01   9.6569691727436047e-01   9.5779725992173881e-01   9.4588155628347925e-01   9.2865603808119346e-01   9.0446428227645592e-01   8.7152118251039079e-01   8.2828876116332961e-01   7.7398857423385037e-01   7.0910514808763925e-01   6.3567864254705109e-01   5.5717990373827786e-01   4.7796154092541504e-01   4.0247386610842140e-01   3.3456248727080906e-01   2.7704960115264143e-01   2.3165630306475238e-01   1.9915333033751348e-01   1.7961824976875496e-01   1.7267662814674345e-01   1.7768880086527022e-01   1.9385411086225451e-01   2.2025740454708737e-01   2.5586135101235052e-01   2.9947919768242348e-01   3.4973414914304635e-01   4.0503841931595830e-01   4.6359378031059184e-01   5.2343978506146482e-01   5.8253695505069802e-01   6.3888613478524736e-01   6.9064425260699758e-01   7.3621825190109269e-01   7.7429494032956614e-01   8.0380824019135488e-01   8.2384491388576375e-01   8.3355424162316805e-01   8.3212579268212172e-01   8.1892479823352105e-01   7.9379041978835962e-01   7.5742066456599200e-01   7.1161497015325681e-01   6.5916917951673937e-01   6.0335671799913759e-01   5.4720554086217787e-01   4.9286652875704628e-01   4.4130506462232955e-01   3.9231480791570739e-01   3.4475499731870307e-01   2.9685614297574170e-01
   5.3609880286697242e-01   4.9372516296799812e-01   4.4369717515304996e-01   3.8381766163976822e-01   3.1201058669055703e-01   2.2661751151204707e-01   1.2683988458546674e-01   1.3280627173180237e-02  -1.1154421461458952e-01  -2.4300353868177149e-01  -3.7473152844497659e-01  -4.9970040630788493e-01  -6.1167709216127242e-01  -7.0648643133961475e-01  -7.8255297988078232e-01  -8.4063886804040178e-01  -8.8306091488709726e-01  -9.1282703637917229e-01  -9.3296271060624003e-01  -9.4612873012805898e-01  -9.5446849090117936e-01  -9.5961097270699058e-01  -9.6273544757622354e-01  -9.6466414923213994e-01  -9.6594242905643646e-01  -9.6691376349704572e-01  -9.6777286179015443e-01  -9.6861463160676375e-01  -9.6946527229296431e-01  -9.7031332154831973e-01  -9.7112487066705599e-01  -9.7185874356505242e-01  -9.7246675562340934e-01  -9.7289636548381764e-01  -9.7307609547228902e-01  -9.7289736489257062e-01  -9.7216836161962283e-01  -9.7053965635882378e-01  -9.6735217401523421e-01  -9.6136942493252042e-01  -9.5027890509694368e-01  -9.2984716766468101e-01  -8.9261049829751993e-01  -8.2638824826783974e-01  -7.1415331553258077e-01  -5.3938990064663206e-01  -3.0139444066533344e-01  -3.3208613847238055e-02   2.0329518325018237e-01   3.5055503706208918e-01   3.7876288273094499e-01   2.8276918970417042e-01   7.9086814579176934e-02  -1.8696975752273537e-01  -4.5046349580321127e-01  -6.6115119536115929e-01  -8.0484901293896804e-01  -8.9300284689122722e-01  -9.4359255664902508e-01  -9.7106419853976778e-01  -9.8429536739282375e-01  -9.8740955688428278e-01  -9.8052565244806156e-01  -9.5952227570652249e-01  -9.1453626065036087e-01  -8.2785166404313437e-01  -6.7426708352139342e-01  -4.3204846829640636e-01  -1.0985871829459407e-01   2.3447578456682389e-01   5.2630125401231198e-01   7.2871991453780649e-01   8.5020281884106685e-01   9.1655390023555139e-01   9.5044160077550699e-01   9.6641275333763765e-01   9.7251176491607949e-01   9.7272287136619184e-01   9.6865419492105442e-01   9.6045577641952984e-01   9.4724160880182495e-01   9.2726895626807537e-01   8.9806192058198153e-01   8.5666663957079536e-01   8.0018640199644486e-01   7.2666203616879232e-01   6.3611768293749704e-01   5.3132407709787577e-01   4.1773893639003351e-01   3.0245204888064620e-01   1.9256702417781990e-01   9.3786531383633354e-02   9.7350475442786744e-03  -5.7958107375994827e-02  -1.0913598982550410e-01  -1.4450129139798196e-01  -1.6511653824764727e-01  -1.7208061314754874e-01  -1.6635947511033172e-01  -1.4873240827745360e-01  -1.1981173160058450e-01  -8.0114901801633776e-02  -3.0168316629028524e-02   2.9363021864221295e-02   9.7538635008597274e-02   1.7301481083916259e-01   2.5395982589448229e-01   3.3804140931361149e-01   4.2252043607543360e-01   5.0445044096000591e-01   5.8095620652468805e-01   6.4951871777671299e-01   7.0819586821167124e-01   7.5572006975394090e-01   7.9147423085726565e-01   8.1538495659469601e-01   8.2781515028252373e-01   8.2950780615377750e-01   8.2159225001317182e-01   8.0559054955945641e-01   7.8335215398705782e-01   7.5686004053796441e-01   7.2794897332074759e-01   6.9801535254018543e-01   6.6781934648610031e-01   6.3741139429004079e-01   6.0617715160466445e-01   5.7294182600201349e-01
   7.3646552252739728e-01   7.0970113421842274e-01   6.7645330116348235e-01   6.3459279115995360e-01   5.8165085854009924e-01   5.1491380978943813e-01   4.3167766644712358e-01   3.2975112778154392e-01   2.0826811234035492e-01   6.8702602000913104e-02  -8.4280115562486491e-02  -2.4276325015170974e-01  -3.9680213778294493e-01  -5.3675488217109668e-01  -6.5567323756398932e-01  -7.5057692666768983e-01  -8.2219207723292020e-01  -8.7368575061829945e-01  -9.0922278058859884e-01  -9.3290725567412802e-01  -9.4822413253952198e-01  -9.5787537094109287e-01  -9.6382675024348852e-01  -9.6744677972377269e-01  -9.6965101327690173e-01  -9.7103289636447077e-01  -9.7195963569971666e-01  -9.7264895965160703e-01  -9.7321773761654862e-01  -9.7372156614948646e-01  -9.7417494413447803e-01  -9.7457081154294622e-01  -9.7488456908650500e-01  -9.7507810011809337e-01  -9.7508817644762980e-01  -9.7481189359150611e-01  -9.7406280338326501e-01  -9.7249972959219244e-01  -9.6947868692152095e-01  -9.6378832534638370e-01  -9.5315385393520258e-01  -9.3339029155695197e-01  -8.9706660995655563e-01  -8.3193359015565327e-01  -7.2059761942603584e-01  -5.4562809687750913e-01  -3.0496400116887074e-01  -3.0808666655066319e-02   2.1446004775900018e-01   3.7241714593031272e-01   4.1318267746822712e-01   3.3098317738050970e-01   1.3859937943311440e-01  -1.2468932573175179e-01  -3.9613750027406236e-01  -6.2070807116325344e-01  -7.7773967161336310e-01  -8.7553561811002023e-01  -9.3199969678578776e-01  -9.6257792710385859e-01  -9.7706429348218904e-01  -9.8007393719465896e-01  -9.7173804967693045e-01  -9.4742602227976525e-01  -8.9619303196587397e-01  -7.9890243485256529e-01  -6.2992604294304355e-01  -3.7110567505076769e-01  -4.0004463756397934e-02   2.9872685442095376e-01   5.7461223133944173e-01   7.6037240044467347e-01   8.6968230747630826e-01   9.2850717640950675e-01   9.5793320202599863e-01   9.7102594858456948e-01   9.7478052898999734e-01   9.7241324690378705e-01   9.6481223204267197e-01   9.5127194728685005e-01   9.2976017889596085e-01   8.9703117133895693e-01   8.4883384055270172e-01   7.8056478835594967e-01   6.8858062532102116e-01   5.7207933773048514e-01   4.3473453705182186e-01   2.8487866196118206e-01   1.3358288517033423e-01  -8.4773437148670250e-03  -1.3360951190259041e-01  -2.3798508835872001e-01  -3.2102370414086445e-01  -3.8414513385049065e-01  -4.2962312468749719e-01  -4.5981355416910291e-01  -4.7675265386251431e-01  -4.8199761268414620e-01  -4.7660745728499831e-01  -4.6118338400874259e-01  -4.3593944308486415e-01  -4.0078351216209057e-01  -3.5541741643386138e-01  -2.9945892274962854e-01  -2.3260290639092263e-01  -1.5482425469745420e-01  -6.6618456096774914e-02   3.0757256017406698e-02   1.3510240690452313e-01   2.4324131040869618e-01   3.5121530115953142e-01   4.5471778627084147e-01   5.4968440465698121e-01   6.3286795234822224e-01   7.0221961207168992e-01   7.5698637372010746e-01   7.9755249972345665e-01   8.2513818829424335e-01   8.4147946973375198e-01   8.4855922648802040e-01   8.4839981766731276e-01   8.4289669496530606e-01   8.3367550359167186e-01   8.2197368898831824e-01   8.0856380829588403e-01   7.9372418757512331e-01   7.7725447059476127e-01   7.5851409665215008e-01
   8.5614008819137632e-01   8.4185984043599904e-01   8.2298716682658846e-01   7.9794582860122587e-01   7.6467895735610880e-01   7.2057210165339214e-01   6.6242690479430311e-01   5.8658466951743105e-01   4.8935561185929205e-01   3.6793494078503824e-01   2.2186889914018315e-01   5.4737118372611193e-02  -1.2488189351210471e-01  -3.0434791311122544e-01  -4.7011533576474612e-01  -6.1169228256320429e-01  -7.2412771490967576e-01  -8.0792721418760050e-01  -8.6716283081699053e-01  -9.0727309676655976e-01  -9.3350701355758259e-01  -9.5018741232195680e-01  -9.6054863715643046e-01  -9.6686411071638678e-01  -9.7066140218093966e-01  -9.7293390729690543e-01  -9.7430784185596586e-01  -9.7516752076947089e-01  -9.7573906670837562e-01  -9.7615013149417595e-01  -9.7646532625915616e-01  -9.7671101194555654e-01  -9.7688526975558032e-01  -9.7696514392447009e-01  -9.7689907991783387e-01  -9.7659209774126809e-01  -9.7586529464513805e-01  -9.7438391795750245e-01  -9.7150922994301836e-01  -9.6603010275884782e-01  -9.5565763028472817e-01  -9.3615001935034714e-01  -8.9991885325470777e-01  -8.3434798289735201e-01  -7.2134069429077941e-01  -5.4249339203691904e-01  -2.9515312514452524e-01  -1.2230434303944493e-02   2.4249231999686194e-01   4.1059586345906884e-01   4.6379499675556718e-01   3.9672005583536613e-01   2.1808169733983279e-01  -4.0869083639946291e-02  -3.2185348884994092e-01  -5.6489560498231262e-01  -7.4056296775071950e-01  -8.5220563299456109e-01  -9.1723591964660967e-01  -9.5241159693189759e-01  -9.6885209620200763e-01  -9.7193939169774313e-01  -9.6192987688259146e-01  -9.3364783411002028e-01  -8.7492771242408685e-01  -7.6512970625646470e-01  -5.7863629401587424e-01  -3.0226134983272102e-01   3.6244654471785098e-02   3.6646364397967518e-01   6.2428479194977593e-01   7.9254100350451751e-01   8.8945842378040463e-01   9.4066428530078472e-01   9.6547595086376714e-01   9.7539654666023046e-01   9.7627986490515961e-01   9.7041146381677934e-01   9.5768839106015236e-01   9.3612390973774207e-01   9.0195061954607481e-01   8.4975388165667198e-01   7.7309267652625913e-01   6.6620655317480959e-01   5.2690779175852498e-01   3.5961954091581011e-01   1.7617310318621771e-01  -7.2584506237761137e-03  -1.7566395214451735e-01  -3.1945514767593458e-01  -4.3536211732140029e-01  -5.2473837368262632e-01  -5.9123150163773419e-01  -6.3901552332409561e-01  -6.7185152057086839e-01  -6.9273329407704209e-01  -7.0385705866946990e-01  -7.0670749857120285e-01  -7.0217770674733848e-01  -6.9066750084084227e-01  -6.7216322544770790e-01  -6.4628929206390517e-01  -6.1235297556920587e-01  -5.6938656648099273e-01  -5.1621756290647514e-01  -4.5158188369075875e-01  -3.7432008094052671e-01  -2.8367167369158686e-01  -1.7967349261823856e-01  -6.3596578735462483e-02   6.1705721264939173e-02   1.9174148863338053e-01   3.2078146501966909e-01   4.4273307322328803e-01   5.5224038558922772e-01   6.4561089500547675e-01   7.2123636928768209e-01   7.7944734103568225e-01   8.2198007367662074e-01   8.5133328528665630e-01   8.7021540115699536e-01   8.8116514041493010e-01   8.8633483111969258e-01   8.8739517105079957e-01   8.8551415770486286e-01   8.8138153777983230e-01   8.7525308494874177e-01   8.6699910598346130e-01
   9.2064307344648033e-01   9.1452106896080831e-01   9.0534153347758406e-01   8.9215319223009759e-01   8.7357810909211620e-01   8.4769330879146820e-01   8.1187905328653209e-01   7.6267837431227281e-01   6.9575975832928527e-01   6.0617873250829657e-01   4.8922997707487581e-01   3.4218200238558150e-01   1.6677085088548232e-01  -2.8631494872914276e-02  -2.2918248862991708e-01  -4.1733944240008947e-01  -5.7867278352402629e-01  -7.0599992466304717e-01  -7.9960409974417523e-01  -8.6457566944095143e-01  -9.0769450681025665e-01  -9.3533740654905884e-01  -9.5258915111256703e-01  -9.6312928282462118e-01  -9.6946092607490242e-01  -9.7321624787418148e-01  -9.7542760120399641e-01  -9.7673169157763162e-01  -9.7751241829262447e-01  -9.7799466205003394e-01  -9.7830459042668982e-01  -9.7850716226244139e-01  -9.7862779315298654e-01  -9.7866092978001717e-01  -9.7856820946649481e-01  -9.7826344276520749e-01  -9.7757479793028179e-01  -9.7616908175187422e-01  -9.7340304256944010e-01  -9.6804088012027267e-01  -9.5772861316929936e-01  -9.3806928406778967e-01  -9.0114399945414725e-01  -8.3370396801455948e-01  -7.1667375205774542e-01  -5.3072016247438802e-01  -2.7348630605720275e-01   1.9846391560096460e-02   2.8338684769480715e-01   4.5980149758236333e-01   5.2412001411625164e-01   4.7264367541513780e-01   3.1046611347161623e-01   5.9515499613858991e-02  -2.2952254753919588e-01  -4.9341905226045446e-01  -6.9228486273263268e-01  -8.2207945114760739e-01  -8.9867449675363231e-01  -9.4019896231772770e-01  -9.5947447962195564e-01  -9.6295887767650590e-01  -9.5119381246291723e-01  -9.1848250231574036e-01  -8.5139105304483653e-01  -7.2785114148990138e-01  -5.2288053289398850e-01  -2.2955014882108055e-01   1.1381923342240102e-01   4.3300339501022483e-01   6.7198187025948553e-01   8.2319656480583492e-01   9.0837322697996437e-01   9.5234168308218758e-01   9.7259026594863540e-01   9.7905859334888001e-01   9.7638596687123913e-01   9.6572201735636631e-01   9.4560402230749763e-01   9.1220325052879148e-01   8.5933822614612287e-01   7.7894988042455127e-01   6.6292140263248345e-01   5.0693526333039363e-01   3.1531171944817926e-01   1.0318342389896756e-01  -1.0759596738961763e-01  -2.9702721100928087e-01  -4.5358426474141422e-01  -5.7499180745916501e-01  -6.6499594407841067e-01  -7.2965577098897294e-01  -7.7497848623676902e-01  -8.0591549770624593e-01  -8.2617910724248456e-01  -8.3839027497093932e-01  -8.4431578754596082e-01  -8.4507544792299993e-01  -8.4130323388272432e-01  -8.3324984161773430e-01  -8.2084788488915028e-01  -8.0373752954295141e-01  -7.8127267378945298e-01  -7.5250484917792471e-01  -7.1616586641537905e-01  -6.7065805636258247e-01  -6.1408812011063696e-01  -5.4437899024906300e-01  -4.5952465789235875e-01  -3.5803545506246764e-01  -2.3958951308852755e-01  -1.0577734247009887e-01   3.9331946023676845e-02   1.8920869006221908e-01   3.3575354592952011e-01   4.7093762157435232e-01   5.8855193915204529e-01   6.8530234584676875e-01   7.6088169674918227e-01   8.1723598038781908e-01   8.5752760004604756e-01   8.8523091207831262e-01   9.0353866993429666e-01   9.1507375919029177e-01   9.2180996229987811e-01   9.2511045937877756e-01   9.2581095670920432e-01   9.2431057009989492e-01
   9.5240480296312457e-01   9.5126626787803270e-01   9.4797020796659770e-01   9.4208031370377954e-01   9.3281893891574486e-01   9.1898152289239765e-01   8.9879046484992442e-01   8.6969521256910165e-01   8.2813394123996276e-01   7.6934654696751381e-01   6.8743507716524277e-01   5.7606365930783177e-01   4.3030094797870011e-01   2.4981090754803459e-01   4.2314632261632901e-02  -1.7549564259645695e-01  -3.8217877732847283e-01  -5.5939760217261503e-01  -6.9793529693658019e-01  -7.9815341875655421e-01  -8.6636406679716349e-01  -9.1070413219746971e-01  -9.3856332822333677e-01  -9.5562908171534988e-01  -9.6588374802748711e-01  -9.7195316292802247e-01  -9.7550418208341561e-01  -9.7756421547668171e-01  -9.7875493303932726e-01  -9.7944350184593076e-01  -9.7984396763695414e-01  -9.8007402791733211e-01  -9.8019271118313700e-01  -9.8021532480000007e-01  -9.8011925085911600e-01  -9.7982723642236635e-01  -9.7917349386802965e-01  -9.7782199710300888e-01  -9.7511317223900051e-01  -9.6976254850656485e-01  -9.5930455733085174e-01  -9.3909724994205734e-01  -9.0073589983099789e-01  -8.3011418235051582e-01  -7.0698596542048986e-01  -5.1127750238803160e-01  -2.4195651095592174e-01   6.2063043250393357e-02   3.3248305839072911e-01   5.1435552231942927e-01   5.8754638163745276e-01   5.5118914308742917e-01   4.0781063915435423e-01   1.6986608791829466e-01  -1.2265715228649476e-01  -4.0684854494723516e-01  -6.3208048456221444e-01  -7.8415854712438759e-01  -8.7558319527990891e-01  -9.2550344771956983e-01  -9.4872464048175931e-01  -9.5311742526026599e-01  -9.3973399187694606e-01  -9.0247336378139442e-01  -8.2672084349847530e-01  -6.8922737930173639e-01  -4.6632783989113058e-01  -1.5814746097548193e-01   1.8715124462941363e-01   4.9386380380535871e-01   7.1478634073712233e-01   8.5060847495716663e-01   9.2538568657377629e-01   9.6283753056358101e-01   9.7868204400618153e-01   9.8134274246132736e-01   9.7415674210279879e-01   9.5686527718437508e-01   9.2616941772343897e-01   8.7575801417990529e-01   7.9652128268663736e-01   6.7815814657398821e-01   5.1350864642052552e-01   3.0524746746332970e-01   7.0381216777146011e-02  -1.6381407608877357e-01  -3.7166585582129141e-01  -5.3901590908047714e-01  -6.6430782040696335e-01  -7.5360044359003309e-01  -8.1527020448178744e-01  -8.5698563207588796e-01  -8.8469313805756911e-01  -9.0262803564221550e-01  -9.1366858857015987e-01  -9.1971125230201078e-01  -9.2197088409950845e-01  -9.2118979027412506e-01  -9.1777631312637598e-01  -9.1188802112316325e-01  -9.0347802719190340e-01  -8.9231038394453965e-01  -8.7795250151809601e-01  -8.5974444378272352e-01  -8.3674996171370786e-01  -8.0768913019214672e-01  -7.7086729679448662e-01  -7.2412064768455919e-01  -6.6482461188772557e-01  -5.9003407907552297e-01  -4.9685981168310023e-01  -3.8317831114971002e-01  -2.4868436623555337e-01  -9.6047367348380958e-02   6.8395892384004009e-02   2.3512314341054208e-01   3.9335619156677537e-01   5.3376919850917759e-01   6.5063675874744398e-01   7.4245417578059025e-01   8.1110255256368813e-01   8.6036099756821072e-01   8.9454311075780457e-01   9.1761933996794864e-01   9.3281442335146969e-01   9.4252776092980961e-01   9.4841342873062362e-01   9.5151689984262733e-01
   9.6584336178395236e-01   9.6792936247498640e-01   9.6818171452594981e-01   9.6658011251613862e-01   9.6280303689464741e-01   9.5619874300085117e-01   9.4569302871219652e-01   9.2963040642856754e-01   9.0553353170360984e-01   8.6979357539626667e-01   8.1734722766511059e-01   7.4155098635991445e-01   6.3470090256677625e-01   4.8993004234575488e-01   3.0501644723586624e-01   8.7138986484231906e-02  -1.4509996978257822e-01  -3.6643965141595791e-01  -5.5506536099572734e-01  -7.0042992870180276e-01  -8.0358946493134820e-01  -8.7233210016104723e-01  -9.1608836573380970e-01  -9.4304314756288699e-01  -9.5926305102783593e-01  -9.6885461452946564e-01  -9.7445094620998596e-01  -9.7767928866190013e-01  -9.7952392294337309e-01  -9.8056705611958117e-01  -9.8114953552118267e-01  -9.8146396901863331e-01  -9.8161575162555526e-01  -9.8164827936268240e-01  -9.8155677337619740e-01  -9.8127440735607707e-01  -9.8063913329110020e-01  -9.7930727200929812e-01  -9.7659223714230559e-01  -9.7113922029575006e-01  -9.6032611720625272e-01  -9.3918600697766652e-01  -8.9869300788500861e-01  -8.2370424375796203e-01  -6.9270541681212416e-01  -4.8523347059216876e-01  -2.0271619605519248e-01   1.1098779996129254e-01   3.8540399740766962e-01   5.6937860962972375e-01   6.4869973617378207e-01   6.2609380718977303e-01   5.0281190136855680e-01   2.8292366747055070e-01  -6.2944337395685057e-03  -3.0701057325132730e-01  -5.5968288855018478e-01  -7.3756919571886304e-01  -8.4721170217893549e-01  -9.0785691937567248e-01  -9.3639404258026793e-01  -9.4245013508618214e-01  -9.2789175038169769e-01  -8.8645614843601050e-01  -8.0261121558617576e-01  -6.5233370167610161e-01  -4.1380675404734435e-01  -9.4131526139871191e-02   2.5049046445604589e-01   5.4489323200537099e-01   7.5013428262390991e-01   8.7321222361037465e-01   9.3944194467753117e-01   9.7130658309624884e-01   9.8290495121003207e-01   9.8120842726669577e-01   9.6812005458413619e-01   9.4161730475058536e-01   8.9601570884796722e-01   8.2200296039518272e-01   7.0775850022446896e-01   5.4305821608181915e-01   3.2719418887975293e-01   7.6472507782505417e-02  -1.7788394765178472e-01  -4.0397427985874196e-01  -5.8352109648564054e-01  -7.1453477085280337e-01  -8.0484212845896530e-01  -8.6493486239924255e-01  -9.0406632102995277e-01  -9.2912872457938112e-01  -9.4483976635610833e-01  -9.5429030464825593e-01  -9.5945694319192731e-01  -9.6158368838737607e-01  -9.6143750104953019e-01  -9.5947347094931335e-01  -9.5593722074736442e-01  -9.5092785091819843e-01  -9.4443280415326614e-01  -9.3634210864979206e-01  -9.2644315989365433e-01  -9.1439424397801106e-01  -8.9967379362671340e-01  -8.8150462270811514e-01  -8.5875306353228864e-01  -8.2980909824063120e-01  -7.9246571858116666e-01  -7.4383383047851526e-01  -6.8036320566906272e-01  -5.9808677002294508e-01  -4.9325647818117857e-01  -3.6351485206119505e-01  -2.0952895923877712e-01  -3.6513515702977395e-02   1.4544109822772783e-01   3.2316508297411384e-01   4.8397693115396900e-01   6.1918219103163674e-01   7.2561236052123168e-01   8.0486032728120560e-01   8.6129610352895702e-01   9.0013911290501913e-01   9.2621294129365472e-01   9.4340010330009139e-01   9.5455222866283462e-01   9.6161997838270685e-01
   9.6893328520130340e-01   9.7357403251205454e-01   9.7620819752520394e-01   9.7720886334205859e-01   9.7662072946681244e-01   9.7419426525478547e-01   9.6935819566193093e-01   9.6112606576954607e-01   9.4792141660627660e-01   9.2730586746154864e-01   8.9560251123097490e-01   8.4746180770017510e-01   7.7556865659958762e-01   6.7101611297518526e-01   5.2528757942339221e-01   3.3473231004379006e-01   1.0659746646510659e-01  -1.3806231707412453e-01  -3.7018921299336094e-01  -5.6532075023585793e-01  -7.1276318756995161e-01  -8.1508220425153710e-01  -8.8175428937226474e-01  -9.2331241419493093e-01  -9.4843513939231350e-01  -9.6330080110237137e-01  -9.7196095502425495e-01  -9.7694239687221029e-01  -9.7977404368792265e-01  -9.8136100930977233e-01  -9.8223275391633635e-01  -9.8269253573984772e-01  -9.8290908321298953e-01  -9.8296436551339395e-01  -9.8287593257400219e-01  -9.8258969814160957e-01  -9.8194551936401475e-01  -9.8058901865266590e-01  -9.7779448202264208e-01  -9.7211719487128911e-01  -9.6073839356246737e-01  -9.3829561734615941e-01  -8.9502515820183126e-01  -8.1461552470949350e-01  -6.7428525216293522e-01  -4.5368467757315301e-01  -1.5786460346534731e-01   1.6355076420666464e-01   4.3866519563908501e-01   6.2144907590003451e-01   7.0413465756237437e-01   6.9328038854685547e-01   5.9002890933964869e-01   3.9202927943963028e-01   1.1360540549511344e-01  -1.9712339161283177e-01  -4.7572079619815361e-01  -6.8179921125259280e-01  -8.1292000036385037e-01  -8.8683157338874608e-01  -9.2231355096502909e-01  -9.3106244272660976e-01  -9.1614463777494637e-01  -8.7152953228474850e-01  -7.8123450687796925e-01  -6.2098872037765096e-01  -3.7098860702543407e-01  -4.4096350290202979e-02   2.9808168001512436e-01   5.8210869570988288e-01   7.7548803136785904e-01   8.8928033671465745e-01   9.4918524393637904e-01   9.7649315027016925e-01   9.8388841523644954e-01   9.7693588712259649e-01   9.5590761206562269e-01   9.1659946968829242e-01   8.5046416777314371e-01   7.4522849437675354e-01   5.8818282138857425e-01   3.7416374423891618e-01   1.1575512270636312e-01  -1.5478580406707643e-01  -3.9963979373527425e-01  -5.9452268209464321e-01  -7.3502889399397386e-01  -8.2971057855549424e-01  -8.9087482449958366e-01  -9.2938097505737693e-01  -9.5316436533284943e-01  -9.6751518095287536e-01  -9.7579574122897728e-01  -9.8009180367249671e-01  -9.8167607323919126e-01  -9.8131395288709689e-01  -9.7945244720933899e-01  -9.7634044335826009e-01  -9.7210295343347153e-01  -9.6679311901670206e-01  -9.6042566007921448e-01  -9.5299948117268707e-01  -9.4450134228720151e-01  -9.3488955297937337e-01  -9.2404684687207772e-01  -9.1170035912198522e-01  -8.9730822086442352e-01  -8.7992236615554686e-01  -8.5803592514815730e-01  -8.2942982586988900e-01  -7.9103996137158350e-01  -7.3889545955914038e-01  -6.6823540549817717e-01  -5.7399982600459898e-01  -4.5195707195873569e-01  -3.0060850343232559e-01  -1.2347301802714972e-01   6.9544911113458729e-02   2.6338156873472224e-01   4.4199985879264175e-01   5.9341112280050246e-01   7.1248572846837233e-01   8.0042728555920739e-01   8.6224326885564995e-01   9.0413589150888451e-01   9.3182631563533735e-01   9.4985271487224943e-01   9.6148820101480492e-01
   9.6562739484979476e-01   9.7292821958151465e-01   9.7756269227018922e-01   9.8036400628011577e-01   9.8173003093925826e-01   9.8173217197526386e-01   9.8015637510734832e-01   9.7647322633071265e-01   9.6973991959787609e-01   9.5840828798525723e-01   9.4002026862161636e-01   9.1076437792722453e-01   8.6493838817589686e-01   7.9451821699144554e-01   6.8945004850016822e-01   5.3984275591637487e-01   3.4127739378705174e-01   1.0211638551675506e-01  -1.5322855862550894e-01  -3.9202109512649069e-01  -5.8845668266738460e-01  -7.3321819032323909e-01  -8.3119331116397088e-01  -8.9358049600589395e-01  -9.3168584952938960e-01  -9.5431839360438842e-01  -9.6750395057527805e-01  -9.7507555641590316e-01  -9.7936664678896612e-01  -9.8176233721673789e-01  -9.8306875961867690e-01  -9.8375072589315771e-01  -9.8406847861787861e-01  -9.8415887116494138e-01  -9.8406798383981964e-01  -9.8375870592996217e-01  -9.8307121593083235e-01  -9.8163710352495426e-01  -9.7868213820342997e-01  -9.7265440249141677e-01  -9.6050163722622406e-01  -9.3640525016243314e-01  -8.8976955398602731e-01  -8.0302955427100098e-01  -6.5223118567262961e-01  -4.1775324363521527e-01  -1.0935167640457483e-01   2.1724719117613311e-01   4.8987263256294517e-01   6.6867896280025085e-01   7.5230853713226820e-01   7.5092749557143545e-01   6.6638683746383598e-01   4.9216247758799658e-01   2.3109704926909491e-01  -8.1578919955773488e-02  -3.8196057843452091e-01  -6.1696456401770838e-01  -7.7234203700827497e-01  -8.6212063416765350e-01  -9.0638343367869023e-01  -9.1912269683029502e-01  -9.0505269313739722e-01  -8.5892345593353414e-01  -7.6497235740411129e-01  -5.9929287935971753e-01  -3.4378959676316062e-01  -1.4726914156570403e-02   3.2408495516613534e-01   6.0119562592629583e-01   7.8772620939074667e-01   8.9636884149448648e-01   9.5247505522342213e-01   9.7627816160094361e-01   9.7926390792965790e-01   9.6559430476082375e-01   9.3366019904015662e-01   8.7669382406998486e-01   7.8321662151903748e-01   6.3932365969041982e-01   4.3563487322151467e-01   1.7875683429815523e-01  -1.0189329494387017e-01  -3.6461525956682450e-01  -5.7780615695960225e-01  -7.3213080494988747e-01  -8.3520434889947004e-01  -9.0059060346365050e-01  -9.4076309129081592e-01  -9.6487878716670039e-01  -9.7896889308723556e-01  -9.8679138385905185e-01  -9.9061493928164390e-01  -9.9178200598797117e-01  -9.9106480499698324e-01  -9.8888678632481075e-01  -9.8545401854337866e-01  -9.8084302410327018e-01  -9.7506125804352028e-01  -9.6810194292341323e-01  -9.5999197543211490e-01  -9.5083643131609796e-01  -9.4084356789178758e-01  -9.3031925891857425e-01  -9.1961110073603347e-01  -9.0900268486132418e-01  -8.9855994134696249e-01  -8.8795579994497842e-01  -8.7629643983851835e-01  -8.6197468537608846e-01  -8.4255000023789384e-01  -8.1464928036439366e-01  -7.7388844845511673e-01  -7.1488948081578729e-01  -6.3159036230854659e-01  -5.1820856791496483e-01  -3.7122757208609314e-01  -1.9229975117336928e-01   9.2571155449776565e-03   2.1679783923969870e-01   4.1093448845780894e-01   5.7622627254027048e-01   7.0554311445818274e-01   7.9984682615444680e-01   8.6497976643923247e-01   9.0824534861800243e-01   9.3627347034088015e-01   9.5419802053690050e-01
   9.5757479642334964e-01   9.6825532515942103e-01   9.7504885560861498e-01   9.7940770896481621e-01   9.8214415091968044e-01   9.8363872582867817e-01   9.8395941008712462e-01   9.8289681750826829e-01   9.7993291913879976e-01   9.7412564896983478e-01   9.6390063253532943e-01   9.4670257131428193e-01   9.1848742531214178e-01   8.7307473574983252e-01   8.0161415126360147e-01   6.9288779536597422e-01   5.3593816805071570e-01   3.2647672196502453e-01   7.5407597853548947e-02  -1.8847711608416207e-01  -4.2928871886222242e-01  -6.2170932920838451e-01  -7.5941498138423880e-01  -8.5016662391377307e-01  -9.0665097749983303e-01  -9.4049919367365897e-01  -9.6027982948168800e-01  -9.7163916079065737e-01  -9.7806737716364045e-01  -9.8164814972407244e-01  -9.8359495879036984e-01  -9.8460789384510683e-01  -9.8507910286287526e-01  -9.8522177763087937e-01  -9.8512313013126618e-01  -9.8476758793109853e-01  -9.8399755391040356e-01  -9.8242785756194817e-01  -9.7922802931838793e-01  -9.7272294708077345e-01  -9.5959936368954812e-01  -9.3353198064976095e-01  -8.8302456170514920e-01  -7.8922024397166568e-01  -6.2717096446541398e-01  -3.7864955545462708e-01  -5.9000630145250366e-02   2.7011634967259879e-01   5.3757875147972911e-01   7.1037515388921779e-01   7.9307758082152002e-01   7.9893484607891629e-01   7.3092294969824789e-01   5.8035607333185579e-01   3.4113437875127489e-01   3.4576365229439632e-02  -2.8137916399624646e-01  -5.4407103708696869e-01  -7.2559478058373661e-01  -8.3366271854058738e-01  -8.8863095822911187e-01  -9.0685679993941404e-01  -8.9517075974607596e-01  -8.4977176891030592e-01  -7.5595996679470367e-01  -5.9088866047315358e-01  -3.3752849840107135e-01  -1.2354595503306198e-02   3.2228616256150322e-01   5.9671342523991611e-01   7.8221822340490388e-01   8.9043349126679694e-01   9.4555827141033943e-01   9.6687005781806790e-01   9.6482969304063726e-01   9.4215575176874522e-01   8.9513093054053972e-01   8.1435249855129488e-01   6.8637595419592889e-01   4.9910537878820382e-01   2.5275519689399240e-01  -2.9563497883944800e-02  -3.0609737465468895e-01  -5.3845058338675278e-01  -7.1009294851930771e-01  -8.2545427633983581e-01  -8.9829355838784575e-01  -9.4251002488335023e-01  -9.6862226283873665e-01  -9.8359857710448206e-01  -9.9174517926886141e-01  -9.9562046691484030e-01  -9.9669783916746191e-01  -9.9578899441670454e-01  -9.9329631160218901e-01  -9.8936288538235728e-01  -9.8396367061360135e-01  -9.7697373479362226e-01  -9.6823243315377994e-01  -9.5762093914556623e-01  -9.4515198358917041e-01  -9.3106455948132105e-01  -9.1589179854925606e-01  -9.0047074933463334e-01  -8.8585676825717075e-01  -8.7313600209881026e-01  -8.6315862133665078e-01  -8.5625485998246009e-01  -8.5199719203949642e-01  -8.4906407632969072e-01  -8.4521101945062371e-01  -8.3731371918198538e-01  -8.2140151002684780e-01  -7.9261843516523645e-01  -7.4513047383119546e-01  -6.7219607569763318e-01  -5.6685977248347086e-01  -4.2389715798037353e-01  -2.4324622436733462e-01  -3.3690717560870387e-02   1.8642479237089643e-01   3.9417035217915453e-01   5.7065568925878785e-01   7.0710885944451629e-01   8.0477729700989775e-01   8.7072863054298433e-01   9.1350594576321131e-01   9.4059072150632872e-01
   9.4514331831506460e-01   9.6047109041408263e-01   9.6999115077833087e-01   9.7603066427558682e-01   9.7994839613842044e-01   9.8248095062334340e-01   9.8396080816093945e-01   9.8442476703754445e-01   9.8364589734715457e-01   9.8108532299846862e-01   9.7576443615487674e-01   9.6602025242430900e-01   9.4911338583448956e-01   9.2063576463859487e-01   8.7376415691189757e-01   7.9864948497106325e-01   6.8288711810699754e-01   5.1488412004984752e-01   2.9171119273383195e-01   2.8515087539821460e-02  -2.4076318324394191e-01  -4.7835722792560670e-01  -6.6166949656527740e-01  -7.8872873070510019e-01  -8.7024604683080742e-01  -9.1989937415124645e-01  -9.4913957979491470e-01  -9.6597820378017163e-01  -9.7551200592202825e-01  -9.8082112479180539e-01  -9.8370716712822870e-01  -9.8520906032538025e-01  -9.8591187068890040e-01  -9.8613719163181868e-01  -9.8603121029204621e-01  -9.8560774700894072e-01  -9.8471545102086788e-01  -9.8295001535233839e-01  -9.7942202667090572e-01  -9.7232113414710764e-01  -9.5805382515194182e-01  -9.2975377227916489e-01  -8.7498863763345747e-01  -7.7362251387182090e-01  -5.9995408664543615e-01  -3.3778482131988030e-01  -8.6158320972024582e-03   3.2057565974298269e-01   5.8097002902620032e-01   7.4656291506677985e-01   8.2708362655880474e-01   8.3820952402594717e-01   7.8413611686809914e-01   6.5551409521294857e-01   4.4010854790803244e-01   1.4630717229459334e-01  -1.7800579268185296e-01  -4.6520482063238466e-01  -6.7349489213545621e-01  -8.0177532411496699e-01  -8.6926274541958592e-01  -8.9452736987973813e-01  -8.8693415090379735e-01  -8.4483774075845774e-01  -7.5553706813471533e-01  -5.9805645230699700e-01  -3.5584644435740220e-01  -4.2250926858888316e-02   2.8598837639586516e-01   5.6127526303420350e-01   7.5164824028000399e-01   8.6455021064083837e-01   9.2177999214449657e-01   9.4150532815737265e-01   9.3322656066799259e-01   8.9819084186491016e-01   8.3061067585558290e-01   7.1924781367869561e-01   5.5152630400363323e-01   3.2281724687338603e-01   4.8445705254715643e-02  -2.3413104606421875e-01  -4.8269201440843446e-01  -6.7276255783671723e-01  -8.0322896452503101e-01  -8.8637460601508455e-01  -9.3689886682788903e-01  -9.6663735388872907e-01  -9.8363236278717614e-01  -9.9289075281202921e-01  -9.9737346892949685e-01  -9.9876099188200795e-01  -9.9794710774875439e-01  -9.9533454176348968e-01  -9.9099899956927007e-01  -9.8478323253505984e-01  -9.7635675919137854e-01  -9.6527980715413220e-01  -9.5109262285404317e-01  -9.3345414470740040e-01  -9.1232424109328358e-01  -8.8816494830309656e-01  -8.6209102765373102e-01  -8.3589144333582244e-01  -8.1185336561805432e-01  -7.9239368495377915e-01  -7.7956206265933958e-01  -7.7454357175225463e-01  -7.7728209952340455e-01  -7.8632596924551390e-01  -7.9892361385775179e-01  -8.1132785938464647e-01  -8.1916111566510708e-01  -8.1765419901640035e-01  -8.0159898688435549e-01  -7.6503438747520103e-01  -7.0094139381156273e-01  -6.0157956457345474e-01  -4.6036156145034113e-01  -2.7588913475126320e-01  -5.6954669226634058e-02   1.7569012161515413e-01   3.9511685620591203e-01   5.7928392485472102e-01   7.1874377233270870e-01   8.1600720076438271e-01   8.7988765092649879e-01   9.2021802379928164e-01
   9.2800605450529627e-01   9.4978139642382486e-01   9.6294371278461732e-01   9.7104873572395689e-01   9.7620282103370959e-01   9.7959674009476294e-01   9.8185431539126511e-01   9.8323556474257745e-01   9.8373078525253310e-01   9.8307375421948739e-01   9.8067777030297631e-01   9.7548220541449659e-01   9.6567078043885801e-01   9.4821354067758989e-01   9.1818488490196448e-01   8.6791322735102461e-01   7.8636689881073918e-01   6.5999941169065024e-01   4.7728445793148977e-01   2.3827345716060838e-01  -3.5890011956161649e-02  -3.0611140300350126e-01  -5.3492773462284848e-01  -7.0474949032798251e-01  -8.1867593457918086e-01  -8.8992055958334437e-01  -9.3247322308346470e-01  -9.5714752880046861e-01  -9.7116232310180717e-01  -9.7897969058920853e-01  -9.8323881639286703e-01  -9.8546505449389343e-01  -9.8652061021627580e-01  -9.8688165393840521e-01  -9.8678048334489255e-01  -9.8627284484514099e-01  -9.8522139419803401e-01  -9.8320443859370377e-01  -9.7927295330530606e-01  -9.7147652974755783e-01  -9.5593645218770273e-01  -9.2523527684745344e-01  -8.6600915551932034e-01  -7.5691389339715054e-01  -5.7176823057698078e-01  -2.9690619417652642e-01   3.9866117560172054e-02   3.6719431894321380e-01   6.1952264136360413e-01   7.7754358119422928e-01   8.5522732494325582e-01   8.7003057362800806e-01   8.2726532717081824e-01   7.1785948966374913e-01   5.2592003795080244e-01   2.4917016722400198e-01  -7.6560995362679241e-02  -3.8358577391604792e-01  -6.1774944998889203e-01  -7.6730796420029246e-01  -8.4874217595832102e-01  -8.8243623110183522e-01  -8.8057260325023679e-01  -8.4428841767164886e-01  -7.6377940680609246e-01  -6.2086588677415611e-01  -3.9944220765822747e-01  -1.0725294716019584e-01   2.0885458511239097e-01   4.8541276138978229e-01   6.8500291006804703e-01   8.0738005174020566e-01   8.6981136200421150e-01   8.8861058732828635e-01   8.7218500505886465e-01   8.2046949161224847e-01   7.2642665406216311e-01   5.7948103196005019e-01   3.7299225817047854e-01   1.1555981799058551e-01  -1.6252577871585655e-01  -4.1975169388405947e-01  -6.2542499420021902e-01  -7.7146601842458695e-01  -8.6665612040094320e-01  -9.2529195064128378e-01  -9.6010625840358244e-01  -9.8018118731312109e-01  -9.9130855276775043e-01  -9.9694710483785332e-01  -9.9905802380638531e-01  -9.9867021861679817e-01  -9.9621915775926928e-01  -9.9172863190616400e-01  -9.8489994492330446e-01  -9.7515363635570351e-01  -9.6166748162688265e-01  -9.4345225935295651e-01  -9.1951128886067690e-01  -8.8911405434187341e-01  -8.5217462925365794e-01  -8.0965131559234749e-01  -7.6381054622757938e-01  -7.1818586801333573e-01  -6.7715094424717126e-01  -6.4518488482293068e-01  -6.2603306595853714e-01  -6.2196893237452910e-01  -6.3328395049245778e-01  -6.5807230512100212e-01  -6.9237453230086499e-01  -7.3072283379452707e-01  -7.6699305198672818e-01  -7.9524627348372867e-01  -8.1014037482819157e-01  -8.0666696716696684e-01  -7.7933618712854469e-01  -7.2131188137040958e-01  -6.2435573634531805e-01  -4.8078916299440871e-01  -2.8844232082026611e-01  -5.7249462968621045e-02   1.8824783873510520e-01   4.1655840873474592e-01   6.0346058046988715e-01   7.4060707475412291e-01   8.3310265554047092e-01   8.9192370928375486e-01
   9.0554272336919017e-01   9.3604937032508762e-01   9.5406814076941948e-01   9.6481980837791248e-01   9.7142399977203786e-01   9.7566698438341137e-01   9.7852547667480638e-01   9.8049028971920182e-01   9.8173575751916364e-01   9.8219380920631716e-01   9.8154085349241982e-01   9.7911378466240118e-01   9.7372057553221947e-01   9.6331388505012061e-01   9.4445018359427291e-01   9.1150549466178754e-01   8.5573356616931684e-01   7.6476288666815317e-01   6.2413494706551609e-01   4.2350048425171094e-01   1.6788509538962071e-01  -1.1421493619593404e-01  -3.7976861471902018e-01  -5.9452174986914663e-01  -7.4766220567267916e-01  -8.4723109310173317e-01  -9.0807152996247242e-01  -9.4379360960935044e-01  -9.6422349350655701e-01  -9.7566949803479353e-01  -9.8193521982243581e-01  -9.8523477251743541e-01  -9.8682914864580751e-01  -9.8741682888235194e-01  -9.8735453645066218e-01  -9.8676026801918670e-01  -9.8552259471092174e-01  -9.8320773687847396e-01  -9.7881376784156426e-01  -9.7025569610576545e-01  -9.5338162291381101e-01  -9.2024815472350907e-01  -8.5662087324076752e-01  -7.4008377770904921e-01  -5.4424262630075959e-01  -2.5821932833591754e-01   8.4226722884810978e-02   4.0847345338586255e-01   6.5271116528975093e-01   8.0357317584299015e-01   8.7831933032467846e-01   8.9562429666293286e-01   8.6172858588529233e-01   7.6831571019274680e-01   5.9769467068407600e-01   3.3964714287680609e-01   1.8012680849562701e-02  -3.0343453610562454e-01  -5.6104547578317843e-01  -7.3174878966609858e-01  -8.2784570954358494e-01  -8.7093276955134624e-01  -8.7608065340567398e-01  -8.4762147629646800e-01  -7.7933294546938803e-01  -6.5674003519607527e-01  -4.6494698944585855e-01  -2.0554919647830522e-01   8.7714839948411005e-02   3.5966864839078316e-01   5.6820638704653681e-01   7.0256306469550256e-01   7.7236587668517442e-01   7.9038196670991834e-01   7.6352148955214261e-01   6.9112128290178321e-01   5.6721591425213524e-01   3.8645890355974227e-01   1.5366105234978439e-01  -1.0828453294348334e-01  -3.6260977021866758e-01  -5.7624194001675078e-01  -7.3465713969187585e-01  -8.4149462778305972e-01  -9.0899328594534756e-01  -9.4986005119846284e-01  -9.7387098787790105e-01  -9.8753258323750359e-01  -9.9483226363097632e-01  -9.9806246802820109e-01  -9.9843594173487915e-01  -9.9645831705589827e-01  -9.9213194177733954e-01  -9.8503462088998295e-01  -9.7433563224744191e-01  -9.5878104439665002e-01  -9.3672008187071298e-01  -9.0623578369389235e-01  -8.6547908801194540e-01  -8.1324295682049641e-01  -7.4972203613093347e-01  -6.7719642790935541e-01  -6.0028027506186721e-01  -5.2545512249638093e-01  -4.5999032026874143e-01  -4.1066594747573776e-01  -3.8275379751145977e-01  -3.7939637856502384e-01  -4.0125009075489421e-01  -4.4619307915720174e-01  -5.0916156758760023e-01  -5.8244820174758227e-01  -6.5681560507161185e-01  -7.2324276752088401e-01  -7.7447772275771409e-01  -8.0545724020418308e-01  -8.1236740758097858e-01  -7.9090782976128027e-01  -7.3471561897119142e-01  -6.3506177380808726e-01  -4.8331765293251211e-01  -2.7744094170175837e-01  -3.0467370136750438e-02   2.2726248265428645e-01   4.5961750926994110e-01   6.4242910879716253e-01   7.7102911137229180e-01   8.5436590624588737e-01
   8.7717471209337416e-01   9.1905189223081862e-01   9.4336794071508234e-01   9.5748506669152944e-01   9.6585002004368592e-01   9.7101992998013176e-01   9.7441123247805295e-01   9.7677731205009444e-01   9.7847082202056868e-01   9.7958024299953639e-01   9.7996576856254081e-01   9.7922984767529142e-01   9.7659632420392894e-01   9.7068829533116618e-01   9.5913123240842424e-01   9.3792682694272900e-01   9.0054594541093913e-01   8.3694797058499493e-01   7.3336310584390607e-01   5.7497414648261969e-01   3.5422281805100408e-01   8.3222693084798460e-02  -2.0183666804480105e-01  -4.5660056818664807e-01  -6.5301715657755310e-01  -7.8779142089970278e-01  -8.7297825038166166e-01  -9.2400600299072166e-01  -9.5353470067550039e-01  -9.7020738213120916e-01  -9.7940144920880934e-01  -9.8429550013050660e-01  -9.8671521356334957e-01  -9.8767936167017290e-01  -9.8772481554698732e-01  -9.8706377521696664e-01  -9.8562910814814619e-01  -9.8298875394503904e-01  -9.7809926462273689e-01  -9.6876145340536080e-01  -9.5058761218922405e-01  -9.1518083073810397e-01  -8.4756728621414945e-01  -7.2447112809367054e-01  -5.1950426212743028e-01  -2.2446624481001431e-01   1.2183862950310345e-01   4.4264439280517082e-01   6.7976715586257530e-01   8.2462631037561984e-01   8.9684744064230415e-01   9.1588819892009043e-01   8.8872372241727782e-01   8.0794945150225850e-01   6.5528901087466784e-01   4.1514331149016426e-01   1.0095832455397152e-01  -2.2967712667184165e-01  -5.0699417325615048e-01  -6.9726368296409158e-01  -8.0770444576085665e-01  -8.6044999478608974e-01  -8.7327528559188750e-01  -8.5380181176102510e-01  -7.9969230802220359e-01  -7.0080322030921871e-01  -5.4472401042999130e-01  -3.2857774298974884e-01  -7.2643111484071599e-02   1.8072259953076053e-01   3.8945153837783675e-01   5.3241911886910920e-01   6.0874837306086249e-01   6.2521419023982783e-01   5.8665384050832470e-01   4.9340672754943737e-01   3.4439569973341200e-01   1.4421931638844754e-01  -8.9617436693540498e-02  -3.2693489109950846e-01  -5.3645563898484627e-01  -6.9966109197821302e-01  -8.1463329166358101e-01  -8.8993654632230035e-01  -9.3690678971439423e-01  -9.6526310071012000e-01  -9.8191453369000747e-01  -9.9127576729971867e-01  -9.9596642280419712e-01  -9.9740237400109732e-01  -9.9619567299020417e-01  -9.9236181476380303e-01  -9.8539958502450387e-01  -9.7426318448834937e-01  -9.5729189582410812e-01  -9.3214016626568408e-01  -8.9583472739271242e-01  -8.4509580327341483e-01  -7.7710296716846861e-01  -6.9070423484535914e-01  -5.8775807706644889e-01  -4.7387427615784955e-01  -3.5788421381569274e-01  -2.5004154951114432e-01  -1.5987518620376190e-01  -9.4752584160221864e-02  -5.9570087023177454e-02  -5.7127261742082713e-02  -8.8458579710584545e-02  -1.5253211376356540e-01  -2.4525966115749878e-01  -3.5842770656052408e-01  -4.7982150856737127e-01  -5.9545518975533107e-01  -6.9317493386627471e-01  -7.6526911141032339e-01  -8.0835113270203274e-01  -8.2090707752185443e-01  -8.0022705286149731e-01  -7.4019492156865074e-01  -6.3118410418011073e-01  -4.6378765922734305e-01  -2.3778122757785902e-01   2.7577039439175111e-02   2.9405873254344989e-01   5.2250264342930341e-01   6.9274535098389178e-01   8.0656079589831731e-01
   8.4271033722072386e-01   8.9868079057746497e-01   9.3082573648383626e-01   9.4908655567830946e-01   9.5956354232576557e-01   9.6577899451258920e-01   9.6968921193010049e-01   9.7235475025314733e-01   9.7431485340581281e-01   9.7579852367198905e-01   9.7680313988738954e-01   9.7711183718442851e-01   9.7622345216720774e-01   9.7321300957118240e-01   9.6644627645920445e-01   9.5311853502563304e-01   9.2850621612380335e-01   8.8496485243279888e-01   8.1097651554023342e-01   6.9152908070610608e-01   5.1245093123747543e-01   2.7105336321193768e-01  -1.1774342802812199e-02  -2.9337890324210869e-01  -5.3170765657258579e-01  -7.0712932758493574e-01  -8.2338385695976435e-01  -8.9512156651425590e-01  -9.3740099959923462e-01  -9.6156561286910303e-01  -9.7503064627232350e-01  -9.8229407455163464e-01  -9.8597753079122619e-01  -9.8755996302638105e-01  -9.8783875701388701e-01  -9.8716835022596006e-01  -9.8555401490069017e-01  -9.8258673794460660e-01  -9.7720492093840217e-01  -9.6713222746123939e-01  -9.4781192622273613e-01  -9.1052365391039491e-01  -8.3977559704114046e-01  -7.1172935795077819e-01  -5.0014438735838262e-01  -1.9892929348055741e-01   1.4956439520688283e-01   4.6746910655569929e-01   6.9945257543419492e-01   8.4019913051616979e-01   9.1080784109495894e-01   9.3121061608980504e-01   9.0895989929902021e-01   8.3752805258930396e-01   6.9872889256235637e-01   4.7368477032733858e-01   1.6790998219371706e-01  -1.6756774753667275e-01  -4.5989328562316434e-01  -6.6658904757099369e-01  -7.8976456181407928e-01  -8.5152043402767164e-01  -8.7190675241609195e-01  -8.6156674821856583e-01  -8.2187896584283537e-01  -7.4711629674877456e-01  -6.2841544730178034e-01  -4.6132792097655662e-01  -2.5576983190595443e-01  -3.9715984797727588e-02   1.5128656740279911e-01   2.9064567707275929e-01   3.6725828412772304e-01   3.8038398318643102e-01   3.3251843021763805e-01   2.2691539866442811e-01   7.0244645395232397e-02  -1.2271572373756889e-01  -3.2794593783647297e-01  -5.1858750198023573e-01  -6.7524097767287516e-01  -7.9141691827108329e-01  -8.7108913678342215e-01  -9.2280283915704509e-01  -9.5515938538250689e-01  -9.7486492111685863e-01  -9.8648939794308721e-01  -9.9286748777675693e-01  -9.9559781077606946e-01  -9.9540486532328942e-01  -9.9235471587077795e-01  -9.8591118520378429e-01  -9.7488712068482875e-01  -9.5729530236435578e-01  -9.3018360431362690e-01  -8.8955126753229385e-01  -8.3060333483875359e-01  -7.4863168445256167e-01  -6.4075221152593487e-01  -5.0813542140951884e-01  -3.5756950450681246e-01  -2.0085290736542427e-01  -5.1782914063121133e-02   7.7593577613394582e-02   1.7920723353598189e-01   2.4891182070473744e-01   2.8495886597188846e-01   2.8630112798338936e-01   2.5156803974186343e-01   1.7921899361425278e-01   6.9135135224629024e-02  -7.4476452826257117e-02  -2.4032043822425392e-01  -4.1021989956386773e-01  -5.6409481846943155e-01  -6.8692659270443124e-01  -7.7223144099248064e-01  -8.1993827198067470e-01  -8.3143721647393576e-01  -8.0515531229167669e-01  -7.3426416880351897e-01  -6.0755158443123580e-01  -4.1563563086610988e-01  -1.6341144125594609e-01   1.1939119168327006e-01   3.8619299401418433e-01   5.9958600227214820e-01   7.4851023436704978e-01
   8.0265767069133642e-01   8.7511540573181490e-01   9.1650558958806227e-01   9.3963567149386373e-01   9.5254942919840313e-01   9.5991795482066999e-01   9.6434053673348930e-01   9.6723428151982893e-01   9.6934526044281299e-01   9.7103608763232918e-01   9.7241538832777463e-01   9.7339238660997329e-01   9.7364881202288811e-01   9.7255636797857514e-01   9.6898350842771719e-01   9.6096707138332316e-01   9.4514209203739519e-01   9.1589066722028378e-01   8.6424562486218448e-01   7.7715564995193720e-01   6.3883741160535024e-01   4.3730910245977755e-01   1.7696263933411582e-01  -1.1197775233751983e-01  -3.8333666731555527e-01  -6.0103736641564187e-01  -7.5466928993510096e-01  -8.5352865882749218e-01  -9.1337709128532896e-01  -9.4819940589197627e-01  -9.6788088722888554e-01  -9.7866882681787848e-01  -9.8428759364145091e-01  -9.8687170139976632e-01  -9.8759748203499198e-01  -9.8703199078990178e-01  -9.8529688673892746e-01  -9.8203980292781323e-01  -9.7621475325483720e-01  -9.6552395346547260e-01  -9.4534428053232222e-01  -9.0682436650328424e-01  -8.3427534001279147e-01  -7.0369292664642147e-01  -4.8905414253739754e-01  -1.8533346305581350e-01   1.6367605260008383e-01   4.7999822996645358e-01   7.0977301823867012e-01   8.4904987023445000e-01   9.1948057447311515e-01   9.4125083018473898e-01   9.2238352648634570e-01   8.5709958136849407e-01   7.2760845594761192e-01   5.1337525326795519e-01   2.1481528072355510e-01  -1.2234226246531871e-01  -4.2433471027007841e-01  -6.4277459932399583e-01  -7.7566516849481826e-01  -8.4476560634498377e-01  -8.7177870333161844e-01  -8.6977088978206663e-01  -8.4323548774054546e-01  -7.9034155165416453e-01  -7.0602538035564133e-01  -5.8669516227432894e-01  -4.3656899814058997e-01  -2.7193845246177140e-01  -1.1814382594515072e-01   1.8960104499254893e-05   6.6283858899600034e-02   7.4181212699061305e-02   2.4452820447469437e-02  -7.6499273914948041e-02  -2.1605466889277203e-01  -3.7529357830659155e-01  -5.3253183948549299e-01  -6.6982015955989671e-01  -7.7789677539057389e-01  -8.5626487441545129e-01  -9.0975096488773510e-01  -9.4475515403189181e-01  -9.6700782092633764e-01  -9.8077486488138965e-01  -9.8888792840108519e-01  -9.9302532009315780e-01  -9.9400314080180752e-01  -9.9194192168591555e-01  -9.8631894256122543e-01  -9.7587606012821493e-01  -9.5842676748026212e-01  -9.3057187300565269e-01  -8.8747966354770846e-01  -8.2298281572739551e-01  -7.3050309773236355e-01  -6.0525125683368342e-01  -4.4753393102657646e-01  -2.6545262000378889e-01  -7.4381582945092117e-02   1.0768062804241341e-01   2.6605384001661092e-01   3.9267560379777844e-01   4.8554143751514323e-01   5.4603118917741766e-01   5.7614637292565696e-01   5.7660705179317817e-01   5.4584225498664884e-01   4.7986705716104078e-01   3.7340905149686726e-01   2.2311773158459325e-01   3.2986906403946470e-02  -1.8077974309048961e-01  -3.9144058363669265e-01  -5.7215978825138647e-01  -7.0720356521565553e-01  -7.9406684600752153e-01  -8.3716528234287202e-01  -8.4014078763369682e-01  -8.0099031762942341e-01  -7.1063278036413968e-01  -5.5598024425119685e-01  -3.3032318452752629e-01  -4.9421139019686644e-02   2.4283305092478186e-01   4.9572537937593264e-01   6.8172259357731324e-01
   7.5843639826003906e-01   8.4893128775707749e-01   9.0058739829041401e-01   9.2911125337264377e-01   9.4467474614693359e-01   9.5323960467315638e-01   9.5813570711445673e-01   9.6118211905259476e-01   9.6335451596358124e-01   9.6515206933510156e-01   9.6678074440719786e-01   9.6823662156573409e-01   9.6931893119680756e-01   9.6958801809915018e-01   9.6824420421881252e-01   9.6389929821118747e-01   9.5416689323689874e-01   9.3499692473885154e-01   8.9969915126922539e-01   8.3785227742285473e-01   7.3500853706161895e-01   5.7553179008319055e-01   3.5158109002962823e-01   7.6398474715320130e-02  -2.1163237733973378e-01  -4.6684929423688148e-01  -6.6179518344888721e-01  -7.9453422890764125e-01  -8.7799142242328254e-01  -9.2780112417775029e-01  -9.5649605246380198e-01  -9.7252446899580680e-01  -9.8110349187555945e-01  -9.8529408436094590e-01  -9.8681925822484662e-01  -9.8656411092928442e-01  -9.8483069012019508e-01  -9.8137214073949441e-01  -9.7520719259294575e-01  -9.6409151401644122e-01  -9.4346805468232953e-01  -9.0460714788271512e-01  -8.3204310993309138e-01  -7.0211838731500942e-01  -4.8909111963850904e-01  -1.8760017157716913e-01   1.5982335532753672e-01   4.7626929159920861e-01   7.0756775611100464e-01   8.4879915046525478e-01   9.2107100402005104e-01   9.4460020683737311e-01   9.2780916871450936e-01   8.6551433297425828e-01   7.4043802111874235e-01   5.3170789374863636e-01   2.3763459419283733e-01  -9.8940441328161044e-02  -4.0467890183670763e-01  -6.2874891536189936e-01  -7.6698980885717094e-01  -8.4080986912320588e-01  -8.7280770441245825e-01  -8.7762783935198807e-01  -8.6199278228484455e-01  -8.2702379044265817e-01  -7.7087114803026524e-01  -6.9178210122701933e-01  -5.9187669302304213e-01  -4.8023497572135959e-01  -3.7276460892204621e-01  -2.8780433194073940e-01  -2.4026717847639584e-01  -2.3794064863307429e-01  -2.8073436950150787e-01  -3.6134219301335874e-01  -4.6665423305373266e-01  -5.8051097314214706e-01  -6.8789446441463131e-01  -7.7871395937245935e-01  -8.4913352479945281e-01  -9.0022791086025333e-01  -9.3556864852593591e-01  -9.5920443508734921e-01  -9.7458959827175295e-01  -9.8423120091052740e-01  -9.8972954903094557e-01  -9.9190877350628148e-01  -9.9093124029043778e-01  -9.8630017162393668e-01  -9.7675693583512313e-01  -9.6002725426919511e-01  -9.3246850528774239e-01  -8.8869246439165550e-01  -8.2149765085177129e-01  -7.2269218311583372e-01  -5.8562263112121404e-01  -4.0948179560666548e-01  -2.0340457341070606e-01   1.3686292401375921e-02   2.1937694113108624e-01   3.9625152331535690e-01   5.3633418344959205e-01   6.3986007583076887e-01   7.1132691098708722e-01   7.5596125003620318e-01   7.7759571972154995e-01   7.7763767606594514e-01   7.5449870823005893e-01   7.0321837724243852e-01   6.1553830024761091e-01   4.8161137852836777e-01   2.9518840092227699e-01   6.2551021221560088e-02  -1.9100982568724612e-01  -4.2795406623335808e-01  -6.1743377928015775e-01  -7.4805793882559801e-01  -8.2406187487874105e-01  -8.5376066179620103e-01  -8.4077972561965386e-01  -7.8027564429733454e-01  -6.5956407943424555e-01  -4.6524899913589512e-01  -1.9955125975552646e-01   1.0364506729765977e-01   3.8790689208290785e-01   6.0945196068185292e-01
   7.1236433329586313e-01   8.2110157415220597e-01   8.8333749741800260e-01   9.1740057475715497e-01   9.3560539980535806e-01   9.4527083856510918e-01   9.5051058174765835e-01   9.5358765651465549e-01   9.5573115257108854e-01   9.5758584544356939e-01   9.5944259172392943e-01   9.6135465750416516e-01   9.6318128936715108e-01   9.6458543313055733e-01   9.6496851487956670e-01   9.6332346691006454e-01   9.5794613753839464e-01   9.4594453586308314e-01   9.2245478500817990e-01   8.7958211635184225e-01   8.0543278105212457e-01   6.8461013962709527e-01   5.0297537425403116e-01   2.5884938553109382e-01  -2.5090263037367833e-02  -3.0519526814684972e-01  -5.4030833534307554e-01  -7.1250117657680512e-01  -8.2649094378780852e-01  -8.9697085249497222e-01  -9.3862934338194925e-01  -9.6243344567372224e-01  -9.7553711356747108e-01  -9.8228166200379108e-01  -9.8517705127161681e-01  -9.8557803981380665e-01  -9.8406473919192217e-01  -9.8056539188697145e-01  -9.7422775491277513e-01  -9.6295097565238885e-01  -9.4240276464299177e-01  -9.0426747149179387e-01  -8.3379863582898639e-01  -7.0831856151486083e-01  -5.0255867888142647e-01  -2.0936631480700513e-01   1.3316661429200771e-01   4.5099874153115688e-01   6.8793256336210384e-01   8.3527418648963314e-01   9.1206164602157980e-01   9.3815089919781647e-01   9.2227609516911291e-01   8.5972553529055584e-01   7.3386651046611195e-01   5.2482679132017396e-01   2.3200367350164525e-01  -1.0170548913189970e-01  -4.0441985403542607e-01  -6.2677378580631049e-01  -7.6494822166486565e-01  -8.4014649207305026e-01  -8.7500712093285793e-01  -8.8477354981320699e-01  -8.7741345355145017e-01  -8.5592568419876291e-01  -8.2066833990466237e-01  -7.7151798027855967e-01  -7.1012204239159205e-01  -6.4174669078821678e-01  -5.7569356922312320e-01  -5.2344059006351307e-01  -4.9524726543242914e-01  -4.9696542153750689e-01  -5.2847585043359324e-01  -5.8394824828274450e-01  -6.5367383157563708e-01  -7.2689060078478895e-01  -7.9467354625968645e-01  -8.5166462107672003e-01  -8.9616996150259731e-01  -9.2906060833609549e-01  -9.5241896925745384e-01  -9.6849938574890815e-01  -9.7918960156198254e-01  -9.8580430817202702e-01  -9.8907155184567275e-01  -9.8913375394825620e-01  -9.8551990173739634e-01  -9.7699566315732411e-01  -9.6129775769429671e-01  -9.3470805986630290e-01  -8.9158420375466385e-01  -8.2409559633959939e-01  -7.2288455345507840e-01  -5.7965215202041653e-01  -3.9222017299206674e-01  -1.6999131785485727e-01   6.5368488015625892e-02   2.8745630913923581e-01   4.7608961930501903e-01   6.2307984960580476e-01   7.3036173231144108e-01   8.0481121147047174e-01   8.5396170587427922e-01   8.8382517339499256e-01   8.9812785276885343e-01   8.9811723435759938e-01   8.8231697633597173e-01   8.4601444883298105e-01   7.8053848224328182e-01   6.7320711966622127e-01   5.1012090959024481e-01   2.8494931787987204e-01   1.2246103299117295e-02  -2.6825388050425847e-01  -5.1021528526771476e-01  -6.8697185679360262e-01  -7.9741342173591334e-01  -8.5258039454117296e-01  -8.6159413602115453e-01  -8.2467135407073267e-01  -7.3182747521525937e-01  -5.6722025837677947e-01  -3.2313898741894787e-01  -2.1051517615398918e-02   2.8422257093313591e-01   5.3642266215483669e-01
   6.6737760017102699e-01   7.9283559074956012e-01   8.6495877485965744e-01   9.0412629804153477e-01   9.2460313843781483e-01   9.3502583384346205e-01   9.4030590046583773e-01   9.4318517913842359e-01   9.4517706424036674e-01   9.4708936592870518e-01   9.4928689574948022e-01   9.5184066997160677e-01   9.5460366802258789e-01   9.5725440780633586e-01   9.5928059086489648e-01   9.5990177552267886e-01   9.5787332580034612e-01   9.5113556379318465e-01   9.3621593391473135e-01   9.0734424016990600e-01   8.5536080911432222e-01   7.6708185778930438e-01   6.2694930361958068e-01   4.2395334604741525e-01   1.6406673317140807e-01  -1.2163799425857802e-01  -3.8814311304419391e-01  -6.0157180257286957e-01  -7.5275651090836848e-01  -8.5084633140966237e-01  -9.1086368468300494e-01  -9.4613138176374068e-01  -9.6613073375447112e-01  -9.7691056526232734e-01  -9.8209356433830208e-01  -9.8372218394271249e-01  -9.8279790180360949e-01  -9.7952146332923229e-01  -9.7325588769981752e-01  -9.6214515657256139e-01  -9.4224785684272483e-01  -9.0596361235396650e-01  -8.3978800952101584e-01  -7.2275099556515265e-01  -5.3052873988044658e-01  -2.5315875403216431e-01   7.8945572514178219e-02   3.9752909660343555e-01   6.4359169401539684e-01   8.0157890584854208e-01   8.8618946033526091e-01   9.1606183659376417e-01   9.0002551521753171e-01   8.3380251302811392e-01   7.0182032291183749e-01   4.8698522425476398e-01   1.9325042699697093e-01  -1.3380925607191518e-01  -4.2542066097528719e-01  -6.3784944614208405e-01  -7.7003189776968750e-01  -8.4297086581716285e-01  -8.7840350791502397e-01  -8.9117837431379732e-01  -8.8958156971744140e-01  -8.7752660829094742e-01  -8.5659311731308030e-01  -8.2763872520478676e-01  -7.9219629516333345e-01  -7.5350455873642952e-01  -7.1681853036994936e-01  -6.8857577887038279e-01  -6.7464053002046009e-01  -6.7838182114817380e-01  -6.9956132623571077e-01  -7.3447460883271287e-01  -7.7726039610301279e-01  -8.2172812685857699e-01  -8.6295564540215364e-01  -8.9805396553823580e-01  -9.2607882238023842e-01  -9.4740587643343899e-01  -9.6303825608159377e-01  -9.7406635183835399e-01  -9.8136728820044883e-01  -9.8544631407264083e-01  -9.8636288490964386e-01  -9.8362775399892277e-01  -9.7604085357413528e-01  -9.6138940335620948e-01  -9.3601223080142371e-01  -8.9424551752867987e-01  -8.2803559610843347e-01  -7.2736608599138886e-01  -5.8271280911693413e-01  -3.9040378376434992e-01  -1.5919735302291471e-01   8.7865802792343295e-02   3.2132859540868630e-01   5.1831965585873341e-01   6.6985711800284387e-01   7.7879205076124347e-01   8.5357470093339771e-01   9.0326864774404592e-01   9.3519239587130398e-01   9.5435557889314881e-01   9.6357944322026301e-01   9.6367491566276364e-01   9.5332263414169738e-01   9.2851732801949316e-01   8.8150051091250348e-01   7.9959743956985063e-01   6.6559239956217031e-01   4.6362217574339382e-01   1.9407765219909273e-01  -1.1097305934706669e-01  -3.9614246560790678e-01  -6.1708393318045607e-01  -7.6200455202799022e-01  -8.4156092605481336e-01  -8.6939036786550838e-01  -8.5074518115357567e-01  -7.7925220455364030e-01  -6.3930335722556308e-01  -4.1730994411194838e-01  -1.2374884147576443e-01   1.9255027390003443e-01   4.6811680888501472e-01
   6.2650131815206589e-01   7.6524985997015771e-01   8.4531317588188393e-01   8.8834573711386200e-01   9.1016333524950921e-01   9.2056589969251135e-01   9.2524772277553224e-01   9.2747791993202711e-01   9.2911543413410314e-01   9.3116236218919302e-01   9.3404106594697067e-01   9.3777169471035970e-01   9.4209424613727477e-01   9.4657510935869338e-01   9.5065785800070846e-01   9.5364995262352592e-01   9.5459743140406528e-01   9.5203127123822828e-01   9.4351797572404916e-01   9.2496557849913186e-01   8.8965223547449668e-01   8.2722467626741225e-01   7.2362601812001981e-01   5.6422028710644767e-01   3.4265652761856813e-01   7.2954876280579006e-02  -2.0795436230018688e-01  -4.5739834660845896e-01  -6.4978314633896161e-01  -7.8284548519212316e-01  -8.6813426821048667e-01  -9.2007321889969329e-01  -9.5051308432456016e-01  -9.6762852083790085e-01  -9.7656328461148734e-01  -9.8035191405358768e-01  -9.8062389720588028e-01  -9.7799502786179060e-01  -9.7215114481549314e-01  -9.6159306585494730e-01  -9.4292822443608459e-01  -9.0954061966967081e-01  -8.4963821601881029e-01  -7.4469785648821296e-01  -5.7215624697670175e-01  -3.1919666918552075e-01  -6.1229185319274793e-03   3.0865077705426391e-01   5.6472392631069068e-01   7.3713927133406076e-01   8.3309619899320819e-01   8.6828739965963408e-01   8.5108849915371576e-01   7.7778391052567408e-01   6.3491966689097179e-01   4.1078857094036980e-01   1.1734758113806321e-01  -1.9613638361657154e-01  -4.6708916612392293e-01  -6.6125075383676146e-01  -7.8178973664713269e-01  -8.4906963530933433e-01  -8.8294722137665826e-01  -8.9698936445046007e-01  -8.9904073303090770e-01  -8.9319635769378525e-01  -8.8151633004191976e-01  -8.6526229058970483e-01  -8.4580343003193204e-01  -8.2520262142497691e-01  -8.0638255981443918e-01  -7.9273289996180818e-01  -7.8725679737048349e-01  -7.9161130926879453e-01  -8.0553683862253855e-01  -8.2695665922364070e-01  -8.5269528217536172e-01  -8.7944421005639350e-01  -9.0455929772105248e-01  -9.2642319788098149e-01  -9.4439026373417079e-01  -9.5848389982661919e-01  -9.6904830107071849e-01  -9.7646051332418482e-01  -9.8093287844588217e-01  -9.8236739795588446e-01  -9.8021493821239658e-01  -9.7327767023919565e-01  -9.5940672707255337e-01  -9.3505205214144205e-01  -8.9469311002099894e-01  -8.3036120063651653e-01  -7.3188207525554860e-01  -5.8904242705535359e-01  -3.9686143165538273e-01  -1.6275844070054779e-01   9.0325333301608524e-02   3.3121613393823235e-01   5.3466704630523232e-01   6.9031945340444967e-01   8.0106532292116839e-01   8.7619623396648549e-01   9.2574455730065708e-01   9.5785693594502208e-01   9.7825346411295255e-01   9.9052663174200040e-01   9.9656217124396518e-01   9.9676537952696243e-01   9.8996037814585425e-01   9.7283473313826607e-01   9.3881365256367466e-01   8.7641405681115958e-01   7.6808484176017289e-01   5.9298667398705296e-01   3.3972691001696542e-01   2.7790457738877117e-02  -2.8705125759010475e-01  -5.4565667599562784e-01  -7.2248485512162297e-01  -8.2452019930504550e-01  -8.6829276736838279e-01  -8.6345592848551656e-01  -8.0726561459484825e-01  -6.8565509141936676e-01  -4.8235644809751871e-01  -2.0007300380434306e-01   1.1933315895631719e-01   4.0983926292752992e-01
   5.9222000300658983e-01   7.3890187616095981e-01   8.2349094741622664e-01   8.6805763666149982e-01   8.8939614936172440e-01   8.9823180670005776e-01   9.0103890622391414e-01   9.0172622499401101e-01   9.0263120239058814e-01   9.0502288456449631e-01   9.0935048084686199e-01   9.1544409971736629e-01   9.2272342937183049e-01   9.3041850066429210e-01   9.3773065731260052e-01   9.4389729189912330e-01   9.4811997090851774e-01   9.4936067234621357e-01   9.4598140285546717e-01   9.3519920324992811e-01   9.1229796757250270e-01   8.6964626214900298e-01   7.9592074127528922e-01   6.7684415746986570e-01   4.9986903483455458e-01   2.6427419814186820e-01  -8.8360504167878107e-03  -2.7994745758437195e-01  -5.1128510719913955e-01  -6.8492988305443037e-01  -8.0332223105004985e-01  -8.7885674839481476e-01  -9.2487953424535096e-01  -9.5185110539139139e-01  -9.6685970337378924e-01  -9.7432323866807835e-01  -9.7678900450850148e-01  -9.7548936087341220e-01  -9.7057963943112047e-01  -9.6103942701035650e-01  -9.4416029275714530e-01  -9.1450906937106979e-01  -8.6234557901358300e-01  -7.7219963600986063e-01  -6.2429482439712014e-01  -4.0413086619238381e-01  -1.2143411984868357e-01   1.7926704581245428e-01   4.4057008638922390e-01   6.2790031629641219e-01   7.3755829852577248e-01   7.7943443960904424e-01   7.6030360746323988e-01   6.7740813652346499e-01   5.2143193600613014e-01   2.8938381489538262e-01   3.3771396996364889e-03  -2.8568358455929932e-01  -5.2576517587203964e-01  -6.9439014776010277e-01  -7.9881314725536057e-01  -8.5780437337995763e-01  -8.8845700644242032e-01  -9.0238912568874852e-01  -9.0647389985722171e-01  -9.0450267506013016e-01  -8.9855167420761517e-01  -8.8992540913318852e-01  -8.7976623439636992e-01  -8.6941366565530875e-01  -8.6049558220744404e-01  -8.5475135295042914e-01  -8.5363635235815860e-01  -8.5789598910110354e-01  -8.6731252561669692e-01  -8.8077572614728861e-01  -8.9663127822691102e-01  -9.1314759346464924e-01  -9.2888923699141879e-01  -9.4289899635817953e-01  -9.5467547175691325e-01  -9.6403485569602443e-01  -9.7092476600211164e-01  -9.7525366305596628e-01  -9.7672852612914363e-01  -9.7469404855126607e-01  -9.6791739008426037e-01  -9.5428770109335925e-01  -9.3037399794447007e-01  -8.9087352118261531e-01  -8.2811011770656084e-01  -7.3215635732957918e-01  -5.9269500077372261e-01  -4.0391393843497769e-01  -1.7169154444803170e-01   8.2321938186841082e-02   3.2675806540898689e-01   5.3474424897744055e-01   6.9424040669964582e-01   8.0739653258375144e-01   8.8364076474659203e-01   9.3351315669186563e-01   9.6569631614724372e-01   9.8636352455846799e-01   9.9952701336046523e-01   1.0075673318006377e+00   1.0116455166632825e+00   1.0118650907240982e+00   1.0071513291867342e+00   9.9471672260277855e-01   9.6898041590547701e-01   9.1979396324094220e-01   8.3052362917214428e-01   6.7863029098881222e-01   4.4526690792525930e-01   1.3792000869339721e-01  -1.9313262836178202e-01  -4.7977837084041142e-01  -6.8313243450045935e-01  -8.0428430599009360e-01  -8.6082499234200049e-01  -8.6572961871562604e-01  -8.1934112074730336e-01  -7.0952548609256416e-01  -5.1951443984193868e-01  -2.4782197144787332e-01   6.9170860555935298e-02   3.6593045025524662e-01
   5.6589267373667962e-01   7.1328436078349233e-01   7.9728545290628405e-01   8.3952789608766887e-01   8.5711434272129206e-01   8.6145309232306533e-01   8.5990107750327438e-01   8.5729026493780314e-01   8.5673082967885994e-01   8.5991504184422285e-01   8.6725671169787266e-01   8.7811614373222935e-01   8.9117634236212739e-01   9.0489641140348720e-01   9.1788798674890337e-01   9.2909949725425678e-01   9.3777592850027247e-01   9.4323725016855942e-01   9.4452455042260530e-01   9.3992783673960600e-01   9.2635646859463372e-01   8.9851583485439868e-01   8.4800128956558840e-01   7.6290953313407095e-01   6.2952282927906134e-01   4.3833588122887057e-01   1.9430300952768553e-01  -7.6450780189997680e-02  -3.3488560001680362e-01  -5.4913166504382216e-01  -7.0735154129637645e-01  -8.1467327163273984e-01  -8.8330861287904061e-01  -9.2535567489103543e-01  -9.5005972207904499e-01  -9.6363766675092710e-01  -9.6993220387041479e-01  -9.7107382116412710e-01  -9.6788614061191269e-01  -9.5997021178588671e-01  -9.4541729872811398e-01  -9.2008470556713751e-01  -8.7643217586279298e-01  -8.0236437757311607e-01  -6.8179390927466477e-01  -5.0054896903923074e-01  -2.5988862929310841e-01   1.1285251196706481e-02   2.6477411829728875e-01   4.6037560895454016e-01   5.8203626251579199e-01   6.3058159731505659e-01   6.0943234418180059e-01   5.1743988899606286e-01   3.5209349562838987e-01   1.2168109016739648e-01  -1.4286704628925329e-01  -3.9433965086406353e-01  -5.9486347495768022e-01  -7.3323092046942984e-01  -8.1901744056287329e-01  -8.6823758842957899e-01  -8.9463235217563497e-01  -9.0751258546224878e-01  -9.1249973715278410e-01  -9.1281355353821769e-01  -9.1030008327739376e-01  -9.0612570502705148e-01  -9.0119856140623023e-01  -8.9640362147944008e-01  -8.9266644386397609e-01  -8.9088367113903644e-01  -8.9174993595071339e-01  -8.9558087021555910e-01  -9.0221254258282024e-01  -9.1104640249516788e-01  -9.2120826504004494e-01  -9.3176348989101299e-01  -9.4188763967547384e-01  -9.5095401771830779e-01  -9.5851916289536487e-01  -9.6424876612166055e-01  -9.6779904701631780e-01  -9.6868525825143892e-01  -9.6611625450900274e-01  -9.5878743028850921e-01  -9.4458104618948191e-01  -9.2015941936536538e-01  -8.8044793092931950e-01  -8.1817894926444756e-01  -7.2396725932594763e-01  -5.8794475766353038e-01  -4.0413582015191862e-01  -1.7718344345683690e-01   7.3208591060938188e-02   3.1691575183001647e-01   5.2663354664617423e-01   6.8884181761757479e-01   8.0443137633326978e-01   8.8231491865877454e-01   9.3308097432117965e-01   9.6567960608712722e-01   9.8658016417699745e-01   1.0000563462444170e+00   1.0087556752032474e+00   1.0141792350746528e+00   1.0169824907219547e+00   1.0170580270670075e+00   1.0133807969772632e+00   1.0034999533707532e+00   9.8251891566010019e-01   9.4134836987813708e-01   8.6449157831207568e-01   7.2938747597705922e-01   5.1345542322706483e-01   2.1559397316906997e-01  -1.2105667230952472e-01  -4.2499955020130137e-01  -6.4722716056154228e-01  -7.8250794575388771e-01  -8.4793214771205472e-01  -8.5845163265000257e-01  -8.1661547066324836e-01  -7.1212186939189004e-01  -5.2921013736744960e-01  -2.6561360490982688e-01   4.5027958332510443e-02   3.3926362995261211e-01
   5.4736726001249458e-01   6.8642644435318900e-01   7.6268904102307322e-01   7.9653784569497355e-01   8.0473907087231400e-01   7.9928712085705189e-01   7.8879498587304364e-01   7.7962550966227606e-01   7.7623046873748824e-01   7.8102444683039063e-01   7.9427916454985481e-01   8.1437444866084274e-01   8.3848134385674911e-01   8.6347418208513860e-01   8.8673402313000604e-01   9.0656170274269243e-01   9.2214394760946505e-01   9.3320067952162478e-01   9.3950195101710476e-01   9.4035448081393025e-01   9.3405876267480592e-01   9.1726274333132451e-01   8.8418283734586023e-01   8.2588253922172927e-01   7.3038386350463869e-01   5.8526848840571022e-01   3.8451597322428643e-01   1.3783106405886281e-01  -1.2619049252232264e-01  -3.7113554178471131e-01  -5.7073836431359859e-01  -7.1731530491990625e-01  -8.1708809495578172e-01  -8.8147357877446353e-01  -9.2132813007198089e-01  -9.4488192721091269e-01  -9.5767015582159654e-01  -9.6308315090116814e-01  -9.6288553610001082e-01  -9.5748481277670616e-01  -9.4587852631640845e-01  -9.2524676289728292e-01  -8.9020284697412067e-01  -8.3198809710176369e-01  -7.3862359366609853e-01  -5.9821137328461704e-01  -4.0740235321453500e-01  -1.8165504098715246e-01   4.4379221037804062e-02   2.3232562038363108e-01   3.5702737887313452e-01   4.0910522382163284e-01   3.8718223538767427e-01   2.9222977313109827e-01   1.3003462490045059e-01  -8.0913301318586872e-02  -3.0667436595057473e-01  -5.0959885157078388e-01  -6.6619520222994744e-01  -7.7321843150520120e-01  -8.4012481876877565e-01  -8.7933973907244423e-01  -9.0111370779321076e-01  -9.1242619373638589e-01  -9.1759000570003568e-01  -9.1915693916388708e-01  -9.1863993464939109e-01  -9.1699830378211800e-01  -9.1492946080070825e-01  -9.1302728761298113e-01  -9.1183499282638203e-01  -9.1182466755662672e-01  -9.1332858768420933e-01  -9.1646989905387288e-01  -9.2112504416730445e-01  -9.2694821553298723e-01  -9.3344350732387626e-01  -9.4005807611289294e-01  -9.4625269078834684e-01  -9.5153347881164208e-01  -9.5543107602964317e-01  -9.5743854133979278e-01  -9.5690760862451729e-01  -9.5290763956836688e-01  -9.4402705260129760e-01  -9.2810108985422968e-01  -9.0183987813505839e-01  -8.6038447701984211e-01  -7.9693078679687546e-01  -7.0286068989550454e-01  -5.6923227208043048e-01  -3.9063904801765748e-01  -1.7112124609421075e-01   7.1664826911058910e-02   3.0997025014997920e-01   5.1749192636503294e-01   6.7998495799266334e-01   7.9695715483978014e-01   8.7629150597899019e-01   9.2813689933982857e-01   9.6139903659208614e-01   9.8266532132293549e-01   9.9636819838955248e-01   1.0053145531935479e+00   1.0111833767901537e+00   1.0148755131198317e+00   1.0166987770601965e+00   1.0163856142287857e+00   1.0129061240536701e+00   1.0039782451365702e+00   9.8509393792600219e-01   9.4784315951294884e-01   8.7764856695673932e-01   7.5259307971553091e-01   5.4894497392049901e-01   2.6101910903369452e-01  -7.3803926387833507e-02  -3.8445020161802762e-01  -6.1637012171954186e-01  -7.5928941396621874e-01  -8.2876661638326143e-01  -8.4029266347308429e-01  -7.9758390878576657e-01  -6.9194843299156761e-01  -5.0996703537772725e-01  -2.5181856131879332e-01   4.8639340706961021e-02   3.3103527672889588e-01
   5.3488938364923433e-01   6.5483642310882761e-01   7.1375819511950533e-01   7.3006827031021782e-01   7.1979575898090997e-01   6.9581776882112112e-01   6.6884662932080152e-01   6.4780005572881083e-01   6.3931159974018814e-01   6.4693771554667445e-01   6.7068760809146410e-01   7.0726461152419473e-01   7.5114976254279209e-01   7.9626681666172716e-01   8.3761305821015664e-01   8.7218364114298463e-01   8.9896245135041464e-01   9.1825265472508844e-01   9.3082431869207527e-01   9.3717730181745540e-01   9.3697752895637265e-01   9.2855300701527566e-01   9.0832816894659474e-01   8.7017029987524186e-01   8.0493791437299156e-01   7.0111087906660330e-01   5.4807983708354790e-01   3.4310558326624307e-01   9.9021580696717515e-02  -1.5549103219137778e-01  -3.8771490459756558e-01  -5.7591112989439674e-01  -7.1473395289906139e-01  -8.1033488586483693e-01  -8.7298758527899667e-01  -9.1238268415471635e-01  -9.3591863218872073e-01  -9.4861006721848962e-01  -9.5350067538236638e-01  -9.5205154493086486e-01  -9.4430153497447855e-01  -9.2875003663235256e-01  -9.0198251509178629e-01  -8.5822815260162255e-01  -7.8942416762112255e-01  -6.8699678947431109e-01  -5.4666885000088461e-01  -3.7536921350434865e-01  -1.9463691132567762e-01  -3.4603670116771013e-02   7.7937491081474630e-02   1.2695693928400203e-01   1.0688466151272730e-01   2.0456592825251030e-02  -1.2040627683612815e-01  -2.9290167007979012e-01  -4.6733795885287560e-01  -6.1798193652637567e-01  -7.3217859897861581e-01  -8.1041544160206835e-01  -8.6019333744858106e-01  -8.9021668674011845e-01  -9.0756600278757493e-01  -9.1714143392995373e-01  -9.2205815635648758e-01  -9.2422015900864440e-01  -9.2478935360104630e-01  -9.2450620952221751e-01  -9.2388538102956919e-01  -9.2332347549169547e-01  -9.2314198983494444e-01  -9.2358906444442090e-01  -9.2481591632134941e-01  -9.2685109364515039e-01  -9.2958838851577164e-01  -9.3279748268683393e-01  -9.3615013787444279e-01  -9.3925231737273152e-01  -9.4166280142340431e-01  -9.4288610575232568e-01  -9.4233055019484135e-01  -9.3923055114260190e-01  -9.3252487125873340e-01  -9.2068284797066280e-01  -9.0146158137756283e-01  -8.7159039257883075e-01  -8.2641569447888430e-01  -7.5965829351616132e-01  -6.6366347404790260e-01  -5.3084130852108702e-01  -3.5702817638630813e-01  -1.4638525135202657e-01   8.5253343920527969e-02   3.1325365728561277e-01   5.1371435188273851e-01   6.7278182825065835e-01   7.8887986524987885e-01   8.6855881306808569e-01   9.2106709153263144e-01   9.5489694814348136e-01   9.7652598000317847e-01   9.9041709808301426e-01   9.9945362371100954e-01   1.0054091918081838e+00   1.0093040803811943e+00   1.0116321807387707e+00   1.0124538381241770e+00   1.0113599867819465e+00   1.0072555863890995e+00   9.9787313371578434e-01   9.7882972831133463e-01   9.4203051893631540e-01   8.7350456308874835e-01   7.5223700533589799e-01   5.5518337527421502e-01   2.7580119852485141e-01  -5.1609285499390534e-02  -3.5864136567376814e-01  -5.9001538585226920e-01  -7.3273761202462406e-01  -8.0029160492562634e-01  -8.0731972710181366e-01  -7.5772492500400979e-01  -6.4446189431845602e-01  -4.5809655372182001e-01  -2.0433344338165776e-01   8.0550386253615158e-02   3.4066048007730021e-01
   5.2544157472381148e-01   6.1410346201006971e-01   6.4347811333691540e-01   6.2959777186695232e-01   5.8802780265152155e-01   5.3358002621417477e-01   4.8040152088931082e-01   4.4098925851781096e-01   4.2466385592897160e-01   4.3631143256406657e-01   4.7572910767075710e-01   5.3766955914670223e-01   6.1293895755739114e-01   6.9077538463070609e-01   7.6187391307983643e-01   8.2057789566503769e-01   8.6522719073251042e-01   8.9696337671019477e-01   9.1808357641521277e-01   9.3074189237063432e-01   9.3619482733853299e-01   9.3438568188445592e-01   9.2361549512777219e-01   9.0012620318835912e-01   8.5763148458757676e-01   7.8715329123372102e-01   6.7808280693404532e-01   5.2177758060504753e-01   3.1801389152671655e-01   8.0878546162729506e-02  -1.6269072910557247e-01  -3.8389157464647117e-01  -5.6418396724734932e-01  -6.9905692678561060e-01  -7.9375413207470769e-01  -8.5718341537365905e-01  -8.9793688118369142e-01  -9.2272580921630631e-01  -9.3617712888199822e-01  -9.4110072284488089e-01  -9.3876452121107623e-01  -9.2900972521338276e-01  -9.1018154923094441e-01  -8.7899734752535530e-01  -8.3067465624232883e-01  -7.5995074225483283e-01  -6.6369684650508409e-01  -5.4495043655264341e-01  -4.1601614730763831e-01  -2.9709067317851440e-01  -2.0990802963754740e-01  -1.7068176250758882e-01  -1.8632336091584339e-01  -2.5361287657861087e-01  -3.5964809285754262e-01  -4.8431656325623473e-01  -6.0617195913743371e-01  -7.0949487559701119e-01  -7.8780983459494602e-01  -8.4231240642606742e-01  -8.7795577542748249e-01  -9.0025217003717528e-01  -9.1373735838636361e-01  -9.2164015870909477e-01  -9.2608292243693935e-01  -9.2840569094028125e-01  -9.2944476342496829e-01  -9.2973168074603518e-01  -9.2961792907110752e-01  -9.2934702393213153e-01  -9.2908776017213435e-01  -9.2894446920977236e-01  -9.2895306564395697e-01  -9.2907508632738411e-01  -9.2919175506575558e-01  -9.2910457575414451e-01  -9.2853642893662092e-01  -9.2712678760400280e-01  -9.2441012444474868e-01  -9.1977414003305002e-01  -9.1238803049735040e-01  -9.0109553558524702e-01  -8.8426249690146930e-01  -8.5957483445133442e-01  -8.2379311129675736e-01  -7.7251720386821410e-01  -7.0011085497244563e-01  -6.0011678109058941e-01  -4.6668130565377247e-01  -2.9741572853466564e-01  -9.7149933326284410e-02   1.1986566920452374e-01   3.3256825166722659e-01   5.2058056315002799e-01   6.7159922937439631e-01   7.8354182765228630e-01   8.6156850272447627e-01   9.1366412890342463e-01   9.4752653811042920e-01   9.6924802647434039e-01   9.8314886585743944e-01   9.9209007599147048e-01   9.9787298689769099e-01   1.0015745305353378e+00   1.0037725893139500e+00   1.0046726240959503e+00   1.0041344760995317e+00   1.0015922002691720e+00   9.9581173052811467e-01   9.8439341843388184e-01   9.6285000765687601e-01   9.2310097057611018e-01   8.5155471052345932e-01   7.2839817943208951e-01   5.3295321991268330e-01   2.6117507649715344e-01  -5.3073151852681300e-02  -3.4574019631069108e-01  -5.6531897540330300e-01  -6.9865239201490892e-01  -7.5687566639179593e-01  -7.5260400225671609e-01  -6.8933056055468700e-01  -5.6238804922655139e-01  -3.6855819203448359e-01  -1.2157534830630388e-01   1.3953499391650825e-01   3.6573128196388538e-01
   5.1560256871108179e-01   5.6045998536339503e-01   5.4643513882455808e-01   4.8769598390836388e-01   4.0101933162944525e-01   3.0518920232293290e-01   2.1886754878418546e-01   1.5763537059017685e-01   1.3214286275575282e-01   1.4775750673216698e-01   2.0457607249416032e-01   2.9690087973256785e-01   4.1289937406115257e-01   5.3632918885459091e-01   6.5106950359227500e-01   7.4612772028646124e-01   8.1773419903742683e-01   8.6778862733069051e-01   9.0076786368677864e-01   9.2121669072521106e-01   9.3247062851004092e-01   9.3624012687229230e-01   9.3252903475226889e-01   9.1953051143100184e-01   8.9338331785540825e-01   8.4788280717444364e-01   7.7457062731144444e-01   6.6403499317594417e-01   5.0941405828361441e-01   3.1191892125525605e-01   8.5165447378362014e-02  -1.4685659029444040e-01  -3.5903098044754506e-01  -5.3481458953971783e-01  -6.6937687266824786e-01  -7.6641753299745852e-01  -8.3326655267352145e-01  -8.7742491884507390e-01  -9.0500325033400597e-01  -9.2035660847837664e-01  -9.2619839810964244e-01  -9.2379903337560687e-01  -9.1311916234405877e-01  -8.9290351135730206e-01  -8.6089924731839718e-01  -8.1451703127951558e-01  -7.5226782308474993e-01  -6.7594171571173345e-01  -5.9255850766259610e-01  -5.1435265642972383e-01  -4.5580444492473154e-01  -4.2894216474549052e-01  -4.3936254047441153e-01  -4.8450970402779320e-01  -5.5450214168070855e-01  -6.3535071520098496e-01  -7.1358601221391615e-01  -7.8010351194648797e-01  -8.3134886715718403e-01  -8.6801929577435288e-01  -8.9289611858080797e-01  -9.0914955838810219e-01  -9.1948087514432597e-01  -9.2588739563739930e-01  -9.2972809490603303e-01  -9.3188185102368071e-01  -9.3289676887200401e-01  -9.3310411942171911e-01  -9.3269242217015957e-01  -9.3175457229707936e-01  -9.3031300160472885e-01  -9.2833522520365397e-01  -9.2574026180834768e-01  -9.2240277822880379e-01  -9.1815219023535577e-01  -9.1276582720181643e-01  -9.0594729123003681e-01  -8.9729109478031432e-01  -8.8622531072028432e-01  -8.7193172940120156e-01  -8.5323806626539223e-01  -8.2848600256634497e-01  -7.9537507479263070e-01  -7.5080787194412268e-01  -6.9079499495317287e-01  -6.1056782578939761e-01  -5.0515403755574240e-01  -3.7074856294691333e-01  -2.0699742300502000e-01  -1.9540334725575481e-02   1.7898905396500270e-01   3.7142135352140820e-01   5.4160716545222809e-01   6.7966564300379240e-01   7.8361549876341385e-01   8.5735961860895060e-01   9.0740507709459095e-01   9.4033198958494069e-01   9.6156074699516592e-01   9.7506973688831100e-01   9.8357255546486910e-01   9.8882475903334444e-01   9.9190498056176524e-01   9.9342098073796625e-01   9.9363844606835094e-01   9.9253502466235710e-01   9.8977773673632308e-01   9.8460181717117745e-01   9.7554128501064818e-01   9.5991485330650161e-01   9.3293591712322277e-01   8.8635889873269169e-01   8.0701346520891304e-01   6.7700805319087509e-01   4.8000783329959584e-01   2.1740575349094216e-01  -7.5810470217229642e-02  -3.4202203405778830e-01  -5.3734904470960465e-01  -6.5054944473111942e-01  -6.9026708376549450e-01  -6.6644030568588775e-01  -5.8243656864507665e-01  -4.3773491670481435e-01  -2.3776140590031464e-01  -4.9167429448593869e-03   2.2148561328892996e-01   4.0212242252139541e-01
   5.0287831435898589e-01   4.9316702599815482e-01   4.2321536388285813e-01   3.0771956827138908e-01   1.6820044181178623e-01   2.9559366052813674e-02  -8.6196900145655009e-02  -1.6419930086530488e-01  -1.9643961662187898e-01  -1.7913198375392658e-01  -1.1109502549489592e-01   5.0395522273541382e-03   1.5945752813880404e-01   3.3319468000338104e-01   5.0201796464356130e-01   6.4554180326989341e-01   7.5433235652326192e-01   8.2969270807519901e-01   8.7858892142021561e-01   9.0879199731748117e-01   9.2639956232704046e-01   9.3522154454828632e-01   9.3694965934831098e-01   9.3141675101504684e-01   9.1667812124447745e-01   8.8889502873086590e-01   8.4219482356128783e-01   7.6891775545089391e-01   6.6094541983732946e-01   5.1277456323781923e-01   3.2595509959796237e-01   1.1229195799448405e-01  -1.0788101331932920e-01  -3.1282875329474830e-01  -4.8713709762302970e-01  -6.2483392566260942e-01  -7.2753366053120883e-01  -8.0070808272856708e-01  -8.5066349286859755e-01  -8.8292718187882424e-01  -9.0168171396421126e-01  -9.0972282084038991e-01  -9.0859615564695329e-01  -8.9878724340664240e-01  -8.7999036748570236e-01  -8.5158751292937318e-01  -8.1347491797756355e-01  -7.6720753785042139e-01  -7.1703369612747170e-01  -6.7002654580905452e-01  -6.3469485460469044e-01  -6.1836858066250611e-01  -6.2457591613985808e-01  -6.5173198354963524e-01  -6.9376644343290084e-01  -7.4238695485140282e-01  -7.8986582610022937e-01  -8.3101326854070900e-01  -8.6364962775800791e-01  -8.8789682551207150e-01  -9.0508404466744174e-01  -9.1686597184622287e-01  -9.2473186096980697e-01  -9.2982821594393505e-01  -9.3295189901162257e-01  -9.3461015349674748e-01  -9.3508817326059490e-01  -9.3450581680007394e-01  -9.3285737735687957e-01  -9.3004100662531064e-01  -9.2588138924588370e-01  -9.2015225674154055e-01  -9.1259808104999629e-01  -9.0295446604643759e-01  -8.9095558870380587e-01  -8.7632410110637360e-01  -8.5873241561183722e-01  -8.3773256359199733e-01  -8.1265520727921869e-01  -7.8249165941645904e-01  -7.4576898155128646e-01  -7.0044024791017734e-01  -6.4382117002467831e-01  -5.7264126348517563e-01  -4.8332178625241595e-01  -3.7264517171383249e-01  -2.3894367320232660e-01  -8.3702497692012934e-02   8.7051666852221987e-02   2.6270266031102379e-01   4.3020206719728571e-01   5.7783422350238911e-01   6.9850604160888530e-01   7.9074241391006850e-01   8.5739819478535262e-01   9.0345125915693525e-01   9.3415680024188130e-01   9.5402557034993607e-01   9.6649679865883453e-01   9.7399703728011611e-01   9.7814452799132234e-01   9.7996119109830615e-01   9.8004391900788457e-01   9.7867635366830874e-01   9.7588459068660605e-01   9.7143492859860714e-01   9.6477055717336424e-01   9.5485639390031762e-01   9.3988688723792024e-01   9.1677315613417087e-01   8.8033627955092841e-01   8.2225071042745912e-01   7.3033264500008344e-01   5.9007540589540386e-01   3.9185592312653267e-01   1.4447104900071556e-01  -1.1642052339775000e-01  -3.4236800414948793e-01  -4.9977330028230071e-01  -5.8047634626380806e-01  -5.9080940631773804e-01  -5.3850009253058850e-01  -4.2844451866573030e-01  -2.6673148800406232e-01  -6.8412089277881616e-02   1.3833648986509040e-01   3.1866416448016815e-01   4.4457350853229233e-01
   4.8705026426937237e-01   4.1663137474718154e-01   2.8403935754017140e-01   1.0895782696716244e-01  -7.8347302042870326e-02  -2.4722352131377312e-01  -3.7715897437922458e-01  -4.5973729559132187e-01  -4.9344340555902422e-01  -4.7772891406833734e-01  -4.1014988097521932e-01  -2.8769857576154390e-01  -1.1248734559382034e-01   1.0072818411204787e-01   3.2290696956867082e-01   5.2144456618965129e-01   6.7578207961319869e-01   7.8306202646485301e-01   8.5192839711539459e-01   8.9391198840818564e-01   9.1856120452060297e-01   9.3219543161689100e-01   9.3827986360327886e-01   9.3809132450479471e-01   9.3117131289476474e-01   9.1548573622210527e-01   8.8737934775903726e-01   8.4152680429938376e-01   7.7123486193656310e-01   6.6961075639151013e-01   5.3201744312155330e-01   3.5945482511511745e-01   1.6104003087400476e-01  -4.6941921478656445e-02  -2.4597861899379958e-01  -4.2134307197617188e-01  -5.6540317537248197e-01  -6.7718736000209412e-01  -7.5990106392308010e-01  -8.1840659836244978e-01  -8.5757600666648248e-01  -8.8150801968738268e-01  -8.9329359151418064e-01  -8.9506006317388442e-01  -8.8816858655152731e-01  -8.7355070949447877e-01  -8.5220520672050215e-01  -8.2580915708068392e-01  -7.9723670669121705e-01  -7.7063047287039521e-01  -7.5073675327151279e-01  -7.4159811073040172e-01  -7.4517537326915995e-01  -7.6063427569113662e-01  -7.8470427903804552e-01  -8.1291661613762212e-01  -8.4106319529082496e-01  -8.6619866316320393e-01  -8.8690333759946838e-01  -9.0297741611407145e-01  -9.1492597506104101e-01  -9.2350983597808467e-01  -9.2946345789406992e-01  -9.3336328622625275e-01  -9.3558941712731269e-01  -9.3633021548121742e-01  -9.3559977557726648e-01  -9.3325512785040976e-01  -9.2901198265126939e-01  -9.2246440862425005e-01  -9.1311455573953992e-01  -9.0041786984074679e-01  -8.8384074596402273e-01  -8.6291967623616239e-01  -8.3730269714941130e-01  -8.0674758345855058e-01  -7.7106020135625208e-01  -7.2997705048610151e-01  -6.8301311135214027e-01  -6.2931199198934140e-01  -5.6754433473672961e-01  -4.9590465249641680e-01  -4.1225989490387910e-01  -3.1451193835977342e-01  -2.0122345568297395e-01  -7.2486955894127181e-02   6.9161672528089579e-02   2.1822765329008587e-01   3.6669197547271093e-01   5.0561786090503369e-01   6.2739822515586119e-01   7.2754650205068361e-01   8.0519793999093414e-01   8.6235215265068854e-01   9.0254481620505755e-01   9.2964682588663783e-01   9.4711708180673160e-01   9.5769613236276641e-01   9.6338695470994851e-01   9.6556722658346006e-01   9.6513422068113908e-01   9.6262983813228131e-01   9.5832559924815075e-01   9.5226371545139576e-01   9.4425850316597815e-01   9.3385254826731712e-01   9.2021808482006562e-01   9.0197854498721075e-01   8.7691547038929130e-01   8.4151910995902224e-01   7.9039842927219173e-01   7.1577551015202989e-01   6.0785411513030618e-01   4.5773283812494892e-01   2.6451090949858219e-01   4.4131027673466550e-02  -1.6991594329705928e-01  -3.4089999261527432e-01  -4.4625732676723906e-01  -4.8126036416838536e-01  -4.5105471139122333e-01  -3.6334115173056747e-01  -2.2728222569421197e-01  -5.6865821532929905e-02   1.2606796373332363e-01   2.9389845715855806e-01   4.2052081403243313e-01   4.8788318985105500e-01
   4.7080648432720557e-01   3.4048439378049344e-01   1.4749720695866431e-01  -7.8838299588280036e-02  -2.9813888340941808e-01  -4.7819682827273213e-01  -6.0586933930782072e-01  -6.8241788720563079e-01  -7.1332132205407417e-01  -7.0117493046554213e-01  -6.4292180063248705e-01  -5.3068788600923433e-01  -3.5720196296792778e-01  -1.2673339851404231e-01   1.3470854968942783e-01   3.8471334863837336e-01   5.8738426910761055e-01   7.3057557733979306e-01   8.2224882493724727e-01   8.7746668832805674e-01   9.0962924099248443e-01   9.2788368784414288e-01   9.3755588447074845e-01   9.4123702952920718e-01   9.3962775595998260e-01   9.3199728581788222e-01   9.1633091882669082e-01   8.8930948771224472e-01   8.4629745773313714e-01   7.8161229623512418e-01   6.8941767008592614e-01   5.6550926202509000e-01   4.0976727764964116e-01   2.2817891360607356e-01   3.2787923105648487e-02  -1.6117007224419055e-01  -3.3962639664366090e-01  -4.9305127335523824e-01  -6.1740024358003343e-01  -7.1304959999266038e-01  -7.8300358808157600e-01  -8.3132712571908440e-01  -8.6212937487386232e-01  -8.7904378919866688e-01  -8.8506242284864023e-01  -8.8260974443163887e-01  -8.7378492944666764e-01  -8.6068788776043204e-01  -8.4569969160231762e-01  -8.3154189803594059e-01  -8.2099162954334004e-01  -8.1629698811856266e-01  -8.1855601680746415e-01  -8.2740272553539984e-01  -8.4120151595053372e-01  -8.5765668923582361e-01  -8.7452843829530158e-01  -8.9014113886526647e-01  -9.0355333487446787e-01  -9.1445172671683461e-01  -9.2292255491763076e-01  -9.2922502825934550e-01  -9.3362790111078908e-01  -9.3631095594409519e-01  -9.3731296545266063e-01  -9.3650240349884306e-01  -9.3355814041746832e-01  -9.2795541691329719e-01  -9.1896431774100384e-01  -9.0567175528030608e-01  -8.8704430240413545e-01  -8.6203933171586855e-01  -8.2975978507770876e-01  -7.8961796463767508e-01  -7.4145154157996784e-01  -6.8553329550271291e-01  -6.2244635119559777e-01  -5.5284719090900392e-01  -4.7719728928425664e-01  -3.9556262729790659e-01  -3.0756267912006829e-01  -2.1250899850348864e-01  -1.0973674144314538e-01   9.1132894871481795e-04   1.1854092349466677e-01   2.4077453168682206e-01   3.6366183040775946e-01   4.8212350516667113e-01   5.9090713210888035e-01   6.8573443296533809e-01   7.6415824841327373e-01   8.2579522034123909e-01   8.7194426811766879e-01   9.0488509511909121e-01   9.2718825502774593e-01   9.4123198205329750e-01   9.4896213887572756e-01   9.5183866071916701e-01   9.5088714290192011e-01   9.4679014457988864e-01   9.3997306291941729e-01   9.3066267185143314e-01   9.1891156453179734e-01   9.0458709054050812e-01   8.8732443544954465e-01   8.6644632844266356e-01   8.4084471900112789e-01   8.0881436266817919e-01   7.6783011440990590e-01   7.1429190663853881e-01   6.4336147969741975e-01   5.4924939699432662e-01   4.2667057660441587e-01   2.7429651775811581e-01   9.9794470880558150e-02  -7.7169109527085555e-02  -2.2919370162304603e-01  -3.3194731444051440e-01  -3.7264931909175469e-01  -3.5037760434705673e-01  -2.7181749554357265e-01  -1.4815617970329192e-01   5.4363486484230172e-03   1.6968230967291348e-01   3.2277299933650905e-01   4.4393165228600856e-01   5.1652981149700439e-01   5.2841296570207608e-01
   4.5912165105881869e-01   2.7691010550837819e-01   3.3763575404411550e-02  -2.2933640125211180e-01  -4.6412959987567409e-01  -6.4176093667903689e-01  -7.5899475214577561e-01  -8.2581684650949283e-01  -8.5264755649862090e-01  -8.4415879005131389e-01  -7.9741997228635497e-01  -7.0215983324224429e-01  -5.4433830170886377e-01  -3.1683970398462841e-01  -3.6081936330070452e-02   2.5273591874910062e-01   4.9902294447676737e-01   6.7747230571925021e-01   7.9225349655790289e-01   8.6086218642303636e-01   9.0041218865191208e-01   9.2291487407108153e-01   9.3552877087986708e-01   9.4202382388991746e-01   9.4400731526003989e-01   9.4166222488324780e-01   9.3409321895578223e-01   9.1942508317624205e-01   8.9477730980146353e-01   8.5625353658528436e-01   7.9911713294044640e-01   7.1837422425669473e-01   6.0993633020810878e-01   4.7230466172186381e-01   3.0824977676229376e-01   1.2554651651503101e-01  -6.4034716042048467e-02  -2.4734909616449807e-01  -4.1294258332863115e-01  -5.5320039675076327e-01  -6.6495585766694609e-01  -7.4882179660357240e-01  -8.0790946059404867e-01  -8.4651912819195851e-01  -8.6913969952206560e-01  -8.7986943205040657e-01  -8.8221736799980510e-01  -8.7916024978692497e-01  -8.7329514483863857e-01  -8.6693822063973403e-01  -8.6207692661662927e-01  -8.6018378458312095e-01  -8.6200345485252416e-01  -8.6746412706974496e-01  -8.7580173947986217e-01  -8.8586282697973195e-01  -8.9645492865004317e-01  -9.0660893071431803e-01  -9.1568846701441786e-01  -9.2336443215708996e-01  -9.2951486107651604e-01  -9.3410805389605844e-01  -9.3709928644806129e-01  -9.3834876764530084e-01  -9.3755422521604759e-01  -9.3419024584992272e-01  -9.2745205479162329e-01  -9.1621180023618431e-01  -8.9900932676228384e-01  -8.7411324056014905e-01  -8.3969034116836627e-01  -7.9410379787936991e-01  -7.3630478646868247e-01  -6.6620697139834650e-01  -5.8487992606422312e-01  -4.9442368025354422e-01  -3.9752278047918932e-01  -2.9684282792124045e-01  -1.9450690497318984e-01  -9.1833439684543813e-02   1.0611820528287519e-02   1.1271542927319028e-01   2.1439151509932824e-01   3.1516742105415363e-01   4.1390319770074674e-01   5.0874242854724105e-01   5.9733469948595352e-01   6.7727798595966782e-01   7.4663082851947737e-01   8.0430424009009560e-01   8.5019408781174399e-01   8.8504051159596253e-01   9.1011620075574662e-01   9.2688031777182944e-01   9.3670200125644010e-01   9.4069985377827159e-01   9.3969121799514388e-01   9.3422064707908703e-01   9.2462871313464556e-01   9.1112572421798499e-01   8.9384496356986931e-01   8.7285906650376688e-01   8.4815212594623612e-01   8.1955443853819077e-01   7.8665360762020353e-01   7.4869352089803520e-01   7.0447305120486092e-01   6.5225982062924170e-01   5.8975240154533803e-01   5.1417043997198530e-01   4.2264236326841992e-01   3.1316649581001010e-01   1.8640726404432578e-01   4.8128120318496392e-02  -8.9039632497709686e-02  -2.0668897108468576e-01  -2.8549148390616358e-01  -3.1137418329555971e-01  -2.7933388279795979e-01  -1.9381905770021501e-01  -6.6996155960431680e-02   8.3954405584687919e-02   2.3997540639507031e-01   3.8306040116510526e-01   4.9819856291530934e-01   5.7367533402206217e-01   5.9950562065642321e-01   5.6506315285753417e-01
   4.5765384838250073e-01   2.3684436723178814e-01  -4.2358772353398133e-02  -3.2881628123393064e-01  -5.6966015745035825e-01  -7.4112056368076418e-01  -8.4833912339123985e-01  -9.0716924307721314e-01  -9.3081771520955014e-01  -9.2513238844575507e-01  -8.8768011930920421e-01  -8.0767223000118471e-01  -6.6774718490836449e-01  -4.5263223966049743e-01  -1.6811232488077146e-01   1.4388545840207995e-01   4.2298494952698673e-01   6.3074546949759991e-01   7.6554924806540248e-01   8.4586044644203662e-01   8.9177884193199808e-01   9.1780555974538069e-01   9.3269569561599741e-01   9.4119520889228681e-01   9.4559509745203052e-01   9.4669818329890076e-01   9.4433316421054792e-01   9.3756505938389278e-01   9.2474245664564447e-01   9.0345622233561573e-01   8.7050581841138963e-01   8.2195802122728923e-01   7.5343638363716836e-01   6.6075950027560792e-01   5.4100480164347031e-01   3.9387706672062256e-01   2.2300831851675973e-01   3.6541247990082071e-02  -1.5362599104587316e-01  -3.3410485943469298e-01  -4.9311932956250654e-01  -6.2315039311492260e-01  -7.2195760296711009e-01  -7.9179631584261756e-01  -8.3759402710286457e-01  -8.6512308873796928e-01  -8.7977886606075673e-01  -8.8605300607710658e-01  -8.8746632892265387e-01  -8.8669753638013871e-01  -8.8571298321245329e-01  -8.8583827306005081e-01  -8.8778561617354224e-01  -8.9170704059095518e-01  -8.9730908226807538e-01  -9.0403043207188305e-01  -9.1122656226572274e-01  -9.1831449508469221e-01  -9.2484034293013440e-01  -9.3048036837158099e-01  -9.3499072013451323e-01  -9.3813642915953732e-01  -9.3960780495806706e-01  -9.3893435247831136e-01  -9.3538741323823937e-01  -9.2787764034903630e-01  -9.1485083512833443e-01  -8.9422062833333316e-01  -8.6339366322559108e-01  -8.1948220606364142e-01  -7.5978275625298397e-01  -6.8252510383146436e-01  -5.8770630981752958e-01  -4.7763681741102804e-01  -3.5679785897241001e-01  -2.3092346387881091e-01  -1.0566511281347091e-01   1.4559475854778403e-02   1.2711266571298144e-01   2.3103712635497869e-01   3.2655501269227122e-01   4.1445325961898283e-01   4.9555897201211269e-01   5.7039622485270203e-01   6.3904837446735296e-01   7.0120262560300939e-01   7.5632793419225264e-01   8.0390728310625081e-01   8.4364097043480024e-01   8.7555164653835749e-01   8.9997267938184478e-01   9.1744126893578581e-01   9.2854609610407024e-01   9.3378224020372702e-01   9.3345561130924215e-01   9.2765266215762199e-01   9.1627827981707954e-01   8.9914369640597069e-01   8.7607864464798890e-01   8.4702978774683757e-01   8.1210966651439542e-01   7.7157152321313360e-01   7.2571531535022427e-01   6.7474684278348263e-01   6.1863139962996239e-01   5.5698456104769589e-01   4.8903799019331695e-01   4.1370870786295533e-01   3.2981115660467641e-01   2.3646890725203079e-01   1.3379911166182723e-01   2.3897708858511779e-02  -8.8020824081234239e-02  -1.9280503738055835e-01  -2.7762006130632905e-01  -3.2783365266633158e-01  -3.3038271530280655e-01  -2.7786125619321794e-01  -1.7224650795096619e-01  -2.6356852220895288e-02   1.3911584756535322e-01   3.0228060695659381e-01   4.4604354892283532e-01   5.5994183299749933e-01   6.3821496239684417e-01   6.7628844934350352e-01   6.6717625555322035e-01   5.9912835170202294e-01
   4.7097249371087635e-01   2.2743818738236726e-01  -7.3493251819191086e-02  -3.7444114774686843e-01  -6.1970080230319979e-01  -7.8854560757241010e-01  -8.9090326408472331e-01  -9.4584317481358093e-01  -9.6809919825785562e-01  -9.6427870453927100e-01  -9.3251795676610949e-01  -8.6229626604452192e-01  -7.3517299070680575e-01  -5.3164955621684684e-01  -2.5013668432566100e-01   7.2187134748856352e-02   3.7058009107079337e-01   5.9740775573913352e-01   7.4581443500069611e-01   8.3418493144103512e-01   8.8447076828942084e-01   9.1287661271784448e-01   9.2927709435958206e-01   9.3909776481949703e-01   9.4508986412828255e-01   9.4844880645015073e-01   9.4944421124457823e-01   9.4770996222821258e-01   9.4236444263115593e-01   9.3200590852132037e-01   9.1466410805037324e-01   8.8771765353289089e-01   8.4784869891314585e-01   7.9107185037098215e-01   7.1296413165516193e-01   6.0921768818455868e-01   4.7671230695516625e-01   3.1516987007327235e-01   1.2912813935083101e-01  -7.0802056888643272e-02  -2.6892362349272608e-01  -4.4843859224708388e-01  -5.9675266549406425e-01  -7.0883769073453973e-01  -7.8684298281242238e-01  -8.3717029766920881e-01  -8.6735309152478979e-01  -8.8412492662182141e-01  -8.9271045405075511e-01  -8.9684821212539934e-01  -8.9906235283679448e-01  -9.0095338786315482e-01  -9.0341901642319311e-01  -9.0683173109672066e-01  -9.1118593141048410e-01  -9.1624212238490021e-01  -9.2164597374683055e-01  -9.2702036137169985e-01  -9.3200651672428392e-01  -9.3626756841743786e-01  -9.3944899279990346e-01  -9.4111653453341959e-01  -9.4066174170619310e-01  -9.3718572977511405e-01  -9.2934803271509647e-01  -9.1520052769799398e-01  -8.9203279302662009e-01  -8.5632685256678742e-01  -8.0396694472284880e-01  -7.3090840485935782e-01  -6.3439352545335270e-01  -5.1448529871008453e-01  -3.7518188055055990e-01  -2.2421649018960521e-01  -7.1248654543213830e-02   7.4726868131410107e-02   2.0740268960550845e-01   3.2381005801730223e-01   4.2378263619433304e-01   5.0889707370928905e-01   5.8146285022792665e-01   6.4380768887066209e-01   6.9788402951212070e-01   7.4511819021844805e-01   7.8642397162632893e-01   8.2230684263020870e-01   8.5300791875375503e-01   8.7863825304166321e-01   8.9927436167529162e-01   9.1499341676823676e-01   9.2584950856938897e-01   9.3180305208127445e-01   9.3263738756413583e-01   9.2789090867222845e-01   9.1683989526766019e-01   8.9855690911965591e-01   8.7205954913864903e-01   8.3653242160809915e-01   7.9157185744019276e-01   7.3736635816905405e-01   6.7473414846898627e-01   6.0497932307493585e-01   5.2960608110866603e-01   4.4999239973200444e-01   3.6713868561933577e-01   2.8156491372718367e-01   1.9338175559857529e-01   1.0252452458679867e-01   9.1271671034651725e-03  -8.5986496982555005e-02  -1.8072591689816370e-01  -2.7113397596301803e-01  -3.5088465764038212e-01  -4.1104767153865707e-01  -4.4035305894532328e-01  -4.2637696039693040e-01  -3.5850878046566037e-01  -2.3344079453820821e-01  -6.1305721227619570e-02   1.3373687871346485e-01   3.2260068481665938e-01   4.8350617734323642e-01   6.0693144330347626e-01   6.9211781199427969e-01   7.4088706306824492e-01   7.5268278403228583e-01   7.2124934689510711e-01   6.3312652109704037e-01
   5.0128998030763983e-01   2.5143249251045052e-01  -5.7682738381228837e-02  -3.6760147334903454e-01  -6.2014167492790551e-01  -7.9340133360288512e-01  -8.9788463911012717e-01  -9.5378961093416181e-01  -9.7678662243937042e-01  -9.7415041196234453e-01  -9.4454177480982471e-01  -8.7784140656281795e-01  -7.5560597346233960e-01  -5.5725265035843852e-01  -2.7864967405013086e-01   4.5375296422159150e-02   3.4936596713976059e-01   5.8252189435420676e-01   7.3571286102338662e-01   8.2697761376421630e-01   8.7882997387788120e-01   9.0810294711491935e-01   9.2512912150699211e-01   9.3564254295825378e-01   9.4262430570851452e-01   9.4747965838262060e-01   9.5071819589311390e-01   9.5228811309184214e-01   9.5174409204464094e-01   9.4828660258467057e-01   9.4074809157609274e-01   9.2750799894816160e-01   9.0637869698544349e-01   8.7443997930728468e-01   8.2787484800940536e-01   7.6185326926797059e-01   6.7068214905004109e-01   5.4857735471529157e-01   3.9161560939619633e-01   2.0106964097989211e-01  -1.3030889664730344e-02  -2.3139901352723824e-01  -4.3094043474847937e-01  -5.9391438991222489e-01  -7.1386871611920144e-01  -7.9461154605373940e-01  -8.4510366465779729e-01  -8.7484990954765385e-01  -8.9159620091157232e-01  -9.0085122103484516e-01  -9.0621775340295752e-01  -9.0991016924738422e-01  -9.1318861647624594e-01  -9.1668021583391579e-01  -9.2059677797637551e-01  -9.2489425071911879e-01  -9.2937751435510574e-01  -9.3377125564065711e-01  -9.3774525886298976e-01  -9.4090859102591984e-01  -9.4276050162035874e-01  -9.4260774589534879e-01  -9.3943166451861615e-01  -9.3170949946943726e-01  -9.1718131640264500e-01  -8.9260689384135361e-01  -8.5360622566483002e-01  -7.9481610764949528e-01  -7.1069147461319881e-01  -5.9723953222319670e-01  -4.5444879862121978e-01  -2.8823390352003753e-01  -1.1015733292652902e-01   6.5704684931368662e-02   2.2712517679678246e-01   3.6669054583568417e-01   4.8218097773027047e-01   5.7513267293413572e-01   6.4897620046075377e-01   7.0760596136722875e-01   7.5457453255187112e-01   7.9276152302223424e-01   8.2432043098908514e-01   8.5075470752890447e-01   8.7304344608063822e-01   8.9177126003536489e-01   9.0724260193430184e-01   9.1956253879217942e-01   9.2867548840997594e-01   9.3435406554214773e-01   9.3614598737949528e-01   9.3329187456138141e-01   9.2464108138071788e-01   9.0860918963374915e-01   8.8323917853165745e-01   8.4642613046583803e-01   7.9633516165261953e-01   7.3195234248942953e-01   6.5359347181388339e-01   5.6312569117926647e-01   4.6372909165692111e-01   3.5924420918065014e-01   2.5336914159003365e-01   1.4902132044193450e-01   4.8052319817416450e-02  -4.8675594086476481e-02  -1.4096575090350866e-01  -2.2884678780641390e-01  -3.1211180193824339e-01  -3.8987444420545259e-01  -4.6014778219494035e-01  -5.1941151094964910e-01  -5.6212520123635246e-01  -5.8016920853568066e-01  -5.6247363188340593e-01  -4.9585827573348895e-01  -3.6927881068904822e-01  -1.8291246065931732e-01   4.3011565498864757e-02   2.7199076711647163e-01   4.6976992926383232e-01   6.1969349502897053e-01   7.2195878975782168e-01   7.8398631280515230e-01   8.1226143185195743e-01   8.0805434730401959e-01   7.6521275721315030e-01   6.6933380660155661e-01
   5.4784020409277290e-01   3.0736030818278309e-01   3.7825612426074517e-03  -3.0934840344761155e-01  -5.7231169765861090e-01  -7.5760048916768563e-01  -8.7172856583330760e-01  -9.3384401981593324e-01  -9.6003237481992898e-01  -9.5821880045868713e-01  -9.2753550013897590e-01  -8.5823126322757093e-01  -7.3254425580877736e-01  -5.3148598845255601e-01  -2.5338116010617756e-01   6.5590611531608334e-02   3.6181014380583681e-01   5.8777201929068634e-01   7.3598767480428973e-01   8.2430498976779698e-01   8.7451470678661813e-01   9.0291369136207600e-01   9.1957304696020448e-01   9.3015034986498524e-01   9.3764326431194256e-01   9.4352162183539878e-01   9.4838994991837522e-01   9.5233512333324355e-01   9.5511714011052529e-01   9.5624636749564973e-01   9.5500403557654767e-01   9.5039498348770379e-01   9.4105026587836593e-01   9.2504763971479353e-01   8.9965352400458842e-01   8.6096256643504410e-01   8.0350298779795370e-01   7.2001419297282365e-01   6.0200515034118385e-01   4.4214367101886692e-01   2.3939063795143947e-01   5.3141984410796650e-03  -2.3446231250489663e-01  -4.4937345496219433e-01  -6.1840156201262630e-01  -7.3709691493649598e-01  -8.1333355900649063e-01  -8.5921594219754638e-01  -8.8568239911722479e-01  -9.0071177252465573e-01  -9.0948823930940681e-01  -9.1514596424121641e-01  -9.1946575043685119e-01  -9.2338111432186465e-01  -9.2730275963108544e-01  -9.3132368649606312e-01  -9.3533776006605862e-01  -9.3910455474291177e-01  -9.4226409237289910e-01  -9.4431165808373274e-01  -9.4452188497292067e-01  -9.4181992392315173e-01  -9.3457943969140589e-01  -9.2034628489030768e-01  -8.9550461658009695e-01  -8.5499564311971077e-01  -7.9235290771936162e-01  -7.0054245765428758e-01  -5.7413331815918878e-01  -4.1271068049701409e-01  -2.2389458221255798e-01  -2.3125576297063133e-02   1.7104788505723689e-01   3.4346283656803123e-01   4.8624993044660092e-01   5.9859046573788210e-01   6.8407947198409502e-01   7.4800132484159176e-01   7.9558541923708614e-01   8.3123021570069300e-01   8.5832206470586792e-01   8.7932447528751856e-01   8.9595102454393882e-01   9.0933898046743711e-01   9.2019376562820387e-01   9.2889677493077172e-01   9.3557255209127210e-01   9.4011363067110965e-01   9.4215826741942887e-01   9.4102059231474455e-01   9.3557324475139558e-01   9.2410367559604500e-01   9.0419482186973998e-01   8.7272863771321152e-01   8.2615243672721828e-01   7.6114781078783844e-01   6.7569533226768463e-01   5.7023370128918693e-01   4.4830459183117433e-01   3.1613371971382731e-01   1.8116092996062882e-01   5.0216811268162631e-02  -7.1800694589384151e-02  -1.8233046761981669e-01  -2.8079305068899263e-01  -3.6787897694562927e-01  -4.4482523078265584e-01  -5.1282845280539036e-01  -5.7261782456464638e-01  -6.2411957351237490e-01  -6.6612974325497720e-01  -6.9586414966445409e-01  -7.0826332626626076e-01  -6.9498959837157925e-01  -6.4354970792987198e-01  -5.3825204450043507e-01  -3.6655950171129237e-01  -1.3253447817749631e-01   1.3257508613180102e-01   3.8140982586650468e-01   5.7856949442399230e-01   7.1500545540293547e-01   7.9958770863767281e-01   8.4519754627409927e-01   8.6074631024438786e-01   8.4837839725043318e-01   8.0237099713252835e-01   7.0868393336714697e-01
   6.0688379236612111e-01   3.8961435082609330e-01   1.0634460543590207e-01  -2.0030218925885124e-01  -4.7268438408126928e-01  -6.7531671773115143e-01  -8.0602617570762158e-01  -8.7981702026316111e-01  -9.1203145168346778e-01  -9.1098671629335048e-01  -8.7626197239977077e-01  -7.9868392627180840e-01  -6.6228363477059715e-01  -4.5269231900497170e-01  -1.7526564151122742e-01   1.3012523799852710e-01   4.0501578204605559e-01   6.1094070639246389e-01   7.4505002595530057e-01   8.2486484265224758e-01   8.7024513583317786e-01   8.9592210105860293e-01   9.1109157887623549e-01   9.2102485992664673e-01   9.2857997953663862e-01   9.3519147427615035e-01   9.4145395269104248e-01   9.4745786900388596e-01   9.5299051841022042e-01   9.5765253756638469e-01   9.6091213842742618e-01   9.6209871329246499e-01   9.6033453553778581e-01   9.5439302545051397e-01   9.4245720829399970e-01   9.2174061252195627e-01   8.8793330557211325e-01   8.3450757369748030e-01   7.5216946181243272e-01   6.2938859442523998e-01   4.5587491684400494e-01   2.3062627936307273e-01  -2.8694868348505487e-02  -2.8626938389838036e-01  -5.0520910193640911e-01  -6.6678787921043936e-01  -7.7340692204694950e-01  -8.3842263666657901e-01  -8.7619460146101269e-01  -8.9773140992506495e-01  -9.1023852495502811e-01  -9.1803389236347899e-01  -9.2355338070868565e-01  -9.2808665904100007e-01  -9.3224212058370060e-01  -9.3621867139841319e-01  -9.3995312702346290e-01  -9.4318503961880595e-01  -9.4545967099897110e-01  -9.4607242128281055e-01  -9.4394763297443607e-01  -9.3743314900986785e-01  -9.2399611028633821e-01  -8.9982521605732713e-01  -8.5943172239893018e-01  -7.9552940114370119e-01  -6.9978778909452677e-01  -5.6525212326724061e-01  -3.9062826841592796e-01  -1.8454606862138370e-01   3.4239999549538491e-02   2.4300152133026598e-01   4.2382029210901417e-01   5.6853965319943400e-01   6.7781025080225465e-01   7.5717990857495621e-01   8.1354881843167948e-01   8.5319770402302186e-01   8.8109938251977682e-01   9.0090865063975567e-01   9.1519418996647928e-01   9.2570655290131432e-01   9.3359994328403306e-01   9.3959752160327170e-01   9.4409855216633354e-01   9.4724014745874896e-01   9.4891014670590645e-01   9.4871300494097721e-01   9.4587324451342281e-01   9.3907403534722977e-01   9.2623096821966944e-01   9.0425082871254048e-01   8.6888782863407910e-01   8.1494504741075968e-01   7.3714414390731953e-01   6.3187009860746535e-01   4.9941031819360149e-01   3.4547139720639303e-01   1.8053284788988416e-01   1.6877485835530892e-02  -1.3504669859948404e-01  -2.6886747734799438e-01  -3.8245375603892595e-01  -4.7673246012552856e-01  -5.5422208506608917e-01  -6.1788027373430121e-01  -6.7040568197763162e-01  -7.1387040781596522e-01  -7.4953687490515475e-01  -7.7770013374764968e-01  -7.9744163354824416e-01  -8.0612975769402473e-01  -7.9852430779127737e-01  -7.6540932881808343e-01  -6.9234328199543826e-01  -5.6085589871379438e-01  -3.5696765619596971e-01  -8.8760919757616963e-02   2.0241237972346116e-01   4.6120708593447690e-01   6.5373740487925980e-01   7.7829974446397998e-01   8.5008007693127985e-01   8.8516429784383455e-01   8.9369266550759308e-01   8.7849042263663546e-01   8.3486371585808672e-01   7.5040064088650094e-01
   6.7240493403156809e-01   4.8864962992190891e-01   2.4039074451892892e-01  -4.4589327991453626e-02  -3.1711404700823381e-01  -5.3591887815680017e-01  -6.8696126354035725e-01  -7.7696566685290225e-01  -8.1805757430928849e-01  -8.1801910192094296e-01  -7.7686118755307221e-01  -6.8682802013360023e-01  -5.3593257741305722e-01  -3.1802276502402960e-01  -4.8330739005426560e-02   2.3090014595050629e-01   4.7108512989029860e-01   6.4636015588201967e-01   7.5919310682251995e-01   8.2595303954229726e-01   8.6357347347879676e-01   8.8453234686148052e-01   8.9679586501945741e-01   9.0511094741017406e-01   9.1215768252999441e-01   9.1930303358880161e-01   9.2705834225177419e-01   9.3538490511686256e-01   9.4391750747382330e-01   9.5213477257272650e-01   9.5946387327658944e-01   9.6531928640064191e-01   9.6906326923363628e-01   9.6989111161058195e-01   9.6662093099971469e-01   9.5735688987382450e-01   9.3895136697526727e-01   9.0620018185076190e-01   8.5079977353688907e-01   7.6056131367346225e-01   6.2051846613101680e-01   4.1910727460264208e-01   1.6091898795354737e-01  -1.2293772040133155e-01  -3.8494953770325008e-01  -5.8939748213909471e-01  -7.2849062035845336e-01  -8.1440422182629024e-01  -8.6447261858563595e-01  -8.9296570009432252e-01  -9.0938305624526905e-01  -9.1939651403296863e-01  -9.2617988395439887e-01  -9.3140594322760206e-01  -9.3587458963285974e-01  -9.3986238727250437e-01  -9.4330523690450119e-01  -9.4586149803201125e-01  -9.4689666620613067e-01  -9.4538060126611967e-01  -9.3969627828700764e-01  -9.2732731520839595e-01  -9.0442874998340628e-01  -8.6533707101875834e-01  -8.0229609191933071e-01  -7.0602490577441102e-01  -5.6814677667516544e-01  -3.8604397102952692e-01  -1.6834917196691651e-01   6.3963504801436200e-02   2.8458262567292780e-01   4.7283200053624819e-01   6.1993761103642930e-01   7.2761890070492263e-01   8.0301286961320284e-01   8.5435242032693537e-01   8.8876658097777872e-01   9.1167092869398025e-01   9.2690157388836125e-01   9.3707406600141296e-01   9.4392600938868720e-01   9.4858598349944145e-01   9.5175525097555702e-01   9.5382698551947731e-01   9.5494549820310048e-01   9.5502100102285681e-01   9.5368465702381644e-01   9.5018207923046083e-01   9.4317525943935965e-01   9.3044915979924081e-01   9.0852571660800185e-01   8.7230627495744573e-01   8.1503524995815624e-01   7.2915977645407082e-01   6.0868435102388130e-01   4.5288565829274885e-01   2.6943844634827824e-01   7.3876496102772748e-02  -1.1557032809947176e-01  -2.8444029814809135e-01  -4.2547891023232920e-01  -5.3802527291647761e-01  -6.2539096391831639e-01  -6.9234874224722531e-01  -7.4358685677942815e-01  -7.8301421099287150e-01  -8.1357680840919899e-01  -8.3726911983869790e-01  -8.5518139324241549e-01  -8.6744744921318506e-01  -8.7301488205448896e-01  -8.6907508075080975e-01  -8.5000642943458915e-01  -8.0573227003650938e-01  -7.2017780533281295e-01  -5.7262998399838805e-01  -3.4796972748068228e-01  -5.7493133685323883e-02   2.4981702492109820e-01   5.1343804253750458e-01   7.0156171257128941e-01   8.1792532618975466e-01   8.8173007014245308e-01   9.1088201538126001e-01   9.1629133549229635e-01   9.0157426425563258e-01   8.6355197262882988e-01   7.9233123186618459e-01
   7.3753435748442653e-01   5.9235469805817575e-01   3.9027153972110207e-01   1.4470536634439612e-01  -1.0941270823215438e-01  -3.3222777977530449e-01  -4.9931727510093105e-01  -6.0586288638903707e-01  -6.5717277122091500e-01  -6.5858821366773135e-01  -6.1047364661119397e-01  -5.0813198727895192e-01  -3.4661266157343007e-01  -1.3062306906079757e-01   1.1595395865771563e-01   3.5385085813046357e-01   5.4841040435120481e-01   6.8620629018259094e-01   7.7326773034353924e-01   8.2358158295948836e-01   8.5058851355779608e-01   8.6431750325880197e-01   8.7153021141792342e-01   8.7658725028857254e-01   8.8214726931285514e-01   8.8958898449000490e-01   8.9929626667814822e-01   9.1092684161858617e-01   9.2370509997359118e-01   9.3669799399410003e-01   9.4902279932433276e-01   9.5994269559907730e-01   9.6885423518805003e-01   9.7517404434854504e-01   9.7813878676562482e-01   9.7648871250939528e-01   9.6797967478697944e-01   9.4860375530528374e-01   9.1142479402963483e-01   8.4516044445834504e-01   7.3360906508734702e-01   5.5909705912399610e-01   3.1447962012190428e-01   2.0564270033601284e-02  -2.7241220256901039e-01  -5.1402295541510656e-01  -6.8373656180008902e-01  -7.9002987602542962e-01  -8.5216878691845910e-01  -8.8744561528035215e-01  -9.0763425419149024e-01  -9.1976743309358588e-01  -9.2775146543177101e-01  -9.3362522581739538e-01  -9.3835090723117820e-01  -9.4224189552580206e-01  -9.4517438772731133e-01  -9.4664211090273054e-01  -9.4570641207744499e-01  -9.4082630386223620e-01  -9.2956877947960370e-01  -9.0816817957922558e-01  -8.7099698152677174e-01  -8.1016125024072494e-01  -7.1585795549361964e-01  -5.7859508930155745e-01  -3.9422976890636019e-01  -1.7040672374182608e-01   7.1078803339106156e-02   3.0126596639681302e-01   4.9671483488149526e-01   6.4742415776912787e-01   7.5549384813721887e-01   8.2916161505860642e-01   8.7771679575818240e-01   9.0901733180018585e-01   9.2888448401545054e-01   9.4134319204552586e-01   9.4906939194251283e-01   9.5380188857269199e-01   9.5664444193745468e-01   9.5827502783122032e-01   9.5907207622692903e-01   9.5918668218071512e-01   9.5855694992316554e-01   9.5687415100507045e-01   9.5347424211791143e-01   9.4713941112328470e-01   9.3576069413115737e-01   9.1585130549853067e-01   8.8195457750590722e-01   8.2623982550351838e-01   7.3898210412436072e-01   6.1108027911098550e-01   4.3920636863995277e-01   2.3148184415008138e-01   8.2483428675347858e-03  -2.0532627437053080e-01  -3.8982791913447040e-01  -5.3700293073674965e-01  -6.4807839994172356e-01  -7.2911590888561117e-01  -7.8723624238100853e-01  -8.2870538218759571e-01  -8.5837095616836967e-01  -8.7971165246945682e-01  -8.9508248920034061e-01  -9.0592715690451486e-01  -9.1290194657530099e-01  -9.1583111153966845e-01  -9.1345056545629411e-01  -9.0277487988751459e-01  -8.7793516574463570e-01  -8.2836117155720568e-01  -7.3702248735106235e-01  -5.8177226795700610e-01  -3.4646443318132170e-01  -4.3796521940660249e-02   2.7300130386828914e-01   5.4021080718741854e-01   7.2689637100764859e-01   8.3966717791156764e-01   8.9993407008106507e-01   9.2673672046844191e-01   9.3169898870193979e-01   9.1940031618682627e-01   8.8841788065347416e-01   8.3175856832694306e-01
   7.9628517842450419e-01   6.8894092152413522e-01   5.3696187381993310e-01   3.4401249256200800e-01   1.3000988290910415e-01  -7.4305984926920671e-02  -2.4131639608074024e-01  -3.5600975688988196e-01  -4.1458883493468834e-01  -4.1782916536069570e-01  -3.6622827493245536e-01  -2.5976708544576932e-01  -1.0230494351353880e-01   9.1930522266708614e-02   2.9639769218012624e-01   4.8071237090502761e-01   6.2425732702094905e-01   7.2229214695842836e-01   7.8152052266942662e-01   8.1259346695012313e-01   8.2548519119915964e-01   8.2812682390051040e-01   8.2656288689486124e-01   8.2530682511313280e-01   8.2746295245190316e-01   8.3468512971410247e-01   8.4721766879803995e-01   8.6414758022866989e-01   8.8385695876286285e-01   9.0452321524081891e-01   9.2452618254432495e-01   9.4265705522253362e-01   9.5813328957591692e-01   9.7044906578766954e-01   9.7913013123430681e-01   9.8338971908200712e-01   9.8165521917527188e-01   9.7082644104227378e-01   9.4512305767725735e-01   8.9444363337905008e-01   8.0290633142428225e-01   6.5025330779551949e-01   4.2173599118611971e-01   1.2815533564983139e-01  -1.8285231821404502e-01  -4.5149451477928088e-01  -6.4562994942312668e-01  -7.6886059866525980e-01  -8.4119020785503873e-01  -8.8221780568786690e-01  -9.0559928504982656e-01  -9.1951480578918421e-01  -9.2847851274149740e-01  -9.3481697791986895e-01  -9.3958919059169055e-01  -9.4307769639335204e-01  -9.4500965751434429e-01  -9.4458940955957693e-01  -9.4038950308429392e-01  -9.3009106136586217e-01  -9.1007335978436499e-01  -8.7487468645695565e-01  -8.1672491308773743e-01  -7.2570662985291512e-01  -5.9167274983361584e-01  -4.0909647428094476e-01  -1.8400417298960020e-01   6.2361034217764455e-02   2.9962517984904985e-01   5.0186169790453428e-01   6.5725825959724604e-01   7.6751066063140594e-01   8.4138709069439888e-01   8.8895007697967576e-01   9.1869215342910204e-01   9.3684993278618867e-01   9.4767953922508164e-01   9.5396986208701628e-01   9.5749949839975323e-01   9.5937647796293968e-01   9.6026430255806983e-01   9.6052834153170696e-01   9.6031606833210803e-01   9.5958992887287264e-01   9.5810406181728802e-01   9.5531967746351532e-01   9.5021975982507290e-01   9.4098563313530170e-01   9.2446885147156266e-01   8.9545140385562372e-01   8.4584502816936347e-01   7.6449718323305826e-01   6.3907515227753831e-01   4.6180395980666744e-01   2.3808873406040099e-01  -9.1093085394897133e-03  -2.4720425419814013e-01  -4.4979035745587448e-01  -6.0607452239049264e-01  -7.1865548332575502e-01  -7.9635863519358874e-01  -8.4872080239511249e-01  -8.8358994290010262e-01  -9.0667748202010989e-01  -9.2189050415733853e-01  -9.3179376313240270e-01  -9.3799789149148316e-01  -9.4139477829754725e-01  -9.4226057660731410e-01  -9.4017961032498487e-01  -9.3375735407619265e-01  -9.1995962266999454e-01  -8.9291844500619111e-01  -8.4205245339390100e-01  -7.5016722459826046e-01  -5.9454180523601741e-01  -3.5788246330871526e-01  -5.1786251059405153e-02   2.7012154626449469e-01   5.4220314854804763e-01   7.3209803995818812e-01   8.4645158876882998e-01   9.0744786127269905e-01   9.3497171590233441e-01   9.4150066776082264e-01   9.3273914582157968e-01   9.0904925471567410e-01   8.6626215246115656e-01
   8.4484409058338839e-01   7.7007463733263459e-01   6.6408513797094826e-01   5.2630362720145185e-01   3.6599138740375231e-01   2.0234696049262657e-01   5.8251377746111110e-02  -4.7765729000953328e-02  -1.0516122795125221e-01  -1.1004881672373895e-01  -6.2783192580965264e-02   3.2318997363298074e-02   1.6494835698670446e-01   3.1729869876106137e-01   4.6692292861574275e-01   5.9405039097404688e-01   6.8796925333456738e-01   7.4770061419208989e-01   7.7826446003767036e-01   7.8671546918864332e-01   7.8013498993753494e-01   7.6522376259043456e-01   7.4834753625042982e-01   7.3525348223451026e-01   7.3038463281959376e-01   7.3617309951772802e-01   7.5275192737387797e-01   7.7824639939293472e-01   8.0952519442773008e-01   8.4310776896520179e-01   8.7593565047554656e-01   9.0580307222407397e-01   9.3142463901502026e-01   9.5221781046186582e-01   9.6793478273706901e-01   9.7820853344207737e-01   9.8201587398197998e-01   9.7692972719569660e-01   9.5798513195544177e-01   9.1599341162755921e-01   8.3573307418284859e-01   6.9630872662954046e-01   4.7943323359586271e-01   1.8974549846812105e-01  -1.2862308689502694e-01  -4.1186716867498291e-01  -6.2057814347789209e-01  -7.5445356195490665e-01  -8.3339262653779511e-01  -8.7823617122641551e-01  -9.0376699047927844e-01  -9.1886804834322555e-01  -9.2841228581495638e-01  -9.3486513187823284e-01  -9.3927227710232686e-01  -9.4177602268111604e-01  -9.4181668075419789e-01  -9.3811807656569501e-01  -9.2849343115653871e-01  -9.0948129748502993e-01  -8.7584236052712205e-01  -8.2007954950499240e-01  -7.3248267503606368e-01  -6.0274197424625742e-01  -4.2440056374769719e-01  -2.0177223600096528e-01   4.5426892253702889e-02   2.8676511521253778e-01   4.9454928537575321e-01   6.5491850062832480e-01   7.6847186318325700e-01   8.4390659915754418e-01   8.9172044009489060e-01   9.2092114167551475e-01   9.3815933802628382e-01   9.4797702699656150e-01   9.5334193879061280e-01   9.5613463483895944e-01   9.5750703489293065e-01   9.5812870687827156e-01   9.5834822016456833e-01   9.5829580498032230e-01   9.5793399956278558e-01   9.5706110785754250e-01   9.5525100367679627e-01   9.5170933327919727e-01   9.4499280329920710e-01   9.3252496241125060e-01   9.0982239853513591e-01   8.6945286502544883e-01   8.0012289155691496e-01   6.8727341295413114e-01   5.1779134190870846e-01   2.9038087788256872e-01   2.5611894311970418e-02  -2.3803995881113232e-01  -4.6438791382967892e-01  -6.3650998113288193e-01  -7.5651231148443809e-01  -8.3562903998543803e-01  -8.8604835608267485e-01  -9.1747987427991495e-01  -9.3669910846538973e-01  -9.4814037608389468e-01  -9.5461687314786192e-01  -9.5786825022651678e-01  -9.5891912741151164e-01  -9.5826629054099244e-01  -9.5593535402281837e-01  -9.5137956175041571e-01  -9.4318194266147337e-01  -9.2841133017810207e-01  -9.0146467707158950e-01  -8.5223533073657665e-01  -7.6415248777748046e-01  -6.1478857728404379e-01  -3.8557952234528159e-01  -8.4379403273991072e-02   2.3894630164086383e-01   5.1816353539769322e-01   7.1684159307097128e-01   8.3854722960679173e-01   9.0479316811603649e-01   9.3612618000494074e-01   9.4609499331446412e-01   9.4168952445469745e-01   9.2498098224310066e-01   8.9427333816198162e-01
   8.8183948008564350e-01   8.3234181311835720e-01   7.6301241204585413e-01   6.7260883890054934e-01   5.6505780256318705e-01   4.5080155000372346e-01   3.4495004830082332e-01   2.6288032972664266e-01   2.1611115185423047e-01   2.1041756924904886e-01   2.4565899162224425e-01   3.1592649625355756e-01   4.0982080216376204e-01   5.1203118339496845e-01   6.0691944682430243e-01   6.8263574631304658e-01   7.3319845472770051e-01   7.5772379461442885e-01   7.5836656806605907e-01   7.3887595803149031e-01   7.0438351308156366e-01   6.6174746821648756e-01   6.1935762949056372e-01   5.8585051519706521e-01   5.6819999437678836e-01   5.7017099101690227e-01   5.9178902458801885e-01   6.2982091026900577e-01   6.7891923852373570e-01   7.3302447752017053e-01   7.8665097380703952e-01   8.3573342265620720e-01   8.7788553139743386e-01   9.1213531253339086e-01   9.3835990981062301e-01   9.5660761407490646e-01   9.6638420701705274e-01   9.6580673264494943e-01   9.5043870555371623e-01   9.1161735326073545e-01   8.3464014600665015e-01   6.9898843260884502e-01   4.8620233147015457e-01   1.9980253181089264e-01  -1.1750409836086373e-01  -4.0206407025862123e-01  -6.1321618472461159e-01  -7.4943717859378023e-01  -8.3014688098902512e-01  -8.7618372923440013e-01  -9.0244901029097446e-01  -9.1791023568967067e-01  -9.2744995733574576e-01  -9.3345958877967827e-01  -9.3680965519240078e-01  -9.3733408069115520e-01  -9.3397506254552121e-01  -9.2469027472261556e-01  -9.0616122841333546e-01  -8.7335609029995909e-01  -8.1909459515014438e-01  -7.3406444731886011e-01  -6.0822237860304451e-01  -4.3479851438396999e-01  -2.1681699708462793e-01   2.7878637163400333e-02   2.6994160879112306e-01   4.8100881559630210e-01   6.4546871259229677e-01   7.6243593907786678e-01   8.3998555190937585e-01   8.8865311819148718e-01   9.1776732704505082e-01   9.3434455492743385e-01   9.4324874151053573e-01   9.4770404340389280e-01   9.4977867645832659e-01   9.5074026447409432e-01   9.5130475546163451e-01   9.5180931479397768e-01   9.5233848362598650e-01   9.5280636941810615e-01   9.5299604659921544e-01   9.5253925190517830e-01   9.5082100010435622e-01   9.4676465710852897e-01   9.3843436900775035e-01   9.2234744737073826e-01   8.9240761331206575e-01   8.3855826393758592e-01   7.4601518934116695e-01   5.9757767699305941e-01   3.8276942841477901e-01   1.1266495197524151e-01  -1.7437581629017546e-01  -4.3118287777983988e-01  -6.2903842454805070e-01  -7.6534509885111923e-01  -8.5248982430705444e-01  -9.0559739120837923e-01  -9.3685810127176716e-01  -9.5460381287217866e-01  -9.6411337851282020e-01  -9.6861794780388100e-01  -9.7006457002873669e-01  -9.6960276898780118e-01  -9.6786721932056030e-01  -9.6511051714361451e-01  -9.6122208175661483e-01  -9.5561681980733415e-01  -9.4694729210832573e-01  -9.3251402837481601e-01  -9.0720694861065165e-01  -8.6182013271087099e-01  -7.8111931380710120e-01  -6.4384800838892731e-01  -4.3037256607160196e-01  -1.4272873659422369e-01   1.7723261929729950e-01   4.6505795597996880e-01   6.7820308234047011e-01   8.1369251357896311e-01   8.9042772672633275e-01   9.2920826802386602e-01   9.4483911718724167e-01   9.4578158201838936e-01   9.3575221088357474e-01   9.1512072180421722e-01
   9.0767916135791538e-01   8.7644803962964879e-01   8.3335884258059356e-01   7.7778798481923339e-01   7.1162844282786697e-01   6.4033627806742888e-01   5.7259019408348144e-01   5.1833184001889454e-01   4.8603129764746100e-01   4.8044132093482467e-01   5.0147520693668013e-01   5.4420685353932896e-01   5.9989047347561586e-01   6.5793732099945357e-01   7.0832192649847814e-01   7.4337722007629159e-01   7.5821742079859644e-01   7.5010922508702127e-01   7.1791415839990502e-01   6.6257993143081118e-01   5.8861790661277691e-01   5.0520767951178991e-01   4.2520377199808557e-01   3.6186469163378404e-01   3.2521474125696587e-01   3.2006795460290016e-01   3.4601362153019705e-01   3.9844784961798863e-01   4.6990764220558945e-01   5.5154605218817843e-01   6.3472329855709231e-01   7.1242048725402074e-01   7.8004640002371683e-01   8.3542043475614047e-01   8.7809788449855719e-01   9.0837662465960523e-01   9.2624640984672957e-01   9.3029531779390318e-01   9.1642289713049685e-01   8.7620754747897345e-01   7.9539642760366769e-01   6.5482945841031759e-01   4.3907948061599933e-01   1.5552808609246915e-01  -1.5214255841595226e-01  -4.2425530680382001e-01  -6.2503605300842113e-01  -7.5471195077443887e-01  -8.3195132486162271e-01  -8.7630461684234362e-01  -9.0171231858221934e-01  -9.1654959178499706e-01  -9.2531251027728034e-01  -9.3005717308579072e-01  -9.3125737564099920e-01  -9.2818937379148214e-01  -9.1898132954367839e-01  -9.0042352276757376e-01  -8.6762153910701911e-01  -8.1365720185798307e-01  -7.2966773824919040e-01  -6.0617325824770218e-01  -4.3671794806003128e-01  -2.2380188730254275e-01   1.6298328626975389e-02   2.5595409860109175e-01   4.6731532606502685e-01   6.3383016375771228e-01   7.5319973037906673e-01   8.3250786951787603e-01   8.8191477431954524e-01   9.1078407016091290e-01   9.2636348247967670e-01   9.3382442498452778e-01   9.3672359159441099e-01   9.3744552019000693e-01   9.3751743643175578e-01   9.3781434944469855e-01   9.3871285330424903e-01   9.4022692915927530e-01   9.4213741771881299e-01   9.4409215173701755e-01   9.4565497833985468e-01   9.4627215824564392e-01   9.4513197573600483e-01   9.4086458687764107e-01   9.3100036565593913e-01   9.1104983428947595e-01   8.7311281006261843e-01   8.0429036564904688e-01   6.8647073739281173e-01   5.0147232839602385e-01   2.4559555432914046e-01  -5.3841149500997887e-02  -3.4396638707505600e-01  -5.7894580354343739e-01  -7.4376880113726962e-01  -8.4828469962940289e-01  -9.1028274791723307e-01  -9.4530048173334857e-01  -9.6408328735288595e-01  -9.7332764822645068e-01  -9.7701979026759389e-01  -9.7749011817254217e-01  -9.7609220545905429e-01  -9.7359597003217968e-01  -9.7039925303346541e-01  -9.6661775557318264e-01  -9.6208165652698774e-01  -9.5622878846621773e-01  -9.4784663251017420e-01  -9.3456291565484428e-01  -9.1192895000195862e-01  -8.7195339956915630e-01  -8.0129894668134705e-01  -6.8072635566093620e-01  -4.9026586516994686e-01  -2.2534447042994515e-01   8.3902490082228831e-02   3.7891635869846146e-01   6.1095269265585328e-01   7.6704129001388921e-01   8.6058106956876501e-01   9.1153766913025058e-01   9.3592437601041722e-01   9.4385873645994323e-01   9.4072821046393895e-01   9.2867292435898752e-01
   9.2347187335550873e-01   9.0519379672650024e-01   8.7973904924593982e-01   8.4721934239729424e-01   8.0886179154347948e-01   7.6761035335227279e-01   7.2811178258866049e-01   6.9587397968777842e-01   6.7580788872995357e-01   6.7074418560037574e-01   6.8050259475633579e-01   7.0181572920527091e-01   7.2906356812466755e-01   7.5548982896478978e-01   7.7433875630190874e-01   7.7939973944067642e-01   7.6487543782717615e-01   7.2516131113728655e-01   6.5561413835937377e-01   5.5516072896554758e-01   4.2996218072421399e-01   2.9493306717304979e-01   1.7010476583760581e-01   7.3563716964749226e-02   1.6345918601997522e-02   1.9309592396167807e-03   2.8385241880152956e-02   9.0377891254384779e-02   1.8013673643455019e-01   2.8793784835645542e-01   4.0300518625215548e-01   5.1507350038571642e-01   6.1605248734496443e-01   7.0094640730129876e-01   7.6764558454298726e-01   8.1583751609358679e-01   8.4554466886528434e-01   8.5559916301773831e-01   8.4209748586471977e-01   7.9685019445980076e-01   7.0654488958873984e-01   5.5514030677024506e-01   3.3377921420595130e-01   5.7413953363423587e-02  -2.2926944224894019e-01  -4.7508707505857062e-01  -6.5384204409457169e-01  -7.6914768587799454e-01  -8.3828908334668317e-01  -8.7834628906906831e-01  -9.0136180052885884e-01  -9.1451760384794134e-01  -9.2153964705904179e-01  -9.2385481693492821e-01  -9.2124415730650189e-01  -9.1206630680916034e-01  -8.9318811110677143e-01  -8.5974183705538332e-01  -8.0492046717665044e-01  -7.2020995073783645e-01  -5.9681089346722571e-01  -4.2909859543602036e-01  -2.1995110245126154e-01   1.5111833062021518e-02   2.5017639789867580e-01   4.5882188751437863e-01   6.2464301188153315e-01   7.4446391805056455e-01   8.2431623939355081e-01   8.7364595122379829e-01   9.0150089489248408e-01   9.1510907547824760e-01   9.1983283116896153e-01   9.1958672851226675e-01   9.1723399467050382e-01   9.1482181097085791e-01   9.1366961226009757e-01   9.1441067654495778e-01   9.1706718060774894e-01   9.2120455167068904e-01   9.2612903340684638e-01   9.3107116136824342e-01   9.3527640118565758e-01   9.3796843825528342e-01   9.3814515977457313e-01   9.3417375063047248e-01   9.2307226901559136e-01   8.9933820961699396e-01   8.5322975329119566e-01   7.6906728049680839e-01   6.2604810619654472e-01   4.0712571559398192e-01   1.1866859800628107e-01  -1.9571610546662868e-01  -4.7560035374477500e-01  -6.8379930174422632e-01  -8.1903433274048631e-01  -8.9911079014869988e-01  -9.4351511506115449e-01  -9.6664432968344938e-01  -9.7757473975198583e-01  -9.8163609544238140e-01  -9.8186959150149156e-01  -9.7999836668956952e-01  -9.7699550244001765e-01  -9.7339906893306594e-01  -9.6946963435626610e-01  -9.6525513107768657e-01  -9.6057591057875180e-01  -9.5493247515757507e-01  -9.4728564428349327e-01  -9.3564114951930810e-01  -9.1629953837671396e-01  -8.8265348548926292e-01  -8.2360633917400949e-01  -7.2263255750418032e-01  -5.6061418941009422e-01  -3.2726851258622081e-01  -3.9059279972093672e-02   2.5674417284585255e-01   5.0852938277510884e-01   6.9124048572731733e-01   8.0889750342086475e-01   8.7829353825104872e-01   9.1596450567552379e-01   9.3371376349346780e-01   9.3870806535295537e-01   9.3475432277723380e-01
   9.3002360010087881e-01   9.2156150153163219e-01   9.0801243651707619e-01   8.9009222404717581e-01   8.6885726036248256e-01   8.4604565123225117e-01   8.2411644105641702e-01   8.0588403375216722e-01   7.9382172028429598e-01   7.8928450018355001e-01   7.9196859790129459e-01   7.9980017938970294e-01   8.0922573221450733e-01   8.1564768488430306e-01   8.1366048794241486e-01   7.9685778926754902e-01   7.5738431081116797e-01   6.8608665514649236e-01   5.7484286423983622e-01   4.2218929676989742e-01   2.3978148892381790e-01   5.2542330630778233e-02  -1.1125687603231948e-01  -2.3202829685756640e-01  -3.0273638273096459e-01  -3.2491025436470927e-01  -3.0336449372983887e-01  -2.4347402769537663e-01  -1.5101509175113759e-01  -3.3185141264788498e-02   1.0062739542392868e-01   2.3928372270030990e-01   3.7161860257871393e-01   4.8851173783162355e-01   5.8407465348487397e-01   6.5537695000397289e-01   7.0103053695983208e-01   7.1929330157368765e-01   7.0620930422688710e-01   6.5424097469973486e-01   5.5247475680728453e-01   3.9076695528181926e-01   1.6990106120875237e-01  -8.7222868570096646e-02  -3.3865615809346716e-01  -5.4603676777901777e-01  -6.9430630438276619e-01  -7.8993751572705295e-01  -8.4780291453114875e-01  -8.8164117528174557e-01  -9.0098171717253250e-01  -9.1139250980363373e-01  -9.1550104571400115e-01  -9.1378139408197456e-01  -9.0492867356685602e-01  -8.8588635934671334e-01  -8.5169628456535629e-01  -7.9542218840707457e-01  -7.0861500335636496e-01  -5.8301117962108395e-01  -4.1409763898123081e-01  -2.0598229620149938e-01   2.5447450566715213e-02   2.5537242229871826e-01   4.5918899759540938e-01   6.2166011653590936e-01   7.3957949618109831e-01   8.1821847236682710e-01   8.6615548174743473e-01   8.9178108179981574e-01   9.0193866055358773e-01   9.0189608592430204e-01   8.9578902837607621e-01   8.8704815576921292e-01   8.7857846597698186e-01   8.7268672702189098e-01   8.7085757158719090e-01   8.7357795981259212e-01   8.8034600944361785e-01   8.8992857406215098e-01   9.0075758663229988e-01   9.1131638471191156e-01   9.2033968996624749e-01   9.2677739995099762e-01   9.2948868545750574e-01   9.2668259509707807e-01   9.1498922860439391e-01   8.8802595348393021e-01   8.3438697683613261e-01   7.3597696726381712e-01   5.7023219609345510e-01   3.2303690199727364e-01   1.1998450131267158e-02  -3.0621506118764025e-01  -5.7017948833192555e-01  -7.5370879005304603e-01  -8.6596173137452881e-01  -9.2880211443109340e-01  -9.6153209592664224e-01  -9.7708320707167362e-01  -9.8314179290043413e-01  -9.8404940076044112e-01  -9.8221105130270492e-01  -9.7896217415448872e-01  -9.7504293658472263e-01  -9.7085799565937581e-01  -9.6659538250440824e-01  -9.6227738075957281e-01  -9.5774189767906959e-01  -9.5256984240357190e-01  -9.4590936111273560e-01  -9.3615491007508123e-01  -9.2036601035029730e-01  -8.9333492582740681e-01  -8.4629447338608044e-01  -7.6583617017519234e-01  -6.3497097525014501e-01  -4.4002848396374533e-01  -1.8468012806451883e-01   9.9664772235525084e-02   3.6552152364875556e-01   5.7740721777173176e-01   7.2631240475377778e-01   8.2193447133351172e-01   8.7934812363397741e-01   9.1150916047235309e-01   9.2738833144138488e-01   9.3251522358404015e-01
   9.2705810142052547e-01   9.2749128200589048e-01   9.2293415839385562e-01   9.1470149059080841e-01   9.0395402033849714e-01   8.9194638206486454e-01   8.8009949329261805e-01   8.6986234631571180e-01   8.6241087812137818e-01   8.5828181693527350e-01   8.5708742920678160e-01   8.5737873192589975e-01   8.5662188911026294e-01   8.5111068800371870e-01   8.3560491541411819e-01   8.0258710641989683e-01   7.4149949911323332e-01   6.3931354652546457e-01   4.8503516508793199e-01   2.7954318212366658e-01   4.4593401798997789e-02  -1.8225084260503277e-01  -3.6733831500034747e-01  -4.9558531198286127e-01  -5.6844413825569773e-01  -5.9414056912318769e-01  -5.8061711233896429e-01  -5.3325191915338543e-01  -4.5547826696801252e-01  -3.5058411804280032e-01  -2.2362475519467251e-01  -8.2584575727192910e-02   6.1924016579724017e-02   1.9841712528350652e-01   3.1676509078338810e-01   4.0953213690988194e-01   4.7176807494149081e-01   4.9958947529016773e-01   4.8846035755559419e-01   4.3226370303298833e-01   3.2456565010348737e-01   1.6353259921665286e-01  -4.0366823037178201e-02  -2.6068310854243559e-01  -4.6375017392248241e-01  -6.2539698004896205e-01  -7.3955655116506003e-01  -8.1349484010157103e-01  -8.5873273614790513e-01  -8.8531407039993493e-01  -9.0004730155794677e-01  -9.0667877610623338e-01  -9.0647268886318222e-01  -8.9858343261876439e-01  -8.8010901626727955e-01  -8.4594887515787753e-01  -7.8878263762049206e-01  -6.9974313022123447e-01  -5.7056518383641930e-01  -3.9764979111819498e-01  -1.8690510942488572e-01   4.4147336774142176e-02   2.7057281022378366e-01   4.6927866889226022e-01   6.2682973319626401e-01   7.4090409665100165e-01   8.1659759535436016e-01   8.6174422813895424e-01   8.8385421189002689e-01   8.8898316879780492e-01   8.8182561110457836e-01   8.6631698485207154e-01   8.4623719381208939e-01   8.2551606124413990e-01   8.0808377569101930e-01   7.9732973470859625e-01   7.9539809858941302e-01   8.0267543553210974e-01   8.1773745983485180e-01   8.3784206409258299e-01   8.5975889406987238e-01   8.8058527035931600e-01   8.9819257139478348e-01   9.1118726809432937e-01   9.1842479494644436e-01   9.1819289670172000e-01   9.0701673801957128e-01   8.7795106792845468e-01   8.1833968215800801e-01   7.0829077073536073e-01   5.2440906907881890e-01   2.5630555942555766e-01  -6.8351995488094924e-02  -3.8428320161523510e-01  -6.3273964540384231e-01  -7.9714515501447336e-01  -8.9332726813488961e-01  -9.4482188594931982e-01  -9.7014546047146322e-01  -9.8099304566011503e-01  -9.8406125260352040e-01  -9.8304057903301256e-01  -9.7993729576592448e-01  -9.7585468446448043e-01  -9.7139923281547691e-01  -9.6690455518003404e-01  -9.6252596828836479e-01  -9.5828555303478058e-01  -9.5405427691856948e-01  -9.4949963482336996e-01  -9.4395045990553295e-01  -9.3616313761874215e-01  -9.2389531123001589e-01  -9.0322617430796426e-01  -8.6757085241613929e-01  -8.0666750215108129e-01  -7.0657326002247745e-01  -5.5304467047919370e-01  -3.4058766937458268e-01  -8.3758113537954149e-02   1.8212637605387999e-01   4.1825207670539333e-01   6.0221265351165676e-01   7.3206295256108322e-01   8.1757228374601520e-01   8.7101679140173405e-01   9.0266082836098438e-01   9.1976595143730566e-01
   9.1260014632653264e-01   9.2323852110173554e-01   9.2722675711247149e-01   9.2666805354858028e-01   9.2311915883994733e-01   9.1783580357693118e-01   9.1189946224102814e-01   9.0621040556844401e-01   9.0139010194183000e-01   8.9762159402316610e-01   8.9449376782328294e-01   8.9084195585403281e-01   8.8454318095066575e-01   8.7210556210424717e-01   8.4789611901541073e-01   8.0293918492022898e-01   7.2384817912138932e-01   5.9393651831933281e-01   4.0049612347943131e-01   1.4948979821298020e-01  -1.2452552425202529e-01  -3.7270627157194197e-01  -5.6142412532132591e-01  -6.8433744269225205e-01  -7.5190503556481036e-01  -7.7770047547050536e-01  -7.7181647159216160e-01  -7.3987259207981193e-01  -6.8423810095414739e-01  -6.0583711358393788e-01  -5.0603709887581161e-01  -3.8836112345397572e-01  -2.5950837196273435e-01  -1.2914357840561941e-01  -8.4121575126037129e-03   9.2009228648454733e-02   1.6322605858816763e-01   1.9827631858156003e-01   1.9160913451344797e-01   1.3905479262589615e-01   3.9529299900799841e-02  -1.0132517985146716e-01  -2.6797586616292884e-01  -4.3702797270187288e-01  -5.8588120829349633e-01  -7.0167181888416497e-01  -7.8320077909310415e-01  -8.3649310526855214e-01  -8.6941438973468577e-01  -8.8852576968643493e-01  -8.9806527608412157e-01  -8.9992490102138667e-01  -8.9378293958153887e-01  -8.7704901674929148e-01  -8.4460491272011495e-01  -7.8865429732689785e-01  -6.9938839735317027e-01  -5.6753923898487380e-01  -3.8937971679717642e-01  -1.7240669748332788e-01   6.3091419155690720e-02   2.9024195855500740e-01   4.8623237966063482e-01   6.3939226750152445e-01   7.4900488955989875e-01   8.2076199510794967e-01   8.6217799405030715e-01   8.7991552323734279e-01   8.7894305849577903e-01   8.6283118274763448e-01   8.3459866351489409e-01   7.9768164848167611e-01   7.5663736709758278e-01   7.1723167881069927e-01   6.8575265248403960e-01   6.6773587819410074e-01   6.6657750245429404e-01   6.8257237383424185e-01   7.1277410256915152e-01   7.5182330258031049e-01   7.9350269516580152e-01   8.3237986972208444e-01   8.6480307128110379e-01   8.8890874344643722e-01   9.0380508597323872e-01   9.0829562677238296e-01   8.9929768919454878e-01   8.6984175772365047e-01   8.0666647492613008e-01   6.8887020605648452e-01   4.9290187385205186e-01   2.1166024281581891e-01  -1.1998042430191436e-01  -4.3202527939505825e-01  -6.6901210617014717e-01  -8.2088350715552671e-01  -9.0713598278102781e-01  -9.5183879276960659e-01  -9.7278889028932469e-01  -9.8085694272658730e-01  -9.8213502651838114e-01  -9.7993415303209630e-01  -9.7603663434051768e-01  -9.7142154367855393e-01  -9.6663012064101883e-01  -9.6196849678952434e-01  -9.5758721547081116e-01  -9.5352388809266286e-01  -9.4968783517537281e-01  -9.4582715931824424e-01  -9.4142973335928826e-01  -9.3556425852588287e-01  -9.2658133307354862e-01  -9.1164753745890215e-01  -8.8604193352485749e-01  -8.4233909595577550e-01  -7.6994375383676616e-01  -6.5628037050377719e-01  -4.9148471011406913e-01  -2.7679232884723681e-01  -3.1016994348003757e-02   2.1397741115689894e-01   4.2843963876261193e-01   5.9702282592363165e-01   7.1928883294681167e-01   8.0300454021094436e-01   8.5786014583586256e-01   8.9228314053517011e-01
   8.8239194995312642e-01   9.0697580541755651e-01   9.2136246195105787e-01   9.2879361514321257e-01   9.3160082106589259e-01   9.3146495917746008e-01   9.2960881322711186e-01   9.2688528956364613e-01   9.2380354493237371e-01   9.2047875683355529e-01   9.1654773083118113e-01   9.1099678073823376e-01   9.0186123439751187e-01   8.8562339673154222e-01   8.5616599997405074e-01   8.0320610596004105e-01   7.1096580701133882e-01   5.5983715502828491e-01   3.3642205295463690e-01   5.2585605257127854e-02  -2.4545442774498022e-01  -5.0155182563094569e-01  -6.8557742793087839e-01  -7.9973490139247339e-01  -8.6098978821882710e-01  -8.8600210983700811e-01  -8.8596622998883001e-01  -8.6685516313633559e-01  -8.3106005412190653e-01  -7.7902584254920981e-01  -7.1071903157791450e-01  -6.2702455333476814e-01  -5.3097390773370168e-01  -4.2845722918312773e-01  -3.2801635520140787e-01  -2.3969587894552885e-01  -1.7344084411763483e-01  -1.3770032783097791e-01  -1.3843560225174772e-01  -1.7814631254879809e-01  -2.5446530171472487e-01  -3.5879819945742253e-01  -4.7673580533090271e-01  -5.9171009099485139e-01  -6.9049683050134947e-01  -7.6680604914267037e-01  -8.2088544405484742e-01  -8.5662306864472126e-01  -8.7865953423606391e-01  -8.9068345060349319e-01  -8.9472725165150369e-01  -8.9089546852678447e-01  -8.7707442497303134e-01  -8.4846249483448011e-01  -7.9708751887767981e-01  -7.1206107111393613e-01  -5.8200622954818693e-01  -4.0098066930269066e-01  -1.7621296627242178e-01   6.9090324241461804e-02   3.0381860690315832e-01   5.0288500412058279e-01   6.5522876145189701e-01   7.6198786697250187e-01   8.3026838288757243e-01   8.6799157559981510e-01   8.8135530338513690e-01   8.7424018397778447e-01   8.4870563430963686e-01   8.0609149917330802e-01   7.4845958026230441e-01   6.7997696903817251e-01   6.0763145765269411e-01   5.4072980901919232e-01   4.8921369583212343e-01   4.6146854640650919e-01   4.6241964976519206e-01   4.9232165667003203e-01   5.4642471934142511e-01   6.1581780056051771e-01   6.8965799602644795e-01   7.5815197721766026e-01   8.1482190164225976e-01   8.5691563956208405e-01   8.8410385560241478e-01   8.9637806591551650e-01   8.9181005788744372e-01   8.6418513496829830e-01   8.0047834836614662e-01   6.7964802993714146e-01   4.7834330274819159e-01   1.9132482750270599e-01  -1.4295198467837139e-01  -4.5249624186898635e-01  -6.8370607897974556e-01  -8.2957144588517540e-01  -9.1113403675861715e-01  -9.5260179370228637e-01  -9.7140655594651792e-01  -9.7804010397695618e-01  -9.7832639911466723e-01  -9.7541338306755443e-01  -9.7099346066038250e-01  -9.6600281480890149e-01  -9.6096836849024436e-01  -9.5619998494269387e-01  -9.5186366722059068e-01  -9.4802330114682731e-01  -9.4462922677264460e-01  -9.4149984134123332e-01  -9.3825192716430728e-01  -9.3420027336127298e-01  -9.2816053829321310e-01  -9.1814998219933985e-01  -9.0091568441848668e-01  -8.7134437910756479e-01  -8.2191837311748350e-01  -7.4283438732882368e-01  -6.2384409118978401e-01  -4.5885239448684445e-01  -2.5216484050851801e-01  -2.1587627048435032e-02   2.0668547823246808e-01   4.0904916947231429e-01   5.7260915622755915e-01   6.9564453049344266e-01   7.8331021447930305e-01   8.4314289052295976e-01
   8.2942624089108341e-01   8.7442973526865253e-01   9.0349071683186510e-01   9.2136121704157059e-01   9.3161287657613490e-01   9.3681199325243436e-01   9.3874840868920584e-01   9.3860561401408571e-01   9.3708378596473008e-01   9.3443229058552491e-01   9.3042159515004541e-01   9.2418158475460022e-01   9.1386786488614424e-01   8.9596668177161820e-01   8.6409407422718465e-01   8.0719763644282527e-01   7.0802020849306269e-01   5.4505791281415694e-01   3.0440314025784415e-01   1.7291574796798326e-03  -3.0942334442074554e-01  -5.6895131855925607e-01  -7.4955044889490274e-01  -8.5865533576254971e-01  -9.1680045924054232e-01  -9.4223010809193442e-01  -9.4677974097962381e-01  -9.3685227076693411e-01  -9.1530071155143045e-01  -8.8296725941291476e-01  -8.3984869733691703e-01  -7.8608972904969954e-01  -7.2291034137779642e-01  -6.5336497453917664e-01  -5.8267591629931181e-01  -5.1789130337930556e-01  -4.6685441691765739e-01  -4.3675109232902415e-01  -4.3259226304258053e-01  -4.5588826280596756e-01  -5.0376268247866007e-01  -5.6899336202439987e-01  -6.4152839317531052e-01  -7.1130677917489626e-01  -7.7104877201863620e-01  -8.1749468279141857e-01  -8.5077493206766619e-01  -8.7282921871969543e-01  -8.8590426157868452e-01  -8.9155501380653768e-01  -8.9003136706462671e-01  -8.7975551994466539e-01  -8.5664254384723537e-01  -8.1325584678309526e-01  -7.3831641755544686e-01  -6.1810894706162944e-01  -4.4215910208506043e-01  -2.1336330732241382e-01   4.4836273869266030e-02   2.9554671810895339e-01   5.0723614432865316e-01   6.6631138440467463e-01   7.7497428769603949e-01   8.4239459263294469e-01   8.7788900267177372e-01   8.8797705897240209e-01   8.7588931791503644e-01   8.4220667139522276e-01   7.8615744260833664e-01   7.0752083954233402e-01   6.0889077007792347e-01   4.9741439569732337e-01   3.8478515608225589e-01   2.8507794463445335e-01   2.1157044702134797e-01   1.7425908547683844e-01   1.7869646603733008e-01   2.2541779834436626e-01   3.0918277045577403e-01   4.1853916992239054e-01   5.3739156411838596e-01   6.4931475147776896e-01   7.4248413628137588e-01   8.1185526947744213e-01   8.5761750462814601e-01   8.8171613845912078e-01   8.8437888325848180e-01   8.6114598321986335e-01   8.0022061058561378e-01   6.8132423803844600e-01   4.8145646597913760e-01   1.9535550056328546e-01  -1.3867273289345985e-01  -4.4848463169945196e-01  -6.8004017097557345e-01  -8.2603012339130155e-01  -9.0746374698396548e-01  -9.4863264587123697e-01  -9.6705110800493554e-01  -9.7326360578885840e-01  -9.7312470232011172e-01  -9.6980277465834797e-01  -9.6500908698785692e-01  -9.5970241099831233e-01  -9.5443784172041490e-01  -9.4955839208381021e-01  -9.4526571387959979e-01  -9.4166060716471522e-01  -9.3873395870415688e-01  -9.3635927693356458e-01  -9.3424713678682625e-01  -9.3188964973909016e-01  -9.2843860125634081e-01  -9.2252741956363982e-01  -9.1197416611416338e-01  -8.9339284190176227e-01  -8.6174025992043735e-01  -8.1006011937733913e-01  -7.2989052555246170e-01  -6.1310116833098394e-01  -4.5552712000419143e-01  -2.6131989153655555e-01  -4.4818182976993026e-02   1.7289320715773704e-01   3.7146515214362458e-01   5.3768515314388243e-01   6.6724361655100184e-01   7.6255522453236635e-01
   7.4406380814922402e-01   8.1861460587725898e-01   8.6927748015498796e-01   9.0230836876012965e-01   9.2294198792608595e-01   9.3514831149545063e-01   9.4175509840491312e-01   9.4465716464853577e-01   9.4502915166663426e-01   9.4344627842841267e-01   9.3992631540689009e-01   9.3380982608027918e-01   9.2344397457292449e-01   9.0548296181649057e-01   8.7365925456757876e-01   8.1690771743270540e-01   7.1767402739146824e-01   5.5367432688464702e-01   3.0986346885343008e-01   1.4743553872604287e-03  -3.1648003359220622e-01  -5.8157594162331117e-01  -7.6565382464628873e-01  -8.7693665552357736e-01  -9.3716466518816033e-01  -9.6554431076998215e-01  -9.7462439083755870e-01  -9.7142772840114922e-01  -9.5942817446902473e-01  -9.4007401602611562e-01  -9.1382735397399806e-01  -8.8092099454132977e-01  -8.4199871076063604e-01  -7.9865681872280370e-01  -7.5379107285648095e-01  -7.1157121701086945e-01  -6.7692865375222488e-01  -6.5459580581593813e-01  -6.4793725791593526e-01  -6.5792324313262152e-01  -6.8263332821312317e-01  -7.1759124881954395e-01  -7.5696341207157558e-01  -7.9518635778857294e-01  -8.2828416080888689e-01  -8.5432926260284081e-01  -8.7306602603523509e-01  -8.8511477809022643e-01  -8.9116360051255283e-01  -8.9129438142169781e-01  -8.8436232079065669e-01  -8.6723941406964666e-01  -8.3378331145725548e-01  -7.7370325749579616e-01  -6.7240835060169601e-01  -5.1452972626026661e-01  -2.9409224548395269e-01  -2.7671041236092597e-02   2.4495546602100257e-01   4.8151093426021013e-01   6.5960806694767382e-01   7.7926442401945295e-01   8.5154349316861100e-01   8.8825370694173444e-01   8.9744199118438883e-01   8.8262479642473601e-01   8.4350000170817252e-01   7.7735829805822343e-01   6.8134584092800543e-01   5.5566090661580336e-01   4.0671015705886837e-01   2.4803554413738255e-01   9.7507182386994129e-02  -2.7724592685481664e-02  -1.1497389310289197e-01  -1.5656387950546380e-01  -1.4837552144001764e-01  -8.8903422068805693e-02   1.9469590178311680e-02   1.6729528287061213e-01   3.3611158481227343e-01   5.0192670823883967e-01   6.4383746330232194e-01   7.5105735056142420e-01   8.2291959325082997e-01   8.6367422584016562e-01   8.7675039513869235e-01   8.6057169118941657e-01   8.0563116610891838e-01   6.9331882633689457e-01   5.0113676682272423e-01   2.2203396479963328e-01  -1.0929260973762422e-01  -4.2218168953966317e-01  -6.5991118480459843e-01  -8.1172926440991655e-01  -8.9719136215997397e-01  -9.4067744220792171e-01  -9.6023280309550074e-01  -9.6686707612606693e-01  -9.6674076847387946e-01  -9.6320854675969814e-01  -9.5809850281981923e-01  -9.5245340514653887e-01  -9.4689800049085515e-01  -9.4183965503692169e-01  -9.3753889426537085e-01  -9.3414848944960616e-01  -9.3170259920318776e-01  -9.3011600154447904e-01  -9.2915508799459212e-01  -9.2841797951705241e-01  -9.2726984391040690e-01  -9.2475290080157457e-01  -9.1941105124617639e-01  -9.0905349200377739e-01  -8.9043119611219890e-01  -8.5893359416221438e-01  -8.0845404165186241e-01  -7.3180774339051879e-01  -6.2211731905674739e-01  -4.7543867003374007e-01  -2.9398564017470985e-01  -8.8161236117038910e-02   1.2479613524324146e-01   3.2578079755486794e-01   4.9977298276885812e-01   6.3927513561445803e-01
   6.1584399800351719e-01   7.3018375252653034e-01   8.1178559945127393e-01   8.6717184473488107e-01   9.0318809838422098e-01   9.2564669692486334e-01   9.3894151877321974e-01   9.4613443582293033e-01   9.4921422667533273e-01   9.4931704888265811e-01   9.4686243965876349e-01   9.4151464793975226e-01   9.3193499206169439e-01   9.1515527734828406e-01   8.8543457454873586e-01   8.3246628997911776e-01   7.3960699930928775e-01   5.8496629366138753e-01   3.5172350738042096e-01   5.0079806419828565e-02  -2.6983865464109558e-01  -5.4476310878289380e-01  -7.4125101639781632e-01  -8.6347481929509695e-01  -9.3215174326382233e-01  -9.6713477725833064e-01  -9.8200862441893433e-01  -9.8474908626797619e-01  -9.7962748866927118e-01  -9.6876169457742300e-01  -9.5313737984509328e-01  -9.3328177454076910e-01  -9.0974854317747000e-01  -8.8349099665808284e-01  -8.5610631834094786e-01  -8.2987902001539537e-01  -8.0754668344594371e-01  -7.9178931995257029e-01  -7.8455922439576642e-01  -7.8648592153815011e-01  -7.9661201178784569e-01  -8.1261967760842513e-01  -8.3148689903859174e-01  -8.5030114538524793e-01  -8.6687724686681344e-01  -8.7996993770479448e-01  -8.8909738066248112e-01  -8.9414131492618121e-01  -8.9486431392538890e-01  -8.9038000418801466e-01  -8.7848404337877772e-01  -8.5469724327374719e-01  -8.1093691601739537e-01  -7.3423027126444340e-01  -6.0727471868274208e-01  -4.1480874763036862e-01  -1.5835365223104664e-01   1.3070924419370367e-01   4.0149530528701638e-01   6.1475452534534292e-01   7.6019430655549081e-01   8.4776254575844634e-01   8.9223947743334575e-01   9.0470893171236322e-01   8.9043234190374043e-01   8.4940147290616574e-01   7.7782872650332324e-01   6.7062241719700322e-01   5.2536727770248703e-01   3.4708133000886571e-01   1.5068904243580938e-01  -4.2098083665851105e-02  -2.1032456411955641e-01  -3.3996415295616161e-01  -4.2468920804326693e-01  -4.6253619854728978e-01  -4.5200791961227021e-01  -3.9011069899907236e-01  -2.7366262605112002e-01  -1.0448528669115192e-01   1.0352384775003731e-01   3.2244567284387260e-01   5.1991299949854408e-01   6.7403376226101819e-01   7.7952397911767002e-01   8.4199594719267068e-01   8.6872648137285768e-01   8.6207615017444317e-01   8.1584654343923990e-01   7.1396237341377811e-01   5.3473991916770658e-01   2.6814627660082724e-01  -5.7645283956592464e-02  -3.7543922910801864e-01  -6.2435244041858162e-01  -7.8727002878081798e-01  -8.8071592677122956e-01  -9.2902051069421820e-01  -9.5114954530347262e-01  -9.5896965536328294e-01  -9.5921592621473173e-01  -9.5558994758979821e-01  -9.5013139381252754e-01  -9.4402773912310467e-01  -9.3802082876513526e-01  -9.3262454549821383e-01  -9.2819536900753152e-01  -9.2496389135221990e-01  -9.2301535043743310e-01  -9.2228960441491559e-01  -9.2256649866095608e-01  -9.2347751217187035e-01  -9.2448796033473601e-01  -9.2487228360119866e-01  -9.2362350135811155e-01  -9.1932200139878761e-01  -9.0992083061445284e-01  -8.9250160385821886e-01  -8.6301596434033079e-01  -8.1616971137434846e-01  -7.4563355039421431e-01  -6.4494076380631504e-01  -5.0934059906120743e-01  -3.3856945976755037e-01  -1.3950301603870374e-01   7.3277156991086945e-02   2.8068887401320075e-01   4.6515178271402552e-01
   4.3822890760734623e-01   5.9941866924190523e-01   7.2191906993640542e-01   8.0899127687674577e-01   8.6766734259524136e-01   9.0549846364679321e-01   9.2887368854894270e-01   9.4254148358667900e-01   9.4973808284243044e-01   9.5247659959363140e-01   9.5179419488217709e-01   9.4783659772662787e-01   9.3971994668067593e-01   9.2504650860422033e-01   8.9893854283606878e-01   8.5246641247660260e-01   7.7090774469466672e-01   6.3397499147706948e-01   4.2327688378142292e-01   1.4096860684784795e-01  -1.7380200385176808e-01  -4.6044742862922056e-01  -6.7748395552570062e-01  -8.2000316336673607e-01  -9.0469152869803016e-01  -9.5129629109924285e-01  -9.7468435135657350e-01  -9.8419824058405836e-01  -9.8519799224377547e-01  -9.8061045889994047e-01  -9.7199887220826064e-01  -9.6025094859167182e-01  -9.4601575591908482e-01  -9.3000389816828144e-01  -9.1316654371786188e-01  -8.9675701260789276e-01  -8.8223410983136341e-01  -8.7102348658229833e-01  -8.6418605345173338e-01  -8.6212525616087232e-01  -8.6444987649989469e-01  -8.7007897302519632e-01  -8.7754266266281222e-01  -8.8535783386768674e-01  -8.9231047870583791e-01  -8.9756323551505557e-01  -9.0056912892713703e-01  -9.0084977510060260e-01  -8.9765676900313929e-01  -8.8950185247501334e-01  -8.7343673371015729e-01  -8.4394964902588943e-01  -7.9143586681118572e-01  -7.0091043256476371e-01  -5.5346552273409189e-01  -3.3539806972469161e-01  -5.6140418420652205e-02   2.4151792805329078e-01   5.0220955478233165e-01   6.9311520663458615e-01   8.1319418627356765e-01   8.7732552492364690e-01   9.0057817854529343e-01   8.9182358838438203e-01   8.5310977272798239e-01   7.8107298323691388e-01   6.6953347918237027e-01   5.1394806699401263e-01   3.1752391554922477e-01   9.5629594305708721e-02  -1.2673179002317336e-01  -3.2457762665309525e-01  -4.8209614661592948e-01  -5.9448641002595315e-01  -6.6364878331825361e-01  -6.9263198235849854e-01  -6.8172888807752885e-01  -6.2667303314828326e-01  -5.1927037103150431e-01  -3.5202163235121509e-01  -1.2799776394727946e-01   1.2918735087769817e-01   3.7880924302640062e-01   5.8378578601789533e-01   7.2851143364424298e-01   8.1707321794630494e-01   8.6029685055973881e-01   8.6516837551329595e-01   8.2961750625311392e-01   7.4085095600154649e-01   5.7850836173241971e-01   3.2919753650058137e-01   1.2498376589601123e-02  -3.1035414639598180e-01  -5.7413697611675418e-01  -7.5285429818271055e-01  -8.5809447767873592e-01  -9.1369747028609116e-01  -9.3982240785118754e-01  -9.4955584623077072e-01  -9.5047120068877822e-01  -9.4677410234782289e-01  -9.4081177749258615e-01  -9.3398179457394992e-01  -9.2720415292870362e-01  -9.2116042563673406e-01  -9.1636565300824246e-01  -9.1317663498140045e-01  -9.1175303895825277e-01  -9.1204391799175899e-01  -9.1378862454279630e-01  -9.1656175729271849e-01  -9.1981121359266471e-01  -9.2288974440655103e-01  -9.2502881795127090e-01  -9.2527058440031640e-01  -9.2232934185571591e-01  -9.1441154419320192e-01  -8.9897928384360681e-01  -8.7250844985130616e-01  -8.3028298361916519e-01  -7.6639900754427437e-01  -6.7424283635096782e-01  -5.4789123451760546e-01  -3.8472717476618551e-01  -1.8881955029642333e-01   2.6950882722925673e-02   2.4276529164403826e-01
   2.1570186526727436e-01   4.2089111372905819e-01   5.9041321105495304e-01   7.1872743243105619e-01   8.0924397698257655e-01   8.6968775296635825e-01   9.0828605086963266e-01   9.3188074679083166e-01   9.4545312694888117e-01   9.5230789480211364e-01   9.5439841955649829e-01   9.5256027473313098e-01   9.4652303037587870e-01   9.3461610135430284e-01   9.1303662253648843e-01   8.7459422418926835e-01   8.0713901358091311e-01   6.9307133893578832e-01   5.1369800104864327e-01   2.6293320608033260e-01  -3.5282645458104778e-02  -3.2929499329358314e-01  -5.7104633155824158e-01  -7.4249154971688236e-01  -8.5192293824888166e-01  -9.1693053992797990e-01  -9.5333863526846907e-01  -9.7216909409340879e-01  -9.8025670547566079e-01  -9.8161454960123717e-01  -9.7855084301649820e-01  -9.7242400482526792e-01  -9.6411459900247776e-01  -9.5432343870570846e-01  -9.4374370093356130e-01  -9.3313877655478161e-01  -9.2332360354269549e-01  -9.1507070194309736e-01  -9.0896458553406012e-01  -9.0526878326508231e-01  -9.0385906496921542e-01  -9.0426353247153435e-01  -9.0578703993707532e-01  -9.0767302555780227e-01  -9.0922808587425541e-01  -9.0986852148209918e-01  -9.0906429287794888e-01  -9.0618714436029857e-01  -9.0023787944150269e-01  -8.8940366686270456e-01  -8.7031895149955996e-01  -8.3689756152402195e-01  -7.7874284018942852e-01  -6.7997434250970634e-01  -5.2139804097191988e-01  -2.9124801075391116e-01  -4.1330818389485602e-03   2.9188124663128695e-01   5.4146100054399182e-01   7.1653428961732302e-01   8.2010945333267005e-01   8.6791849281236000e-01   8.7351690258414050e-01   8.4315696597791745e-01   7.7600603185132933e-01   6.6665248686806844e-01   5.0971147137715700e-01   3.0670677936407786e-01   7.2206809437040720e-02  -1.6714098877967315e-01  -3.8299314700333187e-01  -5.5704594743390956e-01  -6.8458524957034872e-01  -7.6992857343954302e-01  -8.1996244240758109e-01  -8.3963211118710035e-01  -8.2958545866026467e-01  -7.8492606872292825e-01  -6.9492621083810791e-01  -5.4546803283353307e-01  -3.2791711114719857e-01  -5.4449682974324620e-02   2.3415352463533018e-01   4.8680229436668648e-01   6.7268754315700852e-01   7.9003487834915231e-01   8.5170252722365736e-01   8.6936487748662017e-01   8.4555151886552748e-01   7.7128025636502007e-01   6.2811929969234448e-01   3.9973433380474610e-01   9.6178529140691305e-02  -2.2995171222202626e-01  -5.1047140901020738e-01  -7.0879007194686428e-01  -8.2936676747067750e-01  -8.9469852548463402e-01  -9.2622034505116535e-01  -9.3854472665647282e-01  -9.4033256792301412e-01  -9.3644238293405035e-01  -9.2961994762573397e-01  -9.2154190387667789e-01  -9.1338886585059720e-01  -9.0611154173051800e-01  -9.0049876777685411e-01  -8.9712971635694694e-01  -8.9628805261176092e-01  -8.9791044430617095e-01  -9.0161116359991622e-01  -9.0677807711814473e-01  -9.1269553527006009e-01  -9.1864074571524990e-01  -9.2391792418707286e-01  -9.2782121970642750e-01  -9.2953627139019313e-01  -9.2799323747196549e-01  -9.2167810600286393e-01  -9.0839969689344968e-01  -8.8501546309044443e-01  -8.4714532678651699e-01  -7.8899083259731528e-01  -7.0354349950780348e-01  -5.8370990063964134e-01  -4.2494419467699829e-01  -2.2927983241247030e-01  -8.7236291571612390e-03
  -3.1839571103355557e-02   1.9992546188834842e-01   4.1226797780881552e-01   5.8713159175424567e-01   7.1862480683686691e-01   8.1066659583491985e-01   8.7166260938054485e-01   9.1033880476379359e-01   9.3379247095658868e-01   9.4708665946429571e-01   9.5348339557566653e-01   9.5478860563919254e-01   9.5153613447367003e-01   9.4290783574024140e-01   9.2627406342016383e-01   8.9628920551086289e-01   8.4361166987806846e-01   7.5403114601596988e-01   6.1032694673166987e-01   4.0067840106519043e-01   1.3341548609785214e-01  -1.5538857381386911e-01  -4.1811183011455144e-01  -6.2341668870636602e-01  -7.6635696126543695e-01  -8.5833494728115844e-01  -9.1444605374835453e-01  -9.4717135391497187e-01  -9.6512885185285358e-01  -9.7379003693813659e-01  -9.7650804709610417e-01  -9.7533108046029260e-01  -9.7155282241580920e-01  -9.6605874770598088e-01  -9.5953528052205816e-01  -9.5258032747809207e-01  -9.4574175264361027e-01  -9.3949865979908553e-01  -9.3421237590272432e-01  -9.3007381595092498e-01  -9.2707579352475200e-01  -9.2502557056629442e-01  -9.2359567191035574e-01  -9.2238918967163686e-01  -9.2098944945455863e-01  -9.1897052409529900e-01  -9.1584880801135760e-01  -9.1095968625684498e-01  -9.0322189193642022e-01  -8.9072529105332188e-01  -8.7002285889139630e-01  -8.3500583179517640e-01  -7.7540761653109358e-01  -6.7580900548878509e-01  -5.1801984936489054e-01  -2.9166321678134344e-01  -1.1995291839848488e-02   2.7429837986827521e-01   5.1426204688984090e-01   6.8065534692794527e-01   7.7519544680292740e-01   8.1131734649086262e-01   8.0009838259374622e-01   7.4549470576883337e-01   6.4530040073176254e-01   4.9540348090207237e-01   2.9671271345294026e-01   6.2269128371710891e-02  -1.8180884560145272e-01  -4.0561338132770708e-01  -5.8839830281865102e-01  -7.2408553045033497e-01  -8.1741850225780566e-01  -8.7709570975399576e-01  -9.1086944207352172e-01  -9.2322604277876219e-01  -9.1436251886726694e-01  -8.7928598085584708e-01  -8.0680238516105285e-01  -6.7983908678184402e-01  -4.8137109237247022e-01  -2.1044425000278832e-01   1.0004841130772824e-01   3.9124966021677510e-01   6.1597931114762361e-01   7.6251686672055730e-01   8.4335909727682135e-01   8.7423680680778537e-01   8.6231316430659621e-01   8.0264512785459807e-01   6.7926761292629734e-01   4.7386660096884087e-01   1.8727936997903055e-01  -1.3871603669356924e-01  -4.3568876818001345e-01  -6.5603256420631284e-01  -7.9489496336842946e-01  -8.7215994638322825e-01  -9.1035852734061529e-01  -9.2583209981848424e-01  -9.2852837010720735e-01  -9.2407701986576796e-01  -9.1569088965636003e-01  -9.0539584129848238e-01  -8.9474678573349098e-01  -8.8513759979291651e-01  -8.7784430872370312e-01  -8.7386342226088776e-01  -8.7370817811991908e-01  -8.7727469693370042e-01  -8.8389737361286547e-01  -8.9255185576370022e-01  -9.0213085174444441e-01  -9.1165001660691791e-01  -9.2034369964313312e-01  -9.2762923410601750e-01  -9.3300321905080963e-01  -9.3588680711200078e-01  -9.3546106537499574e-01  -9.3046712748974458e-01  -9.1897302644618073e-01  -8.9806826845580001e-01  -8.6351614074175020e-01  -8.0944331354099208e-01  -7.2838194215228746e-01  -6.1224987170947476e-01  -4.5508732652734640e-01  -2.5766529205854249e-01
  -2.7413026510284844e-01  -4.3850645109592440e-02   1.9280714640999908e-01   4.0902057396541147e-01   5.8612437374317994e-01   7.1852208118923433e-01   8.1074202217561386e-01   8.7166191787190506e-01   9.1022680240837084e-01   9.3357571813688578e-01   9.4670935306727666e-01   9.5276092610095720e-01   9.5331788110265936e-01   9.4855150376950692e-01   9.3703532292254921e-01   9.1518799200558787e-01   8.7635467206488138e-01   8.0988972220925737e-01   7.0149116382078336e-01   5.3732631073399928e-01   3.1389822615064134e-01   4.8891375491164457e-02  -2.2041349918199821e-01  -4.5602410254984438e-01  -6.3787604296488232e-01  -7.6585244480558168e-01  -8.5045949040315938e-01  -9.0406621309521751e-01  -9.3685142425523649e-01  -9.5603545903910137e-01  -9.6639330831182291e-01  -9.7099345798909920e-01  -9.7180614885086691e-01  -9.7012781444700891e-01  -9.6685377843321141e-01  -9.6264263130844741e-01  -9.5800299367145403e-01  -9.5333148758248909e-01  -9.4891654305629025e-01  -9.4493132599641916e-01  -9.4142788393704657e-01  -9.3834717007895363e-01  -9.3553750571262484e-01  -9.3278169979384928e-01  -9.2981183543723311e-01  -9.2630480034306517e-01  -9.2183365207233003e-01  -9.1576424693564396e-01  -9.0704925979555528e-01  -8.9386783713139495e-01  -8.7299967742493723e-01  -8.3884972240216826e-01  -7.8217920659029949e-01  -6.8932358122919979e-01  -5.4427318525945390e-01  -3.3750789612899579e-01  -8.0958619906101981e-02   1.8577555060385109e-01   4.1433077225271342e-01   5.7536978363667024e-01   6.6493766975249879e-01   6.9144456629161399e-01   6.6289260075692091e-01   5.8220335615027241e-01   4.4905790691068115e-01   2.6576444580590508e-01   4.4233916360671421e-02  -1.9159343182929278e-01  -4.1262163199108615e-01  -5.9672912788082355e-01  -7.3569971210050178e-01  -8.3297873147375123e-01  -8.9723481010204131e-01  -9.3721828975378374e-01  -9.5928696609164177e-01  -9.6661357761580657e-01  -9.5877278981457936e-01  -9.3094286883967103e-01  -8.7246361333606681e-01  -7.6575900768620242e-01  -5.8934337522720281e-01  -3.3161718186475808e-01  -1.3984454951877612e-02   3.0421108301782634e-01   5.6220924269869488e-01   7.3613573004849253e-01   8.3564085571921487e-01   8.7936369116716129e-01   8.7872041512090482e-01   8.3271335271933211e-01   7.2816623974740358e-01   5.4592768290544491e-01   2.7897753057583929e-01  -4.2721009730478376e-02  -3.5377734866224370e-01  -5.9671529546537250e-01  -7.5573411150524716e-01  -8.4658638515324136e-01  -8.9242121284330200e-01  -9.1134370175222135e-01  -9.1468406883037612e-01  -9.0888827502219238e-01  -8.9764585282305198e-01  -8.8338438005580966e-01  -8.6819124019104266e-01  -8.5420897363378523e-01  -8.4360576115629071e-01  -8.3818519208646636e-01  -8.3890549795328662e-01  -8.4557321593317680e-01  -8.5694461566535618e-01  -8.7116515527442107e-01  -8.8634009480577025e-01  -9.0095032021921173e-01  -9.1401719028473483e-01  -9.2502631754435349e-01  -9.3374424905396980e-01  -9.4000221416288321e-01  -9.4351153754890449e-01  -9.4368684722102336e-01  -9.3946718312285682e-01  -9.2907818894596605e-01  -9.0972140468440121e-01  -8.7717355023982568e-01  -8.2540705089987398e-01  -7.4652929926934952e-01  -6.3173186959658467e-01  -4.7418213904868523e-01
  -4.8381934964891393e-01  -2.8160476225523084e-01  -4.8971736884787037e-02   1.8930109941626194e-01   4.0597833912673242e-01   5.8272992876871932e-01   7.1458301197440799e-01   8.0648728826740157e-01   8.6742521108595005e-01   9.0625235409008686e-01   9.2995318955950912e-01   9.4336411589584446e-01   9.4943704784128458e-01   9.4951672151385758e-01   9.4341186981352965e-01   9.2915570635413247e-01   9.0244958311113233e-01   8.5592632669783941e-01   7.7882501845759367e-01   6.5845025329219653e-01   4.8532622696247951e-01   2.6189911730017179e-01   8.6659321500436315e-03  -2.4135974089579426e-01  -4.5840126170178541e-01  -6.2787326947648348e-01  -7.5022331962574573e-01  -8.3389794505514692e-01  -8.8900986399338489e-01  -9.2422551408994369e-01  -9.4598578498411112e-01  -9.5876050817400049e-01  -9.6555265209462271e-01  -9.6836706408699258e-01  -9.6855114855447777e-01  -9.6703259331934943e-01  -9.6446248953574021e-01  -9.6130576525379841e-01  -9.5788401389093181e-01  -9.5440568467998577e-01  -9.5097609162931018e-01  -9.4761473249523798e-01  -9.4426432232319768e-01  -9.4080764070209399e-01  -9.3706564276490978e-01  -9.3278995764826966e-01  -9.2761635140749577e-01  -9.2098216251992271e-01  -9.1195388295529523e-01  -8.9893674894388820e-01  -8.7917015413593835e-01  -8.4797018448523398e-01  -7.9777208002941680e-01  -7.1758406871891145e-01  -5.9452582442486390e-01  -4.2016702272370304e-01  -2.0160021131060213e-01   3.2012511265806454e-02   2.4004962282359865e-01   3.9155413440177522e-01   4.7500940030134953e-01   4.9193856236216854e-01   4.4718520882502716e-01   3.4485581176956015e-01   1.9048331563626697e-01  -3.9135998905777680e-03  -2.1705924366664212e-01  -4.2262914553577746e-01  -5.9879762521431590e-01  -7.3530999727543089e-01  -8.3311406797620779e-01  -8.9929588190623966e-01  -9.4214666487130849e-01  -9.6848381718041576e-01  -9.8273350974832374e-01  -9.8677135268867244e-01  -9.7965556899023976e-01  -9.5681890805280245e-01  -9.0842582450108811e-01  -8.1752761864151946e-01  -6.6093286968185916e-01  -4.1997697745894702e-01  -1.0489503933419508e-01   2.2957770468322825e-01   5.1381280588538480e-01   7.1183817780360470e-01   8.2856962084206254e-01   8.8420175185684946e-01   8.9371810412766362e-01   8.5970059008082833e-01   7.7180334449547527e-01   6.1103373706967234e-01   3.6446351020080203e-01   5.0748669767832377e-02  -2.7053655507843116e-01  -5.3451974674552338e-01  -7.1394402057850015e-01  -8.1904109170983497e-01  -8.7286063232615341e-01  -8.9507430711091229e-01  -8.9831028026364812e-01  -8.8972799875778952e-01  -8.7338554047537620e-01  -8.5211059487984087e-01  -8.2874430385304310e-01  -8.0670286595062146e-01  -7.8979751076995863e-01  -7.8138465745241015e-01  -7.8329424330244191e-01  -7.9516032613427257e-01  -8.1460024031178624e-01  -8.3814462077528351e-01  -8.6240041993444638e-01  -8.8487225096909405e-01  -9.0420982217094237e-01  -9.1999808434403807e-01  -9.3236778114622376e-01  -9.4162909453296650e-01  -9.4801171388222139e-01  -9.5149292709467870e-01  -9.5166494251337652e-01  -9.4758289616320823e-01  -9.3754654183762498e-01  -9.1877918147238979e-01  -8.8700537041940219e-01  -8.3602750300244211e-01  -7.5764020738541249e-01  -6.4262011031656763e-01
  -6.4702265872533038e-01  -4.8747745726378300e-01  -2.8504304732873592e-01  -5.3332528489804742e-02   1.8281057952712865e-01   3.9688301507966001e-01   5.7155754028540384e-01   7.0243411265889977e-01   7.9444867949699893e-01   8.5624019615285873e-01   8.9627833326084771e-01   9.2123695035976116e-01   9.3572829411919090e-01   9.4251130360176660e-01   9.4271784679657411e-01   9.3587309267938068e-01   9.1966466702384653e-01   8.8947762503132533e-01   8.3795278030381160e-01   7.5518479465034816e-01   6.3074493392952147e-01   4.5856445860672396e-01   2.4355587328595607e-01   4.8083671988828902e-03  -2.2998110696733831e-01  -4.3631394444207916e-01  -6.0141249397917507e-01  -7.2440403768679629e-01  -8.1143172187626345e-01  -8.7078282862185696e-01  -9.1010136765457683e-01  -9.3542281047982290e-01  -9.5114719248095980e-01  -9.6035852502728436e-01  -9.6517492832572693e-01  -9.6704740850390158e-01  -9.6696716314343956e-01  -9.6561685328040991e-01  -9.6345900046212996e-01  -9.6080081297248388e-01  -9.5782699987057740e-01  -9.5463164833725811e-01  -9.5122942706814317e-01  -9.4757223695262782e-01  -9.4354607109202937e-01  -9.3896612146775649e-01  -9.3353788314501140e-01  -9.2679484664263234e-01  -9.1796537067686812e-01  -9.0575797709043837e-01  -8.8799438606139358e-01  -8.6108544852408253e-01  -8.1939991939595358e-01  -7.5495512862201219e-01  -6.5846010672027644e-01  -5.2334083613095117e-01  -3.5292753640989527e-01  -1.6605682115334436e-01   6.9345928650172972e-03   1.3734101683801009e-01   2.0838130949661263e-01   2.1534362433544488e-01   1.6074245963454314e-01   5.1561555996702479e-02  -9.9927105428100904e-02  -2.7502334926499561e-01  -4.5110724816700593e-01  -6.0813270610841397e-01  -7.3452533732274916e-01  -8.2826318028639934e-01  -8.9367776946899591e-01  -9.3739407207661785e-01  -9.6560075207793195e-01  -9.8290718935762422e-01  -9.9207114869989499e-01  -9.9397182405792550e-01  -9.8731530865695438e-01  -9.6778966510285824e-01  -9.2636862207510895e-01  -8.4710135593015046e-01  -7.0662413352875697e-01  -4.8217830456448596e-01  -1.7491391287593794e-01   1.6745050698276975e-01   4.7103166163087934e-01   6.8935218132074172e-01   8.2149177577509258e-01   8.8788046387222186e-01   9.0622215269667483e-01   8.8213553104524522e-01   8.0788573423117604e-01   6.6530117269502265e-01   4.3758568050154201e-01   1.3393030501664835e-01  -1.9324877536285590e-01  -4.7472242278766424e-01  -6.7274429416370363e-01  -7.9127850193528748e-01  -8.5248926173851181e-01  -8.7714696564435513e-01  -8.7882859470856145e-01  -8.6506174239770250e-01  -8.3996139455582974e-01  -8.0664399514108354e-01  -7.6901750889778275e-01  -7.3265188145341842e-01  -7.0430936926444243e-01  -6.9019580006210424e-01  -6.9375940322824925e-01  -7.1433376940434345e-01  -7.4745006385626778e-01  -7.8666940217341308e-01  -8.2587120952411619e-01  -8.6084612635066493e-01  -8.8966969618010960e-01  -9.1217657351439707e-01  -9.2913498694910190e-01  -9.4157618666409548e-01  -9.5038898596767407e-01  -9.5613729538590142e-01  -9.5897514501450587e-01  -9.5858574727747459e-01  -9.5406496348065339e-01  -9.4372236647825758e-01  -9.2475453006621189e-01  -8.9281733024073395e-01  -8.4159534968261629e-01  -7.6275260623835794e-01
  -7.6385379799907316e-01  -6.4816450593752228e-01  -4.8986559282155434e-01  -2.9059347185161388e-01  -6.4028818500774187e-02   1.6607196591704121e-01   3.7499764440369515e-01   5.4674166846436156e-01   6.7712665161798502e-01   7.7049127341569368e-01   8.3466417859410413e-01   8.7744667807133525e-01   9.0508112633389581e-01   9.2191559002485368e-01   9.3053995067023432e-01   9.3193780057478404e-01   9.2549836031490273e-01   9.0881959996561357e-01   8.7739901620772520e-01   8.2443781607960254e-01   7.4133225180417184e-01   6.1965192270594283e-01   4.5514872484339097e-01   2.5261075634841168e-01   2.7974621813423362e-02  -1.9574735200317406e-01  -3.9709983922586878e-01  -5.6320467952013753e-01  -6.9104850632175785e-01  -7.8442725928383417e-01  -8.5003171222815666e-01  -8.9475382411467697e-01  -9.2443346580301400e-01  -9.4355982013016360e-01  -9.5539618283258987e-01  -9.6224695082324585e-01  -9.6570867511685532e-01  -9.6687936010236519e-01  -9.6650318495608545e-01  -9.6508061711566251e-01  -9.6293381336367956e-01  -9.6025863977401005e-01  -9.5715171408687616e-01  -9.5363483251699765e-01  -9.4965786787600548e-01  -9.4509930625563021e-01  -9.3974016498894253e-01  -9.3322161158232242e-01  -9.2495235628601158e-01  -9.1396404496265293e-01  -8.9867225504025450e-01  -8.7655581760502344e-01  -8.4380256088407790e-01  -7.9519728568263348e-01  -7.2482391262578783e-01  -6.2843054512170871e-01  -5.0759649829459463e-01  -3.7355519155823647e-01  -2.4645889228531792e-01  -1.4868601751924315e-01  -9.6921031728520624e-02  -9.8487166554480227e-02  -1.5184721185656086e-01  -2.4813760204725779e-01  -3.7254787621617119e-01  -5.0685501688715617e-01  -6.3381479717439559e-01  -7.4158011232634835e-01  -8.2546464504436834e-01  -8.8656971375375038e-01  -9.2899444011381305e-01  -9.5746009601023241e-01  -9.7598313498059697e-01  -9.8739752406848846e-01  -9.9325565841578001e-01  -9.9375400910510225e-01  -9.8738457424071835e-01  -9.7007062509270980e-01  -9.3350215839623796e-01  -8.6279130911288404e-01  -7.3518483219403263e-01  -5.2588361988658727e-01  -2.2923328966872625e-01   1.1478481585302497e-01   4.3174613346948754e-01   6.6684806892179616e-01   8.1276825927800411e-01   8.8892719968387701e-01   9.1483332121303773e-01   8.9851247252358712e-01   8.3444288763648578e-01   7.0557660449393389e-01   4.9304479341246477e-01   1.9928540194000158e-01  -1.2995971394775846e-01  -4.2379184210008913e-01  -6.3635550603114499e-01  -7.6569881356326852e-01  -8.3248851801357393e-01  -8.5786435683396034e-01  -8.5566265522063811e-01  -8.3309761746474720e-01  -7.9374403276422756e-01  -7.4076315218721245e-01  -6.7962460068326758e-01  -6.1946500077455080e-01  -5.7199200620676893e-01  -5.4808940510344151e-01  -5.5382466367913574e-01  -5.8810652274012243e-01  -6.4315991858099819e-01  -7.0763785196249951e-01  -7.7076156716724475e-01  -8.2536939206115567e-01  -8.6861842941148160e-01  -9.0086923093916804e-01  -9.2402789407065611e-01  -9.4030070894103368e-01  -9.5154108138045168e-01  -9.5904843698511177e-01  -9.6355547688756293e-01  -9.6527623769389415e-01  -9.6389851812079275e-01  -9.5850782889362329e-01  -9.4738631290109099e-01  -9.2770030099613288e-01  -8.9507118625936566e-01  -8.4319262871834832e-01
  -8.4239182132567159e-01  -7.6349422507868747e-01  -6.4984977315796510e-01  -4.9617242729642297e-01  -3.0462492749962583e-01  -8.8088788834701615e-02   1.3200303327891177e-01   3.3357980677526183e-01   5.0204499203697517e-01   6.3296700599475919e-01   7.2949546817737221e-01   7.9817303257466432e-01   8.4585273671231787e-01   8.7819929899416360e-01   8.9925794477562204e-01   9.1146209231122000e-01   9.1573049851468802e-01   9.1146180574745717e-01   8.9641143941709822e-01   8.6649653155620976e-01   8.1576147481584760e-01   7.3689007877313129e-01   6.2284327642415971e-01   4.6991548690006257e-01   2.8145776963206293e-01   6.9866680401014403e-02  -1.4571186949976267e-01  -3.4564850583208417e-01  -5.1610958958755537e-01  -6.5159189252689720e-01  -7.5347131669889178e-01  -8.2689994718460558e-01  -8.7811009732870715e-01  -9.1285757149843072e-01  -9.3581202505969330e-01  -9.5049888119189740e-01  -9.5946311618642832e-01  -9.6449543308793495e-01  -9.6683066910376070e-01  -9.6730871916188577e-01  -9.6648824985112314e-01  -9.6473185376767767e-01  -9.6225816171132372e-01  -9.5918054782272966e-01  -9.5552591015889865e-01  -9.5124461044727060e-01  -9.4620010730099735e-01  -9.4014441314625607e-01  -9.3266239962657993e-01  -9.2308417140332732e-01  -9.1034814639817352e-01  -8.9283013191861282e-01  -8.6818312669972164e-01  -8.3334955925415521e-01  -7.8504221174878985e-01  -7.2107756402259282e-01  -6.4259812100523594e-01  -5.5623065001210392e-01  -4.7422313047684195e-01  -4.1135695826787366e-01  -3.8003339439709477e-01  -3.8642744423668407e-01  -4.2919703492499017e-01  -5.0036064185310059e-01  -5.8765226738236409e-01  -6.7788375786650323e-01  -7.6034313269210263e-01  -8.2882627837962475e-01  -8.8163608243862046e-01  -9.2016078008539026e-01  -9.4717117047253896e-01  -9.6557017662240674e-01  -9.7774099560825900e-01  -9.8529713577116329e-01  -9.8899566216865198e-01  -9.8859449179644465e-01  -9.8247036073152350e-01  -9.6676327135177154e-01  -9.3379637917975333e-01  -8.6974364769811818e-01  -7.5291154700160878e-01  -5.5785173337013361e-01  -2.7398866474855588e-01   6.6538060758556283e-02   3.9175585298563742e-01   6.4077272121228968e-01   7.9944428824341696e-01   8.8487137320748177e-01   9.1737874232815086e-01   9.0673321080183333e-01   8.4913695537915512e-01   7.2870676957462488e-01   5.2598713528396646e-01   2.3981553978242187e-01  -8.8627933299747719e-02  -3.8856710644027448e-01  -6.0947192305522624e-01  -7.4509242367734252e-01  -8.1434280354409649e-01  -8.3778646871541029e-01  -8.2846754981288229e-01  -7.9223965523631446e-01  -7.3126732538624584e-01  -6.4852150448990986e-01  -5.5199767297021762e-01  -4.5653612435400842e-01  -3.8114223864739033e-01  -3.4288027922860531e-01  -3.5098969839946603e-01  -4.0398826281978140e-01  -4.9019431004228703e-01  -5.9164677072112493e-01  -6.9043730103774303e-01  -7.7439089930142091e-01  -8.3891619550547303e-01  -8.8514376757623869e-01  -9.1681962405206552e-01  -9.3800583963284534e-01  -9.5199900842081575e-01  -9.6110118155337632e-01  -9.6673015868490586e-01  -9.6961527240269962e-01  -9.6992157527254397e-01  -9.6729404326439927e-01  -9.6077712660921311e-01  -9.4863326669235015e-01  -9.2802814626873742e-01  -8.9465086364704527e-01
  -8.9264916897760549e-01  -8.4098075767480540e-01  -7.6436946342538215e-01  -6.5583479131420797e-01  -5.1116013971415719e-01  -3.3262761617266884e-01  -1.3136358959326239e-01   7.4584909255328569e-02   2.6645315723289581e-01   4.3111775083805010e-01   5.6355738534476640e-01   6.6524057969873707e-01   7.4098213878823116e-01   7.9634498143486621e-01   8.3620455225440327e-01   8.6418110821407401e-01   8.8252202585553408e-01   8.9211074235888177e-01   8.9246101920878318e-01   8.8163277071168777e-01   8.5612383927946734e-01   8.1086975564968788e-01   7.3965118525997187e-01   6.3629378534863545e-01   4.9695733134117281e-01   3.2313560042977374e-01   1.2385789626965066e-01  -8.5048255414744311e-02  -2.8530467282498140e-01  -4.6190280783709459e-01  -6.0672945251621357e-01  -7.1863403369322643e-01  -8.0114056287636570e-01  -8.5979548235324954e-01  -9.0028880917623644e-01  -9.2752185895491834e-01  -9.4533240610605374e-01  -9.5655782385896726e-01  -9.6321945066438863e-01  -9.6672309890515651e-01  -9.6802663740277972e-01  -9.6776962607176897e-01  -9.6636668379018609e-01  -9.6407274891799477e-01  -9.6102388224155166e-01  -9.5726156286106934e-01  -9.5274093200647947e-01  -9.4732401694611446e-01  -9.4075472538276239e-01  -9.3261341155172783e-01  -9.2225073784810752e-01  -9.0871133721002950e-01  -8.9068559141313175e-01  -8.6657413691786489e-01  -8.3481014192488068e-01  -7.9458564398660103e-01  -7.4695977797050739e-01  -6.9589852918521489e-01  -6.4838948021502096e-01  -6.1297192109798293e-01  -5.9705721292510971e-01  -6.0436278646891051e-01  -6.3371359443764097e-01  -6.7959426491209840e-01  -7.3406494582573134e-01  -7.8918345107496268e-01  -8.3896302626769081e-01  -8.8019544873739042e-01  -9.1216760806963149e-01  -9.3577620869708911e-01  -9.5261893207935322e-01  -9.6433904146050042e-01  -9.7227146626796435e-01  -9.7726761813774554e-01  -9.7958960340155854e-01  -9.7872175571119602e-01  -9.7298353125627512e-01  -9.5871748281693314e-01  -9.2883240132894951e-01  -8.7058948222335086e-01  -7.6370475249420600e-01  -5.8313118889368820e-01  -3.1485969745000814e-01   1.6859422379613631e-02   3.4527824537686086e-01   6.0574047750705173e-01   7.7679813567907507e-01   8.7163235628309410e-01   9.1019528841889119e-01   9.0326744510184920e-01   8.4826856426409236e-01   7.3044312697938496e-01   5.3112107024654454e-01   2.4894895448411658e-01  -7.6325874800908466e-02  -3.7513209361452893e-01  -5.9637598894582755e-01  -7.3213221874437073e-01  -7.9964175850045627e-01  -8.1779080071124932e-01  -7.9749025952168084e-01  -7.4193510472674007e-01  -6.5098482040986727e-01  -5.2768771337864506e-01  -3.8457047553958801e-01  -2.4497967050823738e-01  -1.3659033122036601e-01  -8.1738036884433540e-02  -9.1500620255837606e-02  -1.6437541328762550e-01  -2.8652792007974837e-01  -4.3407664340184116e-01  -5.8012085962877913e-01  -7.0438790428270537e-01  -7.9849034360633753e-01  -8.6399654269378101e-01  -9.0715455046897053e-01  -9.3471207008923740e-01  -9.5203423679422339e-01  -9.6279475766415934e-01  -9.6927310072155159e-01  -9.7275927952894381e-01  -9.7384764943823265e-01  -9.7260820182109997e-01  -9.6862010231555662e-01  -9.6090274391146413e-01  -9.4772759716387955e-01  -9.2634411383214088e-01
  -9.2325406588907488e-01  -8.9012953435028030e-01  -8.4060752499061042e-01  -7.6879764081451729e-01  -6.6904475993659462e-01  -5.3813468757913729e-01  -3.7799997767489601e-01  -1.9728171276079848e-01  -9.9192494238214413e-03   1.6913519977704738e-01   3.2851025801705624e-01   4.6261679151494728e-01   5.7103543223150510e-01   6.5648551996110993e-01   7.2284556538832989e-01   7.7384676411005970e-01   8.1242373091322517e-01   8.4046554378904104e-01   8.5874716259247119e-01   8.6689158297924906e-01   8.6330711671187954e-01   8.4509918795340544e-01   8.0804921768540172e-01   7.4685235498949087e-01   6.5592860646582130e-01   5.3110466948351975e-01   3.7210953750923004e-01   1.8496294507442845e-01  -1.7508733535078147e-02  -2.1837197618147675e-01  -4.0161642031954453e-01  -5.5659482246498881e-01  -6.7951906148354668e-01  -7.7210759575157728e-01  -8.3908529045043967e-01  -8.8602129508138694e-01  -9.1804762260339368e-01  -9.3934260668103353e-01  -9.5306957548982685e-01  -9.6151480051360172e-01  -9.6628140473809976e-01  -9.6846858229287125e-01  -9.6881460929234464e-01  -9.6780173269553593e-01  -9.6573142699376135e-01  -9.6277278821030721e-01  -9.5899228027985617e-01  -9.5436560693880934e-01  -9.4877715773547000e-01  -9.4200492606635056e-01  -9.3369822830748772e-01  -9.2335421022462438e-01  -9.1032113174281859e-01  -8.9386782116080887e-01  -8.7338603840221807e-01  -8.4876722333217625e-01  -8.2091728904371697e-01  -7.9218749851191161e-01  -7.6636022991052433e-01  -7.4790121925987163e-01  -7.4061631089016511e-01  -7.4629887749875290e-01  -7.6406599788090790e-01  -7.9069275290713192e-01  -8.2174067881555768e-01  -8.5290110725989388e-01  -8.8099497827424589e-01  -9.0433713528423187e-01  -9.2255874528476312e-01  -9.3615035796116208e-01  -9.4599848530674280e-01  -9.5302770792584890e-01  -9.5798177347696489e-01  -9.6127514411988990e-01  -9.6287015302525547e-01  -9.6207419370579261e-01  -9.5716939452901173e-01  -9.4467689259040410e-01  -9.1806044326286829e-01  -8.6572997746248803e-01  -7.6915971329860899e-01  -6.0463702603567615e-01  -3.5604666657970307e-01  -3.9742854607399680e-02   2.8562121973339244e-01   5.5447795496056340e-01   7.3773138672334770e-01   8.4259943159624096e-01   8.8704388360926212e-01   8.8195688903994707e-01   8.2549924266317842e-01   7.0418675167844780e-01   5.0179233323761885e-01   2.2043548534175739e-01  -9.8371520849404204e-02  -3.8753381254340002e-01  -5.9988570787995710e-01  -7.2874719154566892e-01  -7.8981548609642294e-01  -7.9910928584715901e-01  -7.6397899342056841e-01  -6.8372456154392047e-01  -5.5550062867552019e-01  -3.8392319273719455e-01  -1.8943130947577391e-01  -6.3208260840578179e-03   1.3078650191160679e-01   1.9915239741662716e-01   1.8957118884498136e-01   1.0306055042305845e-01  -4.8935694027854137e-02  -2.4170911642446824e-01  -4.4059203867990665e-01  -6.1404201185201523e-01  -7.4597492074438554e-01  -8.3656089546677059e-01  -8.9460742173666108e-01  -9.3028423658201442e-01  -9.5170485180772046e-01  -9.6434717096894473e-01  -9.7157697073296456e-01  -9.7533108589189332e-01  -9.7663058792959223e-01  -9.7589673264805288e-01  -9.7309616045712222e-01  -9.6776645349962120e-01  -9.5893429727063451e-01  -9.4495076263712052e-01
  -9.4039047113708851e-01  -9.1914070093464717e-01  -8.8783539725634586e-01  -8.4239194627277747e-01  -7.7815674853653394e-01  -6.9082979936626532e-01  -5.7801480625081458e-01  -4.4096540578503290e-01  -2.8552812599094923e-01  -1.2130858550211526e-01   4.0880872941962965e-02   1.9194389136679763e-01   3.2625850036238907e-01   4.4177109169688239e-01   5.3899465838991856e-01   6.1974259644194840e-01   6.8612004896457746e-01   7.3990606549149907e-01   7.8225063401131578e-01   8.1354954460101769e-01   8.3338039331192681e-01   8.4042487450565029e-01   8.3235919583873685e-01   8.0575978733494746e-01   7.5616594957375405e-01   6.7855359941314297e-01   5.6853410775101065e-01   4.2441753337132782e-01   2.4965717239915597e-01   5.4281326424729714e-02  -1.4635066335650754e-01  -3.3567424329169382e-01  -5.0078442187666916e-01  -6.3521552612058751e-01  -7.3865925463614368e-01  -8.1479647051448345e-01  -8.6893621884739614e-01  -9.0638444407395158e-01  -9.3165429904546704e-01  -9.4825229654678089e-01  -9.5875542760798504e-01  -9.6498896809861878e-01  -9.6821465511439775e-01  -9.6928696137851733e-01  -9.6877218714819691e-01  -9.6703216611969656e-01  -9.6428253322738233e-01  -9.6062838131790540e-01  -9.5608544694853759e-01  -9.5058809150677548e-01  -9.4399247628473337e-01  -9.3607974574660124e-01  -9.2657649054003244e-01  -9.1520992567012205e-01  -9.0182437288163020e-01  -8.8656491795170023e-01  -8.7009749046468643e-01  -8.5375896770991799e-01  -8.3949218398288350e-01  -8.2946090342095014e-01  -8.2541843132246473e-01  -8.2808838694157827e-01  -8.3687475633320352e-01  -8.5005032107942113e-01  -8.6532431870409643e-01  -8.8050453566541764e-01  -8.9398704280012586e-01  -9.0494214658405292e-01  -9.1324234176532326e-01  -9.1924411339757817e-01  -9.2354416489447222e-01  -9.2676411412105208e-01  -9.2938538884979116e-01  -9.3160992490725070e-01  -9.3322228901504090e-01  -9.3338988026003333e-01  -9.3032861992767146e-01  -9.2067837724263057e-01  -8.9840952048637424e-01  -8.5313528022879559e-01  -7.6841847394500218e-01  -6.2277033876037335e-01  -3.9936818610678126e-01  -1.0707446179224517e-01   2.0630793128328095e-01   4.7814939611566992e-01   6.7223527874678513e-01   7.8752203105325214e-01   8.3770785176845786e-01   8.3253047086140053e-01   7.7050119495517588e-01   6.4007893826070084e-01   4.2985718612112833e-01   1.4911520231459141e-01  -1.5700842893507544e-01  -4.2647802563913639e-01  -6.2040259540834153e-01  -7.3553885078936132e-01  -7.8582296777914462e-01  -7.8323919824342214e-01  -7.3036741834118613e-01  -6.2184952651529579e-01  -4.5271533034357986e-01  -2.3202145222355386e-01   8.2013445752125436e-03   2.2278094013088451e-01   3.7561227041047779e-01   4.5018593602341211e-01   4.4292633260802566e-01   3.5430219312759231e-01   1.8913475056792201e-01  -3.4619766894515069e-02  -2.8060342783450987e-01  -5.0567299891964512e-01  -6.8127308818720334e-01  -8.0224484212683134e-01  -8.7867655177652693e-01  -9.2440048647080386e-01  -9.5084365624077072e-01  -9.6571966987169422e-01  -9.7372509084206338e-01  -9.7755553624998004e-01  -9.7868602006583605e-01  -9.7785721783994939e-01  -9.7533657098781357e-01  -9.7102624227511880e-01  -9.6446483645617076e-01  -9.5474879006830660e-01
  -9.4774107850269795e-01  -9.3364984969661735e-01  -9.1386567988762835e-01  -8.8587582360100225e-01  -8.4655118948779950e-01  -7.9245405077802478e-01  -7.2048591868598622e-01  -6.2883954225383221e-01  -5.1797401123112408e-01  -3.9111479896485118e-01  -2.5385260978063107e-01  -1.1288579144629485e-01   2.5517965787759000e-02   1.5662821597452142e-01   2.7758086533015564e-01   3.8706079123098325e-01   4.8469998594134828e-01   5.7050391318838511e-01   6.4446093460157505e-01   7.0634592563049181e-01   7.5565067567176580e-01   7.9154462985400076e-01   8.1278514354403764e-01   8.1754499411659287e-01   8.0319589275983838e-01   7.6617289667588862e-01   7.0214453883836447e-01   6.0679960804532074e-01   4.7750061084483636e-01   3.1563180789772627e-01   1.2862104852053902e-01  -7.0060847220413836e-02  -2.6392909277175669e-01  -4.3831948019116307e-01  -5.8419190671185650e-01  -6.9900473621399506e-01  -7.8510490141288258e-01  -8.4731187541910391e-01  -8.9097677104395712e-01  -9.2089508847331092e-01  -9.4090945889761057e-01  -9.5390042953836063e-01  -9.6193814583384474e-01  -9.6646851295640612e-01  -9.6848180123565897e-01  -9.6864378751636404e-01  -9.6739204263264766e-01  -9.6500196126800064e-01  -9.6163198589755305e-01  -9.5735246049537281e-01  -9.5216627303906531e-01  -9.4602600872504661e-01  -9.3885779413389092e-01  -9.3059946295159324e-01  -9.2126308099365106e-01  -9.1101829217053998e-01  -9.0027763635553404e-01  -8.8973668112358750e-01  -8.8031446669768254e-01  -8.7296371218992019e-01  -8.6839286118188497e-01  -8.6680995776159753e-01  -8.6781890359135183e-01  -8.7052717131522428e-01  -8.7382063903866192e-01  -8.7668177741333808e-01  -8.7843357803808830e-01  -8.7884589418732184e-01  -8.7811109006183985e-01  -8.7673106975151860e-01  -8.7536428397757748e-01  -8.7466133186446093e-01  -8.7510647153075782e-01  -8.7686247814662766e-01  -8.7961323982011086e-01  -8.8237272579070736e-01  -8.8320299343755460e-01  -8.7872825193307103e-01  -8.6329591787707405e-01  -8.2768523695269336e-01  -7.5776499278026099e-01  -6.3503074133691373e-01  -4.4346494852681861e-01  -1.8568965972724716e-01   1.0312324504495390e-01   3.6795768325001249e-01   5.6793091788124617e-01   6.9209278843890820e-01   7.4707660826819278e-01   7.3971757206081679e-01   6.6867007634732545e-01   5.2586352271771519e-01   3.0780626818649276e-01   3.3489913943797189e-02  -2.4950910800155535e-01  -4.8836705379279177e-01  -6.5547386976735089e-01  -7.5152349836509236e-01  -7.8793258946204447e-01  -7.7171037939276887e-01  -6.9997789609977978e-01  -5.6269517428245430e-01  -3.5423896600464772e-01  -9.1212252748795963e-02   1.8111190138227068e-01   4.1027154682141415e-01   5.6503170436048733e-01   6.3903704789992855e-01   6.3551203681566670e-01   5.5492337261767211e-01   3.9486904818169516e-01   1.6176497298577719e-01  -1.1479995746158550e-01  -3.8507463702000000e-01  -6.0555167518775366e-01  -7.6060903146827297e-01  -8.5862561088746236e-01  -9.1641765571767109e-01  -9.4896388973967194e-01  -9.6656278882632973e-01  -9.7547801454705718e-01  -9.7928931217743143e-01  -9.7997295979690269e-01  -9.7858763285300354e-01  -9.7565685075440522e-01  -9.7135984076931270e-01  -9.6559740016196138e-01  -9.5797754122057133e-01
  -9.4658633795365754e-01  -9.3639504431005771e-01  -9.2350242774753810e-01  -9.0650940181583173e-01  -8.8352735638361724e-01  -8.5226894798011732e-01  -8.1028814864158183e-01  -7.5538381347716366e-01  -6.8609993926762081e-01  -6.0217742084164849e-01  -5.0475799655457032e-01  -3.9621322578465823e-01  -2.7964824930128052e-01  -1.5830409563123371e-01  -3.5114543789000086e-02   8.7435572450545951e-02   2.0718157810281138e-01   3.2202853763573547e-01   4.2975325198389253e-01   5.2797111013598474e-01   6.1427689261895935e-01   6.8646678310143516e-01   7.4269692638802398e-01   7.8145346686854222e-01   8.0129541879618660e-01   8.0044278867779028e-01   7.7637904551691328e-01   7.2570834567856579e-01   6.4456822872881014e-01   5.2988875500013333e-01   3.8151884512759987e-01   2.0454082717141653e-01   1.0245376631979830e-02  -1.8570218440391656e-01  -3.6760857301230693e-01  -5.2417643797843905e-01  -6.5051099967210435e-01  -7.4729550014008395e-01  -8.1853838516784805e-01  -8.6941433062121276e-01  -9.0488534633067197e-01  -9.2908466510326027e-01  -9.4519069210967654e-01  -9.5553031856038906e-01  -9.6175433172451941e-01  -9.6500850047240383e-01  -9.6607543304059740e-01  -9.6548032659928096e-01  -9.6356761995698714e-01  -9.6055325925514345e-01  -9.5656249563876528e-01  -9.5165702349944015e-01  -9.4586060855352871e-01  -9.3918548211800978e-01  -9.3166562394674257e-01  -9.2339201270303328e-01  -9.1454335925282026e-01  -9.0539090517110887e-01  -8.9626291948994563e-01  -8.8746026151602542e-01  -8.7914904350738343e-01  -8.7127380931498999e-01  -8.6354400821366495e-01  -8.5551105876160050e-01  -8.4671899799285344e-01  -8.3687243998887140e-01  -8.2597068933210083e-01  -8.1436802950349652e-01  -8.0275723510767261e-01  -7.9208048552307697e-01  -7.8339092378629016e-01  -7.7767852396826564e-01  -7.7568163055398220e-01  -7.7769294736913064e-01  -7.8337072400043684e-01  -7.9154307391127121e-01  -7.9998146968943684e-01  -8.0506817832588495e-01  -8.0125697575719967e-01  -7.8024924285125574e-01  -7.3014506609890906e-01  -6.3581560085287514e-01  -4.8340854796550548e-01  -2.7146183292962300e-01  -2.2810944175447712e-02   2.1920955243434903e-01   4.1379110836470534e-01   5.4073898430263090e-01   5.9737754097230411e-01   5.8576355808692693e-01   5.0481410928185944e-01   3.5209750834283127e-01   1.3449064892515133e-01  -1.2013501827234141e-01  -3.6663318795292676e-01  -5.6537546418749429e-01  -7.0020039045649973e-01  -7.7433437532494342e-01  -7.9564080770214862e-01  -7.6570366485579489e-01  -6.7617834995942960e-01  -5.1297108363845678e-01  -2.7138989427459226e-01   2.2816748755504934e-02   3.1264395119639021e-01   5.4333505608791399e-01   6.9205187770929444e-01   7.6233814294309454e-01   7.6306834059496564e-01   6.9543879970739741e-01   5.5227163395312284e-01   3.2891728774845419e-01   4.2476086754814818e-02  -2.5926759282272704e-01  -5.2040101026803276e-01  -7.1087623324249360e-01  -8.3312051174168500e-01  -9.0509904581371836e-01  -9.4505766046526418e-01  -9.6606357182113478e-01  -9.7615382842888943e-01  -9.7992472555788113e-01  -9.7992004630062746e-01  -9.7753748130768070e-01  -9.7354696165323507e-01  -9.6836695458788136e-01  -9.6218803395946195e-01  -9.5500569764517651e-01
  -9.3551740967046848e-01  -9.2685064311499832e-01  -9.1776184641242187e-01  -9.0759647975117930e-01  -8.9526949832587321e-01  -8.7929867372083059e-01  -8.5792483202458869e-01  -8.2930833072942012e-01  -7.9176706041197098e-01  -7.4399960119816078e-01  -6.8522857420058769e-01  -6.1521980472271043e-01  -5.3417366514112141e-01  -4.4255075278203126e-01  -3.4093824630784525e-01  -2.3005616542848334e-01  -1.1094986199355650e-01   1.4670932338522763e-02   1.4407798908783997e-01   2.7335356905381653e-01   3.9758720210786358e-01   5.1148579571920094e-01   6.1021002273372937e-01   6.9007580721257589e-01   7.4879261775990269e-01   7.8514327243713866e-01   7.9827679733766199e-01   7.8693334685584981e-01   7.4893515692658641e-01   6.8124306569769622e-01   5.8084940612337055e-01   4.4660859018039822e-01   2.8159200929253125e-01   9.4724926063519954e-02  -9.9898418838914149e-02  -2.8648679278407418e-01  -4.5208193228292343e-01  -5.8949535321512803e-01  -6.9743844625949614e-01  -7.7870415546924510e-01  -8.3796042072503107e-01  -8.8012705936210467e-01  -9.0952370023212237e-01  -9.2958712510484931e-01  -9.4289562838761887e-01  -9.5131346215765067e-01  -9.5615572784315006e-01  -9.5833271028130784e-01  -9.5846277135718394e-01  -9.5695506934484020e-01  -9.5406849662748627e-01  -9.4995289045691678e-01  -9.4467913624742916e-01  -9.3826209689013940e-01  -9.3068053308699950e-01  -9.2189326134312322e-01  -9.1185046194008046e-01  -9.0049479485438833e-01  -8.8775044289998162e-01  -8.7350197139595731e-01  -8.5757698403750870e-01  -8.3974961857949593e-01  -8.1978425686496936e-01  -7.9752120376418745e-01  -7.7299122752082960e-01  -7.4652683696427169e-01  -7.1883975468022021e-01  -6.9103763369239846e-01  -6.6457082817924340e-01  -6.4111191834450931e-01  -6.2238460937063711e-01  -6.0995813403742793e-01  -6.0502683302058202e-01  -6.0818265605171662e-01  -6.1919007169920692e-01  -6.3676281470226437e-01  -6.5834308051173795e-01  -6.7987015231250536e-01  -6.9551410560766680e-01  -6.9735136312757540e-01  -6.7512240125566569e-01  -6.1674512003833437e-01  -5.1119401508179008e-01  -3.5533336902701729e-01  -1.6230983322561809e-01   3.7525271300303920e-02   2.0882153532994885e-01   3.2618790890039279e-01   3.7805306540118605e-01   3.6093040382226105e-01   2.7440746954217238e-01   1.2291559118439838e-01  -7.7301225122279105e-02  -2.9498179010453046e-01  -4.9346688970023161e-01  -6.4720459432150235e-01  -7.4854784519734241e-01  -8.0088276892134691e-01  -8.0780862458446079e-01  -7.6569633903116574e-01  -6.6135412480462552e-01  -4.7755173441096999e-01  -2.1137305106890503e-01   1.0293767881098276e-01   4.0004436162858187e-01   6.2636983275086711e-01   7.6737327416750944e-01   8.3400555015393740e-01   8.3906556841370583e-01   7.8504771088206904e-01   6.6303304968751364e-01   4.6097144500131570e-01   1.8274130314595727e-01  -1.3350701877357682e-01  -4.2648329815010799e-01  -6.5114271111486688e-01  -7.9964013386015920e-01  -8.8815103950057583e-01  -9.3722434756094686e-01  -9.6263613580352647e-01  -9.7435408611588947e-01  -9.7813076551187950e-01  -9.7716448778539899e-01  -9.7323497112491297e-01  -9.6737793344043388e-01  -9.6025753765642663e-01  -9.5235339464515933e-01  -9.4402900296312908e-01
  -9.0946862373599813e-01  -9.0027403900886327e-01  -8.9288846553548362e-01  -8.8720156342891954e-01  -8.8256434685102891e-01  -8.7782120419774179e-01  -8.7144721560168015e-01  -8.6175209872449510e-01  -8.4708360406256655e-01  -8.2597813990372115e-01  -7.9722056839537925e-01  -7.5980815880457286e-01  -7.1283780449877843e-01  -6.5536326508194864e-01  -5.8627775925026282e-01  -5.0430077565204412e-01  -4.0814302585572015e-01  -2.9691603675710171e-01  -1.7078763873599465e-01  -3.1768972359183467e-02   1.1567295763393554e-01   2.6461109113807901e-01   4.0658646387282260e-01   5.3329696454933062e-01   6.3831388196885508e-01   7.1796597569824427e-01   7.7105738614799424e-01   7.9774646087369927e-01   7.9823798711130556e-01   7.7182519264367855e-01   7.1660768897492655e-01   6.3006410782324207e-01   5.1056962137631334e-01   3.5959720535590606e-01   1.8369102443935525e-01  -5.2708021180152276e-03  -1.9244159895089658e-01  -3.6410099838273391e-01  -5.1111870168303231e-01  -6.3005861350971692e-01  -7.2206489867894885e-01  -7.9086092829692523e-01  -8.4099641558988081e-01  -8.7677754554673437e-01  -9.0179628132585798e-01  -9.1883867189194013e-01  -9.2996607070596249e-01  -9.3665637178535743e-01  -9.3993852797506461e-01  -9.4050680199560266e-01  -9.3880313402339144e-01  -9.3507891345344607e-01  -9.2943384430480736e-01  -9.2184510388603713e-01  -9.1218347277462197e-01  -9.0022825904853609e-01  -8.8567641799673102e-01  -8.6815681671019718e-01  -8.4724674001540323e-01  -8.2250484410194424e-01  -7.9352070291904697e-01  -7.5999544542294362e-01  -7.2184370660027697e-01  -6.7931205137229811e-01  -6.3308105223738509e-01  -5.8432971462391592e-01  -5.3472900643332699e-01  -4.8636392827601782e-01  -4.4158721483949481e-01  -4.0283895239514328e-01  -3.7245284315714455e-01  -3.5247837791853165e-01  -3.4451004793899298e-01  -3.4951592342848720e-01  -3.6762450201482028e-01  -3.9785477944917313e-01  -4.3778251523313677e-01  -4.8320460397155529e-01  -5.2789813739383140e-01  -5.6362360336509010e-01  -5.8051120900107323e-01  -5.6808515682454463e-01  -5.1745531749169349e-01  -4.2530322582491625e-01  -2.9879809048950756e-01  -1.5751668423612880e-01  -2.8375409166688237e-02   6.3812467830062447e-02   1.0265533472520205e-01   8.0717868865365139e-02  -1.5810663015406456e-03  -1.3489048184549363e-01  -2.9925205209114719e-01  -4.6729860296324438e-01  -6.1376185775176650e-01  -7.2411148906593836e-01  -7.9502415585962805e-01  -8.2816178741491253e-01  -8.2291752193692602e-01  -7.7126652143003871e-01  -6.5617934693421121e-01  -4.5813749097354295e-01  -1.7584019362054112e-01   1.5021091968984121e-01   4.4968781849025619e-01   6.7121056733705542e-01   8.0640091276144066e-01   8.7098124549844758e-01   8.8038093344988466e-01   8.3874676578465901e-01   7.3767641127759931e-01   5.6177744454322631e-01   3.0447875464665297e-01  -9.6530304408441459e-03  -3.2253403603394448e-01  -5.7761917951502295e-01  -7.5374269037223907e-01  -8.6153427057012610e-01  -9.2204900460551908e-01  -9.5335691519720145e-01  -9.6742554338893127e-01  -9.7131124924748125e-01  -9.6897598802448337e-01  -9.6265053637318498e-01  -9.5368608075587058e-01  -9.4304858231269595e-01  -9.3158381743509688e-01  -9.2012385822579845e-01
  -8.5788298422942733e-01  -8.4588978506497492e-01  -8.3863524765866249e-01  -8.3652980926687204e-01  -8.3909003990552333e-01  -8.4499002361478048e-01  -8.5230549020180102e-01  -8.5888042529136133e-01  -8.6267348403635258e-01  -8.6199127719415147e-01  -8.5554287889723324e-01  -8.4235137072417632e-01  -8.2155829314807827e-01  -7.9219774973118318e-01  -7.5297610509256430e-01  -7.0211487392681193e-01  -6.3729151067154055e-01  -5.5577156786448700e-01  -4.5483129952844509e-01  -3.3260420405771796e-01  -1.8933917018725016e-01  -2.8774143131829133e-02   1.4114084459987031e-01   3.0904789209661315e-01   4.6272928097790650e-01   5.9227188796186270e-01   6.9208489815952268e-01   7.6081701172542515e-01   7.9971333470754424e-01   8.1059758181661090e-01   7.9440100379525935e-01   7.5056503438675248e-01   6.7737670947577056e-01   5.7318906757807853e-01   4.3835798678342253e-01   2.7724013910600076e-01   9.9099365524920546e-02  -8.3154874290154474e-02  -2.5617273275365859e-01  -4.0962123426707847e-01  -5.3803460640248912e-01  -6.4057821689477645e-01  -7.1953563599537296e-01  -7.7863914893376462e-01  -8.2184959796895829e-01  -8.5270447741872191e-01  -8.7406969483146524e-01  -8.8812990168002781e-01  -8.9646912088863095e-01  -9.0018378623328710e-01  -8.9997772134014764e-01  -8.9624394894460324e-01  -8.8911654167755061e-01  -8.7851310197130550e-01  -8.6415824399292340e-01  -8.4561168668855391e-01  -8.2229357970950001e-01  -7.9353338110222960e-01  -7.5863572676739177e-01  -7.1698747865367229e-01  -6.6819025263265974e-01  -6.1222269007972563e-01  -5.4958922661153786e-01  -4.8143203852710464e-01  -4.0954884175468226e-01  -3.3631033054439047e-01  -2.6447061247005460e-01  -1.9693234750629629e-01  -1.3650960071382301e-01  -8.5760091768630420e-02  -4.6893920305952685e-02  -2.1767488314831607e-02  -1.1906175534867058e-02  -1.8514791870815173e-02  -4.2386515982479056e-02  -8.3652061018352653e-02  -1.4128714068577503e-01  -2.1240887015337168e-01  -2.9152338104342629e-01  -3.7016737288602403e-01  -4.3746993480129348e-01  -4.8195076474990212e-01  -4.9427963554603926e-01  -4.7038456921711069e-01  -4.1410712076092843e-01  -3.3814062529145139e-01  -2.6170886008531391e-01  -2.0525440036154752e-01  -1.8488576043076155e-01  -2.0902759605797944e-01  -2.7709555149805604e-01  -3.7935573845655174e-01  -4.9876057162426818e-01  -6.1595433497556829e-01  -7.1557027225871939e-01  -7.8960655952548464e-01  -8.3593390363557663e-01  -8.5387132339463523e-01  -8.3937651503153166e-01  -7.8117416136693996e-01  -6.5951140987558365e-01  -4.5321045448811892e-01  -1.6177518839039326e-01   1.7070190130175972e-01   4.7123077762082366e-01   6.9001331532761290e-01   8.2232747571099629e-01   8.8671861599348112e-01   9.0050174786757198e-01   8.6967873493803405e-01   7.8770579177644429e-01   6.3900117063482786e-01   4.1054855313387828e-01   1.1319018356559535e-01  -2.0552844947379484e-01  -4.8439079635951987e-01  -6.8838028437742960e-01  -8.1853956265103545e-01  -8.9362196163483576e-01  -9.3299268659415002e-01  -9.5049670574890799e-01  -9.5461614535039296e-01  -9.5020318008334881e-01  -9.4003646238010696e-01  -9.2586898895090886e-01  -9.0909209045400008e-01  -8.9110621877880902e-01  -8.7347783161488834e-01
  -7.6276590799054445e-01  -7.4509010368771200e-01  -7.3662962985767300e-01  -7.3845132157069959e-01  -7.5005692716495731e-01  -7.6944546945101000e-01  -7.9353272704717714e-01  -8.1882742920367080e-01  -8.4211048700069480e-01  -8.6091877420211826e-01  -8.7368973654231807e-01  -8.7961746742998104e-01  -8.7832179043390057e-01  -8.6948544124762173e-01  -8.5251515824205204e-01  -8.2627725407339270e-01  -7.8888668713324106e-01  -7.3758660597306447e-01  -6.6876211570179911e-01  -5.7826004664008523e-01  -4.6223051459922071e-01  -3.1871724282723612e-01  -1.4982189267922508e-01   3.6482765839756071e-02   2.2654661759586409e-01   4.0422103106266766e-01   5.5575623122930407e-01   6.7335873476837471e-01   7.5547885986977348e-01   8.0452289818665268e-01   8.2400851967212485e-01   8.1654071997903444e-01   7.8297824266113647e-01   7.2260855192943740e-01   6.3414584958921261e-01   5.1733816300344837e-01   3.7477722582852524e-01   2.1307429545227052e-01   4.2503746752938595e-02  -1.2512414783760359e-01  -2.7936338564257457e-01  -4.1329816324567359e-01  -5.2409356536810003e-01  -6.1220241501886741e-01  -6.8002610183548695e-01  -7.3072260198685668e-01  -7.6741397849268544e-01  -7.9279073716244852e-01  -8.0896800777364763e-01  -8.1748960006134175e-01  -8.1938058853314244e-01  -8.1522157826662323e-01  -8.0520896375294082e-01  -7.8921487427048143e-01  -7.6683534913673745e-01  -7.3745460759105597e-01  -7.0032270063244528e-01  -6.5467657732410389e-01  -5.9989700547332458e-01  -5.3571274950987025e-01  -4.6241017623452613e-01  -3.8101545852529056e-01  -2.9336948948869063e-01  -2.0206006802892046e-01  -1.1018702433205457e-01  -2.1027591889352493e-02   6.2319435001269130e-02   1.3719753836724097e-01   2.0151973391460815e-01   2.5373752805354544e-01   2.9270322790180570e-01   3.1746139516061578e-01   3.2703657041352124e-01   3.2024425349272523e-01   2.9559569568116684e-01   2.5136635502295146e-01   1.8599183031920730e-01   9.8967588547293484e-02  -7.6373333855331293e-03  -1.2744153604604552e-01  -2.4895422196454370e-01  -3.5727440421188372e-01  -4.3847692704557867e-01  -4.8454212891381232e-01  -4.9606482472241031e-01  -4.8189075184137709e-01  -4.5644361683576729e-01  -4.3578094461558625e-01  -4.3341858013159129e-01  -4.5707680450259858e-01  -5.0708578059939313e-01  -5.7681131507658867e-01  -6.5517107284981035e-01  -7.3054819100668889e-01  -7.9419407347110038e-01  -8.4132767091409355e-01  -8.6968531182647735e-01  -8.7662233304229642e-01  -8.5572864017046124e-01  -7.9361791624091516e-01  -6.6880394687405087e-01  -4.5889395641077657e-01  -1.6330407944097186e-01   1.7251274723596413e-01   4.7427442111939488e-01   6.9268455470835932e-01   8.2466351659680370e-01   8.9033752399010813e-01   9.0850840527203358e-01   8.8710947407717611e-01   8.2213055012359337e-01   6.9987988772528276e-01   5.0475263740532184e-01   2.3643903606409578e-01  -7.2377147221935723e-02  -3.6437444310951017e-01  -5.9379137788707848e-01  -7.4887158462809922e-01  -8.4221551096591696e-01  -8.9251304106313489e-01  -9.1491514212406666e-01  -9.1930990966649384e-01  -9.1155139218883741e-01  -8.9508960840523200e-01  -8.7223254752554724e-01  -8.4503156886153830e-01  -8.1580430779624413e-01  -7.8734303625411961e-01
  -6.0006210583030040e-01  -5.7355178835195941e-01  -5.6281765015075824e-01  -5.6978412444316229e-01  -5.9393881471550014e-01  -6.3232368860038124e-01  -6.8004812419096528e-01  -7.3129684303009090e-01  -7.8054840065090114e-01  -8.2359804601952569e-01  -8.5800963462016588e-01  -8.8296335209802046e-01  -8.9869901563011623e-01  -9.0587460497944461e-01  -9.0502003043337209e-01  -8.9615876319778731e-01  -8.7854067710900696e-01  -8.5044466433797306e-01  -8.0900502873897395e-01  -7.5012617990474106e-01  -6.6863699387302622e-01  -5.5903204844667731e-01  -4.1720222873292756e-01  -2.4328330080478289e-01  -4.4641644914748424e-02   1.6336331141081128e-01   3.6095994733639603e-01   5.3066006518461051e-01   6.6257949012717776e-01   7.5510851993164030e-01   8.1189420032379078e-01   8.3810684870667318e-01   8.3793439941063941e-01   8.1359056619421177e-01   7.6544011283268154e-01   6.9282993758046807e-01   5.9539664658882030e-01   4.7454812807540281e-01   3.3462288298622705e-01   1.8306798800614951e-01   2.9311105921068475e-02  -1.1728271750555952e-01  -2.4935738876895414e-01  -3.6257743180770585e-01  -4.5552278693926174e-01  -5.2889392431537119e-01  -5.8454747512508620e-01  -6.2471787658930455e-01  -6.5151273438787349e-01  -6.6665747020686383e-01  -6.7139463812550071e-01  -6.6648171939132927e-01  -6.5223005031420067e-01  -6.2857847337419370e-01  -5.9518649139375313e-01  -5.5156695362102193e-01  -4.9725505844703044e-01  -4.3202789754285009e-01  -3.5614465537612283e-01  -2.7057539511499129e-01  -1.7713767339477171e-01  -7.8481073324361939e-02   2.2127691426573559e-02   1.2117555920209205e-01   2.1534137505817014e-01   3.0186264577291438e-01   3.7874563939412248e-01   4.4477795896460348e-01   4.9939176448310085e-01   5.4243087798215728e-01   5.7389423174112841e-01   5.9367844628417321e-01   6.0133984809174090e-01   5.9585598699556919e-01   5.7539404534200600e-01   5.3710644137173880e-01   4.7710494629477140e-01   3.9093393022729211e-01   2.7512252398600523e-01   1.3024653177576451e-01  -3.5297341483316036e-02  -2.0401502538619218e-01  -3.5408414591508963e-01  -4.6860240952600102e-01  -5.4222114748678440e-01  -5.8088074917653554e-01  -5.9710444989389766e-01  -6.0493773457324740e-01  -6.1620348337662467e-01  -6.3819670812809226e-01  -6.7280649722088615e-01  -7.1716149554267616e-01  -7.6554926653506594e-01  -8.1180971351423115e-01  -8.5106856862185554e-01  -8.8009925684985446e-01  -8.9631201622027334e-01  -8.9580544553510411e-01  -8.7075688353411773e-01  -8.0656513796545615e-01  -6.8075524378169683e-01  -4.7008097628848533e-01  -1.7333887175904733e-01   1.6404070047707861e-01   4.6726448667389930e-01   6.8678603870625410e-01   8.1993354191805357e-01   8.8768444163900317e-01   9.1006917244615848e-01   8.9689459823496054e-01   8.4690713726638378e-01   7.4947330924181432e-01   5.8950441889322036e-01   3.5960342636162568e-01   7.7162847641196630e-02  -2.1221536671555552e-01  -4.5913414347612663e-01  -6.3870539297743645e-01  -7.5322371035172453e-01  -8.1742901119511091e-01  -8.4630126019850760e-01  -8.5070950147853353e-01  -8.3751033832226907e-01  -8.1098643337515286e-01  -7.7429211861692382e-01  -7.3058899926058407e-01  -6.8373398724471346e-01  -6.3846888354956555e-01
  -3.5213342407365428e-01  -3.1547957320198805e-01  -3.0225008693685440e-01  -3.1523200193689682e-01  -3.5430650895666371e-01  -4.1619061395324169e-01  -4.9456544000163727e-01  -5.8094445069162526e-01  -6.6634431859511900e-01  -7.4325924156258738e-01  -8.0703214257985523e-01  -8.5607514848362021e-01  -8.9109309421399563e-01  -9.1394077632722515e-01  -9.2662361912361768e-01  -9.3065861819075613e-01  -9.2672737108210568e-01  -9.1449555756612477e-01  -8.9245945953541095e-01  -8.5777168553069294e-01  -8.0606292205765995e-01  -7.3145252099928071e-01  -6.2713629868086207e-01  -4.8717348317430359e-01  -3.0986049233700719e-01  -1.0182325843541723e-01   1.2022014188344471e-01   3.3332174161523298e-01   5.1676532890687310e-01   6.5905409804069759e-01   7.5882217140600128e-01   8.2099159347913764e-01   8.5223417136772428e-01   8.5810312478734641e-01   8.4200700464127609e-01   8.0534590247870197e-01   7.4825663677849186e-01   6.7065797284615947e-01   5.7340292755888078e-01   4.5923083129773701e-01   3.3315446970440160e-01   2.0200215392160623e-01   7.3235767344441149e-02  -4.6455532451081472e-02  -1.5216939566849202e-01  -2.4112059956654319e-01  -3.1236139396705837e-01  -3.6620452556347627e-01  -4.0361543569244240e-01  -4.2574351405588068e-01  -4.3362020762053666e-01  -4.2801758126011147e-01  -4.0941843632468677e-01  -3.7808148839080180e-01  -3.3417003693269759e-01  -2.7794298917226457e-01  -2.0997544392094603e-01  -1.3138361987255381e-01  -4.3984204408116623e-02   4.9667250868933088e-02   1.4641948968167495e-01   2.4283328030575241e-01   3.3559458102447565e-01   4.2190332532738650e-01   4.9973937627785509e-01   5.6793746717279225e-01   6.2609886337919352e-01   6.7438866114630780e-01   7.1330079416956438e-01   7.4342741038107651e-01   7.6526651585209082e-01   7.7904744189114949e-01   7.8456417327276284e-01   7.8096388734963895e-01   7.6646462540515325e-01   7.3795704892987368e-01   6.9054534119123878e-01   6.1726636956854697e-01   5.0974064405817088e-01   3.6109288772308590e-01   1.7212304635391762e-01  -4.1977919405203290e-02  -2.5241493687633620e-01  -4.2965789138715826e-01  -5.5826051269590049e-01  -6.4020296458885351e-01  -6.8784500343166011e-01  -7.1577025833540264e-01  -7.3606903237114474e-01  -7.5659677201957698e-01  -7.8085860746357083e-01  -8.0884101864707247e-01  -8.3837517735331535e-01  -8.6655403065705006e-01  -8.9065742732079278e-01  -9.0829079119284017e-01  -9.1668828784841561e-01  -9.1127271760080408e-01  -8.8345426070559474e-01  -8.1798046179045736e-01  -6.9186104940186988e-01  -4.8135588389777145e-01  -1.8468593888783050e-01   1.5316906975356412e-01   4.5738262448263262e-01   6.7810659098654336e-01   8.1266095834192364e-01   8.8249817805253972e-01   9.0862584691292136e-01   9.0251218669196909e-01   8.6554284239800938e-01   7.9057656885994576e-01   6.6512084278333850e-01   4.7902093233015519e-01   2.3763005054024355e-01  -2.9196372266963033e-02  -2.7758645099051138e-01  -4.7411638892250407e-01  -6.0862931875373583e-01  -6.8788638656400147e-01  -7.2395303574181935e-01  -7.2746971843751740e-01  -7.0602383221341758e-01  -6.6497470049830021e-01  -6.0890178370686565e-01  -5.4287485684416747e-01  -4.7313032854580400e-01  -4.0699554366506496e-01
  -3.3679716592099174e-02   9.4230835511822653e-03   2.3825379054927098e-02   6.3186367821854716e-03  -4.4149648857619517e-02  -1.2591914424141981e-01  -2.3373997674889690e-01  -3.5836078077495370e-01  -4.8757631436472415e-01  -6.0899256522776768e-01  -7.1324987569185949e-01  -7.9586436918149162e-01  -8.5688702000440864e-01  -8.9917062702045603e-01  -9.2649002970118766e-01  -9.4226310950543168e-01  -9.4892229334449596e-01  -9.4770943768839588e-01  -9.3861515032119880e-01  -9.2030758971934667e-01  -8.8995868604621609e-01  -8.4301109058309565e-01  -7.7305648925473003e-01  -6.7229942527563336e-01  -5.3336286161624868e-01  -3.5310835175106381e-01  -1.3765666833753729e-01   9.5012776076887212e-02   3.1929997320433556e-01   5.1205643652671695e-01   6.6089476147447501e-01   7.6502933496817216e-01   8.3060810218231529e-01   8.6553850327480319e-01   8.7644697198899191e-01   8.6769979197651248e-01   8.4160679898214608e-01   7.9911172353206095e-01   7.4065449268724604e-01   6.6703314990909979e-01   5.8012375617780887e-01   4.8325020569492988e-01   3.8107436726662625e-01   2.7900820004459798e-01   1.8238850579311972e-01   9.5725240423571278e-02   2.2283111387283894e-02  -3.5968219917248079e-02  -7.8127461877884469e-02  -1.0403647429738312e-01  -1.1397172494439423e-01  -1.0843892840754274e-01  -8.8075720912045963e-02  -5.3667393229189175e-02  -6.2331849775513759e-03   5.2841892917310285e-02   1.2169559008800918e-01   1.9793862239740478e-01   2.7872856817658709e-01   3.6096765829540711e-01   4.4160664241390374e-01   5.1796452231500889e-01   5.8798877335671773e-01   6.5037708947871664e-01   7.0456212169305932e-01   7.5057715068726261e-01   7.8887293631158351e-01   8.2012056187989302e-01   8.4504888930898769e-01   8.6431031557505422e-01   8.7838372316403335e-01   8.8747869438830007e-01   8.9142886603341032e-01   8.8951817275959821e-01   8.8020232568436119e-01   8.6063733491459271e-01   8.2597939545849830e-01   7.6851659492440061e-01   6.7721366032955033e-01   5.3929277367055883e-01   3.4659645826044305e-01   1.0696850005496332e-01  -1.4877620132918601e-01  -3.7868747624754540e-01  -5.5408218177168367e-01  -6.7095919485325761e-01  -7.4189800271017536e-01  -7.8355193437205428e-01  -8.0969998511690999e-01  -8.2945403440579957e-01  -8.4771320359814306e-01  -8.6626985698963788e-01  -8.8496616624906310e-01  -9.0266451870827669e-01  -9.1781119149678081e-01  -9.2849026623674691e-01  -9.3187670713941029e-01  -9.2303833797382084e-01  -8.9293917893237673e-01  -8.2592418753768093e-01  -6.9872935911993284e-01  -4.8753826016592627e-01  -1.9066647801558295e-01   1.4689309419609503e-01   4.5062707480185715e-01   6.7113231111807448e-01   8.0605939686397765e-01   8.7720648185097017e-01   9.0624515486323387e-01   9.0593896722764433e-01   8.7993018098889353e-01   8.2441971644410084e-01   7.3047081122763557e-01   5.8860501933119957e-01   3.9737410365672093e-01   1.7231173291790575e-01  -5.4844547623414064e-02  -2.5069337229490057e-01  -3.9541274047226543e-01  -4.8546131122736469e-01  -5.2674112050582655e-01  -5.2763332278669739e-01  -4.9581298780818406e-01  -4.3805315554339341e-01  -3.6121883685485634e-01  -2.7319399825495466e-01  -1.8303048417525836e-01  -1.0024485931811355e-01
   2.9599788362948831e-01   3.3749339777765797e-01   3.5079173263869035e-01   3.3290658012931518e-01   2.8130236736609010e-01   1.9436106493546484e-01   7.2944036068306350e-02  -7.7407622299573764e-02  -2.4509704970051593e-01  -4.1390098922059099e-01  -5.6754725030623132e-01  -6.9485161478500246e-01  -7.9199513703937985e-01  -8.6119654156461012e-01  -9.0769148863357763e-01  -9.3712969359563147e-01  -9.5414030903178526e-01  -9.6185550261277464e-01  -9.6189003385573424e-01  -9.5443107766252044e-01  -9.3822873934011253e-01  -9.1043639123933817e-01  -8.6632014760525466e-01  -7.9905398730440724e-01  -7.0008957604557498e-01  -5.6102248460432325e-01  -3.7779441222211485e-01  -1.5645129709791669e-01   8.3767180548772982e-02   3.1521712630002169e-01   5.1328389616061676e-01   6.6544431712242369e-01   7.7173219946540139e-01   8.3933591316378597e-01   8.7706026266202564e-01   8.9227151138971528e-01   8.9003433363347484e-01   8.7337443908479429e-01   8.4394603425633008e-01   8.0275285383345907e-01   7.5080954933821054e-01   6.8965422738186688e-01   6.2164383915551946e-01   5.4995877639969559e-01   4.7834268423097187e-01   4.1066321646712584e-01   3.5046152321109153e-01   3.0061184244757527e-01   2.6316701227304828e-01   2.3935557533368934e-01   2.2967784318355020e-01   2.3401628947416686e-01   2.5172761973735824e-01   2.8168860264099582e-01   3.2232308368080398e-01   3.7162778226017046e-01   4.2724499905837143e-01   4.8659267878597678e-01   5.4706251670305595e-01   6.0624303283316638e-01   6.6213009723166660e-01   7.1326329217511431e-01   7.5877380208368261e-01   7.9833473040543179e-01   8.3205273457436069e-01   8.6032497202825997e-01   8.8370532966517945e-01   9.0278814288839504e-01   9.1812646444247203e-01   9.3016848612424052e-01   9.3921272911918019e-01   9.4535299547484863e-01   9.4840221936930413e-01   9.4774688704980625e-01   9.4208943416249213e-01   9.2897951639613330e-01   9.0403334723648809e-01   8.5976388074626753e-01   7.8432989085784066e-01   6.6163590407398254e-01   4.7635809784935312e-01   2.2736315865978196e-01  -5.7496257329133910e-02  -3.2747239870186817e-01  -5.4035761927037984e-01  -6.8469294657319302e-01  -7.7284206413157319e-01  -8.2393823126041832e-01  -8.5397482453872409e-01  -8.7352469756033624e-01  -8.8859011907135999e-01  -9.0203499405265297e-01  -9.1476545544093191e-01  -9.2655455394925657e-01  -9.3645391953561352e-01  -9.4280222068966157e-01  -9.4272445475543520e-01  -9.3102811716664313e-01  -8.9829325886025657e-01  -8.2846650111127174e-01  -6.9809675541857197e-01  -4.8384126050818799e-01  -1.8538813267380116e-01   1.5108539021742862e-01   4.5177623628731722e-01   6.6923361845616935e-01   8.0238055970747313e-01   8.7337694304336955e-01   9.0415803236994208e-01   9.0828081429426333e-01   8.9107703154867934e-01   8.5153364511393814e-01   7.8425062300603043e-01   6.8226857058398682e-01   5.4209719403058931e-01   3.7008045111908089e-01   1.8525724586034703e-01   1.3735731764308312e-02  -1.2220732729912287e-01  -2.1108216627362453e-01  -2.5148546661577170e-01  -2.4785204485425272e-01  -2.0713377926605048e-01  -1.3758112122844665e-01  -4.8641866314242041e-02   4.9214356509200308e-02   1.4533841397592195e-01   2.3013237710967815e-01
   5.6879661654217717e-01   6.0220987235349732e-01   6.1296001833349145e-01   5.9864182403568156e-01   5.5594201470317928e-01   4.8061066645028711e-01   3.6856113224592024e-01   2.1846423043991947e-01   3.5399975097552605e-02  -1.6671075922946610e-01  -3.6717081034997501e-01  -5.4557299055267616e-01  -6.8918063864255141e-01  -7.9533075583581492e-01  -8.6862546135186325e-01  -9.1653299092883489e-01  -9.4621986963953164e-01  -9.6316775026881030e-01  -9.7091991512904197e-01  -9.7127141156825181e-01  -9.6447170567762230e-01  -9.4927254858684107e-01  -9.2275736069079395e-01  -8.8001710603155225e-01  -8.1388043961405321e-01  -7.1526243694087688e-01  -5.7512486662803164e-01  -3.8902957769109953e-01  -1.6337188612815506e-01   8.1425980273357429e-02   3.1642322838972020e-01   5.1652020668541576e-01   6.6966564238925763e-01   7.7673890688023317e-01   8.4565892360169093e-01   8.8574565728249666e-01   9.0478640202419314e-01   9.0828513791082766e-01   8.9977233771918419e-01   8.8143156857561233e-01   8.5472784200290208e-01   8.2092136679284078e-01   7.8144343949217521e-01   7.3810511497205722e-01   6.9313530885606467e-01   6.4905631137738617e-01   6.0845784192881092e-01   5.7373412213528574e-01   5.4686019060562197e-01   5.2923867091199872e-01   5.2163250659907923e-01   5.2415968579666883e-01   5.3633672463184534e-01   5.5714792410452207e-01   5.8514340784167285e-01   6.1856029605398843e-01   6.5547379228006442e-01   6.9396172115657850e-01   7.3226936806598941e-01   7.6894221722282818e-01   8.0291028903834172e-01   8.3350892546552102e-01   8.6044597815412294e-01   8.8372742549922689e-01   9.0356813303513284e-01   9.2030263406702562e-01   9.3431197939569166e-01   9.4596631836605505e-01   9.5558598148890606e-01   9.6341213921547708e-01   9.6958097912792496e-01   9.7408691463685859e-01   9.7671770715341499e-01   9.7693001753293252e-01   9.7361170916454698e-01   9.6463865296533513e-01   9.4608592222502952e-01   9.1094345977870272e-01   8.4741963408071819e-01   7.3796459670579062e-01   5.6270705283472300e-01   3.1297752038891979e-01   1.1605042819810285e-02  -2.8596993830012796e-01  -5.2637843076750546e-01  -6.9086675449780754e-01  -7.9115287404314039e-01  -8.4855218819389178e-01  -8.8111134622727794e-01  -9.0069118918456037e-01  -9.1409189111941858e-01  -9.2478964620552295e-01  -9.3422516636433683e-01  -9.4260944809029845e-01  -9.4927093404940965e-01  -9.5262887359703230e-01  -9.4968005383334952e-01  -9.3490491082488070e-01  -8.9837623755720841e-01  -8.2348269061988377e-01  -6.8663349520316874e-01  -4.6577432393460744e-01  -1.6383401106578094e-01   1.7027497543408032e-01   4.6421278336202931e-01   6.7464190546576375e-01   8.0303355945167754e-01   8.7193676547037824e-01   9.0305691941617761e-01   9.1015648684205108e-01   8.9960383726474924e-01   8.7241042971177019e-01   8.2605895299828158e-01   7.5643929229334228e-01   6.6073227647172206e-01   5.4121598901856671e-01   4.0810355689500766e-01   2.7840825505591449e-01   1.7043190880624204e-01   9.7652941925557901e-02   6.5992767253676976e-02   7.4573441103262417e-02   1.1772546308252851e-01   1.8669450424027262e-01   2.7100269508030722e-01   3.5985780480400587e-01   4.4363085719005663e-01   5.1492071874373901e-01
   7.5513516263722047e-01   7.7918857680759190e-01   7.8745417833887321e-01   7.7813741122755498e-01   7.4811369653339033e-01   6.9248204906808941e-01   6.0472398644404213e-01   4.7812691958703335e-01   3.0921953228711596e-01   1.0282781560506632e-01  -1.2446867930789329e-01  -3.4738923974856972e-01  -5.4186646616848733e-01  -6.9445590138654012e-01  -8.0419256705442188e-01  -8.7801152804250560e-01  -9.2516335393353555e-01  -9.5381893123945882e-01  -9.6989995292020792e-01  -9.7709399260664909e-01  -9.7720900992232218e-01  -9.7046068603577562e-01  -9.5553700870104674e-01  -9.2942201967558091e-01  -8.8703810281832252e-01  -8.2095789764356430e-01  -7.2177681122197157e-01  -5.8021749059708227e-01  -3.9194142919245645e-01  -1.6396879488203850e-01   8.2407978136711968e-02   3.1782361698769224e-01   5.1755944090361516e-01   6.7035416421852967e-01   7.7772580382879486e-01   8.4791101747280162e-01   8.9037131201676445e-01   9.1303010870501999e-01   9.2161047331004298e-01   9.1994513602278072e-01   9.1055334506245167e-01   8.9518617684826296e-01   8.7524756326326281e-01   8.5207705986285798e-01   8.2710293540751656e-01   8.0187872032126917e-01   7.7802486383136171e-01   7.5710791392843235e-01   7.4049693745109502e-01   7.2923368630472529e-01   7.2394197490036305e-01   7.2478808918728765e-01   7.3149229217050893e-01   7.4338574697404325e-01   7.5950256067365007e-01   7.7869588938858536e-01   7.9976250898346923e-01   8.2156168065674129e-01   8.4311019950587829e-01   8.6364470778372615e-01   8.8264413984451817e-01   8.9981845870609789e-01   9.1507061125532740e-01   9.2844792989837144e-01   9.4008949256359609e-01   9.5018159202308961e-01   9.5891979864202892e-01   9.6648467540628502e-01   9.7302140593259145e-01   9.7862626671642472e-01   9.8332594309413257e-01   9.8704907436864986e-01   9.8956487273038796e-01   9.9037079178490783e-01   9.8846597554397597e-01   9.8193144415040645e-01   9.6714829163542215e-01   9.3747442256285218e-01   8.8132044343132798e-01   7.8053903807692637e-01   6.1271669131229323e-01   3.6424669352196565e-01   5.3793195127854521e-02  -2.6094621465866541e-01  -5.1899721246082620e-01  -6.9623355696114153e-01  -8.0387436824130920e-01  -8.6486285321133116e-01  -8.9874375929832495e-01  -9.1826076704602111e-01  -9.3068945995646502e-01  -9.3980785018823898e-01  -9.4728625548315781e-01  -9.5350211525181894e-01  -9.5784950395051116e-01  -9.5866989514333456e-01  -9.5268958829503403e-01  -9.3387994536594421e-01  -8.9155581465980216e-01  -8.0831602085043019e-01  -6.6060899276946605e-01  -4.2896050477305148e-01  -1.2195378073294832e-01   2.0737070417912296e-01   4.8967639746645825e-01   6.8834192676506256e-01   8.0860468297917554e-01   8.7328050171377747e-01   9.0326919014924401e-01   9.1192736182255896e-01   9.0601616739438218e-01   8.8779621397335651e-01   8.5674689158894535e-01   8.1104159695546685e-01   7.4927683257292399e-01   6.7259723616053901e-01   5.8653056289845906e-01   5.0114192428532078e-01   4.2871197039472630e-01   3.7998840773357917e-01   3.6117843067917405e-01   3.7292897150223875e-01   4.1101453130075388e-01   4.6789971949545045e-01   5.3460879065217559e-01   6.0252327878825129e-01   6.6471318982148353e-01   7.1648461536792585e-01
   8.6561431416437884e-01   8.8237033381000218e-01   8.8895392411329133e-01   8.8408022466957104e-01   8.6530076523327792e-01   8.2843469873346143e-01   7.6713432578680274e-01   6.7302910554002504e-01   5.3736501556344995e-01   3.5523316658140780e-01   1.3194372212377609e-01  -1.1284233355273954e-01  -3.4967492855131865e-01  -5.5208662604098335e-01  -7.0717276347573854e-01  -8.1612187316318763e-01  -8.8788937626527842e-01  -9.3291199412647008e-01  -9.5983250641092455e-01  -9.7465813414167712e-01  -9.8101182651191310e-01  -9.8060399701961876e-01  -9.7355545680768363e-01  -9.5846160122944779e-01  -9.3220129747430813e-01  -8.8957047390496780e-01  -8.2300730046667181e-01  -7.2303846900764768e-01  -5.8052532138831558e-01  -3.9159304426389324e-01  -1.6390010590712112e-01   8.0982543061521028e-02   3.1420843543787458e-01   5.1208049735316818e-01   6.6413072652758731e-01   7.7210469805499349e-01   8.4409103626501980e-01   8.8934430595352043e-01   9.1569190904875364e-01   9.2890269325912178e-01   9.3295313397094282e-01   9.3053820954307453e-01   9.2354178092547612e-01   9.1339401671651155e-01   9.0130087792962454e-01   8.8837110334743064e-01   8.7565508996007946e-01   8.6412860627793764e-01   8.5463778755757192e-01   8.4783863643225188e-01   8.4414306544284434e-01   8.4369504521881611e-01   8.4637423487758523e-01   8.5183559590650915e-01   8.5956815907414763e-01   8.6897237738177224e-01   8.7943324862157324e-01   8.9038801038949966e-01   9.0136923644581413e-01   9.1203047784107760e-01   9.2214368399998636e-01   9.3158664014948644e-01   9.4031458516530575e-01   9.4833673358611625e-01   9.5568945952973361e-01   9.6242332183886403e-01   9.6858815808485854e-01   9.7422893095081198e-01   9.7937348269919478e-01   9.8402695521342576e-01   9.8814967952617005e-01   9.9163155304084349e-01   9.9422735755466007e-01   9.9544992666790366e-01   9.9434455499430974e-01   9.8907686160266861e-01   9.7614582000584116e-01   9.4903394915570627e-01   8.9616056749526196e-01   7.9896629410324049e-01   6.3369143348944990e-01   3.8436980711251167e-01   6.8027375452776095e-02  -2.5587719195984926e-01  -5.2234197904999047e-01  -7.0497028873938805e-01  -8.1527350192340753e-01  -8.7727204560238514e-01  -9.1127894347306304e-01  -9.3039903297762772e-01  -9.4204864617671791e-01  -9.5006544343318822e-01  -9.5614810583661414e-01  -9.6066076317018745e-01  -9.6289950329247109e-01  -9.6096024690583259e-01  -9.5109618969454324e-01  -9.2649421497153150e-01  -8.7538325669292405e-01  -7.7939526598298925e-01  -6.1559324638597723e-01  -3.6912602613964579e-01  -5.6968961848900046e-02   2.6329801980826001e-01   5.2805892869677773e-01   7.1002289407975572e-01   8.1889345563607752e-01   8.7734414827032814e-01   9.0484940889248477e-01   9.1379888747061799e-01   9.1079316623168927e-01   8.9867863720595853e-01   8.7810913721483042e-01   8.4872768930730769e-01   8.1026941589655488e-01   7.6373988740675802e-01   7.1241239614580831e-01   6.6207071673310924e-01   6.2001199159216536e-01   5.9305367686861032e-01   5.8548399637139981e-01   5.9793079828236839e-01   6.2748329586767881e-01   6.6880184911952512e-01   7.1565467213015588e-01   7.6232590106261000e-01   8.0448533984035164e-01   8.3939957517430908e-01
   9.2484677424368078e-01   9.3692743214840513e-01   9.4260855147306488e-01   9.4099527938186456e-01   9.3035291706007506e-01   9.0760651142742088e-01   8.6775262975421119e-01   8.0335482763577781e-01   7.0466861779127865e-01   5.6157361364856218e-01   3.6863943757638318e-01   1.3260517184439569e-01  -1.2348521668586432e-01  -3.6694759183373954e-01  -5.7061482809279740e-01  -7.2333569604824977e-01  -8.2860158879335399e-01  -8.9687098987515701e-01  -9.3915455226402234e-01  -9.6412522223780406e-01  -9.7762351217918830e-01  -9.8308179625723846e-01  -9.8205552556415343e-01  -9.7454860668747523e-01  -9.5906635746769942e-01  -9.3241342020967477e-01  -8.8934304266973796e-01  -8.2233070427409516e-01  -7.2211861000633404e-01  -5.8004977308410066e-01  -3.9290692061054494e-01  -1.6870919783459537e-01   7.1521059036896539e-02   3.0037821177029200e-01   4.9558029694101813e-01   6.4720680552343590e-01   7.5669257966292136e-01   8.3149370479634710e-01   8.8033281496078586e-01   9.1075115047877442e-01   9.2843443725587671e-01   9.3739758497987047e-01   9.4040812506817917e-01   9.3939621012092389e-01   9.3575864077693516e-01   9.3056666665115118e-01   9.2468114493380293e-01   9.1881247115310472e-01   9.1353263707843757e-01   9.0927452844295753e-01   9.0631928492114788e-01   9.0479912685395403e-01   9.0470576866734509e-01   9.0592184318477231e-01   9.0825498050273468e-01   9.1148477079800005e-01   9.1539695840011082e-01   9.1981609118232954e-01   9.2461302079041563e-01   9.2970637204515394e-01   9.3504218607964162e-01   9.4057857473116413e-01   9.4626286992192776e-01   9.5202888283988718e-01   9.5779304292373735e-01   9.6346955805613121e-01   9.6897466724855530e-01   9.7424074137352235e-01   9.7920909297096803e-01   9.8382709605891561e-01   9.8801919884897182e-01   9.9165767694181461e-01   9.9448903733795269e-01   9.9602293732200498e-01   9.9529528670105127e-01   9.9044655489904643e-01   9.7790634971206114e-01   9.5099865062828637e-01   8.9781482377098287e-01   7.9923696200413841e-01   6.3085737466022085e-01   3.7668264811079166e-01   5.5276712582923215e-02  -2.7153071479421820e-01  -5.3801519657526986e-01  -7.1905767607539317e-01  -8.2756808515155789e-01  -8.8814261617583790e-01  -9.2109597508867991e-01  -9.3934657936838695e-01  -9.5012196829778339e-01  -9.5710937488101755e-01  -9.6187683000831203e-01  -9.6462613018945520e-01  -9.6439456459538753e-01  -9.5882983383847054e-01  -9.4344103430506754e-01  -9.1027809625472877e-01  -8.4615731508115544e-01  -7.3184710712061429e-01  -5.4638861674840089e-01  -2.8253962842411967e-01   3.1959756804737116e-02   3.3660566834594158e-01   5.7736822772027396e-01   7.3818984709138669e-01   8.3303263619987511e-01   8.8370249255675160e-01   9.0765917894114168e-01   9.1587844689784315e-01   9.1438566416681100e-01   9.0612230424612128e-01   8.9229894623527706e-01   8.7333920940372667e-01   8.4961786652252713e-01   8.2212546271934039e-01   7.9296517325582561e-01   7.6546575230190994e-01   7.4368654218476804e-01   7.3139806703086585e-01   7.3094480584308541e-01   7.4253838573783515e-01   7.6427419118354867e-01   7.9280618929634306e-01   8.2431329743304482e-01   8.5536407035811568e-01   8.8340648854885551e-01   9.0685055695375127e-01
   9.5399937936343071e-01   9.6339004987992471e-01   9.6868531449305650e-01   9.6927447796414534e-01   9.6399362024331092e-01   9.5074663825008221e-01   9.2598741096736792e-01   8.8407795869835548e-01   8.1672846379143460e-01   7.1320172704312879e-01   5.6266218952214742e-01   3.6011326222842754e-01   1.1458094537700031e-01  -1.4757913844188142e-01  -3.9181090375311101e-01  -5.9192542491442679e-01  -7.3929930646888697e-01  -8.3948465096410796e-01  -9.0382564384036768e-01  -9.4338579603263240e-01  -9.6656488460619849e-01  -9.7889418699698783e-01  -9.8356538775029112e-01  -9.8196850468905861e-01  -9.7400349338366043e-01  -9.5811780545671454e-01  -9.3111158890925094e-01  -8.8782284847040194e-01  -8.2098335992001370e-01  -7.2185143812072883e-01  -5.8253412526285486e-01  -4.0048236227630180e-01  -1.8356767656109102e-01   4.8681411713006884e-02   2.7113039333827860e-01   4.6313845237438411e-01   6.1497215653860504e-01   7.2718880023312804e-01   8.0612079622738586e-01   8.5964107128143818e-01   8.9481804976329704e-01   9.1715365085482925e-01   9.3063061884491260e-01   9.3804193820312920e-01   9.4133033002190558e-01   9.4186325489000566e-01   9.4061884209227120e-01   9.3831123270352546e-01   9.3546083545003933e-01   9.3244216833068472e-01   9.2950891079338072e-01   9.2682219329465665e-01   9.2447243536396639e-01   9.2251289732267061e-01   9.2098579305077022e-01   9.1995365432350451e-01   9.1951157187657839e-01   9.1979302376528116e-01   9.2094795776058280e-01   9.2311501918373862e-01   9.2637541429056547e-01   9.3072307641555274e-01   9.3604154531449957e-01   9.4211875762015773e-01   9.4867491452289809e-01   9.5541764775728344e-01   9.6208215854999857e-01   9.6846767856317317e-01   9.7443554644309616e-01   9.7989960913815266e-01   9.8478161955035703e-01   9.8896528168493691e-01   9.9220486481588976e-01   9.9399803868126124e-01   9.9332727882751526e-01   9.8820473062944059e-01   9.7480269943581765e-01   9.4598374646369088e-01   8.8912263177742190e-01   7.8429708108548435e-01   6.0703925673230263e-01   3.4364169918307191e-01   1.7471969191196257e-02  -3.0664084221357346e-01  -5.6553690284490576e-01  -7.3874735418162030e-01  -8.4153117660010512e-01  -8.9853683802423268e-01  -9.2935329735826822e-01  -9.4620617853513478e-01  -9.5583480043635638e-01  -9.6158773538694298e-01  -9.6475374049403151e-01  -9.6521784783146991e-01  -9.6156582160509962e-01  -9.5073472588874508e-01  -9.2713998817733789e-01  -8.8130808320568255e-01  -7.9848932674945117e-01  -6.5937255438488884e-01  -4.4759315691973739e-01  -1.6718187576372812e-01   1.4277204050761960e-01   4.2327117365292438e-01   6.3400625615534134e-01   7.7048995821482302e-01   8.4971304597843134e-01   8.9169922210473185e-01   9.1143268248927933e-01   9.1819428548913029e-01   9.1717813821445038e-01   9.1110349350419595e-01   9.0133744101885871e-01   8.8862777868090259e-01   8.7361324017402697e-01   8.5720410825873028e-01   8.4082314838951877e-01   8.2642307786517666e-01   8.1621108020010202e-01   8.1212676769275693e-01   8.1527354535181595e-01   8.2556661335390102e-01   8.4176348706083104e-01   8.6184535224299108e-01   8.8355721476206706e-01   9.0488162837721209e-01   9.2430561532301780e-01   9.4086077089715370e-01
   9.6682480054444420e-01   9.7478346305559427e-01   9.7998420388314678e-01   9.8201960035283853e-01   9.8013526064754430e-01   9.7296127170171154e-01   9.5812587421070472e-01   9.3169791487530906e-01   8.8750053862872302e-01   8.1655590343746343e-01   7.0748020724273508e-01   5.4936820408022080e-01   3.3851148686775667e-01   8.6723826986917718e-02  -1.7693867607133934e-01  -4.1760511411642920e-01  -6.1131580013845110e-01  -7.5213045911651077e-01  -8.4711088333272033e-01  -9.0788567522167196e-01  -9.4519891641185483e-01  -9.6701197061606059e-01  -9.7850005593087763e-01  -9.8261869920966727e-01  -9.8061991233386547e-01  -9.7233921006134016e-01  -9.5622842786830464e-01  -9.2918547093129356e-01  -8.8630096567683214e-01  -8.2080769676944121e-01  -7.2477123426095547e-01  -5.9126157577032101e-01  -4.1827516241856871e-01  -2.1293306326561778e-01   7.6267118008112589e-03   2.2126213080375023e-01   4.0916944434535268e-01   5.6152239581558772e-01   6.7750474506774339e-01   7.6185551189796619e-01   8.2124681177443726e-01   8.6205484843467550e-01   8.8946914032796576e-01   9.0737800465093255e-01   9.1856930784887214e-01   9.2499953537637269e-01   9.2802957604050695e-01   9.2860444965857392e-01   9.2738012537504688e-01   9.2481446593558247e-01   9.2123305842018177e-01   9.1688422517665757e-01   9.1198561390734179e-01   9.0676892663948139e-01   9.0151580655150598e-01   8.9658405874513625e-01   8.9241028138249312e-01   8.8948784761864585e-01   8.8830961136208053e-01   8.8928843148684422e-01   8.9266432541266161e-01   8.9843237128522024e-01   9.0631139167249808e-01   9.1578158930695130e-01   9.2617690661718544e-01   9.3681490065045847e-01   9.4711032598579181e-01   9.5665060595148832e-01   9.6520403189006665e-01   9.7268253728530008e-01   9.7906298140648118e-01   9.8429731347854998e-01   9.8819146053204421e-01   9.9024135014029424e-01   9.8934231611676426e-01   9.8327446155424281e-01   9.6775552071440585e-01   9.3486369491345700e-01   8.7086069673960886e-01   7.5484306271021429e-01   5.6311887857002607e-01   2.8686537713642013e-01  -4.2804748546780402e-02  -3.5840574198330843e-01  -6.0287290999890486e-01  -7.6305992112351206e-01  -8.5697524855392826e-01  -9.0870428216584276e-01  -9.3647192918302735e-01  -9.5139251351986198e-01  -9.5946368217003308e-01  -9.6352184905322702e-01  -9.6441639535334511e-01  -9.6152655355969929e-01  -9.5273052250826828e-01  -9.3391234041859883e-01  -8.9798660691166576e-01  -8.3367437706722669e-01  -7.2505400170202372e-01  -5.5480577153446931e-01  -3.1522019395993933e-01  -2.4595278833690726e-02   2.6972904681607612e-01   5.1704599715588029e-01   6.9342270367626402e-01   8.0421091640357401e-01   8.6747400252401885e-01   9.0060064920804406e-01   9.1585486453795739e-01   9.2072612883812299e-01   9.1946637753229010e-01   9.1440496035753971e-01   9.0683985506546305e-01   8.9758764066363583e-01   8.8734440985360985e-01   8.7690757506543049e-01   8.6729390484839941e-01   8.5971284357923194e-01   8.5540238893819032e-01   8.5534824878932159e-01   8.6001031125266270e-01   8.6916433244384761e-01   8.8195109832859386e-01   8.9709469715328327e-01   9.1320544128136838e-01   9.2903617310314990e-01   9.4363317556778170e-01   9.5635786921178800e-01
   9.7119433809406464e-01   9.7847823339174600e-01   9.8374575677330300e-01   9.8673820018113534e-01   9.8698496980585304e-01   9.8362008866154382e-01   9.7511269268245504e-01   9.5885212679489695e-01   9.3056455790806047e-01   8.8360721423787603e-01   8.0849220005733269e-01   6.9356379092616283e-01   5.2846215337304092e-01   3.1136652504641849e-01   5.6829476049107264e-02  -2.0449476755960477e-01  -4.3885081578595148e-01  -6.2510297169978291e-01  -7.5959725410942047e-01  -8.5020700500879942e-01  -9.0834533701223519e-01  -9.4421397850350108e-01  -9.6528205273834700e-01  -9.7639107454131169e-01  -9.8030329026974872e-01  -9.7818591208464967e-01  -9.6987077875119176e-01  -9.5389920140806006e-01  -9.2739208113293314e-01  -8.8588078896314526e-01  -8.2334259486582684e-01  -7.3289967081864904e-01  -6.0870606114663728e-01  -4.4913798266509120e-01  -2.6005819702053989e-01  -5.5533946122569566e-02   1.4587196569792499e-01   3.2750389788148948e-01   4.7943212243965122e-01   5.9919324521671835e-01   6.8953623601780967e-01   7.5554914974733045e-01   8.0261686082000716e-01   8.3541438523068468e-01   8.5761486991889502e-01   8.7194228329715961e-01   8.8035100260957477e-01   8.8421398809994134e-01   8.8449011579385106e-01   8.8185536996933600e-01   8.7681340786899509e-01   8.6978495596846017e-01   8.6119106382200550e-01   8.5152251567663895e-01   8.4139945447982278e-01   8.3160261250140044e-01   8.2307098930499545e-01   8.1684385325368858e-01   8.1394981758605578e-01   8.1524204287415913e-01   8.2121614746059590e-01   8.3185218517459880e-01   8.4654801113742073e-01   8.6418235720969083e-01   8.8332047863798357e-01   9.0249952951274970e-01   9.2050489893289766e-01   9.3653576348881007e-01   9.5022952775026770e-01   9.6156072806430748e-01   9.7067949896552042e-01   9.7772896801520359e-01   9.8266304335183607e-01   9.8502236207425542e-01   9.8359759991511453e-01   9.7582934910865149e-01   9.5675918281475503e-01   9.1733387269689926e-01   8.4234256035565058e-01   7.0997730196734610e-01   4.9874454543729685e-01   2.0773763976897774e-01  -1.2216041887386581e-01  -4.2284247258435392e-01  -6.4698725701714399e-01  -7.9028172891028359e-01  -8.7315156031967767e-01  -9.1841571963172197e-01  -9.4242383207819391e-01  -9.5486767213251045e-01  -9.6080128118451591e-01  -9.6237684351247132e-01  -9.5981011052384613e-01  -9.5171878967893475e-01  -9.3493105495756679e-01  -9.0386379939535277e-01  -8.4958448121475127e-01  -7.5918021546769743e-01  -6.1716842147744611e-01  -4.1212168079967115e-01  -1.4956421594306796e-01   1.3832773893585634e-01   4.0362775004074031e-01   6.1056243567972168e-01   7.5104728330812254e-01   8.3683069842721303e-01   8.8498881358303516e-01   9.0973429565233543e-01   9.2062028828400155e-01   9.2341912979664198e-01   9.2144601889444344e-01   9.1657976462041502e-01   9.0993813032033399e-01   9.0228532143479212e-01   8.9428691750418343e-01   8.8664705970734203e-01   8.8016461109320376e-01   8.7568998538372522e-01   8.7400881960088417e-01   8.7567142579862212e-01   8.8084738377083938e-01   8.8925615338430841e-01   9.0022314304787687e-01   9.1282638534062910e-01   9.2608853616782427e-01   9.3913333761311169e-01   9.5128160267510342e-01   9.6206570140500092e-01
   9.7131532482717575e-01   9.7841303164102156e-01   9.8385855057166050e-01   9.8751217245302392e-01   9.8910536003472171e-01   9.8811786405927282e-01   9.8359601690517573e-01   9.7386587875261132e-01   9.5610257324470416e-01   9.2572946151593938e-01   8.7574431808086850e-01   7.9637804803721945e-01   6.7611624421981187e-01   5.0564857950533337e-01   2.8525130938039261e-01   3.1583345114344463e-02  -2.2445862800634853e-01  -4.5126493211423335e-01  -6.3046283431854810e-01  -7.5994028382743961e-01  -8.4767869927165440e-01  -9.0450848567276887e-01  -9.3997964118475885e-01  -9.6109141895317785e-01  -9.7241176909552463e-01  -9.7658012688070295e-01  -9.7474510536748404e-01  -9.6681415282924121e-01  -9.5151377009589422e-01  -9.2632363210872826e-01  -8.8739147517473072e-01  -8.2964843877651462e-01  -7.4745104638402871e-01  -6.3610579414332880e-01  -4.9426076784691331e-01  -3.2628249416950861e-01  -1.4286448134605811e-01   4.1375250742036462e-02   2.1237986486307581e-01   3.6049822968432599e-01   4.8174281046097323e-01   5.7669243590573727e-01   6.4850537138798081e-01   7.0120434035726487e-01   7.3864528589611123e-01   7.6406413787742211e-01   7.7998396854349950e-01   7.8828577508141240e-01   7.9034655075999316e-01   7.8718355351978941e-01   7.7959912327353098e-01   7.6831074386480136e-01   7.5407771198466100e-01   7.3780825450288279e-01   7.2064952492063727e-01   7.0403070406070611e-01   6.8965158210936861e-01   6.7938416969625637e-01   6.7508961163823167e-01   6.7834286469299432e-01   6.9011263215982344e-01   7.1044908783468630e-01   7.3829992241364506e-01   7.7155339993360494e-01   8.0738733734931101e-01   8.4284361876073222e-01   8.7544677828749073e-01   9.0361159563691829e-01   9.2672744086468994e-01   9.4493866014378047e-01   9.5879130883773300e-01   9.6886168900492176e-01   9.7544495776866569e-01   9.7823853348936496e-01   9.7593524369241880e-01   9.6552360419486927e-01   9.4111581922735388e-01   8.9216962511921061e-01   8.0176517702060024e-01   6.4776474940598705e-01   4.1317442371747970e-01   1.0824847264134296e-01  -2.1612324905527880e-01  -4.9515318933887581e-01  -6.9439748751776331e-01  -8.1841767687253952e-01  -8.8906333296019047e-01  -9.2717982240406438e-01  -9.4688390658344590e-01  -9.5623802898859833e-01  -9.5918465789297280e-01  -9.5699414715349551e-01  -9.4898929305648494e-01  -9.3267526920349408e-01  -9.0340740721923107e-01  -8.5375806650941166e-01  -7.7300992009279712e-01  -6.4794296567000775e-01  -4.6711987130500732e-01  -2.3027131423258151e-01   4.1727915976419547e-02   3.0919759935890018e-01   5.3358019633201637e-01   6.9697085231154920e-01   8.0320344880606320e-01   8.6645139704196406e-01   9.0126992969864095e-01   9.1858714853408319e-01   9.2548389435337297e-01   9.2620769692310179e-01   9.2321853210000260e-01   9.1794854963849082e-01   9.1129277030489519e-01   9.0391232151541911e-01   8.9641904687748264e-01   8.8947290014768532e-01   8.8380474406830289e-01   8.8016406133792280e-01   8.7920610975710811e-01   8.8134974653939757e-01   8.8666425818134631e-01   8.9483223497169095e-01   9.0521234020678465e-01   9.1697519539868988e-01   9.2926472592914156e-01   9.4132855134231486e-01   9.5259102057993128e-01   9.6266384139586747e-01
   9.6927279541277644e-01   9.7657713316445316e-01   9.8232387359451656e-01   9.8648644221131931e-01   9.8895602030451579e-01   9.8945892215541353e-01   9.8743520070284985e-01   9.8185160624078471e-01   9.7090711701392429e-01   9.5159365302532162e-01   9.1910756850575515e-01   8.6624431416566439e-01   7.8324309110103985e-01   6.5913102494499964e-01   4.8595345991659755e-01   2.6584138110370309e-01   1.6495210473396194e-02  -2.3227132517500154e-01  -4.5151375044364622e-01  -6.2509607958270896e-01  -7.5156411976948234e-01  -8.3838105610957048e-01  -8.9552899096008742e-01  -9.3187042186723734e-01  -9.5398956491687170e-01  -9.6626294717822614e-01  -9.7128590995855346e-01  -9.7026690228486956e-01  -9.6327017253404712e-01  -9.4930826567122839e-01  -9.2633926601189032e-01  -8.9126817239651068e-01  -8.4011280792050769e-01  -7.6855652417791642e-01  -6.7308167804121788e-01  -5.5262347219986896e-01  -4.1015952185888771e-01  -2.5320248591764577e-01  -9.2439572754156263e-02   6.1069532819188865e-02   1.9865164567772486e-01   3.1539954645565976e-01   4.0996844524013265e-01   4.8347134073605835e-01   5.3826127035290550e-01   5.7702433021438548e-01   6.0226762174788551e-01   6.1611041715911996e-01   6.2026711849681826e-01   6.1612939397410815e-01   6.0489965407715918e-01   5.8774145406877587e-01   5.6593386759264153e-01   5.4100722261189171e-01   5.1484641970475731e-01   4.8973421163873476e-01   4.6832050397872221e-01   4.5349503173479594e-01   4.4816111152199511e-01   4.5489673918967849e-01   4.7551381577094137e-01   5.1054384186345914e-01   5.5877087816628945e-01   6.1702111221365419e-01   6.8047900066501454e-01   7.4361808541695840e-01   8.0148964273572543e-01   8.5078700822834596e-01   8.9022313588395319e-01   9.2016995255493850e-01   9.4191107491283177e-01   9.5687455373487951e-01   9.6604338474110207e-01   9.6948651505920413e-01   9.6585046895470106e-01   9.5155567777291261e-01   9.1950218421475449e-01   8.5733210601488274e-01   7.4647274316654588e-01   5.6585366978260310e-01   3.0627632391069759e-01  -8.1840998564527978e-03  -3.1909349289331790e-01  -5.7022206755458249e-01  -7.4170244979796207e-01  -8.4556065808630654e-01  -9.0369366798194295e-01  -9.3438164167252447e-01  -9.4930227467567763e-01  -9.5475920599709507e-01  -9.5341140987325790e-01  -9.4538987900552129e-01  -9.2876361311402045e-01  -8.9948406950729520e-01  -8.5103781618328811e-01  -7.7417091554375594e-01  -6.5758712852102896e-01  -4.9116761980767404e-01  -2.7299973676892220e-01  -1.7675512158669915e-02   2.4292111002217787e-01   4.7285505833056035e-01   6.4988094524718976e-01   7.7144170857547145e-01   8.4768165747631985e-01   8.9200571752289348e-01   9.1575215809244903e-01   9.2684299850345508e-01   9.3027239120189642e-01   9.2901341960690498e-01   9.2478761815635746e-01   9.1860690222896235e-01   9.1112653116704267e-01   9.0287952280183315e-01   8.9442753787106732e-01   8.8644967180432932e-01   8.7975588287993978e-01   8.7521853314829989e-01   8.7362296342889412e-01   8.7548439028262415e-01   8.8089631760290499e-01   8.8948463551445511e-01   9.0048882464908642e-01   9.1294143635013691e-01   9.2586905483745996e-01   9.3844952214229860e-01   9.5008854922168662e-01   9.6042283009691920e-01
   9.6591416681143316e-01   9.7386418956305865e-01   9.8010415982327714e-01   9.8474409073784308e-01   9.8782810561100010e-01   9.8927784646243822e-01   9.8881485336590336e-01   9.8584322881363096e-01   9.7925925624426513e-01   9.6715856319114002e-01   9.4640554875526028e-01   9.1208630998344686e-01   8.5700512363551318e-01   7.7172573709259884e-01   6.4614433609921840e-01   4.7370902988208013e-01   2.5778596127402886e-01   1.5862675326485942e-02  -2.2441623977918035e-01  -4.3687323070609629e-01  -6.0686829764317485e-01  -7.3274460098843797e-01  -8.2090390870633745e-01  -8.8026707680649663e-01  -9.1898927736179559e-01  -9.4329856416416191e-01  -9.5746025279084634e-01  -9.6410753777330549e-01  -9.6458773520423935e-01  -9.5920156765414921e-01  -9.4733257946851435e-01  -9.2750559539947774e-01  -8.9745878689164249e-01  -8.5433589327819159e-01  -7.9513335880859448e-01  -7.1748460450661722e-01  -6.2071187222823210e-01  -5.0679345610042026e-01  -3.8070229136504108e-01  -2.4971650424692859e-01  -1.2186140450623878e-01  -4.1791910062316528e-03   9.8411805107974870e-02   1.8337660646253573e-01   2.5014802358370469e-01   2.9944875296425127e-01   3.3266457813457118e-01   3.5141546633511911e-01   3.5733222115700541e-01   3.5199824297968124e-01   3.3699560733681966e-01   3.1401051656447665e-01   2.8495315530377296e-01   2.5206332085010075e-01   2.1797216656035606e-01   1.8570946518459608e-01   1.5864984762550116e-01   1.4040919744697966e-01   1.3468669699574820e-01   1.4503204596808916e-01   1.7446748238590420e-01   2.2488042587671475e-01   2.9615945578110092e-01   3.8528342378451891e-01   4.8591234570593056e-01   5.8917703569236912e-01   6.8581586724354793e-01   7.6874476354551602e-01   8.3459999923854000e-01   8.8355214767295009e-01   9.1791414166740193e-01   9.4054900780845685e-01   9.5367383845054043e-01   9.5808562690516841e-01   9.5250096514363025e-01   9.3265790436807050e-01   8.8995935008632299e-01   8.1004287474163161e-01   6.7331634784645333e-01   4.6232616336380877e-01   1.7961103726559230e-01  -1.3624095666600905e-01  -4.2472814239941492e-01  -6.4322914999298320e-01  -7.8601801441132713e-01  -8.7013780148483966e-01  -9.1613780906740105e-01  -9.3934279988746283e-01  -9.4890651959529615e-01  -9.4927066993586040e-01  -9.4158088595474909e-01  -9.2446741062535431e-01  -8.9427871764693312e-01  -8.4499358196583096e-01  -7.6823364931854377e-01  -6.5411925534578730e-01  -4.9415139245868944e-01  -2.8688571824121445e-01  -4.4435212874440133e-02   2.0649808165140832e-01   4.3414961076276332e-01   6.1612943146877608e-01   7.4647339678223301e-01   8.3185656829779331e-01   8.8380797511198761e-01   9.1321711864041966e-01   9.2826074624577426e-01   9.3436841546510063e-01   9.3487988311378556e-01   9.3174360019489666e-01   9.2605101273740620e-01   9.1841206951105570e-01   9.0921528881299574e-01   8.9882953453386061e-01   8.8776540338850085e-01   8.7679535149286103e-01   8.6698763780284505e-01   8.5961502292122027e-01   8.5591704915236777e-01   8.5677990511779423e-01   8.6245508009802507e-01   8.7245667921876502e-01   8.8568747160234718e-01   9.0074002980844914e-01   9.1623204067777331e-01   9.3105621955503892e-01   9.4448237565427351e-01   9.5613754703342435e-01
   9.6124841412546302e-01   9.7047254294434826e-01   9.7753828254645836e-01   9.8275542049804898e-01   9.8635224321085035e-01   9.8843620231438956e-01   9.8895050214001046e-01   9.8760814322417034e-01   9.8377939634654998e-01   9.7630774198863279e-01   9.6322572489670821e-01   9.4135498165114262e-01   9.0582358203021762e-01   8.4968605830619448e-01   7.6412791509424172e-01   6.4011910258752436e-01   4.7231984202473565e-01   2.6450875407979174e-01   3.2763375460168276e-02  -1.9823185524492570e-01  -4.0495802732606301e-01  -5.7355605503786422e-01  -7.0142312658983696e-01  -7.9341603054816900e-01  -8.5717352281601977e-01  -9.0008820765967945e-01  -9.2806131628321831e-01  -9.4530705064763720e-01  -9.5456846008706819e-01  -9.5740406694981073e-01  -9.5442141852797535e-01  -9.4543500433009808e-01  -9.2957833076406438e-01  -9.0542280255905649e-01  -8.7117675327705613e-01  -8.2502807359620356e-01  -7.6565888063807541e-01  -6.9286262194622572e-01  -6.0807831090551223e-01  -5.1457458886374829e-01  -4.1710995000505013e-01  -3.2113106169347688e-01  -2.3181366184173408e-01  -1.5330078963211974e-01  -8.8348776802673279e-02  -3.8357067752664453e-02  -3.6266657975877470e-03   1.6330154755961224e-02   2.2535319172517887e-02   1.6390934846771454e-02  -3.8815096070266009e-04  -2.5782403929799302e-02  -5.7459309328945496e-02  -9.2773384967575367e-02  -1.2879507218117853e-01  -1.6235708381862046e-01  -1.9010250222152364e-01  -2.0850175948271682e-01  -2.1383290310901820e-01  -2.0214917071659416e-01  -1.6934568568800162e-01  -1.1151973241490326e-01  -2.5908485660064706e-02   8.7445606227341238e-02   2.2369376255011775e-01   3.7221738722084641e-01   5.1841220592329551e-01   6.4827372496931213e-01   7.5302492587323411e-01   8.3067103315809088e-01   8.8416590794873628e-01   9.1831399807151803e-01   9.3726609181457965e-01   9.4305340429624285e-01   9.3465927237697799e-01   9.0704107205126983e-01   8.4988177048262803e-01   7.4696793761568192e-01   5.7928934149506750e-01   3.3682830362893146e-01   3.7317950392924459e-02  -2.6889246247318033e-01  -5.2674071330321237e-01  -7.1024199179265768e-01  -8.2525229200579164e-01  -8.9102622123525710e-01  -9.2565634030371502e-01  -9.4133495986155735e-01  -9.4466958484998687e-01  -9.3808992475850883e-01  -9.2088900637919013e-01  -8.8971346615276148e-01  -8.3872964828882424e-01  -7.5993206229539045e-01  -6.4432072374026705e-01  -4.8487680430364244e-01  -2.8161387109110425e-01  -4.6616504112768020e-02   1.9590631094485456e-01   4.1779108618075889e-01   5.9860043530950968e-01   7.3168308181236896e-01   8.2172425776094749e-01   8.7853374270011808e-01   9.1210917802974523e-01   9.3039343698395971e-01   9.3890516630580922e-01   9.4115775118451706e-01   9.3923218097335048e-01   9.3425896379474760e-01   9.2676834738732350e-01   9.1694276793904927e-01   9.0482680858521647e-01   8.9053871194199785e-01   8.7450216623167321e-01   8.5766567713755248e-01   8.4161667800956763e-01   8.2846534567509522e-01   8.2043304452872912e-01   8.1923408970512646e-01   8.2550182861166288e-01   8.3854376875861680e-01   8.5655691790941813e-01   8.7719115223587230e-01   8.9818512261616090e-01   9.1781703939537085e-01   9.3506564608614529e-01   9.4953251331838540e-01
   9.5456537125303820e-01   9.6606759637531570e-01   9.7453477376962161e-01   9.8060200171490997e-01   9.8476056553759328e-01   9.8733670804999130e-01   9.8848220909498075e-01   9.8814980758754745e-01   9.8603952916081328e-01   9.8149548055663471e-01   9.7333474320507141e-01   9.5958535570677173e-01   9.3713218677524157e-01   9.0131693132389312e-01   8.4567864564442008e-01   7.6226058698593513e-01   6.4317559369825683e-01   4.8396410803520168e-01   2.8800347297294709e-01   6.8999410121223126e-02  -1.5187387209146114e-01  -3.5366393724967105e-01  -5.2279769758408490e-01  -6.5516235281268487e-01  -7.5362350596347705e-01  -8.2425460577744758e-01  -8.7354655424535310e-01  -9.0703498059044141e-01  -9.2890284451115379e-01  -9.4204927473460565e-01  -9.4830090795818778e-01  -9.4862453759301446e-01  -9.4329978562684758e-01  -9.3206376365839438e-01  -9.1425579615806751e-01  -8.8900362448526038e-01  -8.5547761831939750e-01  -8.1321428144945651e-01  -7.6245598653694202e-01  -7.0441467981052597e-01  -6.4134402104387755e-01  -5.7635290069004741e-01  -5.1299330684766753e-01  -4.5475425399708452e-01  -4.0461338095709676e-01  -3.6475279563260432e-01  -3.3645707465868052e-01  -3.2015016570154342e-01  -3.1550155777917915e-01  -3.2155046414634419e-01  -3.3682023463679051e-01  -3.5942233995269701e-01  -3.8715522044316708e-01  -4.1760422033980149e-01  -4.4823330853828591e-01  -4.7645097452103402e-01  -4.9962082768039801e-01  -5.1499190752250845e-01  -5.1953233186610626e-01  -5.0967777359215638e-01  -4.8105457573320121e-01  -4.2835154007181886e-01  -3.4570464998440015e-01  -2.2818623590987491e-01  -7.4872419497660436e-02   1.0722832268850280e-01   3.0142933239326319e-01   4.8546143939308434e-01   6.4038222880348328e-01   7.5743660211924690e-01   8.3794806925053456e-01   8.8841594015872705e-01   9.1551879177766238e-01   9.2310447391566308e-01   9.1068115367480096e-01   8.7237193277863501e-01   7.9611169169233897e-01   6.6466999734990151e-01   4.6255755400752901e-01   1.9177472480549129e-01  -1.1368026342277689e-01  -3.9836906694252400e-01  -6.1985249057949088e-01  -7.6860871056567714e-01  -8.5818617401932784e-01  -9.0755285253697349e-01  -9.3166409838690334e-01  -9.3955869082023502e-01  -9.3525921141222335e-01  -9.1891645274461098e-01  -8.8749230116830669e-01  -8.3513519539455017e-01  -7.5375734259397653e-01  -6.3462886350943981e-01  -4.7177830511752655e-01  -2.6700730398971045e-01  -3.3889595205160661e-02   2.0365965256920182e-01   4.1972538238438856e-01   5.9635368376044617e-01   7.2794188392631209e-01   8.1872436528243453e-01   8.7748459515470589e-01   9.1335515956750202e-01   9.3379976094377015e-01   9.4416348348404577e-01   9.4794784415860267e-01   9.4726570074271521e-01   9.4324884390036445e-01   9.3634325131644769e-01   9.2651650078263370e-01   9.1342183569685587e-01   8.9658775464405704e-01   8.7569298690964592e-01   8.5096184323791202e-01   8.2361272827000642e-01   7.9616387077014750e-01   7.7230347175431824e-01   7.5614698350249498e-01   7.5103304657908843e-01   7.5837266676507742e-01   7.7712280267264067e-01   8.0415697370453065e-01   8.3532476133924716e-01   8.6667307989927767e-01   8.9530581013190580e-01   9.1966081153222279e-01   9.3931203445047728e-01
   9.4432582841865220e-01   9.5974708880111215e-01   9.7059304563380822e-01   9.7804288219826574e-01   9.8299738450666507e-01   9.8608599934626895e-01   9.8769787513131369e-01   9.8800423108174718e-01   9.8695508881741723e-01   9.8423728408571320e-01   9.7918425956980837e-01   9.7062289597255780e-01   9.5664618731870388e-01   9.3431576609435962e-01   8.9935087321520668e-01   8.4596758973185648e-01   7.6721482637275196e-01   6.5631247762466371e-01   5.0933327591620681e-01   3.2863071985817155e-01   1.2490705917921729e-01  -8.4553282910094008e-02  -2.8145049907075526e-01  -4.5236282972037906e-01  -5.9136139023207734e-01  -6.9892460019929192e-01  -7.7918751539488929e-01  -8.3746856968824035e-01  -8.7878608146806769e-01  -9.0723692948863555e-01  -9.2587983627756820e-01  -9.3684073033296733e-01  -9.4147887872158353e-01  -9.4055188129034795e-01  -9.3436664253438551e-01  -9.2292809660131681e-01  -9.0609922649858432e-01  -8.8378385802781989e-01  -8.5612269427009391e-01  -8.2367196042911739e-01  -7.8751541725806828e-01  -7.4927135878864326e-01  -7.1097173535006419e-01  -6.7483695136954558e-01  -6.4300158558921883e-01  -6.1726196533259980e-01  -5.9889223035475159e-01  -5.8855140722520138e-01  -5.8627145969433048e-01  -5.9151010986605246e-01  -6.0324354377555711e-01  -6.2008487762992237e-01  -6.4040912641106451e-01  -6.6247272251529277e-01  -6.8450536831733877e-01  -7.0475840528210709e-01  -7.2148578181597256e-01  -7.3284508763622391e-01  -7.3669642020785275e-01  -7.3028935415623342e-01  -7.0983002339175671e-01  -6.6998562300182218e-01  -6.0354305882876647e-01  -5.0182977425805109e-01  -3.5701921424305955e-01  -1.6736425068100713e-01   5.6128034854972753e-02   2.8789946445951065e-01   4.9701826683000377e-01   6.6191807636966749e-01   7.7726685854206745e-01   8.4925360559352936e-01   8.8702198360652207e-01   8.9667833074455605e-01   8.7850949401164380e-01   8.2584958074083592e-01   7.2527798915184316e-01   5.6048141222246295e-01   3.2379490474404976e-01   3.3084729603192531e-02  -2.6453317750250027e-01  -5.1759988674753998e-01  -7.0051309382764526e-01  -8.1705008113967814e-01  -8.8438678737342769e-01  -9.1942455569197901e-01  -9.3369908552743275e-01  -9.3313695502830807e-01  -9.1903696681829072e-01  -8.8884684110246093e-01  -8.3664333566652083e-01  -7.5387716269429816e-01  -6.3136119555369041e-01  -4.6336663723181409e-01  -2.5321315182861909e-01  -1.6822291069034712e-02   2.2038066017736940e-01   4.3308890883234752e-01   6.0542113830198740e-01   7.3361471945061141e-01   8.2261421199134088e-01   8.8100805575210051e-01   9.1741079970383921e-01   9.3882571426489392e-01   9.5031412820001759e-01   9.5524445821308102e-01   9.5568283860181591e-01   9.5273548851788159e-01   9.4678741893608009e-01   9.3764508751451847e-01   9.2461929538434473e-01   9.0661375034002001e-01   8.8231744925529243e-01   8.5062031988328368e-01   8.1132889845808664e-01   7.6607657232025805e-01   7.1900820486276518e-01   6.7660871836135483e-01   6.4630901871497148e-01   6.3424524985218844e-01   6.4317962687297059e-01   6.7155818334855866e-01   7.1409488308935209e-01   7.6357476332498486e-01   8.1304780988412872e-01   8.5746892879027481e-01   8.9426280257846757e-01   9.2294588087094831e-01
   9.2790709725210418e-01   9.4989281633917222e-01   9.6473132625921132e-01   9.7449657331847317e-01   9.8074190127552718e-01   9.8455156474667138e-01   9.8663325266637425e-01   9.8740031650756321e-01   9.8702174036446100e-01   9.8543608792277404e-01   9.8232228973584101e-01   9.7702437602870429e-01   9.6842155909064387e-01   9.5474157136449866e-01   9.3332565648611321e-01   9.0039956725946324e-01   8.5098148341119095e-01   7.7918183175969613e-01   6.7923657304021323e-01   5.4749118046510714e-01   3.8494832618945141e-01   1.9904265254737372e-01   2.9418439112397499e-03  -1.8801043583361737e-01  -3.6084123972530124e-01  -5.0786191707399797e-01  -6.2689816772648799e-01  -7.1970409395755119e-01  -7.8999391900753668e-01  -8.4195480632812836e-01  -8.7942076959100568e-01  -9.0554210023923043e-01  -9.2273962516529195e-01  -9.3278460041003641e-01  -9.3692079378811566e-01  -9.3599234168701195e-01  -9.3057264528740080e-01  -9.2109152866449551e-01  -9.0796168120804643e-01  -8.9169464417510769e-01  -8.7299275603837179e-01  -8.5279046507204159e-01  -8.3223514787816488e-01  -8.1260496490735235e-01  -7.9518264311935583e-01  -7.8111006166739905e-01  -7.7125911500382949e-01  -7.6614052089918194e-01  -7.6586651202541001e-01  -7.7016352013753220e-01  -7.7842910759298889e-01  -7.8981455836394299e-01  -8.0331968850632407e-01  -8.1787821171862007e-01  -8.3242102639593440e-01  -8.4589941879059283e-01  -8.5726063059921320e-01  -8.6535870351082989e-01  -8.6878894405267892e-01  -8.6561325353388230e-01  -8.5294069381195270e-01  -8.2632200406197531e-01  -7.7900062697845784e-01  -7.0133319120382154e-01  -5.8139764657679049e-01  -4.0878799156375772e-01  -1.8319713197306198e-01   7.6080056221810688e-02   3.3167988508186030e-01   5.4643193881423890e-01   7.0197191255404168e-01   7.9991751441644576e-01   8.5051644406556526e-01   8.6208718501518689e-01   8.3583170136731155e-01   7.6452746316547415e-01   6.3453953426421117e-01   4.3380427313736697e-01   1.6736033763625424e-01  -1.3021016222526438e-01  -4.0625536321363381e-01  -6.2151102056786234e-01  -7.6713976787631311e-01  -8.5547718750782031e-01  -9.0402455979352148e-01  -9.2663363340641669e-01  -9.3140328368796199e-01  -9.2115597955734629e-01  -8.9417566667769788e-01  -8.4466579172729728e-01  -7.6345250020160760e-01  -6.4013784382550654e-01  -4.6795805199762974e-01  -2.5065054345082738e-01  -6.5996351039706580e-03   2.3568357633437231e-01   4.4951881255030068e-01   6.1998652192360626e-01   7.4524167520500106e-01   8.3167250659268821e-01   8.8843621302533848e-01   9.2412500952016263e-01   9.4550003093132151e-01   9.5738315255903905e-01   9.6298125877925267e-01   9.6427744430907880e-01   9.6234280111207071e-01   9.5753623126673304e-01   9.4959224811235576e-01   9.3762176222370808e-01   9.2006730530417702e-01   8.9470716974663100e-01   8.5887498729841860e-01   8.1014347206230863e-01   7.4765064318065777e-01   6.7385389636903714e-01   5.9578524303881730e-01   5.2453059467319385e-01   4.7249073266523545e-01   4.4959981925309817e-01   4.6034230929172992e-01   5.0260545270800328e-01   5.6843225930258412e-01   6.4638972984744680e-01   7.2488251741125098e-01   7.9512774300330147e-01   8.5253484895096054e-01   8.9628185485304968e-01
   9.0120491797764701e-01   9.3387444939425779e-01   9.5529132309646736e-01   9.6892635956601614e-01   9.7735559950716355e-01   9.8236122797067216e-01   9.8511410329336002e-01   9.8634212813849276e-01   9.8645038732033474e-01   9.8559177105401963e-01   9.8369143640807843e-01   9.8043079168420433e-01   9.7518802289804185e-01   9.6693591609323737e-01   9.5409592112773867e-01   9.3436399510500667e-01   9.0454791000098100e-01   8.6051441635083747e-01   7.9741168736841495e-01   7.1038622861739165e-01   5.9593171924197708e-01   4.5368187798188608e-01   2.8790378011429890e-01   1.0762430133928155e-01  -7.5188401628544677e-02  -2.4870318509182832e-01  -4.0398276315113735e-01  -5.3621230790537067e-01  -6.4434661090194156e-01  -7.2991445604110061e-01  -7.9575656746868328e-01  -8.4509521560420198e-01  -8.8099611842039449e-01  -9.0612426802186885e-01  -9.2267976570510657e-01  -9.3242241979542706e-01  -9.3673740721465815e-01  -9.3671670433872145e-01  -9.3324871772349693e-01  -9.2710364077145735e-01  -9.1900761078437387e-01  -9.0969512951386888e-01  -8.9993215047521558e-01  -8.9050213331767414e-01  -8.8216316999165545e-01  -8.7558579284410487e-01  -8.7129051140577440e-01  -8.6959725540159027e-01  -8.7060100853800815e-01  -8.7417462966816484e-01  -8.7999961827822304e-01  -8.8761305004950319e-01  -8.9646308075275394e-01  -9.0595730198063040e-01  -9.1549755242803266e-01  -9.2448807495475671e-01  -9.3231362490702796e-01  -9.3827403235682683e-01  -9.4146344727871423e-01  -9.4056031761944658e-01  -9.3348405233322440e-01  -9.1683759588413671e-01  -8.8507192958855718e-01  -8.2942269833239091e-01  -7.3719240857663026e-01  -5.9317788787700054e-01  -3.8652714512440467e-01  -1.2400787914097811e-01   1.6057449734276086e-01   4.1858046448263148e-01   6.1477006960178027e-01   7.4083743885158282e-01   8.0529639807684261e-01   8.1783216898260624e-01   7.8047576927529327e-01   6.8600942490409467e-01   5.2278907376550388e-01   2.8750765159192354e-01   1.5228465376511124e-03  -2.8772256914913164e-01  -5.3170240409056968e-01  -7.0763777573917153e-01  -8.1987346657898175e-01  -8.8465309159796535e-01  -9.1767338622013639e-01  -9.2938836122743562e-01  -9.2456133534999529e-01  -9.0281985906215045e-01  -8.5900896006165628e-01  -7.8360719516095378e-01  -6.6456710462451740e-01  -4.9251374479915211e-01  -2.6936979782470466e-01  -1.4792706003519673e-02   2.3846962917587433e-01   4.5979990924650038e-01   6.3324626722128086e-01   7.5829994213257557e-01   8.4318534902998576e-01   8.9830583492060068e-01   9.3279489716422392e-01   9.5351990388061747e-01   9.6523196186328564e-01   9.7103906996167832e-01   9.7285625052592328e-01   9.7173030070558153e-01   9.6802817442396760e-01   9.6149901969362461e-01   9.5122088689236439e-01   9.3544866011133299e-01   9.1141312324561474e-01   8.7521786138154178e-01   8.2215379918263554e-01   7.4792268799425898e-01   6.5110866594427397e-01   5.3628591508114298e-01   4.1564730542624023e-01   3.0690857994571286e-01   2.2797367062506740e-01   1.9173628135806522e-01   2.0356537900234861e-01   2.6105443410107732e-01   3.5468532311308432e-01   4.6944985578933224e-01   5.8825760891457168e-01   6.9652808446614767e-01   7.8558847339054760e-01   8.5311643704110129e-01
   8.5822831782560649e-01   9.0765962605331996e-01   9.3964466917359857e-01   9.5964443659851584e-01   9.7176225920980075e-01   9.7883712485237218e-01   9.8273483477979107e-01   9.8463285636877063e-01   9.8523693671534296e-01   9.8492402479197738e-01   9.8382434324065948e-01   9.8185420776472943e-01   9.7871027723437198e-01   9.7382754823633322e-01   9.6630398688167396e-01   9.5479388513545138e-01   9.3738401817775641e-01   9.1148090004982429e-01   8.7377195464374380e-01   8.2035959281242743e-01   7.4719744875696581e-01   6.5092042953354445e-01   5.3001454595802810e-01   3.8599033456307902e-01   2.2398276533350664e-01   5.2254534536360440e-02  -1.1941014824584434e-01  -2.8178276996856227e-01  -4.2785365313494694e-01  -5.5355538218754308e-01  -6.5758391330812860e-01  -7.4071144227214691e-01  -8.0499049328021421e-01  -8.5308831332891821e-01  -8.8781442773517261e-01  -9.1183037108145182e-01  -9.2749319982021183e-01  -9.3679665907686460e-01  -9.4137258149607983e-01  -9.4253575404867562e-01  -9.4134597429765332e-01  -9.3867347880596697e-01  -9.3524927038855354e-01  -9.3170033408758601e-01  -9.2856066689274885e-01  -9.2626866562317578e-01  -9.2515161984797167e-01  -9.2541416495551831e-01  -9.2713038406158366e-01  -9.3025163257064925e-01  -9.3462170097244213e-01  -9.4000476014884859e-01  -9.4611152189167247e-01  -9.5262696628119181e-01  -9.5922360649759453e-01  -9.6556574577995247e-01  -9.7128855479375797e-01  -9.7595525426857177e-01  -9.7896736028341802e-01  -9.7941417806512099e-01  -9.7580004901032891e-01  -9.6558469757740095e-01  -9.4440892494208084e-01  -9.0493399960848930e-01  -8.3547389952727591e-01  -7.1963787345965591e-01  -5.4027134537223886e-01  -2.9196069757619914e-01   2.0579262576955193e-03   2.9012291687533204e-01   5.2158796337577873e-01   6.7438159536404141e-01   7.5177109619200022e-01   7.6318867852974825e-01   7.1117857606854140e-01   5.8959050996536155e-01   3.9208068984167743e-01   1.2865694596788479e-01  -1.6286816611484689e-01  -4.3019222277101571e-01  -6.3682225511137958e-01  -7.7594196883484245e-01  -8.6005481147558449e-01  -9.0583716065150788e-01  -9.2614909720889615e-01  -9.2809153320955773e-01  -9.1320892582784730e-01  -8.7774388732951647e-01  -8.1266468265720215e-01  -7.0465693268303664e-01  -5.4061392124333307e-01  -3.1747956111048536e-01  -5.2790091260764893e-02   2.1682321334477495e-01   4.5375265941173654e-01   6.3760022482787360e-01   7.6760604267245236e-01   8.5385669503466199e-01   9.0865279594976667e-01   9.4232589920062837e-01   9.6231342984774026e-01   9.7357038747472413e-01   9.7924735267919605e-01   9.8125715344672426e-01   9.8065381454668876e-01   9.7784328149865418e-01   9.7264922904919171e-01   9.6424647135022323e-01   9.5095627643353020e-01   9.2990978655696432e-01   8.9665037709479400e-01   8.4493719573997939e-01   7.6736061084372431e-01   6.5769595105048895e-01   5.1538571777483388e-01   3.5022429589095783e-01   1.8273590607710910e-01   3.7798077547398667e-02  -6.4113616825176190e-02  -1.1136954346057842e-01  -1.0032954589388160e-01  -3.3203295791604436e-02   8.2236568482504879e-02   2.3162859834818844e-01   3.9480102422607133e-01   5.5049060204845424e-01   6.8285058977812907e-01   7.8506786037004195e-01
   7.9090818868700719e-01   8.6535375704763662e-01   9.1376412598830381e-01   9.4399424363057916e-01   9.6224010785691227e-01   9.7287626995787480e-01   9.7880156134679530e-01   9.8186046071628175e-01   9.8318723996732538e-01   9.8344384427552156e-01   9.8297216913156049e-01   9.8188040692615586e-01   9.8008360838808917e-01   9.7730634320146170e-01   9.7305776366588592e-01   9.6657904243701331e-01   9.5677109488596168e-01   9.4210779921250842e-01   9.2055778605383920e-01   8.8954410362188863e-01   8.4599983308454130e-01   7.8658436939824050e-01   7.0812730289960035e-01   6.0830915759169946e-01   4.8648898686024195e-01   3.4443894541868175e-01   1.8667330405330959e-01   2.0107983144796310e-02  -1.4695384515089333e-01  -3.0622442512183301e-01  -4.5076580836112140e-01  -5.7588433955492169e-01  -6.7941692293141864e-01  -7.6148393226996014e-01  -8.2390554381801706e-01  -8.6951027416033244e-01  -9.0150235852807747e-01  -9.2299512684936391e-01  -9.3672967572167387e-01  -9.4496017455265346e-01  -9.4944953641258345e-01  -9.5153435597454972e-01  -9.5220907044648573e-01  -9.5220963197654163e-01  -9.5207598153502959e-01  -9.5219930543016806e-01  -9.5284842757914112e-01  -9.5418995120041905e-01  -9.5629875014026267e-01  -9.5917294006105869e-01  -9.6274541163238303e-01  -9.6690219514795883e-01  -9.7149495442807088e-01  -9.7635638698088612e-01  -9.8130400541586960e-01  -9.8614162232849822e-01  -9.9064138076214459e-01  -9.9451464653686150e-01  -9.9734431748153818e-01  -9.9847235711303828e-01  -9.9678393321494041e-01  -9.9033084308873309e-01  -9.7565519215375374e-01  -9.4668887171138405e-01  -8.9318761910695799e-01  -7.9941587877418141e-01  -6.4574064979785062e-01  -4.1848131491224227e-01  -1.2929545677955634e-01   1.7405742572236194e-01   4.3093528597607661e-01   6.0515364775767111e-01   6.9207549718387651e-01   6.9901579227173216e-01   6.2866423103273550e-01   4.7758824648634712e-01   2.4859358334613268e-01  -3.2251820994974922e-02  -3.1498359752749455e-01  -5.5149684049103609e-01  -7.2076082730599067e-01  -8.2810518807421785e-01  -8.8965533235179817e-01  -9.2049917762612599e-01  -9.3040917295355174e-01  -9.2337388833980494e-01  -8.9781500037837347e-01  -8.4638244961181219e-01  -7.5592672343619283e-01  -6.1009099263299671e-01  -3.9825657281983978e-01  -1.3008414679231128e-01   1.5798652770760246e-01   4.1934728199210280e-01   6.2385720016507462e-01   7.6693390983125076e-01   8.5974026433841333e-01   9.1708069407544801e-01   9.5131812889087664e-01   9.7109894411193598e-01   9.8198220972068140e-01   9.8738720490571485e-01   9.8934181720527015e-01   9.8896579826630160e-01   9.8673611307979647e-01   9.8258516381801075e-01   9.7585307437650826e-01   9.6508653050098792e-01   9.4765926461175531e-01   9.1921210380361806e-01   8.7304394352746661e-01   7.9995649199026309e-01   6.8970640257812155e-01   5.3555219048843394e-01   3.4156937763928968e-01   1.2749481569815646e-01  -7.6192687776176438e-02  -2.4135902570751944e-01  -3.5177379967447353e-01  -4.0256448945236739e-01  -3.9433588894519428e-01  -3.2887936925945543e-01  -2.0924168146814767e-01  -4.3349531683443659e-02   1.5221523044585417e-01   3.5319320559943324e-01   5.3516707584268364e-01   6.8238749501412765e-01
   6.8972177994300454e-01   7.9893862399281002e-01   8.7174606046251046e-01   9.1792553490267470e-01   9.4611450985544576e-01   9.6274868797720647e-01   9.7221293097924077e-01   9.7734225025488031e-01   9.7990877082035444e-01   9.8098288861036298e-01   9.8117888491484817e-01   9.8080481321484081e-01   9.7995369868760474e-01   9.7854628085668227e-01   9.7634585389800410e-01   9.7294361649556593e-01   9.6772856554329789e-01   9.5983680827913298e-01   9.4809474523425219e-01   9.3095704031253801e-01   9.0646403787557717e-01   8.7223279644268836e-01   8.2552465240427608e-01   7.6341813225587074e-01   6.8313430042806544e-01   5.8252554981408244e-01   4.6071229557640941e-01   3.1876662929027161e-01   1.6026571718339555e-01  -8.5656012159067985e-03  -1.7937026995741129e-01  -3.4291126602782118e-01  -4.9078212532920473e-01  -6.1700033246302233e-01  -7.1886687784255454e-01  -7.9685178484274721e-01  -8.5372388270251409e-01  -8.9341542737616331e-01  -9.2004095805802866e-01  -9.3727796455782830e-01  -9.4809610600187144e-01  -9.5473192173432841e-01  -9.5878667376808835e-01  -9.6136841600824674e-01  -9.6322408808213311e-01  -9.6484723352295498e-01  -9.6655334897367773e-01  -9.6853340791861986e-01  -9.7088757533907999e-01  -9.7365046123791066e-01  -9.7680737138695528e-01  -9.8030900400670384e-01  -9.8408067853583781e-01  -9.8803077128285377e-01  -9.9205230719786541e-01  -9.9602115228922539e-01  -9.9978309917963704e-01  -1.0031291070266000e+00  -1.0057441050511531e+00  -1.0071149913250168e+00  -1.0063540435457421e+00  -1.0018774668565908e+00  -9.9081560063512830e-01  -9.6799933972610153e-01  -9.2439823824433753e-01  -8.4540050901092068e-01  -7.1101807907386361e-01  -5.0328683268789853e-01  -2.2522218540569922e-01   8.1698355402416378e-02   3.5249197995753068e-01   5.3978920019061860e-01   6.3051410007234487e-01   6.2858132574699643e-01   5.3670797058723907e-01   3.5621510338356582e-01   1.0224621221637592e-01  -1.8365772681645720e-01  -4.4664060242225245e-01  -6.4931915006927687e-01  -7.8508321477706167e-01  -8.6670247732111716e-01  -9.1082615997959626e-01  -9.3013262462416313e-01  -9.3150567514954163e-01  -9.1614953224450346e-01  -8.7947593829850346e-01  -8.1046061422557891e-01  -6.9201547501970961e-01  -5.0645631246186873e-01  -2.5014222078686033e-01   5.0023084172536758e-02   3.4178447729473926e-01   5.7947024403803671e-01   7.4760577401428918e-01   8.5543561429676473e-01   9.2039396800593687e-01   9.5792972299171775e-01   9.7883939753996196e-01   9.8990222616812873e-01   9.9516384124921198e-01   9.9695925809151331e-01   9.9657223863255795e-01   9.9459546757150641e-01   9.9109146340026288e-01   9.8558591256474926e-01   9.7690967981802501e-01   9.6284525080058270e-01   9.3954383370775207e-01   9.0071746855922630e-01   8.3690496692597494e-01   7.3577356491567358e-01   5.8543461210237568e-01   3.8242951499862865e-01   1.4118183903436721e-01  -1.0562381100179036e-01  -3.2160038957939874e-01  -4.8370081536741671e-01  -5.8610004891625755e-01  -6.3259292015452362e-01  -6.2799249347613628e-01  -5.7387850871005730e-01  -4.6883425942858720e-01  -3.1237366282087381e-01  -1.1126883089757333e-01   1.1568729113714102e-01   3.4045025865889283e-01   5.3661338318754115e-01
   5.4598735094404405e-01   6.9873811801832419e-01   8.0549133925532179e-01   8.7551074787111105e-01   9.1935180317188381e-01   9.4582296566516189e-01   9.6129588359878504e-01   9.7003634829657792e-01   9.7477506490972776e-01   9.7720159873018164e-01   9.7832704175340446e-01   9.7872123855286053e-01   9.7866680757762281e-01   9.7824686539382710e-01   9.7739685121467801e-01   9.7592188588955597e-01   9.7349765237192232e-01   9.6964918648154552e-01   9.6372199581022122e-01   9.5483715266000524e-01   9.4184460390855496e-01   9.2326890042186838e-01   8.9726434075716810e-01   8.6158068955115619e-01   8.1357003286203522e-01   7.5025717584850371e-01   6.6854452111292706e-01   5.6562028076091808e-01   4.3966701102383643e-01   2.9087954780099906e-01   1.2261574091958792e-01  -5.7863025892447933e-02  -2.3980726868576224e-01  -4.1100510111878835e-01  -5.6085723838438661e-01  -6.8301317921583760e-01  -7.7622454643558658e-01  -8.4332969141841430e-01  -8.8933395468073784e-01  -9.1966352844318000e-01  -9.3909466057278634e-01  -9.5134793699257170e-01  -9.5909446840260704e-01  -9.6414804386680486e-01  -9.6768961027520373e-01  -9.7046568946673062e-01  -9.7293393688819751e-01  -9.7536655132337635e-01  -9.7791490523228886e-01  -9.8065347098715883e-01  -9.8360485849116031e-01  -9.8675830758005034e-01  -9.9007870554821154e-01  -9.9351385687960603e-01  -9.9699483877007000e-01  -1.0004340867684385e+00  -1.0037135662846328e+00  -1.0066642000001842e+00  -1.0090214872680483e+00  -1.0103446956290314e+00  -1.0098612442261299e+00  -1.0061768399595443e+00  -9.9673710991890629e-01  -9.7688207311971698e-01  -9.3833661421396486e-01  -8.6738145283581491e-01  -7.4443821420694234e-01  -5.5001515823384506e-01  -2.8256584363952941e-01   2.1220204314975510e-02   2.9546368549520868e-01   4.8611137298793378e-01   5.7344546942173324e-01   5.5787700557573650e-01   4.4246993125970313e-01   2.3514454220579212e-01  -3.5363436355540900e-02  -3.1584071813563608e-01  -5.5366693055145921e-01  -7.2451227253294048e-01  -8.3268114919421898e-01  -8.9452512382547988e-01  -9.2560787098593456e-01  -9.3614777784166137e-01  -9.3056017893889187e-01  -9.0764831438539328e-01  -8.6003207769773637e-01  -7.7320410604105982e-01  -6.2682861489053820e-01  -4.0412385860662836e-01  -1.1201841510021288e-01   2.0509621684381729e-01   4.8658539951745483e-01   6.9580589286544536e-01   8.3206050734124848e-01   9.1337161328600636e-01   9.5920787075413805e-01   9.8388797203898104e-01   9.9642397152907858e-01   1.0020892399933068e+00   1.0038597053558658e+00   1.0033505569425287e+00   1.0013530421535362e+00   9.9808663474548953e-01   9.9326666393494878e-01   9.8599990570992757e-01   9.7450387413821038e-01   9.5557951520744200e-01   9.2380389273656771e-01   8.7052774517218390e-01   7.8331303257762253e-01   6.4754224568595709e-01   4.5296152686572744e-01   2.0524804328346558e-01  -6.6566645858077755e-02  -3.2028833893214315e-01  -5.2323661223332574e-01  -6.6452879368865991e-01  -7.4936912935341526e-01  -7.8757496811637995e-01  -7.8613489540532155e-01  -7.4664604231310450e-01  -6.6565549838528293e-01  -5.3721556115615265e-01  -3.5816718105936018e-01  -1.3547226467910284e-01   1.0934821513236846e-01   3.4541674245496201e-01
   3.5650049743063561e-01   5.5564127981121159e-01   7.0518812295839628e-01   8.0868929793433220e-01   8.7615364505665450e-01   9.1823048923749528e-01   9.4358531781387867e-01   9.5842048325169660e-01   9.6687197134489655e-01   9.7157687539943072e-01   9.7415924598434211e-01   9.7557990672223971e-01   9.7637424017844143e-01   9.7680312572469341e-01   9.7694741169025057e-01   9.7675916146427855e-01   9.7608817144392990e-01   9.7468581933010867e-01   9.7219690576575368e-01   9.6813665166308160e-01   9.6186000555002860e-01   9.5251590259154084e-01   9.3899213301563056e-01   9.1984111365536902e-01   8.9319233725090386e-01   8.5664991585742123e-01   8.0720065497039251e-01   7.4118186528874785e-01   6.5443511076086869e-01   5.4283699425480769e-01   4.0346159853007552e-01   2.3646759615101579e-01   4.7247711499601053e-02  -1.5254607108712032e-01  -3.4677495270768294e-01  -5.1953963907777134e-01  -6.6031426191762166e-01  -7.6623934074257516e-01  -8.4076054404035894e-01  -8.9048895991720656e-01  -9.2243348093629973e-01  -9.4249692397340201e-01  -9.5504226762969635e-01  -9.6303994310792274e-01  -9.6840102072263190e-01  -9.7230895448562760e-01  -9.7547329936603722e-01  -9.7830947016619429e-01  -9.8105126953121735e-01  -9.8382431171918605e-01  -9.8668634970391467e-01  -9.8965462448734853e-01  -9.9271768520936265e-01  -9.9584502824759769e-01  -9.9898657851427841e-01  -1.0020718939686908e+00  -1.0049978425874624e+00  -1.0076095614335387e+00  -1.0096567387728368e+00  -1.0107175649316642e+00  -1.0100459751989554e+00  -1.0062929795621993e+00  -9.9698321994681027e-01  -9.7759875020551124e-01  -9.4010834011881173e-01  -8.7117165504980898e-01  -7.5165515825320894e-01  -5.6223673232621330e-01  -3.0068966452052298e-01  -2.3562055081519095e-03   2.6714527730818438e-01   4.5169183668476365e-01   5.2829738397078918e-01   4.9490384962627082e-01   3.5549849108740983e-01   1.2551819144770276e-01  -1.5383631124095642e-01  -4.2285223531403676e-01  -6.3564088507866479e-01  -7.7982740728680189e-01  -8.6682447154215703e-01  -9.1415348164778942e-01  -9.3577921015867949e-01  -9.3981396820512164e-01  -9.2872315853739074e-01  -8.9936104695377805e-01  -8.4197407740933783e-01  -7.3912026562278776e-01  -5.6826636123097873e-01  -3.1530653127333969e-01   1.3538280472825681e-03   3.2360620863861056e-01   5.8947244926835529e-01   7.7357269715882215e-01   8.8610705899965203e-01   9.4947022077499499e-01   9.8307260664745488e-01   9.9977951715368518e-01   1.0071736431244731e+00   1.0094838132511901e+00   1.0089849237871367e+00   1.0068261915585199e+00   1.0034556988742700e+00   9.9878829973794847e-01   9.9218249107717083e-01   9.8223834595463022e-01   9.6637281078758264e-01   9.4010807113513184e-01   8.9606501933180138e-01   8.2297831343637728e-01   7.0595687751464020e-01   5.3066434604692958e-01   2.9385262463764239e-01   1.5569922881878029e-02  -2.6236051421346007e-01  -4.9825500909790765e-01  -6.7192632128274088e-01  -7.8549396567107244e-01  -8.5115365086649564e-01  -8.8078443049194100e-01  -8.8155015293775341e-01  -8.5508817310412577e-01  -7.9794702648403359e-01  -7.0274919896075039e-01  -5.6100848356678956e-01  -3.6885603086032370e-01  -1.3460186443703487e-01   1.1786917770692287e-01
   1.2915882849196403e-01   3.6588320700653443e-01   5.6164874563316791e-01   7.0789021511453365e-01   8.0886037741509009e-01   8.7461661837526261e-01   9.1562518195162845e-01   9.4037327789083069e-01   9.5494374842677066e-01   9.6339327984992607e-01   9.6829790011809658e-01   9.7122866353726989e-01   9.7310242122012136e-01   9.7442148274004392e-01   9.7542865077767038e-01   9.7620325399604935e-01   9.7671596764563107e-01   9.7685642216604451e-01   9.7644222619055543e-01   9.7521411199456653e-01   9.7281981776848003e-01   9.6878674462563841e-01   9.6248075941864397e-01   9.5304582982863506e-01   9.3931777739390310e-01   9.1970047003440170e-01   8.9199970881055068e-01   8.5321478527533956e-01   7.9932482621584577e-01   7.2518547888612295e-01   6.2480620244590035e-01   4.9246475676167395e-01   3.2515724521440703e-01   1.2622669242592899e-01  -9.1723577639303833e-02  -3.0806727674666501e-01  -5.0101363615818129e-01  -6.5605259312810249e-01  -7.6970803236061591e-01  -8.4711369994959429e-01  -8.9706749814209452e-01  -9.2821593559712678e-01  -9.4735611659248109e-01  -9.5920986961837351e-01  -9.6681403170436764e-01  -9.7202761285788175e-01  -9.7594868222193454e-01  -9.7921063143340437e-01  -9.8216869878606217e-01  -9.8501722958567861e-01  -9.8785453535393508e-01  -9.9072378132869532e-01  -9.9363114439347588e-01  -9.9655881248041056e-01  -9.9946519929842448e-01  -1.0022849071111475e+00  -1.0049145028714388e+00  -1.0071934217898804e+00  -1.0088558541224986e+00  -1.0094503394180492e+00  -1.0081775656786687e+00  -1.0035989510582062e+00  -9.9309171006469599e-01  -9.7191703185103662e-01  -9.3175923802416083e-01  -8.5906250582712607e-01  -7.3495247524947571e-01  -5.4156721009749886e-01  -2.7956724328012850e-01   1.3238051306224019e-02   2.7174505651825653e-01   4.4205839898133920e-01   5.0176338040984025e-01   4.4783077604982630e-01   2.8549578959037858e-01   3.7224889930396077e-02  -2.4613119928167099e-01  -5.0271019675884099e-01  -6.9460692892156550e-01  -8.1867949103490789e-01  -8.9053652848731157e-01  -9.2774138895837399e-01  -9.4279065618980196e-01  -9.4221563406566911e-01  -9.2708991134478069e-01  -8.9286630317385862e-01  -8.2807870303709064e-01  -7.1324791720053415e-01  -5.2472661748619487e-01  -2.5149002796257475e-01   7.8903870490147743e-02   4.0013029433499914e-01   6.5236226717867751e-01   8.1905998752994669e-01   9.1672646258833057e-01   9.6944662297337292e-01   9.9598607308779974e-01   1.0080952761263837e+00   1.0124333975792910e+00   1.0125967416117181e+00   1.0104342795408123e+00   1.0067902205059682e+00   1.0018396408974513e+00   9.9518823917865151e-01   9.8575683812445369e-01   9.7147234367467117e-01   9.4868330075704499e-01   9.1128463288539274e-01   8.4966004787929617e-01   7.5021582768133044e-01   5.9752344749215980e-01   3.8214489277221669e-01   1.1356467900597578e-01  -1.7340308876152238e-01  -4.3319087452187127e-01  -6.3521557336537171e-01  -7.7420234631532614e-01  -8.6103444281432173e-01  -9.1011081860041254e-01  -9.3259392663792484e-01  -9.3472332272452097e-01  -9.1807461992137240e-01  -8.8004417464842932e-01  -8.1423117917512111e-01  -7.1137213434191049e-01  -5.6218745072883691e-01  -3.6329442180512062e-01  -1.2447889898273928e-01
  -1.1497980870244240e-01   1.3718959714659573e-01   3.7138820365059716e-01   5.6462524819896520e-01   7.0884189364366323e-01   8.0829908738778689e-01   8.7292878981611199e-01   9.1313088808744380e-01   9.3738088369875094e-01   9.5175280500647430e-01   9.6026967724870582e-01   9.6545231115217334e-01   9.6880892437753119e-01   9.7120107982986248e-01   9.7309141039465463e-01   9.7470202340858147e-01   9.7611017278346268e-01   9.7730281637102490e-01   9.7820377684605253e-01   9.7868356748575069e-01   9.7855670087433766e-01   9.7756784974031374e-01   9.7536699465447962e-01   9.7146889410460524e-01   9.6519064302420909e-01   9.5555599245064160e-01   9.4115006623324038e-01   9.1990435598161102e-01   8.8879910241690807e-01   8.4349165329604459e-01   7.7797247879799447e-01   6.8456349990877896e-01   5.5494840613690033e-01   3.8321588395754369e-01   1.7122194772452232e-01  -6.6315916779272732e-02  -3.0292532936155353e-01  -5.1068896782299544e-01  -6.7263524647532513e-01  -7.8685637549381793e-01  -8.6157400136181472e-01  -9.0805101569723301e-01  -9.3619279099003827e-01  -9.5317204168857983e-01  -9.6364917357641400e-01  -9.7046316975788116e-01  -9.7527161088762271e-01  -9.7901766276600388e-01  -9.8222467193944496e-01  -9.8517854386674264e-01  -9.8802728661406469e-01  -9.9084218192971996e-01  -9.9364454775938205e-01  -9.9642492215830725e-01  -9.9914329501717414e-01  -1.0017302691009040e+00  -1.0040693126851983e+00  -1.0059743471895386e+00  -1.0071317672566842e+00  -1.0070083522171349e+00  -1.0046617710286339e+00  -9.9841336502633249e-01  -9.8524470100297412e-01  -9.5980713760381720e-01  -9.1296064784749553e-01  -8.3039056340268258e-01  -6.9349037544227765e-01  -4.8745727859011068e-01  -2.1939294786784580e-01   6.7404670871913208e-02   3.0940310006185318e-01   4.5906419379558816e-01   4.9781674204985454e-01   4.2274116363462960e-01   2.3988529752359250e-01  -2.3114730284921670e-02  -3.0905965690966897e-01  -5.5625969929633534e-01  -7.3360712601514733e-01  -8.4427400653994722e-01  -9.0627368752884108e-01  -9.3694166434040160e-01  -9.4774458401802342e-01  -9.4420687122440428e-01  -9.2657653231893278e-01  -8.8954481052209178e-01  -8.2080841621234191e-01  -7.0000714840263667e-01  -5.0325711530431327e-01  -2.2144690030463388e-01   1.1350054011305877e-01   4.3236105438228789e-01   6.7737368694691891e-01   8.3612251674030658e-01   9.2743226426634906e-01   9.7570929601651313e-01   9.9923832609301910e-01   1.0092214333983500e+00   1.0119006644841051e+00   1.0105818056737546e+00   1.0068900722706802e+00   1.0014568879961394e+00   9.9419426169160063e-01   9.8432811938147335e-01   9.7018916656389953e-01   9.4878414985233994e-01   9.1507398987075028e-01   8.6105035745898983e-01   7.7501981614430127e-01   6.4252028173390729e-01   4.5146443800207009e-01   2.0302114195419291e-01  -7.8227848924520227e-02  -3.4968241688545354e-01  -5.7373254460778034e-01  -7.3577520680202813e-01  -8.4187678576157832e-01  -9.0632154590068792e-01  -9.4247222550591880e-01  -9.5953084199583438e-01  -9.6245942784422478e-01  -9.5266635812898603e-01  -9.2846796252813246e-01  -8.8516336631320336e-01  -8.1505890559205085e-01  -7.0826174377255180e-01  -5.5556305359986347e-01  -3.5427792468294006e-01
  -3.4783005690027330e-01  -1.0877774039899357e-01   1.4293313446613964e-01   3.7668397516301377e-01   5.6930031489829536e-01   7.1245467475926716e-01   8.1043530164772126e-01   8.7348065956000776e-01   9.1232825323616007e-01   9.3565355289224095e-01   9.4956685196135682e-01   9.5802242149640071e-01   9.6343078108838009e-01   9.6719427121759938e-01   9.7009158877311430e-01   9.7253268024960859e-01   9.7471300648409420e-01   9.7670567163142819e-01   9.7851020535026700e-01   9.8007815174990698e-01   9.8132027474541439e-01   9.8210489025423531e-01   9.8224408935891550e-01   9.8147030042257188e-01   9.7939524107462261e-01   9.7544468560199238e-01   9.6875348215083457e-01   9.5800009483131532e-01   9.4114627033509457e-01   9.1504882918438246e-01   8.7492911035633103e-01   8.1378561682225670e-01   7.2213178922020460e-01   5.8905523027025231e-01   4.0623502932844902e-01   1.7564992596200107e-01  -8.3147755576333360e-02  -3.3585817781969546e-01  -5.4953448294758878e-01  -7.0830837165674243e-01  -8.1488317748247596e-01  -8.8154442329368254e-01  -9.2153797112700608e-01  -9.4516664232785463e-01  -9.5928080166495833e-01  -9.6805831955848043e-01  -9.7391801578163884e-01  -9.7821899601587514e-01  -9.8170652731467345e-01  -9.8478384570640976e-01  -9.8766020583447800e-01  -9.9043869788383365e-01  -9.9315548476245485e-01  -9.9580554301958757e-01  -9.9834416792290792e-01  -1.0006878103775734e+00  -1.0026909284293350e+00  -1.0041168345231806e+00  -1.0045636043847899e+00  -1.0033469246920841e+00  -9.9926787673930806e-01  -9.9021891011474272e-01  -9.7248553635506796e-01  -9.3966849832293331e-01  -8.8127628169355798e-01  -7.8192828047238994e-01  -6.2397505030072731e-01  -3.9821347234625981e-01  -1.2168674253730721e-01   1.5587392687180546e-01   3.7558245352733471e-01   5.0005693279701724e-01   5.1644189522677486e-01   4.2202308319818993e-01   2.2232928321982193e-01  -5.2658466146003335e-02  -3.4236765318721740e-01  -5.8560995432648144e-01  -7.5554701514256228e-01  -8.5912063561496121e-01  -9.1580273190071804e-01  -9.4289662478207981e-01  -9.5139040806322883e-01  -9.4636166791632503e-01  -9.2778376745359026e-01  -8.9026891910301287e-01  -8.2166543251270063e-01  -7.0201688035911936e-01  -5.0792453076515776e-01  -2.3014645266533612e-01   1.0091021805237116e-01   4.1799703606964078e-01   6.6368893240226667e-01   8.2432599679370533e-01   9.1750341988235218e-01   9.6706729838958050e-01   9.9119486395190970e-01   1.0011378866905267e+00   1.0031948009428553e+00   1.0006784240549402e+00   9.9514585897350116e-01   9.8706042536091276e-01   9.7602517131030875e-01   9.6075338126945420e-01   9.3876982370645268e-01   9.0588469966579199e-01   8.5544417122214911e-01   7.7768122115267713e-01   6.6006201557027633e-01   4.9058893705640050e-01   2.6587787356775128e-01   1.2457670385196407e-03  -2.6831489144626752e-01  -5.0414957769013435e-01  -6.8407356300398869e-01  -8.0735257013460393e-01  -8.8560004754282629e-01  -9.3256572177892894e-01  -9.5911153146831296e-01  -9.7223355733832817e-01  -9.7565432550227771e-01  -9.7054828178247743e-01  -9.5593672325309664e-01  -9.2867717901364422e-01  -8.8320108726139490e-01  -8.1135301977244201e-01  -7.0312163208506151e-01  -5.4944415383520895e-01
  -5.4595888255815250e-01  -3.4287618122628116e-01  -1.0110058059361965e-01   1.5398917674699783e-01   3.9017759544884634e-01   5.8291923765652520e-01   7.2387111269936877e-01   8.1841945438231400e-01   8.7802940528596385e-01   9.1418117427743195e-01   9.3576139479160481e-01   9.4877198903612603e-01   9.5694071891884147e-01   9.6245637390088812e-01   9.6654937232952043e-01   9.6988530549331808e-01   9.7280779181959165e-01   9.7548200836374688e-01   9.7797369029082748e-01   9.8029184943391323e-01   9.8240821074594242e-01   9.8426335472706017e-01   9.8576257038755655e-01   9.8676289845003406e-01   9.8704805678994645e-01   9.8628666714531876e-01   9.8396137844283704e-01   9.7925091037006928e-01   9.7083615771411913e-01   9.5658300743235192e-01   9.3304221130929632e-01   8.9472561177949106e-01   8.3325187078797336e-01   7.3689074610291450e-01   5.9202292856378547e-01   3.8905846839794250e-01   1.3346920800519058e-01  -1.4595709494362097e-01  -4.0595547500350049e-01  -6.1275456964442787e-01  -7.5707060148470928e-01  -8.4868632238787767e-01  -9.0350890330369937e-01  -9.3540578109559547e-01  -9.5396519804921021e-01  -9.6508384087934163e-01  -9.7216000856822671e-01  -9.7708156223840481e-01  -9.8087210951343407e-01  -9.8407791914956422e-01  -9.8698126825949528e-01  -9.8971977274812306e-01  -9.9234361630995904e-01  -9.9484703035994326e-01  -9.9717277911414137e-01  -9.9920860774741316e-01  -1.0007588845348310e+00  -1.0014991514361209e+00  -1.0008801176069704e+00  -9.9796827220327988e-01  -9.9114874722045987e-01  -9.7763041386496330e-01  -9.5262762271827417e-01  -9.0820927398163709e-01  -8.3214621082478724e-01  -7.0829156318218833e-01  -5.2192188664589612e-01  -2.7313947979308995e-01   8.6814534681713684e-03   2.6995074304674638e-01   4.6142677998886616e-01   5.5839068341102527e-01   5.5372680881801650e-01   4.4409801655961539e-01   2.3263844795957539e-01  -5.1620584328200825e-02  -3.4730508813776306e-01  -5.9282932614194805e-01  -7.6249895430411407e-01  -8.6480516958657749e-01  -9.2017066157064553e-01  -9.4625140823886145e-01  -9.5412334062423099e-01  -9.4893748592702343e-01  -9.3089773964936651e-01  -8.9517927282711196e-01  -8.3073402124788931e-01  -7.1927546185075109e-01  -5.3870978571690076e-01  -2.7799858153685225e-01   3.9397252490654178e-02   3.5337897293667114e-01   6.0611082548209017e-01   7.7780773108490153e-01   8.8104418107740012e-01   9.3782897930009212e-01   9.6635197198127998e-01   9.7839876528413139e-01   9.8075313606309722e-01   9.7700975759221054e-01   9.6879156045355252e-01   9.5641035899037397e-01   9.3908154135226274e-01   9.1484698856334035e-01   8.8022748676502482e-01   8.2971440594992252e-01   7.5529112478215588e-01   6.4666387639527756e-01   4.9349228566543590e-01   2.9112760299214857e-01   4.8730096896636432e-02  -2.0724928148673166e-01  -4.4233735048374895e-01  -6.3119998332666849e-01  -7.6689908184459543e-01  -8.5667981651350433e-01  -9.1286813641799869e-01  -9.4671460564165366e-01  -9.6630861791860623e-01  -9.7667378877634858e-01  -9.8048085083245362e-01  -9.7864975436450452e-01  -9.7065502427782457e-01  -9.5450683932141689e-01  -9.2647030484381765e-01  -8.8062729914229576e-01  -8.0860779186928811e-01  -7.0019063438375584e-01
  -6.9864421054180081e-01  -5.4099866453643020e-01  -3.3127153282613170e-01  -8.0424489479446346e-02   1.8281366694385420e-01   4.2227750909580097e-01   6.1222823571593366e-01   7.4647028576647212e-01   8.3351046663877382e-01   8.8687191951020994e-01   9.1869948934989387e-01   9.3770038884140861e-01   9.4940772432347131e-01   9.5709064108608932e-01   9.6259243883761303e-01   9.6691673745736817e-01   9.7059558523940248e-01   9.7390134364015435e-01   9.7696802526055238e-01   9.7985313105198801e-01   9.8257202111908093e-01   9.8511015239273458e-01   9.8742842198718361e-01   9.8945527243149223e-01   9.9107501909509310e-01   9.9209796281701967e-01   9.9221672845976427e-01   9.9092292520126690e-01   9.8737060533076271e-01   9.8013294393814443e-01   9.6680106546698541e-01   9.4332022592971465e-01   9.0301216954730945e-01   8.3542004213714049e-01   7.2588113234709239e-01   5.5828511319648888e-01   3.2464677159138777e-01   4.0009278701803153e-02  -2.5291783642085769e-01  -5.0503376177881043e-01  -6.9003826346818675e-01  -8.1031867867013641e-01  -8.8258618814891532e-01  -9.2422293726051474e-01  -9.4795715741130193e-01  -9.6174626236059324e-01  -9.7017132560724251e-01  -9.7575560314243626e-01  -9.7985168466932893e-01  -9.8317215041292827e-01  -9.8608060892459437e-01  -9.8875080630644874e-01  -9.9124313674856013e-01  -9.9354315840648733e-01  -9.9556720925834730e-01  -9.9715288066456997e-01  -9.9801881123735603e-01  -9.9769715015028049e-01  -9.9540084406448393e-01  -9.8980160225209635e-01  -9.7864115853971878e-01  -9.5810683756571557e-01  -9.2189548694623769e-01  -8.6012647770340522e-01  -7.5891006999141297e-01  -6.0286638106678847e-01  -3.8391933476910473e-01  -1.1543263580677778e-01   1.6186145804566315e-01   3.9707676756907440e-01   5.5557298076676953e-01   6.2528732919163177e-01   6.0325633332718276e-01   4.8438277229661386e-01   2.6765648586245178e-01  -2.2143152412087863e-02  -3.2543482279711045e-01  -5.7912273849483920e-01  -7.5533207265079017e-01  -8.6188072520492431e-01  -9.1968565509748046e-01  -9.4714968136060351e-01  -9.5597464852610714e-01  -9.5185648235155229e-01  -9.3566307388273606e-01  -9.0365158646034294e-01  -8.4662991711157842e-01  -7.4904723829085595e-01  -5.9117351531026063e-01  -3.5997460905422973e-01  -6.8707910119553572e-02   2.3513678172434088e-01   4.9588899365212180e-01   6.8499966831364056e-01   8.0586892817320921e-01   8.7619755056212489e-01   9.1348102283195343e-01   9.3014659578758674e-01   9.3376450155262680e-01   9.2845575803537128e-01   9.1604503276062832e-01   8.9672114127541325e-01   8.6927034740512465e-01   8.3101036373139958e-01   7.7753728352313756e-01   7.0251536486528043e-01   5.9797789979994820e-01   4.5602478385893941e-01   2.7284788760175127e-01   5.4528675327550014e-02  -1.7959582158384546e-01  -4.0181983478120553e-01  -5.8830082389356064e-01  -7.2860345148181149e-01  -8.2549534225480170e-01  -8.8852260799332350e-01  -9.2804307054723312e-01  -9.5233727047462846e-01  -9.6705354235783547e-01  -9.7563575941720360e-01  -9.7991792088180396e-01  -9.8056750935540427e-01  -9.7730462220192682e-01  -9.6889536447244862e-01  -9.5292685018251655e-01  -9.2537718717974682e-01  -8.8004990778553438e-01  -8.0813940358672354e-01
  -8.0722566047295230e-01  -6.9237117192573139e-01  -5.2399857633902958e-01  -2.9823401841415742e-01  -3.0450951189718495e-02   2.4284147564111500e-01   4.8061505845280933e-01   6.5949692402892790e-01   7.7957476992332997e-01   8.5422159065799641e-01   8.9875439987048433e-01   9.2510083644383578e-01   9.4106375205549808e-01   9.5128635326171440e-01   9.5838528443987081e-01   9.6378436536114342e-01   9.6824288979370143e-01   9.7215843490255383e-01   9.7573784954827669e-01   9.7908542834885026e-01   9.8225197884405135e-01   9.8525509456534976e-01   9.8809036208936085e-01   9.9072933801427632e-01   9.9311410792843335e-01   9.9513878444403570e-01   9.9662028916045886e-01   9.9724018000359149e-01   9.9644766747686231e-01   9.9328029612288582e-01   9.8604972449483219e-01   9.7179012168072498e-01   9.4535388047746705e-01   8.9807781575154011e-01   8.1639223954471796e-01   6.8208141757338037e-01   4.7833754068208756e-01   2.0529409968051288e-01  -1.0405826217343500e-01  -3.9310966738871211e-01  -6.1772914263258072e-01  -7.6835916686625105e-01  -8.5976020206846793e-01  -9.1216720364326376e-01  -9.4158035000396301e-01  -9.5824837281790676e-01  -9.6808649775772160e-01  -9.7433435338302288e-01  -9.7870881727468806e-01  -9.8210434915737488e-01  -9.8496783258368570e-01  -9.8750678151364668e-01  -9.8978197232915366e-01  -9.9175715720144830e-01  -9.9329853895355380e-01  -9.9415899733765456e-01  -9.9391497651390592e-01  -9.9186763937671052e-01  -9.8685160483395529e-01  -9.7693087469788453e-01  -9.5888527265913281e-01  -9.2746046260314352e-01  -8.7440974543058958e-01  -7.8785120540353071e-01  -6.5341593105311280e-01  -4.5995241192226038e-01  -2.1098065380777076e-01   6.5413183462642882e-02   3.2347206411255480e-01   5.2336557832698138e-01   6.4703363918475665e-01   6.9230464172869000e-01   6.5810089677596961e-01   5.3686430738310054e-01   3.2246527923730373e-01   3.2601223258045098e-02  -2.7800278443715160e-01  -5.4444898026519772e-01  -7.3351031248243115e-01  -8.4976052804258628e-01  -9.1385208004842466e-01  -9.4518866703932747e-01  -9.5658247642821870e-01  -9.5470279283384807e-01  -9.4143310772557975e-01  -9.1445819124615668e-01  -8.6688323163025616e-01  -7.8656298810327008e-01  -6.5721547527020219e-01  -4.6524401724848891e-01  -2.1397352365565087e-01   6.5429242911168584e-02   3.2556135570710215e-01   5.3126078442469082e-01   6.7391164878538012e-01   7.6320274992782466e-01   8.1375413718667478e-01   8.3785882546684731e-01   8.4378169325651420e-01   8.3629646596843366e-01   8.1758201203359548e-01   7.8785136639633002e-01   7.4566115747799389e-01   6.8800231808632939e-01   6.1040077038691798e-01   5.0738366084757747e-01   3.7387126146193805e-01   2.0795812302836825e-01   1.4636977800809692e-02  -1.9197026973106585e-01  -3.9127293206911162e-01  -5.6391356875078658e-01  -6.9915219257593053e-01  -7.9655772766442556e-01  -8.6246256413645872e-01  -9.0532045881650391e-01  -9.3272027840348382e-01  -9.5031447070228126e-01  -9.6184624895227655e-01  -9.6956611652795410e-01  -9.7465497812343815e-01  -9.7753212196871708e-01  -9.7800694211548655e-01  -9.7528394660662898e-01  -9.6780072627928360e-01  -9.5288444872703904e-01  -9.2618535912229427e-01  -8.8092741311582934e-01
  -8.7929740393482803e-01  -7.9842191097276360e-01  -6.6905719050913093e-01  -4.7745844120066311e-01  -2.2379170258174397e-01   6.5172390597539931e-02   3.4156728241957995e-01   5.6421075002060439e-01   7.1978092115638026e-01   8.1820567458750360e-01   8.7707628849645769e-01   9.1167083807376803e-01   9.3235215121824988e-01   9.4534336434517763e-01   9.5414679228031174e-01   9.6066328619010344e-01   9.6590571477684761e-01   9.7040901336347707e-01   9.7445655579363621e-01   9.7819953723574560e-01   9.8171932978070342e-01   9.8505889241349809e-01   9.8823682864548656e-01   9.9125233358026166e-01   9.9408179115361806e-01   9.9666924223948139e-01   9.9890418601975894e-01   1.0005840238333616e+00   1.0013389464922711e+00   1.0004998533431686e+00   9.9685025231989699e-01   9.8818238401987446e-01   9.7050465573118916e-01   9.3675920262062840e-01   8.7507135040478667e-01   7.6754174628974858e-01   5.9305933129281785e-01   3.4015548088741648e-01   2.8447902507258538e-02  -2.8630915997842138e-01  -5.4566521713750205e-01  -7.2573450199665013e-01  -8.3653708206136534e-01  -9.0001251465878096e-01  -9.3523708704046149e-01  -9.5480024131131946e-01  -9.6601388108452491e-01  -9.7286528868923239e-01  -9.7744891988122684e-01  -9.8084057340144537e-01  -9.8356569031364782e-01  -9.8585369172207016e-01  -9.8775011324089323e-01  -9.8917048608915115e-01  -9.8989346037171155e-01  -9.8952771304960030e-01  -9.8741741509570913e-01  -9.8249322499189595e-01  -9.7300280019224483e-01  -9.5609633017852302e-01  -9.2719184348846717e-01  -8.7917694675966129e-01  -8.0174786876610238e-01  -6.8196775475353721e-01  -5.0810587396304863e-01  -2.7851116149488198e-01  -1.1774066809346839e-02   2.5379483644029660e-01   4.7783081252534765e-01   6.3714214300221239e-01   7.2779172903372102e-01   7.5325713534890371e-01   7.1247652418981178e-01   5.9556031383482277e-01   3.9140886393956620e-01   1.0881500956270529e-01  -2.0590851905555174e-01  -4.8749912953308022e-01  -6.9496875920937651e-01  -8.2654886956314710e-01  -9.0121095970335841e-01  -9.3929435202474898e-01  -9.5511202083722124e-01  -9.5670101938654462e-01  -9.4724700923614691e-01  -9.2604359668034719e-01  -8.8860219585671651e-01  -8.2634123394764880e-01  -7.2709151090495339e-01  -5.7880520765077781e-01  -3.7834703561005306e-01  -1.4131782729715675e-01   9.9026501442349035e-02   3.0835236838742031e-01   4.6791027803081359e-01   5.7655906314439265e-01   6.4263376820420093e-01   6.7616659645355459e-01   6.8519688308661220e-01   6.7494557365790009e-01   6.4811325743929782e-01   6.0537363901187224e-01   5.4580168444741739e-01   4.6728607122753513e-01   3.6715621431506795e-01   2.4331148449533940e-01   9.6024111848198201e-02  -6.9972485888460001e-02  -2.4440016383370555e-01  -4.1301114185590843e-01  -5.6195180535175271e-01  -6.8241614127677352e-01  -7.7251999413700345e-01  -8.3583823590184769e-01  -8.7848738423051453e-01  -9.0670376510175121e-01  -9.2559378256961256e-01  -9.3881339672520758e-01  -9.4871875657375426e-01  -9.5666561683269191e-01  -9.6329644791984592e-01  -9.6875403370450930e-01  -9.7280177818014812e-01  -9.7483865369883804e-01  -9.7379078251490814e-01  -9.6784486405997172e-01  -9.5396684169041190e-01  -9.2713519072564177e-01
  -9.2312050011442537e-01  -8.6636202903508175e-01  -7.6752954288512876e-01  -6.0821218686112255e-01  -3.7720365434751085e-01  -8.8166447931319558e-02   2.1302153445242789e-01   4.7212839780989241e-01   6.6076971295609255e-01   7.8249842769585265e-01   8.5568753684169607e-01   8.9854565387564278e-01   9.2393553080366586e-01   9.3967094560250608e-01   9.5014887273849769e-01   9.5775057680050657e-01   9.6374132733226570e-01   9.6879237838823840e-01   9.7326113357698385e-01   9.7734338794520048e-01   9.8114800154431536e-01   9.8473906727090377e-01   9.8815178561767025e-01   9.9140381638746256e-01   9.9449201990804625e-01   9.9739077590887015e-01   1.0000327691190170e+00   1.0022843213767085e+00   1.0038852087244650e+00   1.0043500068318301e+00   1.0027636391362242e+00   9.9741781220490067e-01   9.8512621902354980e-01   9.6005301329010651e-01   9.1189239165174785e-01   8.2393697264550991e-01   6.7364543464479110e-01   4.4215146036588315e-01   1.3668516842865056e-01  -1.9309867284468937e-01  -4.7990032155579548e-01  -6.8597802097931249e-01  -8.1478493178412414e-01  -8.8869887036313666e-01  -9.2938569169439744e-01  -9.5161441875487007e-01  -9.6403752965136813e-01  -9.7135629915282062e-01  -9.7602362456964586e-01  -9.7927584736522078e-01  -9.8170043141988228e-01  -9.8352366911434652e-01  -9.8474728871894390e-01  -9.8519305328821738e-01  -9.8448987820293032e-01  -9.8200405571255334e-01  -9.7670659052244591e-01  -9.6694395462751426e-01  -9.5007956396732984e-01  -9.2196317025694952e-01  -8.7625901062297973e-01  -8.0387687176447797e-01  -6.9329701680242772e-01  -5.3337945137098186e-01  -3.2026098071147580e-01  -6.6414119397062377e-02   1.9691370772863470e-01   4.3185731407760802e-01   6.1238174656785493e-01   7.3146887074803346e-01   7.9388132709757275e-01   8.0488303179288678e-01   7.6252326114201430e-01   6.5543751996451705e-01   4.6876443820568653e-01   2.0204754843478290e-01  -1.1023011074346262e-01  -4.0606679040849647e-01  -6.3608806541280782e-01  -7.8878764124792933e-01  -8.7904752750568216e-01  -9.2747659335266097e-01  -9.5008273321050152e-01  -9.5662923224822394e-01  -9.5185988218031281e-01  -9.3675244603705088e-01  -9.0908913573800287e-01  -8.6355231490463003e-01  -7.9205038928766025e-01  -6.8557983418487711e-01  -5.3892071059507396e-01  -3.5719778414613196e-01  -1.5887767960897142e-01   3.0285082196997548e-02   1.8882754329683610e-01   3.0663432542951613e-01   3.8371830218940051e-01   4.2518567374345440e-01   4.3707352532779553e-01   4.2432206096774094e-01   3.9023843511683265e-01   3.3665740216634044e-01   2.6437591625600010e-01   1.7376245741976190e-01   6.5573887364417327e-02  -5.8021284526180994e-02  -1.9246680404560823e-01  -3.3046068628187425e-01  -4.6285709853061907e-01  -5.8083510175115460e-01  -6.7833562358630828e-01  -7.5337674905214569e-01  -8.0769075796023659e-01  -8.4525980405802126e-01  -8.7074324591076491e-01  -8.8838619951561171e-01  -9.0150841009048854e-01  -9.1239347574990259e-01  -9.2240103561715880e-01  -9.3215937040847496e-01  -9.4177944594054819e-01  -9.5103296668455750e-01  -9.5947858500779093e-01  -9.6649583259071181e-01  -9.7122045465846774e-01  -9.7232860840583990e-01  -9.6763202974970486e-01  -9.5337035312533169e-01
  -9.4435836576731402e-01  -9.0325183907867324e-01  -8.2501736217397947e-01  -6.8983025200422055e-01  -4.8015261099839035e-01  -1.9907196873506916e-01   1.1363639538638748e-01   3.9734171943476143e-01   6.1134652601746087e-01   7.5206856487323570e-01   8.3727842662933094e-01   8.8718254960050991e-01   9.1662938331341970e-01   9.3475159439967781e-01   9.4669762211446518e-01   9.5525563317468398e-01   9.6190539383973417e-01   9.6743481715218649e-01   9.7226488946315071e-01   9.7662970741242106e-01   9.8066087817097358e-01   9.8443919092353327e-01   9.8801219628384374e-01   9.9140986032943967e-01   9.9464237753580831e-01   9.9770178477800386e-01   1.0005463715819185e+00   1.0030835176286947e+00   1.0051196775306712e+00   1.0062794878621413e+00   1.0058353697622215e+00   1.0023971312556810e+00   9.9330813079434721e-01   9.7357542662481067e-01   9.3409412140678105e-01   8.5939635600891562e-01   7.2687645442871984e-01   5.1356057732181459e-01   2.1738148450914460e-01  -1.1953303591097400e-01  -4.2585109107577024e-01  -6.5261721313306276e-01  -7.9644215949086039e-01  -8.7919366324248394e-01  -9.2447258151018996e-01  -9.4887108013244903e-01  -9.6219393791270491e-01  -9.6975346709670307e-01  -9.7430076996435910e-01  -9.7719061080493108e-01  -9.7903584021091439e-01  -9.8001853335043876e-01  -9.8004388914751495e-01  -9.7876570943362773e-01  -9.7555707380162615e-01  -9.6938875468259134e-01  -9.5863952747966596e-01  -9.4077402080806527e-01  -9.1190226327427348e-01  -8.6621780847045371e-01  -7.9556600169747671e-01  -6.8973070835338812e-01  -5.3871404640080922e-01  -3.3824710427399429e-01  -9.7399196718424286e-02   1.5816913390526954e-01   3.9449761721775023e-01   5.8517670235413810e-01   7.2057454043037794e-01   8.0446329971839015e-01   8.4484318474940556e-01   8.4639158059657538e-01   8.0624016492048178e-01   7.1272985972882674e-01   5.4910344489736018e-01   3.0695640475428515e-01   6.7998835256596335e-03  -2.9796895199883933e-01  -5.5196364823486466e-01  -7.3120383785838072e-01  -8.4295120601240225e-01  -9.0640489824065829e-01  -9.3903418342427158e-01  -9.5258931924255563e-01  -9.5362970896001009e-01  -9.4487252576996128e-01  -9.2613715124995744e-01  -8.9481803843979446e-01  -8.4628305671852977e-01  -7.7487091804295805e-01  -6.7621619768406882e-01  -5.5082933663546663e-01  -4.0699403360423758e-01  -2.5990186740867921e-01  -1.2642911003662938e-01  -1.9232117062685322e-02   5.5780278264618677e-02   9.8301913869744795e-02   1.1108753721634934e-01   9.7889505383492281e-02   6.2371772133786862e-02   7.7935603179686841e-03  -6.2877301333135988e-02  -1.4662576208097086e-01  -2.3997928157004170e-01  -3.3866384751634387e-01  -4.3754933360524523e-01  -5.3106284173004759e-01  -6.1408201320247846e-01  -6.8297649854720099e-01  -7.3631687670940060e-01  -7.7491101929841133e-01  -8.0124994840126207e-01  -8.1868307769281912e-01  -8.3066182800758437e-01  -8.4019567898235525e-01  -8.4955186617079770e-01  -8.6013999287172083e-01  -8.7255015085872767e-01  -8.8668941280119662e-01  -9.0199196257736236e-01  -9.1763494110841548e-01  -9.3272315841507369e-01  -9.4637505680019940e-01  -9.5769302829173009e-01  -9.6557138166375223e-01  -9.6832049306064760e-01  -9.6300092173322738e-01
  -9.4442500232588289e-01  -9.1240547341701261e-01  -8.4558284074472989e-01  -7.2423211316908809e-01  -5.2852593813571191e-01  -2.5608830732481325e-01   5.8363735867921096e-02   3.5289353831685150e-01   5.8031117376143315e-01   7.3203292220660621e-01   8.2463051551987854e-01   8.7907783710218390e-01   9.1126194651949610e-01   9.3106788649165650e-01   9.4409437208531521e-01   9.5338101589373925e-01   9.6054516308168336e-01   9.6645156604951665e-01   9.7156531329818374e-01   9.7614711440036861e-01   9.8034598628657132e-01   9.8425435248751392e-01   9.8792894451628976e-01   9.9140715341587615e-01   9.9470750208965997e-01   9.9783187185065003e-01   1.0007539246248158e+00   1.0034031173195830e+00   1.0056244510216048e+00   1.0071068098294893e+00   1.0072340612337749e+00   1.0048035621556748e+00   9.9748221961804528e-01   9.8080542319064890e-01   9.4646320867853018e-01   8.7992511782304461e-01   7.5894247521235714e-01   5.5850409363457920e-01   2.7060957177327927e-01  -6.8864361162471854e-02  -3.8744857917346787e-01  -6.2855061617485086e-01  -7.8317814059380075e-01  -8.7232673170528874e-01  -9.2085642472326334e-01  -9.4667978314058854e-01  -9.6044899084401480e-01  -9.6791745440064192e-01  -9.7203197262958296e-01  -9.7419713132669872e-01  -9.7498764545421779e-01  -9.7447274369163639e-01  -9.7237000068204327e-01  -9.6804455144908808e-01  -9.6044358074384961e-01  -9.4791301422348051e-01  -9.2793920326704082e-01  -8.9675766465197526e-01  -8.4892953701763962e-01  -7.7703982738178157e-01  -6.7209492935145088e-01  -5.2553801056056682e-01  -3.3383525047822865e-01  -1.0461803981725781e-01   1.4040079390175614e-01   3.7149844990121839e-01   5.6383055371939306e-01   7.0655302926893615e-01   8.0183274940889282e-01   8.5788310568237391e-01   8.8237827590909612e-01   8.7852971108787825e-01   8.4298441791766854e-01   7.6487850885883057e-01   6.2753431480697186e-01   4.1721348643252937e-01   1.4066230007613834e-01  -1.6267927001682259e-01  -4.3737070532064815e-01  -6.4673429237600666e-01  -7.8631381079519724e-01  -8.7077830484707908e-01  -9.1795469765027871e-01  -9.4155276340053995e-01  -9.5017670931029286e-01  -9.4838563397192543e-01  -9.3785071738276971e-01  -9.1812547121099664e-01  -8.8720509695197891e-01  -8.4220591976140158e-01  -7.8056316423170957e-01  -7.0180658138605434e-01  -6.0931947707136036e-01  -5.1079131088400198e-01  -4.1654069064280691e-01  -3.3644617545530542e-01  -2.7738895107345868e-01  -2.4239456852898367e-01  -2.3125118882271678e-01  -2.4165575065056422e-01  -2.7022196310791313e-01  -3.1310971318296643e-01  -3.6634807206636222e-01  -4.2595607386880241e-01  -4.8799501187815286e-01  -5.4863109424723455e-01  -6.0430510664594728e-01  -6.5202111915554606e-01  -6.8971731252755064e-01  -7.1656977841604752e-01  -7.3311174990171946e-01  -7.4109776320481213e-01  -7.4317024832969236e-01  -7.4240799272832347e-01  -7.4186556746431431e-01  -7.4415479969432585e-01  -7.5112758249544553e-01  -7.6367955054124959e-01  -7.8171649060719073e-01  -8.0427761560571942e-01  -8.2980492052931265e-01  -8.5647942073091743e-01  -8.8254137920013276e-01  -9.0648787399352093e-01  -9.2709785946794177e-01  -9.4324401486779208e-01  -9.5348699249206881e-01  -9.5538652827869974e-01
  -9.1924510054208619e-01  -8.9132852212554570e-01  -8.2798438266128815e-01  -7.1033467122518967e-01  -5.1936096253323460e-01  -2.5272958349882602e-01   5.6212250476671166e-02   3.4731445449905923e-01   5.7378460521697983e-01   7.2610222902342791e-01   8.1982283860314276e-01   8.7537929329057018e-01   9.0848528834715281e-01   9.2901107889092116e-01   9.4258925761472723e-01   9.5229697811939773e-01   9.5978397917400837e-01   9.6593776453606583e-01   9.7124125489204416e-01   9.7596657556593602e-01   9.8027213225439169e-01   9.8425592613976165e-01   9.8798051821195521e-01   9.9148667397963974e-01   9.9479819226218380e-01   9.9792096332867575e-01   1.0008367666960425e+00   1.0034858874369434e+00   1.0057337398381687e+00   1.0072999378931597e+00   1.0076252379984654e+00   1.0056030144064183e+00   9.9906601382116100e-01   9.8382035422448322e-01   9.5197588449097337e-01   8.8952289914736238e-01   7.7450488707361798e-01   5.8103949379441899e-01   2.9811314593450539e-01  -4.2028757530609917e-02  -3.6682139859207724e-01  -6.1561319749519361e-01  -7.7609816166763879e-01  -8.6862883702455684e-01  -9.1872474964728901e-01  -9.4503050481577933e-01  -9.5865711082867522e-01  -9.6557249824963642e-01  -9.6877747130462177e-01  -9.6962347778730595e-01  -9.6854660027510953e-01  -9.6538925157765110e-01  -9.5953373240885442e-01  -9.4986504528526350e-01  -9.3465554625021519e-01  -9.1132643058170126e-01  -8.7615580862335718e-01  -8.2395462979797396e-01  -7.4796499418889983e-01  -6.4040021476765552e-01  -4.9440775466645209e-01  -3.0794237338501473e-01  -8.8566287282055123e-02   1.4461712359223675e-01   3.6592564928646676e-01   5.5336813241563687e-01   6.9639781476156293e-01   7.9600096661058739e-01   8.5952128659967320e-01   8.9524758952925299e-01   9.0904990888677162e-01   9.0272016596853932e-01   8.7292489809911922e-01   8.1033945249675299e-01   6.9996506831480820e-01   5.2588070348990024e-01   2.8387241249791484e-01  -3.4805767702726365e-03  -2.8893616666979138e-01  -5.2746216270806379e-01  -7.0012690579145254e-01  -8.1258119881464819e-01  -8.8042725823596157e-01  -9.1857782961967593e-01  -9.3771042073207100e-01  -9.4436909746463549e-01  -9.4202054881875352e-01  -9.3200039054724737e-01  -9.1422686823244681e-01  -8.8780845718719215e-01  -8.5177132669139100e-01  -8.0595989146218572e-01  -7.5195008665938246e-01  -6.9349107888733330e-01  -6.3606808932766623e-01  -5.8561412957406744e-01  -5.4701468390394858e-01  -5.2309862111493777e-01  -5.1442111472919771e-01  -5.1963109551716113e-01  -5.3609239725975222e-01  -5.6047675081011716e-01  -5.8923274964613181e-01  -6.1889847949151711e-01  -6.4631091551497422e-01  -6.6874906176767002e-01  -6.8407721536440058e-01  -6.9089837267437504e-01  -6.8872249713004385e-01  -6.7809201830265387e-01  -6.6061942152967390e-01  -6.3887452660960775e-01  -6.1612469058759789e-01  -5.9594551936094198e-01  -5.8177329619739360e-01  -5.7645521692750357e-01  -5.8187024489678985e-01  -5.9866016421993673e-01  -6.2612517923892863e-01  -6.6231574880837663e-01  -7.0434747335572467e-01  -7.4888829351096320e-01  -7.9270533401931065e-01  -8.3309208373418109e-01  -8.6803576175708441e-01  -8.9605339904697590e-01  -9.1570912410488314e-01  -9.2481229881310179e-01
  -8.5785886174575487e-01  -8.3027898143837131e-01  -7.6383801641361881e-01  -6.4144767678020032e-01  -4.4792180682270410e-01  -1.8596100130959903e-01   1.0925356333880293e-01   3.8226390587499620e-01   5.9310850811457649e-01   7.3527024269570351e-01   8.2354185708136796e-01   8.7654991422718498e-01   9.0861281415164874e-01   9.2879790941796969e-01   9.4233692158479554e-01   9.5211865198169665e-01   9.5971073022820619e-01   9.6596525165059710e-01   9.7135273020001223e-01   9.7614053349006435e-01   9.8048756690723649e-01   9.8449200753103150e-01   9.8821810208289951e-01   9.9170695804776932e-01   9.9498381336439812e-01   9.9805530767851935e-01   1.0009057190200157e+00   1.0034774619673896e+00   1.0056414616853775e+00   1.0071262242101544e+00   1.0073878274562436e+00   1.0053418792111826e+00   9.9885917311009453e-01   9.8380266253075233e-01   9.5236124424737523e-01   8.9061037907612650e-01   7.7661673722879354e-01   5.8429206189577865e-01   3.0205872192095973e-01  -3.8414279876381630e-02  -3.6438925699237884e-01  -6.1439801334341504e-01  -7.7557671868220868e-01  -8.6823441830192272e-01  -9.1804128491031245e-01  -9.4375757803831606e-01  -9.5652122931794625e-01  -9.6224631508296254e-01  -9.6380690290483462e-01  -9.6235174558406189e-01  -9.5802266208329767e-01  -9.5025122731694545e-01  -9.3785762694001984e-01  -9.1897479088808698e-01  -8.9090121728769822e-01  -8.4987591439413257e-01  -7.9092456607682537e-01  -7.0794508790103905e-01  -5.9448449474304343e-01  -4.4567703394395941e-01  -2.6154167384948590e-01  -5.0430323700987545e-02   1.7025087449264809e-01   3.7858414756653858e-01   5.5615139886894183e-01   6.9393209780311227e-01   7.9248783251097776e-01   8.5812019332023259e-01   8.9859364777007744e-01   9.2039223851615526e-01   9.2743730234531219e-01   9.2050445305607087e-01   8.9664410200346423e-01   8.4840366244588805e-01   7.6341102153832718e-01   6.2634932664769838e-01   4.2651171320710746e-01   1.7085629734947494e-01  -1.0855495640247403e-01  -3.6739567415130026e-01  -5.7399351093650863e-01  -7.2073294317034231e-01  -8.1665116207787580e-01  -8.7567720844368235e-01  -9.0993986339085930e-01  -9.2796278346728966e-01  -9.3505528703240270e-01  -9.3418975283850680e-01  -9.2679670874122810e-01  -9.1339250976696273e-01  -8.9413779051052300e-01  -8.6937064368652106e-01  -8.4008921093035205e-01  -8.0821496361109491e-01  -7.7648646389913334e-01  -7.4794309173645956e-01  -7.2521067733422606e-01  -7.0987938833913855e-01  -7.0221246106165514e-01  -7.0120171504244955e-01  -7.0486859926524681e-01  -7.1064312079818392e-01  -7.1572304461193237e-01  -7.1735332289976661e-01  -7.1304680439552537e-01  -7.0077003421878392e-01  -6.7914649357218426e-01  -6.4767770762194654e-01  -6.0696111998697411e-01  -5.5881485086043448e-01  -5.0623811163389421e-01  -4.5315697145979944e-01  -4.0400003903924420e-01  -3.6318971959716617e-01  -3.3466893643338458e-01  -3.2151889132980999e-01  -3.2567908623530240e-01  -3.4772545040923514e-01  -3.8670240000002942e-01  -4.4005220051079325e-01  -5.0376439483852209e-01  -5.7283484450922628e-01  -6.4200599724067176e-01  -7.0655992760949449e-01  -7.6285568760378375e-01  -8.0836734269766697e-01  -8.4118022092218059e-01  -8.5901428392223389e-01
